solid OpenSCAD_Model
  facet normal 0 0 -1
    outer loop
      vertex -9.182342886155654 -6.67136261351957 7.8
      vertex -9.297764858882514 -3.6812455268467787 7.8
      vertex -8.273793921233022 -7.769609652290614 7.8
    endloop
  endfacet
  facet normal 0 0 -1
    outer loop
      vertex -6.0816341230116135 -9.58312195444787 7.8
      vertex -7.234762283647627 -8.74532530550521 7.8
      vertex -6.374239897486897 -7.705132427757894 7.8
    endloop
  endfacet
  facet normal 0 0 -1
    outer loop
      vertex -6.0816341230116135 -9.58312195444787 7.8
      vertex -6.374239897486897 -7.705132427757894 7.8
      vertex -5.358267949789967 -8.44327925502015 7.8
    endloop
  endfacet
  facet normal 0 0 -1
    outer loop
      vertex -8.273793921233022 -7.769609652290614 7.8
      vertex -8.090169943749475 -5.877852522924732 7.8
      vertex -7.234762283647627 -8.74532530550521 7.8
    endloop
  endfacet
  facet normal 0 0 -1
    outer loop
      vertex -7.234762283647627 -8.74532530550521 7.8
      vertex -8.090169943749475 -5.877852522924732 7.8
      vertex -7.289686274214117 -6.845471059286885 7.8
    endloop
  endfacet
  facet normal 0 0 -1
    outer loop
      vertex -8.273793921233022 -7.769609652290614 7.8
      vertex -8.763066800438635 -4.817536741017154 7.8
      vertex -8.090169943749475 -5.877852522924732 7.8
    endloop
  endfacet
  facet normal 0 0 -1
    outer loop
      vertex -7.234762283647627 -8.74532530550521 7.8
      vertex -7.289686274214117 -6.845471059286885 7.8
      vertex -6.374239897486897 -7.705132427757894 7.8
    endloop
  endfacet
  facet normal 0 0 -1
    outer loop
      vertex -9.182342886155654 -6.67136261351957 7.8
      vertex -9.94608081849785 -5.467904201054469 7.8
      vertex -9.68583161128631 -2.4868988716485485 7.8
    endloop
  endfacet
  facet normal 0 0 -1
    outer loop
      vertex -9.182342886155654 -6.67136261351957 7.8
      vertex -9.68583161128631 -2.4868988716485485 7.8
      vertex -9.297764858882514 -3.6812455268467787 7.8
    endloop
  endfacet
  facet normal 0 0 -1
    outer loop
      vertex -9.297764858882514 -3.6812455268467787 7.8
      vertex -8.763066800438635 -4.817536741017154 7.8
      vertex -8.273793921233022 -7.769609652290614 7.8
    endloop
  endfacet
  facet normal 0 0 -1
    outer loop
      vertex -9.94608081849785 -5.467904201054469 7.8
      vertex -9.921147013144779 -1.2533323356430406 7.8
      vertex -9.68583161128631 -2.4868988716485485 7.8
    endloop
  endfacet
  facet normal 0 0 -1
    outer loop
      vertex -9.94608081849785 -5.467904201054469 7.8
      vertex -10.552963114831654 -4.1782136729710935 7.8
      vertex -10.993418878809962 2.8226302193211024 7.8
    endloop
  endfacet
  facet normal 0 0 -1
    outer loop
      vertex -9.94608081849785 -5.467904201054469 7.8
      vertex -10 0 7.8
      vertex -9.921147013144779 -1.2533323356430406 7.8
    endloop
  endfacet
  facet normal 0 0 -1
    outer loop
      vertex -10.993418878809962 -2.8226302193211024 7.8
      vertex -11.260501859919323 -1.4225322009548511 7.8
      vertex -11.260501859919323 1.4225322009548511 7.8
    endloop
  endfacet
  facet normal 0 0 -1
    outer loop
      vertex -10.552963114831654 -4.1782136729710935 7.8
      vertex -10.993418878809962 -2.8226302193211024 7.8
      vertex -10.993418878809962 2.8226302193211024 7.8
    endloop
  endfacet
  facet normal 0 0 -1
    outer loop
      vertex -9.94608081849785 -5.467904201054469 7.8
      vertex -10.993418878809962 2.8226302193211024 7.8
      vertex -10 0 7.8
    endloop
  endfacet
  facet normal 0 0 -1
    outer loop
      vertex -6.0816341230116135 -9.58312195444787 7.8
      vertex -5.358267949789967 -8.44327925502015 7.8
      vertex -4.832594959263572 -10.269787045489322 7.8
    endloop
  endfacet
  facet normal 0 0 -1
    outer loop
      vertex -4.832594959263572 -10.269787045489322 7.8
      vertex -5.358267949789967 -8.44327925502015 7.8
      vertex -4.257792915650724 -9.048270524660197 7.8
    endloop
  endfacet
  facet normal 0 0 -1
    outer loop
      vertex -4.832594959263572 -10.269787045489322 7.8
      vertex -4.257792915650724 -9.048270524660197 7.8
      vertex -3.507342886155653 -10.794491459949992 7.8
    endloop
  endfacet
  facet normal 0 0 -1
    outer loop
      vertex -3.507342886155653 -10.794491459949992 7.8
      vertex -3.090169943749474 -9.510565162951535 7.8
      vertex -2.1267779205479767 -11.148960295770616 7.8
    endloop
  endfacet
  facet normal 0 0 -1
    outer loop
      vertex -3.507342886155653 -10.794491459949992 7.8
      vertex -4.257792915650724 -9.048270524660197 7.8
      vertex -3.090169943749474 -9.510565162951535 7.8
    endloop
  endfacet
  facet normal 0 0 -1
    outer loop
      vertex -3.090169943749474 -9.510565162951535 7.8
      vertex -1.8738131458572482 -9.822872507286887 7.8
      vertex -2.1267779205479767 -11.148960295770616 7.8
    endloop
  endfacet
  facet normal 0 0 -1
    outer loop
      vertex -2.1267779205479767 -11.148960295770616 7.8
      vertex -1.8738131458572482 -9.822872507286887 7.8
      vertex -0.7126723966577111 -11.327603367660881 7.8
    endloop
  endfacet
  facet normal 0 0 -1
    outer loop
      vertex -1.8738131458572482 -9.822872507286887 7.8
      vertex -0.6279051952931376 -9.980267284282716 7.8
      vertex -0.7126723966577111 -11.327603367660881 7.8
    endloop
  endfacet
  facet normal 0 0 -1
    outer loop
      vertex -0.7126723966577111 -11.327603367660881 7.8
      vertex -0.6279051952931376 -9.980267284282716 7.8
      vertex 0.7126723966577112 -11.327603367660881 7.8
    endloop
  endfacet
  facet normal 0 0 -1
    outer loop
      vertex -11.260501859919323 -1.4225322009548511 7.8
      vertex -11.35 0 7.8
      vertex -11.260501859919323 1.4225322009548511 7.8
    endloop
  endfacet
  facet normal 0 0 -1
    outer loop
      vertex -10.993418878809962 -2.8226302193211024 7.8
      vertex -11.260501859919323 1.4225322009548511 7.8
      vertex -10.993418878809962 2.8226302193211024 7.8
    endloop
  endfacet
  facet normal 0 0 -1
    outer loop
      vertex -10 0 7.8
      vertex -10.993418878809962 2.8226302193211024 7.8
      vertex -9.921147013144779 1.2533323356430406 7.8
    endloop
  endfacet
  facet normal 0 0 -1
    outer loop
      vertex -9.921147013144779 1.2533323356430406 7.8
      vertex -10.993418878809962 2.8226302193211024 7.8
      vertex -10.552963114831654 4.1782136729710935 7.8
    endloop
  endfacet
  facet normal 0 0 -1
    outer loop
      vertex -9.921147013144779 1.2533323356430406 7.8
      vertex -10.552963114831654 4.1782136729710935 7.8
      vertex -9.68583161128631 2.4868988716485485 7.8
    endloop
  endfacet
  facet normal 0 0 -1
    outer loop
      vertex -10.552963114831654 4.1782136729710935 7.8
      vertex -9.94608081849785 5.467904201054469 7.8
      vertex -9.68583161128631 2.4868988716485485 7.8
    endloop
  endfacet
  facet normal 0 0 -1
    outer loop
      vertex -9.68583161128631 2.4868988716485485 7.8
      vertex -9.94608081849785 5.467904201054469 7.8
      vertex -9.297764858882514 3.6812455268467787 7.8
    endloop
  endfacet
  facet normal 0 0 -1
    outer loop
      vertex -9.297764858882514 3.6812455268467787 7.8
      vertex -9.94608081849785 5.467904201054469 7.8
      vertex -8.763066800438635 4.817536741017154 7.8
    endloop
  endfacet
  facet normal 0 0 -1
    outer loop
      vertex -9.94608081849785 5.467904201054469 7.8
      vertex -8.090169943749475 5.877852522924732 7.8
      vertex -8.763066800438635 4.817536741017154 7.8
    endloop
  endfacet
  facet normal 0 0 -1
    outer loop
      vertex -9.94608081849785 5.467904201054469 7.8
      vertex -9.182342886155654 6.67136261351957 7.8
      vertex -8.090169943749475 5.877852522924732 7.8
    endloop
  endfacet
  facet normal 0 0 -1
    outer loop
      vertex -9.182342886155654 6.67136261351957 7.8
      vertex -7.289686274214117 6.845471059286885 7.8
      vertex -8.090169943749475 5.877852522924732 7.8
    endloop
  endfacet
  facet normal 0 0 -1
    outer loop
      vertex -9.182342886155654 6.67136261351957 7.8
      vertex -8.273793921233022 7.769609652290614 7.8
      vertex -7.289686274214117 6.845471059286885 7.8
    endloop
  endfacet
  facet normal 0 0 -1
    outer loop
      vertex -8.273793921233022 7.769609652290614 7.8
      vertex -6.374239897486897 7.705132427757894 7.8
      vertex -7.289686274214117 6.845471059286885 7.8
    endloop
  endfacet
  facet normal 0 0 -1
    outer loop
      vertex -8.273793921233022 7.769609652290614 7.8
      vertex -7.234762283647627 8.74532530550521 7.8
      vertex -6.374239897486897 7.705132427757894 7.8
    endloop
  endfacet
  facet normal 0 0 -1
    outer loop
      vertex -7.234762283647627 8.74532530550521 7.8
      vertex -5.358267949789967 8.44327925502015 7.8
      vertex -6.374239897486897 7.705132427757894 7.8
    endloop
  endfacet
  facet normal 0 0 -1
    outer loop
      vertex -7.234762283647627 8.74532530550521 7.8
      vertex -6.0816341230116135 9.58312195444787 7.8
      vertex -5.358267949789967 8.44327925502015 7.8
    endloop
  endfacet
  facet normal 0 0 -1
    outer loop
      vertex -5.358267949789967 8.44327925502015 7.8
      vertex -6.0816341230116135 9.58312195444787 7.8
      vertex -4.257792915650727 9.048270524660195 7.8
    endloop
  endfacet
  facet normal 0 0 -1
    outer loop
      vertex -4.257792915650727 9.048270524660195 7.8
      vertex -6.0816341230116135 9.58312195444787 7.8
      vertex -4.8325949592635755 10.26978704548932 7.8
    endloop
  endfacet
  facet normal 0 0 -1
    outer loop
      vertex -4.257792915650727 9.048270524660195 7.8
      vertex -4.8325949592635755 10.26978704548932 7.8
      vertex -3.090169943749474 9.510565162951535 7.8
    endloop
  endfacet
  facet normal 0 0 -1
    outer loop
      vertex -4.8325949592635755 10.26978704548932 7.8
      vertex -3.507342886155653 10.794491459949992 7.8
      vertex -3.090169943749474 9.510565162951535 7.8
    endloop
  endfacet
  facet normal 0 0 -1
    outer loop
      vertex -3.507342886155653 10.794491459949992 7.8
      vertex -1.8738131458572458 9.822872507286887 7.8
      vertex -3.090169943749474 9.510565162951535 7.8
    endloop
  endfacet
  facet normal 0 0 -1
    outer loop
      vertex -3.507342886155653 10.794491459949992 7.8
      vertex -2.126777920547974 11.148960295770616 7.8
      vertex -1.8738131458572458 9.822872507286887 7.8
    endloop
  endfacet
  facet normal 0 0 -1
    outer loop
      vertex -1.8738131458572458 9.822872507286887 7.8
      vertex -2.126777920547974 11.148960295770616 7.8
      vertex -0.6279051952931319 9.980267284282716 7.8
    endloop
  endfacet
  facet normal 0 0 -1
    outer loop
      vertex -2.126777920547974 11.148960295770616 7.8
      vertex -0.7126723966577054 11.327603367660881 7.8
      vertex -0.6279051952931319 9.980267284282716 7.8
    endloop
  endfacet
  facet normal 0 0 -1
    outer loop
      vertex -0.6279051952931319 9.980267284282716 7.8
      vertex -0.7126723966577054 11.327603367660881 7.8
      vertex 0.6279051952931327 9.980267284282716 7.8
    endloop
  endfacet
  facet normal 0 0 -1
    outer loop
      vertex -0.6279051952931376 -9.980267284282716 7.8
      vertex 0.6279051952931376 -9.980267284282716 7.8
      vertex 0.7126723966577112 -11.327603367660881 7.8
    endloop
  endfacet
  facet normal 0 0 -1
    outer loop
      vertex 0.7126723966577112 -11.327603367660881 7.8
      vertex 0.6279051952931376 -9.980267284282716 7.8
      vertex 2.1267779205479767 -11.148960295770616 7.8
    endloop
  endfacet
  facet normal 0 0 -1
    outer loop
      vertex 0.6279051952931376 -9.980267284282716 7.8
      vertex 1.8738131458572482 -9.822872507286887 7.8
      vertex 2.1267779205479767 -11.148960295770616 7.8
    endloop
  endfacet
  facet normal 0 0 -1
    outer loop
      vertex 2.1267779205479767 -11.148960295770616 7.8
      vertex 1.8738131458572482 -9.822872507286887 7.8
      vertex 3.507342886155653 -10.794491459949992 7.8
    endloop
  endfacet
  facet normal 0 0 -1
    outer loop
      vertex 1.8738131458572482 -9.822872507286887 7.8
      vertex 3.090169943749474 -9.510565162951535 7.8
      vertex 3.507342886155653 -10.794491459949992 7.8
    endloop
  endfacet
  facet normal 0 0 -1
    outer loop
      vertex 3.090169943749474 -9.510565162951535 7.8
      vertex 4.832594959263572 -10.269787045489322 7.8
      vertex 3.507342886155653 -10.794491459949992 7.8
    endloop
  endfacet
  facet normal 0 0 -1
    outer loop
      vertex 3.090169943749474 -9.510565162951535 7.8
      vertex 4.257792915650724 -9.048270524660197 7.8
      vertex 4.832594959263572 -10.269787045489322 7.8
    endloop
  endfacet
  facet normal 0 0 -1
    outer loop
      vertex 4.832594959263572 -10.269787045489322 7.8
      vertex 4.257792915650724 -9.048270524660197 7.8
      vertex 6.081634123011606 -9.583121954447874 7.8
    endloop
  endfacet
  facet normal 0 0 -1
    outer loop
      vertex 6.081634123011606 -9.583121954447874 7.8
      vertex 4.257792915650724 -9.048270524660197 7.8
      vertex 5.358267949789962 -8.443279255020153 7.8
    endloop
  endfacet
  facet normal 0 0 -1
    outer loop
      vertex 6.081634123011606 -9.583121954447874 7.8
      vertex 5.358267949789962 -8.443279255020153 7.8
      vertex 7.234762283647631 -8.745325305505204 7.8
    endloop
  endfacet
  facet normal 0 0 -1
    outer loop
      vertex 5.358267949789962 -8.443279255020153 7.8
      vertex 6.3742398974869 -7.70513242775789 7.8
      vertex 7.234762283647631 -8.745325305505204 7.8
    endloop
  endfacet
  facet normal 0 0 -1
    outer loop
      vertex 6.3742398974869 -7.70513242775789 7.8
      vertex 8.273793921233022 -7.769609652290614 7.8
      vertex 7.234762283647631 -8.745325305505204 7.8
    endloop
  endfacet
  facet normal 0 0 -1
    outer loop
      vertex 6.3742398974869 -7.70513242775789 7.8
      vertex 7.289686274214117 -6.845471059286885 7.8
      vertex 8.273793921233022 -7.769609652290614 7.8
    endloop
  endfacet
  facet normal 0 0 -1
    outer loop
      vertex 7.289686274214117 -6.845471059286885 7.8
      vertex 9.182342886155654 -6.67136261351957 7.8
      vertex 8.273793921233022 -7.769609652290614 7.8
    endloop
  endfacet
  facet normal 0 0 -1
    outer loop
      vertex 7.289686274214117 -6.845471059286885 7.8
      vertex 8.090169943749475 -5.877852522924732 7.8
      vertex 9.182342886155654 -6.67136261351957 7.8
    endloop
  endfacet
  facet normal 0 0 -1
    outer loop
      vertex 8.090169943749475 -5.877852522924732 7.8
      vertex 9.94608081849785 -5.467904201054469 7.8
      vertex 9.182342886155654 -6.67136261351957 7.8
    endloop
  endfacet
  facet normal 0 0 -1
    outer loop
      vertex 8.090169943749475 -5.877852522924732 7.8
      vertex 8.763066800438635 -4.817536741017154 7.8
      vertex 9.94608081849785 -5.467904201054469 7.8
    endloop
  endfacet
  facet normal 0 0 -1
    outer loop
      vertex 8.763066800438635 -4.817536741017154 7.8
      vertex 9.297764858882513 -3.6812455268467836 7.8
      vertex 9.94608081849785 -5.467904201054469 7.8
    endloop
  endfacet
  facet normal 0 0 -1
    outer loop
      vertex 9.94608081849785 -5.467904201054469 7.8
      vertex 9.297764858882513 -3.6812455268467836 7.8
      vertex 9.685831611286313 -2.4868988716485445 7.8
    endloop
  endfacet
  facet normal 0 0 -1
    outer loop
      vertex 9.94608081849785 -5.467904201054469 7.8
      vertex 9.685831611286313 -2.4868988716485445 7.8
      vertex 10.552963114831652 -4.1782136729711 7.8
    endloop
  endfacet
  facet normal 0 0 -1
    outer loop
      vertex 9.685831611286313 -2.4868988716485445 7.8
      vertex 9.921147013144779 -1.2533323356430406 7.8
      vertex 10.552963114831652 -4.1782136729711 7.8
    endloop
  endfacet
  facet normal 0 0 -1
    outer loop
      vertex 10.552963114831652 -4.1782136729711 7.8
      vertex 9.921147013144779 -1.2533323356430406 7.8
      vertex 10.993418878809964 -2.822630219321098 7.8
    endloop
  endfacet
  facet normal 0 0 -1
    outer loop
      vertex 10.993418878809964 -2.822630219321098 7.8
      vertex 9.921147013144779 -1.2533323356430406 7.8
      vertex 10 0 7.8
    endloop
  endfacet
  facet normal 0 0 -1
    outer loop
      vertex 10.993418878809964 -2.822630219321098 7.8
      vertex 10.993418878809962 2.822630219321102 7.8
      vertex 11.260501859919323 -1.4225322009548511 7.8
    endloop
  endfacet
  facet normal 0 0 -1
    outer loop
      vertex -0.7126723966577054 11.327603367660881 7.8
      vertex 0.7126723966577055 11.327603367660881 7.8
      vertex 0.6279051952931327 9.980267284282716 7.8
    endloop
  endfacet
  facet normal 0 0 -1
    outer loop
      vertex 0.6279051952931327 9.980267284282716 7.8
      vertex 0.7126723966577055 11.327603367660881 7.8
      vertex 1.8738131458572458 9.822872507286887 7.8
    endloop
  endfacet
  facet normal 0 0 -1
    outer loop
      vertex 0.7126723966577055 11.327603367660881 7.8
      vertex 2.1267779205479735 11.148960295770616 7.8
      vertex 1.8738131458572458 9.822872507286887 7.8
    endloop
  endfacet
  facet normal 0 0 -1
    outer loop
      vertex 1.8738131458572458 9.822872507286887 7.8
      vertex 2.1267779205479735 11.148960295770616 7.8
      vertex 3.090169943749474 9.510565162951535 7.8
    endloop
  endfacet
  facet normal 0 0 -1
    outer loop
      vertex 4.257792915650727 9.048270524660195 7.8
      vertex 3.090169943749474 9.510565162951535 7.8
      vertex 3.507342886155653 10.794491459949992 7.8
    endloop
  endfacet
  facet normal 0 0 -1
    outer loop
      vertex 2.1267779205479735 11.148960295770616 7.8
      vertex 3.507342886155653 10.794491459949992 7.8
      vertex 3.090169943749474 9.510565162951535 7.8
    endloop
  endfacet
  facet normal 0 0 -1
    outer loop
      vertex 4.257792915650727 9.048270524660195 7.8
      vertex 3.507342886155653 10.794491459949992 7.8
      vertex 4.8325949592635755 10.26978704548932 7.8
    endloop
  endfacet
  facet normal 0 0 -1
    outer loop
      vertex 4.257792915650727 9.048270524660195 7.8
      vertex 4.8325949592635755 10.26978704548932 7.8
      vertex 5.358267949789966 8.443279255020151 7.8
    endloop
  endfacet
  facet normal 0 0 -1
    outer loop
      vertex 5.358267949789966 8.443279255020151 7.8
      vertex 4.8325949592635755 10.26978704548932 7.8
      vertex 6.081634123011612 9.58312195444787 7.8
    endloop
  endfacet
  facet normal 0 0 -1
    outer loop
      vertex 10.993418878809964 -2.822630219321098 7.8
      vertex 10 0 7.8
      vertex 9.946080818497851 5.467904201054469 7.8
    endloop
  endfacet
  facet normal 0 0 -1
    outer loop
      vertex 11.260501859919323 -1.4225322009548511 7.8
      vertex 11.260501859919323 1.4225322009548533 7.8
      vertex 11.35 0 7.8
    endloop
  endfacet
  facet normal 0 0 -1
    outer loop
      vertex 10.993418878809964 -2.822630219321098 7.8
      vertex 10.552963114831652 4.178213672971095 7.8
      vertex 10.993418878809962 2.822630219321102 7.8
    endloop
  endfacet
  facet normal 0 0 -1
    outer loop
      vertex 11.260501859919323 -1.4225322009548511 7.8
      vertex 10.993418878809962 2.822630219321102 7.8
      vertex 11.260501859919323 1.4225322009548533 7.8
    endloop
  endfacet
  facet normal 0 0 -1
    outer loop
      vertex 10 0 7.8
      vertex 9.921147013144779 1.2533323356430426 7.8
      vertex 9.946080818497851 5.467904201054469 7.8
    endloop
  endfacet
  facet normal 0 0 -1
    outer loop
      vertex 10.993418878809964 -2.822630219321098 7.8
      vertex 9.946080818497851 5.467904201054469 7.8
      vertex 10.552963114831652 4.178213672971095 7.8
    endloop
  endfacet
  facet normal 0 0 -1
    outer loop
      vertex 9.921147013144779 1.2533323356430426 7.8
      vertex 9.68583161128631 2.486898871648548 7.8
      vertex 9.946080818497851 5.467904201054469 7.8
    endloop
  endfacet
  facet normal 0 0 -1
    outer loop
      vertex 8.763066800438637 4.817536741017153 7.8
      vertex 8.27379392123302 7.769609652290617 7.8
      vertex 9.297764858882513 3.6812455268467796 7.8
    endloop
  endfacet
  facet normal 0 0 -1
    outer loop
      vertex 9.68583161128631 2.486898871648548 7.8
      vertex 9.297764858882513 3.6812455268467796 7.8
      vertex 9.182342886155654 6.67136261351957 7.8
    endloop
  endfacet
  facet normal 0 0 -1
    outer loop
      vertex 9.68583161128631 2.486898871648548 7.8
      vertex 9.182342886155654 6.67136261351957 7.8
      vertex 9.946080818497851 5.467904201054469 7.8
    endloop
  endfacet
  facet normal 0 0 -1
    outer loop
      vertex 6.3742398974868975 7.705132427757891 7.8
      vertex 7.234762283647628 8.745325305505206 7.8
      vertex 7.289686274214116 6.845471059286887 7.8
    endloop
  endfacet
  facet normal 0 0 -1
    outer loop
      vertex 8.763066800438637 4.817536741017153 7.8
      vertex 8.090169943749475 5.877852522924732 7.8
      vertex 8.27379392123302 7.769609652290617 7.8
    endloop
  endfacet
  facet normal 0 0 -1
    outer loop
      vertex 8.090169943749475 5.877852522924732 7.8
      vertex 7.289686274214116 6.845471059286887 7.8
      vertex 7.234762283647628 8.745325305505206 7.8
    endloop
  endfacet
  facet normal 0 0 -1
    outer loop
      vertex 8.090169943749475 5.877852522924732 7.8
      vertex 7.234762283647628 8.745325305505206 7.8
      vertex 8.27379392123302 7.769609652290617 7.8
    endloop
  endfacet
  facet normal 0 0 -1
    outer loop
      vertex 5.358267949789966 8.443279255020151 7.8
      vertex 6.081634123011612 9.58312195444787 7.8
      vertex 6.3742398974868975 7.705132427757891 7.8
    endloop
  endfacet
  facet normal 0 0 -1
    outer loop
      vertex 6.3742398974868975 7.705132427757891 7.8
      vertex 6.081634123011612 9.58312195444787 7.8
      vertex 7.234762283647628 8.745325305505206 7.8
    endloop
  endfacet
  facet normal 0 0 -1
    outer loop
      vertex 8.27379392123302 7.769609652290617 7.8
      vertex 9.182342886155654 6.67136261351957 7.8
      vertex 9.297764858882513 3.6812455268467796 7.8
    endloop
  endfacet
  facet normal -0.7705132427757889 -0.6374239897486901 0
    outer loop
      vertex -7.289686274214117 -6.845471059286885 1.2000000000000002
      vertex -8.090169943749475 -5.877852522924732 0
      vertex -7.289686274214117 -6.845471059286885 0
    endloop
  endfacet
  facet normal -0.7705132427757889 -0.6374239897486901 0
    outer loop
      vertex -7.289686274214117 -6.845471059286885 1.2000000000000002
      vertex -8.090169943749475 -5.877852522924732 1.2000000000000002
      vertex -8.090169943749475 -5.877852522924732 0
    endloop
  endfacet
  facet normal -0.6845471059286893 -0.7289686274214109 0
    outer loop
      vertex -6.374239897486897 -7.705132427757894 1.2000000000000002
      vertex -7.289686274214117 -6.845471059286885 0
      vertex -6.374239897486897 -7.705132427757894 0
    endloop
  endfacet
  facet normal -0.5877852522924722 -0.8090169943749481 0
    outer loop
      vertex -5.358267949789967 -8.44327925502015 1.2000000000000002
      vertex -6.374239897486897 -7.705132427757894 0
      vertex -5.358267949789967 -8.44327925502015 0
    endloop
  endfacet
  facet normal -0.6845471059286893 -0.7289686274214109 0
    outer loop
      vertex -7.289686274214117 -6.845471059286885 1.2000000000000002
      vertex -7.289686274214117 -6.845471059286885 0
      vertex -6.374239897486897 -7.705132427757894 1.2000000000000002
    endloop
  endfacet
  facet normal -0.5877852522924722 -0.8090169943749481 0
    outer loop
      vertex -6.374239897486897 -7.705132427757894 1.2000000000000002
      vertex -6.374239897486897 -7.705132427757894 0
      vertex -5.358267949789967 -8.44327925502015 1.2000000000000002
    endloop
  endfacet
  facet normal -0.9048270524660194 -0.42577929156507294 0
    outer loop
      vertex -8.763066800438635 -4.817536741017154 1.2000000000000002
      vertex -9.297764858882514 -3.6812455268467787 0
      vertex -8.763066800438635 -4.817536741017154 0
    endloop
  endfacet
  facet normal -0.8443279255020155 -0.535826794978996 0
    outer loop
      vertex -8.090169943749475 -5.877852522924732 1.2000000000000002
      vertex -8.763066800438635 -4.817536741017154 1.2000000000000002
      vertex -8.763066800438635 -4.817536741017154 0
    endloop
  endfacet
  facet normal -0.9510565162951536 -0.30901699437494723 0
    outer loop
      vertex -9.297764858882514 -3.6812455268467787 1.2000000000000002
      vertex -9.68583161128631 -2.4868988716485485 0
      vertex -9.297764858882514 -3.6812455268467787 0
    endloop
  endfacet
  facet normal -0.9510565162951536 -0.30901699437494723 0
    outer loop
      vertex -9.297764858882514 -3.6812455268467787 1.2000000000000002
      vertex -9.68583161128631 -2.4868988716485485 1.2000000000000002
      vertex -9.68583161128631 -2.4868988716485485 0
    endloop
  endfacet
  facet normal -0.9048270524660194 -0.42577929156507294 0
    outer loop
      vertex -9.297764858882514 -3.6812455268467787 1.2000000000000002
      vertex -9.297764858882514 -3.6812455268467787 0
      vertex -8.763066800438635 -4.817536741017154 1.2000000000000002
    endloop
  endfacet
  facet normal -0.9048270524660184 -0.42577929156507516 0
    outer loop
      vertex -8.852183143512615 -4.628154871988758 1.7999999999999998
      vertex -8.763066800438635 -4.817536741017154 1.2000000000000002
      vertex -8.763066800438635 -4.817536741017154 1.7999999999999998
    endloop
  endfacet
  facet normal -0.9980267284282717 -0.06279051952931294 0
    outer loop
      vertex -9.921147013144779 -1.2533323356430406 1.2000000000000002
      vertex -10 0 0
      vertex -9.921147013144779 -1.2533323356430406 0
    endloop
  endfacet
  facet normal -0.9980267284282717 -0.06279051952931294 0
    outer loop
      vertex -9.921147013144779 -1.2533323356430406 1.2000000000000002
      vertex -10 0 1.2000000000000002
      vertex -10 0 0
    endloop
  endfacet
  facet normal -0.9822872507286885 -0.1873813145857251 0
    outer loop
      vertex -9.68583161128631 -2.4868988716485485 1.2000000000000002
      vertex -9.921147013144779 -1.2533323356430406 0
      vertex -9.68583161128631 -2.4868988716485485 0
    endloop
  endfacet
  facet normal -0.9822872507286885 -0.1873813145857251 0
    outer loop
      vertex -9.68583161128631 -2.4868988716485485 1.2000000000000002
      vertex -9.921147013144779 -1.2533323356430406 1.2000000000000002
      vertex -9.921147013144779 -1.2533323356430406 0
    endloop
  endfacet
  facet normal -0.8443279255020155 -0.535826794978996 0
    outer loop
      vertex -8.090169943749475 -5.877852522924732 1.2000000000000002
      vertex -8.763066800438635 -4.817536741017154 0
      vertex -8.090169943749475 -5.877852522924732 0
    endloop
  endfacet
  facet normal -0.48175367410171593 -0.8763066800438633 0
    outer loop
      vertex -4.257792915650724 -9.048270524660197 1.2000000000000002
      vertex -5.358267949789967 -8.44327925502015 0
      vertex -4.257792915650724 -9.048270524660197 0
    endloop
  endfacet
  facet normal -0.48175367410171593 -0.8763066800438633 0
    outer loop
      vertex -5.358267949789967 -8.44327925502015 1.2000000000000002
      vertex -5.358267949789967 -8.44327925502015 0
      vertex -4.257792915650724 -9.048270524660197 1.2000000000000002
    endloop
  endfacet
  facet normal -0.3681245526846768 -0.9297764858882518 0
    outer loop
      vertex -3.090169943749474 -9.510565162951535 1.2000000000000002
      vertex -4.257792915650724 -9.048270524660197 0
      vertex -3.090169943749474 -9.510565162951535 0
    endloop
  endfacet
  facet normal -0.3681245526846768 -0.9297764858882518 0
    outer loop
      vertex -3.090169943749474 -9.510565162951535 1.2000000000000002
      vertex -4.257792915650724 -9.048270524660197 1.2000000000000002
      vertex -4.257792915650724 -9.048270524660197 0
    endloop
  endfacet
  facet normal -0.2486898871648558 -0.9685831611286309 0
    outer loop
      vertex -1.8738131458572482 -9.822872507286887 1.2000000000000002
      vertex -3.090169943749474 -9.510565162951535 0
      vertex -1.8738131458572482 -9.822872507286887 0
    endloop
  endfacet
  facet normal -0.2486898871648558 -0.9685831611286309 0
    outer loop
      vertex -3.090169943749474 -9.510565162951535 1.2000000000000002
      vertex -3.090169943749474 -9.510565162951535 0
      vertex -1.8738131458572482 -9.822872507286887 1.2000000000000002
    endloop
  endfacet
  facet normal -0.12533323356430498 -0.9921147013144779 0
    outer loop
      vertex -1.8738131458572482 -9.822872507286887 1.2000000000000002
      vertex -1.8738131458572482 -9.822872507286887 0
      vertex -0.6279051952931376 -9.980267284282716 1.2000000000000002
    endloop
  endfacet
  facet normal -0.12533323356430506 -0.9921147013144778 6.957392082690696e-17
    outer loop
      vertex -0.6279051952931376 -9.980267284282716 1.2000000000000002
      vertex -1.8738131458572482 -9.822872507286887 0
      vertex -0.6279051952931383 -9.980267284282716 0
    endloop
  endfacet
  facet normal 0 -1 0
    outer loop
      vertex -0.6279051952931376 -9.980267284282716 1.2000000000000002
      vertex -0.6279051952931383 -9.980267284282716 0
      vertex 0.6279051952931376 -9.980267284282716 1.2000000000000002
    endloop
  endfacet
  facet normal -0.9980267284282717 0.06279051952931294 0
    outer loop
      vertex -10 0 1.2000000000000002
      vertex -9.921147013144779 1.2533323356430406 0
      vertex -10 0 0
    endloop
  endfacet
  facet normal -0.9980267284282717 0.06279051952931294 0
    outer loop
      vertex -10 0 1.2000000000000002
      vertex -9.921147013144779 1.2533323356430406 1.2000000000000002
      vertex -9.921147013144779 1.2533323356430406 0
    endloop
  endfacet
  facet normal -0.9822872507286885 0.1873813145857251 0
    outer loop
      vertex -9.921147013144779 1.2533323356430406 1.2000000000000002
      vertex -9.68583161128631 2.4868988716485485 0
      vertex -9.921147013144779 1.2533323356430406 0
    endloop
  endfacet
  facet normal -0.9822872507286885 0.18738131458572566 5.525431192417377e-16
    outer loop
      vertex -9.921147013144779 1.2533323356430406 1.2000000000000002
      vertex -9.725050844929388 2.281304448980964 1.2000000000000002
      vertex -9.68583161128631 2.4868988716485485 0
    endloop
  endfacet
  facet normal -0.9822872507286885 0.18738131458572566 -1.1271879632531457e-15
    outer loop
      vertex -9.921147013144779 1.2533323356430406 1.2000000000000002
      vertex -9.881927779501702 1.4589267583106251 1.7999999999999998
      vertex -9.725050844929388 2.281304448980964 1.2000000000000002
    endloop
  endfacet
  facet normal -0.982287250728689 0.18738131458572246 0
    outer loop
      vertex -9.725050844929388 2.281304448980964 1.2000000000000002
      vertex -9.68583161128631 2.4868988716485485 1.2000000000000002
      vertex -9.68583161128631 2.4868988716485485 0
    endloop
  endfacet
  facet normal -0.9822872507286885 0.18738131458572566 -1.1492896880228152e-15
    outer loop
      vertex -9.881927779501702 1.4589267583106251 1.7999999999999998
      vertex -9.68583161128631 2.4868988716485485 1.7999999999999998
      vertex -9.725050844929388 2.281304448980964 1.2000000000000002
    endloop
  endfacet
  facet normal -0.9510565162951536 0.30901699437494723 0
    outer loop
      vertex -9.68583161128631 2.4868988716485485 1.2000000000000002
      vertex -9.297764858882514 3.6812455268467787 0
      vertex -9.68583161128631 2.4868988716485485 0
    endloop
  endfacet
  facet normal -0.9048270524660194 0.42577929156507294 0
    outer loop
      vertex -9.297764858882514 3.6812455268467787 1.2000000000000002
      vertex -8.763066800438635 4.817536741017154 0
      vertex -9.297764858882514 3.6812455268467787 0
    endloop
  endfacet
  facet normal -0.9510565162951536 0.30901699437494723 0
    outer loop
      vertex -9.68583161128631 2.4868988716485485 1.2000000000000002
      vertex -9.297764858882514 3.6812455268467787 1.2000000000000002
      vertex -9.297764858882514 3.6812455268467787 0
    endloop
  endfacet
  facet normal -0.8443279255020155 0.535826794978996 0
    outer loop
      vertex -8.763066800438635 4.817536741017154 1.2000000000000002
      vertex -8.090169943749475 5.877852522924732 0
      vertex -8.763066800438635 4.817536741017154 0
    endloop
  endfacet
  facet normal -0.9048270524660194 0.42577929156507294 0
    outer loop
      vertex -9.297764858882514 3.6812455268467787 1.2000000000000002
      vertex -8.763066800438635 4.817536741017154 1.2000000000000002
      vertex -8.763066800438635 4.817536741017154 0
    endloop
  endfacet
  facet normal -0.8443279255020155 0.535826794978996 0
    outer loop
      vertex -8.763066800438635 4.817536741017154 1.2000000000000002
      vertex -8.090169943749475 5.877852522924732 1.2000000000000002
      vertex -8.090169943749475 5.877852522924732 0
    endloop
  endfacet
  facet normal -0.7705132427757889 0.6374239897486901 0
    outer loop
      vertex -8.090169943749475 5.877852522924732 1.2000000000000002
      vertex -7.289686274214117 6.845471059286885 0
      vertex -8.090169943749475 5.877852522924732 0
    endloop
  endfacet
  facet normal -0.7705132427757889 0.6374239897486901 0
    outer loop
      vertex -8.090169943749475 5.877852522924732 1.2000000000000002
      vertex -7.289686274214117 6.845471059286885 1.2000000000000002
      vertex -7.289686274214117 6.845471059286885 0
    endloop
  endfacet
  facet normal -0.6845471059286893 0.7289686274214109 0
    outer loop
      vertex -7.289686274214117 6.845471059286885 1.2000000000000002
      vertex -6.374239897486897 7.705132427757894 0
      vertex -7.289686274214117 6.845471059286885 0
    endloop
  endfacet
  facet normal -0.5877852522924722 0.8090169943749481 0
    outer loop
      vertex -6.374239897486897 7.705132427757894 1.2000000000000002
      vertex -5.358267949789967 8.44327925502015 0
      vertex -6.374239897486897 7.705132427757894 0
    endloop
  endfacet
  facet normal -0.6845471059286893 0.7289686274214109 8.840689907867789e-17
    outer loop
      vertex -7.289686274214117 6.845471059286885 1.2000000000000002
      vertex -6.5268142936080995 7.561855533012726 1.2000000000000002
      vertex -6.374239897486897 7.705132427757894 0
    endloop
  endfacet
  facet normal -0.6845471059286897 0.7289686274214107 0
    outer loop
      vertex -6.5268142936080995 7.561855533012726 1.2000000000000002
      vertex -6.374239897486897 7.705132427757894 1.2000000000000002
      vertex -6.374239897486897 7.705132427757894 0
    endloop
  endfacet
  facet normal -0.6845471059286893 0.7289686274214109 -1.768137981573559e-16
    outer loop
      vertex -7.289686274214117 6.845471059286885 1.2000000000000002
      vertex -7.137111878092914 6.9887479540320525 1.7999999999999998
      vertex -6.5268142936080995 7.561855533012726 1.2000000000000002
    endloop
  endfacet
  facet normal -0.5877852522924722 0.8090169943749481 0
    outer loop
      vertex -6.374239897486897 7.705132427757894 1.2000000000000002
      vertex -5.358267949789967 8.44327925502015 1.2000000000000002
      vertex -5.358267949789967 8.44327925502015 0
    endloop
  endfacet
  facet normal -0.6845471059286893 0.7289686274214109 -8.840689907867795e-17
    outer loop
      vertex -7.137111878092914 6.9887479540320525 1.7999999999999998
      vertex -6.374239897486897 7.705132427757894 1.7999999999999998
      vertex -6.5268142936080995 7.561855533012726 1.2000000000000002
    endloop
  endfacet
  facet normal -0.4817536741017157 0.8763066800438633 0
    outer loop
      vertex -5.358267949789967 8.44327925502015 1.2000000000000002
      vertex -4.257792915650727 9.048270524660195 0
      vertex -5.358267949789967 8.44327925502015 0
    endloop
  endfacet
  facet normal -0.4817536741017157 0.8763066800438633 0
    outer loop
      vertex -5.358267949789967 8.44327925502015 1.2000000000000002
      vertex -4.257792915650727 9.048270524660195 1.2000000000000002
      vertex -4.257792915650727 9.048270524660195 0
    endloop
  endfacet
  facet normal -0.3681245526846773 0.9297764858882517 0
    outer loop
      vertex -4.257792915650727 9.048270524660195 1.2000000000000002
      vertex -3.090169943749474 9.510565162951535 0
      vertex -4.257792915650727 9.048270524660195 0
    endloop
  endfacet
  facet normal -0.3681245526846773 0.9297764858882517 0
    outer loop
      vertex -4.257792915650727 9.048270524660195 1.2000000000000002
      vertex -3.090169943749474 9.510565162951535 1.2000000000000002
      vertex -3.090169943749474 9.510565162951535 0
    endloop
  endfacet
  facet normal -0.24868988716485532 0.968583161128631 0
    outer loop
      vertex -3.090169943749474 9.510565162951535 1.2000000000000002
      vertex -1.8738131458572458 9.822872507286887 0
      vertex -3.090169943749474 9.510565162951535 0
    endloop
  endfacet
  facet normal -0.12533323356430473 0.9921147013144779 0
    outer loop
      vertex -1.8738131458572458 9.822872507286887 1.2000000000000002
      vertex -0.6279051952931327 9.980267284282716 0
      vertex -1.8738131458572458 9.822872507286887 0
    endloop
  endfacet
  facet normal -0.24868988716485532 0.968583161128631 0
    outer loop
      vertex -3.090169943749474 9.510565162951535 1.2000000000000002
      vertex -1.8738131458572458 9.822872507286887 1.2000000000000002
      vertex -1.8738131458572458 9.822872507286887 0
    endloop
  endfacet
  facet normal -0.12533323356430465 0.9921147013144778 -3.86780183469217e-17
    outer loop
      vertex -1.8738131458572458 9.822872507286887 1.2000000000000002
      vertex -1.666161820763227 9.849104970119525 1.7999999999999998
      vertex -0.8355565203871507 9.954034821450078 1.2000000000000002
    endloop
  endfacet
  facet normal 0 1 0
    outer loop
      vertex -0.6279051952931327 9.980267284282716 1.2000000000000002
      vertex 0.6279051952931324 9.980267284282716 0
      vertex -0.6279051952931327 9.980267284282716 0
    endloop
  endfacet
  facet normal -0.12533323356430462 0.9921147013144778 1.1050862384834763e-16
    outer loop
      vertex -1.8738131458572458 9.822872507286887 1.2000000000000002
      vertex -0.8355565203871507 9.954034821450078 1.2000000000000002
      vertex -0.6279051952931327 9.980267284282716 0
    endloop
  endfacet
  facet normal -0.12533323356430526 0.9921147013144778 0
    outer loop
      vertex -0.8355565203871507 9.954034821450078 1.2000000000000002
      vertex -0.6279051952931327 9.980267284282716 1.2000000000000002
      vertex -0.6279051952931327 9.980267284282716 0
    endloop
  endfacet
  facet normal -0.1253332335643047 0.9921147013144778 -1.547120733876869e-16
    outer loop
      vertex -1.666161820763227 9.849104970119525 1.7999999999999998
      vertex -0.6279051952931326 9.980267284282716 1.7999999999999998
      vertex -0.8355565203871507 9.954034821450078 1.2000000000000002
    endloop
  endfacet
  facet normal 0 -1 0
    outer loop
      vertex 0.6279051952931376 -9.980267284282716 1.2000000000000002
      vertex -0.6279051952931383 -9.980267284282716 0
      vertex 0.6279051952931376 -9.980267284282716 0
    endloop
  endfacet
  facet normal 0.12533323356430498 -0.9921147013144779 0
    outer loop
      vertex 0.6279051952931376 -9.980267284282716 1.2000000000000002
      vertex 0.6279051952931376 -9.980267284282716 0
      vertex 1.8738131458572482 -9.822872507286887 1.2000000000000002
    endloop
  endfacet
  facet normal 0.12533323356430498 -0.9921147013144779 0
    outer loop
      vertex 1.8738131458572482 -9.822872507286887 1.2000000000000002
      vertex 0.6279051952931376 -9.980267284282716 0
      vertex 1.8738131458572482 -9.822872507286887 0
    endloop
  endfacet
  facet normal 0.2486898871648558 -0.9685831611286309 0
    outer loop
      vertex 3.090169943749474 -9.510565162951535 1.2000000000000002
      vertex 1.8738131458572482 -9.822872507286887 0
      vertex 3.090169943749474 -9.510565162951535 0
    endloop
  endfacet
  facet normal 0.2486898871648558 -0.9685831611286309 0
    outer loop
      vertex 1.8738131458572482 -9.822872507286887 1.2000000000000002
      vertex 1.8738131458572482 -9.822872507286887 0
      vertex 3.090169943749474 -9.510565162951535 1.2000000000000002
    endloop
  endfacet
  facet normal 0.3681245526846768 -0.9297764858882518 0
    outer loop
      vertex 3.090169943749474 -9.510565162951535 1.2000000000000002
      vertex 3.090169943749474 -9.510565162951535 0
      vertex 4.257792915650724 -9.048270524660197 0
    endloop
  endfacet
  facet normal 0.3681245526846768 -0.9297764858882518 0
    outer loop
      vertex 3.090169943749474 -9.510565162951535 1.2000000000000002
      vertex 4.257792915650724 -9.048270524660197 0
      vertex 4.257792915650724 -9.048270524660197 1.2000000000000002
    endloop
  endfacet
  facet normal 0.48175367410171555 -0.8763066800438636 0
    outer loop
      vertex 5.358267949789962 -8.443279255020153 1.2000000000000002
      vertex 4.257792915650724 -9.048270524660197 0
      vertex 5.358267949789962 -8.443279255020153 0
    endloop
  endfacet
  facet normal 0.48175367410171555 -0.8763066800438636 0
    outer loop
      vertex 4.257792915650724 -9.048270524660197 1.2000000000000002
      vertex 4.257792915650724 -9.048270524660197 0
      vertex 5.358267949789962 -8.443279255020153 1.2000000000000002
    endloop
  endfacet
  facet normal 0.5877852522924726 -0.8090169943749479 0
    outer loop
      vertex 6.3742398974869 -7.70513242775789 1.2000000000000002
      vertex 5.358267949789962 -8.443279255020153 0
      vertex 6.3742398974869 -7.70513242775789 0
    endloop
  endfacet
  facet normal 0.6845471059286893 -0.728968627421411 0
    outer loop
      vertex 7.289686274214117 -6.845471059286885 1.2000000000000002
      vertex 6.3742398974869 -7.70513242775789 0
      vertex 7.289686274214117 -6.845471059286885 0
    endloop
  endfacet
  facet normal 0.5877852522924726 -0.8090169943749479 0
    outer loop
      vertex 5.358267949789962 -8.443279255020153 1.2000000000000002
      vertex 5.358267949789962 -8.443279255020153 0
      vertex 6.3742398974869 -7.70513242775789 1.2000000000000002
    endloop
  endfacet
  facet normal 0.6845471059286893 -0.728968627421411 0
    outer loop
      vertex 6.3742398974869 -7.70513242775789 1.2000000000000002
      vertex 6.3742398974869 -7.70513242775789 0
      vertex 7.289686274214117 -6.845471059286885 1.2000000000000002
    endloop
  endfacet
  facet normal 0.7705132427757889 -0.6374239897486901 0
    outer loop
      vertex 8.090169943749475 -5.877852522924732 1.2000000000000002
      vertex 7.289686274214117 -6.845471059286885 0
      vertex 8.090169943749475 -5.877852522924732 0
    endloop
  endfacet
  facet normal 0.7705132427757889 -0.6374239897486901 0
    outer loop
      vertex 7.289686274214117 -6.845471059286885 1.2000000000000002
      vertex 7.289686274214117 -6.845471059286885 0
      vertex 8.090169943749475 -5.877852522924732 1.2000000000000002
    endloop
  endfacet
  facet normal 0.8443279255020155 -0.535826794978996 0
    outer loop
      vertex 8.090169943749475 -5.877852522924732 1.2000000000000002
      vertex 8.090169943749475 -5.877852522924732 0
      vertex 8.763066800438635 -4.817536741017154 1.2000000000000002
    endloop
  endfacet
  facet normal 0.8443279255020155 -0.535826794978996 0
    outer loop
      vertex 8.763066800438635 -4.817536741017154 1.2000000000000002
      vertex 8.090169943749475 -5.877852522924732 0
      vertex 8.763066800438635 -4.817536741017154 0
    endloop
  endfacet
  facet normal 0.9048270524660192 -0.4257792915650733 0
    outer loop
      vertex 8.763066800438635 -4.817536741017154 1.2000000000000002
      vertex 8.763066800438635 -4.817536741017154 0
      vertex 9.297764858882513 -3.6812455268467836 1.2000000000000002
    endloop
  endfacet
  facet normal 0.9048270524660192 -0.4257792915650733 0
    outer loop
      vertex 9.297764858882513 -3.6812455268467836 1.2000000000000002
      vertex 8.763066800438635 -4.817536741017154 0
      vertex 9.297764858882513 -3.6812455268467836 0
    endloop
  endfacet
  facet normal 0.9510565162951536 -0.30901699437494773 0
    outer loop
      vertex 9.685831611286313 -2.4868988716485445 1.2000000000000002
      vertex 9.297764858882513 -3.6812455268467836 0
      vertex 9.685831611286313 -2.4868988716485445 0
    endloop
  endfacet
  facet normal 0.9510565162951536 -0.30901699437494773 0
    outer loop
      vertex 9.297764858882513 -3.6812455268467836 1.2000000000000002
      vertex 9.297764858882513 -3.6812455268467836 0
      vertex 9.685831611286313 -2.4868988716485445 1.2000000000000002
    endloop
  endfacet
  facet normal 0.9822872507286887 -0.18738131458572432 0
    outer loop
      vertex 9.921147013144779 -1.2533323356430406 1.2000000000000002
      vertex 9.685831611286313 -2.4868988716485445 0
      vertex 9.921147013144779 -1.2533323356430406 0
    endloop
  endfacet
  facet normal 0.9822872507286887 -0.18738131458572432 0
    outer loop
      vertex 9.685831611286313 -2.4868988716485445 1.2000000000000002
      vertex 9.685831611286313 -2.4868988716485445 0
      vertex 9.921147013144779 -1.2533323356430406 1.2000000000000002
    endloop
  endfacet
  facet normal 0.9980267284282717 -0.06279051952931294 0
    outer loop
      vertex 10 0 1.2000000000000002
      vertex 9.921147013144779 -1.2533323356430406 0
      vertex 10 0 0
    endloop
  endfacet
  facet normal 0.9980267284282717 -0.06279051952931294 0
    outer loop
      vertex 9.921147013144779 -1.2533323356430406 1.2000000000000002
      vertex 9.921147013144779 -1.2533323356430406 0
      vertex 10 0 1.2000000000000002
    endloop
  endfacet
  facet normal 0.1253332335643047 0.9921147013144779 4.6382613884604506e-17
    outer loop
      vertex 0.6279051952931319 9.980267284282716 1.2000000000000002
      vertex 1.8738131458572458 9.822872507286887 0
      vertex 0.6279051952931324 9.980267284282716 0
    endloop
  endfacet
  facet normal 0 1 0
    outer loop
      vertex -0.6279051952931327 9.980267284282716 1.2000000000000002
      vertex 0.6279051952931319 9.980267284282716 1.2000000000000002
      vertex 0.6279051952931324 9.980267284282716 0
    endloop
  endfacet
  facet normal 0.24868988716485532 0.968583161128631 0
    outer loop
      vertex 1.8738131458572458 9.822872507286887 1.2000000000000002
      vertex 3.090169943749474 9.510565162951535 0
      vertex 1.8738131458572458 9.822872507286887 0
    endloop
  endfacet
  facet normal 0.12533323356430465 0.9921147013144779 0
    outer loop
      vertex 0.6279051952931319 9.980267284282716 1.2000000000000002
      vertex 1.8738131458572458 9.822872507286887 1.2000000000000002
      vertex 1.8738131458572458 9.822872507286887 0
    endloop
  endfacet
  facet normal 0.2486898871648548 0.9685831611286312 -6.188482935507474e-16
    outer loop
      vertex 1.8738131458572458 9.822872507286887 1.2000000000000002
      vertex 2.887443810767436 9.562616387007427 1.2000000000000002
      vertex 3.090169943749474 9.510565162951535 0
    endloop
  endfacet
  facet normal 0.2486898871648548 0.9685831611286311 1.2597983118711652e-15
    outer loop
      vertex 1.8738131458572458 9.822872507286887 1.2000000000000002
      vertex 2.0765392788392836 9.770821283230994 1.7999999999999998
      vertex 2.887443810767436 9.562616387007427 1.2000000000000002
    endloop
  endfacet
  facet normal 0.24868988716485474 0.9685831611286311 1.1934931375621563e-15
    outer loop
      vertex 2.0765392788392836 9.770821283230994 1.7999999999999998
      vertex 3.090169943749474 9.510565162951535 1.7999999999999998
      vertex 2.887443810767436 9.562616387007427 1.2000000000000002
    endloop
  endfacet
  facet normal 0.3681245526846773 0.9297764858882517 0
    outer loop
      vertex 3.090169943749474 9.510565162951535 1.2000000000000002
      vertex 4.257792915650727 9.048270524660195 0
      vertex 3.090169943749474 9.510565162951535 0
    endloop
  endfacet
  facet normal 0.24868988716485804 0.9685831611286303 0
    outer loop
      vertex 2.887443810767436 9.562616387007427 1.2000000000000002
      vertex 3.090169943749474 9.510565162951535 1.2000000000000002
      vertex 3.090169943749474 9.510565162951535 0
    endloop
  endfacet
  facet normal 0.3681245526846773 0.9297764858882517 0
    outer loop
      vertex 4.257792915650727 9.048270524660195 1.2000000000000002
      vertex 4.257792915650727 9.048270524660195 0
      vertex 3.090169943749474 9.510565162951535 1.2000000000000002
    endloop
  endfacet
  facet normal 0.481753674101715 0.8763066800438638 0
    outer loop
      vertex 4.257792915650727 9.048270524660195 1.2000000000000002
      vertex 5.358267949789966 8.443279255020151 0
      vertex 4.257792915650727 9.048270524660195 0
    endloop
  endfacet
  facet normal 0.481753674101715 0.8763066800438638 0
    outer loop
      vertex 4.257792915650727 9.048270524660195 1.2000000000000002
      vertex 5.358267949789966 8.443279255020151 1.2000000000000002
      vertex 5.358267949789966 8.443279255020151 0
    endloop
  endfacet
  facet normal 0.8443279255020151 0.5358267949789968 0
    outer loop
      vertex 8.090169943749475 5.877852522924732 1.2000000000000002
      vertex 8.763066800438637 4.817536741017153 0
      vertex 8.090169943749475 5.877852522924732 0
    endloop
  endfacet
  facet normal 0.844327925502015 0.5358267949789969 -1.6576293577252157e-16
    outer loop
      vertex 8.650917324323776 4.994256038001749 1.2000000000000002
      vertex 8.763066800438637 4.817536741017153 0
      vertex 8.090169943749475 5.877852522924732 1.2000000000000002
    endloop
  endfacet
  facet normal 0.9822872507286885 0.18738131458572546 0
    outer loop
      vertex 9.68583161128631 2.486898871648548 1.2000000000000002
      vertex 9.921147013144779 1.2533323356430426 0
      vertex 9.68583161128631 2.486898871648548 0
    endloop
  endfacet
  facet normal 0.9822872507286885 0.18738131458572546 0
    outer loop
      vertex 9.921147013144779 1.2533323356430426 1.2000000000000002
      vertex 9.921147013144779 1.2533323356430426 0
      vertex 9.68583161128631 2.486898871648548 1.2000000000000002
    endloop
  endfacet
  facet normal 0.9980267284282714 0.06279051952931283 0
    outer loop
      vertex 9.921147013144779 1.2533323356430426 1.2000000000000002
      vertex 10 0 0
      vertex 9.921147013144779 1.2533323356430426 0
    endloop
  endfacet
  facet normal 0.9980267284282717 0.06279051952931006 0
    outer loop
      vertex 10 0 1.2000000000000002
      vertex 10 0 0
      vertex 9.98685783552413 0.20888872260717364 1.2000000000000002
    endloop
  endfacet
  facet normal 0.9980267284282716 0.06279051952931339 -5.829329908000344e-16
    outer loop
      vertex 9.98685783552413 0.20888872260717364 1.2000000000000002
      vertex 10 0 0
      vertex 9.921147013144779 1.2533323356430426 1.2000000000000002
    endloop
  endfacet
  facet normal 0.9980267284282716 0.0627905195293134 1.1603405504076525e-15
    outer loop
      vertex 9.98685783552413 0.20888872260717364 1.2000000000000002
      vertex 9.921147013144779 1.2533323356430426 1.2000000000000002
      vertex 9.934289177620649 1.044443613035869 1.7999999999999998
    endloop
  endfacet
  facet normal 0.9980267284282716 0.06279051952931339 1.1658659816000695e-15
    outer loop
      vertex 9.98685783552413 0.20888872260717364 1.2000000000000002
      vertex 9.934289177620649 1.044443613035869 1.7999999999999998
      vertex 10 0 1.7999999999999998
    endloop
  endfacet
  facet normal 0.9510565162951533 0.3090169943749482 0
    outer loop
      vertex 9.297764858882513 3.6812455268467796 1.2000000000000002
      vertex 9.68583161128631 2.486898871648548 0
      vertex 9.297764858882513 3.6812455268467796 0
    endloop
  endfacet
  facet normal 0.9048270524660202 0.42577929156507127 0
    outer loop
      vertex 8.763066800438637 4.817536741017153 1.2000000000000002
      vertex 9.297764858882513 3.6812455268467796 1.2000000000000002
      vertex 9.297764858882513 3.6812455268467796 0
    endloop
  endfacet
  facet normal 0.9510565162951533 0.3090169943749482 0
    outer loop
      vertex 9.68583161128631 2.486898871648548 1.2000000000000002
      vertex 9.68583161128631 2.486898871648548 0
      vertex 9.297764858882513 3.6812455268467796 1.2000000000000002
    endloop
  endfacet
  facet normal 0.9048270524660202 0.42577929156507127 0
    outer loop
      vertex 8.763066800438637 4.817536741017153 1.2000000000000002
      vertex 9.297764858882513 3.6812455268467796 0
      vertex 8.763066800438637 4.817536741017153 0
    endloop
  endfacet
  facet normal 0.8443279255020155 0.5358267949789961 0
    outer loop
      vertex 8.763066800438637 4.817536741017153 1.2000000000000002
      vertex 8.763066800438637 4.817536741017153 0
      vertex 8.650917324323776 4.994256038001749 1.2000000000000002
    endloop
  endfacet
  facet normal 0.8443279255020154 0.535826794978996 0
    outer loop
      vertex 8.763066800438637 4.817536741017153 1.2000000000000002
      vertex 8.650917324323776 4.994256038001749 1.2000000000000002
      vertex 8.763066800438637 4.817536741017153 1.7999999999999998
    endloop
  endfacet
  facet normal 0.5877852522924738 0.8090169943749469 0
    outer loop
      vertex 5.358267949789966 8.443279255020151 1.2000000000000002
      vertex 6.3742398974868975 7.705132427757891 0
      vertex 5.358267949789966 8.443279255020151 0
    endloop
  endfacet
  facet normal 0.6845471059286877 0.7289686274214123 0
    outer loop
      vertex 6.3742398974868975 7.705132427757891 1.2000000000000002
      vertex 7.289686274214116 6.845471059286887 0
      vertex 6.3742398974868975 7.705132427757891 0
    endloop
  endfacet
  facet normal 0.5877852522924738 0.8090169943749469 0
    outer loop
      vertex 5.358267949789966 8.443279255020151 1.2000000000000002
      vertex 6.3742398974868975 7.705132427757891 1.2000000000000002
      vertex 6.3742398974868975 7.705132427757891 0
    endloop
  endfacet
  facet normal 0.6845471059286877 0.7289686274214123 0
    outer loop
      vertex 6.3742398974868975 7.705132427757891 1.2000000000000002
      vertex 7.289686274214116 6.845471059286887 1.2000000000000002
      vertex 7.289686274214116 6.845471059286887 0
    endloop
  endfacet
  facet normal 0.7705132427757894 0.6374239897486894 0
    outer loop
      vertex 7.289686274214116 6.845471059286887 1.2000000000000002
      vertex 8.090169943749475 5.877852522924732 0
      vertex 7.289686274214116 6.845471059286887 0
    endloop
  endfacet
  facet normal 0.7705132427757894 0.6374239897486894 0
    outer loop
      vertex 8.090169943749475 5.877852522924732 1.2000000000000002
      vertex 8.090169943749475 5.877852522924732 0
      vertex 7.289686274214116 6.845471059286887 1.2000000000000002
    endloop
  endfacet
  facet normal -0.7705132427757889 -0.6374239897486902 0
    outer loop
      vertex -7.289686274214117 -6.845471059286885 4.8
      vertex -7.289686274214117 -6.845471059286885 7.8
      vertex -8.090169943749475 -5.877852522924732 4.8
    endloop
  endfacet
  facet normal -0.6845471059286894 -0.7289686274214109 0
    outer loop
      vertex -7.289686274214117 -6.845471059286885 4.8
      vertex -6.374239897486897 -7.705132427757894 4.8
      vertex -6.374239897486897 -7.705132427757894 7.8
    endloop
  endfacet
  facet normal -0.5877852522924722 -0.8090169943749481 0
    outer loop
      vertex -6.374239897486897 -7.705132427757894 4.8
      vertex -5.358267949789967 -8.44327925502015 4.8
      vertex -5.358267949789967 -8.44327925502015 7.8
    endloop
  endfacet
  facet normal -0.8443279255020155 -0.5358267949789961 0
    outer loop
      vertex -8.090169943749475 -5.877852522924732 4.2
      vertex -8.763066800438635 -4.817536741017154 4.8
      vertex -8.763066800438635 -4.817536741017154 4.2
    endloop
  endfacet
  facet normal -0.9510565162951538 -0.3090169943749465 -1.5913241834162119e-15
    outer loop
      vertex -9.297764858882514 -3.6812455268467787 4.2
      vertex -9.68583161128631 -2.4868988716485485 4.8
      vertex -9.62115381921901 -2.6859566475149204 4.2
    endloop
  endfacet
  facet normal -0.9048270524660196 -0.42577929156507255 -1.0166793394047986e-15
    outer loop
      vertex -9.208648515808534 -3.8706273958751747 4.2
      vertex -8.763066800438635 -4.817536741017154 4.2
      vertex -9.297764858882514 -3.6812455268467787 4.8
    endloop
  endfacet
  facet normal -0.9048270524660196 -0.42577929156507255 -1.0608827889441376e-15
    outer loop
      vertex -9.297764858882514 -3.6812455268467787 4.8
      vertex -8.763066800438635 -4.817536741017154 4.2
      vertex -8.852183143512615 -4.628154871988758 4.8
    endloop
  endfacet
  facet normal -0.8443279255020154 -0.535826794978996 0
    outer loop
      vertex -8.090169943749475 -5.877852522924732 4.2
      vertex -8.763066800438635 -4.817536741017154 7.8
      vertex -8.763066800438635 -4.817536741017154 4.8
    endloop
  endfacet
  facet normal -0.9048270524660184 -0.42577929156507516 0
    outer loop
      vertex -8.852183143512615 -4.628154871988758 4.8
      vertex -8.763066800438635 -4.817536741017154 4.8
      vertex -8.763066800438635 -4.817536741017154 7.8
    endloop
  endfacet
  facet normal -0.9510565162951523 -0.30901699437495084 0
    outer loop
      vertex -9.297764858882514 -3.6812455268467787 4.2
      vertex -9.297764858882514 -3.6812455268467787 4.5
      vertex -9.362442650949815 -3.482187750980407 4.8
    endloop
  endfacet
  facet normal -0.9510565162951538 -0.3090169943749465 -1.5913241834162119e-15
    outer loop
      vertex -9.297764858882514 -3.6812455268467787 4.2
      vertex -9.362442650949815 -3.482187750980407 4.8
      vertex -9.68583161128631 -2.4868988716485485 4.8
    endloop
  endfacet
  facet normal -0.9510565162951523 -0.30901699437495084 0
    outer loop
      vertex -9.297764858882514 -3.6812455268467787 4.8
      vertex -9.297764858882514 -3.6812455268467787 7.8
      vertex -9.362442650949815 -3.482187750980407 4.8
    endloop
  endfacet
  facet normal -0.9048270524660196 -0.42577929156507255 0
    outer loop
      vertex -9.297764858882514 -3.6812455268467787 4.8
      vertex -8.852183143512615 -4.628154871988758 4.8
      vertex -9.297764858882514 -3.6812455268467787 7.8
    endloop
  endfacet
  facet normal -0.9980267284282717 -0.06279051952931294 0
    outer loop
      vertex -9.921147013144779 -1.2533323356430406 4.8
      vertex -9.921147013144779 -1.2533323356430406 7.8
      vertex -10 0 4.8
    endloop
  endfacet
  facet normal -0.951056516295154 -0.3090169943749465 0
    outer loop
      vertex -9.362442650949815 -3.482187750980407 4.8
      vertex -9.68583161128631 -2.4868988716485485 7.8
      vertex -9.68583161128631 -2.4868988716485485 4.8
    endloop
  endfacet
  facet normal -0.9822872507286885 -0.18738131458572513 0
    outer loop
      vertex -9.68583161128631 -2.4868988716485485 4.8
      vertex -9.68583161128631 -2.4868988716485485 7.8
      vertex -9.921147013144779 -1.2533323356430406 4.8
    endloop
  endfacet
  facet normal -0.8443279255020155 -0.5358267949789961 0
    outer loop
      vertex -8.090169943749475 -5.877852522924732 4.2
      vertex -8.090169943749475 -5.877852522924732 4.8
      vertex -8.763066800438635 -4.817536741017154 7.8
    endloop
  endfacet
  facet normal -0.4817536741017157 -0.8763066800438635 6.630517430900851e-16
    outer loop
      vertex -5.174855444100094 -8.544111133293491 4.2
      vertex -4.257792915650724 -9.048270524660197 4.2
      vertex -5.358267949789967 -8.44327925502015 4.8
    endloop
  endfacet
  facet normal -0.4817536741017159 -0.8763066800438633 0
    outer loop
      vertex -5.358267949789967 -8.44327925502015 4.8
      vertex -4.257792915650724 -9.048270524660197 4.2
      vertex -5.358267949789967 -8.44327925502015 7.8
    endloop
  endfacet
  facet normal -0.4817536741017159 -0.8763066800438633 0
    outer loop
      vertex -4.257792915650724 -9.048270524660197 4.2
      vertex -4.257792915650724 -9.048270524660197 4.8
      vertex -5.358267949789967 -8.44327925502015 7.8
    endloop
  endfacet
  facet normal -0.3681245526846768 -0.9297764858882519 0
    outer loop
      vertex -3.090169943749474 -9.510565162951535 4.8
      vertex -3.090169943749474 -9.510565162951535 7.8
      vertex -4.257792915650724 -9.048270524660197 4.8
    endloop
  endfacet
  facet normal -0.2486898871648558 -0.9685831611286309 0
    outer loop
      vertex -3.090169943749474 -9.510565162951535 4.2
      vertex -1.8738131458572482 -9.822872507286887 4.2
      vertex -3.090169943749474 -9.510565162951535 4.8
    endloop
  endfacet
  facet normal 0 -1 0
    outer loop
      vertex -0.6279051952931376 -9.980267284282716 4.2
      vertex 0.6279051952931376 -9.980267284282716 4.2
      vertex -0.6279051952931376 -9.980267284282716 4.8
    endloop
  endfacet
  facet normal -0.24868988716485582 -0.968583161128631 0
    outer loop
      vertex -3.090169943749474 -9.510565162951535 4.8
      vertex -1.8738131458572482 -9.822872507286887 4.2
      vertex -3.090169943749474 -9.510565162951535 7.8
    endloop
  endfacet
  facet normal -0.2486898871648558 -0.9685831611286309 0
    outer loop
      vertex -1.8738131458572482 -9.822872507286887 4.2
      vertex -1.8738131458572482 -9.822872507286887 4.8
      vertex -3.090169943749474 -9.510565162951535 7.8
    endloop
  endfacet
  facet normal -0.12533323356430498 -0.9921147013144778 0
    outer loop
      vertex -1.8738131458572482 -9.822872507286887 4.8
      vertex -0.6279051952931376 -9.980267284282716 4.8
      vertex -0.6279051952931376 -9.980267284282716 7.8
    endloop
  endfacet
  facet normal 0 -1 0
    outer loop
      vertex -0.6279051952931376 -9.980267284282716 4.8
      vertex 0.6279051952931376 -9.980267284282716 4.2
      vertex -0.6279051952931376 -9.980267284282716 7.8
    endloop
  endfacet
  facet normal -0.7705132427757889 -0.6374239897486902 0
    outer loop
      vertex -8.090169943749475 -5.877852522924732 4.8
      vertex -7.289686274214117 -6.845471059286885 7.8
      vertex -8.090169943749475 -5.877852522924732 7.8
    endloop
  endfacet
  facet normal -0.6845471059286894 -0.7289686274214109 0
    outer loop
      vertex -7.289686274214117 -6.845471059286885 4.8
      vertex -6.374239897486897 -7.705132427757894 7.8
      vertex -7.289686274214117 -6.845471059286885 7.8
    endloop
  endfacet
  facet normal -0.5877852522924722 -0.8090169943749481 0
    outer loop
      vertex -6.374239897486897 -7.705132427757894 4.8
      vertex -5.358267949789967 -8.44327925502015 7.8
      vertex -6.374239897486897 -7.705132427757894 7.8
    endloop
  endfacet
  facet normal -0.9048270524660195 -0.42577929156507305 1.694465565674663e-16
    outer loop
      vertex -8.852183143512615 -4.628154871988758 4.8
      vertex -8.763066800438635 -4.817536741017154 7.8
      vertex -9.297764858882514 -3.6812455268467787 7.8
    endloop
  endfacet
  facet normal -0.9510565162951536 -0.30901699437494723 2.652206972360351e-16
    outer loop
      vertex -9.362442650949815 -3.482187750980407 4.8
      vertex -9.297764858882514 -3.6812455268467787 7.8
      vertex -9.68583161128631 -2.4868988716485485 7.8
    endloop
  endfacet
  facet normal -0.9980267284282717 -0.06279051952931294 0
    outer loop
      vertex -9.921147013144779 -1.2533323356430406 7.8
      vertex -10 0 7.8
      vertex -10 0 4.8
    endloop
  endfacet
  facet normal -0.9822872507286885 -0.18738131458572513 0
    outer loop
      vertex -9.921147013144779 -1.2533323356430406 4.8
      vertex -9.68583161128631 -2.4868988716485485 7.8
      vertex -9.921147013144779 -1.2533323356430406 7.8
    endloop
  endfacet
  facet normal -0.8443279255020154 -0.535826794978996 0
    outer loop
      vertex -8.090169943749475 -5.877852522924732 4.8
      vertex -8.090169943749475 -5.877852522924732 7.8
      vertex -8.763066800438635 -4.817536741017154 7.8
    endloop
  endfacet
  facet normal -0.4817536741017159 -0.8763066800438633 0
    outer loop
      vertex -4.257792915650724 -9.048270524660197 4.8
      vertex -4.257792915650724 -9.048270524660197 7.8
      vertex -5.358267949789967 -8.44327925502015 7.8
    endloop
  endfacet
  facet normal -0.3681245526846768 -0.9297764858882519 0
    outer loop
      vertex -4.257792915650724 -9.048270524660197 4.8
      vertex -3.090169943749474 -9.510565162951535 7.8
      vertex -4.257792915650724 -9.048270524660197 7.8
    endloop
  endfacet
  facet normal -0.24868988716485582 -0.968583161128631 0
    outer loop
      vertex -1.8738131458572482 -9.822872507286887 4.8
      vertex -1.8738131458572482 -9.822872507286887 7.8
      vertex -3.090169943749474 -9.510565162951535 7.8
    endloop
  endfacet
  facet normal -0.12533323356430498 -0.9921147013144778 0
    outer loop
      vertex -1.8738131458572482 -9.822872507286887 4.8
      vertex -0.6279051952931376 -9.980267284282716 7.8
      vertex -1.8738131458572482 -9.822872507286887 7.8
    endloop
  endfacet
  facet normal -0.9980267284282717 0.06279051952931294 0
    outer loop
      vertex -10 0 4.8
      vertex -10 0 7.8
      vertex -9.921147013144779 1.2533323356430406 4.8
    endloop
  endfacet
  facet normal -0.9822872507286885 0.18738131458572513 0
    outer loop
      vertex -9.921147013144779 1.2533323356430406 4.8
      vertex -9.921147013144779 1.2533323356430406 7.8
      vertex -9.68583161128631 2.4868988716485485 4.8
    endloop
  endfacet
  facet normal -0.9510565162951536 0.30901699437494723 0
    outer loop
      vertex -9.68583161128631 2.4868988716485485 4.8
      vertex -9.68583161128631 2.4868988716485485 7.8
      vertex -9.297764858882514 3.6812455268467787 4.8
    endloop
  endfacet
  facet normal -0.9048270524660195 0.42577929156507305 0
    outer loop
      vertex -9.297764858882514 3.6812455268467787 4.8
      vertex -9.297764858882514 3.6812455268467787 7.8
      vertex -8.763066800438635 4.817536741017154 4.8
    endloop
  endfacet
  facet normal -0.8443279255020154 0.535826794978996 0
    outer loop
      vertex -8.763066800438635 4.817536741017154 4.8
      vertex -8.763066800438635 4.817536741017154 7.8
      vertex -8.650917324323775 4.99425603800175 4.8
    endloop
  endfacet
  facet normal -0.8443279255020155 0.5358267949789961 0
    outer loop
      vertex -8.763066800438635 4.817536741017154 4.2
      vertex -8.090169943749475 5.877852522924732 4.8
      vertex -8.090169943749475 5.877852522924732 4.2
    endloop
  endfacet
  facet normal -0.8443279255020153 0.535826794978996 0
    outer loop
      vertex -8.763066800438635 4.817536741017154 4.2
      vertex -8.650917324323775 4.99425603800175 4.8
      vertex -8.090169943749475 5.877852522924732 4.8
    endloop
  endfacet
  facet normal -0.8443279255020154 0.535826794978996 0
    outer loop
      vertex -8.650917324323775 4.99425603800175 4.8
      vertex -8.090169943749475 5.877852522924732 7.8
      vertex -8.090169943749475 5.877852522924732 4.8
    endloop
  endfacet
  facet normal -0.7705132427757889 0.6374239897486902 0
    outer loop
      vertex -8.090169943749475 5.877852522924732 4.8
      vertex -8.090169943749475 5.877852522924732 7.8
      vertex -7.289686274214117 6.845471059286885 4.8
    endloop
  endfacet
  facet normal -0.6845471059286894 0.7289686274214109 0
    outer loop
      vertex -7.289686274214117 6.845471059286885 4.8
      vertex -7.289686274214117 6.845471059286885 7.8
      vertex -6.374239897486897 7.705132427757894 4.8
    endloop
  endfacet
  facet normal -0.5877852522924722 0.8090169943749481 0
    outer loop
      vertex -6.374239897486897 7.705132427757894 4.8
      vertex -6.374239897486897 7.705132427757894 7.8
      vertex -5.358267949789967 8.44327925502015 4.8
    endloop
  endfacet
  facet normal -0.4817536741017172 0.8763066800438625 0
    outer loop
      vertex -5.358267949789967 8.44327925502015 4.2
      vertex -5.358267949789967 8.44327925502015 4.8
      vertex -5.174855444100094 8.544111133293491 4.8
    endloop
  endfacet
  facet normal -0.4817536741017173 0.8763066800438625 0
    outer loop
      vertex -5.358267949789967 8.44327925502015 4.8
      vertex -5.358267949789967 8.44327925502015 7.8
      vertex -5.174855444100094 8.544111133293491 4.8
    endloop
  endfacet
  facet normal -0.48175367410171543 0.8763066800438636 0
    outer loop
      vertex -5.174855444100094 8.544111133293491 4.8
      vertex -4.257792915650727 9.048270524660195 7.8
      vertex -4.257792915650727 9.048270524660195 4.8
    endloop
  endfacet
  facet normal -0.3681245526846773 0.9297764858882517 0
    outer loop
      vertex -4.257792915650727 9.048270524660195 4.8
      vertex -4.257792915650727 9.048270524660195 7.8
      vertex -3.090169943749474 9.510565162951535 4.8
    endloop
  endfacet
  facet normal -0.24868988716485532 0.968583161128631 0
    outer loop
      vertex -3.090169943749474 9.510565162951535 4.8
      vertex -3.090169943749474 9.510565162951535 7.8
      vertex -1.8738131458572458 9.822872507286887 4.8
    endloop
  endfacet
  facet normal -0.12533323356430465 0.9921147013144778 0
    outer loop
      vertex -1.8738131458572458 9.822872507286887 4.8
      vertex -1.8738131458572458 9.822872507286887 7.8
      vertex -0.6279051952931319 9.980267284282716 4.8
    endloop
  endfacet
  facet normal 0 1 0
    outer loop
      vertex -0.6279051952931319 9.980267284282716 4.8
      vertex -0.6279051952931319 9.980267284282716 7.8
      vertex 0.6279051952931327 9.980267284282716 4.8
    endloop
  endfacet
  facet normal -0.9980267284282717 0.06279051952931294 0
    outer loop
      vertex -9.921147013144779 1.2533323356430406 4.8
      vertex -10 0 7.8
      vertex -9.921147013144779 1.2533323356430406 7.8
    endloop
  endfacet
  facet normal -0.9822872507286885 0.18738131458572513 0
    outer loop
      vertex -9.68583161128631 2.4868988716485485 4.8
      vertex -9.921147013144779 1.2533323356430406 7.8
      vertex -9.68583161128631 2.4868988716485485 7.8
    endloop
  endfacet
  facet normal -0.9510565162951536 0.30901699437494723 0
    outer loop
      vertex -9.297764858882514 3.6812455268467787 4.8
      vertex -9.68583161128631 2.4868988716485485 7.8
      vertex -9.297764858882514 3.6812455268467787 7.8
    endloop
  endfacet
  facet normal -0.9048270524660195 0.42577929156507305 0
    outer loop
      vertex -8.763066800438635 4.817536741017154 4.8
      vertex -9.297764858882514 3.6812455268467787 7.8
      vertex -8.763066800438635 4.817536741017154 7.8
    endloop
  endfacet
  facet normal -0.8443279255020154 0.535826794978996 0
    outer loop
      vertex -8.650917324323775 4.99425603800175 4.8
      vertex -8.763066800438635 4.817536741017154 7.8
      vertex -8.090169943749475 5.877852522924732 7.8
    endloop
  endfacet
  facet normal -0.7705132427757889 0.6374239897486902 0
    outer loop
      vertex -7.289686274214117 6.845471059286885 4.8
      vertex -8.090169943749475 5.877852522924732 7.8
      vertex -7.289686274214117 6.845471059286885 7.8
    endloop
  endfacet
  facet normal -0.6845471059286894 0.7289686274214109 0
    outer loop
      vertex -6.374239897486897 7.705132427757894 4.8
      vertex -7.289686274214117 6.845471059286885 7.8
      vertex -6.374239897486897 7.705132427757894 7.8
    endloop
  endfacet
  facet normal -0.5877852522924722 0.8090169943749481 0
    outer loop
      vertex -5.358267949789967 8.44327925502015 4.8
      vertex -6.374239897486897 7.705132427757894 7.8
      vertex -5.358267949789967 8.44327925502015 7.8
    endloop
  endfacet
  facet normal -0.48175367410171566 0.8763066800438633 1.2524310702812741e-16
    outer loop
      vertex -5.174855444100094 8.544111133293491 4.8
      vertex -5.358267949789967 8.44327925502015 7.8
      vertex -4.257792915650727 9.048270524660195 7.8
    endloop
  endfacet
  facet normal -0.3681245526846773 0.9297764858882517 0
    outer loop
      vertex -3.090169943749474 9.510565162951535 4.8
      vertex -4.257792915650727 9.048270524660195 7.8
      vertex -3.090169943749474 9.510565162951535 7.8
    endloop
  endfacet
  facet normal -0.24868988716485532 0.968583161128631 0
    outer loop
      vertex -1.8738131458572458 9.822872507286887 4.8
      vertex -3.090169943749474 9.510565162951535 7.8
      vertex -1.8738131458572458 9.822872507286887 7.8
    endloop
  endfacet
  facet normal -0.12533323356430465 0.9921147013144778 0
    outer loop
      vertex -0.6279051952931319 9.980267284282716 4.8
      vertex -1.8738131458572458 9.822872507286887 7.8
      vertex -0.6279051952931319 9.980267284282716 7.8
    endloop
  endfacet
  facet normal 0 -1 0
    outer loop
      vertex -0.6279051952931376 -9.980267284282716 7.8
      vertex 0.6279051952931376 -9.980267284282716 4.2
      vertex 0.6279051952931376 -9.980267284282716 4.8
    endloop
  endfacet
  facet normal 0.12533323356430498 -0.9921147013144778 0
    outer loop
      vertex 0.6279051952931376 -9.980267284282716 4.8
      vertex 1.8738131458572482 -9.822872507286887 4.8
      vertex 1.8738131458572482 -9.822872507286887 7.8
    endloop
  endfacet
  facet normal 0.24868988716485582 -0.968583161128631 0
    outer loop
      vertex 1.8738131458572482 -9.822872507286887 4.8
      vertex 3.090169943749474 -9.510565162951535 4.8
      vertex 3.090169943749474 -9.510565162951535 7.8
    endloop
  endfacet
  facet normal 0.3681245526846768 -0.9297764858882519 0
    outer loop
      vertex 3.090169943749474 -9.510565162951535 4.8
      vertex 4.257792915650724 -9.048270524660197 4.8
      vertex 4.257792915650724 -9.048270524660197 7.8
    endloop
  endfacet
  facet normal 0.4817536741017155 -0.8763066800438635 0
    outer loop
      vertex 4.257792915650724 -9.048270524660197 4.8
      vertex 5.358267949789962 -8.443279255020153 4.8
      vertex 5.358267949789962 -8.443279255020153 7.8
    endloop
  endfacet
  facet normal 0.5877852522924724 -0.809016994374948 0
    outer loop
      vertex 5.358267949789962 -8.443279255020153 4.8
      vertex 6.20491123953741 -7.828156898968268 4.8
      vertex 5.358267949789962 -8.443279255020153 7.8
    endloop
  endfacet
  facet normal 0.5877852522924736 -0.8090169943749472 0
    outer loop
      vertex 6.20491123953741 -7.828156898968268 4.8
      vertex 6.3742398974869 -7.70513242775789 4.2
      vertex 6.3742398974869 -7.70513242775789 4.8
    endloop
  endfacet
  facet normal 0.5877852522924736 -0.8090169943749473 0
    outer loop
      vertex 6.20491123953741 -7.828156898968268 4.8
      vertex 6.3742398974869 -7.70513242775789 4.8
      vertex 6.3742398974869 -7.70513242775789 7.8
    endloop
  endfacet
  facet normal 0.6845471059286893 -0.728968627421411 0
    outer loop
      vertex 6.3742398974869 -7.70513242775789 4.8
      vertex 7.289686274214117 -6.845471059286885 4.8
      vertex 7.289686274214117 -6.845471059286885 7.8
    endloop
  endfacet
  facet normal 0.7705132427757889 -0.6374239897486902 0
    outer loop
      vertex 7.289686274214117 -6.845471059286885 4.8
      vertex 8.090169943749475 -5.877852522924732 4.8
      vertex 8.090169943749475 -5.877852522924732 7.8
    endloop
  endfacet
  facet normal 0.8443279255020154 -0.535826794978996 0
    outer loop
      vertex 8.090169943749475 -5.877852522924732 4.8
      vertex 8.763066800438635 -4.817536741017154 4.8
      vertex 8.763066800438635 -4.817536741017154 7.8
    endloop
  endfacet
  facet normal 0.9048270524660191 -0.4257792915650733 0
    outer loop
      vertex 8.763066800438635 -4.817536741017154 4.8
      vertex 9.297764858882513 -3.6812455268467836 4.8
      vertex 9.297764858882513 -3.6812455268467836 7.8
    endloop
  endfacet
  facet normal 0.9510565162951534 -0.3090169943749477 0
    outer loop
      vertex 9.297764858882513 -3.6812455268467836 4.8
      vertex 9.685831611286313 -2.4868988716485445 4.8
      vertex 9.685831611286313 -2.4868988716485445 7.8
    endloop
  endfacet
  facet normal 0.9822872507286887 -0.18738131458572432 0
    outer loop
      vertex 9.685831611286313 -2.4868988716485445 4.8
      vertex 9.921147013144779 -1.2533323356430406 4.8
      vertex 9.921147013144779 -1.2533323356430406 7.8
    endloop
  endfacet
  facet normal 0.9980267284282717 -0.06279051952931294 0
    outer loop
      vertex 9.921147013144779 -1.2533323356430406 4.8
      vertex 10 0 4.8
      vertex 10 0 7.8
    endloop
  endfacet
  facet normal 0 -1 0
    outer loop
      vertex -0.6279051952931376 -9.980267284282716 7.8
      vertex 0.6279051952931376 -9.980267284282716 4.8
      vertex 0.6279051952931376 -9.980267284282716 7.8
    endloop
  endfacet
  facet normal 0.12533323356430498 -0.9921147013144778 0
    outer loop
      vertex 0.6279051952931376 -9.980267284282716 4.8
      vertex 1.8738131458572482 -9.822872507286887 7.8
      vertex 0.6279051952931376 -9.980267284282716 7.8
    endloop
  endfacet
  facet normal 0.24868988716485582 -0.968583161128631 0
    outer loop
      vertex 1.8738131458572482 -9.822872507286887 4.8
      vertex 3.090169943749474 -9.510565162951535 7.8
      vertex 1.8738131458572482 -9.822872507286887 7.8
    endloop
  endfacet
  facet normal 0.3681245526846768 -0.9297764858882519 0
    outer loop
      vertex 3.090169943749474 -9.510565162951535 4.8
      vertex 4.257792915650724 -9.048270524660197 7.8
      vertex 3.090169943749474 -9.510565162951535 7.8
    endloop
  endfacet
  facet normal 0.4817536741017155 -0.8763066800438635 0
    outer loop
      vertex 4.257792915650724 -9.048270524660197 4.8
      vertex 5.358267949789962 -8.443279255020153 7.8
      vertex 4.257792915650724 -9.048270524660197 7.8
    endloop
  endfacet
  facet normal 0.5877852522924726 -0.8090169943749479 8.103965748878785e-17
    outer loop
      vertex 6.20491123953741 -7.828156898968268 4.8
      vertex 6.3742398974869 -7.70513242775789 7.8
      vertex 5.358267949789962 -8.443279255020153 7.8
    endloop
  endfacet
  facet normal 0.6845471059286893 -0.728968627421411 0
    outer loop
      vertex 6.3742398974869 -7.70513242775789 4.8
      vertex 7.289686274214117 -6.845471059286885 7.8
      vertex 6.3742398974869 -7.70513242775789 7.8
    endloop
  endfacet
  facet normal 0.7705132427757889 -0.6374239897486902 0
    outer loop
      vertex 7.289686274214117 -6.845471059286885 4.8
      vertex 8.090169943749475 -5.877852522924732 7.8
      vertex 7.289686274214117 -6.845471059286885 7.8
    endloop
  endfacet
  facet normal 0.8443279255020154 -0.535826794978996 0
    outer loop
      vertex 8.090169943749475 -5.877852522924732 4.8
      vertex 8.763066800438635 -4.817536741017154 7.8
      vertex 8.090169943749475 -5.877852522924732 7.8
    endloop
  endfacet
  facet normal 0.9048270524660191 -0.4257792915650733 0
    outer loop
      vertex 8.763066800438635 -4.817536741017154 4.8
      vertex 9.297764858882513 -3.6812455268467836 7.8
      vertex 8.763066800438635 -4.817536741017154 7.8
    endloop
  endfacet
  facet normal 0.9510565162951534 -0.3090169943749477 0
    outer loop
      vertex 9.297764858882513 -3.6812455268467836 4.8
      vertex 9.685831611286313 -2.4868988716485445 7.8
      vertex 9.297764858882513 -3.6812455268467836 7.8
    endloop
  endfacet
  facet normal 0.9822872507286887 -0.18738131458572432 0
    outer loop
      vertex 9.685831611286313 -2.4868988716485445 4.8
      vertex 9.921147013144779 -1.2533323356430406 7.8
      vertex 9.685831611286313 -2.4868988716485445 7.8
    endloop
  endfacet
  facet normal 0.9980267284282717 -0.06279051952931294 0
    outer loop
      vertex 9.921147013144779 -1.2533323356430406 4.8
      vertex 10 0 7.8
      vertex 9.921147013144779 -1.2533323356430406 7.8
    endloop
  endfacet
  facet normal 0.12533323356430473 0.9921147013144778 0
    outer loop
      vertex 0.6279051952931327 9.980267284282716 4.8
      vertex 0.6279051952931327 9.980267284282716 7.8
      vertex 1.8738131458572458 9.822872507286887 4.8
    endloop
  endfacet
  facet normal 0.24868988716485532 0.968583161128631 0
    outer loop
      vertex 1.8738131458572458 9.822872507286887 4.8
      vertex 1.8738131458572458 9.822872507286887 7.8
      vertex 3.090169943749474 9.510565162951535 4.8
    endloop
  endfacet
  facet normal 0.3681245526846773 0.9297764858882517 0
    outer loop
      vertex 4.257792915650727 9.048270524660195 4.8
      vertex 3.090169943749474 9.510565162951535 4.8
      vertex 3.090169943749474 9.510565162951535 7.8
    endloop
  endfacet
  facet normal 0.48175367410171493 0.8763066800438638 0
    outer loop
      vertex 4.257792915650727 9.048270524660195 4.8
      vertex 4.257792915650727 9.048270524660195 7.8
      vertex 5.358267949789966 8.443279255020151 4.8
    endloop
  endfacet
  facet normal 0.844327925502015 0.5358267949789968 0
    outer loop
      vertex 8.763066800438637 4.817536741017153 4.8
      vertex 8.090169943749475 5.877852522924732 4.8
      vertex 8.090169943749475 5.877852522924732 7.8
    endloop
  endfacet
  facet normal 0.9822872507286885 0.18738131458572546 0
    outer loop
      vertex 9.921147013144779 1.2533323356430426 4.8
      vertex 9.68583161128631 2.486898871648548 4.8
      vertex 9.68583161128631 2.486898871648548 7.8
    endloop
  endfacet
  facet normal 0.9980267284282716 0.06279051952931283 0
    outer loop
      vertex 10 0 4.8
      vertex 9.921147013144779 1.2533323356430426 4.8
      vertex 9.921147013144779 1.2533323356430426 7.8
    endloop
  endfacet
  facet normal 0.9510565162951534 0.30901699437494823 0
    outer loop
      vertex 9.68583161128631 2.486898871648548 4.8
      vertex 9.297764858882513 3.6812455268467796 4.8
      vertex 9.297764858882513 3.6812455268467796 7.8
    endloop
  endfacet
  facet normal 0.9048270524660202 0.42577929156507127 0
    outer loop
      vertex 8.763066800438637 4.817536741017153 4.8
      vertex 8.763066800438637 4.817536741017153 7.8
      vertex 9.297764858882513 3.6812455268467796 4.8
    endloop
  endfacet
  facet normal 0.5877852522924738 0.8090169943749468 0
    outer loop
      vertex 5.358267949789966 8.443279255020151 4.8
      vertex 5.358267949789966 8.443279255020151 7.8
      vertex 6.3742398974868975 7.705132427757891 4.8
    endloop
  endfacet
  facet normal 0.6845471059286878 0.7289686274214123 0
    outer loop
      vertex 6.3742398974868975 7.705132427757891 4.8
      vertex 6.3742398974868975 7.705132427757891 7.8
      vertex 7.289686274214116 6.845471059286887 4.8
    endloop
  endfacet
  facet normal 0.7705132427757895 0.6374239897486895 0
    outer loop
      vertex 8.090169943749475 5.877852522924732 4.8
      vertex 7.289686274214116 6.845471059286887 4.8
      vertex 7.289686274214116 6.845471059286887 7.8
    endloop
  endfacet
  facet normal 0 1 0
    outer loop
      vertex -0.6279051952931319 9.980267284282716 7.8
      vertex 0.6279051952931327 9.980267284282716 7.8
      vertex 0.6279051952931327 9.980267284282716 4.8
    endloop
  endfacet
  facet normal 0.12533323356430473 0.9921147013144778 0
    outer loop
      vertex 1.8738131458572458 9.822872507286887 4.8
      vertex 0.6279051952931327 9.980267284282716 7.8
      vertex 1.8738131458572458 9.822872507286887 7.8
    endloop
  endfacet
  facet normal 0.24868988716485532 0.968583161128631 0
    outer loop
      vertex 3.090169943749474 9.510565162951535 4.8
      vertex 1.8738131458572458 9.822872507286887 7.8
      vertex 3.090169943749474 9.510565162951535 7.8
    endloop
  endfacet
  facet normal 0.3681245526846773 0.9297764858882517 0
    outer loop
      vertex 4.257792915650727 9.048270524660195 4.8
      vertex 3.090169943749474 9.510565162951535 7.8
      vertex 4.257792915650727 9.048270524660195 7.8
    endloop
  endfacet
  facet normal 0.48175367410171493 0.8763066800438638 0
    outer loop
      vertex 5.358267949789966 8.443279255020151 4.8
      vertex 4.257792915650727 9.048270524660195 7.8
      vertex 5.358267949789966 8.443279255020151 7.8
    endloop
  endfacet
  facet normal 0.9822872507286885 0.18738131458572546 0
    outer loop
      vertex 9.921147013144779 1.2533323356430426 4.8
      vertex 9.68583161128631 2.486898871648548 7.8
      vertex 9.921147013144779 1.2533323356430426 7.8
    endloop
  endfacet
  facet normal 0.9980267284282716 0.06279051952931283 0
    outer loop
      vertex 10 0 4.8
      vertex 9.921147013144779 1.2533323356430426 7.8
      vertex 10 0 7.8
    endloop
  endfacet
  facet normal 0.9048270524660202 0.42577929156507127 0
    outer loop
      vertex 9.297764858882513 3.6812455268467796 4.8
      vertex 8.763066800438637 4.817536741017153 7.8
      vertex 9.297764858882513 3.6812455268467796 7.8
    endloop
  endfacet
  facet normal 0.9510565162951534 0.30901699437494823 0
    outer loop
      vertex 9.68583161128631 2.486898871648548 4.8
      vertex 9.297764858882513 3.6812455268467796 7.8
      vertex 9.68583161128631 2.486898871648548 7.8
    endloop
  endfacet
  facet normal 0.844327925502015 0.5358267949789968 0
    outer loop
      vertex 8.763066800438637 4.817536741017153 4.8
      vertex 8.090169943749475 5.877852522924732 7.8
      vertex 8.763066800438637 4.817536741017153 7.8
    endloop
  endfacet
  facet normal 0.5877852522924738 0.8090169943749468 0
    outer loop
      vertex 6.3742398974868975 7.705132427757891 4.8
      vertex 5.358267949789966 8.443279255020151 7.8
      vertex 6.3742398974868975 7.705132427757891 7.8
    endloop
  endfacet
  facet normal 0.6845471059286878 0.7289686274214123 0
    outer loop
      vertex 7.289686274214116 6.845471059286887 4.8
      vertex 6.3742398974868975 7.705132427757891 7.8
      vertex 7.289686274214116 6.845471059286887 7.8
    endloop
  endfacet
  facet normal 0.7705132427757895 0.6374239897486895 0
    outer loop
      vertex 8.090169943749475 5.877852522924732 4.8
      vertex 7.289686274214116 6.845471059286887 7.8
      vertex 8.090169943749475 5.877852522924732 7.8
    endloop
  endfacet
  facet normal -0.7705132427757889 -0.6374239897486902 0
    outer loop
      vertex -7.289686274214117 -6.845471059286885 1.2000000000000002
      vertex -8.090169943749475 -5.877852522924732 4.2
      vertex -8.090169943749475 -5.877852522924732 1.2000000000000002
    endloop
  endfacet
  facet normal -0.6845471059286895 -0.7289686274214109 0
    outer loop
      vertex -7.289686274214117 -6.845471059286885 1.2000000000000002
      vertex -6.374239897486897 -7.705132427757894 1.2000000000000002
      vertex -7.289686274214117 -6.845471059286885 4.8
    endloop
  endfacet
  facet normal -0.5877852522924721 -0.8090169943749481 0
    outer loop
      vertex -6.374239897486897 -7.705132427757894 1.2000000000000002
      vertex -5.358267949789967 -8.44327925502015 1.2000000000000002
      vertex -6.374239897486897 -7.705132427757894 4.8
    endloop
  endfacet
  facet normal -0.7705132427757888 -0.6374239897486903 0
    outer loop
      vertex -7.289686274214117 -6.845471059286885 1.2000000000000002
      vertex -8.090169943749475 -5.877852522924732 4.8
      vertex -8.090169943749475 -5.877852522924732 4.2
    endloop
  endfacet
  facet normal -0.7705132427757889 -0.6374239897486902 0
    outer loop
      vertex -7.289686274214117 -6.845471059286885 1.2000000000000002
      vertex -7.289686274214117 -6.845471059286885 4.8
      vertex -8.090169943749475 -5.877852522924732 4.8
    endloop
  endfacet
  facet normal -0.6845471059286895 -0.7289686274214109 0
    outer loop
      vertex -7.289686274214117 -6.845471059286885 4.8
      vertex -6.374239897486897 -7.705132427757894 1.2000000000000002
      vertex -6.374239897486897 -7.705132427757894 4.8
    endloop
  endfacet
  facet normal -0.5877852522924721 -0.8090169943749481 0
    outer loop
      vertex -6.374239897486897 -7.705132427757894 4.8
      vertex -5.358267949789967 -8.44327925502015 1.2000000000000002
      vertex -5.358267949789967 -8.44327925502015 4.8
    endloop
  endfacet
  facet normal -0.8443279255020155 -0.5358267949789961 0
    outer loop
      vertex -8.090169943749475 -5.877852522924732 1.2000000000000002
      vertex -8.763066800438635 -4.817536741017154 1.7999999999999998
      vertex -8.763066800438635 -4.817536741017154 1.2000000000000002
    endloop
  endfacet
  facet normal -0.9048270524660195 -0.42577929156507305 -8.840689907867813e-16
    outer loop
      vertex -9.297764858882514 -3.6812455268467787 1.2000000000000002
      vertex -8.763066800438635 -4.817536741017154 1.2000000000000002
      vertex -8.852183143512615 -4.628154871988758 1.7999999999999998
    endloop
  endfacet
  facet normal -0.8443279255020155 -0.535826794978996 0
    outer loop
      vertex -8.090169943749475 -5.877852522924732 1.2000000000000002
      vertex -8.763066800438635 -4.817536741017154 4.2
      vertex -8.763066800438635 -4.817536741017154 1.7999999999999998
    endloop
  endfacet
  facet normal -0.9048270524660184 -0.4257792915650752 0
    outer loop
      vertex -8.852183143512615 -4.628154871988758 1.7999999999999998
      vertex -8.763066800438635 -4.817536741017154 1.7999999999999998
      vertex -8.763066800438635 -4.817536741017154 4.2
    endloop
  endfacet
  facet normal -0.9510565162951536 -0.30901699437494723 2.652206972360351e-16
    outer loop
      vertex -9.297764858882514 -3.6812455268467787 1.2000000000000002
      vertex -9.62115381921901 -2.6859566475149204 4.2
      vertex -9.68583161128631 -2.4868988716485485 1.2000000000000002
    endloop
  endfacet
  facet normal -0.9048270524660196 -0.42577929156507255 0
    outer loop
      vertex -9.297764858882514 -3.6812455268467787 1.2000000000000002
      vertex -8.852183143512615 -4.628154871988758 1.7999999999999998
      vertex -9.297764858882514 -3.6812455268467787 4.2
    endloop
  endfacet
  facet normal -0.9980267284282716 -0.06279051952931294 0
    outer loop
      vertex -9.921147013144779 -1.2533323356430406 1.2000000000000002
      vertex -10 0 4.8
      vertex -10 0 1.2000000000000002
    endloop
  endfacet
  facet normal -0.9822872507286886 -0.1873813145857251 0
    outer loop
      vertex -9.68583161128631 -2.4868988716485485 1.2000000000000002
      vertex -9.921147013144779 -1.2533323356430406 4.8
      vertex -9.921147013144779 -1.2533323356430406 1.2000000000000002
    endloop
  endfacet
  facet normal -0.9048270524660196 -0.42577929156507255 2.652206972360343e-16
    outer loop
      vertex -9.208648515808534 -3.8706273958751747 4.2
      vertex -8.852183143512615 -4.628154871988758 1.7999999999999998
      vertex -8.763066800438635 -4.817536741017154 4.2
    endloop
  endfacet
  facet normal -0.951056516295154 -0.3090169943749465 0
    outer loop
      vertex -9.297764858882514 -3.6812455268467787 1.2000000000000002
      vertex -9.297764858882514 -3.6812455268467787 4.2
      vertex -9.62115381921901 -2.6859566475149204 4.2
    endloop
  endfacet
  facet normal -0.9048270524660184 -0.4257792915650752 1.2432220182939084e-15
    outer loop
      vertex -9.208648515808534 -3.8706273958751747 4.2
      vertex -9.297764858882514 -3.6812455268467787 4.2
      vertex -8.852183143512615 -4.628154871988758 1.7999999999999998
    endloop
  endfacet
  facet normal -0.9048270524660184 -0.42577929156507516 0
    outer loop
      vertex -9.208648515808534 -3.8706273958751747 4.2
      vertex -9.297764858882514 -3.6812455268467787 4.5
      vertex -9.297764858882514 -3.6812455268467787 4.2
    endloop
  endfacet
  facet normal -0.9048270524660184 -0.42577929156507516 0
    outer loop
      vertex -8.852183143512615 -4.628154871988758 4.8
      vertex -8.763066800438635 -4.817536741017154 4.2
      vertex -8.763066800438635 -4.817536741017154 4.8
    endloop
  endfacet
  facet normal -0.9048270524660184 -0.42577929156507516 0
    outer loop
      vertex -9.208648515808534 -3.8706273958751747 4.2
      vertex -9.297764858882514 -3.6812455268467787 4.8
      vertex -9.297764858882514 -3.6812455268467787 4.5
    endloop
  endfacet
  facet normal -0.9510565162951523 -0.30901699437495084 0
    outer loop
      vertex -9.297764858882514 -3.6812455268467787 4.5
      vertex -9.297764858882514 -3.6812455268467787 4.8
      vertex -9.362442650949815 -3.482187750980407 4.8
    endloop
  endfacet
  facet normal -0.9980267284282716 -0.06279051952931294 0
    outer loop
      vertex -9.921147013144779 -1.2533323356430406 1.2000000000000002
      vertex -9.921147013144779 -1.2533323356430406 4.8
      vertex -10 0 4.8
    endloop
  endfacet
  facet normal -0.9510565162951524 -0.30901699437495084 0
    outer loop
      vertex -9.68583161128631 -2.4868988716485485 1.2000000000000002
      vertex -9.62115381921901 -2.6859566475149204 4.2
      vertex -9.68583161128631 -2.4868988716485485 4.8
    endloop
  endfacet
  facet normal -0.9822872507286886 -0.1873813145857251 0
    outer loop
      vertex -9.68583161128631 -2.4868988716485485 1.2000000000000002
      vertex -9.68583161128631 -2.4868988716485485 4.8
      vertex -9.921147013144779 -1.2533323356430406 4.8
    endloop
  endfacet
  facet normal -0.8443279255020154 -0.535826794978996 0
    outer loop
      vertex -8.090169943749475 -5.877852522924732 1.2000000000000002
      vertex -8.090169943749475 -5.877852522924732 4.2
      vertex -8.763066800438635 -4.817536741017154 4.2
    endloop
  endfacet
  facet normal -0.4817536741017159 -0.8763066800438633 -1.1050862384834743e-16
    outer loop
      vertex -5.358267949789967 -8.44327925502015 1.2000000000000002
      vertex -4.257792915650724 -9.048270524660197 1.2000000000000002
      vertex -5.174855444100094 -8.544111133293491 4.2
    endloop
  endfacet
  facet normal -0.3681245526846768 -0.9297764858882519 0
    outer loop
      vertex -3.090169943749474 -9.510565162951535 1.2000000000000002
      vertex -4.257792915650724 -9.048270524660197 4.2
      vertex -4.257792915650724 -9.048270524660197 1.2000000000000002
    endloop
  endfacet
  facet normal -0.24868988716485582 -0.968583161128631 0
    outer loop
      vertex -3.090169943749474 -9.510565162951535 1.2000000000000002
      vertex -1.8738131458572482 -9.822872507286887 1.2000000000000002
      vertex -3.090169943749474 -9.510565162951535 4.2
    endloop
  endfacet
  facet normal -0.12533323356430498 -0.9921147013144778 0
    outer loop
      vertex -1.8738131458572482 -9.822872507286887 1.2000000000000002
      vertex -0.6279051952931376 -9.980267284282716 1.2000000000000002
      vertex -1.8738131458572482 -9.822872507286887 4.2
    endloop
  endfacet
  facet normal 0 -1 0
    outer loop
      vertex -0.6279051952931376 -9.980267284282716 1.2000000000000002
      vertex 0.6279051952931376 -9.980267284282716 1.2000000000000002
      vertex -0.6279051952931376 -9.980267284282716 4.2
    endloop
  endfacet
  facet normal -0.48175367410171555 -0.8763066800438634 0
    outer loop
      vertex -5.174855444100094 -8.544111133293491 4.2
      vertex -4.257792915650724 -9.048270524660197 1.2000000000000002
      vertex -4.257792915650724 -9.048270524660197 4.2
    endloop
  endfacet
  facet normal -0.3681245526846769 -0.9297764858882519 0
    outer loop
      vertex -3.090169943749474 -9.510565162951535 1.2000000000000002
      vertex -4.257792915650724 -9.048270524660197 4.8
      vertex -4.257792915650724 -9.048270524660197 4.2
    endloop
  endfacet
  facet normal -0.3681245526846768 -0.9297764858882519 0
    outer loop
      vertex -3.090169943749474 -9.510565162951535 1.2000000000000002
      vertex -3.090169943749474 -9.510565162951535 4.2
      vertex -4.257792915650724 -9.048270524660197 4.8
    endloop
  endfacet
  facet normal -0.3681245526846768 -0.9297764858882519 0
    outer loop
      vertex -3.090169943749474 -9.510565162951535 4.2
      vertex -3.090169943749474 -9.510565162951535 4.8
      vertex -4.257792915650724 -9.048270524660197 4.8
    endloop
  endfacet
  facet normal -0.48175367410171727 -0.8763066800438624 0
    outer loop
      vertex -5.358267949789967 -8.44327925502015 1.2000000000000002
      vertex -5.174855444100094 -8.544111133293491 4.2
      vertex -5.358267949789967 -8.44327925502015 4.8
    endloop
  endfacet
  facet normal -0.24868988716485582 -0.968583161128631 0
    outer loop
      vertex -3.090169943749474 -9.510565162951535 4.2
      vertex -1.8738131458572482 -9.822872507286887 1.2000000000000002
      vertex -1.8738131458572482 -9.822872507286887 4.2
    endloop
  endfacet
  facet normal -0.12533323356430498 -0.9921147013144777 0
    outer loop
      vertex -1.8738131458572482 -9.822872507286887 4.2
      vertex -0.6279051952931376 -9.980267284282716 1.2000000000000002
      vertex -1.8738131458572482 -9.822872507286887 4.8
    endloop
  endfacet
  facet normal -0.12533323356430492 -0.9921147013144777 0
    outer loop
      vertex -1.8738131458572482 -9.822872507286887 4.8
      vertex -0.6279051952931376 -9.980267284282716 1.2000000000000002
      vertex -0.6279051952931376 -9.980267284282716 4.2
    endloop
  endfacet
  facet normal -0.12533323356430498 -0.9921147013144777 0
    outer loop
      vertex -1.8738131458572482 -9.822872507286887 4.8
      vertex -0.6279051952931376 -9.980267284282716 4.2
      vertex -0.6279051952931376 -9.980267284282716 4.8
    endloop
  endfacet
  facet normal -0.9822872507286892 0.1873813145857225 0
    outer loop
      vertex -9.725050844929388 2.281304448980964 1.2000000000000002
      vertex -9.68583161128631 2.4868988716485485 1.7999999999999998
      vertex -9.68583161128631 2.4868988716485485 1.2000000000000002
    endloop
  endfacet
  facet normal -0.9980267284282716 0.06279051952931294 0
    outer loop
      vertex -10 0 1.2000000000000002
      vertex -9.921147013144779 1.2533323356430406 4.8
      vertex -9.921147013144779 1.2533323356430406 1.2000000000000002
    endloop
  endfacet
  facet normal -0.982287250728689 0.18738131458572244 0
    outer loop
      vertex -9.921147013144779 1.2533323356430406 1.2000000000000002
      vertex -9.921147013144779 1.2533323356430406 4.8
      vertex -9.881927779501702 1.4589267583106251 1.7999999999999998
    endloop
  endfacet
  facet normal -0.9822872507286885 0.18738131458572563 0
    outer loop
      vertex -9.881927779501702 1.4589267583106251 1.7999999999999998
      vertex -9.68583161128631 2.4868988716485485 4.8
      vertex -9.68583161128631 2.4868988716485485 1.7999999999999998
    endloop
  endfacet
  facet normal -0.9510565162951536 0.30901699437494723 0
    outer loop
      vertex -9.68583161128631 2.4868988716485485 1.2000000000000002
      vertex -9.68583161128631 2.4868988716485485 1.7999999999999998
      vertex -9.297764858882514 3.6812455268467787 4.8
    endloop
  endfacet
  facet normal -0.9510565162951535 0.3090169943749472 0
    outer loop
      vertex -9.68583161128631 2.4868988716485485 1.2000000000000002
      vertex -9.297764858882514 3.6812455268467787 4.8
      vertex -9.297764858882514 3.6812455268467787 1.2000000000000002
    endloop
  endfacet
  facet normal -0.9048270524660195 0.42577929156507305 0
    outer loop
      vertex -9.297764858882514 3.6812455268467787 1.2000000000000002
      vertex -8.763066800438635 4.817536741017154 4.2
      vertex -8.763066800438635 4.817536741017154 1.2000000000000002
    endloop
  endfacet
  facet normal -0.8443279255020154 0.535826794978996 0
    outer loop
      vertex -8.763066800438635 4.817536741017154 1.2000000000000002
      vertex -8.090169943749475 5.877852522924732 4.2
      vertex -8.090169943749475 5.877852522924732 1.2000000000000002
    endloop
  endfacet
  facet normal -0.9980267284282716 0.06279051952931294 0
    outer loop
      vertex -10 0 1.2000000000000002
      vertex -10 0 4.8
      vertex -9.921147013144779 1.2533323356430406 4.8
    endloop
  endfacet
  facet normal -0.9822872507286885 0.1873813145857251 1.8786466054219084e-16
    outer loop
      vertex -9.881927779501702 1.4589267583106251 1.7999999999999998
      vertex -9.921147013144779 1.2533323356430406 4.8
      vertex -9.68583161128631 2.4868988716485485 4.8
    endloop
  endfacet
  facet normal -0.9048270524660194 0.425779291565073 0
    outer loop
      vertex -9.297764858882514 3.6812455268467787 1.2000000000000002
      vertex -9.297764858882514 3.6812455268467787 4.8
      vertex -8.763066800438635 4.817536741017154 4.8
    endloop
  endfacet
  facet normal -0.9510565162951536 0.30901699437494723 0
    outer loop
      vertex -9.68583161128631 2.4868988716485485 1.7999999999999998
      vertex -9.68583161128631 2.4868988716485485 4.8
      vertex -9.297764858882514 3.6812455268467787 4.8
    endloop
  endfacet
  facet normal -0.9048270524660194 0.4257792915650729 0
    outer loop
      vertex -9.297764858882514 3.6812455268467787 1.2000000000000002
      vertex -8.763066800438635 4.817536741017154 4.8
      vertex -8.763066800438635 4.817536741017154 4.2
    endloop
  endfacet
  facet normal -0.8443279255020154 0.535826794978996 0
    outer loop
      vertex -8.763066800438635 4.817536741017154 1.2000000000000002
      vertex -8.763066800438635 4.817536741017154 4.2
      vertex -8.090169943749475 5.877852522924732 4.2
    endloop
  endfacet
  facet normal -0.8443279255020154 0.535826794978996 0
    outer loop
      vertex -8.763066800438635 4.817536741017154 4.2
      vertex -8.763066800438635 4.817536741017154 4.8
      vertex -8.650917324323775 4.99425603800175 4.8
    endloop
  endfacet
  facet normal -0.6845471059286896 0.7289686274214106 0
    outer loop
      vertex -6.5268142936080995 7.561855533012726 1.2000000000000002
      vertex -6.374239897486897 7.705132427757894 1.7999999999999998
      vertex -6.374239897486897 7.705132427757894 1.2000000000000002
    endloop
  endfacet
  facet normal -0.7705132427757889 0.6374239897486902 0
    outer loop
      vertex -8.090169943749475 5.877852522924732 1.2000000000000002
      vertex -7.289686274214117 6.845471059286885 4.8
      vertex -7.289686274214117 6.845471059286885 1.2000000000000002
    endloop
  endfacet
  facet normal -0.6845471059286897 0.7289686274214106 0
    outer loop
      vertex -7.289686274214117 6.845471059286885 1.2000000000000002
      vertex -7.289686274214117 6.845471059286885 4.8
      vertex -7.137111878092914 6.9887479540320525 1.7999999999999998
    endloop
  endfacet
  facet normal -0.5877852522924722 0.8090169943749481 0
    outer loop
      vertex -6.374239897486897 7.705132427757894 1.2000000000000002
      vertex -5.358267949789967 8.44327925502015 4.2
      vertex -5.358267949789967 8.44327925502015 1.2000000000000002
    endloop
  endfacet
  facet normal -0.6845471059286893 0.7289686274214109 0
    outer loop
      vertex -7.137111878092914 6.9887479540320525 1.7999999999999998
      vertex -6.374239897486897 7.705132427757894 4.8
      vertex -6.374239897486897 7.705132427757894 1.7999999999999998
    endloop
  endfacet
  facet normal -0.5877852522924722 0.8090169943749481 0
    outer loop
      vertex -6.374239897486897 7.705132427757894 1.2000000000000002
      vertex -6.374239897486897 7.705132427757894 1.7999999999999998
      vertex -5.358267949789967 8.44327925502015 4.2
    endloop
  endfacet
  facet normal -0.7705132427757889 0.6374239897486902 0
    outer loop
      vertex -8.090169943749475 5.877852522924732 1.2000000000000002
      vertex -8.090169943749475 5.877852522924732 4.2
      vertex -7.289686274214117 6.845471059286885 4.8
    endloop
  endfacet
  facet normal -0.5877852522924722 0.8090169943749481 0
    outer loop
      vertex -6.374239897486897 7.705132427757894 1.7999999999999998
      vertex -6.374239897486897 7.705132427757894 4.8
      vertex -5.358267949789967 8.44327925502015 4.2
    endloop
  endfacet
  facet normal -0.6845471059286894 0.7289686274214109 2.9468966359559316e-17
    outer loop
      vertex -7.137111878092914 6.9887479540320525 1.7999999999999998
      vertex -7.289686274214117 6.845471059286885 4.8
      vertex -6.374239897486897 7.705132427757894 4.8
    endloop
  endfacet
  facet normal -0.7705132427757889 0.6374239897486901 0
    outer loop
      vertex -8.090169943749475 5.877852522924732 4.2
      vertex -8.090169943749475 5.877852522924732 4.8
      vertex -7.289686274214117 6.845471059286885 4.8
    endloop
  endfacet
  facet normal -0.5877852522924722 0.8090169943749481 0
    outer loop
      vertex -6.374239897486897 7.705132427757894 4.8
      vertex -5.358267949789967 8.44327925502015 4.8
      vertex -5.358267949789967 8.44327925502015 4.2
    endloop
  endfacet
  facet normal -0.48175367410171566 0.8763066800438633 0
    outer loop
      vertex -5.358267949789967 8.44327925502015 1.2000000000000002
      vertex -4.257792915650727 9.048270524660195 4.8
      vertex -4.257792915650727 9.048270524660195 1.2000000000000002
    endloop
  endfacet
  facet normal -0.36812455268467736 0.9297764858882517 0
    outer loop
      vertex -4.257792915650727 9.048270524660195 1.2000000000000002
      vertex -3.090169943749474 9.510565162951535 4.8
      vertex -3.090169943749474 9.510565162951535 1.2000000000000002
    endloop
  endfacet
  facet normal -0.12533323356430523 0.9921147013144777 2.7627155962087068e-17
    outer loop
      vertex -0.8355565203871507 9.954034821450078 1.2000000000000002
      vertex -0.6279051952931326 9.980267284282716 1.7999999999999998
      vertex -0.6279051952931327 9.980267284282716 1.2000000000000002
    endloop
  endfacet
  facet normal -0.24868988716485535 0.9685831611286311 0
    outer loop
      vertex -3.090169943749474 9.510565162951535 1.2000000000000002
      vertex -1.8738131458572458 9.822872507286887 4.8
      vertex -1.8738131458572458 9.822872507286887 1.2000000000000002
    endloop
  endfacet
  facet normal -0.12533323356430473 0.9921147013144779 0
    outer loop
      vertex -1.8738131458572458 9.822872507286887 1.2000000000000002
      vertex -1.8738131458572458 9.822872507286887 4.8
      vertex -1.666161820763227 9.849104970119525 1.7999999999999998
    endloop
  endfacet
  facet normal -0.1253332335643047 0.9921147013144778 2.6522069723603453e-17
    outer loop
      vertex -1.666161820763227 9.849104970119525 1.7999999999999998
      vertex -0.6279051952931319 9.980267284282716 4.8
      vertex -0.6279051952931326 9.980267284282716 1.7999999999999998
    endloop
  endfacet
  facet normal 0 1 0
    outer loop
      vertex -0.6279051952931327 9.980267284282716 1.2000000000000002
      vertex -0.6279051952931326 9.980267284282716 1.7999999999999998
      vertex 0.6279051952931327 9.980267284282716 4.8
    endloop
  endfacet
  facet normal -0.48175367410171566 0.8763066800438633 0
    outer loop
      vertex -5.358267949789967 8.44327925502015 1.2000000000000002
      vertex -5.358267949789967 8.44327925502015 4.2
      vertex -4.257792915650727 9.048270524660195 4.8
    endloop
  endfacet
  facet normal -0.36812455268467736 0.9297764858882517 0
    outer loop
      vertex -4.257792915650727 9.048270524660195 1.2000000000000002
      vertex -4.257792915650727 9.048270524660195 4.8
      vertex -3.090169943749474 9.510565162951535 4.8
    endloop
  endfacet
  facet normal -0.4817536741017154 0.8763066800438637 -7.514586421687653e-16
    outer loop
      vertex -5.358267949789967 8.44327925502015 4.2
      vertex -5.174855444100094 8.544111133293491 4.8
      vertex -4.257792915650727 9.048270524660195 4.8
    endloop
  endfacet
  facet normal -0.24868988716485535 0.9685831611286311 0
    outer loop
      vertex -3.090169943749474 9.510565162951535 1.2000000000000002
      vertex -3.090169943749474 9.510565162951535 4.8
      vertex -1.8738131458572458 9.822872507286887 4.8
    endloop
  endfacet
  facet normal -0.12533323356430465 0.9921147013144778 5.525431192417384e-18
    outer loop
      vertex -1.8738131458572458 9.822872507286887 4.8
      vertex -0.6279051952931319 9.980267284282716 4.8
      vertex -1.666161820763227 9.849104970119525 1.7999999999999998
    endloop
  endfacet
  facet normal 0 1 0
    outer loop
      vertex -0.6279051952931326 9.980267284282716 1.7999999999999998
      vertex -0.6279051952931319 9.980267284282716 4.8
      vertex 0.6279051952931327 9.980267284282716 4.8
    endloop
  endfacet
  facet normal 0.12533323356430498 -0.9921147013144778 0
    outer loop
      vertex 0.6279051952931376 -9.980267284282716 1.2000000000000002
      vertex 1.8738131458572482 -9.822872507286887 1.2000000000000002
      vertex 0.6279051952931376 -9.980267284282716 4.2
    endloop
  endfacet
  facet normal 0.24868988716485585 -0.968583161128631 0
    outer loop
      vertex 1.8738131458572482 -9.822872507286887 1.2000000000000002
      vertex 3.090169943749474 -9.510565162951535 1.2000000000000002
      vertex 1.8738131458572482 -9.822872507286887 4.8
    endloop
  endfacet
  facet normal 0.36812455268467686 -0.9297764858882519 0
    outer loop
      vertex 3.090169943749474 -9.510565162951535 1.2000000000000002
      vertex 4.257792915650724 -9.048270524660197 1.2000000000000002
      vertex 3.090169943749474 -9.510565162951535 4.8
    endloop
  endfacet
  facet normal 0.4817536741017156 -0.8763066800438635 0
    outer loop
      vertex 4.257792915650724 -9.048270524660197 1.2000000000000002
      vertex 5.358267949789962 -8.443279255020153 1.2000000000000002
      vertex 4.257792915650724 -9.048270524660197 4.8
    endloop
  endfacet
  facet normal 0 -1 0
    outer loop
      vertex -0.6279051952931376 -9.980267284282716 4.2
      vertex 0.6279051952931376 -9.980267284282716 1.2000000000000002
      vertex 0.6279051952931376 -9.980267284282716 4.2
    endloop
  endfacet
  facet normal 0.12533323356430498 -0.9921147013144777 0
    outer loop
      vertex 0.6279051952931376 -9.980267284282716 4.2
      vertex 1.8738131458572482 -9.822872507286887 1.2000000000000002
      vertex 0.6279051952931376 -9.980267284282716 4.8
    endloop
  endfacet
  facet normal 0.12533323356430495 -0.9921147013144777 0
    outer loop
      vertex 0.6279051952931376 -9.980267284282716 4.8
      vertex 1.8738131458572482 -9.822872507286887 1.2000000000000002
      vertex 1.8738131458572482 -9.822872507286887 4.8
    endloop
  endfacet
  facet normal 0.24868988716485585 -0.968583161128631 0
    outer loop
      vertex 1.8738131458572482 -9.822872507286887 4.8
      vertex 3.090169943749474 -9.510565162951535 1.2000000000000002
      vertex 3.090169943749474 -9.510565162951535 4.8
    endloop
  endfacet
  facet normal 0.36812455268467686 -0.9297764858882519 0
    outer loop
      vertex 3.090169943749474 -9.510565162951535 4.8
      vertex 4.257792915650724 -9.048270524660197 1.2000000000000002
      vertex 4.257792915650724 -9.048270524660197 4.8
    endloop
  endfacet
  facet normal 0.4817536741017156 -0.8763066800438635 0
    outer loop
      vertex 4.257792915650724 -9.048270524660197 4.8
      vertex 5.358267949789962 -8.443279255020153 1.2000000000000002
      vertex 5.358267949789962 -8.443279255020153 4.8
    endloop
  endfacet
  facet normal 0.6845471059286893 -0.728968627421411 0
    outer loop
      vertex 6.3742398974869 -7.70513242775789 1.2000000000000002
      vertex 7.289686274214117 -6.845471059286885 1.2000000000000002
      vertex 6.3742398974869 -7.70513242775789 4.2
    endloop
  endfacet
  facet normal 0.5877852522924725 -0.8090169943749478 0
    outer loop
      vertex 5.358267949789962 -8.443279255020153 1.2000000000000002
      vertex 6.3742398974869 -7.70513242775789 1.2000000000000002
      vertex 5.358267949789962 -8.443279255020153 4.8
    endloop
  endfacet
  facet normal 0.7705132427757889 -0.6374239897486902 0
    outer loop
      vertex 7.289686274214117 -6.845471059286885 1.2000000000000002
      vertex 8.090169943749475 -5.877852522924732 1.2000000000000002
      vertex 7.289686274214117 -6.845471059286885 4.8
    endloop
  endfacet
  facet normal 0.5877852522924724 -0.809016994374948 -8.840689907867768e-17
    outer loop
      vertex 5.358267949789962 -8.443279255020153 4.8
      vertex 6.3742398974869 -7.70513242775789 1.2000000000000002
      vertex 6.20491123953741 -7.828156898968268 4.8
    endloop
  endfacet
  facet normal 0.5877852522924736 -0.8090169943749473 0
    outer loop
      vertex 6.20491123953741 -7.828156898968268 4.8
      vertex 6.3742398974869 -7.70513242775789 1.2000000000000002
      vertex 6.3742398974869 -7.70513242775789 4.2
    endloop
  endfacet
  facet normal 0.6845471059286893 -0.7289686274214109 0
    outer loop
      vertex 6.3742398974869 -7.70513242775789 4.2
      vertex 7.289686274214117 -6.845471059286885 1.2000000000000002
      vertex 7.289686274214117 -6.845471059286885 4.8
    endloop
  endfacet
  facet normal 0.7705132427757889 -0.6374239897486902 0
    outer loop
      vertex 7.289686274214117 -6.845471059286885 4.8
      vertex 8.090169943749475 -5.877852522924732 1.2000000000000002
      vertex 8.090169943749475 -5.877852522924732 4.8
    endloop
  endfacet
  facet normal 0.6845471059286893 -0.7289686274214109 0
    outer loop
      vertex 6.3742398974869 -7.70513242775789 4.2
      vertex 7.289686274214117 -6.845471059286885 4.8
      vertex 6.3742398974869 -7.70513242775789 4.8
    endloop
  endfacet
  facet normal 0.8443279255020155 -0.5358267949789961 0
    outer loop
      vertex 8.090169943749475 -5.877852522924732 1.2000000000000002
      vertex 8.763066800438635 -4.817536741017154 1.2000000000000002
      vertex 8.090169943749475 -5.877852522924732 4.8
    endloop
  endfacet
  facet normal 0.9048270524660192 -0.4257792915650733 0
    outer loop
      vertex 8.763066800438635 -4.817536741017154 1.2000000000000002
      vertex 9.297764858882513 -3.6812455268467836 1.2000000000000002
      vertex 8.763066800438635 -4.817536741017154 4.8
    endloop
  endfacet
  facet normal 0.9510565162951535 -0.30901699437494773 0
    outer loop
      vertex 9.297764858882513 -3.6812455268467836 1.2000000000000002
      vertex 9.685831611286313 -2.4868988716485445 1.2000000000000002
      vertex 9.297764858882513 -3.6812455268467836 4.8
    endloop
  endfacet
  facet normal 0.9822872507286887 -0.18738131458572435 0
    outer loop
      vertex 9.685831611286313 -2.4868988716485445 1.2000000000000002
      vertex 9.921147013144779 -1.2533323356430406 1.2000000000000002
      vertex 9.685831611286313 -2.4868988716485445 4.8
    endloop
  endfacet
  facet normal 0.9980267284282716 -0.06279051952931294 0
    outer loop
      vertex 9.921147013144779 -1.2533323356430406 1.2000000000000002
      vertex 10 0 1.2000000000000002
      vertex 9.921147013144779 -1.2533323356430406 4.8
    endloop
  endfacet
  facet normal 0.9980267284282717 -0.06279051952931294 0
    outer loop
      vertex 9.921147013144779 -1.2533323356430406 4.8
      vertex 10 0 1.2000000000000002
      vertex 10 0 1.7999999999999998
    endloop
  endfacet
  facet normal 0.8443279255020155 -0.5358267949789961 0
    outer loop
      vertex 8.090169943749475 -5.877852522924732 4.8
      vertex 8.763066800438635 -4.817536741017154 1.2000000000000002
      vertex 8.763066800438635 -4.817536741017154 4.8
    endloop
  endfacet
  facet normal 0.9048270524660192 -0.4257792915650733 0
    outer loop
      vertex 8.763066800438635 -4.817536741017154 4.8
      vertex 9.297764858882513 -3.6812455268467836 1.2000000000000002
      vertex 9.297764858882513 -3.6812455268467836 4.8
    endloop
  endfacet
  facet normal 0.9510565162951535 -0.30901699437494773 0
    outer loop
      vertex 9.297764858882513 -3.6812455268467836 4.8
      vertex 9.685831611286313 -2.4868988716485445 1.2000000000000002
      vertex 9.685831611286313 -2.4868988716485445 4.8
    endloop
  endfacet
  facet normal 0.9822872507286887 -0.18738131458572435 0
    outer loop
      vertex 9.685831611286313 -2.4868988716485445 4.8
      vertex 9.921147013144779 -1.2533323356430406 1.2000000000000002
      vertex 9.921147013144779 -1.2533323356430406 4.8
    endloop
  endfacet
  facet normal 0.9980267284282717 -0.06279051952931294 0
    outer loop
      vertex 9.921147013144779 -1.2533323356430406 4.8
      vertex 10 0 1.7999999999999998
      vertex 10 0 4.8
    endloop
  endfacet
  facet normal 0 1 0
    outer loop
      vertex -0.6279051952931327 9.980267284282716 1.2000000000000002
      vertex 0.6279051952931327 9.980267284282716 4.8
      vertex 0.6279051952931319 9.980267284282716 1.2000000000000002
    endloop
  endfacet
  facet normal 0.12533323356430462 0.9921147013144777 0
    outer loop
      vertex 0.6279051952931319 9.980267284282716 1.2000000000000002
      vertex 1.8738131458572458 9.822872507286887 4.8
      vertex 1.8738131458572458 9.822872507286887 1.2000000000000002
    endloop
  endfacet
  facet normal 0.24868988716485826 0.9685831611286302 0
    outer loop
      vertex 1.8738131458572458 9.822872507286887 1.2000000000000002
      vertex 1.8738131458572458 9.822872507286887 4.8
      vertex 2.0765392788392836 9.770821283230994 1.7999999999999998
    endloop
  endfacet
  facet normal 0.24868988716485474 0.9685831611286312 0
    outer loop
      vertex 2.0765392788392836 9.770821283230994 1.7999999999999998
      vertex 3.090169943749474 9.510565162951535 4.8
      vertex 3.090169943749474 9.510565162951535 1.7999999999999998
    endloop
  endfacet
  facet normal 0.24868988716485801 0.9685831611286303 0
    outer loop
      vertex 2.887443810767436 9.562616387007427 1.2000000000000002
      vertex 3.090169943749474 9.510565162951535 1.7999999999999998
      vertex 3.090169943749474 9.510565162951535 1.2000000000000002
    endloop
  endfacet
  facet normal 0.36812455268467736 0.9297764858882517 0
    outer loop
      vertex 4.257792915650727 9.048270524660195 4.8
      vertex 3.090169943749474 9.510565162951535 1.2000000000000002
      vertex 3.090169943749474 9.510565162951535 1.7999999999999998
    endloop
  endfacet
  facet normal 0.36812455268467736 0.9297764858882517 0
    outer loop
      vertex 4.257792915650727 9.048270524660195 1.2000000000000002
      vertex 3.090169943749474 9.510565162951535 1.2000000000000002
      vertex 4.257792915650727 9.048270524660195 4.8
    endloop
  endfacet
  facet normal 0.48175367410171493 0.8763066800438638 0
    outer loop
      vertex 4.257792915650727 9.048270524660195 1.2000000000000002
      vertex 5.358267949789966 8.443279255020151 4.8
      vertex 5.358267949789966 8.443279255020151 1.2000000000000002
    endloop
  endfacet
  facet normal 0.1253332335643047 0.9921147013144777 -2.7056524766019307e-17
    outer loop
      vertex 0.6279051952931319 9.980267284282716 1.2000000000000002
      vertex 0.6279051952931327 9.980267284282716 4.8
      vertex 1.8738131458572458 9.822872507286887 4.8
    endloop
  endfacet
  facet normal 0.24868988716485532 0.968583161128631 -2.1365000610680565e-16
    outer loop
      vertex 2.0765392788392836 9.770821283230994 1.7999999999999998
      vertex 1.8738131458572458 9.822872507286887 4.8
      vertex 3.090169943749474 9.510565162951535 4.8
    endloop
  endfacet
  facet normal 0.3681245526846773 0.9297764858882517 0
    outer loop
      vertex 4.257792915650727 9.048270524660195 4.8
      vertex 3.090169943749474 9.510565162951535 1.7999999999999998
      vertex 3.090169943749474 9.510565162951535 4.8
    endloop
  endfacet
  facet normal 0.48175367410171493 0.8763066800438638 0
    outer loop
      vertex 4.257792915650727 9.048270524660195 1.2000000000000002
      vertex 4.257792915650727 9.048270524660195 4.8
      vertex 5.358267949789966 8.443279255020151 4.8
    endloop
  endfacet
  facet normal 0.844327925502015 0.535826794978997 3.53627596314713e-16
    outer loop
      vertex 8.763066800438637 4.817536741017153 1.7999999999999998
      vertex 8.650917324323776 4.994256038001749 1.2000000000000002
      vertex 8.090169943749475 5.877852522924732 1.2000000000000002
    endloop
  endfacet
  facet normal 0.9980267284282717 0.06279051952931006 0
    outer loop
      vertex 10 0 1.2000000000000002
      vertex 9.98685783552413 0.20888872260717364 1.2000000000000002
      vertex 10 0 1.7999999999999998
    endloop
  endfacet
  facet normal 0.9980267284282718 0.06279051952931007 0
    outer loop
      vertex 9.934289177620649 1.044443613035869 1.7999999999999998
      vertex 9.921147013144779 1.2533323356430426 1.2000000000000002
      vertex 9.921147013144779 1.2533323356430426 4.8
    endloop
  endfacet
  facet normal 0.9822872507286885 0.18738131458572546 0
    outer loop
      vertex 9.921147013144779 1.2533323356430426 1.2000000000000002
      vertex 9.68583161128631 2.486898871648548 1.2000000000000002
      vertex 9.921147013144779 1.2533323356430426 4.8
    endloop
  endfacet
  facet normal 0.9980267284282716 0.06279051952931339 0
    outer loop
      vertex 10 0 1.7999999999999998
      vertex 9.934289177620649 1.044443613035869 1.7999999999999998
      vertex 10 0 4.8
    endloop
  endfacet
  facet normal 0.9048270524660201 0.4257792915650712 0
    outer loop
      vertex 8.763066800438637 4.817536741017153 1.2000000000000002
      vertex 9.297764858882513 3.6812455268467796 4.8
      vertex 9.297764858882513 3.6812455268467796 1.2000000000000002
    endloop
  endfacet
  facet normal 0.9510565162951534 0.30901699437494823 0
    outer loop
      vertex 9.68583161128631 2.486898871648548 1.2000000000000002
      vertex 9.297764858882513 3.6812455268467796 1.2000000000000002
      vertex 9.68583161128631 2.486898871648548 4.8
    endloop
  endfacet
  facet normal 0.9048270524660202 0.4257792915650712 0
    outer loop
      vertex 8.763066800438637 4.817536741017153 1.2000000000000002
      vertex 8.763066800438637 4.817536741017153 1.7999999999999998
      vertex 9.297764858882513 3.6812455268467796 4.8
    endloop
  endfacet
  facet normal 0.844327925502015 0.5358267949789968 0
    outer loop
      vertex 8.763066800438637 4.817536741017153 1.7999999999999998
      vertex 8.090169943749475 5.877852522924732 1.2000000000000002
      vertex 8.763066800438637 4.817536741017153 4.8
    endloop
  endfacet
  facet normal 0.844327925502015 0.5358267949789967 0
    outer loop
      vertex 8.763066800438637 4.817536741017153 4.8
      vertex 8.090169943749475 5.877852522924732 1.2000000000000002
      vertex 8.090169943749475 5.877852522924732 4.8
    endloop
  endfacet
  facet normal 0.9822872507286885 0.18738131458572546 0
    outer loop
      vertex 9.921147013144779 1.2533323356430426 4.8
      vertex 9.68583161128631 2.486898871648548 1.2000000000000002
      vertex 9.68583161128631 2.486898871648548 4.8
    endloop
  endfacet
  facet normal 0.9980267284282716 0.06279051952931283 -1.952319021320811e-16
    outer loop
      vertex 10 0 4.8
      vertex 9.934289177620649 1.044443613035869 1.7999999999999998
      vertex 9.921147013144779 1.2533323356430426 4.8
    endloop
  endfacet
  facet normal 0.9510565162951534 0.30901699437494823 0
    outer loop
      vertex 9.68583161128631 2.486898871648548 4.8
      vertex 9.297764858882513 3.6812455268467796 1.2000000000000002
      vertex 9.297764858882513 3.6812455268467796 4.8
    endloop
  endfacet
  facet normal 0.9048270524660202 0.42577929156507127 0
    outer loop
      vertex 8.763066800438637 4.817536741017153 1.7999999999999998
      vertex 8.763066800438637 4.817536741017153 4.8
      vertex 9.297764858882513 3.6812455268467796 4.8
    endloop
  endfacet
  facet normal 0.5877852522924739 0.8090169943749469 0
    outer loop
      vertex 5.358267949789966 8.443279255020151 1.2000000000000002
      vertex 6.3742398974868975 7.705132427757891 4.8
      vertex 6.3742398974868975 7.705132427757891 1.2000000000000002
    endloop
  endfacet
  facet normal 0.6845471059286878 0.7289686274214122 0
    outer loop
      vertex 6.3742398974868975 7.705132427757891 1.2000000000000002
      vertex 7.289686274214116 6.845471059286887 4.8
      vertex 7.289686274214116 6.845471059286887 1.2000000000000002
    endloop
  endfacet
  facet normal 0.7705132427757894 0.6374239897486894 0
    outer loop
      vertex 8.090169943749475 5.877852522924732 1.2000000000000002
      vertex 7.289686274214116 6.845471059286887 1.2000000000000002
      vertex 8.090169943749475 5.877852522924732 4.8
    endloop
  endfacet
  facet normal 0.5877852522924739 0.8090169943749469 0
    outer loop
      vertex 5.358267949789966 8.443279255020151 1.2000000000000002
      vertex 5.358267949789966 8.443279255020151 4.8
      vertex 6.3742398974868975 7.705132427757891 4.8
    endloop
  endfacet
  facet normal 0.6845471059286878 0.7289686274214122 0
    outer loop
      vertex 6.3742398974868975 7.705132427757891 1.2000000000000002
      vertex 6.3742398974868975 7.705132427757891 4.8
      vertex 7.289686274214116 6.845471059286887 4.8
    endloop
  endfacet
  facet normal 0.7705132427757894 0.6374239897486894 0
    outer loop
      vertex 8.090169943749475 5.877852522924732 4.8
      vertex 7.289686274214116 6.845471059286887 1.2000000000000002
      vertex 7.289686274214116 6.845471059286887 4.8
    endloop
  endfacet
  facet normal -0.7705132427757889 -0.6374239897486901 0
    outer loop
      vertex -9.182342886155654 -6.67136261351957 7.8
      vertex -8.273793921233022 -7.769609652290614 7.8
      vertex -8.273793921233022 -7.769609652290614 12
    endloop
  endfacet
  facet normal -0.8443279255020159 -0.5358267949789953 0
    outer loop
      vertex -9.182342886155654 -6.67136261351957 7.8
      vertex -9.182342886155654 -6.67136261351957 12
      vertex -9.94608081849785 -5.467904201054469 7.8
    endloop
  endfacet
  facet normal -0.8443279255020159 -0.5358267949789953 0
    outer loop
      vertex -9.94608081849785 -5.467904201054469 7.8
      vertex -9.182342886155654 -6.67136261351957 12
      vertex -9.94608081849785 -5.467904201054469 12
    endloop
  endfacet
  facet normal -0.7705132427757889 -0.6374239897486901 0
    outer loop
      vertex -9.182342886155654 -6.67136261351957 7.8
      vertex -8.273793921233022 -7.769609652290614 12
      vertex -9.182342886155654 -6.67136261351957 12
    endloop
  endfacet
  facet normal -0.5877852522924728 -0.8090169943749476 0
    outer loop
      vertex -6.0816341230116135 -9.58312195444787 7.8
      vertex -6.0816341230116135 -9.58312195444787 12
      vertex -7.234762283647627 -8.74532530550521 7.8
    endloop
  endfacet
  facet normal -0.5877852522924728 -0.8090169943749476 0
    outer loop
      vertex -7.234762283647627 -8.74532530550521 7.8
      vertex -6.0816341230116135 -9.58312195444787 12
      vertex -7.234762283647627 -8.74532530550521 12
    endloop
  endfacet
  facet normal -0.6845471059286895 -0.7289686274214108 0
    outer loop
      vertex -8.273793921233022 -7.769609652290614 7.8
      vertex -7.234762283647627 -8.74532530550521 7.8
      vertex -7.234762283647627 -8.74532530550521 12
    endloop
  endfacet
  facet normal -0.6845471059286895 -0.7289686274214108 0
    outer loop
      vertex -8.273793921233022 -7.769609652290614 7.8
      vertex -7.234762283647627 -8.74532530550521 12
      vertex -8.273793921233022 -7.769609652290614 12
    endloop
  endfacet
  facet normal -0.9048270524660191 -0.4257792915650736 0
    outer loop
      vertex -9.94608081849785 -5.467904201054469 7.8
      vertex -9.94608081849785 -5.467904201054469 12
      vertex -10.552963114831654 -4.1782136729710935 7.8
    endloop
  endfacet
  facet normal -0.9510565162951538 -0.30901699437494684 0
    outer loop
      vertex -10.552963114831654 -4.1782136729710935 7.8
      vertex -10.552963114831654 -4.1782136729710935 12
      vertex -10.993418878809962 -2.8226302193211024 7.8
    endloop
  endfacet
  facet normal -0.9048270524660191 -0.4257792915650736 0
    outer loop
      vertex -10.552963114831654 -4.1782136729710935 7.8
      vertex -9.94608081849785 -5.467904201054469 12
      vertex -10.552963114831654 -4.1782136729710935 12
    endloop
  endfacet
  facet normal -0.9510565162951538 -0.30901699437494684 0
    outer loop
      vertex -10.993418878809962 -2.8226302193211024 7.8
      vertex -10.552963114831654 -4.1782136729710935 12
      vertex -10.993418878809962 -2.8226302193211024 12
    endloop
  endfacet
  facet normal -0.9822872507286886 -0.18738131458572493 0
    outer loop
      vertex -10.993418878809962 -2.8226302193211024 7.8
      vertex -10.993418878809962 -2.8226302193211024 12
      vertex -11.260501859919323 -1.4225322009548511 7.8
    endloop
  endfacet
  facet normal -0.9980267284282714 -0.06279051952931351 0
    outer loop
      vertex -11.260501859919323 -1.4225322009548511 7.8
      vertex -11.260501859919323 -1.4225322009548511 12
      vertex -11.35 0 7.8
    endloop
  endfacet
  facet normal -0.9822872507286886 -0.18738131458572493 0
    outer loop
      vertex -11.260501859919323 -1.4225322009548511 7.8
      vertex -10.993418878809962 -2.8226302193211024 12
      vertex -11.260501859919323 -1.4225322009548511 12
    endloop
  endfacet
  facet normal -0.9980267284282714 -0.06279051952931351 0
    outer loop
      vertex -11.35 0 7.8
      vertex -11.260501859919323 -1.4225322009548511 12
      vertex -11.35 0 12
    endloop
  endfacet
  facet normal -0.4817536741017144 -0.8763066800438641 0
    outer loop
      vertex -6.0816341230116135 -9.58312195444787 7.8
      vertex -4.832594959263572 -10.269787045489322 7.8
      vertex -4.832594959263572 -10.269787045489322 12
    endloop
  endfacet
  facet normal -0.3681245526846777 -0.9297764858882516 0
    outer loop
      vertex -4.832594959263572 -10.269787045489322 7.8
      vertex -3.507342886155653 -10.794491459949992 7.8
      vertex -3.507342886155653 -10.794491459949992 12
    endloop
  endfacet
  facet normal -0.3681245526846777 -0.9297764858882516 0
    outer loop
      vertex -4.832594959263572 -10.269787045489322 7.8
      vertex -3.507342886155653 -10.794491459949992 12
      vertex -4.832594959263572 -10.269787045489322 12
    endloop
  endfacet
  facet normal -0.4817536741017144 -0.8763066800438641 0
    outer loop
      vertex -6.0816341230116135 -9.58312195444787 7.8
      vertex -4.832594959263572 -10.269787045489322 12
      vertex -6.0816341230116135 -9.58312195444787 12
    endloop
  endfacet
  facet normal -0.24868988716485554 -0.9685831611286309 0
    outer loop
      vertex -3.507342886155653 -10.794491459949992 7.8
      vertex -2.1267779205479767 -11.148960295770616 12
      vertex -3.507342886155653 -10.794491459949992 12
    endloop
  endfacet
  facet normal -0.24868988716485554 -0.9685831611286309 0
    outer loop
      vertex -3.507342886155653 -10.794491459949992 7.8
      vertex -2.1267779205479767 -11.148960295770616 7.8
      vertex -2.1267779205479767 -11.148960295770616 12
    endloop
  endfacet
  facet normal -0.12533323356430423 -0.9921147013144778 0
    outer loop
      vertex -2.1267779205479767 -11.148960295770616 7.8
      vertex -0.7126723966577111 -11.327603367660881 7.8
      vertex -0.7126723966577111 -11.327603367660881 12
    endloop
  endfacet
  facet normal -0.12533323356430423 -0.9921147013144778 0
    outer loop
      vertex -2.1267779205479767 -11.148960295770616 7.8
      vertex -0.7126723966577111 -11.327603367660881 12
      vertex -2.1267779205479767 -11.148960295770616 12
    endloop
  endfacet
  facet normal 0 -1 0
    outer loop
      vertex -0.7126723966577111 -11.327603367660881 7.8
      vertex 0.7126723966577114 -11.327603367660881 12
      vertex -0.7126723966577111 -11.327603367660881 12
    endloop
  endfacet
  facet normal -0.9980267284282714 0.06279051952931351 0
    outer loop
      vertex -11.35 0 7.8
      vertex -11.35 0 12
      vertex -11.260501859919323 1.4225322009548511 7.8
    endloop
  endfacet
  facet normal -0.9822872507286886 0.18738131458572493 0
    outer loop
      vertex -11.260501859919323 1.4225322009548511 7.8
      vertex -11.260501859919323 1.4225322009548511 12
      vertex -10.993418878809962 2.8226302193211024 7.8
    endloop
  endfacet
  facet normal -0.9980267284282714 0.06279051952931351 0
    outer loop
      vertex -11.260501859919323 1.4225322009548511 7.8
      vertex -11.35 0 12
      vertex -11.260501859919323 1.4225322009548511 12
    endloop
  endfacet
  facet normal -0.9822872507286886 0.18738131458572493 0
    outer loop
      vertex -10.993418878809962 2.8226302193211024 7.8
      vertex -11.260501859919323 1.4225322009548511 12
      vertex -10.993418878809962 2.8226302193211024 12
    endloop
  endfacet
  facet normal -0.9510565162951538 0.30901699437494684 0
    outer loop
      vertex -10.993418878809962 2.8226302193211024 7.8
      vertex -10.993418878809962 2.8226302193211024 12
      vertex -10.552963114831654 4.1782136729710935 7.8
    endloop
  endfacet
  facet normal -0.9048270524660191 0.4257792915650736 0
    outer loop
      vertex -10.552963114831654 4.1782136729710935 7.8
      vertex -10.552963114831654 4.1782136729710935 12
      vertex -9.94608081849785 5.467904201054469 7.8
    endloop
  endfacet
  facet normal -0.9510565162951538 0.30901699437494684 0
    outer loop
      vertex -10.552963114831654 4.1782136729710935 7.8
      vertex -10.993418878809962 2.8226302193211024 12
      vertex -10.552963114831654 4.1782136729710935 12
    endloop
  endfacet
  facet normal -0.9048270524660191 0.4257792915650736 0
    outer loop
      vertex -9.94608081849785 5.467904201054469 7.8
      vertex -10.552963114831654 4.1782136729710935 12
      vertex -9.94608081849785 5.467904201054469 12
    endloop
  endfacet
  facet normal -0.8443279255020159 0.5358267949789953 0
    outer loop
      vertex -9.94608081849785 5.467904201054469 7.8
      vertex -9.94608081849785 5.467904201054469 12
      vertex -9.182342886155654 6.67136261351957 7.8
    endloop
  endfacet
  facet normal -0.7705132427757889 0.6374239897486901 0
    outer loop
      vertex -9.182342886155654 6.67136261351957 7.8
      vertex -9.182342886155654 6.67136261351957 12
      vertex -8.273793921233022 7.769609652290614 7.8
    endloop
  endfacet
  facet normal -0.8443279255020159 0.5358267949789953 0
    outer loop
      vertex -9.182342886155654 6.67136261351957 7.8
      vertex -9.94608081849785 5.467904201054469 12
      vertex -9.182342886155654 6.67136261351957 12
    endloop
  endfacet
  facet normal -0.7705132427757889 0.6374239897486901 0
    outer loop
      vertex -8.273793921233022 7.769609652290614 7.8
      vertex -9.182342886155654 6.67136261351957 12
      vertex -8.273793921233022 7.769609652290614 12
    endloop
  endfacet
  facet normal -0.6845471059286895 0.7289686274214108 0
    outer loop
      vertex -8.273793921233022 7.769609652290614 7.8
      vertex -8.273793921233022 7.769609652290614 12
      vertex -7.234762283647627 8.74532530550521 7.8
    endloop
  endfacet
  facet normal -0.6845471059286895 0.7289686274214108 0
    outer loop
      vertex -7.234762283647627 8.74532530550521 7.8
      vertex -8.273793921233022 7.769609652290614 12
      vertex -7.234762283647627 8.74532530550521 12
    endloop
  endfacet
  facet normal -0.5877852522924728 0.8090169943749476 0
    outer loop
      vertex -7.234762283647627 8.74532530550521 7.8
      vertex -7.234762283647627 8.74532530550521 12
      vertex -6.0816341230116135 9.58312195444787 7.8
    endloop
  endfacet
  facet normal -0.5877852522924728 0.8090169943749476 0
    outer loop
      vertex -6.0816341230116135 9.58312195444787 7.8
      vertex -7.234762283647627 8.74532530550521 12
      vertex -6.0816341230116135 9.58312195444787 12
    endloop
  endfacet
  facet normal -0.4817536741017145 0.876306680043864 0
    outer loop
      vertex -6.0816341230116135 9.58312195444787 7.8
      vertex -6.0816341230116135 9.58312195444787 12
      vertex -4.8325949592635755 10.26978704548932 7.8
    endloop
  endfacet
  facet normal -0.3681245526846779 0.9297764858882515 0
    outer loop
      vertex -4.8325949592635755 10.26978704548932 7.8
      vertex -4.8325949592635755 10.26978704548932 12
      vertex -3.507342886155653 10.794491459949992 7.8
    endloop
  endfacet
  facet normal -0.2486898871648551 0.968583161128631 0
    outer loop
      vertex -3.507342886155653 10.794491459949992 7.8
      vertex -3.507342886155653 10.794491459949992 12
      vertex -2.126777920547974 11.148960295770616 7.8
    endloop
  endfacet
  facet normal -0.4817536741017145 0.876306680043864 0
    outer loop
      vertex -4.8325949592635755 10.26978704548932 7.8
      vertex -6.0816341230116135 9.58312195444787 12
      vertex -4.8325949592635755 10.26978704548932 12
    endloop
  endfacet
  facet normal -0.3681245526846779 0.9297764858882515 0
    outer loop
      vertex -3.507342886155653 10.794491459949992 7.8
      vertex -4.8325949592635755 10.26978704548932 12
      vertex -3.507342886155653 10.794491459949992 12
    endloop
  endfacet
  facet normal -0.12533323356430395 0.9921147013144778 0
    outer loop
      vertex -2.126777920547974 11.148960295770616 7.8
      vertex -2.126777920547974 11.148960295770616 12
      vertex -0.7126723966577054 11.327603367660881 7.8
    endloop
  endfacet
  facet normal 0 1 0
    outer loop
      vertex -0.7126723966577054 11.327603367660881 7.8
      vertex -0.7126723966577055 11.327603367660881 12
      vertex 0.7126723966577055 11.327603367660881 7.8
    endloop
  endfacet
  facet normal -0.2486898871648551 0.968583161128631 0
    outer loop
      vertex -2.126777920547974 11.148960295770616 7.8
      vertex -3.507342886155653 10.794491459949992 12
      vertex -2.126777920547974 11.148960295770616 12
    endloop
  endfacet
  facet normal -0.12533323356430398 0.9921147013144778 -3.3130438489003035e-18
    outer loop
      vertex -0.7126723966577054 11.327603367660881 7.8
      vertex -2.126777920547974 11.148960295770616 12
      vertex -0.7126723966577055 11.327603367660881 12
    endloop
  endfacet
  facet normal 0 -1 0
    outer loop
      vertex -0.7126723966577111 -11.327603367660881 7.8
      vertex 0.7126723966577112 -11.327603367660881 7.8
      vertex 0.7126723966577114 -11.327603367660881 12
    endloop
  endfacet
  facet normal 0.12533323356430423 -0.9921147013144778 0
    outer loop
      vertex 0.7126723966577112 -11.327603367660881 7.8
      vertex 2.1267779205479767 -11.148960295770616 7.8
      vertex 2.1267779205479767 -11.148960295770616 12
    endloop
  endfacet
  facet normal 0.12533323356430426 -0.9921147013144778 -6.626087697800622e-18
    outer loop
      vertex 0.7126723966577112 -11.327603367660881 7.8
      vertex 2.1267779205479767 -11.148960295770616 12
      vertex 0.7126723966577114 -11.327603367660881 12
    endloop
  endfacet
  facet normal 0.24868988716485554 -0.9685831611286309 0
    outer loop
      vertex 2.1267779205479767 -11.148960295770616 7.8
      vertex 3.507342886155653 -10.794491459949992 12
      vertex 2.1267779205479767 -11.148960295770616 12
    endloop
  endfacet
  facet normal 0.24868988716485554 -0.9685831611286309 0
    outer loop
      vertex 2.1267779205479767 -11.148960295770616 7.8
      vertex 3.507342886155653 -10.794491459949992 7.8
      vertex 3.507342886155653 -10.794491459949992 12
    endloop
  endfacet
  facet normal 0.3681245526846777 -0.9297764858882516 0
    outer loop
      vertex 3.507342886155653 -10.794491459949992 7.8
      vertex 4.832594959263572 -10.269787045489322 7.8
      vertex 4.832594959263572 -10.269787045489322 12
    endloop
  endfacet
  facet normal 0.48175367410171455 -0.8763066800438638 0
    outer loop
      vertex 4.832594959263572 -10.269787045489322 7.8
      vertex 6.081634123011606 -9.583121954447874 7.8
      vertex 6.081634123011606 -9.583121954447874 12
    endloop
  endfacet
  facet normal 0.3681245526846777 -0.9297764858882516 0
    outer loop
      vertex 3.507342886155653 -10.794491459949992 7.8
      vertex 4.832594959263572 -10.269787045489322 12
      vertex 3.507342886155653 -10.794491459949992 12
    endloop
  endfacet
  facet normal 0.48175367410171455 -0.8763066800438638 0
    outer loop
      vertex 4.832594959263572 -10.269787045489322 7.8
      vertex 6.081634123011606 -9.583121954447874 12
      vertex 4.832594959263572 -10.269787045489322 12
    endloop
  endfacet
  facet normal 0.5877852522924734 -0.8090169943749472 0
    outer loop
      vertex 6.081634123011606 -9.583121954447874 7.8
      vertex 7.234762283647631 -8.745325305505204 7.8
      vertex 7.234762283647631 -8.745325305505204 12
    endloop
  endfacet
  facet normal 0.5877852522924734 -0.8090169943749472 0
    outer loop
      vertex 6.081634123011606 -9.583121954447874 7.8
      vertex 7.234762283647631 -8.745325305505204 12
      vertex 6.081634123011606 -9.583121954447874 12
    endloop
  endfacet
  facet normal 0.6845471059286887 -0.7289686274214114 0
    outer loop
      vertex 7.234762283647631 -8.745325305505204 7.8
      vertex 8.273793921233022 -7.769609652290614 7.8
      vertex 8.273793921233022 -7.769609652290614 12
    endloop
  endfacet
  facet normal 0.6845471059286887 -0.7289686274214114 0
    outer loop
      vertex 7.234762283647631 -8.745325305505204 7.8
      vertex 8.273793921233022 -7.769609652290614 12
      vertex 7.234762283647631 -8.745325305505204 12
    endloop
  endfacet
  facet normal 0.7705132427757889 -0.6374239897486901 0
    outer loop
      vertex 8.273793921233022 -7.769609652290614 7.8
      vertex 9.182342886155654 -6.67136261351957 7.8
      vertex 9.182342886155654 -6.67136261351957 12
    endloop
  endfacet
  facet normal 0.8443279255020159 -0.5358267949789953 0
    outer loop
      vertex 9.182342886155654 -6.67136261351957 7.8
      vertex 9.94608081849785 -5.467904201054469 7.8
      vertex 9.94608081849785 -5.467904201054469 12
    endloop
  endfacet
  facet normal 0.7705132427757889 -0.6374239897486901 0
    outer loop
      vertex 8.273793921233022 -7.769609652290614 7.8
      vertex 9.182342886155654 -6.67136261351957 12
      vertex 8.273793921233022 -7.769609652290614 12
    endloop
  endfacet
  facet normal 0.8443279255020159 -0.5358267949789953 0
    outer loop
      vertex 9.182342886155654 -6.67136261351957 7.8
      vertex 9.94608081849785 -5.467904201054469 12
      vertex 9.182342886155654 -6.67136261351957 12
    endloop
  endfacet
  facet normal 0.9048270524660187 -0.42577929156507427 0
    outer loop
      vertex 9.94608081849785 -5.467904201054469 7.8
      vertex 10.552963114831652 -4.1782136729711 7.8
      vertex 10.552963114831652 -4.1782136729711 12
    endloop
  endfacet
  facet normal 0.9510565162951539 -0.30901699437494695 0
    outer loop
      vertex 10.552963114831652 -4.1782136729711 7.8
      vertex 10.993418878809964 -2.822630219321098 7.8
      vertex 10.993418878809964 -2.822630219321098 12
    endloop
  endfacet
  facet normal 0.9048270524660187 -0.42577929156507427 0
    outer loop
      vertex 9.94608081849785 -5.467904201054469 7.8
      vertex 10.552963114831652 -4.1782136729711 12
      vertex 9.94608081849785 -5.467904201054469 12
    endloop
  endfacet
  facet normal 0.9510565162951539 -0.30901699437494695 0
    outer loop
      vertex 10.552963114831652 -4.1782136729711 7.8
      vertex 10.993418878809964 -2.822630219321098 12
      vertex 10.552963114831652 -4.1782136729711 12
    endloop
  endfacet
  facet normal 0.9822872507286887 -0.18738131458572432 0
    outer loop
      vertex 10.993418878809964 -2.822630219321098 7.8
      vertex 11.260501859919323 -1.4225322009548511 7.8
      vertex 11.260501859919323 -1.4225322009548511 12
    endloop
  endfacet
  facet normal 0.9980267284282714 -0.06279051952931351 0
    outer loop
      vertex 11.260501859919323 -1.4225322009548511 7.8
      vertex 11.35 0 7.8
      vertex 11.35 0 12
    endloop
  endfacet
  facet normal 0.9822872507286887 -0.18738131458572432 0
    outer loop
      vertex 10.993418878809964 -2.822630219321098 7.8
      vertex 11.260501859919323 -1.4225322009548511 12
      vertex 10.993418878809964 -2.822630219321098 12
    endloop
  endfacet
  facet normal 0.9980267284282714 -0.06279051952931351 0
    outer loop
      vertex 11.260501859919323 -1.4225322009548511 7.8
      vertex 11.35 0 12
      vertex 11.260501859919323 -1.4225322009548511 12
    endloop
  endfacet
  facet normal 0.125333233564304 0.9921147013144778 0
    outer loop
      vertex 0.7126723966577055 11.327603367660881 7.8
      vertex 0.7126723966577055 11.327603367660881 12
      vertex 2.1267779205479735 11.148960295770616 7.8
    endloop
  endfacet
  facet normal 0.24868988716485504 0.9685831611286311 0
    outer loop
      vertex 2.1267779205479735 11.148960295770616 7.8
      vertex 2.1267779205479735 11.148960295770616 12
      vertex 3.507342886155653 10.794491459949992 7.8
    endloop
  endfacet
  facet normal 0 1 0
    outer loop
      vertex 0.7126723966577055 11.327603367660881 7.8
      vertex -0.7126723966577055 11.327603367660881 12
      vertex 0.7126723966577055 11.327603367660881 12
    endloop
  endfacet
  facet normal 0.125333233564304 0.9921147013144778 0
    outer loop
      vertex 2.1267779205479735 11.148960295770616 7.8
      vertex 0.7126723966577055 11.327603367660881 12
      vertex 2.1267779205479735 11.148960295770616 12
    endloop
  endfacet
  facet normal 0.3681245526846779 0.9297764858882515 0
    outer loop
      vertex 3.507342886155653 10.794491459949992 7.8
      vertex 3.507342886155653 10.794491459949992 12
      vertex 4.8325949592635755 10.26978704548932 7.8
    endloop
  endfacet
  facet normal 0.481753674101715 0.8763066800438638 0
    outer loop
      vertex 4.8325949592635755 10.26978704548932 7.8
      vertex 4.8325949592635755 10.26978704548932 12
      vertex 6.081634123011612 9.58312195444787 7.8
    endloop
  endfacet
  facet normal 0.24868988716485504 0.9685831611286311 0
    outer loop
      vertex 3.507342886155653 10.794491459949992 7.8
      vertex 2.1267779205479735 11.148960295770616 12
      vertex 3.507342886155653 10.794491459949992 12
    endloop
  endfacet
  facet normal 0.481753674101715 0.8763066800438638 0
    outer loop
      vertex 6.081634123011612 9.58312195444787 7.8
      vertex 4.8325949592635755 10.26978704548932 12
      vertex 6.081634123011612 9.58312195444787 12
    endloop
  endfacet
  facet normal 0.3681245526846779 0.9297764858882515 0
    outer loop
      vertex 4.8325949592635755 10.26978704548932 7.8
      vertex 3.507342886155653 10.794491459949992 12
      vertex 4.8325949592635755 10.26978704548932 12
    endloop
  endfacet
  facet normal 0.9980267284282714 0.06279051952931342 0
    outer loop
      vertex 11.35 0 7.8
      vertex 11.260501859919323 1.4225322009548533 7.8
      vertex 11.260501859919323 1.4225322009548533 12
    endloop
  endfacet
  facet normal 0.9822872507286886 0.18738131458572527 0
    outer loop
      vertex 11.260501859919323 1.4225322009548533 7.8
      vertex 10.993418878809962 2.822630219321102 7.8
      vertex 10.993418878809962 2.822630219321102 12
    endloop
  endfacet
  facet normal 0.9980267284282714 0.06279051952931342 0
    outer loop
      vertex 11.35 0 7.8
      vertex 11.260501859919323 1.4225322009548533 12
      vertex 11.35 0 12
    endloop
  endfacet
  facet normal 0.9822872507286886 0.18738131458572527 0
    outer loop
      vertex 11.260501859919323 1.4225322009548533 7.8
      vertex 10.993418878809962 2.822630219321102 12
      vertex 11.260501859919323 1.4225322009548533 12
    endloop
  endfacet
  facet normal 0.9510565162951535 0.3090169943749475 0
    outer loop
      vertex 10.993418878809962 2.822630219321102 7.8
      vertex 10.552963114831652 4.178213672971095 7.8
      vertex 10.552963114831652 4.178213672971095 12
    endloop
  endfacet
  facet normal 0.9048270524660198 0.4257792915650721 0
    outer loop
      vertex 10.552963114831652 4.178213672971095 7.8
      vertex 9.946080818497851 5.467904201054469 7.8
      vertex 9.946080818497851 5.467904201054469 12
    endloop
  endfacet
  facet normal 0.9510565162951535 0.3090169943749475 0
    outer loop
      vertex 10.993418878809962 2.822630219321102 7.8
      vertex 10.552963114831652 4.178213672971095 12
      vertex 10.993418878809962 2.822630219321102 12
    endloop
  endfacet
  facet normal 0.9048270524660198 0.4257792915650721 0
    outer loop
      vertex 10.552963114831652 4.178213672971095 7.8
      vertex 9.946080818497851 5.467904201054469 12
      vertex 10.552963114831652 4.178213672971095 12
    endloop
  endfacet
  facet normal 0.684547105928688 0.7289686274214121 0
    outer loop
      vertex 7.234762283647628 8.745325305505206 7.8
      vertex 7.234762283647628 8.745325305505206 12
      vertex 8.27379392123302 7.769609652290617 7.8
    endloop
  endfacet
  facet normal 0.684547105928688 0.7289686274214121 0
    outer loop
      vertex 8.27379392123302 7.769609652290617 7.8
      vertex 7.234762283647628 8.745325305505206 12
      vertex 8.27379392123302 7.769609652290617 12
    endloop
  endfacet
  facet normal 0.5877852522924736 0.8090169943749471 0
    outer loop
      vertex 7.234762283647628 8.745325305505206 7.8
      vertex 6.081634123011612 9.58312195444787 7.8
      vertex 6.081634123011612 9.58312195444787 12
    endloop
  endfacet
  facet normal 0.5877852522924736 0.8090169943749471 0
    outer loop
      vertex 7.234762283647628 8.745325305505206 7.8
      vertex 6.081634123011612 9.58312195444787 12
      vertex 7.234762283647628 8.745325305505206 12
    endloop
  endfacet
  facet normal 0.8443279255020152 0.5358267949789962 0
    outer loop
      vertex 9.946080818497851 5.467904201054469 7.8
      vertex 9.182342886155654 6.67136261351957 7.8
      vertex 9.182342886155654 6.67136261351957 12
    endloop
  endfacet
  facet normal 0.770513242775789 0.6374239897486901 0
    outer loop
      vertex 8.27379392123302 7.769609652290617 7.8
      vertex 8.27379392123302 7.769609652290617 12
      vertex 9.182342886155654 6.67136261351957 7.8
    endloop
  endfacet
  facet normal 0.770513242775789 0.6374239897486901 0
    outer loop
      vertex 9.182342886155654 6.67136261351957 7.8
      vertex 8.27379392123302 7.769609652290617 12
      vertex 9.182342886155654 6.67136261351957 12
    endloop
  endfacet
  facet normal 0.8443279255020152 0.5358267949789962 0
    outer loop
      vertex 9.946080818497851 5.467904201054469 7.8
      vertex 9.182342886155654 6.67136261351957 12
      vertex 9.946080818497851 5.467904201054469 12
    endloop
  endfacet
  facet normal 0.6845471059286873 0.7289686274214127 0
    outer loop
      vertex -8.774847979497379 -1.5410264855515787 6
      vertex -8.774847979497379 -1.5410264855515787 0
      vertex -8.957937254842824 -1.369094211857377 0
    endloop
  endfacet
  facet normal 0.5877852522924731 0.8090169943749475 0
    outer loop
      vertex -8.571653589957993 -1.68865585100403 6
      vertex -8.571653589957993 -1.68865585100403 0
      vertex -8.774847979497379 -1.5410264855515787 0
    endloop
  endfacet
  facet normal 0.9048270524660182 0.4257792915650753 0
    outer loop
      vertex -9.359552971776504 -0.7362491053693557 6
      vertex -9.252613360087727 -0.9635073482034308 0
      vertex -9.359552971776504 -0.7362491053693557 0
    endloop
  endfacet
  facet normal 0.9510565162951545 0.30901699437494473 0
    outer loop
      vertex -9.437166322257262 -0.4973797743297097 6
      vertex -9.359552971776504 -0.7362491053693557 0
      vertex -9.437166322257262 -0.4973797743297097 0
    endloop
  endfacet
  facet normal 0.982287250728689 0.1873813145857224 0
    outer loop
      vertex -9.484229402628955 -0.25066646712860813 6
      vertex -9.437166322257262 -0.4973797743297097 0
      vertex -9.484229402628955 -0.25066646712860813 0
    endloop
  endfacet
  facet normal 0.9980267284282713 0.06279051952931575 0
    outer loop
      vertex -9.5 0 6
      vertex -9.484229402628955 -0.25066646712860813 0
      vertex -9.5 0 0
    endloop
  endfacet
  facet normal 0.7705132427757896 0.6374239897486894 0
    outer loop
      vertex -9.118033988749895 -1.1755705045849463 6
      vertex -8.957937254842824 -1.369094211857377 0
      vertex -9.118033988749895 -1.1755705045849463 0
    endloop
  endfacet
  facet normal 0.8443279255020154 0.5358267949789962 0
    outer loop
      vertex -9.252613360087727 -0.9635073482034308 6
      vertex -9.118033988749895 -1.1755705045849463 0
      vertex -9.252613360087727 -0.9635073482034308 0
    endloop
  endfacet
  facet normal 0.3681245526846768 0.9297764858882519 0
    outer loop
      vertex -8.118033988749895 -1.902113032590307 6
      vertex -8.118033988749895 -1.902113032590307 0
      vertex -8.351558583130146 -1.8096541049320392 0
    endloop
  endfacet
  facet normal 0.48175367410171727 0.8763066800438624 0
    outer loop
      vertex -8.351558583130146 -1.8096541049320392 6
      vertex -8.351558583130146 -1.8096541049320392 0
      vertex -8.571653589957993 -1.68865585100403 0
    endloop
  endfacet
  facet normal 0.24868988716485488 0.9685831611286311 0
    outer loop
      vertex -7.87476262917145 -1.9645745014573772 6
      vertex -7.87476262917145 -1.9645745014573772 0
      vertex -8.118033988749895 -1.902113032590307 0
    endloop
  endfacet
  facet normal 0.12533323356430512 0.9921147013144777 0
    outer loop
      vertex -7.625581039058628 -1.9960534568565431 6
      vertex -7.625581039058628 -1.9960534568565431 0
      vertex -7.87476262917145 -1.9645745014573772 0
    endloop
  endfacet
  facet normal 0 1 0
    outer loop
      vertex -7.374418960941372 -1.9960534568565431 6
      vertex -7.374418960941372 -1.9960534568565431 0
      vertex -7.625581039058628 -1.9960534568565431 0
    endloop
  endfacet
  facet normal -0.12533323356430512 0.9921147013144777 0
    outer loop
      vertex -7.12523737082855 -1.9645745014573772 6
      vertex -7.12523737082855 -1.9645745014573772 0
      vertex -7.374418960941372 -1.9960534568565431 0
    endloop
  endfacet
  facet normal -0.24868988716485488 0.9685831611286311 0
    outer loop
      vertex -6.881966011250105 -1.902113032590307 6
      vertex -6.881966011250105 -1.902113032590307 0
      vertex -7.12523737082855 -1.9645745014573772 0
    endloop
  endfacet
  facet normal -0.368124552684678 0.9297764858882513 0
    outer loop
      vertex -6.648441416869855 -1.8096541049320392 6
      vertex -6.648441416869855 -1.8096541049320392 0
      vertex -6.881966011250105 -1.902113032590307 0
    endloop
  endfacet
  facet normal -0.48175367410171527 0.8763066800438636 0
    outer loop
      vertex -6.428346410042008 -1.6886558510040306 6
      vertex -6.428346410042008 -1.6886558510040306 0
      vertex -6.648441416869855 -1.8096541049320392 0
    endloop
  endfacet
  facet normal -0.5877852522924715 0.8090169943749486 0
    outer loop
      vertex -6.22515202050262 -1.541026485551578 6
      vertex -6.22515202050262 -1.541026485551578 0
      vertex -6.428346410042008 -1.6886558510040306 0
    endloop
  endfacet
  facet normal -0.6845471059286894 0.7289686274214108 0
    outer loop
      vertex -6.0420627451571765 -1.369094211857377 6
      vertex -6.0420627451571765 -1.369094211857377 0
      vertex -6.22515202050262 -1.541026485551578 0
    endloop
  endfacet
  facet normal -0.7705132427757896 0.6374239897486894 0
    outer loop
      vertex -6.0420627451571765 -1.369094211857377 6
      vertex -5.881966011250105 -1.1755705045849463 0
      vertex -6.0420627451571765 -1.369094211857377 0
    endloop
  endfacet
  facet normal -0.8443279255020154 0.5358267949789962 0
    outer loop
      vertex -5.881966011250105 -1.1755705045849463 6
      vertex -5.747386639912273 -0.9635073482034308 0
      vertex -5.881966011250105 -1.1755705045849463 0
    endloop
  endfacet
  facet normal -0.904827052466019 0.425779291565074 0
    outer loop
      vertex -5.747386639912273 -0.9635073482034308 6
      vertex -5.640447028223497 -0.7362491053693567 0
      vertex -5.747386639912273 -0.9635073482034308 0
    endloop
  endfacet
  facet normal 0.6845471059286873 0.7289686274214127 0
    outer loop
      vertex -8.957937254842824 -1.369094211857377 6
      vertex -8.774847979497379 -1.5410264855515787 6
      vertex -8.957937254842824 -1.369094211857377 0
    endloop
  endfacet
  facet normal 0.5877852522924731 0.8090169943749475 0
    outer loop
      vertex -8.774847979497379 -1.5410264855515787 6
      vertex -8.571653589957993 -1.68865585100403 6
      vertex -8.774847979497379 -1.5410264855515787 0
    endloop
  endfacet
  facet normal 0.9048270524660182 0.4257792915650753 0
    outer loop
      vertex -9.252613360087727 -0.9635073482034308 6
      vertex -9.252613360087727 -0.9635073482034308 0
      vertex -9.359552971776504 -0.7362491053693557 6
    endloop
  endfacet
  facet normal 0.982287250728689 0.1873813145857224 0
    outer loop
      vertex -9.437166322257262 -0.4973797743297097 6
      vertex -9.437166322257262 -0.4973797743297097 0
      vertex -9.484229402628955 -0.25066646712860813 6
    endloop
  endfacet
  facet normal 0.9510565162951545 0.30901699437494473 0
    outer loop
      vertex -9.359552971776504 -0.7362491053693557 6
      vertex -9.359552971776504 -0.7362491053693557 0
      vertex -9.437166322257262 -0.4973797743297097 6
    endloop
  endfacet
  facet normal 0.9980267284282713 0.06279051952931575 0
    outer loop
      vertex -9.484229402628955 -0.25066646712860813 6
      vertex -9.484229402628955 -0.25066646712860813 0
      vertex -9.5 0 6
    endloop
  endfacet
  facet normal 0.8443279255020154 0.5358267949789962 0
    outer loop
      vertex -9.252613360087727 -0.9635073482034308 6
      vertex -9.118033988749895 -1.1755705045849463 6
      vertex -9.118033988749895 -1.1755705045849463 0
    endloop
  endfacet
  facet normal 0.7705132427757896 0.6374239897486894 0
    outer loop
      vertex -9.118033988749895 -1.1755705045849463 6
      vertex -8.957937254842824 -1.369094211857377 6
      vertex -8.957937254842824 -1.369094211857377 0
    endloop
  endfacet
  facet normal 0.3681245526846768 0.9297764858882519 0
    outer loop
      vertex -8.351558583130146 -1.8096541049320392 6
      vertex -8.118033988749895 -1.902113032590307 6
      vertex -8.351558583130146 -1.8096541049320392 0
    endloop
  endfacet
  facet normal 0.48175367410171727 0.8763066800438624 0
    outer loop
      vertex -8.571653589957993 -1.68865585100403 6
      vertex -8.351558583130146 -1.8096541049320392 6
      vertex -8.571653589957993 -1.68865585100403 0
    endloop
  endfacet
  facet normal 0.24868988716485488 0.9685831611286311 0
    outer loop
      vertex -8.118033988749895 -1.902113032590307 6
      vertex -7.87476262917145 -1.9645745014573772 6
      vertex -8.118033988749895 -1.902113032590307 0
    endloop
  endfacet
  facet normal 0.12533323356430512 0.9921147013144777 0
    outer loop
      vertex -7.87476262917145 -1.9645745014573772 6
      vertex -7.625581039058628 -1.9960534568565431 6
      vertex -7.87476262917145 -1.9645745014573772 0
    endloop
  endfacet
  facet normal 0 1 0
    outer loop
      vertex -7.625581039058628 -1.9960534568565431 6
      vertex -7.374418960941372 -1.9960534568565431 6
      vertex -7.625581039058628 -1.9960534568565431 0
    endloop
  endfacet
  facet normal -0.12533323356430512 0.9921147013144777 0
    outer loop
      vertex -7.374418960941372 -1.9960534568565431 6
      vertex -7.12523737082855 -1.9645745014573772 6
      vertex -7.374418960941372 -1.9960534568565431 0
    endloop
  endfacet
  facet normal -0.24868988716485488 0.9685831611286311 0
    outer loop
      vertex -7.12523737082855 -1.9645745014573772 6
      vertex -6.881966011250105 -1.902113032590307 6
      vertex -7.12523737082855 -1.9645745014573772 0
    endloop
  endfacet
  facet normal -0.368124552684678 0.9297764858882513 0
    outer loop
      vertex -6.881966011250105 -1.902113032590307 6
      vertex -6.648441416869855 -1.8096541049320392 6
      vertex -6.881966011250105 -1.902113032590307 0
    endloop
  endfacet
  facet normal -0.48175367410171527 0.8763066800438636 0
    outer loop
      vertex -6.648441416869855 -1.8096541049320392 6
      vertex -6.428346410042008 -1.6886558510040306 6
      vertex -6.648441416869855 -1.8096541049320392 0
    endloop
  endfacet
  facet normal -0.5877852522924715 0.8090169943749486 0
    outer loop
      vertex -6.428346410042008 -1.6886558510040306 6
      vertex -6.22515202050262 -1.541026485551578 6
      vertex -6.428346410042008 -1.6886558510040306 0
    endloop
  endfacet
  facet normal -0.6845471059286894 0.7289686274214108 0
    outer loop
      vertex -6.22515202050262 -1.541026485551578 6
      vertex -6.0420627451571765 -1.369094211857377 6
      vertex -6.22515202050262 -1.541026485551578 0
    endloop
  endfacet
  facet normal -0.7705132427757896 0.6374239897486894 0
    outer loop
      vertex -6.0420627451571765 -1.369094211857377 6
      vertex -5.881966011250105 -1.1755705045849463 6
      vertex -5.881966011250105 -1.1755705045849463 0
    endloop
  endfacet
  facet normal -0.8443279255020154 0.5358267949789962 0
    outer loop
      vertex -5.881966011250105 -1.1755705045849463 6
      vertex -5.747386639912273 -0.9635073482034308 6
      vertex -5.747386639912273 -0.9635073482034308 0
    endloop
  endfacet
  facet normal -0.904827052466019 0.425779291565074 0
    outer loop
      vertex -5.747386639912273 -0.9635073482034308 6
      vertex -5.640447028223497 -0.7362491053693567 6
      vertex -5.640447028223497 -0.7362491053693567 0
    endloop
  endfacet
  facet normal -0.9510565162951541 0.30901699437494573 0
    outer loop
      vertex -5.640447028223497 -0.7362491053693567 6
      vertex -5.562833677742738 -0.49737977432970887 0
      vertex -5.640447028223497 -0.7362491053693567 0
    endloop
  endfacet
  facet normal -0.9822872507286884 0.18738131458572643 0
    outer loop
      vertex -5.562833677742738 -0.49737977432970887 6
      vertex -5.515770597371044 -0.25066646712860813 0
      vertex -5.562833677742738 -0.49737977432970887 0
    endloop
  endfacet
  facet normal -0.9980267284282717 0.06279051952931222 0
    outer loop
      vertex -5.515770597371044 -0.25066646712860813 6
      vertex -5.5 0 0
      vertex -5.515770597371044 -0.25066646712860813 0
    endloop
  endfacet
  facet normal -0.9510565162951541 0.30901699437494573 0
    outer loop
      vertex -5.640447028223497 -0.7362491053693567 6
      vertex -5.562833677742738 -0.49737977432970887 6
      vertex -5.562833677742738 -0.49737977432970887 0
    endloop
  endfacet
  facet normal -0.9822872507286884 0.18738131458572643 0
    outer loop
      vertex -5.562833677742738 -0.49737977432970887 6
      vertex -5.515770597371044 -0.25066646712860813 6
      vertex -5.515770597371044 -0.25066646712860813 0
    endloop
  endfacet
  facet normal -0.9980267284282717 0.06279051952931222 0
    outer loop
      vertex -5.515770597371044 -0.25066646712860813 6
      vertex -5.5 0 6
      vertex -5.5 0 0
    endloop
  endfacet
  facet normal 0 0 -1
    outer loop
      vertex -8.957937254842824 -1.369094211857377 6
      vertex -8.647363181547641 -1.386923836996421 6
      vertex -8.774847979497379 -1.5410264855515787 6
    endloop
  endfacet
  facet normal 0 0 -1
    outer loop
      vertex -8.774847979497379 -1.5410264855515787 6
      vertex -8.464488230962194 -1.5197902659036269 6
      vertex -8.571653589957993 -1.68865585100403 6
    endloop
  endfacet
  facet normal 0 0 -1
    outer loop
      vertex -8.774847979497379 -1.5410264855515787 6
      vertex -8.647363181547641 -1.386923836996421 6
      vertex -8.464488230962194 -1.5197902659036269 6
    endloop
  endfacet
  facet normal 0 0 -1
    outer loop
      vertex -9.252613360087727 -0.9635073482034308 6
      vertex -9.243449690031536 -0.4476417968967387 6
      vertex -9.173597674598852 -0.6626241948324202 6
    endloop
  endfacet
  facet normal 0 0 -1
    outer loop
      vertex -9.252613360087727 -0.9635073482034308 6
      vertex -9.285806462366061 -0.22559982041574733 6
      vertex -9.243449690031536 -0.4476417968967387 6
    endloop
  endfacet
  facet normal 0 0 -1
    outer loop
      vertex -9.359552971776504 -0.7362491053693557 6
      vertex -9.437166322257262 -0.4973797743297097 6
      vertex -9.437166322257262 0.4973797743297097 6
    endloop
  endfacet
  facet normal 0 0 -1
    outer loop
      vertex -9.437166322257262 -0.4973797743297097 6
      vertex -9.484229402628955 -0.25066646712860813 6
      vertex -9.484229402628955 0.25066646712860813 6
    endloop
  endfacet
  facet normal 0 0 -1
    outer loop
      vertex -9.252613360087727 -0.9635073482034308 6
      vertex -9.359552971776504 -0.7362491053693557 6
      vertex -9.359552971776504 0.7362491053693557 6
    endloop
  endfacet
  facet normal 0 0 -1
    outer loop
      vertex -9.252613360087727 -0.9635073482034308 6
      vertex -9.359552971776504 0.7362491053693557 6
      vertex -9.285806462366061 -0.22559982041574733 6
    endloop
  endfacet
  facet normal 0 0 -1
    outer loop
      vertex -9.118033988749895 -1.1755705045849463 6
      vertex -8.956230589874906 -1.0580134541264516 6
      vertex -8.957937254842824 -1.369094211857377 6
    endloop
  endfacet
  facet normal 0 0 -1
    outer loop
      vertex -8.957937254842824 -1.369094211857377 6
      vertex -8.956230589874906 -1.0580134541264516 6
      vertex -8.812143529358542 -1.2321847906716394 6
    endloop
  endfacet
  facet normal 0 0 -1
    outer loop
      vertex -9.252613360087727 -0.9635073482034308 6
      vertex -9.077352024078955 -0.8671566133830877 6
      vertex -9.118033988749895 -1.1755705045849463 6
    endloop
  endfacet
  facet normal 0 0 -1
    outer loop
      vertex -9.118033988749895 -1.1755705045849463 6
      vertex -9.077352024078955 -0.8671566133830877 6
      vertex -8.956230589874906 -1.0580134541264516 6
    endloop
  endfacet
  facet normal 0 0 -1
    outer loop
      vertex -9.252613360087727 -0.9635073482034308 6
      vertex -9.173597674598852 -0.6626241948324202 6
      vertex -9.077352024078955 -0.8671566133830877 6
    endloop
  endfacet
  facet normal 0 0 -1
    outer loop
      vertex -8.957937254842824 -1.369094211857377 6
      vertex -8.812143529358542 -1.2321847906716394 6
      vertex -8.647363181547641 -1.386923836996421 6
    endloop
  endfacet
  facet normal 0 0 -1
    outer loop
      vertex -8.351558583130146 -1.8096541049320392 6
      vertex -8.056230589874906 -1.7119017293312764 6
      vertex -8.118033988749895 -1.902113032590307 6
    endloop
  endfacet
  facet normal 0 0 -1
    outer loop
      vertex -8.571653589957993 -1.68865585100403 6
      vertex -8.464488230962194 -1.5197902659036269 6
      vertex -8.26640272481713 -1.6286886944388352 6
    endloop
  endfacet
  facet normal 0 0 -1
    outer loop
      vertex -8.571653589957993 -1.68865585100403 6
      vertex -8.26640272481713 -1.6286886944388352 6
      vertex -8.351558583130146 -1.8096541049320392 6
    endloop
  endfacet
  facet normal 0 0 -1
    outer loop
      vertex -8.351558583130146 -1.8096541049320392 6
      vertex -8.26640272481713 -1.6286886944388352 6
      vertex -8.056230589874906 -1.7119017293312764 6
    endloop
  endfacet
  facet normal 0 0 -1
    outer loop
      vertex -8.118033988749895 -1.902113032590307 6
      vertex -8.056230589874906 -1.7119017293312764 6
      vertex -7.837286366254305 -1.7681170513116395 6
    endloop
  endfacet
  facet normal 0 0 -1
    outer loop
      vertex -8.118033988749895 -1.902113032590307 6
      vertex -7.837286366254305 -1.7681170513116395 6
      vertex -7.87476262917145 -1.9645745014573772 6
    endloop
  endfacet
  facet normal 0 0 -1
    outer loop
      vertex -7.87476262917145 -1.9645745014573772 6
      vertex -7.837286366254305 -1.7681170513116395 6
      vertex -7.613022935152765 -1.7964481111708888 6
    endloop
  endfacet
  facet normal 0 0 -1
    outer loop
      vertex -7.87476262917145 -1.9645745014573772 6
      vertex -7.613022935152765 -1.7964481111708888 6
      vertex -7.625581039058628 -1.9960534568565431 6
    endloop
  endfacet
  facet normal 0 0 -1
    outer loop
      vertex -7.625581039058628 -1.9960534568565431 6
      vertex -7.613022935152765 -1.7964481111708888 6
      vertex -7.386977064847235 -1.7964481111708888 6
    endloop
  endfacet
  facet normal 0 0 -1
    outer loop
      vertex -7.625581039058628 -1.9960534568565431 6
      vertex -7.386977064847235 -1.7964481111708888 6
      vertex -7.374418960941372 -1.9960534568565431 6
    endloop
  endfacet
  facet normal 0 0 -1
    outer loop
      vertex -7.374418960941372 -1.9960534568565431 6
      vertex -7.386977064847235 -1.7964481111708888 6
      vertex -7.162713633745695 -1.7681170513116395 6
    endloop
  endfacet
  facet normal 0 0 -1
    outer loop
      vertex -7.374418960941372 -1.9960534568565431 6
      vertex -7.162713633745695 -1.7681170513116395 6
      vertex -7.12523737082855 -1.9645745014573772 6
    endloop
  endfacet
  facet normal 0 0 -1
    outer loop
      vertex -7.162713633745695 -1.7681170513116395 6
      vertex -6.943769410125094 -1.7119017293312764 6
      vertex -7.12523737082855 -1.9645745014573772 6
    endloop
  endfacet
  facet normal 0 0 -1
    outer loop
      vertex -7.12523737082855 -1.9645745014573772 6
      vertex -6.943769410125094 -1.7119017293312764 6
      vertex -6.881966011250105 -1.902113032590307 6
    endloop
  endfacet
  facet normal 0 0 -1
    outer loop
      vertex -6.881966011250105 -1.902113032590307 6
      vertex -6.73359727518287 -1.6286886944388352 6
      vertex -6.648441416869855 -1.8096541049320392 6
    endloop
  endfacet
  facet normal 0 0 -1
    outer loop
      vertex -6.881966011250105 -1.902113032590307 6
      vertex -6.943769410125094 -1.7119017293312764 6
      vertex -6.73359727518287 -1.6286886944388352 6
    endloop
  endfacet
  facet normal 0 0 -1
    outer loop
      vertex -6.648441416869855 -1.8096541049320392 6
      vertex -6.73359727518287 -1.6286886944388352 6
      vertex -6.535511769037807 -1.5197902659036275 6
    endloop
  endfacet
  facet normal 0 0 -1
    outer loop
      vertex -6.648441416869855 -1.8096541049320392 6
      vertex -6.535511769037807 -1.5197902659036275 6
      vertex -6.428346410042008 -1.6886558510040306 6
    endloop
  endfacet
  facet normal 0 0 -1
    outer loop
      vertex -6.428346410042008 -1.6886558510040306 6
      vertex -6.535511769037807 -1.5197902659036275 6
      vertex -6.352636818452358 -1.3869238369964203 6
    endloop
  endfacet
  facet normal 0 0 -1
    outer loop
      vertex -6.428346410042008 -1.6886558510040306 6
      vertex -6.352636818452358 -1.3869238369964203 6
      vertex -6.22515202050262 -1.541026485551578 6
    endloop
  endfacet
  facet normal 0 0 -1
    outer loop
      vertex -6.352636818452358 -1.3869238369964203 6
      vertex -6.187856470641459 -1.2321847906716394 6
      vertex -6.22515202050262 -1.541026485551578 6
    endloop
  endfacet
  facet normal 0 0 -1
    outer loop
      vertex -6.22515202050262 -1.541026485551578 6
      vertex -6.187856470641459 -1.2321847906716394 6
      vertex -6.0420627451571765 -1.369094211857377 6
    endloop
  endfacet
  facet normal 0 0 -1
    outer loop
      vertex -6.187856470641459 -1.2321847906716394 6
      vertex -6.043769410125094 -1.0580134541264516 6
      vertex -6.0420627451571765 -1.369094211857377 6
    endloop
  endfacet
  facet normal 0 0 -1
    outer loop
      vertex -6.0420627451571765 -1.369094211857377 6
      vertex -6.043769410125094 -1.0580134541264516 6
      vertex -5.922647975921046 -0.8671566133830877 6
    endloop
  endfacet
  facet normal 0 0 -1
    outer loop
      vertex -6.0420627451571765 -1.369094211857377 6
      vertex -5.922647975921046 -0.8671566133830877 6
      vertex -5.881966011250105 -1.1755705045849463 6
    endloop
  endfacet
  facet normal 0 0 -1
    outer loop
      vertex -5.881966011250105 -1.1755705045849463 6
      vertex -5.922647975921046 -0.8671566133830877 6
      vertex -5.826402325401148 -0.6626241948324211 6
    endloop
  endfacet
  facet normal 0 0 -1
    outer loop
      vertex -5.881966011250105 -1.1755705045849463 6
      vertex -5.826402325401148 -0.6626241948324211 6
      vertex -5.747386639912273 -0.9635073482034308 6
    endloop
  endfacet
  facet normal 0 0 -1
    outer loop
      vertex -5.747386639912273 -0.9635073482034308 6
      vertex -5.826402325401148 -0.6626241948324211 6
      vertex -5.756550309968464 -0.447641796896738 6
    endloop
  endfacet
  facet normal 0 0 -1
    outer loop
      vertex -5.747386639912273 -0.9635073482034308 6
      vertex -5.71419353763394 -0.22559982041574733 6
      vertex -5.640447028223497 -0.7362491053693567 6
    endloop
  endfacet
  facet normal 0 0 -1
    outer loop
      vertex -5.747386639912273 -0.9635073482034308 6
      vertex -5.756550309968464 -0.447641796896738 6
      vertex -5.71419353763394 -0.22559982041574733 6
    endloop
  endfacet
  facet normal 0 0 -1
    outer loop
      vertex -5.71419353763394 -0.22559982041574733 6
      vertex -5.7 0 6
      vertex -5.640447028223497 -0.7362491053693567 6
    endloop
  endfacet
  facet normal 0 0 -1
    outer loop
      vertex -5.640447028223497 -0.7362491053693567 6
      vertex -5.640447028223497 0.736249105369356 6
      vertex -5.562833677742738 -0.49737977432970887 6
    endloop
  endfacet
  facet normal 0 0 -1
    outer loop
      vertex -5.562833677742738 -0.49737977432970887 6
      vertex -5.562833677742738 0.4973797743297096 6
      vertex -5.515770597371044 -0.25066646712860813 6
    endloop
  endfacet
  facet normal 0.9980267284282713 -0.06279051952931575 0
    outer loop
      vertex -9.484229402628955 0.25066646712860813 6
      vertex -9.5 0 0
      vertex -9.484229402628955 0.25066646712860813 0
    endloop
  endfacet
  facet normal 0.982287250728689 -0.1873813145857224 0
    outer loop
      vertex -9.437166322257262 0.4973797743297097 6
      vertex -9.484229402628955 0.25066646712860813 0
      vertex -9.437166322257262 0.4973797743297097 0
    endloop
  endfacet
  facet normal 0.9510565162951545 -0.30901699437494473 0
    outer loop
      vertex -9.359552971776504 0.7362491053693557 6
      vertex -9.437166322257262 0.4973797743297097 0
      vertex -9.359552971776504 0.7362491053693557 0
    endloop
  endfacet
  facet normal 0.9048270524660182 -0.4257792915650753 0
    outer loop
      vertex -9.252613360087727 0.9635073482034308 6
      vertex -9.359552971776504 0.7362491053693557 0
      vertex -9.252613360087727 0.9635073482034308 0
    endloop
  endfacet
  facet normal 0.8443279255020154 -0.5358267949789962 0
    outer loop
      vertex -9.118033988749895 1.1755705045849463 6
      vertex -9.252613360087727 0.9635073482034308 0
      vertex -9.118033988749895 1.1755705045849463 0
    endloop
  endfacet
  facet normal 0.7705132427757896 -0.6374239897486894 0
    outer loop
      vertex -8.957937254842824 1.369094211857377 6
      vertex -9.118033988749895 1.1755705045849463 0
      vertex -8.957937254842824 1.369094211857377 0
    endloop
  endfacet
  facet normal 0.6845471059286873 -0.7289686274214127 0
    outer loop
      vertex -8.957937254842824 1.369094211857377 6
      vertex -8.957937254842824 1.369094211857377 0
      vertex -8.774847979497379 1.5410264855515787 0
    endloop
  endfacet
  facet normal 0.5877852522924731 -0.8090169943749475 0
    outer loop
      vertex -8.774847979497379 1.5410264855515787 6
      vertex -8.774847979497379 1.5410264855515787 0
      vertex -8.571653589957993 1.68865585100403 0
    endloop
  endfacet
  facet normal 0.4817536741017166 -0.8763066800438628 0
    outer loop
      vertex -8.571653589957993 1.68865585100403 6
      vertex -8.571653589957993 1.68865585100403 0
      vertex -8.351558583130146 1.809654104932039 0
    endloop
  endfacet
  facet normal 0.3681245526846776 -0.9297764858882517 0
    outer loop
      vertex -8.351558583130146 1.809654104932039 6
      vertex -8.351558583130146 1.809654104932039 0
      vertex -8.118033988749895 1.902113032590307 0
    endloop
  endfacet
  facet normal 0.24868988716485485 -0.968583161128631 0
    outer loop
      vertex -8.118033988749895 1.902113032590307 6
      vertex -8.118033988749895 1.902113032590307 0
      vertex -7.874762629171449 1.9645745014573774 0
    endloop
  endfacet
  facet normal 0.12533323356430426 -0.9921147013144778 0
    outer loop
      vertex -7.874762629171449 1.9645745014573774 6
      vertex -7.874762629171449 1.9645745014573774 0
      vertex -7.625581039058627 1.9960534568565431 0
    endloop
  endfacet
  facet normal 0 -1 0
    outer loop
      vertex -7.625581039058627 1.9960534568565431 6
      vertex -7.625581039058627 1.9960534568565431 0
      vertex -7.374418960941373 1.9960534568565431 0
    endloop
  endfacet
  facet normal -0.12533323356430426 -0.9921147013144778 0
    outer loop
      vertex -7.374418960941373 1.9960534568565431 6
      vertex -7.374418960941373 1.9960534568565431 0
      vertex -7.125237370828551 1.9645745014573774 0
    endloop
  endfacet
  facet normal -0.9048270524660194 -0.4257792915650729 0
    outer loop
      vertex -5.640447028223497 0.736249105369356 6
      vertex -5.747386639912273 0.9635073482034306 0
      vertex -5.640447028223497 0.736249105369356 0
    endloop
  endfacet
  facet normal -0.8443279255020155 -0.535826794978996 0
    outer loop
      vertex -5.747386639912273 0.9635073482034306 6
      vertex -5.881966011250105 1.1755705045849463 0
      vertex -5.747386639912273 0.9635073482034306 0
    endloop
  endfacet
  facet normal -0.7705132427757903 -0.6374239897486884 0
    outer loop
      vertex -5.881966011250105 1.1755705045849463 6
      vertex -6.0420627451571765 1.3690942118573775 0
      vertex -5.881966011250105 1.1755705045849463 0
    endloop
  endfacet
  facet normal -0.24868988716485485 -0.968583161128631 0
    outer loop
      vertex -7.125237370828551 1.9645745014573774 6
      vertex -7.125237370828551 1.9645745014573774 0
      vertex -6.881966011250105 1.902113032590307 0
    endloop
  endfacet
  facet normal -0.3681245526846776 -0.9297764858882517 0
    outer loop
      vertex -6.881966011250105 1.902113032590307 6
      vertex -6.881966011250105 1.902113032590307 0
      vertex -6.648441416869854 1.809654104932039 0
    endloop
  endfacet
  facet normal -0.48175367410171593 -0.8763066800438631 0
    outer loop
      vertex -6.648441416869854 1.809654104932039 6
      vertex -6.648441416869854 1.809654104932039 0
      vertex -6.428346410042007 1.6886558510040302 0
    endloop
  endfacet
  facet normal -0.5877852522924731 -0.8090169943749475 0
    outer loop
      vertex -6.428346410042007 1.6886558510040302 6
      vertex -6.428346410042007 1.6886558510040302 0
      vertex -6.2251520205026205 1.5410264855515783 0
    endloop
  endfacet
  facet normal -0.6845471059286872 -0.7289686274214129 0
    outer loop
      vertex -6.2251520205026205 1.5410264855515783 6
      vertex -6.2251520205026205 1.5410264855515783 0
      vertex -6.0420627451571765 1.3690942118573775 0
    endloop
  endfacet
  facet normal 0.9980267284282713 -0.06279051952931575 0
    outer loop
      vertex -9.5 0 6
      vertex -9.5 0 0
      vertex -9.484229402628955 0.25066646712860813 6
    endloop
  endfacet
  facet normal 0.982287250728689 -0.1873813145857224 0
    outer loop
      vertex -9.484229402628955 0.25066646712860813 6
      vertex -9.484229402628955 0.25066646712860813 0
      vertex -9.437166322257262 0.4973797743297097 6
    endloop
  endfacet
  facet normal 0.9510565162951545 -0.30901699437494473 0
    outer loop
      vertex -9.437166322257262 0.4973797743297097 6
      vertex -9.437166322257262 0.4973797743297097 0
      vertex -9.359552971776504 0.7362491053693557 6
    endloop
  endfacet
  facet normal 0.9048270524660182 -0.4257792915650753 0
    outer loop
      vertex -9.359552971776504 0.7362491053693557 6
      vertex -9.359552971776504 0.7362491053693557 0
      vertex -9.252613360087727 0.9635073482034308 6
    endloop
  endfacet
  facet normal 0.8443279255020154 -0.5358267949789962 0
    outer loop
      vertex -9.252613360087727 0.9635073482034308 6
      vertex -9.252613360087727 0.9635073482034308 0
      vertex -9.118033988749895 1.1755705045849463 6
    endloop
  endfacet
  facet normal 0.7705132427757896 -0.6374239897486894 0
    outer loop
      vertex -9.118033988749895 1.1755705045849463 6
      vertex -9.118033988749895 1.1755705045849463 0
      vertex -8.957937254842824 1.369094211857377 6
    endloop
  endfacet
  facet normal 0.6845471059286873 -0.7289686274214127 0
    outer loop
      vertex -8.957937254842824 1.369094211857377 6
      vertex -8.774847979497379 1.5410264855515787 0
      vertex -8.774847979497379 1.5410264855515787 6
    endloop
  endfacet
  facet normal 0.5877852522924731 -0.8090169943749475 0
    outer loop
      vertex -8.774847979497379 1.5410264855515787 6
      vertex -8.571653589957993 1.68865585100403 0
      vertex -8.571653589957993 1.68865585100403 6
    endloop
  endfacet
  facet normal 0.4817536741017166 -0.8763066800438628 0
    outer loop
      vertex -8.571653589957993 1.68865585100403 6
      vertex -8.351558583130146 1.809654104932039 0
      vertex -8.351558583130146 1.809654104932039 6
    endloop
  endfacet
  facet normal 0.3681245526846776 -0.9297764858882517 0
    outer loop
      vertex -8.351558583130146 1.809654104932039 6
      vertex -8.118033988749895 1.902113032590307 0
      vertex -8.118033988749895 1.902113032590307 6
    endloop
  endfacet
  facet normal 0.24868988716485485 -0.968583161128631 0
    outer loop
      vertex -8.118033988749895 1.902113032590307 6
      vertex -7.874762629171449 1.9645745014573774 0
      vertex -7.874762629171449 1.9645745014573774 6
    endloop
  endfacet
  facet normal 0.12533323356430426 -0.9921147013144778 0
    outer loop
      vertex -7.874762629171449 1.9645745014573774 6
      vertex -7.625581039058627 1.9960534568565431 0
      vertex -7.625581039058627 1.9960534568565431 6
    endloop
  endfacet
  facet normal 0 -1 0
    outer loop
      vertex -7.625581039058627 1.9960534568565431 6
      vertex -7.374418960941373 1.9960534568565431 0
      vertex -7.374418960941373 1.9960534568565431 6
    endloop
  endfacet
  facet normal -0.12533323356430426 -0.9921147013144778 0
    outer loop
      vertex -7.374418960941373 1.9960534568565431 6
      vertex -7.125237370828551 1.9645745014573774 0
      vertex -7.125237370828551 1.9645745014573774 6
    endloop
  endfacet
  facet normal -0.9048270524660194 -0.4257792915650729 0
    outer loop
      vertex -5.747386639912273 0.9635073482034306 6
      vertex -5.747386639912273 0.9635073482034306 0
      vertex -5.640447028223497 0.736249105369356 6
    endloop
  endfacet
  facet normal -0.7705132427757903 -0.6374239897486884 0
    outer loop
      vertex -6.0420627451571765 1.3690942118573775 6
      vertex -6.0420627451571765 1.3690942118573775 0
      vertex -5.881966011250105 1.1755705045849463 6
    endloop
  endfacet
  facet normal -0.8443279255020155 -0.535826794978996 0
    outer loop
      vertex -5.747386639912273 0.9635073482034306 6
      vertex -5.881966011250105 1.1755705045849463 6
      vertex -5.881966011250105 1.1755705045849463 0
    endloop
  endfacet
  facet normal -0.24868988716485485 -0.968583161128631 0
    outer loop
      vertex -7.125237370828551 1.9645745014573774 6
      vertex -6.881966011250105 1.902113032590307 0
      vertex -6.881966011250105 1.902113032590307 6
    endloop
  endfacet
  facet normal -0.48175367410171593 -0.8763066800438631 0
    outer loop
      vertex -6.428346410042007 1.6886558510040302 6
      vertex -6.648441416869854 1.809654104932039 6
      vertex -6.428346410042007 1.6886558510040302 0
    endloop
  endfacet
  facet normal -0.3681245526846776 -0.9297764858882517 0
    outer loop
      vertex -6.881966011250105 1.902113032590307 6
      vertex -6.648441416869854 1.809654104932039 0
      vertex -6.648441416869854 1.809654104932039 6
    endloop
  endfacet
  facet normal -0.5877852522924731 -0.8090169943749475 0
    outer loop
      vertex -6.428346410042007 1.6886558510040302 6
      vertex -6.2251520205026205 1.5410264855515783 0
      vertex -6.2251520205026205 1.5410264855515783 6
    endloop
  endfacet
  facet normal -0.6845471059286872 -0.7289686274214129 0
    outer loop
      vertex -6.0420627451571765 1.3690942118573775 6
      vertex -6.2251520205026205 1.5410264855515783 6
      vertex -6.0420627451571765 1.3690942118573775 0
    endloop
  endfacet
  facet normal -0.9980267284282717 -0.06279051952931214 0
    outer loop
      vertex -5.5 0 6
      vertex -5.515770597371044 0.2506664671286085 0
      vertex -5.5 0 0
    endloop
  endfacet
  facet normal -0.9822872507286883 -0.18738131458572616 0
    outer loop
      vertex -5.515770597371044 0.2506664671286085 6
      vertex -5.562833677742738 0.4973797743297096 0
      vertex -5.515770597371044 0.2506664671286085 0
    endloop
  endfacet
  facet normal -0.9510565162951536 -0.3090169943749475 0
    outer loop
      vertex -5.562833677742738 0.4973797743297096 6
      vertex -5.640447028223497 0.736249105369356 0
      vertex -5.562833677742738 0.4973797743297096 0
    endloop
  endfacet
  facet normal -0.9980267284282717 -0.06279051952931214 0
    outer loop
      vertex -5.5 0 6
      vertex -5.515770597371044 0.2506664671286085 6
      vertex -5.515770597371044 0.2506664671286085 0
    endloop
  endfacet
  facet normal -0.9822872507286883 -0.18738131458572616 0
    outer loop
      vertex -5.515770597371044 0.2506664671286085 6
      vertex -5.562833677742738 0.4973797743297096 6
      vertex -5.562833677742738 0.4973797743297096 0
    endloop
  endfacet
  facet normal -0.9510565162951536 -0.3090169943749475 0
    outer loop
      vertex -5.562833677742738 0.4973797743297096 6
      vertex -5.640447028223497 0.736249105369356 6
      vertex -5.640447028223497 0.736249105369356 0
    endloop
  endfacet
  facet normal 0 0 -1
    outer loop
      vertex -9.484229402628955 -0.25066646712860813 6
      vertex -9.5 0 6
      vertex -9.484229402628955 0.25066646712860813 6
    endloop
  endfacet
  facet normal 0 0 -1
    outer loop
      vertex -9.437166322257262 -0.4973797743297097 6
      vertex -9.484229402628955 0.25066646712860813 6
      vertex -9.437166322257262 0.4973797743297097 6
    endloop
  endfacet
  facet normal 0 0 -1
    outer loop
      vertex -9.359552971776504 -0.7362491053693557 6
      vertex -9.437166322257262 0.4973797743297097 6
      vertex -9.359552971776504 0.7362491053693557 6
    endloop
  endfacet
  facet normal 0 0 -1
    outer loop
      vertex -9.285806462366061 -0.22559982041574733 6
      vertex -9.359552971776504 0.7362491053693557 6
      vertex -9.3 0 6
    endloop
  endfacet
  facet normal 0 0 -1
    outer loop
      vertex -9.3 0 6
      vertex -9.359552971776504 0.7362491053693557 6
      vertex -9.285806462366061 0.22559982041574733 6
    endloop
  endfacet
  facet normal 0 0 -1
    outer loop
      vertex -9.285806462366061 0.22559982041574733 6
      vertex -9.252613360087727 0.9635073482034308 6
      vertex -9.243449690031536 0.4476417968967387 6
    endloop
  endfacet
  facet normal 0 0 -1
    outer loop
      vertex -9.285806462366061 0.22559982041574733 6
      vertex -9.359552971776504 0.7362491053693557 6
      vertex -9.252613360087727 0.9635073482034308 6
    endloop
  endfacet
  facet normal 0 0 -1
    outer loop
      vertex -9.243449690031536 0.4476417968967387 6
      vertex -9.252613360087727 0.9635073482034308 6
      vertex -9.173597674598852 0.6626241948324202 6
    endloop
  endfacet
  facet normal 0 0 -1
    outer loop
      vertex -9.173597674598852 0.6626241948324202 6
      vertex -9.252613360087727 0.9635073482034308 6
      vertex -9.118033988749895 1.1755705045849463 6
    endloop
  endfacet
  facet normal 0 0 -1
    outer loop
      vertex -9.173597674598852 0.6626241948324202 6
      vertex -9.118033988749895 1.1755705045849463 6
      vertex -9.077352024078955 0.8671566133830877 6
    endloop
  endfacet
  facet normal 0 0 -1
    outer loop
      vertex -9.077352024078955 0.8671566133830877 6
      vertex -9.118033988749895 1.1755705045849463 6
      vertex -8.957937254842824 1.369094211857377 6
    endloop
  endfacet
  facet normal 0 0 -1
    outer loop
      vertex -9.077352024078955 0.8671566133830877 6
      vertex -8.957937254842824 1.369094211857377 6
      vertex -8.956230589874906 1.0580134541264516 6
    endloop
  endfacet
  facet normal 0 0 -1
    outer loop
      vertex -8.956230589874906 1.0580134541264516 6
      vertex -8.957937254842824 1.369094211857377 6
      vertex -8.812143529358542 1.2321847906716394 6
    endloop
  endfacet
  facet normal 0 0 -1
    outer loop
      vertex -8.957937254842824 1.369094211857377 6
      vertex -8.774847979497379 1.5410264855515787 6
      vertex -8.812143529358542 1.2321847906716394 6
    endloop
  endfacet
  facet normal 0 0 -1
    outer loop
      vertex -8.812143529358542 1.2321847906716394 6
      vertex -8.774847979497379 1.5410264855515787 6
      vertex -8.647363181547641 1.386923836996421 6
    endloop
  endfacet
  facet normal 0 0 -1
    outer loop
      vertex -8.647363181547641 1.386923836996421 6
      vertex -8.774847979497379 1.5410264855515787 6
      vertex -8.571653589957993 1.68865585100403 6
    endloop
  endfacet
  facet normal 0 0 -1
    outer loop
      vertex -8.647363181547641 1.386923836996421 6
      vertex -8.571653589957993 1.68865585100403 6
      vertex -8.464488230962194 1.5197902659036269 6
    endloop
  endfacet
  facet normal 0 0 -1
    outer loop
      vertex -8.571653589957993 1.68865585100403 6
      vertex -8.351558583130146 1.809654104932039 6
      vertex -8.464488230962194 1.5197902659036269 6
    endloop
  endfacet
  facet normal 0 0 -1
    outer loop
      vertex -8.464488230962194 1.5197902659036269 6
      vertex -8.351558583130146 1.809654104932039 6
      vertex -8.26640272481713 1.628688694438835 6
    endloop
  endfacet
  facet normal 0 0 -1
    outer loop
      vertex -8.26640272481713 1.628688694438835 6
      vertex -8.351558583130146 1.809654104932039 6
      vertex -8.118033988749895 1.902113032590307 6
    endloop
  endfacet
  facet normal 0 0 -1
    outer loop
      vertex -8.26640272481713 1.628688694438835 6
      vertex -8.118033988749895 1.902113032590307 6
      vertex -8.056230589874906 1.7119017293312764 6
    endloop
  endfacet
  facet normal 0 0 -1
    outer loop
      vertex -8.056230589874906 1.7119017293312764 6
      vertex -8.118033988749895 1.902113032590307 6
      vertex -7.874762629171449 1.9645745014573774 6
    endloop
  endfacet
  facet normal 0 0 -1
    outer loop
      vertex -8.056230589874906 1.7119017293312764 6
      vertex -7.874762629171449 1.9645745014573774 6
      vertex -7.837286366254304 1.7681170513116398 6
    endloop
  endfacet
  facet normal 0 0 -1
    outer loop
      vertex -7.874762629171449 1.9645745014573774 6
      vertex -7.625581039058627 1.9960534568565431 6
      vertex -7.837286366254304 1.7681170513116398 6
    endloop
  endfacet
  facet normal 0 0 -1
    outer loop
      vertex -7.837286366254304 1.7681170513116398 6
      vertex -7.625581039058627 1.9960534568565431 6
      vertex -7.613022935152764 1.7964481111708888 6
    endloop
  endfacet
  facet normal 0 0 -1
    outer loop
      vertex -7.613022935152764 1.7964481111708888 6
      vertex -7.625581039058627 1.9960534568565431 6
      vertex -7.374418960941373 1.9960534568565431 6
    endloop
  endfacet
  facet normal 0 0 -1
    outer loop
      vertex -7.613022935152764 1.7964481111708888 6
      vertex -7.374418960941373 1.9960534568565431 6
      vertex -7.386977064847236 1.7964481111708888 6
    endloop
  endfacet
  facet normal 0 0 -1
    outer loop
      vertex -7.386977064847236 1.7964481111708888 6
      vertex -7.374418960941373 1.9960534568565431 6
      vertex -7.125237370828551 1.9645745014573774 6
    endloop
  endfacet
  facet normal 0 0 -1
    outer loop
      vertex -7.386977064847236 1.7964481111708888 6
      vertex -7.125237370828551 1.9645745014573774 6
      vertex -7.162713633745696 1.7681170513116398 6
    endloop
  endfacet
  facet normal 0 0 -1
    outer loop
      vertex -5.640447028223497 -0.7362491053693567 6
      vertex -5.7 0 6
      vertex -5.747386639912273 0.9635073482034306 6
    endloop
  endfacet
  facet normal 0 0 -1
    outer loop
      vertex -5.640447028223497 -0.7362491053693567 6
      vertex -5.747386639912273 0.9635073482034306 6
      vertex -5.640447028223497 0.736249105369356 6
    endloop
  endfacet
  facet normal 0 0 -1
    outer loop
      vertex -5.71419353763394 0.22559982041574766 6
      vertex -5.747386639912273 0.9635073482034306 6
      vertex -5.7 0 6
    endloop
  endfacet
  facet normal 0 0 -1
    outer loop
      vertex -5.756550309968464 0.44764179689673866 6
      vertex -5.826402325401148 0.6626241948324204 6
      vertex -5.747386639912273 0.9635073482034306 6
    endloop
  endfacet
  facet normal 0 0 -1
    outer loop
      vertex -5.71419353763394 0.22559982041574766 6
      vertex -5.756550309968464 0.44764179689673866 6
      vertex -5.747386639912273 0.9635073482034306 6
    endloop
  endfacet
  facet normal 0 0 -1
    outer loop
      vertex -6.043769410125094 1.0580134541264516 6
      vertex -6.187856470641459 1.2321847906716397 6
      vertex -6.0420627451571765 1.3690942118573775 6
    endloop
  endfacet
  facet normal 0 0 -1
    outer loop
      vertex -6.352636818452359 1.3869238369964205 6
      vertex -6.0420627451571765 1.3690942118573775 6
      vertex -6.187856470641459 1.2321847906716397 6
    endloop
  endfacet
  facet normal 0 0 -1
    outer loop
      vertex -6.043769410125094 1.0580134541264516 6
      vertex -5.881966011250105 1.1755705045849463 6
      vertex -5.922647975921046 0.8671566133830876 6
    endloop
  endfacet
  facet normal 0 0 -1
    outer loop
      vertex -5.826402325401148 0.6626241948324204 6
      vertex -5.922647975921046 0.8671566133830876 6
      vertex -5.747386639912273 0.9635073482034306 6
    endloop
  endfacet
  facet normal 0 0 -1
    outer loop
      vertex -5.922647975921046 0.8671566133830876 6
      vertex -5.881966011250105 1.1755705045849463 6
      vertex -5.747386639912273 0.9635073482034306 6
    endloop
  endfacet
  facet normal 0 0 -1
    outer loop
      vertex -6.043769410125094 1.0580134541264516 6
      vertex -6.0420627451571765 1.3690942118573775 6
      vertex -5.881966011250105 1.1755705045849463 6
    endloop
  endfacet
  facet normal 0 0 -1
    outer loop
      vertex -6.943769410125094 1.7119017293312764 6
      vertex -6.648441416869854 1.809654104932039 6
      vertex -6.733597275182869 1.628688694438835 6
    endloop
  endfacet
  facet normal 0 0 -1
    outer loop
      vertex -7.162713633745696 1.7681170513116398 6
      vertex -7.125237370828551 1.9645745014573774 6
      vertex -6.881966011250105 1.902113032590307 6
    endloop
  endfacet
  facet normal 0 0 -1
    outer loop
      vertex -7.162713633745696 1.7681170513116398 6
      vertex -6.881966011250105 1.902113032590307 6
      vertex -6.943769410125094 1.7119017293312764 6
    endloop
  endfacet
  facet normal 0 0 -1
    outer loop
      vertex -6.943769410125094 1.7119017293312764 6
      vertex -6.881966011250105 1.902113032590307 6
      vertex -6.648441416869854 1.809654104932039 6
    endloop
  endfacet
  facet normal 0 0 -1
    outer loop
      vertex -6.733597275182869 1.628688694438835 6
      vertex -6.428346410042007 1.6886558510040302 6
      vertex -6.5355117690378055 1.519790265903627 6
    endloop
  endfacet
  facet normal 0 0 -1
    outer loop
      vertex -6.733597275182869 1.628688694438835 6
      vertex -6.648441416869854 1.809654104932039 6
      vertex -6.428346410042007 1.6886558510040302 6
    endloop
  endfacet
  facet normal 0 0 -1
    outer loop
      vertex -6.5355117690378055 1.519790265903627 6
      vertex -6.428346410042007 1.6886558510040302 6
      vertex -6.2251520205026205 1.5410264855515783 6
    endloop
  endfacet
  facet normal 0 0 -1
    outer loop
      vertex -6.352636818452359 1.3869238369964205 6
      vertex -6.5355117690378055 1.519790265903627 6
      vertex -6.2251520205026205 1.5410264855515783 6
    endloop
  endfacet
  facet normal 0 0 -1
    outer loop
      vertex -6.352636818452359 1.3869238369964205 6
      vertex -6.2251520205026205 1.5410264855515783 6
      vertex -6.0420627451571765 1.3690942118573775 6
    endloop
  endfacet
  facet normal 0 0 -1
    outer loop
      vertex -5.515770597371044 -0.25066646712860813 6
      vertex -5.515770597371044 0.2506664671286085 6
      vertex -5.5 0 6
    endloop
  endfacet
  facet normal 0 0 -1
    outer loop
      vertex -5.515770597371044 -0.25066646712860813 6
      vertex -5.562833677742738 0.4973797743297096 6
      vertex -5.515770597371044 0.2506664671286085 6
    endloop
  endfacet
  facet normal 0 0 -1
    outer loop
      vertex -5.562833677742738 -0.49737977432970887 6
      vertex -5.640447028223497 0.736249105369356 6
      vertex -5.562833677742738 0.4973797743297096 6
    endloop
  endfacet
  facet normal 0.587785252292473 0.8090169943749476 0
    outer loop
      vertex -8.647363181547641 -1.386923836996421 6
      vertex -8.647363181547641 -1.386923836996421 12
      vertex -8.464488230962194 -1.5197902659036269 6
    endloop
  endfacet
  facet normal 0.9822872507286879 0.18738131458572846 0
    outer loop
      vertex -9.243449690031536 -0.4476417968967387 6
      vertex -9.285806462366061 -0.22559982041574733 6
      vertex -9.285806462366061 -0.22559982041574733 12
    endloop
  endfacet
  facet normal 0.9980267284282716 0.06279051952931261 0
    outer loop
      vertex -9.285806462366061 -0.22559982041574733 6
      vertex -9.3 0 6
      vertex -9.3 0 12
    endloop
  endfacet
  facet normal 0.7705132427757897 0.637423989748689 0
    outer loop
      vertex -8.812143529358542 -1.2321847906716394 6
      vertex -8.956230589874906 -1.0580134541264516 6
      vertex -8.956230589874906 -1.0580134541264516 12
    endloop
  endfacet
  facet normal 0.9048270524660214 0.42577929156506894 0
    outer loop
      vertex -9.173597674598852 -0.6626241948324202 6
      vertex -9.173597674598852 -0.6626241948324202 12
      vertex -9.077352024078955 -0.8671566133830877 6
    endloop
  endfacet
  facet normal 0.8443279255020147 0.5358267949789973 0
    outer loop
      vertex -9.077352024078955 -0.8671566133830877 6
      vertex -9.077352024078955 -0.8671566133830877 12
      vertex -8.956230589874906 -1.0580134541264516 6
    endloop
  endfacet
  facet normal 0.6845471059286872 0.7289686274214128 0
    outer loop
      vertex -8.812143529358542 -1.2321847906716394 6
      vertex -8.812143529358542 -1.2321847906716394 12
      vertex -8.647363181547641 -1.386923836996421 6
    endloop
  endfacet
  facet normal 0.9510565162951534 0.30901699437494823 0
    outer loop
      vertex -9.173597674598852 -0.6626241948324202 6
      vertex -9.243449690031536 -0.4476417968967387 6
      vertex -9.243449690031536 -0.4476417968967387 12
    endloop
  endfacet
  facet normal 0.4817536741017142 0.8763066800438641 0
    outer loop
      vertex -8.464488230962194 -1.5197902659036269 6
      vertex -8.464488230962194 -1.5197902659036269 12
      vertex -8.26640272481713 -1.6286886944388352 6
    endloop
  endfacet
  facet normal 0.36812455268467875 0.9297764858882511 0
    outer loop
      vertex -8.056230589874906 -1.7119017293312764 6
      vertex -8.26640272481713 -1.6286886944388352 6
      vertex -8.26640272481713 -1.6286886944388352 12
    endloop
  endfacet
  facet normal 0.248689887164855 0.9685831611286311 0
    outer loop
      vertex -8.056230589874906 -1.7119017293312764 6
      vertex -8.056230589874906 -1.7119017293312764 12
      vertex -7.837286366254305 -1.7681170513116395 6
    endloop
  endfacet
  facet normal 0.1253332335643046 0.9921147013144778 0
    outer loop
      vertex -7.837286366254305 -1.7681170513116395 6
      vertex -7.837286366254305 -1.7681170513116395 12
      vertex -7.613022935152765 -1.7964481111708888 6
    endloop
  endfacet
  facet normal 0 1 0
    outer loop
      vertex -7.613022935152765 -1.7964481111708888 6
      vertex -7.613022935152765 -1.7964481111708888 12
      vertex -7.386977064847235 -1.7964481111708888 6
    endloop
  endfacet
  facet normal -0.1253332335643046 0.9921147013144778 0
    outer loop
      vertex -7.386977064847235 -1.7964481111708888 6
      vertex -7.386977064847235 -1.7964481111708888 12
      vertex -7.162713633745695 -1.7681170513116395 6
    endloop
  endfacet
  facet normal -0.248689887164855 0.9685831611286311 0
    outer loop
      vertex -7.162713633745695 -1.7681170513116395 6
      vertex -7.162713633745695 -1.7681170513116395 12
      vertex -6.943769410125094 -1.7119017293312764 6
    endloop
  endfacet
  facet normal -0.36812455268467875 0.9297764858882511 0
    outer loop
      vertex -6.943769410125094 -1.7119017293312764 6
      vertex -6.943769410125094 -1.7119017293312764 12
      vertex -6.73359727518287 -1.6286886944388352 6
    endloop
  endfacet
  facet normal -0.48175367410171527 0.8763066800438637 0
    outer loop
      vertex -6.73359727518287 -1.6286886944388352 6
      vertex -6.73359727518287 -1.6286886944388352 12
      vertex -6.535511769037807 -1.5197902659036275 6
    endloop
  endfacet
  facet normal -0.5877852522924712 0.8090169943749488 0
    outer loop
      vertex -6.535511769037807 -1.5197902659036275 6
      vertex -6.535511769037807 -1.5197902659036275 12
      vertex -6.352636818452358 -1.3869238369964203 6
    endloop
  endfacet
  facet normal -0.6845471059286896 0.7289686274214107 0
    outer loop
      vertex -6.352636818452358 -1.3869238369964203 6
      vertex -6.352636818452358 -1.3869238369964203 12
      vertex -6.187856470641459 -1.2321847906716394 6
    endloop
  endfacet
  facet normal -0.7705132427757878 0.6374239897486914 0
    outer loop
      vertex -6.187856470641459 -1.2321847906716394 6
      vertex -6.187856470641459 -1.2321847906716394 12
      vertex -6.043769410125094 -1.0580134541264516 6
    endloop
  endfacet
  facet normal -0.8443279255020164 0.5358267949789944 0
    outer loop
      vertex -6.043769410125094 -1.0580134541264516 6
      vertex -6.043769410125094 -1.0580134541264516 12
      vertex -5.922647975921046 -0.8671566133830877 6
    endloop
  endfacet
  facet normal -0.904827052466019 0.42577929156507366 0
    outer loop
      vertex -5.922647975921046 -0.8671566133830877 6
      vertex -5.922647975921046 -0.8671566133830877 12
      vertex -5.826402325401148 -0.6626241948324211 6
    endloop
  endfacet
  facet normal -0.951056516295154 0.30901699437494606 0
    outer loop
      vertex -5.826402325401148 -0.6626241948324211 6
      vertex -5.826402325401148 -0.6626241948324211 12
      vertex -5.756550309968464 -0.447641796896738 6
    endloop
  endfacet
  facet normal -0.9822872507286886 0.1873813145857253 0
    outer loop
      vertex -5.756550309968464 -0.447641796896738 6
      vertex -5.756550309968464 -0.447641796896738 12
      vertex -5.71419353763394 -0.22559982041574733 6
    endloop
  endfacet
  facet normal -0.9980267284282716 0.06279051952931261 0
    outer loop
      vertex -5.71419353763394 -0.22559982041574733 6
      vertex -5.71419353763394 -0.22559982041574733 12
      vertex -5.7 0 6
    endloop
  endfacet
  facet normal 0.587785252292473 0.8090169943749476 0
    outer loop
      vertex -8.464488230962194 -1.5197902659036269 6
      vertex -8.647363181547641 -1.386923836996421 12
      vertex -8.464488230962194 -1.5197902659036269 12
    endloop
  endfacet
  facet normal 0.9822872507286879 0.18738131458572846 0
    outer loop
      vertex -9.243449690031536 -0.4476417968967387 6
      vertex -9.285806462366061 -0.22559982041574733 12
      vertex -9.243449690031536 -0.4476417968967387 12
    endloop
  endfacet
  facet normal 0.9980267284282716 0.06279051952931261 0
    outer loop
      vertex -9.285806462366061 -0.22559982041574733 6
      vertex -9.3 0 12
      vertex -9.285806462366061 -0.22559982041574733 12
    endloop
  endfacet
  facet normal 0.9048270524660214 0.42577929156506894 0
    outer loop
      vertex -9.077352024078955 -0.8671566133830877 6
      vertex -9.173597674598852 -0.6626241948324202 12
      vertex -9.077352024078955 -0.8671566133830877 12
    endloop
  endfacet
  facet normal 0.8443279255020147 0.5358267949789973 0
    outer loop
      vertex -8.956230589874906 -1.0580134541264516 6
      vertex -9.077352024078955 -0.8671566133830877 12
      vertex -8.956230589874906 -1.0580134541264516 12
    endloop
  endfacet
  facet normal 0.6845471059286872 0.7289686274214128 0
    outer loop
      vertex -8.647363181547641 -1.386923836996421 6
      vertex -8.812143529358542 -1.2321847906716394 12
      vertex -8.647363181547641 -1.386923836996421 12
    endloop
  endfacet
  facet normal 0.7705132427757897 0.637423989748689 0
    outer loop
      vertex -8.812143529358542 -1.2321847906716394 6
      vertex -8.956230589874906 -1.0580134541264516 12
      vertex -8.812143529358542 -1.2321847906716394 12
    endloop
  endfacet
  facet normal 0.9510565162951534 0.30901699437494823 0
    outer loop
      vertex -9.173597674598852 -0.6626241948324202 6
      vertex -9.243449690031536 -0.4476417968967387 12
      vertex -9.173597674598852 -0.6626241948324202 12
    endloop
  endfacet
  facet normal 0.4817536741017142 0.8763066800438641 0
    outer loop
      vertex -8.26640272481713 -1.6286886944388352 6
      vertex -8.464488230962194 -1.5197902659036269 12
      vertex -8.26640272481713 -1.6286886944388352 12
    endloop
  endfacet
  facet normal 0.36812455268467875 0.9297764858882511 0
    outer loop
      vertex -8.056230589874906 -1.7119017293312764 6
      vertex -8.26640272481713 -1.6286886944388352 12
      vertex -8.056230589874906 -1.7119017293312764 12
    endloop
  endfacet
  facet normal 0.248689887164855 0.9685831611286311 0
    outer loop
      vertex -7.837286366254305 -1.7681170513116395 6
      vertex -8.056230589874906 -1.7119017293312764 12
      vertex -7.837286366254305 -1.7681170513116395 12
    endloop
  endfacet
  facet normal 0.1253332335643046 0.9921147013144778 0
    outer loop
      vertex -7.613022935152765 -1.7964481111708888 6
      vertex -7.837286366254305 -1.7681170513116395 12
      vertex -7.613022935152765 -1.7964481111708888 12
    endloop
  endfacet
  facet normal 0 1 0
    outer loop
      vertex -7.386977064847235 -1.7964481111708888 6
      vertex -7.613022935152765 -1.7964481111708888 12
      vertex -7.386977064847235 -1.7964481111708888 12
    endloop
  endfacet
  facet normal -0.1253332335643046 0.9921147013144778 0
    outer loop
      vertex -7.162713633745695 -1.7681170513116395 6
      vertex -7.386977064847235 -1.7964481111708888 12
      vertex -7.162713633745695 -1.7681170513116395 12
    endloop
  endfacet
  facet normal -0.248689887164855 0.9685831611286311 0
    outer loop
      vertex -6.943769410125094 -1.7119017293312764 6
      vertex -7.162713633745695 -1.7681170513116395 12
      vertex -6.943769410125094 -1.7119017293312764 12
    endloop
  endfacet
  facet normal -0.36812455268467875 0.9297764858882511 0
    outer loop
      vertex -6.73359727518287 -1.6286886944388352 6
      vertex -6.943769410125094 -1.7119017293312764 12
      vertex -6.73359727518287 -1.6286886944388352 12
    endloop
  endfacet
  facet normal -0.48175367410171527 0.8763066800438637 0
    outer loop
      vertex -6.535511769037807 -1.5197902659036275 6
      vertex -6.73359727518287 -1.6286886944388352 12
      vertex -6.535511769037807 -1.5197902659036275 12
    endloop
  endfacet
  facet normal -0.5877852522924712 0.8090169943749488 0
    outer loop
      vertex -6.352636818452358 -1.3869238369964203 6
      vertex -6.535511769037807 -1.5197902659036275 12
      vertex -6.352636818452358 -1.3869238369964203 12
    endloop
  endfacet
  facet normal -0.6845471059286896 0.7289686274214107 0
    outer loop
      vertex -6.187856470641459 -1.2321847906716394 6
      vertex -6.352636818452358 -1.3869238369964203 12
      vertex -6.187856470641459 -1.2321847906716394 12
    endloop
  endfacet
  facet normal -0.7705132427757878 0.6374239897486914 0
    outer loop
      vertex -6.043769410125094 -1.0580134541264516 6
      vertex -6.187856470641459 -1.2321847906716394 12
      vertex -6.043769410125094 -1.0580134541264516 12
    endloop
  endfacet
  facet normal -0.8443279255020164 0.5358267949789944 0
    outer loop
      vertex -5.922647975921046 -0.8671566133830877 6
      vertex -6.043769410125094 -1.0580134541264516 12
      vertex -5.922647975921046 -0.8671566133830877 12
    endloop
  endfacet
  facet normal -0.904827052466019 0.42577929156507366 0
    outer loop
      vertex -5.826402325401148 -0.6626241948324211 6
      vertex -5.922647975921046 -0.8671566133830877 12
      vertex -5.826402325401148 -0.6626241948324211 12
    endloop
  endfacet
  facet normal -0.951056516295154 0.30901699437494606 0
    outer loop
      vertex -5.756550309968464 -0.447641796896738 6
      vertex -5.826402325401148 -0.6626241948324211 12
      vertex -5.756550309968464 -0.447641796896738 12
    endloop
  endfacet
  facet normal -0.9822872507286886 0.1873813145857253 0
    outer loop
      vertex -5.71419353763394 -0.22559982041574733 6
      vertex -5.756550309968464 -0.447641796896738 12
      vertex -5.71419353763394 -0.22559982041574733 12
    endloop
  endfacet
  facet normal -0.9980267284282716 0.06279051952931261 0
    outer loop
      vertex -5.7 0 6
      vertex -5.71419353763394 -0.22559982041574733 12
      vertex -5.7 0 12
    endloop
  endfacet
  facet normal 0.9980267284282716 -0.06279051952931261 0
    outer loop
      vertex -9.3 0 6
      vertex -9.285806462366061 0.22559982041574733 6
      vertex -9.285806462366061 0.22559982041574733 12
    endloop
  endfacet
  facet normal 0.9822872507286879 -0.18738131458572846 0
    outer loop
      vertex -9.285806462366061 0.22559982041574733 6
      vertex -9.243449690031536 0.4476417968967387 6
      vertex -9.243449690031536 0.4476417968967387 12
    endloop
  endfacet
  facet normal 0.9510565162951534 -0.30901699437494823 0
    outer loop
      vertex -9.243449690031536 0.4476417968967387 6
      vertex -9.173597674598852 0.6626241948324202 6
      vertex -9.173597674598852 0.6626241948324202 12
    endloop
  endfacet
  facet normal 0.9048270524660214 -0.42577929156506894 0
    outer loop
      vertex -9.173597674598852 0.6626241948324202 6
      vertex -9.077352024078955 0.8671566133830877 6
      vertex -9.077352024078955 0.8671566133830877 12
    endloop
  endfacet
  facet normal 0.8443279255020147 -0.5358267949789973 0
    outer loop
      vertex -9.077352024078955 0.8671566133830877 6
      vertex -8.956230589874906 1.0580134541264516 6
      vertex -8.956230589874906 1.0580134541264516 12
    endloop
  endfacet
  facet normal 0.7705132427757897 -0.637423989748689 0
    outer loop
      vertex -8.956230589874906 1.0580134541264516 6
      vertex -8.812143529358542 1.2321847906716394 6
      vertex -8.812143529358542 1.2321847906716394 12
    endloop
  endfacet
  facet normal 0.6845471059286872 -0.7289686274214128 0
    outer loop
      vertex -8.812143529358542 1.2321847906716394 6
      vertex -8.647363181547641 1.386923836996421 6
      vertex -8.647363181547641 1.386923836996421 12
    endloop
  endfacet
  facet normal 0.587785252292473 -0.8090169943749476 0
    outer loop
      vertex -8.647363181547641 1.386923836996421 6
      vertex -8.464488230962194 1.5197902659036269 6
      vertex -8.464488230962194 1.5197902659036269 12
    endloop
  endfacet
  facet normal 0.4817536741017135 -0.8763066800438646 0
    outer loop
      vertex -8.464488230962194 1.5197902659036269 6
      vertex -8.26640272481713 1.628688694438835 6
      vertex -8.26640272481713 1.628688694438835 12
    endloop
  endfacet
  facet normal 0.3681245526846796 -0.9297764858882508 0
    outer loop
      vertex -8.26640272481713 1.628688694438835 6
      vertex -8.056230589874906 1.7119017293312764 6
      vertex -8.056230589874906 1.7119017293312764 12
    endloop
  endfacet
  facet normal 0.24868988716485496 -0.9685831611286311 0
    outer loop
      vertex -8.056230589874906 1.7119017293312764 6
      vertex -7.837286366254304 1.7681170513116398 6
      vertex -7.837286366254304 1.7681170513116398 12
    endloop
  endfacet
  facet normal 0.12533323356430362 -0.992114701314478 0
    outer loop
      vertex -7.837286366254304 1.7681170513116398 6
      vertex -7.613022935152764 1.7964481111708888 6
      vertex -7.613022935152764 1.7964481111708888 12
    endloop
  endfacet
  facet normal 0 -1 0
    outer loop
      vertex -7.613022935152764 1.7964481111708888 6
      vertex -7.386977064847236 1.7964481111708888 6
      vertex -7.386977064847236 1.7964481111708888 12
    endloop
  endfacet
  facet normal -0.12533323356430362 -0.992114701314478 0
    outer loop
      vertex -7.386977064847236 1.7964481111708888 6
      vertex -7.162713633745696 1.7681170513116398 6
      vertex -7.162713633745696 1.7681170513116398 12
    endloop
  endfacet
  facet normal -0.9980267284282716 -0.06279051952931253 0
    outer loop
      vertex -5.71419353763394 0.22559982041574766 6
      vertex -5.7 0 6
      vertex -5.7 0 12
    endloop
  endfacet
  facet normal -0.9822872507286887 -0.18738131458572502 0
    outer loop
      vertex -5.71419353763394 0.22559982041574766 6
      vertex -5.71419353763394 0.22559982041574766 12
      vertex -5.756550309968464 0.44764179689673866 6
    endloop
  endfacet
  facet normal -0.9510565162951535 -0.30901699437494784 0
    outer loop
      vertex -5.756550309968464 0.44764179689673866 6
      vertex -5.756550309968464 0.44764179689673866 12
      vertex -5.826402325401148 0.6626241948324204 6
    endloop
  endfacet
  facet normal -0.6845471059286877 -0.7289686274214126 0
    outer loop
      vertex -6.352636818452359 1.3869238369964205 6
      vertex -6.187856470641459 1.2321847906716397 6
      vertex -6.187856470641459 1.2321847906716397 12
    endloop
  endfacet
  facet normal -0.7705132427757883 -0.637423989748691 0
    outer loop
      vertex -6.043769410125094 1.0580134541264516 6
      vertex -6.043769410125094 1.0580134541264516 12
      vertex -6.187856470641459 1.2321847906716397 6
    endloop
  endfacet
  facet normal -0.9048270524660196 -0.42577929156507277 0
    outer loop
      vertex -5.826402325401148 0.6626241948324204 6
      vertex -5.826402325401148 0.6626241948324204 12
      vertex -5.922647975921046 0.8671566133830876 6
    endloop
  endfacet
  facet normal -0.8443279255020166 -0.5358267949789943 0
    outer loop
      vertex -6.043769410125094 1.0580134541264516 6
      vertex -5.922647975921046 0.8671566133830876 6
      vertex -5.922647975921046 0.8671566133830876 12
    endloop
  endfacet
  facet normal -0.24868988716485496 -0.9685831611286311 0
    outer loop
      vertex -7.162713633745696 1.7681170513116398 6
      vertex -6.943769410125094 1.7119017293312764 6
      vertex -6.943769410125094 1.7119017293312764 12
    endloop
  endfacet
  facet normal -0.3681245526846783 -0.9297764858882513 0
    outer loop
      vertex -6.943769410125094 1.7119017293312764 6
      vertex -6.733597275182869 1.628688694438835 6
      vertex -6.733597275182869 1.628688694438835 12
    endloop
  endfacet
  facet normal -0.4817536741017144 -0.8763066800438641 0
    outer loop
      vertex -6.733597275182869 1.628688694438835 6
      vertex -6.5355117690378055 1.519790265903627 6
      vertex -6.5355117690378055 1.519790265903627 12
    endloop
  endfacet
  facet normal -0.5877852522924749 -0.8090169943749461 0
    outer loop
      vertex -6.352636818452359 1.3869238369964205 6
      vertex -6.352636818452359 1.3869238369964205 12
      vertex -6.5355117690378055 1.519790265903627 6
    endloop
  endfacet
  facet normal 0.9980267284282716 -0.06279051952931261 0
    outer loop
      vertex -9.3 0 6
      vertex -9.285806462366061 0.22559982041574733 12
      vertex -9.3 0 12
    endloop
  endfacet
  facet normal 0.9822872507286879 -0.18738131458572846 0
    outer loop
      vertex -9.285806462366061 0.22559982041574733 6
      vertex -9.243449690031536 0.4476417968967387 12
      vertex -9.285806462366061 0.22559982041574733 12
    endloop
  endfacet
  facet normal 0.9510565162951534 -0.30901699437494823 0
    outer loop
      vertex -9.243449690031536 0.4476417968967387 6
      vertex -9.173597674598852 0.6626241948324202 12
      vertex -9.243449690031536 0.4476417968967387 12
    endloop
  endfacet
  facet normal 0.9048270524660214 -0.42577929156506894 0
    outer loop
      vertex -9.173597674598852 0.6626241948324202 6
      vertex -9.077352024078955 0.8671566133830877 12
      vertex -9.173597674598852 0.6626241948324202 12
    endloop
  endfacet
  facet normal 0.8443279255020147 -0.5358267949789973 0
    outer loop
      vertex -9.077352024078955 0.8671566133830877 6
      vertex -8.956230589874906 1.0580134541264516 12
      vertex -9.077352024078955 0.8671566133830877 12
    endloop
  endfacet
  facet normal 0.7705132427757897 -0.637423989748689 0
    outer loop
      vertex -8.956230589874906 1.0580134541264516 6
      vertex -8.812143529358542 1.2321847906716394 12
      vertex -8.956230589874906 1.0580134541264516 12
    endloop
  endfacet
  facet normal 0.6845471059286872 -0.7289686274214128 0
    outer loop
      vertex -8.812143529358542 1.2321847906716394 6
      vertex -8.647363181547641 1.386923836996421 12
      vertex -8.812143529358542 1.2321847906716394 12
    endloop
  endfacet
  facet normal 0.587785252292473 -0.8090169943749476 0
    outer loop
      vertex -8.647363181547641 1.386923836996421 6
      vertex -8.464488230962194 1.5197902659036269 12
      vertex -8.647363181547641 1.386923836996421 12
    endloop
  endfacet
  facet normal 0.4817536741017135 -0.8763066800438646 0
    outer loop
      vertex -8.464488230962194 1.5197902659036269 6
      vertex -8.26640272481713 1.628688694438835 12
      vertex -8.464488230962194 1.5197902659036269 12
    endloop
  endfacet
  facet normal 0.3681245526846796 -0.9297764858882508 0
    outer loop
      vertex -8.26640272481713 1.628688694438835 6
      vertex -8.056230589874906 1.7119017293312764 12
      vertex -8.26640272481713 1.628688694438835 12
    endloop
  endfacet
  facet normal 0.24868988716485496 -0.9685831611286311 0
    outer loop
      vertex -8.056230589874906 1.7119017293312764 6
      vertex -7.837286366254304 1.7681170513116398 12
      vertex -8.056230589874906 1.7119017293312764 12
    endloop
  endfacet
  facet normal 0.12533323356430362 -0.992114701314478 0
    outer loop
      vertex -7.837286366254304 1.7681170513116398 6
      vertex -7.613022935152764 1.7964481111708888 12
      vertex -7.837286366254304 1.7681170513116398 12
    endloop
  endfacet
  facet normal 0 -1 0
    outer loop
      vertex -7.613022935152764 1.7964481111708888 6
      vertex -7.386977064847236 1.7964481111708888 12
      vertex -7.613022935152764 1.7964481111708888 12
    endloop
  endfacet
  facet normal -0.12533323356430362 -0.992114701314478 0
    outer loop
      vertex -7.386977064847236 1.7964481111708888 6
      vertex -7.162713633745696 1.7681170513116398 12
      vertex -7.386977064847236 1.7964481111708888 12
    endloop
  endfacet
  facet normal -0.9980267284282716 -0.06279051952931253 0
    outer loop
      vertex -5.71419353763394 0.22559982041574766 6
      vertex -5.7 0 12
      vertex -5.71419353763394 0.22559982041574766 12
    endloop
  endfacet
  facet normal -0.9822872507286887 -0.18738131458572502 0
    outer loop
      vertex -5.756550309968464 0.44764179689673866 6
      vertex -5.71419353763394 0.22559982041574766 12
      vertex -5.756550309968464 0.44764179689673866 12
    endloop
  endfacet
  facet normal -0.9510565162951535 -0.30901699437494784 0
    outer loop
      vertex -5.826402325401148 0.6626241948324204 6
      vertex -5.756550309968464 0.44764179689673866 12
      vertex -5.826402325401148 0.6626241948324204 12
    endloop
  endfacet
  facet normal -0.6845471059286877 -0.7289686274214126 0
    outer loop
      vertex -6.352636818452359 1.3869238369964205 6
      vertex -6.187856470641459 1.2321847906716397 12
      vertex -6.352636818452359 1.3869238369964205 12
    endloop
  endfacet
  facet normal -0.7705132427757883 -0.637423989748691 0
    outer loop
      vertex -6.187856470641459 1.2321847906716397 6
      vertex -6.043769410125094 1.0580134541264516 12
      vertex -6.187856470641459 1.2321847906716397 12
    endloop
  endfacet
  facet normal -0.9048270524660196 -0.42577929156507277 0
    outer loop
      vertex -5.922647975921046 0.8671566133830876 6
      vertex -5.826402325401148 0.6626241948324204 12
      vertex -5.922647975921046 0.8671566133830876 12
    endloop
  endfacet
  facet normal -0.8443279255020166 -0.5358267949789943 0
    outer loop
      vertex -6.043769410125094 1.0580134541264516 6
      vertex -5.922647975921046 0.8671566133830876 12
      vertex -6.043769410125094 1.0580134541264516 12
    endloop
  endfacet
  facet normal -0.24868988716485496 -0.9685831611286311 0
    outer loop
      vertex -7.162713633745696 1.7681170513116398 6
      vertex -6.943769410125094 1.7119017293312764 12
      vertex -7.162713633745696 1.7681170513116398 12
    endloop
  endfacet
  facet normal -0.3681245526846783 -0.9297764858882513 0
    outer loop
      vertex -6.943769410125094 1.7119017293312764 6
      vertex -6.733597275182869 1.628688694438835 12
      vertex -6.943769410125094 1.7119017293312764 12
    endloop
  endfacet
  facet normal -0.4817536741017144 -0.8763066800438641 0
    outer loop
      vertex -6.733597275182869 1.628688694438835 6
      vertex -6.5355117690378055 1.519790265903627 12
      vertex -6.733597275182869 1.628688694438835 12
    endloop
  endfacet
  facet normal -0.5877852522924749 -0.8090169943749461 0
    outer loop
      vertex -6.5355117690378055 1.519790265903627 6
      vertex -6.352636818452359 1.3869238369964205 12
      vertex -6.5355117690378055 1.519790265903627 12
    endloop
  endfacet
  facet normal 0.9510565162951534 0.3090169943749479 0
    outer loop
      vertex 5.562833677742738 -0.4973797743297097 6
      vertex 5.640447028223497 -0.7362491053693557 0
      vertex 5.562833677742738 -0.4973797743297097 0
    endloop
  endfacet
  facet normal 0.9822872507286885 0.18738131458572582 0
    outer loop
      vertex 5.515770597371044 -0.25066646712860813 6
      vertex 5.562833677742738 -0.4973797743297097 0
      vertex 5.515770597371044 -0.25066646712860813 0
    endloop
  endfacet
  facet normal 0.9980267284282717 0.06279051952931222 0
    outer loop
      vertex 5.5 0 6
      vertex 5.515770597371044 -0.25066646712860813 0
      vertex 5.5 0 0
    endloop
  endfacet
  facet normal 0.9510565162951534 0.3090169943749479 0
    outer loop
      vertex 5.640447028223497 -0.7362491053693557 6
      vertex 5.640447028223497 -0.7362491053693557 0
      vertex 5.562833677742738 -0.4973797743297097 6
    endloop
  endfacet
  facet normal 0.9822872507286885 0.18738131458572582 0
    outer loop
      vertex 5.562833677742738 -0.4973797743297097 6
      vertex 5.562833677742738 -0.4973797743297097 0
      vertex 5.515770597371044 -0.25066646712860813 6
    endloop
  endfacet
  facet normal 0.9980267284282717 0.06279051952931222 0
    outer loop
      vertex 5.515770597371044 -0.25066646712860813 6
      vertex 5.515770597371044 -0.25066646712860813 0
      vertex 5.5 0 6
    endloop
  endfacet
  facet normal 0.6845471059286891 0.7289686274214111 0
    outer loop
      vertex 6.2251520205026205 -1.5410264855515787 6
      vertex 6.2251520205026205 -1.5410264855515787 0
      vertex 6.0420627451571765 -1.369094211857377 0
    endloop
  endfacet
  facet normal 0.5877852522924715 0.8090169943749488 0
    outer loop
      vertex 6.428346410042007 -1.68865585100403 6
      vertex 6.428346410042007 -1.68865585100403 0
      vertex 6.2251520205026205 -1.5410264855515787 0
    endloop
  endfacet
  facet normal 0.48175367410171577 0.8763066800438633 0
    outer loop
      vertex 6.648441416869855 -1.8096541049320392 6
      vertex 6.648441416869855 -1.8096541049320392 0
      vertex 6.428346410042007 -1.68865585100403 0
    endloop
  endfacet
  facet normal 0.368124552684678 0.9297764858882513 0
    outer loop
      vertex 6.881966011250105 -1.902113032590307 6
      vertex 6.881966011250105 -1.902113032590307 0
      vertex 6.648441416869855 -1.8096541049320392 0
    endloop
  endfacet
  facet normal 0.24868988716485488 0.9685831611286311 0
    outer loop
      vertex 7.12523737082855 -1.9645745014573772 6
      vertex 7.12523737082855 -1.9645745014573772 0
      vertex 6.881966011250105 -1.902113032590307 0
    endloop
  endfacet
  facet normal 0.7705132427757896 0.6374239897486894 0
    outer loop
      vertex 5.881966011250105 -1.1755705045849463 6
      vertex 6.0420627451571765 -1.369094211857377 0
      vertex 5.881966011250105 -1.1755705045849463 0
    endloop
  endfacet
  facet normal 0.8443279255020154 0.5358267949789962 0
    outer loop
      vertex 5.747386639912273 -0.9635073482034308 6
      vertex 5.881966011250105 -1.1755705045849463 0
      vertex 5.747386639912273 -0.9635073482034308 0
    endloop
  endfacet
  facet normal 0.9048270524660196 0.4257792915650724 0
    outer loop
      vertex 5.640447028223497 -0.7362491053693557 6
      vertex 5.747386639912273 -0.9635073482034308 0
      vertex 5.640447028223497 -0.7362491053693557 0
    endloop
  endfacet
  facet normal 0.12533323356430512 0.9921147013144777 0
    outer loop
      vertex 7.374418960941372 -1.9960534568565431 6
      vertex 7.374418960941372 -1.9960534568565431 0
      vertex 7.12523737082855 -1.9645745014573772 0
    endloop
  endfacet
  facet normal 0 1 0
    outer loop
      vertex 7.625581039058628 -1.9960534568565431 6
      vertex 7.625581039058628 -1.9960534568565431 0
      vertex 7.374418960941372 -1.9960534568565431 0
    endloop
  endfacet
  facet normal -0.12533323356430512 0.9921147013144777 0
    outer loop
      vertex 7.87476262917145 -1.9645745014573772 6
      vertex 7.87476262917145 -1.9645745014573772 0
      vertex 7.625581039058628 -1.9960534568565431 0
    endloop
  endfacet
  facet normal -0.24868988716485488 0.9685831611286311 0
    outer loop
      vertex 8.118033988749895 -1.902113032590307 6
      vertex 8.118033988749895 -1.902113032590307 0
      vertex 7.87476262917145 -1.9645745014573772 0
    endloop
  endfacet
  facet normal -0.3681245526846768 0.9297764858882519 0
    outer loop
      vertex 8.351558583130146 -1.8096541049320392 6
      vertex 8.351558583130146 -1.8096541049320392 0
      vertex 8.118033988749895 -1.902113032590307 0
    endloop
  endfacet
  facet normal -0.48175367410171527 0.8763066800438636 0
    outer loop
      vertex 8.571653589957993 -1.6886558510040306 6
      vertex 8.571653589957993 -1.6886558510040306 0
      vertex 8.351558583130146 -1.8096541049320392 0
    endloop
  endfacet
  facet normal -0.5877852522924731 0.8090169943749472 0
    outer loop
      vertex 8.77484797949738 -1.541026485551578 6
      vertex 8.77484797949738 -1.541026485551578 0
      vertex 8.571653589957993 -1.6886558510040306 0
    endloop
  endfacet
  facet normal -0.6845471059286894 0.7289686274214108 0
    outer loop
      vertex 8.957937254842824 -1.369094211857377 6
      vertex 8.957937254842824 -1.369094211857377 0
      vertex 8.77484797949738 -1.541026485551578 0
    endloop
  endfacet
  facet normal -0.7705132427757896 0.6374239897486894 0
    outer loop
      vertex 8.957937254842824 -1.369094211857377 6
      vertex 9.118033988749895 -1.1755705045849463 0
      vertex 8.957937254842824 -1.369094211857377 0
    endloop
  endfacet
  facet normal -0.8443279255020154 0.5358267949789962 0
    outer loop
      vertex 9.118033988749895 -1.1755705045849463 6
      vertex 9.252613360087727 -0.9635073482034308 0
      vertex 9.118033988749895 -1.1755705045849463 0
    endloop
  endfacet
  facet normal -0.9048270524660204 0.42577929156507105 0
    outer loop
      vertex 9.252613360087727 -0.9635073482034308 6
      vertex 9.359552971776502 -0.7362491053693567 0
      vertex 9.252613360087727 -0.9635073482034308 0
    endloop
  endfacet
  facet normal -0.9510565162951531 0.30901699437494895 0
    outer loop
      vertex 9.359552971776502 -0.7362491053693567 6
      vertex 9.437166322257262 -0.49737977432970887 0
      vertex 9.359552971776502 -0.7362491053693567 0
    endloop
  endfacet
  facet normal -0.982287250728689 0.18738131458572302 0
    outer loop
      vertex 9.437166322257262 -0.49737977432970887 6
      vertex 9.484229402628955 -0.25066646712860813 0
      vertex 9.437166322257262 -0.49737977432970887 0
    endloop
  endfacet
  facet normal -0.9980267284282713 0.06279051952931575 0
    outer loop
      vertex 9.484229402628955 -0.25066646712860813 6
      vertex 9.5 0 0
      vertex 9.484229402628955 -0.25066646712860813 0
    endloop
  endfacet
  facet normal 0.6845471059286891 0.7289686274214111 0
    outer loop
      vertex 6.2251520205026205 -1.5410264855515787 6
      vertex 6.0420627451571765 -1.369094211857377 0
      vertex 6.0420627451571765 -1.369094211857377 6
    endloop
  endfacet
  facet normal 0.5877852522924715 0.8090169943749488 0
    outer loop
      vertex 6.2251520205026205 -1.5410264855515787 6
      vertex 6.428346410042007 -1.68865585100403 6
      vertex 6.2251520205026205 -1.5410264855515787 0
    endloop
  endfacet
  facet normal 0.368124552684678 0.9297764858882513 0
    outer loop
      vertex 6.648441416869855 -1.8096541049320392 6
      vertex 6.881966011250105 -1.902113032590307 6
      vertex 6.648441416869855 -1.8096541049320392 0
    endloop
  endfacet
  facet normal 0.48175367410171577 0.8763066800438633 0
    outer loop
      vertex 6.648441416869855 -1.8096541049320392 6
      vertex 6.428346410042007 -1.68865585100403 0
      vertex 6.428346410042007 -1.68865585100403 6
    endloop
  endfacet
  facet normal 0.24868988716485488 0.9685831611286311 0
    outer loop
      vertex 6.881966011250105 -1.902113032590307 6
      vertex 7.12523737082855 -1.9645745014573772 6
      vertex 6.881966011250105 -1.902113032590307 0
    endloop
  endfacet
  facet normal 0.8443279255020154 0.5358267949789962 0
    outer loop
      vertex 5.881966011250105 -1.1755705045849463 6
      vertex 5.881966011250105 -1.1755705045849463 0
      vertex 5.747386639912273 -0.9635073482034308 6
    endloop
  endfacet
  facet normal 0.7705132427757896 0.6374239897486894 0
    outer loop
      vertex 5.881966011250105 -1.1755705045849463 6
      vertex 6.0420627451571765 -1.369094211857377 6
      vertex 6.0420627451571765 -1.369094211857377 0
    endloop
  endfacet
  facet normal 0.9048270524660196 0.4257792915650724 0
    outer loop
      vertex 5.640447028223497 -0.7362491053693557 6
      vertex 5.747386639912273 -0.9635073482034308 6
      vertex 5.747386639912273 -0.9635073482034308 0
    endloop
  endfacet
  facet normal 0.12533323356430512 0.9921147013144777 0
    outer loop
      vertex 7.12523737082855 -1.9645745014573772 6
      vertex 7.374418960941372 -1.9960534568565431 6
      vertex 7.12523737082855 -1.9645745014573772 0
    endloop
  endfacet
  facet normal 0 1 0
    outer loop
      vertex 7.374418960941372 -1.9960534568565431 6
      vertex 7.625581039058628 -1.9960534568565431 6
      vertex 7.374418960941372 -1.9960534568565431 0
    endloop
  endfacet
  facet normal -0.12533323356430512 0.9921147013144777 0
    outer loop
      vertex 7.625581039058628 -1.9960534568565431 6
      vertex 7.87476262917145 -1.9645745014573772 6
      vertex 7.625581039058628 -1.9960534568565431 0
    endloop
  endfacet
  facet normal -0.24868988716485488 0.9685831611286311 0
    outer loop
      vertex 7.87476262917145 -1.9645745014573772 6
      vertex 8.118033988749895 -1.902113032590307 6
      vertex 7.87476262917145 -1.9645745014573772 0
    endloop
  endfacet
  facet normal -0.3681245526846768 0.9297764858882519 0
    outer loop
      vertex 8.118033988749895 -1.902113032590307 6
      vertex 8.351558583130146 -1.8096541049320392 6
      vertex 8.118033988749895 -1.902113032590307 0
    endloop
  endfacet
  facet normal -0.48175367410171527 0.8763066800438636 0
    outer loop
      vertex 8.351558583130146 -1.8096541049320392 6
      vertex 8.571653589957993 -1.6886558510040306 6
      vertex 8.351558583130146 -1.8096541049320392 0
    endloop
  endfacet
  facet normal -0.5877852522924731 0.8090169943749472 0
    outer loop
      vertex 8.571653589957993 -1.6886558510040306 6
      vertex 8.77484797949738 -1.541026485551578 6
      vertex 8.571653589957993 -1.6886558510040306 0
    endloop
  endfacet
  facet normal -0.6845471059286894 0.7289686274214108 0
    outer loop
      vertex 8.77484797949738 -1.541026485551578 6
      vertex 8.957937254842824 -1.369094211857377 6
      vertex 8.77484797949738 -1.541026485551578 0
    endloop
  endfacet
  facet normal -0.7705132427757896 0.6374239897486894 0
    outer loop
      vertex 8.957937254842824 -1.369094211857377 6
      vertex 9.118033988749895 -1.1755705045849463 6
      vertex 9.118033988749895 -1.1755705045849463 0
    endloop
  endfacet
  facet normal -0.8443279255020154 0.5358267949789962 0
    outer loop
      vertex 9.118033988749895 -1.1755705045849463 6
      vertex 9.252613360087727 -0.9635073482034308 6
      vertex 9.252613360087727 -0.9635073482034308 0
    endloop
  endfacet
  facet normal -0.9048270524660204 0.42577929156507105 0
    outer loop
      vertex 9.252613360087727 -0.9635073482034308 6
      vertex 9.359552971776502 -0.7362491053693567 6
      vertex 9.359552971776502 -0.7362491053693567 0
    endloop
  endfacet
  facet normal -0.9510565162951531 0.30901699437494895 0
    outer loop
      vertex 9.359552971776502 -0.7362491053693567 6
      vertex 9.437166322257262 -0.49737977432970887 6
      vertex 9.437166322257262 -0.49737977432970887 0
    endloop
  endfacet
  facet normal -0.982287250728689 0.18738131458572302 0
    outer loop
      vertex 9.437166322257262 -0.49737977432970887 6
      vertex 9.484229402628955 -0.25066646712860813 6
      vertex 9.484229402628955 -0.25066646712860813 0
    endloop
  endfacet
  facet normal -0.9980267284282713 0.06279051952931575 0
    outer loop
      vertex 9.484229402628955 -0.25066646712860813 6
      vertex 9.5 0 6
      vertex 9.5 0 0
    endloop
  endfacet
  facet normal 0 0 -1
    outer loop
      vertex 5.640447028223497 -0.7362491053693557 6
      vertex 5.562833677742738 -0.4973797743297097 6
      vertex 5.562833677742738 0.4973797743297097 6
    endloop
  endfacet
  facet normal 0 0 -1
    outer loop
      vertex 5.562833677742738 -0.4973797743297097 6
      vertex 5.515770597371044 -0.25066646712860813 6
      vertex 5.515770597371044 0.25066646712860813 6
    endloop
  endfacet
  facet normal 0 0 -1
    outer loop
      vertex 6.2251520205026205 -1.5410264855515787 6
      vertex 6.0420627451571765 -1.369094211857377 6
      vertex 6.352636818452359 -1.386923836996421 6
    endloop
  endfacet
  facet normal 0 0 -1
    outer loop
      vertex 6.2251520205026205 -1.5410264855515787 6
      vertex 6.352636818452359 -1.386923836996421 6
      vertex 6.5355117690378055 -1.5197902659036269 6
    endloop
  endfacet
  facet normal 0 0 -1
    outer loop
      vertex 6.2251520205026205 -1.5410264855515787 6
      vertex 6.5355117690378055 -1.5197902659036269 6
      vertex 6.428346410042007 -1.68865585100403 6
    endloop
  endfacet
  facet normal 0 0 -1
    outer loop
      vertex 6.648441416869855 -1.8096541049320392 6
      vertex 6.428346410042007 -1.68865585100403 6
      vertex 6.73359727518287 -1.6286886944388352 6
    endloop
  endfacet
  facet normal 0 0 -1
    outer loop
      vertex 6.428346410042007 -1.68865585100403 6
      vertex 6.5355117690378055 -1.5197902659036269 6
      vertex 6.73359727518287 -1.6286886944388352 6
    endloop
  endfacet
  facet normal 0 0 -1
    outer loop
      vertex 6.648441416869855 -1.8096541049320392 6
      vertex 6.943769410125094 -1.7119017293312764 6
      vertex 6.881966011250105 -1.902113032590307 6
    endloop
  endfacet
  facet normal 0 0 -1
    outer loop
      vertex 6.881966011250105 -1.902113032590307 6
      vertex 6.943769410125094 -1.7119017293312764 6
      vertex 7.162713633745695 -1.7681170513116395 6
    endloop
  endfacet
  facet normal 0 0 -1
    outer loop
      vertex 6.881966011250105 -1.902113032590307 6
      vertex 7.162713633745695 -1.7681170513116395 6
      vertex 7.12523737082855 -1.9645745014573772 6
    endloop
  endfacet
  facet normal 0 0 -1
    outer loop
      vertex 6.648441416869855 -1.8096541049320392 6
      vertex 6.73359727518287 -1.6286886944388352 6
      vertex 6.943769410125094 -1.7119017293312764 6
    endloop
  endfacet
  facet normal 0 0 -1
    outer loop
      vertex 5.881966011250105 -1.1755705045849463 6
      vertex 6.043769410125094 -1.0580134541264516 6
      vertex 6.0420627451571765 -1.369094211857377 6
    endloop
  endfacet
  facet normal 0 0 -1
    outer loop
      vertex 5.881966011250105 -1.1755705045849463 6
      vertex 5.747386639912273 -0.9635073482034308 6
      vertex 5.922647975921046 -0.8671566133830877 6
    endloop
  endfacet
  facet normal 0 0 -1
    outer loop
      vertex 5.747386639912273 -0.9635073482034308 6
      vertex 5.826402325401148 -0.6626241948324202 6
      vertex 5.922647975921046 -0.8671566133830877 6
    endloop
  endfacet
  facet normal 0 0 -1
    outer loop
      vertex 5.881966011250105 -1.1755705045849463 6
      vertex 5.922647975921046 -0.8671566133830877 6
      vertex 6.043769410125094 -1.0580134541264516 6
    endloop
  endfacet
  facet normal 0 0 -1
    outer loop
      vertex 6.0420627451571765 -1.369094211857377 6
      vertex 6.187856470641459 -1.2321847906716394 6
      vertex 6.352636818452359 -1.386923836996421 6
    endloop
  endfacet
  facet normal 0 0 -1
    outer loop
      vertex 6.0420627451571765 -1.369094211857377 6
      vertex 6.043769410125094 -1.0580134541264516 6
      vertex 6.187856470641459 -1.2321847906716394 6
    endloop
  endfacet
  facet normal 0 0 -1
    outer loop
      vertex 5.747386639912273 -0.9635073482034308 6
      vertex 5.71419353763394 -0.22559982041574733 6
      vertex 5.756550309968464 -0.4476417968967387 6
    endloop
  endfacet
  facet normal 0 0 -1
    outer loop
      vertex 5.747386639912273 -0.9635073482034308 6
      vertex 5.756550309968464 -0.4476417968967387 6
      vertex 5.826402325401148 -0.6626241948324202 6
    endloop
  endfacet
  facet normal 0 0 -1
    outer loop
      vertex 5.747386639912273 -0.9635073482034308 6
      vertex 5.7 0 6
      vertex 5.71419353763394 -0.22559982041574733 6
    endloop
  endfacet
  facet normal 0 0 -1
    outer loop
      vertex 5.640447028223497 -0.7362491053693557 6
      vertex 5.640447028223497 0.7362491053693557 6
      vertex 5.747386639912273 -0.9635073482034308 6
    endloop
  endfacet
  facet normal 0 0 -1
    outer loop
      vertex 5.747386639912273 -0.9635073482034308 6
      vertex 5.640447028223497 0.7362491053693557 6
      vertex 5.7 0 6
    endloop
  endfacet
  facet normal 0 0 -1
    outer loop
      vertex 7.12523737082855 -1.9645745014573772 6
      vertex 7.162713633745695 -1.7681170513116395 6
      vertex 7.386977064847235 -1.7964481111708888 6
    endloop
  endfacet
  facet normal 0 0 -1
    outer loop
      vertex 7.12523737082855 -1.9645745014573772 6
      vertex 7.386977064847235 -1.7964481111708888 6
      vertex 7.374418960941372 -1.9960534568565431 6
    endloop
  endfacet
  facet normal 0 0 -1
    outer loop
      vertex 7.374418960941372 -1.9960534568565431 6
      vertex 7.386977064847235 -1.7964481111708888 6
      vertex 7.613022935152765 -1.7964481111708888 6
    endloop
  endfacet
  facet normal 0 0 -1
    outer loop
      vertex 7.374418960941372 -1.9960534568565431 6
      vertex 7.613022935152765 -1.7964481111708888 6
      vertex 7.625581039058628 -1.9960534568565431 6
    endloop
  endfacet
  facet normal 0 0 -1
    outer loop
      vertex 7.625581039058628 -1.9960534568565431 6
      vertex 7.613022935152765 -1.7964481111708888 6
      vertex 7.837286366254305 -1.7681170513116395 6
    endloop
  endfacet
  facet normal 0 0 -1
    outer loop
      vertex 7.625581039058628 -1.9960534568565431 6
      vertex 7.837286366254305 -1.7681170513116395 6
      vertex 7.87476262917145 -1.9645745014573772 6
    endloop
  endfacet
  facet normal 0 0 -1
    outer loop
      vertex 7.837286366254305 -1.7681170513116395 6
      vertex 8.056230589874906 -1.7119017293312764 6
      vertex 7.87476262917145 -1.9645745014573772 6
    endloop
  endfacet
  facet normal 0 0 -1
    outer loop
      vertex 7.87476262917145 -1.9645745014573772 6
      vertex 8.056230589874906 -1.7119017293312764 6
      vertex 8.118033988749895 -1.902113032590307 6
    endloop
  endfacet
  facet normal 0 0 -1
    outer loop
      vertex 8.118033988749895 -1.902113032590307 6
      vertex 8.056230589874906 -1.7119017293312764 6
      vertex 8.26640272481713 -1.6286886944388352 6
    endloop
  endfacet
  facet normal 0 0 -1
    outer loop
      vertex 8.118033988749895 -1.902113032590307 6
      vertex 8.26640272481713 -1.6286886944388352 6
      vertex 8.351558583130146 -1.8096541049320392 6
    endloop
  endfacet
  facet normal 0 0 -1
    outer loop
      vertex 8.351558583130146 -1.8096541049320392 6
      vertex 8.26640272481713 -1.6286886944388352 6
      vertex 8.464488230962193 -1.5197902659036275 6
    endloop
  endfacet
  facet normal 0 0 -1
    outer loop
      vertex 8.351558583130146 -1.8096541049320392 6
      vertex 8.464488230962193 -1.5197902659036275 6
      vertex 8.571653589957993 -1.6886558510040306 6
    endloop
  endfacet
  facet normal 0 0 -1
    outer loop
      vertex 8.464488230962193 -1.5197902659036275 6
      vertex 8.647363181547641 -1.3869238369964203 6
      vertex 8.571653589957993 -1.6886558510040306 6
    endloop
  endfacet
  facet normal 0 0 -1
    outer loop
      vertex 8.571653589957993 -1.6886558510040306 6
      vertex 8.647363181547641 -1.3869238369964203 6
      vertex 8.77484797949738 -1.541026485551578 6
    endloop
  endfacet
  facet normal 0 0 -1
    outer loop
      vertex 8.77484797949738 -1.541026485551578 6
      vertex 8.647363181547641 -1.3869238369964203 6
      vertex 8.812143529358542 -1.2321847906716394 6
    endloop
  endfacet
  facet normal 0 0 -1
    outer loop
      vertex 8.77484797949738 -1.541026485551578 6
      vertex 8.812143529358542 -1.2321847906716394 6
      vertex 8.957937254842824 -1.369094211857377 6
    endloop
  endfacet
  facet normal 0 0 -1
    outer loop
      vertex 8.812143529358542 -1.2321847906716394 6
      vertex 8.956230589874906 -1.0580134541264516 6
      vertex 8.957937254842824 -1.369094211857377 6
    endloop
  endfacet
  facet normal 0 0 -1
    outer loop
      vertex 8.957937254842824 -1.369094211857377 6
      vertex 8.956230589874906 -1.0580134541264516 6
      vertex 9.077352024078955 -0.8671566133830877 6
    endloop
  endfacet
  facet normal 0 0 -1
    outer loop
      vertex 8.957937254842824 -1.369094211857377 6
      vertex 9.077352024078955 -0.8671566133830877 6
      vertex 9.118033988749895 -1.1755705045849463 6
    endloop
  endfacet
  facet normal 0 0 -1
    outer loop
      vertex 9.118033988749895 -1.1755705045849463 6
      vertex 9.077352024078955 -0.8671566133830877 6
      vertex 9.173597674598852 -0.6626241948324211 6
    endloop
  endfacet
  facet normal 0 0 -1
    outer loop
      vertex 9.118033988749895 -1.1755705045849463 6
      vertex 9.173597674598852 -0.6626241948324211 6
      vertex 9.252613360087727 -0.9635073482034308 6
    endloop
  endfacet
  facet normal 0 0 -1
    outer loop
      vertex 9.252613360087727 -0.9635073482034308 6
      vertex 9.173597674598852 -0.6626241948324211 6
      vertex 9.243449690031536 -0.447641796896738 6
    endloop
  endfacet
  facet normal 0 0 -1
    outer loop
      vertex 9.252613360087727 -0.9635073482034308 6
      vertex 9.285806462366061 -0.22559982041574733 6
      vertex 9.359552971776502 -0.7362491053693567 6
    endloop
  endfacet
  facet normal 0 0 -1
    outer loop
      vertex 9.252613360087727 -0.9635073482034308 6
      vertex 9.243449690031536 -0.447641796896738 6
      vertex 9.285806462366061 -0.22559982041574733 6
    endloop
  endfacet
  facet normal 0 0 -1
    outer loop
      vertex 9.359552971776502 -0.7362491053693567 6
      vertex 9.285806462366061 -0.22559982041574733 6
      vertex 9.3 0 6
    endloop
  endfacet
  facet normal 0 0 -1
    outer loop
      vertex 9.359552971776502 -0.7362491053693567 6
      vertex 9.3 0 6
      vertex 9.285806462366061 0.22559982041574766 6
    endloop
  endfacet
  facet normal 0 0 -1
    outer loop
      vertex 9.359552971776502 -0.7362491053693567 6
      vertex 9.359552971776502 0.736249105369356 6
      vertex 9.437166322257262 -0.49737977432970887 6
    endloop
  endfacet
  facet normal 0 0 -1
    outer loop
      vertex 9.437166322257262 -0.49737977432970887 6
      vertex 9.437166322257262 0.4973797743297096 6
      vertex 9.484229402628955 -0.25066646712860813 6
    endloop
  endfacet
  facet normal 0.9980267284282717 -0.06279051952931222 0
    outer loop
      vertex 5.515770597371044 0.25066646712860813 6
      vertex 5.5 0 0
      vertex 5.515770597371044 0.25066646712860813 0
    endloop
  endfacet
  facet normal 0.9822872507286885 -0.18738131458572582 0
    outer loop
      vertex 5.562833677742738 0.4973797743297097 6
      vertex 5.515770597371044 0.25066646712860813 0
      vertex 5.562833677742738 0.4973797743297097 0
    endloop
  endfacet
  facet normal 0.9510565162951534 -0.3090169943749479 0
    outer loop
      vertex 5.640447028223497 0.7362491053693557 6
      vertex 5.562833677742738 0.4973797743297097 0
      vertex 5.640447028223497 0.7362491053693557 0
    endloop
  endfacet
  facet normal 0.9980267284282717 -0.06279051952931222 0
    outer loop
      vertex 5.5 0 6
      vertex 5.5 0 0
      vertex 5.515770597371044 0.25066646712860813 6
    endloop
  endfacet
  facet normal 0.9822872507286885 -0.18738131458572582 0
    outer loop
      vertex 5.515770597371044 0.25066646712860813 6
      vertex 5.515770597371044 0.25066646712860813 0
      vertex 5.562833677742738 0.4973797743297097 6
    endloop
  endfacet
  facet normal 0.9510565162951534 -0.3090169943749479 0
    outer loop
      vertex 5.562833677742738 0.4973797743297097 6
      vertex 5.562833677742738 0.4973797743297097 0
      vertex 5.640447028223497 0.7362491053693557 6
    endloop
  endfacet
  facet normal 0.9048270524660196 -0.4257792915650724 0
    outer loop
      vertex 5.747386639912273 0.9635073482034308 6
      vertex 5.640447028223497 0.7362491053693557 0
      vertex 5.747386639912273 0.9635073482034308 0
    endloop
  endfacet
  facet normal 0.8443279255020154 -0.5358267949789962 0
    outer loop
      vertex 5.881966011250105 1.1755705045849463 6
      vertex 5.747386639912273 0.9635073482034308 0
      vertex 5.881966011250105 1.1755705045849463 0
    endloop
  endfacet
  facet normal 0.7705132427757896 -0.6374239897486894 0
    outer loop
      vertex 6.0420627451571765 1.369094211857377 6
      vertex 5.881966011250105 1.1755705045849463 0
      vertex 6.0420627451571765 1.369094211857377 0
    endloop
  endfacet
  facet normal 0.6845471059286891 -0.7289686274214111 0
    outer loop
      vertex 6.0420627451571765 1.369094211857377 6
      vertex 6.0420627451571765 1.369094211857377 0
      vertex 6.2251520205026205 1.5410264855515787 0
    endloop
  endfacet
  facet normal 0.5877852522924715 -0.8090169943749488 0
    outer loop
      vertex 6.2251520205026205 1.5410264855515787 6
      vertex 6.2251520205026205 1.5410264855515787 0
      vertex 6.428346410042007 1.68865585100403 0
    endloop
  endfacet
  facet normal 0.4817536741017166 -0.8763066800438628 0
    outer loop
      vertex 6.428346410042007 1.68865585100403 6
      vertex 6.428346410042007 1.68865585100403 0
      vertex 6.648441416869854 1.809654104932039 0
    endloop
  endfacet
  facet normal 0.3681245526846776 -0.9297764858882517 0
    outer loop
      vertex 6.648441416869854 1.809654104932039 6
      vertex 6.648441416869854 1.809654104932039 0
      vertex 6.881966011250105 1.902113032590307 0
    endloop
  endfacet
  facet normal 0.24868988716485485 -0.968583161128631 0
    outer loop
      vertex 6.881966011250105 1.902113032590307 6
      vertex 6.881966011250105 1.902113032590307 0
      vertex 7.125237370828551 1.9645745014573774 0
    endloop
  endfacet
  facet normal 0.12533323356430426 -0.9921147013144778 0
    outer loop
      vertex 7.125237370828551 1.9645745014573774 6
      vertex 7.125237370828551 1.9645745014573774 0
      vertex 7.374418960941373 1.9960534568565431 0
    endloop
  endfacet
  facet normal 0 -1 0
    outer loop
      vertex 7.374418960941373 1.9960534568565431 6
      vertex 7.374418960941373 1.9960534568565431 0
      vertex 7.625581039058627 1.9960534568565431 0
    endloop
  endfacet
  facet normal -0.12533323356430426 -0.9921147013144778 0
    outer loop
      vertex 7.625581039058627 1.9960534568565431 6
      vertex 7.625581039058627 1.9960534568565431 0
      vertex 7.874762629171449 1.9645745014573774 0
    endloop
  endfacet
  facet normal -0.24868988716485485 -0.968583161128631 0
    outer loop
      vertex 7.874762629171449 1.9645745014573774 6
      vertex 7.874762629171449 1.9645745014573774 0
      vertex 8.118033988749895 1.902113032590307 0
    endloop
  endfacet
  facet normal -0.48175367410171593 -0.8763066800438631 0
    outer loop
      vertex 8.351558583130146 1.809654104932039 6
      vertex 8.351558583130146 1.809654104932039 0
      vertex 8.571653589957993 1.6886558510040302 0
    endloop
  endfacet
  facet normal -0.3681245526846776 -0.9297764858882517 0
    outer loop
      vertex 8.118033988749895 1.902113032590307 6
      vertex 8.118033988749895 1.902113032590307 0
      vertex 8.351558583130146 1.809654104932039 0
    endloop
  endfacet
  facet normal -0.8443279255020155 -0.535826794978996 0
    outer loop
      vertex 9.252613360087727 0.9635073482034306 6
      vertex 9.118033988749895 1.1755705045849463 0
      vertex 9.252613360087727 0.9635073482034306 0
    endloop
  endfacet
  facet normal -0.7705132427757903 -0.6374239897486884 0
    outer loop
      vertex 9.118033988749895 1.1755705045849463 6
      vertex 8.957937254842824 1.3690942118573775 0
      vertex 9.118033988749895 1.1755705045849463 0
    endloop
  endfacet
  facet normal -0.9980267284282713 -0.06279051952931565 0
    outer loop
      vertex 9.5 0 6
      vertex 9.484229402628955 0.2506664671286085 0
      vertex 9.5 0 0
    endloop
  endfacet
  facet normal -0.982287250728689 -0.18738131458572277 0
    outer loop
      vertex 9.484229402628955 0.2506664671286085 6
      vertex 9.437166322257262 0.4973797743297096 0
      vertex 9.484229402628955 0.2506664671286085 0
    endloop
  endfacet
  facet normal -0.9510565162951525 -0.30901699437495067 0
    outer loop
      vertex 9.437166322257262 0.4973797743297096 6
      vertex 9.359552971776502 0.736249105369356 0
      vertex 9.437166322257262 0.4973797743297096 0
    endloop
  endfacet
  facet normal -0.9048270524660208 -0.42577929156507005 0
    outer loop
      vertex 9.359552971776502 0.736249105369356 6
      vertex 9.252613360087727 0.9635073482034306 0
      vertex 9.359552971776502 0.736249105369356 0
    endloop
  endfacet
  facet normal -0.5877852522924715 -0.8090169943749486 0
    outer loop
      vertex 8.571653589957993 1.6886558510040302 6
      vertex 8.571653589957993 1.6886558510040302 0
      vertex 8.77484797949738 1.5410264855515783 0
    endloop
  endfacet
  facet normal -0.684547105928689 -0.7289686274214112 0
    outer loop
      vertex 8.77484797949738 1.5410264855515783 6
      vertex 8.77484797949738 1.5410264855515783 0
      vertex 8.957937254842824 1.3690942118573775 0
    endloop
  endfacet
  facet normal 0.9048270524660196 -0.4257792915650724 0
    outer loop
      vertex 5.640447028223497 0.7362491053693557 6
      vertex 5.640447028223497 0.7362491053693557 0
      vertex 5.747386639912273 0.9635073482034308 6
    endloop
  endfacet
  facet normal 0.8443279255020154 -0.5358267949789962 0
    outer loop
      vertex 5.747386639912273 0.9635073482034308 6
      vertex 5.747386639912273 0.9635073482034308 0
      vertex 5.881966011250105 1.1755705045849463 6
    endloop
  endfacet
  facet normal 0.7705132427757896 -0.6374239897486894 0
    outer loop
      vertex 5.881966011250105 1.1755705045849463 6
      vertex 5.881966011250105 1.1755705045849463 0
      vertex 6.0420627451571765 1.369094211857377 6
    endloop
  endfacet
  facet normal 0.6845471059286891 -0.7289686274214111 0
    outer loop
      vertex 6.0420627451571765 1.369094211857377 6
      vertex 6.2251520205026205 1.5410264855515787 0
      vertex 6.2251520205026205 1.5410264855515787 6
    endloop
  endfacet
  facet normal 0.5877852522924715 -0.8090169943749488 0
    outer loop
      vertex 6.2251520205026205 1.5410264855515787 6
      vertex 6.428346410042007 1.68865585100403 0
      vertex 6.428346410042007 1.68865585100403 6
    endloop
  endfacet
  facet normal 0.4817536741017166 -0.8763066800438628 0
    outer loop
      vertex 6.428346410042007 1.68865585100403 6
      vertex 6.648441416869854 1.809654104932039 0
      vertex 6.648441416869854 1.809654104932039 6
    endloop
  endfacet
  facet normal 0.3681245526846776 -0.9297764858882517 0
    outer loop
      vertex 6.648441416869854 1.809654104932039 6
      vertex 6.881966011250105 1.902113032590307 0
      vertex 6.881966011250105 1.902113032590307 6
    endloop
  endfacet
  facet normal 0.24868988716485485 -0.968583161128631 0
    outer loop
      vertex 6.881966011250105 1.902113032590307 6
      vertex 7.125237370828551 1.9645745014573774 0
      vertex 7.125237370828551 1.9645745014573774 6
    endloop
  endfacet
  facet normal 0.12533323356430426 -0.9921147013144778 0
    outer loop
      vertex 7.125237370828551 1.9645745014573774 6
      vertex 7.374418960941373 1.9960534568565431 0
      vertex 7.374418960941373 1.9960534568565431 6
    endloop
  endfacet
  facet normal 0 -1 0
    outer loop
      vertex 7.374418960941373 1.9960534568565431 6
      vertex 7.625581039058627 1.9960534568565431 0
      vertex 7.625581039058627 1.9960534568565431 6
    endloop
  endfacet
  facet normal -0.12533323356430426 -0.9921147013144778 0
    outer loop
      vertex 7.625581039058627 1.9960534568565431 6
      vertex 7.874762629171449 1.9645745014573774 0
      vertex 7.874762629171449 1.9645745014573774 6
    endloop
  endfacet
  facet normal -0.24868988716485485 -0.968583161128631 0
    outer loop
      vertex 7.874762629171449 1.9645745014573774 6
      vertex 8.118033988749895 1.902113032590307 0
      vertex 8.118033988749895 1.902113032590307 6
    endloop
  endfacet
  facet normal -0.48175367410171593 -0.8763066800438631 0
    outer loop
      vertex 8.351558583130146 1.809654104932039 6
      vertex 8.571653589957993 1.6886558510040302 0
      vertex 8.571653589957993 1.6886558510040302 6
    endloop
  endfacet
  facet normal -0.3681245526846776 -0.9297764858882517 0
    outer loop
      vertex 8.118033988749895 1.902113032590307 6
      vertex 8.351558583130146 1.809654104932039 0
      vertex 8.351558583130146 1.809654104932039 6
    endloop
  endfacet
  facet normal -0.7705132427757903 -0.6374239897486884 0
    outer loop
      vertex 8.957937254842824 1.3690942118573775 6
      vertex 8.957937254842824 1.3690942118573775 0
      vertex 9.118033988749895 1.1755705045849463 6
    endloop
  endfacet
  facet normal -0.8443279255020155 -0.535826794978996 0
    outer loop
      vertex 9.118033988749895 1.1755705045849463 6
      vertex 9.118033988749895 1.1755705045849463 0
      vertex 9.252613360087727 0.9635073482034306 6
    endloop
  endfacet
  facet normal -0.9980267284282713 -0.06279051952931565 0
    outer loop
      vertex 9.5 0 6
      vertex 9.484229402628955 0.2506664671286085 6
      vertex 9.484229402628955 0.2506664671286085 0
    endloop
  endfacet
  facet normal -0.9510565162951525 -0.30901699437495067 0
    outer loop
      vertex 9.437166322257262 0.4973797743297096 6
      vertex 9.359552971776502 0.736249105369356 6
      vertex 9.359552971776502 0.736249105369356 0
    endloop
  endfacet
  facet normal -0.982287250728689 -0.18738131458572277 0
    outer loop
      vertex 9.484229402628955 0.2506664671286085 6
      vertex 9.437166322257262 0.4973797743297096 6
      vertex 9.437166322257262 0.4973797743297096 0
    endloop
  endfacet
  facet normal -0.9048270524660208 -0.42577929156507005 0
    outer loop
      vertex 9.359552971776502 0.736249105369356 6
      vertex 9.252613360087727 0.9635073482034306 6
      vertex 9.252613360087727 0.9635073482034306 0
    endloop
  endfacet
  facet normal -0.5877852522924715 -0.8090169943749486 0
    outer loop
      vertex 8.571653589957993 1.6886558510040302 6
      vertex 8.77484797949738 1.5410264855515783 0
      vertex 8.77484797949738 1.5410264855515783 6
    endloop
  endfacet
  facet normal -0.684547105928689 -0.7289686274214112 0
    outer loop
      vertex 8.77484797949738 1.5410264855515783 6
      vertex 8.957937254842824 1.3690942118573775 0
      vertex 8.957937254842824 1.3690942118573775 6
    endloop
  endfacet
  facet normal 0 0 -1
    outer loop
      vertex 5.515770597371044 -0.25066646712860813 6
      vertex 5.5 0 6
      vertex 5.515770597371044 0.25066646712860813 6
    endloop
  endfacet
  facet normal 0 0 -1
    outer loop
      vertex 5.562833677742738 -0.4973797743297097 6
      vertex 5.515770597371044 0.25066646712860813 6
      vertex 5.562833677742738 0.4973797743297097 6
    endloop
  endfacet
  facet normal 0 0 -1
    outer loop
      vertex 5.640447028223497 -0.7362491053693557 6
      vertex 5.562833677742738 0.4973797743297097 6
      vertex 5.640447028223497 0.7362491053693557 6
    endloop
  endfacet
  facet normal 0 0 -1
    outer loop
      vertex 5.7 0 6
      vertex 5.640447028223497 0.7362491053693557 6
      vertex 5.71419353763394 0.22559982041574733 6
    endloop
  endfacet
  facet normal 0 0 -1
    outer loop
      vertex 5.71419353763394 0.22559982041574733 6
      vertex 5.747386639912273 0.9635073482034308 6
      vertex 5.756550309968464 0.4476417968967387 6
    endloop
  endfacet
  facet normal 0 0 -1
    outer loop
      vertex 5.640447028223497 0.7362491053693557 6
      vertex 5.747386639912273 0.9635073482034308 6
      vertex 5.71419353763394 0.22559982041574733 6
    endloop
  endfacet
  facet normal 0 0 -1
    outer loop
      vertex 5.756550309968464 0.4476417968967387 6
      vertex 5.747386639912273 0.9635073482034308 6
      vertex 5.826402325401148 0.6626241948324202 6
    endloop
  endfacet
  facet normal 0 0 -1
    outer loop
      vertex 5.826402325401148 0.6626241948324202 6
      vertex 5.747386639912273 0.9635073482034308 6
      vertex 5.881966011250105 1.1755705045849463 6
    endloop
  endfacet
  facet normal 0 0 -1
    outer loop
      vertex 5.826402325401148 0.6626241948324202 6
      vertex 5.881966011250105 1.1755705045849463 6
      vertex 5.922647975921046 0.8671566133830877 6
    endloop
  endfacet
  facet normal 0 0 -1
    outer loop
      vertex 5.922647975921046 0.8671566133830877 6
      vertex 5.881966011250105 1.1755705045849463 6
      vertex 6.0420627451571765 1.369094211857377 6
    endloop
  endfacet
  facet normal 0 0 -1
    outer loop
      vertex 5.922647975921046 0.8671566133830877 6
      vertex 6.0420627451571765 1.369094211857377 6
      vertex 6.043769410125094 1.0580134541264516 6
    endloop
  endfacet
  facet normal 0 0 -1
    outer loop
      vertex 6.043769410125094 1.0580134541264516 6
      vertex 6.0420627451571765 1.369094211857377 6
      vertex 6.187856470641459 1.2321847906716394 6
    endloop
  endfacet
  facet normal 0 0 -1
    outer loop
      vertex 6.0420627451571765 1.369094211857377 6
      vertex 6.2251520205026205 1.5410264855515787 6
      vertex 6.187856470641459 1.2321847906716394 6
    endloop
  endfacet
  facet normal 0 0 -1
    outer loop
      vertex 6.187856470641459 1.2321847906716394 6
      vertex 6.2251520205026205 1.5410264855515787 6
      vertex 6.352636818452359 1.386923836996421 6
    endloop
  endfacet
  facet normal 0 0 -1
    outer loop
      vertex 6.2251520205026205 1.5410264855515787 6
      vertex 6.428346410042007 1.68865585100403 6
      vertex 6.352636818452359 1.386923836996421 6
    endloop
  endfacet
  facet normal 0 0 -1
    outer loop
      vertex 6.352636818452359 1.386923836996421 6
      vertex 6.428346410042007 1.68865585100403 6
      vertex 6.5355117690378055 1.5197902659036269 6
    endloop
  endfacet
  facet normal 0 0 -1
    outer loop
      vertex 6.5355117690378055 1.5197902659036269 6
      vertex 6.428346410042007 1.68865585100403 6
      vertex 6.648441416869854 1.809654104932039 6
    endloop
  endfacet
  facet normal 0 0 -1
    outer loop
      vertex 6.5355117690378055 1.5197902659036269 6
      vertex 6.648441416869854 1.809654104932039 6
      vertex 6.733597275182869 1.628688694438835 6
    endloop
  endfacet
  facet normal 0 0 -1
    outer loop
      vertex 6.733597275182869 1.628688694438835 6
      vertex 6.881966011250105 1.902113032590307 6
      vertex 6.943769410125094 1.7119017293312764 6
    endloop
  endfacet
  facet normal 0 0 -1
    outer loop
      vertex 6.733597275182869 1.628688694438835 6
      vertex 6.648441416869854 1.809654104932039 6
      vertex 6.881966011250105 1.902113032590307 6
    endloop
  endfacet
  facet normal 0 0 -1
    outer loop
      vertex 6.943769410125094 1.7119017293312764 6
      vertex 6.881966011250105 1.902113032590307 6
      vertex 7.125237370828551 1.9645745014573774 6
    endloop
  endfacet
  facet normal 0 0 -1
    outer loop
      vertex 6.943769410125094 1.7119017293312764 6
      vertex 7.125237370828551 1.9645745014573774 6
      vertex 7.162713633745696 1.7681170513116398 6
    endloop
  endfacet
  facet normal 0 0 -1
    outer loop
      vertex 7.125237370828551 1.9645745014573774 6
      vertex 7.374418960941373 1.9960534568565431 6
      vertex 7.162713633745696 1.7681170513116398 6
    endloop
  endfacet
  facet normal 0 0 -1
    outer loop
      vertex 7.162713633745696 1.7681170513116398 6
      vertex 7.374418960941373 1.9960534568565431 6
      vertex 7.386977064847236 1.7964481111708888 6
    endloop
  endfacet
  facet normal 0 0 -1
    outer loop
      vertex 7.386977064847236 1.7964481111708888 6
      vertex 7.374418960941373 1.9960534568565431 6
      vertex 7.625581039058627 1.9960534568565431 6
    endloop
  endfacet
  facet normal 0 0 -1
    outer loop
      vertex 7.386977064847236 1.7964481111708888 6
      vertex 7.625581039058627 1.9960534568565431 6
      vertex 7.613022935152764 1.7964481111708888 6
    endloop
  endfacet
  facet normal 0 0 -1
    outer loop
      vertex 7.613022935152764 1.7964481111708888 6
      vertex 7.625581039058627 1.9960534568565431 6
      vertex 7.874762629171449 1.9645745014573774 6
    endloop
  endfacet
  facet normal 0 0 -1
    outer loop
      vertex 7.613022935152764 1.7964481111708888 6
      vertex 7.874762629171449 1.9645745014573774 6
      vertex 7.837286366254304 1.7681170513116398 6
    endloop
  endfacet
  facet normal 0 0 -1
    outer loop
      vertex 7.837286366254304 1.7681170513116398 6
      vertex 7.874762629171449 1.9645745014573774 6
      vertex 8.118033988749895 1.902113032590307 6
    endloop
  endfacet
  facet normal 0 0 -1
    outer loop
      vertex 7.837286366254304 1.7681170513116398 6
      vertex 8.118033988749895 1.902113032590307 6
      vertex 8.056230589874906 1.7119017293312764 6
    endloop
  endfacet
  facet normal 0 0 -1
    outer loop
      vertex 8.26640272481713 1.628688694438835 6
      vertex 8.056230589874906 1.7119017293312764 6
      vertex 8.351558583130146 1.809654104932039 6
    endloop
  endfacet
  facet normal 0 0 -1
    outer loop
      vertex 8.26640272481713 1.628688694438835 6
      vertex 8.351558583130146 1.809654104932039 6
      vertex 8.571653589957993 1.6886558510040302 6
    endloop
  endfacet
  facet normal 0 0 -1
    outer loop
      vertex 8.26640272481713 1.628688694438835 6
      vertex 8.571653589957993 1.6886558510040302 6
      vertex 8.464488230962194 1.519790265903627 6
    endloop
  endfacet
  facet normal 0 0 -1
    outer loop
      vertex 8.056230589874906 1.7119017293312764 6
      vertex 8.118033988749895 1.902113032590307 6
      vertex 8.351558583130146 1.809654104932039 6
    endloop
  endfacet
  facet normal 0 0 -1
    outer loop
      vertex 8.647363181547641 1.3869238369964205 6
      vertex 8.957937254842824 1.3690942118573775 6
      vertex 8.81214352935854 1.2321847906716397 6
    endloop
  endfacet
  facet normal 0 0 -1
    outer loop
      vertex 9.077352024078955 0.8671566133830876 6
      vertex 9.252613360087727 0.9635073482034306 6
      vertex 9.173597674598852 0.6626241948324204 6
    endloop
  endfacet
  facet normal 0 0 -1
    outer loop
      vertex 8.956230589874906 1.0580134541264516 6
      vertex 9.118033988749895 1.1755705045849463 6
      vertex 9.077352024078955 0.8671566133830876 6
    endloop
  endfacet
  facet normal 0 0 -1
    outer loop
      vertex 9.077352024078955 0.8671566133830876 6
      vertex 9.118033988749895 1.1755705045849463 6
      vertex 9.252613360087727 0.9635073482034306 6
    endloop
  endfacet
  facet normal 0 0 -1
    outer loop
      vertex 8.956230589874906 1.0580134541264516 6
      vertex 8.81214352935854 1.2321847906716397 6
      vertex 8.957937254842824 1.3690942118573775 6
    endloop
  endfacet
  facet normal 0 0 -1
    outer loop
      vertex 8.956230589874906 1.0580134541264516 6
      vertex 8.957937254842824 1.3690942118573775 6
      vertex 9.118033988749895 1.1755705045849463 6
    endloop
  endfacet
  facet normal 0 0 -1
    outer loop
      vertex 9.359552971776502 -0.7362491053693567 6
      vertex 9.285806462366061 0.22559982041574766 6
      vertex 9.252613360087727 0.9635073482034306 6
    endloop
  endfacet
  facet normal 0 0 -1
    outer loop
      vertex 9.359552971776502 -0.7362491053693567 6
      vertex 9.252613360087727 0.9635073482034306 6
      vertex 9.359552971776502 0.736249105369356 6
    endloop
  endfacet
  facet normal 0 0 -1
    outer loop
      vertex 9.484229402628955 -0.25066646712860813 6
      vertex 9.437166322257262 0.4973797743297096 6
      vertex 9.484229402628955 0.2506664671286085 6
    endloop
  endfacet
  facet normal 0 0 -1
    outer loop
      vertex 9.484229402628955 -0.25066646712860813 6
      vertex 9.484229402628955 0.2506664671286085 6
      vertex 9.5 0 6
    endloop
  endfacet
  facet normal 0 0 -1
    outer loop
      vertex 9.437166322257262 -0.49737977432970887 6
      vertex 9.359552971776502 0.736249105369356 6
      vertex 9.437166322257262 0.4973797743297096 6
    endloop
  endfacet
  facet normal 0 0 -1
    outer loop
      vertex 9.285806462366061 0.22559982041574766 6
      vertex 9.243449690031536 0.44764179689673866 6
      vertex 9.252613360087727 0.9635073482034306 6
    endloop
  endfacet
  facet normal 0 0 -1
    outer loop
      vertex 9.243449690031536 0.44764179689673866 6
      vertex 9.173597674598852 0.6626241948324204 6
      vertex 9.252613360087727 0.9635073482034306 6
    endloop
  endfacet
  facet normal 0 0 -1
    outer loop
      vertex 8.464488230962194 1.519790265903627 6
      vertex 8.77484797949738 1.5410264855515783 6
      vertex 8.647363181547641 1.3869238369964205 6
    endloop
  endfacet
  facet normal 0 0 -1
    outer loop
      vertex 8.464488230962194 1.519790265903627 6
      vertex 8.571653589957993 1.6886558510040302 6
      vertex 8.77484797949738 1.5410264855515783 6
    endloop
  endfacet
  facet normal 0 0 -1
    outer loop
      vertex 8.647363181547641 1.3869238369964205 6
      vertex 8.77484797949738 1.5410264855515783 6
      vertex 8.957937254842824 1.3690942118573775 6
    endloop
  endfacet
  facet normal 0.587785252292473 0.8090169943749476 0
    outer loop
      vertex 6.5355117690378055 -1.5197902659036269 6
      vertex 6.352636818452359 -1.386923836996421 6
      vertex 6.352636818452359 -1.386923836996421 12
    endloop
  endfacet
  facet normal 0.4817536741017142 0.8763066800438641 0
    outer loop
      vertex 6.5355117690378055 -1.5197902659036269 6
      vertex 6.5355117690378055 -1.5197902659036269 12
      vertex 6.73359727518287 -1.6286886944388352 6
    endloop
  endfacet
  facet normal 0.36812455268467875 0.9297764858882511 0
    outer loop
      vertex 6.73359727518287 -1.6286886944388352 6
      vertex 6.73359727518287 -1.6286886944388352 12
      vertex 6.943769410125094 -1.7119017293312764 6
    endloop
  endfacet
  facet normal 0.248689887164855 0.9685831611286311 0
    outer loop
      vertex 6.943769410125094 -1.7119017293312764 6
      vertex 6.943769410125094 -1.7119017293312764 12
      vertex 7.162713633745695 -1.7681170513116395 6
    endloop
  endfacet
  facet normal 0.8443279255020164 0.5358267949789944 0
    outer loop
      vertex 5.922647975921046 -0.8671566133830877 6
      vertex 5.922647975921046 -0.8671566133830877 12
      vertex 6.043769410125094 -1.0580134541264516 6
    endloop
  endfacet
  facet normal 0.9048270524660197 0.4257792915650721 0
    outer loop
      vertex 5.922647975921046 -0.8671566133830877 6
      vertex 5.826402325401148 -0.6626241948324202 6
      vertex 5.826402325401148 -0.6626241948324202 12
    endloop
  endfacet
  facet normal 0.7705132427757878 0.6374239897486914 0
    outer loop
      vertex 6.187856470641459 -1.2321847906716394 6
      vertex 6.043769410125094 -1.0580134541264516 6
      vertex 6.043769410125094 -1.0580134541264516 12
    endloop
  endfacet
  facet normal 0.6845471059286893 0.728968627421411 0
    outer loop
      vertex 6.187856470641459 -1.2321847906716394 6
      vertex 6.187856470641459 -1.2321847906716394 12
      vertex 6.352636818452359 -1.386923836996421 6
    endloop
  endfacet
  facet normal 0.9510565162951534 0.30901699437494823 0
    outer loop
      vertex 5.826402325401148 -0.6626241948324202 6
      vertex 5.756550309968464 -0.4476417968967387 6
      vertex 5.756550309968464 -0.4476417968967387 12
    endloop
  endfacet
  facet normal 0.9822872507286887 0.18738131458572468 0
    outer loop
      vertex 5.756550309968464 -0.4476417968967387 6
      vertex 5.71419353763394 -0.22559982041574733 6
      vertex 5.71419353763394 -0.22559982041574733 12
    endloop
  endfacet
  facet normal 0.9980267284282716 0.06279051952931261 0
    outer loop
      vertex 5.71419353763394 -0.22559982041574733 6
      vertex 5.7 0 6
      vertex 5.7 0 12
    endloop
  endfacet
  facet normal 0.1253332335643046 0.9921147013144778 0
    outer loop
      vertex 7.162713633745695 -1.7681170513116395 6
      vertex 7.162713633745695 -1.7681170513116395 12
      vertex 7.386977064847235 -1.7964481111708888 6
    endloop
  endfacet
  facet normal 0 1 0
    outer loop
      vertex 7.386977064847235 -1.7964481111708888 6
      vertex 7.386977064847235 -1.7964481111708888 12
      vertex 7.613022935152765 -1.7964481111708888 6
    endloop
  endfacet
  facet normal -0.1253332335643046 0.9921147013144778 0
    outer loop
      vertex 7.613022935152765 -1.7964481111708888 6
      vertex 7.613022935152765 -1.7964481111708888 12
      vertex 7.837286366254305 -1.7681170513116395 6
    endloop
  endfacet
  facet normal -0.248689887164855 0.9685831611286311 0
    outer loop
      vertex 7.837286366254305 -1.7681170513116395 6
      vertex 7.837286366254305 -1.7681170513116395 12
      vertex 8.056230589874906 -1.7119017293312764 6
    endloop
  endfacet
  facet normal -0.36812455268467875 0.9297764858882511 0
    outer loop
      vertex 8.056230589874906 -1.7119017293312764 6
      vertex 8.056230589874906 -1.7119017293312764 12
      vertex 8.26640272481713 -1.6286886944388352 6
    endloop
  endfacet
  facet normal -0.48175367410171527 0.8763066800438637 0
    outer loop
      vertex 8.26640272481713 -1.6286886944388352 6
      vertex 8.26640272481713 -1.6286886944388352 12
      vertex 8.464488230962193 -1.5197902659036275 6
    endloop
  endfacet
  facet normal -0.5877852522924731 0.8090169943749475 0
    outer loop
      vertex 8.464488230962193 -1.5197902659036275 6
      vertex 8.464488230962193 -1.5197902659036275 12
      vertex 8.647363181547641 -1.3869238369964203 6
    endloop
  endfacet
  facet normal -0.6845471059286857 0.7289686274214143 0
    outer loop
      vertex 8.647363181547641 -1.3869238369964203 6
      vertex 8.647363181547641 -1.3869238369964203 12
      vertex 8.812143529358542 -1.2321847906716394 6
    endloop
  endfacet
  facet normal -0.7705132427757897 0.637423989748689 0
    outer loop
      vertex 8.812143529358542 -1.2321847906716394 6
      vertex 8.812143529358542 -1.2321847906716394 12
      vertex 8.956230589874906 -1.0580134541264516 6
    endloop
  endfacet
  facet normal -0.8443279255020147 0.5358267949789973 0
    outer loop
      vertex 8.956230589874906 -1.0580134541264516 6
      vertex 8.956230589874906 -1.0580134541264516 12
      vertex 9.077352024078955 -0.8671566133830877 6
    endloop
  endfacet
  facet normal -0.9048270524660206 0.42577929156507044 0
    outer loop
      vertex 9.077352024078955 -0.8671566133830877 6
      vertex 9.077352024078955 -0.8671566133830877 12
      vertex 9.173597674598852 -0.6626241948324211 6
    endloop
  endfacet
  facet normal -0.951056516295154 0.30901699437494606 0
    outer loop
      vertex 9.173597674598852 -0.6626241948324211 6
      vertex 9.173597674598852 -0.6626241948324211 12
      vertex 9.243449690031536 -0.447641796896738 6
    endloop
  endfacet
  facet normal -0.9822872507286878 0.18738131458572907 0
    outer loop
      vertex 9.243449690031536 -0.447641796896738 6
      vertex 9.243449690031536 -0.447641796896738 12
      vertex 9.285806462366061 -0.22559982041574733 6
    endloop
  endfacet
  facet normal -0.9980267284282716 0.06279051952931261 0
    outer loop
      vertex 9.285806462366061 -0.22559982041574733 6
      vertex 9.285806462366061 -0.22559982041574733 12
      vertex 9.3 0 6
    endloop
  endfacet
  facet normal 0.587785252292473 0.8090169943749476 0
    outer loop
      vertex 6.5355117690378055 -1.5197902659036269 6
      vertex 6.352636818452359 -1.386923836996421 12
      vertex 6.5355117690378055 -1.5197902659036269 12
    endloop
  endfacet
  facet normal 0.4817536741017142 0.8763066800438641 0
    outer loop
      vertex 6.73359727518287 -1.6286886944388352 6
      vertex 6.5355117690378055 -1.5197902659036269 12
      vertex 6.73359727518287 -1.6286886944388352 12
    endloop
  endfacet
  facet normal 0.36812455268467875 0.9297764858882511 0
    outer loop
      vertex 6.943769410125094 -1.7119017293312764 6
      vertex 6.73359727518287 -1.6286886944388352 12
      vertex 6.943769410125094 -1.7119017293312764 12
    endloop
  endfacet
  facet normal 0.248689887164855 0.9685831611286311 0
    outer loop
      vertex 7.162713633745695 -1.7681170513116395 6
      vertex 6.943769410125094 -1.7119017293312764 12
      vertex 7.162713633745695 -1.7681170513116395 12
    endloop
  endfacet
  facet normal 0.8443279255020164 0.5358267949789944 0
    outer loop
      vertex 6.043769410125094 -1.0580134541264516 6
      vertex 5.922647975921046 -0.8671566133830877 12
      vertex 6.043769410125094 -1.0580134541264516 12
    endloop
  endfacet
  facet normal 0.9048270524660197 0.4257792915650721 0
    outer loop
      vertex 5.922647975921046 -0.8671566133830877 6
      vertex 5.826402325401148 -0.6626241948324202 12
      vertex 5.922647975921046 -0.8671566133830877 12
    endloop
  endfacet
  facet normal 0.7705132427757878 0.6374239897486914 0
    outer loop
      vertex 6.187856470641459 -1.2321847906716394 6
      vertex 6.043769410125094 -1.0580134541264516 12
      vertex 6.187856470641459 -1.2321847906716394 12
    endloop
  endfacet
  facet normal 0.6845471059286893 0.728968627421411 0
    outer loop
      vertex 6.352636818452359 -1.386923836996421 6
      vertex 6.187856470641459 -1.2321847906716394 12
      vertex 6.352636818452359 -1.386923836996421 12
    endloop
  endfacet
  facet normal 0.9510565162951534 0.30901699437494823 0
    outer loop
      vertex 5.826402325401148 -0.6626241948324202 6
      vertex 5.756550309968464 -0.4476417968967387 12
      vertex 5.826402325401148 -0.6626241948324202 12
    endloop
  endfacet
  facet normal 0.9822872507286887 0.18738131458572468 0
    outer loop
      vertex 5.756550309968464 -0.4476417968967387 6
      vertex 5.71419353763394 -0.22559982041574733 12
      vertex 5.756550309968464 -0.4476417968967387 12
    endloop
  endfacet
  facet normal 0.9980267284282716 0.06279051952931261 0
    outer loop
      vertex 5.71419353763394 -0.22559982041574733 6
      vertex 5.7 0 12
      vertex 5.71419353763394 -0.22559982041574733 12
    endloop
  endfacet
  facet normal 0.1253332335643046 0.9921147013144778 0
    outer loop
      vertex 7.386977064847235 -1.7964481111708888 6
      vertex 7.162713633745695 -1.7681170513116395 12
      vertex 7.386977064847235 -1.7964481111708888 12
    endloop
  endfacet
  facet normal 0 1 0
    outer loop
      vertex 7.613022935152765 -1.7964481111708888 6
      vertex 7.386977064847235 -1.7964481111708888 12
      vertex 7.613022935152765 -1.7964481111708888 12
    endloop
  endfacet
  facet normal -0.1253332335643046 0.9921147013144778 0
    outer loop
      vertex 7.837286366254305 -1.7681170513116395 6
      vertex 7.613022935152765 -1.7964481111708888 12
      vertex 7.837286366254305 -1.7681170513116395 12
    endloop
  endfacet
  facet normal -0.248689887164855 0.9685831611286311 0
    outer loop
      vertex 8.056230589874906 -1.7119017293312764 6
      vertex 7.837286366254305 -1.7681170513116395 12
      vertex 8.056230589874906 -1.7119017293312764 12
    endloop
  endfacet
  facet normal -0.36812455268467875 0.9297764858882511 0
    outer loop
      vertex 8.26640272481713 -1.6286886944388352 6
      vertex 8.056230589874906 -1.7119017293312764 12
      vertex 8.26640272481713 -1.6286886944388352 12
    endloop
  endfacet
  facet normal -0.48175367410171527 0.8763066800438637 0
    outer loop
      vertex 8.464488230962193 -1.5197902659036275 6
      vertex 8.26640272481713 -1.6286886944388352 12
      vertex 8.464488230962193 -1.5197902659036275 12
    endloop
  endfacet
  facet normal -0.5877852522924731 0.8090169943749475 0
    outer loop
      vertex 8.647363181547641 -1.3869238369964203 6
      vertex 8.464488230962193 -1.5197902659036275 12
      vertex 8.647363181547641 -1.3869238369964203 12
    endloop
  endfacet
  facet normal -0.6845471059286857 0.7289686274214143 0
    outer loop
      vertex 8.812143529358542 -1.2321847906716394 6
      vertex 8.647363181547641 -1.3869238369964203 12
      vertex 8.812143529358542 -1.2321847906716394 12
    endloop
  endfacet
  facet normal -0.7705132427757897 0.637423989748689 0
    outer loop
      vertex 8.956230589874906 -1.0580134541264516 6
      vertex 8.812143529358542 -1.2321847906716394 12
      vertex 8.956230589874906 -1.0580134541264516 12
    endloop
  endfacet
  facet normal -0.8443279255020147 0.5358267949789973 0
    outer loop
      vertex 9.077352024078955 -0.8671566133830877 6
      vertex 8.956230589874906 -1.0580134541264516 12
      vertex 9.077352024078955 -0.8671566133830877 12
    endloop
  endfacet
  facet normal -0.9048270524660206 0.42577929156507044 0
    outer loop
      vertex 9.173597674598852 -0.6626241948324211 6
      vertex 9.077352024078955 -0.8671566133830877 12
      vertex 9.173597674598852 -0.6626241948324211 12
    endloop
  endfacet
  facet normal -0.951056516295154 0.30901699437494606 0
    outer loop
      vertex 9.243449690031536 -0.447641796896738 6
      vertex 9.173597674598852 -0.6626241948324211 12
      vertex 9.243449690031536 -0.447641796896738 12
    endloop
  endfacet
  facet normal -0.9822872507286878 0.18738131458572907 0
    outer loop
      vertex 9.285806462366061 -0.22559982041574733 6
      vertex 9.243449690031536 -0.447641796896738 12
      vertex 9.285806462366061 -0.22559982041574733 12
    endloop
  endfacet
  facet normal -0.9980267284282716 0.06279051952931261 0
    outer loop
      vertex 9.3 0 6
      vertex 9.285806462366061 -0.22559982041574733 12
      vertex 9.3 0 12
    endloop
  endfacet
  facet normal 0.9980267284282716 -0.06279051952931261 0
    outer loop
      vertex 5.7 0 6
      vertex 5.71419353763394 0.22559982041574733 6
      vertex 5.71419353763394 0.22559982041574733 12
    endloop
  endfacet
  facet normal 0.9822872507286887 -0.18738131458572468 0
    outer loop
      vertex 5.71419353763394 0.22559982041574733 6
      vertex 5.756550309968464 0.4476417968967387 6
      vertex 5.756550309968464 0.4476417968967387 12
    endloop
  endfacet
  facet normal 0.9510565162951534 -0.30901699437494823 0
    outer loop
      vertex 5.756550309968464 0.4476417968967387 6
      vertex 5.826402325401148 0.6626241948324202 6
      vertex 5.826402325401148 0.6626241948324202 12
    endloop
  endfacet
  facet normal 0.9048270524660197 -0.4257792915650721 0
    outer loop
      vertex 5.826402325401148 0.6626241948324202 6
      vertex 5.922647975921046 0.8671566133830877 6
      vertex 5.922647975921046 0.8671566133830877 12
    endloop
  endfacet
  facet normal 0.8443279255020164 -0.5358267949789944 0
    outer loop
      vertex 5.922647975921046 0.8671566133830877 6
      vertex 6.043769410125094 1.0580134541264516 6
      vertex 6.043769410125094 1.0580134541264516 12
    endloop
  endfacet
  facet normal 0.7705132427757878 -0.6374239897486914 0
    outer loop
      vertex 6.043769410125094 1.0580134541264516 6
      vertex 6.187856470641459 1.2321847906716394 6
      vertex 6.187856470641459 1.2321847906716394 12
    endloop
  endfacet
  facet normal 0.6845471059286893 -0.728968627421411 0
    outer loop
      vertex 6.187856470641459 1.2321847906716394 6
      vertex 6.352636818452359 1.386923836996421 6
      vertex 6.352636818452359 1.386923836996421 12
    endloop
  endfacet
  facet normal 0.587785252292473 -0.8090169943749476 0
    outer loop
      vertex 6.352636818452359 1.386923836996421 6
      vertex 6.5355117690378055 1.5197902659036269 6
      vertex 6.5355117690378055 1.5197902659036269 12
    endloop
  endfacet
  facet normal 0.4817536741017151 -0.8763066800438637 0
    outer loop
      vertex 6.5355117690378055 1.5197902659036269 6
      vertex 6.733597275182869 1.628688694438835 6
      vertex 6.733597275182869 1.628688694438835 12
    endloop
  endfacet
  facet normal 0.3681245526846783 -0.9297764858882513 0
    outer loop
      vertex 6.733597275182869 1.628688694438835 6
      vertex 6.943769410125094 1.7119017293312764 6
      vertex 6.943769410125094 1.7119017293312764 12
    endloop
  endfacet
  facet normal 0.24868988716485496 -0.9685831611286311 0
    outer loop
      vertex 6.943769410125094 1.7119017293312764 6
      vertex 7.162713633745696 1.7681170513116398 6
      vertex 7.162713633745696 1.7681170513116398 12
    endloop
  endfacet
  facet normal 0.12533323356430362 -0.992114701314478 0
    outer loop
      vertex 7.162713633745696 1.7681170513116398 6
      vertex 7.386977064847236 1.7964481111708888 6
      vertex 7.386977064847236 1.7964481111708888 12
    endloop
  endfacet
  facet normal 0 -1 0
    outer loop
      vertex 7.386977064847236 1.7964481111708888 6
      vertex 7.613022935152764 1.7964481111708888 6
      vertex 7.613022935152764 1.7964481111708888 12
    endloop
  endfacet
  facet normal -0.12533323356430362 -0.992114701314478 0
    outer loop
      vertex 7.613022935152764 1.7964481111708888 6
      vertex 7.837286366254304 1.7681170513116398 6
      vertex 7.837286366254304 1.7681170513116398 12
    endloop
  endfacet
  facet normal -0.24868988716485496 -0.9685831611286311 0
    outer loop
      vertex 7.837286366254304 1.7681170513116398 6
      vertex 8.056230589874906 1.7119017293312764 6
      vertex 8.056230589874906 1.7119017293312764 12
    endloop
  endfacet
  facet normal -0.3681245526846796 -0.9297764858882508 0
    outer loop
      vertex 8.26640272481713 1.628688694438835 6
      vertex 8.26640272481713 1.628688694438835 12
      vertex 8.056230589874906 1.7119017293312764 6
    endloop
  endfacet
  facet normal -0.4817536741017127 -0.876306680043865 0
    outer loop
      vertex 8.26640272481713 1.628688694438835 6
      vertex 8.464488230962194 1.519790265903627 6
      vertex 8.464488230962194 1.519790265903627 12
    endloop
  endfacet
  facet normal -0.9510565162951535 -0.30901699437494784 0
    outer loop
      vertex 9.243449690031536 0.44764179689673866 6
      vertex 9.243449690031536 0.44764179689673866 12
      vertex 9.173597674598852 0.6626241948324204 6
    endloop
  endfacet
  facet normal -0.6845471059286896 -0.7289686274214107 0
    outer loop
      vertex 8.647363181547641 1.3869238369964205 6
      vertex 8.81214352935854 1.2321847906716397 6
      vertex 8.81214352935854 1.2321847906716397 12
    endloop
  endfacet
  facet normal -0.8443279255020149 -0.5358267949789971 0
    outer loop
      vertex 8.956230589874906 1.0580134541264516 6
      vertex 9.077352024078955 0.8671566133830876 6
      vertex 9.077352024078955 0.8671566133830876 12
    endloop
  endfacet
  facet normal -0.9048270524660211 -0.4257792915650695 0
    outer loop
      vertex 9.077352024078955 0.8671566133830876 6
      vertex 9.173597674598852 0.6626241948324204 6
      vertex 9.173597674598852 0.6626241948324204 12
    endloop
  endfacet
  facet normal -0.7705132427757863 -0.6374239897486932 0
    outer loop
      vertex 8.956230589874906 1.0580134541264516 6
      vertex 8.956230589874906 1.0580134541264516 12
      vertex 8.81214352935854 1.2321847906716397 6
    endloop
  endfacet
  facet normal -0.9980267284282716 -0.06279051952931253 0
    outer loop
      vertex 9.3 0 6
      vertex 9.3 0 12
      vertex 9.285806462366061 0.22559982041574766 6
    endloop
  endfacet
  facet normal -0.9822872507286878 -0.1873813145857288 0
    outer loop
      vertex 9.285806462366061 0.22559982041574766 6
      vertex 9.285806462366061 0.22559982041574766 12
      vertex 9.243449690031536 0.44764179689673866 6
    endloop
  endfacet
  facet normal -0.5877852522924749 -0.8090169943749461 0
    outer loop
      vertex 8.464488230962194 1.519790265903627 6
      vertex 8.647363181547641 1.3869238369964205 6
      vertex 8.647363181547641 1.3869238369964205 12
    endloop
  endfacet
  facet normal 0.9980267284282716 -0.06279051952931261 0
    outer loop
      vertex 5.7 0 6
      vertex 5.71419353763394 0.22559982041574733 12
      vertex 5.7 0 12
    endloop
  endfacet
  facet normal 0.9822872507286887 -0.18738131458572468 0
    outer loop
      vertex 5.71419353763394 0.22559982041574733 6
      vertex 5.756550309968464 0.4476417968967387 12
      vertex 5.71419353763394 0.22559982041574733 12
    endloop
  endfacet
  facet normal 0.9510565162951534 -0.30901699437494823 0
    outer loop
      vertex 5.756550309968464 0.4476417968967387 6
      vertex 5.826402325401148 0.6626241948324202 12
      vertex 5.756550309968464 0.4476417968967387 12
    endloop
  endfacet
  facet normal 0.9048270524660197 -0.4257792915650721 0
    outer loop
      vertex 5.826402325401148 0.6626241948324202 6
      vertex 5.922647975921046 0.8671566133830877 12
      vertex 5.826402325401148 0.6626241948324202 12
    endloop
  endfacet
  facet normal 0.8443279255020164 -0.5358267949789944 0
    outer loop
      vertex 5.922647975921046 0.8671566133830877 6
      vertex 6.043769410125094 1.0580134541264516 12
      vertex 5.922647975921046 0.8671566133830877 12
    endloop
  endfacet
  facet normal 0.7705132427757878 -0.6374239897486914 0
    outer loop
      vertex 6.043769410125094 1.0580134541264516 6
      vertex 6.187856470641459 1.2321847906716394 12
      vertex 6.043769410125094 1.0580134541264516 12
    endloop
  endfacet
  facet normal 0.6845471059286893 -0.728968627421411 0
    outer loop
      vertex 6.187856470641459 1.2321847906716394 6
      vertex 6.352636818452359 1.386923836996421 12
      vertex 6.187856470641459 1.2321847906716394 12
    endloop
  endfacet
  facet normal 0.587785252292473 -0.8090169943749476 0
    outer loop
      vertex 6.352636818452359 1.386923836996421 6
      vertex 6.5355117690378055 1.5197902659036269 12
      vertex 6.352636818452359 1.386923836996421 12
    endloop
  endfacet
  facet normal 0.4817536741017151 -0.8763066800438637 0
    outer loop
      vertex 6.5355117690378055 1.5197902659036269 6
      vertex 6.733597275182869 1.628688694438835 12
      vertex 6.5355117690378055 1.5197902659036269 12
    endloop
  endfacet
  facet normal 0.3681245526846783 -0.9297764858882513 0
    outer loop
      vertex 6.733597275182869 1.628688694438835 6
      vertex 6.943769410125094 1.7119017293312764 12
      vertex 6.733597275182869 1.628688694438835 12
    endloop
  endfacet
  facet normal 0.24868988716485496 -0.9685831611286311 0
    outer loop
      vertex 6.943769410125094 1.7119017293312764 6
      vertex 7.162713633745696 1.7681170513116398 12
      vertex 6.943769410125094 1.7119017293312764 12
    endloop
  endfacet
  facet normal 0.12533323356430362 -0.992114701314478 0
    outer loop
      vertex 7.162713633745696 1.7681170513116398 6
      vertex 7.386977064847236 1.7964481111708888 12
      vertex 7.162713633745696 1.7681170513116398 12
    endloop
  endfacet
  facet normal 0 -1 0
    outer loop
      vertex 7.386977064847236 1.7964481111708888 6
      vertex 7.613022935152764 1.7964481111708888 12
      vertex 7.386977064847236 1.7964481111708888 12
    endloop
  endfacet
  facet normal -0.12533323356430362 -0.992114701314478 0
    outer loop
      vertex 7.613022935152764 1.7964481111708888 6
      vertex 7.837286366254304 1.7681170513116398 12
      vertex 7.613022935152764 1.7964481111708888 12
    endloop
  endfacet
  facet normal -0.24868988716485496 -0.9685831611286311 0
    outer loop
      vertex 7.837286366254304 1.7681170513116398 6
      vertex 8.056230589874906 1.7119017293312764 12
      vertex 7.837286366254304 1.7681170513116398 12
    endloop
  endfacet
  facet normal -0.3681245526846796 -0.9297764858882508 0
    outer loop
      vertex 8.056230589874906 1.7119017293312764 6
      vertex 8.26640272481713 1.628688694438835 12
      vertex 8.056230589874906 1.7119017293312764 12
    endloop
  endfacet
  facet normal -0.4817536741017127 -0.876306680043865 0
    outer loop
      vertex 8.26640272481713 1.628688694438835 6
      vertex 8.464488230962194 1.519790265903627 12
      vertex 8.26640272481713 1.628688694438835 12
    endloop
  endfacet
  facet normal -0.9510565162951535 -0.30901699437494784 0
    outer loop
      vertex 9.173597674598852 0.6626241948324204 6
      vertex 9.243449690031536 0.44764179689673866 12
      vertex 9.173597674598852 0.6626241948324204 12
    endloop
  endfacet
  facet normal -0.7705132427757863 -0.6374239897486932 0
    outer loop
      vertex 8.81214352935854 1.2321847906716397 6
      vertex 8.956230589874906 1.0580134541264516 12
      vertex 8.81214352935854 1.2321847906716397 12
    endloop
  endfacet
  facet normal -0.6845471059286896 -0.7289686274214107 0
    outer loop
      vertex 8.647363181547641 1.3869238369964205 6
      vertex 8.81214352935854 1.2321847906716397 12
      vertex 8.647363181547641 1.3869238369964205 12
    endloop
  endfacet
  facet normal -0.8443279255020149 -0.5358267949789971 0
    outer loop
      vertex 8.956230589874906 1.0580134541264516 6
      vertex 9.077352024078955 0.8671566133830876 12
      vertex 8.956230589874906 1.0580134541264516 12
    endloop
  endfacet
  facet normal -0.9048270524660211 -0.4257792915650695 0
    outer loop
      vertex 9.077352024078955 0.8671566133830876 6
      vertex 9.173597674598852 0.6626241948324204 12
      vertex 9.077352024078955 0.8671566133830876 12
    endloop
  endfacet
  facet normal -0.9980267284282716 -0.06279051952931253 0
    outer loop
      vertex 9.285806462366061 0.22559982041574766 6
      vertex 9.3 0 12
      vertex 9.285806462366061 0.22559982041574766 12
    endloop
  endfacet
  facet normal -0.9822872507286878 -0.1873813145857288 0
    outer loop
      vertex 9.243449690031536 0.44764179689673866 6
      vertex 9.285806462366061 0.22559982041574766 12
      vertex 9.243449690031536 0.44764179689673866 12
    endloop
  endfacet
  facet normal -0.5877852522924749 -0.8090169943749461 0
    outer loop
      vertex 8.464488230962194 1.519790265903627 6
      vertex 8.647363181547641 1.3869238369964205 12
      vertex 8.464488230962194 1.519790265903627 12
    endloop
  endfacet
  facet normal 0.9048270524660195 0.4257792915650728 0
    outer loop
      vertex -3.3007065249032923 -1.3068421620306063 6.599999999999999
      vertex -3.110888714155715 -1.7102255430610895 0
      vertex -3.3007065249032923 -1.3068421620306063 0
    endloop
  endfacet
  facet normal 0.8443279255020153 0.5358267949789962 0
    outer loop
      vertex -3.110888714155715 -1.7102255430610895 6.599999999999999
      vertex -2.8720103300310633 -2.0866376456382794 0
      vertex -3.110888714155715 -1.7102255430610895 0
    endloop
  endfacet
  facet normal 0.9510565162951535 0.3090169943749479 0
    outer loop
      vertex -3.4384702220066403 -0.8828490994352347 6.599999999999999
      vertex -3.3007065249032923 -1.3068421620306063 0
      vertex -3.4384702220066403 -0.8828490994352347 0
    endloop
  endfacet
  facet normal 0.9822872507286887 0.18738131458572452 0
    outer loop
      vertex -3.5220071896663963 -0.4449329791532794 6.599999999999999
      vertex -3.4384702220066403 -0.8828490994352347 0
      vertex -3.5220071896663963 -0.4449329791532794 0
    endloop
  endfacet
  facet normal 0.9980267284282717 0.06279051952931318 0
    outer loop
      vertex -3.55 0 6.599999999999999
      vertex -3.5220071896663963 -0.4449329791532794 0
      vertex -3.55 0 0
    endloop
  endfacet
  facet normal 0.5877852522924725 0.809016994374948 0
    outer loop
      vertex -1.9021851221754384 -2.9973641355321528 6.599999999999999
      vertex -1.9021851221754384 -2.9973641355321528 0
      vertex -2.262855163607848 -2.735322011854052 0
    endloop
  endfacet
  facet normal 0.4817536741017155 0.8763066800438635 0
    outer loop
      vertex -1.511516485056007 -3.2121360362543694 6.599999999999999
      vertex -1.511516485056007 -3.2121360362543694 0
      vertex -1.9021851221754384 -2.9973641355321528 0
    endloop
  endfacet
  facet normal 0.3681245526846777 0.9297764858882516 0
    outer loop
      vertex -1.0970103300310632 -3.376250632847795 6.599999999999999
      vertex -1.0970103300310632 -3.376250632847795 0
      vertex -1.511516485056007 -3.2121360362543694 0
    endloop
  endfacet
  facet normal 0.2486898871648554 0.968583161128631 4.183352101846283e-18
    outer loop
      vertex -0.6652036667793231 -3.4871197400868446 6.599999999999999
      vertex -0.665203666779323 -3.4871197400868446 0
      vertex -1.0970103300310632 -3.376250632847795 0
    endloop
  endfacet
  facet normal 0.1253332335643048 0.9921147013144778 1.0541503155591947e-18
    outer loop
      vertex -0.22290634432906384 -3.542994885920364 6.599999999999999
      vertex -0.22290634432906378 -3.542994885920364 0
      vertex -0.665203666779323 -3.4871197400868446 0
    endloop
  endfacet
  facet normal 0.7705132427757891 0.6374239897486899 0
    outer loop
      vertex -2.8720103300310633 -2.0866376456382794 6.599999999999999
      vertex -2.5878386273460112 -2.430142226046844 0
      vertex -2.8720103300310633 -2.0866376456382794 0
    endloop
  endfacet
  facet normal 0.6845471059286894 0.728968627421411 0
    outer loop
      vertex -2.262855163607848 -2.735322011854052 6.599999999999999
      vertex -2.262855163607848 -2.735322011854052 0
      vertex -2.5878386273460112 -2.430142226046844 0
    endloop
  endfacet
  facet normal 0.8443279255020153 0.5358267949789962 0
    outer loop
      vertex -2.8720103300310633 -2.0866376456382794 6.599999999999999
      vertex -2.8720103300310633 -2.0866376456382794 0
      vertex -3.110888714155715 -1.7102255430610895 6.599999999999999
    endloop
  endfacet
  facet normal 0.9048270524660195 0.4257792915650728 0
    outer loop
      vertex -3.3007065249032923 -1.3068421620306063 6.599999999999999
      vertex -3.110888714155715 -1.7102255430610895 6.599999999999999
      vertex -3.110888714155715 -1.7102255430610895 0
    endloop
  endfacet
  facet normal 0.9510565162951535 0.3090169943749479 0
    outer loop
      vertex -3.4384702220066403 -0.8828490994352347 6.599999999999999
      vertex -3.3007065249032923 -1.3068421620306063 6.599999999999999
      vertex -3.3007065249032923 -1.3068421620306063 0
    endloop
  endfacet
  facet normal 0.9822872507286887 0.18738131458572452 0
    outer loop
      vertex -3.4384702220066403 -0.8828490994352347 6.599999999999999
      vertex -3.4384702220066403 -0.8828490994352347 0
      vertex -3.5220071896663963 -0.4449329791532794 6.599999999999999
    endloop
  endfacet
  facet normal 0.9980267284282717 0.06279051952931318 0
    outer loop
      vertex -3.5220071896663963 -0.4449329791532794 6.599999999999999
      vertex -3.5220071896663963 -0.4449329791532794 0
      vertex -3.55 0 6.599999999999999
    endloop
  endfacet
  facet normal 0.4817536741017155 0.8763066800438635 0
    outer loop
      vertex -1.9021851221754384 -2.9973641355321528 6.599999999999999
      vertex -1.511516485056007 -3.2121360362543694 6.599999999999999
      vertex -1.9021851221754384 -2.9973641355321528 0
    endloop
  endfacet
  facet normal 0.3681245526846777 0.9297764858882516 0
    outer loop
      vertex -1.511516485056007 -3.2121360362543694 6.599999999999999
      vertex -1.0970103300310632 -3.376250632847795 6.599999999999999
      vertex -1.511516485056007 -3.2121360362543694 0
    endloop
  endfacet
  facet normal 0.2486898871648555 0.968583161128631 0
    outer loop
      vertex -0.6652036667793231 -3.4871197400868446 6.599999999999999
      vertex -1.0970103300310632 -3.376250632847795 0
      vertex -1.0970103300310632 -3.376250632847795 6.599999999999999
    endloop
  endfacet
  facet normal 0 1 0
    outer loop
      vertex -0.22290634432906384 -3.542994885920364 6.599999999999999
      vertex 0.22290634432906384 -3.542994885920364 6.599999999999999
      vertex -0.22290634432906378 -3.542994885920364 0
    endloop
  endfacet
  facet normal 0.12533323356430479 0.9921147013144778 2.108300631118389e-18
    outer loop
      vertex -0.6652036667793231 -3.4871197400868446 6.599999999999999
      vertex -0.22290634432906384 -3.542994885920364 6.599999999999999
      vertex -0.665203666779323 -3.4871197400868446 0
    endloop
  endfacet
  facet normal 0.7705132427757891 0.6374239897486899 0
    outer loop
      vertex -2.5878386273460112 -2.430142226046844 6.599999999999999
      vertex -2.5878386273460112 -2.430142226046844 0
      vertex -2.8720103300310633 -2.0866376456382794 6.599999999999999
    endloop
  endfacet
  facet normal 0.6845471059286894 0.728968627421411 0
    outer loop
      vertex -2.5878386273460112 -2.430142226046844 6.599999999999999
      vertex -2.262855163607848 -2.735322011854052 6.599999999999999
      vertex -2.5878386273460112 -2.430142226046844 0
    endloop
  endfacet
  facet normal 0.5877852522924725 0.809016994374948 0
    outer loop
      vertex -1.9021851221754384 -2.9973641355321528 6.599999999999999
      vertex -2.262855163607848 -2.735322011854052 0
      vertex -2.262855163607848 -2.735322011854052 6.599999999999999
    endloop
  endfacet
  facet normal 0 0 -1
    outer loop
      vertex -3.4384702220066403 -0.8828490994352347 6.599999999999999
      vertex -3.4384702220066403 0.8828490994352347 6.599999999999999
      vertex -3.3007065249032923 -1.3068421620306063 6.599999999999999
    endloop
  endfacet
  facet normal 0 0 -1
    outer loop
      vertex -3.3007065249032923 -1.3068421620306063 6.599999999999999
      vertex -3.3007065249032923 1.3068421620306063 6.599999999999999
      vertex -3.110888714155715 -1.7102255430610895 6.599999999999999
    endloop
  endfacet
  facet normal 0 0 -1
    outer loop
      vertex -3.4384702220066403 -0.8828490994352347 6.599999999999999
      vertex -3.5220071896663963 -0.4449329791532794 6.599999999999999
      vertex -3.5220071896663963 0.4449329791532794 6.599999999999999
    endloop
  endfacet
  facet normal 0 0 -1
    outer loop
      vertex -2.8720103300310633 -2.0866376456382794 6.599999999999999
      vertex -3.110888714155715 -1.7102255430610895 6.599999999999999
      vertex -3.110888714155715 1.7102255430610895 6.599999999999999
    endloop
  endfacet
  facet normal 0 0 -1
    outer loop
      vertex -1.511516485056007 -3.2121360362543694 6.599999999999999
      vertex 1.5 -2.5 6.599999999999999
      vertex -1.0970103300310632 -3.376250632847795 6.599999999999999
    endloop
  endfacet
  facet normal 0 0 -1
    outer loop
      vertex -0.6652036667793231 -3.4871197400868446 6.599999999999999
      vertex -1.0970103300310632 -3.376250632847795 6.599999999999999
      vertex 1.5 -2.5 6.599999999999999
    endloop
  endfacet
  facet normal 0 0 -1
    outer loop
      vertex -2.5878386273460112 -2.430142226046844 6.599999999999999
      vertex -2.5 -1.5 6.599999999999999
      vertex -1.5 -1.5 6.599999999999999
    endloop
  endfacet
  facet normal 0 0 -1
    outer loop
      vertex -2.5878386273460112 -2.430142226046844 6.599999999999999
      vertex -1.5 -1.5 6.599999999999999
      vertex -2.262855163607848 -2.735322011854052 6.599999999999999
    endloop
  endfacet
  facet normal 0 0 -1
    outer loop
      vertex -1.9021851221754384 -2.9973641355321528 6.599999999999999
      vertex -2.262855163607848 -2.735322011854052 6.599999999999999
      vertex -1.5 -1.5 6.599999999999999
    endloop
  endfacet
  facet normal 0 0 -1
    outer loop
      vertex -1.9021851221754384 -2.9973641355321528 6.599999999999999
      vertex -1.5 -1.5 6.599999999999999
      vertex -1.511516485056007 -3.2121360362543694 6.599999999999999
    endloop
  endfacet
  facet normal 0 0 -1
    outer loop
      vertex -1.511516485056007 -3.2121360362543694 6.599999999999999
      vertex -1.5 -1.5 6.599999999999999
      vertex -1.5 -2.5 6.599999999999999
    endloop
  endfacet
  facet normal 0 0 -1
    outer loop
      vertex -2.5878386273460112 -2.430142226046844 6.599999999999999
      vertex -2.8720103300310633 -2.0866376456382794 6.599999999999999
      vertex -2.8720103300310633 2.0866376456382794 6.599999999999999
    endloop
  endfacet
  facet normal 0 0 -1
    outer loop
      vertex -2.5878386273460112 -2.430142226046844 6.599999999999999
      vertex -2.5878386273460112 2.430142226046844 6.599999999999999
      vertex -2.5 -1.5 6.599999999999999
    endloop
  endfacet
  facet normal 0 0 -1
    outer loop
      vertex -1.511516485056007 -3.2121360362543694 6.599999999999999
      vertex -1.5 -2.5 6.599999999999999
      vertex 1.5 -2.5 6.599999999999999
    endloop
  endfacet
  facet normal 0.9980267284282717 -0.06279051952931318 0
    outer loop
      vertex -3.5220071896663963 0.4449329791532794 6.599999999999999
      vertex -3.55 0 0
      vertex -3.5220071896663963 0.4449329791532794 0
    endloop
  endfacet
  facet normal 0.9822872507286887 -0.18738131458572452 0
    outer loop
      vertex -3.4384702220066403 0.8828490994352347 6.599999999999999
      vertex -3.5220071896663963 0.4449329791532794 0
      vertex -3.4384702220066403 0.8828490994352347 0
    endloop
  endfacet
  facet normal 0.9510565162951535 -0.3090169943749479 0
    outer loop
      vertex -3.3007065249032923 1.3068421620306063 6.599999999999999
      vertex -3.4384702220066403 0.8828490994352347 0
      vertex -3.3007065249032923 1.3068421620306063 0
    endloop
  endfacet
  facet normal 0.9048270524660195 -0.4257792915650728 0
    outer loop
      vertex -3.110888714155715 1.7102255430610895 6.599999999999999
      vertex -3.3007065249032923 1.3068421620306063 0
      vertex -3.110888714155715 1.7102255430610895 0
    endloop
  endfacet
  facet normal 0.8443279255020153 -0.5358267949789962 0
    outer loop
      vertex -2.8720103300310633 2.0866376456382794 6.599999999999999
      vertex -3.110888714155715 1.7102255430610895 0
      vertex -2.8720103300310633 2.0866376456382794 0
    endloop
  endfacet
  facet normal 0.7705132427757891 -0.6374239897486899 0
    outer loop
      vertex -2.5878386273460112 2.430142226046844 6.599999999999999
      vertex -2.8720103300310633 2.0866376456382794 0
      vertex -2.5878386273460112 2.430142226046844 0
    endloop
  endfacet
  facet normal 0.6845471059286894 -0.728968627421411 0
    outer loop
      vertex -2.5878386273460112 2.430142226046844 6.599999999999999
      vertex -2.5878386273460112 2.430142226046844 0
      vertex -2.262855163607848 2.735322011854052 0
    endloop
  endfacet
  facet normal 0.5877852522924725 -0.809016994374948 0
    outer loop
      vertex -2.262855163607848 2.735322011854052 6.599999999999999
      vertex -2.262855163607848 2.735322011854052 0
      vertex -1.9021851221754384 2.9973641355321528 0
    endloop
  endfacet
  facet normal 0.48175367410171566 -0.8763066800438634 0
    outer loop
      vertex -1.9021851221754384 2.9973641355321528 6.599999999999999
      vertex -1.9021851221754384 2.9973641355321528 0
      vertex -1.511516485056008 3.212136036254369 0
    endloop
  endfacet
  facet normal 0.36812455268467764 -0.9297764858882516 0
    outer loop
      vertex -1.511516485056008 3.212136036254369 6.599999999999999
      vertex -1.511516485056008 3.212136036254369 0
      vertex -1.0970103300310632 3.376250632847795 0
    endloop
  endfacet
  facet normal 0.24868988716485593 -0.9685831611286307 0
    outer loop
      vertex -1.0970103300310632 3.376250632847795 6.599999999999999
      vertex -1.0970103300310632 3.376250632847795 0
      vertex -0.6652036667793223 3.487119740086845 0
    endloop
  endfacet
  facet normal 0.12533323356430356 -0.992114701314478 -2.1083006311183687e-18
    outer loop
      vertex -0.6652036667793222 3.487119740086845 6.599999999999999
      vertex -0.6652036667793223 3.487119740086845 0
      vertex -0.22290634432906217 3.542994885920364 0
    endloop
  endfacet
  facet normal 0 -1 0
    outer loop
      vertex -0.22290634432906212 3.542994885920364 6.599999999999999
      vertex -0.22290634432906217 3.542994885920364 0
      vertex 0.22290634432906006 3.542994885920364 0
    endloop
  endfacet
  facet normal 0.9980267284282717 -0.06279051952931318 0
    outer loop
      vertex -3.55 0 6.599999999999999
      vertex -3.55 0 0
      vertex -3.5220071896663963 0.4449329791532794 6.599999999999999
    endloop
  endfacet
  facet normal 0.9822872507286887 -0.18738131458572452 0
    outer loop
      vertex -3.5220071896663963 0.4449329791532794 6.599999999999999
      vertex -3.5220071896663963 0.4449329791532794 0
      vertex -3.4384702220066403 0.8828490994352347 6.599999999999999
    endloop
  endfacet
  facet normal 0.9510565162951535 -0.3090169943749479 0
    outer loop
      vertex -3.4384702220066403 0.8828490994352347 6.599999999999999
      vertex -3.4384702220066403 0.8828490994352347 0
      vertex -3.3007065249032923 1.3068421620306063 6.599999999999999
    endloop
  endfacet
  facet normal 0.9048270524660195 -0.4257792915650728 0
    outer loop
      vertex -3.3007065249032923 1.3068421620306063 6.599999999999999
      vertex -3.3007065249032923 1.3068421620306063 0
      vertex -3.110888714155715 1.7102255430610895 6.599999999999999
    endloop
  endfacet
  facet normal 0.8443279255020153 -0.5358267949789962 0
    outer loop
      vertex -3.110888714155715 1.7102255430610895 6.599999999999999
      vertex -3.110888714155715 1.7102255430610895 0
      vertex -2.8720103300310633 2.0866376456382794 6.599999999999999
    endloop
  endfacet
  facet normal 0.7705132427757891 -0.6374239897486899 0
    outer loop
      vertex -2.8720103300310633 2.0866376456382794 6.599999999999999
      vertex -2.8720103300310633 2.0866376456382794 0
      vertex -2.5878386273460112 2.430142226046844 6.599999999999999
    endloop
  endfacet
  facet normal 0.6845471059286894 -0.728968627421411 0
    outer loop
      vertex -2.5878386273460112 2.430142226046844 6.599999999999999
      vertex -2.262855163607848 2.735322011854052 0
      vertex -2.262855163607848 2.735322011854052 6.599999999999999
    endloop
  endfacet
  facet normal 0.5877852522924725 -0.809016994374948 0
    outer loop
      vertex -2.262855163607848 2.735322011854052 6.599999999999999
      vertex -1.9021851221754384 2.9973641355321528 0
      vertex -1.9021851221754384 2.9973641355321528 6.599999999999999
    endloop
  endfacet
  facet normal 0.48175367410171566 -0.8763066800438634 0
    outer loop
      vertex -1.9021851221754384 2.9973641355321528 6.599999999999999
      vertex -1.511516485056008 3.212136036254369 0
      vertex -1.511516485056008 3.212136036254369 6.599999999999999
    endloop
  endfacet
  facet normal 0.36812455268467764 -0.9297764858882516 0
    outer loop
      vertex -1.511516485056008 3.212136036254369 6.599999999999999
      vertex -1.0970103300310632 3.376250632847795 0
      vertex -1.0970103300310632 3.376250632847795 6.599999999999999
    endloop
  endfacet
  facet normal 0.2486898871648559 -0.9685831611286307 -4.716543911581211e-18
    outer loop
      vertex -1.0970103300310632 3.376250632847795 6.599999999999999
      vertex -0.6652036667793223 3.487119740086845 0
      vertex -0.6652036667793222 3.487119740086845 6.599999999999999
    endloop
  endfacet
  facet normal 0.12533323356430356 -0.992114701314478 -2.358271955790606e-18
    outer loop
      vertex -0.6652036667793222 3.487119740086845 6.599999999999999
      vertex -0.22290634432906217 3.542994885920364 0
      vertex -0.22290634432906212 3.542994885920364 6.599999999999999
    endloop
  endfacet
  facet normal 0 0 -1
    outer loop
      vertex -3.5220071896663963 -0.4449329791532794 6.599999999999999
      vertex -3.55 0 6.599999999999999
      vertex -3.5220071896663963 0.4449329791532794 6.599999999999999
    endloop
  endfacet
  facet normal 0 0 -1
    outer loop
      vertex -3.4384702220066403 -0.8828490994352347 6.599999999999999
      vertex -3.5220071896663963 0.4449329791532794 6.599999999999999
      vertex -3.4384702220066403 0.8828490994352347 6.599999999999999
    endloop
  endfacet
  facet normal 0 0 -1
    outer loop
      vertex -3.3007065249032923 -1.3068421620306063 6.599999999999999
      vertex -3.4384702220066403 0.8828490994352347 6.599999999999999
      vertex -3.3007065249032923 1.3068421620306063 6.599999999999999
    endloop
  endfacet
  facet normal 0 0 -1
    outer loop
      vertex -3.110888714155715 -1.7102255430610895 6.599999999999999
      vertex -3.3007065249032923 1.3068421620306063 6.599999999999999
      vertex -3.110888714155715 1.7102255430610895 6.599999999999999
    endloop
  endfacet
  facet normal 0 0 -1
    outer loop
      vertex -2.8720103300310633 -2.0866376456382794 6.599999999999999
      vertex -3.110888714155715 1.7102255430610895 6.599999999999999
      vertex -2.8720103300310633 2.0866376456382794 6.599999999999999
    endloop
  endfacet
  facet normal 0 0 -1
    outer loop
      vertex -2.5878386273460112 -2.430142226046844 6.599999999999999
      vertex -2.8720103300310633 2.0866376456382794 6.599999999999999
      vertex -2.5878386273460112 2.430142226046844 6.599999999999999
    endloop
  endfacet
  facet normal 0 0 -1
    outer loop
      vertex -2.5 -1.5 6.599999999999999
      vertex -2.5878386273460112 2.430142226046844 6.599999999999999
      vertex -2.5 1.5 6.599999999999999
    endloop
  endfacet
  facet normal 0 0 -1
    outer loop
      vertex -2.5 1.5 6.599999999999999
      vertex -2.5878386273460112 2.430142226046844 6.599999999999999
      vertex -2.262855163607848 2.735322011854052 6.599999999999999
    endloop
  endfacet
  facet normal 0 0 -1
    outer loop
      vertex -2.5 1.5 6.599999999999999
      vertex -2.262855163607848 2.735322011854052 6.599999999999999
      vertex -1.9021851221754384 2.9973641355321528 6.599999999999999
    endloop
  endfacet
  facet normal 0 0 -1
    outer loop
      vertex -2.5 1.5 6.599999999999999
      vertex -1.511516485056008 3.212136036254369 6.599999999999999
      vertex -1.5 1.5 6.599999999999999
    endloop
  endfacet
  facet normal 0 0 -1
    outer loop
      vertex -2.5 1.5 6.599999999999999
      vertex -1.9021851221754384 2.9973641355321528 6.599999999999999
      vertex -1.511516485056008 3.212136036254369 6.599999999999999
    endloop
  endfacet
  facet normal 0 0 -1
    outer loop
      vertex -1.5 1.5 6.599999999999999
      vertex -1.511516485056008 3.212136036254369 6.599999999999999
      vertex -1.5 2.5 6.599999999999999
    endloop
  endfacet
  facet normal 0 0 -1
    outer loop
      vertex -1.5 2.5 6.599999999999999
      vertex -1.511516485056008 3.212136036254369 6.599999999999999
      vertex -1.0970103300310632 3.376250632847795 6.599999999999999
    endloop
  endfacet
  facet normal 0 0 -1
    outer loop
      vertex -1.5 2.5 6.599999999999999
      vertex -1.0970103300310632 3.376250632847795 6.599999999999999
      vertex -0.6652036667793222 3.487119740086845 6.599999999999999
    endloop
  endfacet
  facet normal 0 0 -1
    outer loop
      vertex -1.5 2.5 6.599999999999999
      vertex -0.6652036667793222 3.487119740086845 6.599999999999999
      vertex -0.22290634432906212 3.542994885920364 6.599999999999999
    endloop
  endfacet
  facet normal 0 0 -1
    outer loop
      vertex -1.5 2.5 6.599999999999999
      vertex -0.22290634432906212 3.542994885920364 6.599999999999999
      vertex 0.22290634432906212 3.542994885920364 6.599999999999999
    endloop
  endfacet
  facet normal 0 0 -1
    outer loop
      vertex -1.5 2.5 6.599999999999999
      vertex 0.22290634432906212 3.542994885920364 6.599999999999999
      vertex 0.6652036667793222 3.487119740086845 6.599999999999999
    endloop
  endfacet
  facet normal 0 1 0
    outer loop
      vertex 0.22290634432906384 -3.542994885920364 6.599999999999999
      vertex 0.2229063443290639 -3.542994885920364 0
      vertex -0.22290634432906378 -3.542994885920364 0
    endloop
  endfacet
  facet normal -0.12533323356430476 0.9921147013144778 -2.1083006311183883e-18
    outer loop
      vertex 0.6652036667793231 -3.4871197400868446 6.599999999999999
      vertex 0.6652036667793232 -3.4871197400868446 0
      vertex 0.2229063443290639 -3.542994885920364 0
    endloop
  endfacet
  facet normal -0.24868988716485557 0.968583161128631 0
    outer loop
      vertex 1.0970103300310632 -3.376250632847795 6.599999999999999
      vertex 1.0970103300310632 -3.376250632847795 0
      vertex 0.6652036667793232 -3.4871197400868446 0
    endloop
  endfacet
  facet normal -0.3681245526846777 0.9297764858882516 0
    outer loop
      vertex 1.511516485056007 -3.2121360362543694 6.599999999999999
      vertex 1.511516485056007 -3.2121360362543694 0
      vertex 1.0970103300310632 -3.376250632847795 0
    endloop
  endfacet
  facet normal -0.481753674101715 0.8763066800438638 0
    outer loop
      vertex 1.9021851221754364 -2.997364135532154 6.599999999999999
      vertex 1.9021851221754364 -2.997364135532154 0
      vertex 1.511516485056007 -3.2121360362543694 0
    endloop
  endfacet
  facet normal -0.5877852522924726 0.8090169943749478 0
    outer loop
      vertex 2.262855163607849 -2.735322011854051 6.599999999999999
      vertex 2.262855163607849 -2.735322011854051 0
      vertex 1.9021851221754364 -2.997364135532154 0
    endloop
  endfacet
  facet normal -0.6845471059286892 0.7289686274214109 0
    outer loop
      vertex 2.5878386273460112 -2.430142226046844 6.599999999999999
      vertex 2.5878386273460112 -2.430142226046844 0
      vertex 2.262855163607849 -2.735322011854051 0
    endloop
  endfacet
  facet normal -0.7705132427757891 0.6374239897486899 0
    outer loop
      vertex 2.5878386273460112 -2.430142226046844 6.599999999999999
      vertex 2.8720103300310633 -2.0866376456382794 0
      vertex 2.5878386273460112 -2.430142226046844 0
    endloop
  endfacet
  facet normal -0.8443279255020153 0.5358267949789962 0
    outer loop
      vertex 2.8720103300310633 -2.0866376456382794 6.599999999999999
      vertex 3.110888714155715 -1.7102255430610895 0
      vertex 2.8720103300310633 -2.0866376456382794 0
    endloop
  endfacet
  facet normal -0.904827052466019 0.42577929156507355 0
    outer loop
      vertex 3.110888714155715 -1.7102255430610895 6.599999999999999
      vertex 3.300706524903292 -1.306842162030608 0
      vertex 3.110888714155715 -1.7102255430610895 0
    endloop
  endfacet
  facet normal -0.9510565162951535 0.3090169943749475 0
    outer loop
      vertex 3.300706524903292 -1.306842162030608 6.599999999999999
      vertex 3.4384702220066408 -0.8828490994352332 0
      vertex 3.300706524903292 -1.306842162030608 0
    endloop
  endfacet
  facet normal -0.9822872507286886 0.18738131458572413 0
    outer loop
      vertex 3.4384702220066408 -0.8828490994352332 6.599999999999999
      vertex 3.5220071896663963 -0.4449329791532794 0
      vertex 3.4384702220066408 -0.8828490994352332 0
    endloop
  endfacet
  facet normal -0.9980267284282717 0.06279051952931318 0
    outer loop
      vertex 3.5220071896663963 -0.4449329791532794 6.599999999999999
      vertex 3.55 0 0
      vertex 3.5220071896663963 -0.4449329791532794 0
    endloop
  endfacet
  facet normal -0.12533323356430479 0.9921147013144778 -1.0541503155591945e-18
    outer loop
      vertex 0.22290634432906384 -3.542994885920364 6.599999999999999
      vertex 0.6652036667793231 -3.4871197400868446 6.599999999999999
      vertex 0.2229063443290639 -3.542994885920364 0
    endloop
  endfacet
  facet normal -0.2486898871648555 0.968583161128631 -4.183352101846285e-18
    outer loop
      vertex 0.6652036667793231 -3.4871197400868446 6.599999999999999
      vertex 1.0970103300310632 -3.376250632847795 6.599999999999999
      vertex 0.6652036667793232 -3.4871197400868446 0
    endloop
  endfacet
  facet normal -0.3681245526846777 0.9297764858882516 0
    outer loop
      vertex 1.0970103300310632 -3.376250632847795 6.599999999999999
      vertex 1.511516485056007 -3.2121360362543694 6.599999999999999
      vertex 1.0970103300310632 -3.376250632847795 0
    endloop
  endfacet
  facet normal -0.481753674101715 0.8763066800438638 0
    outer loop
      vertex 1.511516485056007 -3.2121360362543694 6.599999999999999
      vertex 1.9021851221754364 -2.997364135532154 6.599999999999999
      vertex 1.511516485056007 -3.2121360362543694 0
    endloop
  endfacet
  facet normal -0.5877852522924726 0.8090169943749478 0
    outer loop
      vertex 1.9021851221754364 -2.997364135532154 6.599999999999999
      vertex 2.262855163607849 -2.735322011854051 6.599999999999999
      vertex 1.9021851221754364 -2.997364135532154 0
    endloop
  endfacet
  facet normal -0.6845471059286892 0.7289686274214109 0
    outer loop
      vertex 2.262855163607849 -2.735322011854051 6.599999999999999
      vertex 2.5878386273460112 -2.430142226046844 6.599999999999999
      vertex 2.262855163607849 -2.735322011854051 0
    endloop
  endfacet
  facet normal -0.7705132427757891 0.6374239897486899 0
    outer loop
      vertex 2.5878386273460112 -2.430142226046844 6.599999999999999
      vertex 2.8720103300310633 -2.0866376456382794 6.599999999999999
      vertex 2.8720103300310633 -2.0866376456382794 0
    endloop
  endfacet
  facet normal -0.8443279255020153 0.5358267949789962 0
    outer loop
      vertex 2.8720103300310633 -2.0866376456382794 6.599999999999999
      vertex 3.110888714155715 -1.7102255430610895 6.599999999999999
      vertex 3.110888714155715 -1.7102255430610895 0
    endloop
  endfacet
  facet normal -0.904827052466019 0.42577929156507355 0
    outer loop
      vertex 3.110888714155715 -1.7102255430610895 6.599999999999999
      vertex 3.300706524903292 -1.306842162030608 6.599999999999999
      vertex 3.300706524903292 -1.306842162030608 0
    endloop
  endfacet
  facet normal -0.9510565162951535 0.3090169943749475 0
    outer loop
      vertex 3.300706524903292 -1.306842162030608 6.599999999999999
      vertex 3.4384702220066408 -0.8828490994352332 6.599999999999999
      vertex 3.4384702220066408 -0.8828490994352332 0
    endloop
  endfacet
  facet normal -0.9822872507286886 0.18738131458572413 0
    outer loop
      vertex 3.4384702220066408 -0.8828490994352332 6.599999999999999
      vertex 3.5220071896663963 -0.4449329791532794 6.599999999999999
      vertex 3.5220071896663963 -0.4449329791532794 0
    endloop
  endfacet
  facet normal -0.9980267284282717 0.06279051952931318 0
    outer loop
      vertex 3.5220071896663963 -0.4449329791532794 6.599999999999999
      vertex 3.55 0 6.599999999999999
      vertex 3.55 0 0
    endloop
  endfacet
  facet normal 0 0 -1
    outer loop
      vertex -0.6652036667793231 -3.4871197400868446 6.599999999999999
      vertex 1.5 -2.5 6.599999999999999
      vertex -0.22290634432906384 -3.542994885920364 6.599999999999999
    endloop
  endfacet
  facet normal 0 0 -1
    outer loop
      vertex -0.22290634432906384 -3.542994885920364 6.599999999999999
      vertex 1.5 -2.5 6.599999999999999
      vertex 0.22290634432906384 -3.542994885920364 6.599999999999999
    endloop
  endfacet
  facet normal 0 0 -1
    outer loop
      vertex 0.22290634432906384 -3.542994885920364 6.599999999999999
      vertex 1.5 -2.5 6.599999999999999
      vertex 0.6652036667793231 -3.4871197400868446 6.599999999999999
    endloop
  endfacet
  facet normal 0 0 -1
    outer loop
      vertex 0.6652036667793231 -3.4871197400868446 6.599999999999999
      vertex 1.5 -2.5 6.599999999999999
      vertex 1.0970103300310632 -3.376250632847795 6.599999999999999
    endloop
  endfacet
  facet normal 0 0 -1
    outer loop
      vertex 1.0970103300310632 -3.376250632847795 6.599999999999999
      vertex 1.5 -2.5 6.599999999999999
      vertex 1.511516485056007 -3.2121360362543694 6.599999999999999
    endloop
  endfacet
  facet normal 0 0 -1
    outer loop
      vertex 1.511516485056007 -3.2121360362543694 6.599999999999999
      vertex 1.5 -2.5 6.599999999999999
      vertex 1.5 -1.5 6.599999999999999
    endloop
  endfacet
  facet normal 0 0 -1
    outer loop
      vertex 1.511516485056007 -3.2121360362543694 6.599999999999999
      vertex 2.5 -1.5 6.599999999999999
      vertex 1.9021851221754364 -2.997364135532154 6.599999999999999
    endloop
  endfacet
  facet normal 0 0 -1
    outer loop
      vertex 1.511516485056007 -3.2121360362543694 6.599999999999999
      vertex 1.5 -1.5 6.599999999999999
      vertex 2.5 -1.5 6.599999999999999
    endloop
  endfacet
  facet normal 0 0 -1
    outer loop
      vertex 1.9021851221754364 -2.997364135532154 6.599999999999999
      vertex 2.5 -1.5 6.599999999999999
      vertex 2.262855163607849 -2.735322011854051 6.599999999999999
    endloop
  endfacet
  facet normal 0 0 -1
    outer loop
      vertex 2.262855163607849 -2.735322011854051 6.599999999999999
      vertex 2.5 -1.5 6.599999999999999
      vertex 2.5878386273460112 -2.430142226046844 6.599999999999999
    endloop
  endfacet
  facet normal 0 0 -1
    outer loop
      vertex 2.5878386273460112 -2.430142226046844 6.599999999999999
      vertex 2.5 -1.5 6.599999999999999
      vertex 2.5 1.5 6.599999999999999
    endloop
  endfacet
  facet normal 0 0 -1
    outer loop
      vertex 2.5878386273460112 -2.430142226046844 6.599999999999999
      vertex 2.587838627346011 2.430142226046845 6.599999999999999
      vertex 2.8720103300310633 -2.0866376456382794 6.599999999999999
    endloop
  endfacet
  facet normal 0 0 -1
    outer loop
      vertex 2.8720103300310633 -2.0866376456382794 6.599999999999999
      vertex 2.8720103300310633 2.0866376456382794 6.599999999999999
      vertex 3.110888714155715 -1.7102255430610895 6.599999999999999
    endloop
  endfacet
  facet normal 0 0 -1
    outer loop
      vertex 3.110888714155715 -1.7102255430610895 6.599999999999999
      vertex 3.1108887141557156 1.7102255430610893 6.599999999999999
      vertex 3.300706524903292 -1.306842162030608 6.599999999999999
    endloop
  endfacet
  facet normal 0 0 -1
    outer loop
      vertex 3.300706524903292 -1.306842162030608 6.599999999999999
      vertex 3.3007065249032923 1.3068421620306068 6.599999999999999
      vertex 3.4384702220066408 -0.8828490994352332 6.599999999999999
    endloop
  endfacet
  facet normal 0 0 -1
    outer loop
      vertex 3.4384702220066408 -0.8828490994352332 6.599999999999999
      vertex 3.4384702220066403 0.8828490994352345 6.599999999999999
      vertex 3.5220071896663963 -0.4449329791532794 6.599999999999999
    endloop
  endfacet
  facet normal -0.6845471059286883 -0.728968627421412 0
    outer loop
      vertex 2.2628551636078487 2.735322011854051 6.599999999999999
      vertex 2.2628551636078487 2.735322011854051 0
      vertex 2.587838627346011 2.430142226046845 0
    endloop
  endfacet
  facet normal -0.7705132427757895 -0.6374239897486896 0
    outer loop
      vertex 2.8720103300310633 2.0866376456382794 6.599999999999999
      vertex 2.587838627346011 2.430142226046845 0
      vertex 2.8720103300310633 2.0866376456382794 0
    endloop
  endfacet
  facet normal -0.125333233564303 -0.992114701314478 3.9003561675689644e-17
    outer loop
      vertex 0.22290634432906212 3.542994885920364 6.599999999999999
      vertex 0.22290634432906006 3.542994885920364 0
      vertex 0.6652036667793221 3.487119740086845 0
    endloop
  endfacet
  facet normal -0.24868988716485582 -0.9685831611286307 4.183352101846291e-18
    outer loop
      vertex 0.6652036667793222 3.487119740086845 6.599999999999999
      vertex 0.6652036667793221 3.487119740086845 0
      vertex 1.0970103300310632 3.376250632847795 0
    endloop
  endfacet
  facet normal -0.36812455268467764 -0.9297764858882516 0
    outer loop
      vertex 1.0970103300310632 3.376250632847795 6.599999999999999
      vertex 1.0970103300310632 3.376250632847795 0
      vertex 1.511516485056008 3.212136036254369 0
    endloop
  endfacet
  facet normal -0.4817536741017153 -0.8763066800438635 0
    outer loop
      vertex 1.511516485056008 3.212136036254369 6.599999999999999
      vertex 1.511516485056008 3.212136036254369 0
      vertex 1.902185122175438 2.997364135532153 0
    endloop
  endfacet
  facet normal -0.5877852522924734 -0.8090169943749472 0
    outer loop
      vertex 1.902185122175438 2.997364135532153 6.599999999999999
      vertex 1.902185122175438 2.997364135532153 0
      vertex 2.2628551636078487 2.735322011854051 0
    endloop
  endfacet
  facet normal -0.9980267284282717 -0.06279051952931308 0
    outer loop
      vertex 3.55 0 6.599999999999999
      vertex 3.5220071896663963 0.4449329791532801 0
      vertex 3.55 0 0
    endloop
  endfacet
  facet normal -0.9822872507286887 -0.1873813145857249 0
    outer loop
      vertex 3.5220071896663963 0.4449329791532801 6.599999999999999
      vertex 3.4384702220066403 0.8828490994352345 0
      vertex 3.5220071896663963 0.4449329791532801 0
    endloop
  endfacet
  facet normal -0.9510565162951535 -0.30901699437494745 0
    outer loop
      vertex 3.4384702220066403 0.8828490994352345 6.599999999999999
      vertex 3.3007065249032923 1.3068421620306068 0
      vertex 3.4384702220066403 0.8828490994352345 0
    endloop
  endfacet
  facet normal -0.8443279255020149 -0.5358267949789967 0
    outer loop
      vertex 3.1108887141557156 1.7102255430610893 6.599999999999999
      vertex 2.8720103300310633 2.0866376456382794 0
      vertex 3.1108887141557156 1.7102255430610893 0
    endloop
  endfacet
  facet normal -0.9048270524660196 -0.42577929156507266 0
    outer loop
      vertex 3.3007065249032923 1.3068421620306068 6.599999999999999
      vertex 3.1108887141557156 1.7102255430610893 0
      vertex 3.3007065249032923 1.3068421620306068 0
    endloop
  endfacet
  facet normal -0.5877852522924734 -0.8090169943749472 0
    outer loop
      vertex 2.2628551636078487 2.735322011854051 6.599999999999999
      vertex 1.902185122175438 2.997364135532153 6.599999999999999
      vertex 2.2628551636078487 2.735322011854051 0
    endloop
  endfacet
  facet normal -0.6845471059286883 -0.728968627421412 0
    outer loop
      vertex 2.2628551636078487 2.735322011854051 6.599999999999999
      vertex 2.587838627346011 2.430142226046845 0
      vertex 2.587838627346011 2.430142226046845 6.599999999999999
    endloop
  endfacet
  facet normal -0.7705132427757895 -0.6374239897486896 0
    outer loop
      vertex 2.8720103300310633 2.0866376456382794 6.599999999999999
      vertex 2.587838627346011 2.430142226046845 6.599999999999999
      vertex 2.587838627346011 2.430142226046845 0
    endloop
  endfacet
  facet normal -0.12533323356430356 -0.992114701314478 2.358271955790606e-18
    outer loop
      vertex 0.22290634432906212 3.542994885920364 6.599999999999999
      vertex 0.6652036667793221 3.487119740086845 0
      vertex 0.6652036667793222 3.487119740086845 6.599999999999999
    endloop
  endfacet
  facet normal 0 -1 0
    outer loop
      vertex -0.22290634432906212 3.542994885920364 6.599999999999999
      vertex 0.22290634432906006 3.542994885920364 0
      vertex 0.22290634432906212 3.542994885920364 6.599999999999999
    endloop
  endfacet
  facet normal -0.2486898871648559 -0.9685831611286307 0
    outer loop
      vertex 1.0970103300310632 3.376250632847795 6.599999999999999
      vertex 0.6652036667793222 3.487119740086845 6.599999999999999
      vertex 1.0970103300310632 3.376250632847795 0
    endloop
  endfacet
  facet normal -0.36812455268467764 -0.9297764858882516 0
    outer loop
      vertex 1.0970103300310632 3.376250632847795 6.599999999999999
      vertex 1.511516485056008 3.212136036254369 0
      vertex 1.511516485056008 3.212136036254369 6.599999999999999
    endloop
  endfacet
  facet normal -0.4817536741017153 -0.8763066800438635 0
    outer loop
      vertex 1.511516485056008 3.212136036254369 6.599999999999999
      vertex 1.902185122175438 2.997364135532153 0
      vertex 1.902185122175438 2.997364135532153 6.599999999999999
    endloop
  endfacet
  facet normal -0.9980267284282717 -0.06279051952931308 0
    outer loop
      vertex 3.55 0 6.599999999999999
      vertex 3.5220071896663963 0.4449329791532801 6.599999999999999
      vertex 3.5220071896663963 0.4449329791532801 0
    endloop
  endfacet
  facet normal -0.9822872507286887 -0.1873813145857249 0
    outer loop
      vertex 3.5220071896663963 0.4449329791532801 6.599999999999999
      vertex 3.4384702220066403 0.8828490994352345 6.599999999999999
      vertex 3.4384702220066403 0.8828490994352345 0
    endloop
  endfacet
  facet normal -0.9510565162951535 -0.30901699437494745 0
    outer loop
      vertex 3.3007065249032923 1.3068421620306068 6.599999999999999
      vertex 3.3007065249032923 1.3068421620306068 0
      vertex 3.4384702220066403 0.8828490994352345 6.599999999999999
    endloop
  endfacet
  facet normal -0.9048270524660196 -0.42577929156507266 0
    outer loop
      vertex 3.1108887141557156 1.7102255430610893 6.599999999999999
      vertex 3.1108887141557156 1.7102255430610893 0
      vertex 3.3007065249032923 1.3068421620306068 6.599999999999999
    endloop
  endfacet
  facet normal -0.8443279255020149 -0.5358267949789967 0
    outer loop
      vertex 3.1108887141557156 1.7102255430610893 6.599999999999999
      vertex 2.8720103300310633 2.0866376456382794 6.599999999999999
      vertex 2.8720103300310633 2.0866376456382794 0
    endloop
  endfacet
  facet normal 0 0 -1
    outer loop
      vertex -1.5 2.5 6.599999999999999
      vertex 1.511516485056008 3.212136036254369 6.599999999999999
      vertex 1.5 2.5 6.599999999999999
    endloop
  endfacet
  facet normal 0 0 -1
    outer loop
      vertex 2.5878386273460112 -2.430142226046844 6.599999999999999
      vertex 2.5 1.5 6.599999999999999
      vertex 2.587838627346011 2.430142226046845 6.599999999999999
    endloop
  endfacet
  facet normal 0 0 -1
    outer loop
      vertex 2.8720103300310633 -2.0866376456382794 6.599999999999999
      vertex 2.587838627346011 2.430142226046845 6.599999999999999
      vertex 2.8720103300310633 2.0866376456382794 6.599999999999999
    endloop
  endfacet
  facet normal 0 0 -1
    outer loop
      vertex 1.5 1.5 6.599999999999999
      vertex 1.5 2.5 6.599999999999999
      vertex 1.511516485056008 3.212136036254369 6.599999999999999
    endloop
  endfacet
  facet normal 0 0 -1
    outer loop
      vertex 1.5 1.5 6.599999999999999
      vertex 1.511516485056008 3.212136036254369 6.599999999999999
      vertex 1.902185122175438 2.997364135532153 6.599999999999999
    endloop
  endfacet
  facet normal 0 0 -1
    outer loop
      vertex 1.5 1.5 6.599999999999999
      vertex 1.902185122175438 2.997364135532153 6.599999999999999
      vertex 2.2628551636078487 2.735322011854051 6.599999999999999
    endloop
  endfacet
  facet normal 0 0 -1
    outer loop
      vertex 1.5 1.5 6.599999999999999
      vertex 2.2628551636078487 2.735322011854051 6.599999999999999
      vertex 2.587838627346011 2.430142226046845 6.599999999999999
    endloop
  endfacet
  facet normal 0 0 -1
    outer loop
      vertex 1.5 1.5 6.599999999999999
      vertex 2.587838627346011 2.430142226046845 6.599999999999999
      vertex 2.5 1.5 6.599999999999999
    endloop
  endfacet
  facet normal 0 0 -1
    outer loop
      vertex -1.5 2.5 6.599999999999999
      vertex 0.6652036667793222 3.487119740086845 6.599999999999999
      vertex 1.0970103300310632 3.376250632847795 6.599999999999999
    endloop
  endfacet
  facet normal 0 0 -1
    outer loop
      vertex -1.5 2.5 6.599999999999999
      vertex 1.0970103300310632 3.376250632847795 6.599999999999999
      vertex 1.511516485056008 3.212136036254369 6.599999999999999
    endloop
  endfacet
  facet normal 0 0 -1
    outer loop
      vertex 3.110888714155715 -1.7102255430610895 6.599999999999999
      vertex 2.8720103300310633 2.0866376456382794 6.599999999999999
      vertex 3.1108887141557156 1.7102255430610893 6.599999999999999
    endloop
  endfacet
  facet normal 0 0 -1
    outer loop
      vertex 3.5220071896663963 -0.4449329791532794 6.599999999999999
      vertex 3.5220071896663963 0.4449329791532801 6.599999999999999
      vertex 3.55 0 6.599999999999999
    endloop
  endfacet
  facet normal 0 0 -1
    outer loop
      vertex 3.5220071896663963 -0.4449329791532794 6.599999999999999
      vertex 3.4384702220066403 0.8828490994352345 6.599999999999999
      vertex 3.5220071896663963 0.4449329791532801 6.599999999999999
    endloop
  endfacet
  facet normal 0 0 -1
    outer loop
      vertex 3.300706524903292 -1.306842162030608 6.599999999999999
      vertex 3.1108887141557156 1.7102255430610893 6.599999999999999
      vertex 3.3007065249032923 1.3068421620306068 6.599999999999999
    endloop
  endfacet
  facet normal 0 0 -1
    outer loop
      vertex 3.4384702220066408 -0.8828490994352332 6.599999999999999
      vertex 3.3007065249032923 1.3068421620306068 6.599999999999999
      vertex 3.4384702220066403 0.8828490994352345 6.599999999999999
    endloop
  endfacet
  facet normal 0 1 0
    outer loop
      vertex -2.5 -1.5 6.599999999999999
      vertex -2.5 -1.5 12
      vertex -1.5 -1.5 6.599999999999999
    endloop
  endfacet
  facet normal 0 1 0
    outer loop
      vertex -1.5 -1.5 6.599999999999999
      vertex -2.5 -1.5 12
      vertex -1.5 -1.5 12
    endloop
  endfacet
  facet normal 1 0 0
    outer loop
      vertex -2.5 -1.5 6.599999999999999
      vertex -2.5 1.5 12
      vertex -2.5 -1.5 12
    endloop
  endfacet
  facet normal 1 0 0
    outer loop
      vertex -2.5 -1.5 6.599999999999999
      vertex -2.5 1.5 6.599999999999999
      vertex -2.5 1.5 12
    endloop
  endfacet
  facet normal 0 -1 0
    outer loop
      vertex -2.5 1.5 6.599999999999999
      vertex -1.5 1.5 6.599999999999999
      vertex -1.5 1.5 12
    endloop
  endfacet
  facet normal 0 -1 0
    outer loop
      vertex -2.5 1.5 6.599999999999999
      vertex -1.5 1.5 12
      vertex -2.5 1.5 12
    endloop
  endfacet
  facet normal 0 1 0
    outer loop
      vertex 1.5 -1.5 6.599999999999999
      vertex 1.5 -1.5 12
      vertex 2.5 -1.5 6.599999999999999
    endloop
  endfacet
  facet normal -1 0 0
    outer loop
      vertex 2.5 -1.5 6.599999999999999
      vertex 2.5 -1.5 12
      vertex 2.5 1.5 6.599999999999999
    endloop
  endfacet
  facet normal 0 1 0
    outer loop
      vertex 2.5 -1.5 6.599999999999999
      vertex 1.5 -1.5 12
      vertex 2.5 -1.5 12
    endloop
  endfacet
  facet normal 0 -1 0
    outer loop
      vertex 1.5 1.5 6.599999999999999
      vertex 2.5 1.5 6.599999999999999
      vertex 2.5 1.5 12
    endloop
  endfacet
  facet normal -1 0 0
    outer loop
      vertex 2.5 1.5 6.599999999999999
      vertex 2.5 -1.5 12
      vertex 2.5 1.5 12
    endloop
  endfacet
  facet normal 0 -1 0
    outer loop
      vertex 1.5 1.5 6.599999999999999
      vertex 2.5 1.5 12
      vertex 1.5 1.5 12
    endloop
  endfacet
  facet normal 1 0 0
    outer loop
      vertex -1.5 -2.5 6.599999999999999
      vertex -1.5 -1.5 6.599999999999999
      vertex -1.5 -1.5 12
    endloop
  endfacet
  facet normal 0 1 0
    outer loop
      vertex -1.5 -2.5 6.599999999999999
      vertex -1.5 -2.5 12
      vertex 1.5 -2.5 6.599999999999999
    endloop
  endfacet
  facet normal 1 0 0
    outer loop
      vertex -1.5 -2.5 6.599999999999999
      vertex -1.5 -1.5 12
      vertex -1.5 -2.5 12
    endloop
  endfacet
  facet normal 1 0 0
    outer loop
      vertex -1.5 1.5 6.599999999999999
      vertex -1.5 2.5 6.599999999999999
      vertex -1.5 2.5 12
    endloop
  endfacet
  facet normal 1 0 0
    outer loop
      vertex -1.5 1.5 6.599999999999999
      vertex -1.5 2.5 12
      vertex -1.5 1.5 12
    endloop
  endfacet
  facet normal 0 -1 0
    outer loop
      vertex -1.5 2.5 6.599999999999999
      vertex 1.5 2.5 12
      vertex -1.5 2.5 12
    endloop
  endfacet
  facet normal -1 0 0
    outer loop
      vertex 1.5 -2.5 6.599999999999999
      vertex 1.5 -2.5 12
      vertex 1.5 -1.5 6.599999999999999
    endloop
  endfacet
  facet normal 0 1 0
    outer loop
      vertex 1.5 -2.5 6.599999999999999
      vertex -1.5 -2.5 12
      vertex 1.5 -2.5 12
    endloop
  endfacet
  facet normal -1 0 0
    outer loop
      vertex 1.5 -1.5 6.599999999999999
      vertex 1.5 -2.5 12
      vertex 1.5 -1.5 12
    endloop
  endfacet
  facet normal 0 -1 0
    outer loop
      vertex -1.5 2.5 6.599999999999999
      vertex 1.5 2.5 6.599999999999999
      vertex 1.5 2.5 12
    endloop
  endfacet
  facet normal -1 0 0
    outer loop
      vertex 1.5 1.5 6.599999999999999
      vertex 1.5 1.5 12
      vertex 1.5 2.5 6.599999999999999
    endloop
  endfacet
  facet normal -1 0 0
    outer loop
      vertex 1.5 2.5 6.599999999999999
      vertex 1.5 1.5 12
      vertex 1.5 2.5 12
    endloop
  endfacet
  facet normal 0 0 -1
    outer loop
      vertex -5.747386639912273 -0.9635073482034308 0
      vertex -5.358267949789967 -8.44327925502015 0
      vertex -6.374239897486897 -7.705132427757894 0
    endloop
  endfacet
  facet normal 0 0 -1
    outer loop
      vertex -8.763066800438635 -4.817536741017154 0
      vertex -9.297764858882514 -3.6812455268467787 0
      vertex -8.571653589957993 -1.68865585100403 0
    endloop
  endfacet
  facet normal 0 0 -1
    outer loop
      vertex -9.252613360087727 -0.9635073482034308 0
      vertex -9.68583161128631 -2.4868988716485485 0
      vertex -9.921147013144779 -1.2533323356430406 0
    endloop
  endfacet
  facet normal 0 0 -1
    outer loop
      vertex -9.68583161128631 -2.4868988716485485 0
      vertex -9.118033988749895 -1.1755705045849463 0
      vertex -8.957937254842824 -1.369094211857377 0
    endloop
  endfacet
  facet normal 0 0 -1
    outer loop
      vertex -9.68583161128631 -2.4868988716485485 0
      vertex -9.252613360087727 -0.9635073482034308 0
      vertex -9.118033988749895 -1.1755705045849463 0
    endloop
  endfacet
  facet normal 0 0 -1
    outer loop
      vertex -8.571653589957993 -1.68865585100403 0
      vertex -9.297764858882514 -3.6812455268467787 0
      vertex -9.68583161128631 -2.4868988716485485 0
    endloop
  endfacet
  facet normal 0 0 -1
    outer loop
      vertex -8.763066800438635 -4.817536741017154 0
      vertex -8.571653589957993 -1.68865585100403 0
      vertex -8.351558583130146 -1.8096541049320392 0
    endloop
  endfacet
  facet normal 0 0 -1
    outer loop
      vertex -9.68583161128631 -2.4868988716485485 0
      vertex -8.957937254842824 -1.369094211857377 0
      vertex -8.774847979497379 -1.5410264855515787 0
    endloop
  endfacet
  facet normal 0 0 -1
    outer loop
      vertex -9.68583161128631 -2.4868988716485485 0
      vertex -8.774847979497379 -1.5410264855515787 0
      vertex -8.571653589957993 -1.68865585100403 0
    endloop
  endfacet
  facet normal 0 0 -1
    outer loop
      vertex -9.252613360087727 -0.9635073482034308 0
      vertex -9.921147013144779 -1.2533323356430406 0
      vertex -9.359552971776504 -0.7362491053693557 0
    endloop
  endfacet
  facet normal 0 0 -1
    outer loop
      vertex -9.921147013144779 -1.2533323356430406 0
      vertex -9.437166322257262 -0.4973797743297097 0
      vertex -9.359552971776504 -0.7362491053693557 0
    endloop
  endfacet
  facet normal 0 0 -1
    outer loop
      vertex -9.921147013144779 -1.2533323356430406 0
      vertex -9.484229402628955 -0.25066646712860813 0
      vertex -9.437166322257262 -0.4973797743297097 0
    endloop
  endfacet
  facet normal 0 0 -1
    outer loop
      vertex -8.090169943749475 -5.877852522924732 0
      vertex -6.648441416869855 -1.8096541049320392 0
      vertex -7.289686274214117 -6.845471059286885 0
    endloop
  endfacet
  facet normal 0 0 -1
    outer loop
      vertex -7.625581039058628 -1.9960534568565431 0
      vertex -8.090169943749475 -5.877852522924732 0
      vertex -8.763066800438635 -4.817536741017154 0
    endloop
  endfacet
  facet normal 0 0 -1
    outer loop
      vertex -8.118033988749895 -1.902113032590307 0
      vertex -8.763066800438635 -4.817536741017154 0
      vertex -8.351558583130146 -1.8096541049320392 0
    endloop
  endfacet
  facet normal 0 0 -1
    outer loop
      vertex -8.763066800438635 -4.817536741017154 0
      vertex -8.118033988749895 -1.902113032590307 0
      vertex -7.87476262917145 -1.9645745014573772 0
    endloop
  endfacet
  facet normal 0 0 -1
    outer loop
      vertex -8.763066800438635 -4.817536741017154 0
      vertex -7.87476262917145 -1.9645745014573772 0
      vertex -7.625581039058628 -1.9960534568565431 0
    endloop
  endfacet
  facet normal 0 0 -1
    outer loop
      vertex -8.090169943749475 -5.877852522924732 0
      vertex -7.625581039058628 -1.9960534568565431 0
      vertex -7.374418960941372 -1.9960534568565431 0
    endloop
  endfacet
  facet normal 0 0 -1
    outer loop
      vertex -7.12523737082855 -1.9645745014573772 0
      vertex -8.090169943749475 -5.877852522924732 0
      vertex -7.374418960941372 -1.9960534568565431 0
    endloop
  endfacet
  facet normal 0 0 -1
    outer loop
      vertex -8.090169943749475 -5.877852522924732 0
      vertex -7.12523737082855 -1.9645745014573772 0
      vertex -6.881966011250105 -1.902113032590307 0
    endloop
  endfacet
  facet normal 0 0 -1
    outer loop
      vertex -8.090169943749475 -5.877852522924732 0
      vertex -6.881966011250105 -1.902113032590307 0
      vertex -6.648441416869855 -1.8096541049320392 0
    endloop
  endfacet
  facet normal 0 0 -1
    outer loop
      vertex -7.289686274214117 -6.845471059286885 0
      vertex -6.428346410042008 -1.6886558510040306 0
      vertex -6.374239897486897 -7.705132427757894 0
    endloop
  endfacet
  facet normal 0 0 -1
    outer loop
      vertex -6.428346410042008 -1.6886558510040306 0
      vertex -7.289686274214117 -6.845471059286885 0
      vertex -6.648441416869855 -1.8096541049320392 0
    endloop
  endfacet
  facet normal 0 0 -1
    outer loop
      vertex -6.374239897486897 -7.705132427757894 0
      vertex -6.428346410042008 -1.6886558510040306 0
      vertex -6.22515202050262 -1.541026485551578 0
    endloop
  endfacet
  facet normal 0 0 -1
    outer loop
      vertex -6.374239897486897 -7.705132427757894 0
      vertex -6.22515202050262 -1.541026485551578 0
      vertex -6.0420627451571765 -1.369094211857377 0
    endloop
  endfacet
  facet normal 0 0 -1
    outer loop
      vertex -6.374239897486897 -7.705132427757894 0
      vertex -6.0420627451571765 -1.369094211857377 0
      vertex -5.881966011250105 -1.1755705045849463 0
    endloop
  endfacet
  facet normal 0 0 -1
    outer loop
      vertex -6.374239897486897 -7.705132427757894 0
      vertex -5.881966011250105 -1.1755705045849463 0
      vertex -5.747386639912273 -0.9635073482034308 0
    endloop
  endfacet
  facet normal 0 0 -1
    outer loop
      vertex -1.9021851221754384 -2.9973641355321528 0
      vertex -3.090169943749474 -9.510565162951535 0
      vertex -4.257792915650724 -9.048270524660197 0
    endloop
  endfacet
  facet normal 0 0 -1
    outer loop
      vertex -3.090169943749474 -9.510565162951535 0
      vertex -0.665203666779323 -3.4871197400868446 0
      vertex -1.8738131458572482 -9.822872507286887 0
    endloop
  endfacet
  facet normal 0 0 -1
    outer loop
      vertex -1.8738131458572482 -9.822872507286887 0
      vertex -0.22290634432906378 -3.542994885920364 0
      vertex -0.6279051952931383 -9.980267284282716 0
    endloop
  endfacet
  facet normal 0 0 -1
    outer loop
      vertex -0.22290634432906378 -3.542994885920364 0
      vertex 0.2229063443290639 -3.542994885920364 0
      vertex -0.6279051952931383 -9.980267284282716 0
    endloop
  endfacet
  facet normal 0 0 -1
    outer loop
      vertex -5.358267949789967 -8.44327925502015 0
      vertex -5.747386639912273 -0.9635073482034308 0
      vertex -5.640447028223497 -0.7362491053693567 0
    endloop
  endfacet
  facet normal 0 0 -1
    outer loop
      vertex -5.358267949789967 -8.44327925502015 0
      vertex -5.640447028223497 -0.7362491053693567 0
      vertex -5.562833677742738 -0.49737977432970887 0
    endloop
  endfacet
  facet normal 0 0 -1
    outer loop
      vertex -5.358267949789967 -8.44327925502015 0
      vertex -5.562833677742738 -0.49737977432970887 0
      vertex -5.515770597371044 -0.25066646712860813 0
    endloop
  endfacet
  facet normal 0 0 -1
    outer loop
      vertex -5.358267949789967 -8.44327925502015 0
      vertex -5.515770597371044 -0.25066646712860813 0
      vertex -5.5 0 0
    endloop
  endfacet
  facet normal 0 0 -1
    outer loop
      vertex -2.8720103300310633 -2.0866376456382794 0
      vertex -4.257792915650724 -9.048270524660197 0
      vertex -3.110888714155715 -1.7102255430610895 0
    endloop
  endfacet
  facet normal 0 0 -1
    outer loop
      vertex -4.257792915650724 -9.048270524660197 0
      vertex -2.8720103300310633 -2.0866376456382794 0
      vertex -2.5878386273460112 -2.430142226046844 0
    endloop
  endfacet
  facet normal 0 0 -1
    outer loop
      vertex -4.257792915650724 -9.048270524660197 0
      vertex -2.5878386273460112 -2.430142226046844 0
      vertex -2.262855163607848 -2.735322011854052 0
    endloop
  endfacet
  facet normal 0 0 -1
    outer loop
      vertex -4.257792915650724 -9.048270524660197 0
      vertex -3.3007065249032923 -1.3068421620306063 0
      vertex -3.110888714155715 -1.7102255430610895 0
    endloop
  endfacet
  facet normal 0 0 -1
    outer loop
      vertex -4.257792915650724 -9.048270524660197 0
      vertex -3.4384702220066403 -0.8828490994352347 0
      vertex -3.3007065249032923 -1.3068421620306063 0
    endloop
  endfacet
  facet normal 0 0 -1
    outer loop
      vertex -4.257792915650724 -9.048270524660197 0
      vertex -3.5220071896663963 -0.4449329791532794 0
      vertex -3.4384702220066403 -0.8828490994352347 0
    endloop
  endfacet
  facet normal 0 0 -1
    outer loop
      vertex -4.257792915650724 -9.048270524660197 0
      vertex -3.55 0 0
      vertex -3.5220071896663963 -0.4449329791532794 0
    endloop
  endfacet
  facet normal 0 0 -1
    outer loop
      vertex -3.090169943749474 9.510565162951535 0
      vertex -4.257792915650724 -9.048270524660197 0
      vertex -5.358267949789967 -8.44327925502015 0
    endloop
  endfacet
  facet normal 0 0 -1
    outer loop
      vertex -1.511516485056007 -3.2121360362543694 0
      vertex -3.090169943749474 -9.510565162951535 0
      vertex -1.9021851221754384 -2.9973641355321528 0
    endloop
  endfacet
  facet normal 0 0 -1
    outer loop
      vertex -4.257792915650724 -9.048270524660197 0
      vertex -2.262855163607848 -2.735322011854052 0
      vertex -1.9021851221754384 -2.9973641355321528 0
    endloop
  endfacet
  facet normal 0 0 -1
    outer loop
      vertex -3.090169943749474 -9.510565162951535 0
      vertex -1.511516485056007 -3.2121360362543694 0
      vertex -1.0970103300310632 -3.376250632847795 0
    endloop
  endfacet
  facet normal 0 0 -1
    outer loop
      vertex -3.090169943749474 -9.510565162951535 0
      vertex -1.0970103300310632 -3.376250632847795 0
      vertex -0.665203666779323 -3.4871197400868446 0
    endloop
  endfacet
  facet normal 0 0 -1
    outer loop
      vertex -1.8738131458572482 -9.822872507286887 0
      vertex -0.665203666779323 -3.4871197400868446 0
      vertex -0.22290634432906378 -3.542994885920364 0
    endloop
  endfacet
  facet normal 0 0 1
    outer loop
      vertex -7.234762283647627 -8.74532530550521 12
      vertex -8.26640272481713 -1.6286886944388352 12
      vertex -8.273793921233022 -7.769609652290614 12
    endloop
  endfacet
  facet normal 0 0 1
    outer loop
      vertex -6.0816341230116135 -9.58312195444787 12
      vertex -7.162713633745695 -1.7681170513116395 12
      vertex -7.234762283647627 -8.74532530550521 12
    endloop
  endfacet
  facet normal 0 0 1
    outer loop
      vertex -9.243449690031536 -0.4476417968967387 12
      vertex -9.182342886155654 -6.67136261351957 12
      vertex -8.273793921233022 -7.769609652290614 12
    endloop
  endfacet
  facet normal 0 0 1
    outer loop
      vertex -8.273793921233022 -7.769609652290614 12
      vertex -9.173597674598852 -0.6626241948324202 12
      vertex -9.243449690031536 -0.4476417968967387 12
    endloop
  endfacet
  facet normal 0 0 1
    outer loop
      vertex -8.273793921233022 -7.769609652290614 12
      vertex -8.956230589874906 -1.0580134541264516 12
      vertex -9.077352024078955 -0.8671566133830877 12
    endloop
  endfacet
  facet normal 0 0 1
    outer loop
      vertex -8.273793921233022 -7.769609652290614 12
      vertex -8.647363181547641 -1.386923836996421 12
      vertex -8.812143529358542 -1.2321847906716394 12
    endloop
  endfacet
  facet normal 0 0 1
    outer loop
      vertex -8.273793921233022 -7.769609652290614 12
      vertex -8.812143529358542 -1.2321847906716394 12
      vertex -8.956230589874906 -1.0580134541264516 12
    endloop
  endfacet
  facet normal 0 0 1
    outer loop
      vertex -8.273793921233022 -7.769609652290614 12
      vertex -9.077352024078955 -0.8671566133830877 12
      vertex -9.173597674598852 -0.6626241948324202 12
    endloop
  endfacet
  facet normal 0 0 1
    outer loop
      vertex -11.260501859919323 1.4225322009548511 12
      vertex -10.993418878809962 -2.8226302193211024 12
      vertex -10.552963114831654 -4.1782136729710935 12
    endloop
  endfacet
  facet normal 0 0 1
    outer loop
      vertex -9.94608081849785 -5.467904201054469 12
      vertex -10.993418878809962 2.8226302193211024 12
      vertex -10.552963114831654 -4.1782136729710935 12
    endloop
  endfacet
  facet normal 0 0 1
    outer loop
      vertex -10.993418878809962 -2.8226302193211024 12
      vertex -11.35 0 12
      vertex -11.260501859919323 -1.4225322009548511 12
    endloop
  endfacet
  facet normal 0 0 1
    outer loop
      vertex -10.993418878809962 -2.8226302193211024 12
      vertex -11.260501859919323 1.4225322009548511 12
      vertex -11.35 0 12
    endloop
  endfacet
  facet normal 0 0 1
    outer loop
      vertex -9.182342886155654 -6.67136261351957 12
      vertex -10.552963114831654 4.1782136729710935 12
      vertex -9.94608081849785 -5.467904201054469 12
    endloop
  endfacet
  facet normal 0 0 1
    outer loop
      vertex -9.182342886155654 -6.67136261351957 12
      vertex -9.243449690031536 -0.4476417968967387 12
      vertex -9.285806462366061 -0.22559982041574733 12
    endloop
  endfacet
  facet normal 0 0 1
    outer loop
      vertex -9.182342886155654 -6.67136261351957 12
      vertex -9.285806462366061 -0.22559982041574733 12
      vertex -9.94608081849785 5.467904201054469 12
    endloop
  endfacet
  facet normal 0 0 1
    outer loop
      vertex -8.273793921233022 -7.769609652290614 12
      vertex -8.464488230962194 -1.5197902659036269 12
      vertex -8.647363181547641 -1.386923836996421 12
    endloop
  endfacet
  facet normal 0 0 1
    outer loop
      vertex -8.273793921233022 -7.769609652290614 12
      vertex -8.26640272481713 -1.6286886944388352 12
      vertex -8.464488230962194 -1.5197902659036269 12
    endloop
  endfacet
  facet normal 0 0 1
    outer loop
      vertex -7.234762283647627 -8.74532530550521 12
      vertex -8.056230589874906 -1.7119017293312764 12
      vertex -8.26640272481713 -1.6286886944388352 12
    endloop
  endfacet
  facet normal 0 0 1
    outer loop
      vertex -7.234762283647627 -8.74532530550521 12
      vertex -7.837286366254305 -1.7681170513116395 12
      vertex -8.056230589874906 -1.7119017293312764 12
    endloop
  endfacet
  facet normal 0 0 1
    outer loop
      vertex -7.234762283647627 -8.74532530550521 12
      vertex -7.613022935152765 -1.7964481111708888 12
      vertex -7.837286366254305 -1.7681170513116395 12
    endloop
  endfacet
  facet normal 0 0 1
    outer loop
      vertex -7.234762283647627 -8.74532530550521 12
      vertex -7.386977064847235 -1.7964481111708888 12
      vertex -7.613022935152765 -1.7964481111708888 12
    endloop
  endfacet
  facet normal 0 0 1
    outer loop
      vertex -7.234762283647627 -8.74532530550521 12
      vertex -7.162713633745695 -1.7681170513116395 12
      vertex -7.386977064847235 -1.7964481111708888 12
    endloop
  endfacet
  facet normal 0 0 1
    outer loop
      vertex -6.0816341230116135 -9.58312195444787 12
      vertex -6.943769410125094 -1.7119017293312764 12
      vertex -7.162713633745695 -1.7681170513116395 12
    endloop
  endfacet
  facet normal 0 0 1
    outer loop
      vertex -6.0816341230116135 -9.58312195444787 12
      vertex -6.73359727518287 -1.6286886944388352 12
      vertex -6.943769410125094 -1.7119017293312764 12
    endloop
  endfacet
  facet normal 0 0 1
    outer loop
      vertex -6.0816341230116135 -9.58312195444787 12
      vertex -6.535511769037807 -1.5197902659036275 12
      vertex -6.73359727518287 -1.6286886944388352 12
    endloop
  endfacet
  facet normal 0 0 1
    outer loop
      vertex -6.0816341230116135 -9.58312195444787 12
      vertex -6.352636818452358 -1.3869238369964203 12
      vertex -6.535511769037807 -1.5197902659036275 12
    endloop
  endfacet
  facet normal 0 0 1
    outer loop
      vertex -6.0816341230116135 -9.58312195444787 12
      vertex -6.187856470641459 -1.2321847906716394 12
      vertex -6.352636818452358 -1.3869238369964203 12
    endloop
  endfacet
  facet normal 0 0 1
    outer loop
      vertex -6.0816341230116135 -9.58312195444787 12
      vertex -6.043769410125094 -1.0580134541264516 12
      vertex -6.187856470641459 -1.2321847906716394 12
    endloop
  endfacet
  facet normal 0 0 1
    outer loop
      vertex -6.0816341230116135 -9.58312195444787 12
      vertex -5.922647975921046 -0.8671566133830877 12
      vertex -6.043769410125094 -1.0580134541264516 12
    endloop
  endfacet
  facet normal 0 0 1
    outer loop
      vertex -4.832594959263572 -10.269787045489322 12
      vertex -5.922647975921046 -0.8671566133830877 12
      vertex -6.0816341230116135 -9.58312195444787 12
    endloop
  endfacet
  facet normal 0 0 1
    outer loop
      vertex -1.5 -2.5 12
      vertex -2.1267779205479767 -11.148960295770616 12
      vertex -0.7126723966577111 -11.327603367660881 12
    endloop
  endfacet
  facet normal 0 0 1
    outer loop
      vertex -1.5 -2.5 12
      vertex -0.7126723966577111 -11.327603367660881 12
      vertex 0.7126723966577114 -11.327603367660881 12
    endloop
  endfacet
  facet normal 0 0 1
    outer loop
      vertex -4.832594959263572 -10.269787045489322 12
      vertex -5.826402325401148 -0.6626241948324211 12
      vertex -5.922647975921046 -0.8671566133830877 12
    endloop
  endfacet
  facet normal 0 0 1
    outer loop
      vertex -5.826402325401148 -0.6626241948324211 12
      vertex -4.832594959263572 -10.269787045489322 12
      vertex -5.756550309968464 -0.447641796896738 12
    endloop
  endfacet
  facet normal 0 0 1
    outer loop
      vertex -4.832594959263572 -10.269787045489322 12
      vertex -5.71419353763394 -0.22559982041574733 12
      vertex -5.756550309968464 -0.447641796896738 12
    endloop
  endfacet
  facet normal 0 0 1
    outer loop
      vertex -4.832594959263572 -10.269787045489322 12
      vertex -5.7 0 12
      vertex -5.71419353763394 -0.22559982041574733 12
    endloop
  endfacet
  facet normal 0 0 1
    outer loop
      vertex -6.0816341230116135 9.58312195444787 12
      vertex -4.832594959263572 -10.269787045489322 12
      vertex -3.507342886155653 -10.794491459949992 12
    endloop
  endfacet
  facet normal 0 0 1
    outer loop
      vertex -4.8325949592635755 10.26978704548932 12
      vertex -3.507342886155653 -10.794491459949992 12
      vertex -2.1267779205479767 -11.148960295770616 12
    endloop
  endfacet
  facet normal 0 0 1
    outer loop
      vertex -4.832594959263572 -10.269787045489322 12
      vertex -6.0816341230116135 9.58312195444787 12
      vertex -5.7 0 12
    endloop
  endfacet
  facet normal 0 0 1
    outer loop
      vertex -2.1267779205479767 -11.148960295770616 12
      vertex -2.5 -1.5 12
      vertex -4.8325949592635755 10.26978704548932 12
    endloop
  endfacet
  facet normal 0 0 1
    outer loop
      vertex -2.1267779205479767 -11.148960295770616 12
      vertex -1.5 -2.5 12
      vertex -2.5 -1.5 12
    endloop
  endfacet
  facet normal 0 0 1
    outer loop
      vertex -2.5 -1.5 12
      vertex -1.5 -2.5 12
      vertex -1.5 -1.5 12
    endloop
  endfacet
  facet normal 0 0 -1
    outer loop
      vertex -9.921147013144779 -1.2533323356430406 0
      vertex -10 0 0
      vertex -9.921147013144779 1.2533323356430406 0
    endloop
  endfacet
  facet normal 0 0 -1
    outer loop
      vertex -9.921147013144779 -1.2533323356430406 0
      vertex -9.68583161128631 2.4868988716485485 0
      vertex -9.484229402628955 -0.25066646712860813 0
    endloop
  endfacet
  facet normal 0 0 -1
    outer loop
      vertex -9.921147013144779 -1.2533323356430406 0
      vertex -9.921147013144779 1.2533323356430406 0
      vertex -9.68583161128631 2.4868988716485485 0
    endloop
  endfacet
  facet normal 0 0 -1
    outer loop
      vertex -9.68583161128631 2.4868988716485485 0
      vertex -9.5 0 0
      vertex -9.484229402628955 -0.25066646712860813 0
    endloop
  endfacet
  facet normal 0 0 -1
    outer loop
      vertex -9.68583161128631 2.4868988716485485 0
      vertex -9.484229402628955 0.25066646712860813 0
      vertex -9.5 0 0
    endloop
  endfacet
  facet normal 0 0 -1
    outer loop
      vertex -9.68583161128631 2.4868988716485485 0
      vertex -9.437166322257262 0.4973797743297097 0
      vertex -9.484229402628955 0.25066646712860813 0
    endloop
  endfacet
  facet normal 0 0 -1
    outer loop
      vertex -9.68583161128631 2.4868988716485485 0
      vertex -9.359552971776504 0.7362491053693557 0
      vertex -9.437166322257262 0.4973797743297097 0
    endloop
  endfacet
  facet normal 0 0 -1
    outer loop
      vertex -9.68583161128631 2.4868988716485485 0
      vertex -9.252613360087727 0.9635073482034308 0
      vertex -9.359552971776504 0.7362491053693557 0
    endloop
  endfacet
  facet normal 0 0 -1
    outer loop
      vertex -9.252613360087727 0.9635073482034308 0
      vertex -9.68583161128631 2.4868988716485485 0
      vertex -9.297764858882514 3.6812455268467787 0
    endloop
  endfacet
  facet normal 0 0 -1
    outer loop
      vertex -9.252613360087727 0.9635073482034308 0
      vertex -8.763066800438635 4.817536741017154 0
      vertex -9.118033988749895 1.1755705045849463 0
    endloop
  endfacet
  facet normal 0 0 -1
    outer loop
      vertex -8.763066800438635 4.817536741017154 0
      vertex -8.957937254842824 1.369094211857377 0
      vertex -9.118033988749895 1.1755705045849463 0
    endloop
  endfacet
  facet normal 0 0 -1
    outer loop
      vertex -8.763066800438635 4.817536741017154 0
      vertex -8.774847979497379 1.5410264855515787 0
      vertex -8.957937254842824 1.369094211857377 0
    endloop
  endfacet
  facet normal 0 0 -1
    outer loop
      vertex -9.252613360087727 0.9635073482034308 0
      vertex -9.297764858882514 3.6812455268467787 0
      vertex -8.763066800438635 4.817536741017154 0
    endloop
  endfacet
  facet normal 0 0 -1
    outer loop
      vertex -8.763066800438635 4.817536741017154 0
      vertex -8.090169943749475 5.877852522924732 0
      vertex -8.774847979497379 1.5410264855515787 0
    endloop
  endfacet
  facet normal 0 0 -1
    outer loop
      vertex -8.774847979497379 1.5410264855515787 0
      vertex -8.090169943749475 5.877852522924732 0
      vertex -8.571653589957993 1.68865585100403 0
    endloop
  endfacet
  facet normal 0 0 -1
    outer loop
      vertex -8.090169943749475 5.877852522924732 0
      vertex -8.351558583130146 1.809654104932039 0
      vertex -8.571653589957993 1.68865585100403 0
    endloop
  endfacet
  facet normal 0 0 -1
    outer loop
      vertex -8.090169943749475 5.877852522924732 0
      vertex -8.118033988749895 1.902113032590307 0
      vertex -8.351558583130146 1.809654104932039 0
    endloop
  endfacet
  facet normal 0 0 -1
    outer loop
      vertex -8.118033988749895 1.902113032590307 0
      vertex -7.289686274214117 6.845471059286885 0
      vertex -7.874762629171449 1.9645745014573774 0
    endloop
  endfacet
  facet normal 0 0 -1
    outer loop
      vertex -7.874762629171449 1.9645745014573774 0
      vertex -7.289686274214117 6.845471059286885 0
      vertex -7.625581039058627 1.9960534568565431 0
    endloop
  endfacet
  facet normal 0 0 -1
    outer loop
      vertex -7.289686274214117 6.845471059286885 0
      vertex -7.374418960941373 1.9960534568565431 0
      vertex -7.625581039058627 1.9960534568565431 0
    endloop
  endfacet
  facet normal 0 0 -1
    outer loop
      vertex -7.289686274214117 6.845471059286885 0
      vertex -7.125237370828551 1.9645745014573774 0
      vertex -7.374418960941373 1.9960534568565431 0
    endloop
  endfacet
  facet normal 0 0 -1
    outer loop
      vertex -8.118033988749895 1.902113032590307 0
      vertex -8.090169943749475 5.877852522924732 0
      vertex -7.289686274214117 6.845471059286885 0
    endloop
  endfacet
  facet normal 0 0 -1
    outer loop
      vertex -7.125237370828551 1.9645745014573774 0
      vertex -6.374239897486897 7.705132427757894 0
      vertex -6.881966011250105 1.902113032590307 0
    endloop
  endfacet
  facet normal 0 0 -1
    outer loop
      vertex -6.374239897486897 7.705132427757894 0
      vertex -6.648441416869854 1.809654104932039 0
      vertex -6.881966011250105 1.902113032590307 0
    endloop
  endfacet
  facet normal 0 0 -1
    outer loop
      vertex -6.648441416869854 1.809654104932039 0
      vertex -6.374239897486897 7.705132427757894 0
      vertex -6.428346410042007 1.6886558510040302 0
    endloop
  endfacet
  facet normal 0 0 -1
    outer loop
      vertex -6.2251520205026205 1.5410264855515783 0
      vertex -6.374239897486897 7.705132427757894 0
      vertex -6.0420627451571765 1.3690942118573775 0
    endloop
  endfacet
  facet normal 0 0 -1
    outer loop
      vertex -6.2251520205026205 1.5410264855515783 0
      vertex -6.428346410042007 1.6886558510040302 0
      vertex -6.374239897486897 7.705132427757894 0
    endloop
  endfacet
  facet normal 0 0 -1
    outer loop
      vertex -5.881966011250105 1.1755705045849463 0
      vertex -6.0420627451571765 1.3690942118573775 0
      vertex -5.358267949789967 8.44327925502015 0
    endloop
  endfacet
  facet normal 0 0 -1
    outer loop
      vertex -7.125237370828551 1.9645745014573774 0
      vertex -7.289686274214117 6.845471059286885 0
      vertex -6.374239897486897 7.705132427757894 0
    endloop
  endfacet
  facet normal 0 0 -1
    outer loop
      vertex -6.0420627451571765 1.3690942118573775 0
      vertex -6.374239897486897 7.705132427757894 0
      vertex -5.358267949789967 8.44327925502015 0
    endloop
  endfacet
  facet normal 0 0 -1
    outer loop
      vertex -5.358267949789967 -8.44327925502015 0
      vertex -5.5 0 0
      vertex -4.257792915650727 9.048270524660195 0
    endloop
  endfacet
  facet normal 0 0 -1
    outer loop
      vertex -4.257792915650724 -9.048270524660197 0
      vertex -3.090169943749474 9.510565162951535 0
      vertex -3.55 0 0
    endloop
  endfacet
  facet normal 0 0 -1
    outer loop
      vertex -5.747386639912273 0.9635073482034306 0
      vertex -5.881966011250105 1.1755705045849463 0
      vertex -5.358267949789967 8.44327925502015 0
    endloop
  endfacet
  facet normal 0 0 -1
    outer loop
      vertex -4.257792915650727 9.048270524660195 0
      vertex -5.5 0 0
      vertex -5.515770597371044 0.2506664671286085 0
    endloop
  endfacet
  facet normal 0 0 -1
    outer loop
      vertex -4.257792915650727 9.048270524660195 0
      vertex -5.562833677742738 0.4973797743297096 0
      vertex -5.640447028223497 0.736249105369356 0
    endloop
  endfacet
  facet normal 0 0 -1
    outer loop
      vertex -4.257792915650727 9.048270524660195 0
      vertex -5.515770597371044 0.2506664671286085 0
      vertex -5.562833677742738 0.4973797743297096 0
    endloop
  endfacet
  facet normal 0 0 -1
    outer loop
      vertex -5.747386639912273 0.9635073482034306 0
      vertex -4.257792915650727 9.048270524660195 0
      vertex -5.640447028223497 0.736249105369356 0
    endloop
  endfacet
  facet normal 0 0 -1
    outer loop
      vertex -5.358267949789967 -8.44327925502015 0
      vertex -4.257792915650727 9.048270524660195 0
      vertex -3.090169943749474 9.510565162951535 0
    endloop
  endfacet
  facet normal 0 0 -1
    outer loop
      vertex -3.090169943749474 9.510565162951535 0
      vertex -3.5220071896663963 0.4449329791532794 0
      vertex -3.55 0 0
    endloop
  endfacet
  facet normal 0 0 -1
    outer loop
      vertex -3.090169943749474 9.510565162951535 0
      vertex -3.4384702220066403 0.8828490994352347 0
      vertex -3.5220071896663963 0.4449329791532794 0
    endloop
  endfacet
  facet normal 0 0 -1
    outer loop
      vertex -3.090169943749474 9.510565162951535 0
      vertex -3.3007065249032923 1.3068421620306063 0
      vertex -3.4384702220066403 0.8828490994352347 0
    endloop
  endfacet
  facet normal 0 0 -1
    outer loop
      vertex -3.090169943749474 9.510565162951535 0
      vertex -3.110888714155715 1.7102255430610895 0
      vertex -3.3007065249032923 1.3068421620306063 0
    endloop
  endfacet
  facet normal 0 0 -1
    outer loop
      vertex -3.090169943749474 9.510565162951535 0
      vertex -2.8720103300310633 2.0866376456382794 0
      vertex -3.110888714155715 1.7102255430610895 0
    endloop
  endfacet
  facet normal 0 0 -1
    outer loop
      vertex -2.8720103300310633 2.0866376456382794 0
      vertex -1.8738131458572458 9.822872507286887 0
      vertex -2.5878386273460112 2.430142226046844 0
    endloop
  endfacet
  facet normal 0 0 -1
    outer loop
      vertex -1.8738131458572458 9.822872507286887 0
      vertex -2.262855163607848 2.735322011854052 0
      vertex -2.5878386273460112 2.430142226046844 0
    endloop
  endfacet
  facet normal 0 0 -1
    outer loop
      vertex -2.262855163607848 2.735322011854052 0
      vertex -1.8738131458572458 9.822872507286887 0
      vertex -1.9021851221754384 2.9973641355321528 0
    endloop
  endfacet
  facet normal 0 0 -1
    outer loop
      vertex -1.8738131458572458 9.822872507286887 0
      vertex -1.511516485056008 3.212136036254369 0
      vertex -1.9021851221754384 2.9973641355321528 0
    endloop
  endfacet
  facet normal 0 0 -1
    outer loop
      vertex -1.511516485056008 3.212136036254369 0
      vertex -0.6279051952931327 9.980267284282716 0
      vertex -1.0970103300310632 3.376250632847795 0
    endloop
  endfacet
  facet normal 0 0 -1
    outer loop
      vertex -1.0970103300310632 3.376250632847795 0
      vertex -0.6279051952931327 9.980267284282716 0
      vertex -0.6652036667793223 3.487119740086845 0
    endloop
  endfacet
  facet normal 0 0 -1
    outer loop
      vertex -5.747386639912273 0.9635073482034306 0
      vertex -5.358267949789967 8.44327925502015 0
      vertex -4.257792915650727 9.048270524660195 0
    endloop
  endfacet
  facet normal 0 0 -1
    outer loop
      vertex -2.8720103300310633 2.0866376456382794 0
      vertex -3.090169943749474 9.510565162951535 0
      vertex -1.8738131458572458 9.822872507286887 0
    endloop
  endfacet
  facet normal 0 0 -1
    outer loop
      vertex -0.6279051952931327 9.980267284282716 0
      vertex -0.22290634432906217 3.542994885920364 0
      vertex -0.6652036667793223 3.487119740086845 0
    endloop
  endfacet
  facet normal 0 0 -1
    outer loop
      vertex -1.511516485056008 3.212136036254369 0
      vertex -1.8738131458572458 9.822872507286887 0
      vertex -0.6279051952931327 9.980267284282716 0
    endloop
  endfacet
  facet normal 0 0 -1
    outer loop
      vertex -0.22290634432906217 3.542994885920364 0
      vertex -0.6279051952931327 9.980267284282716 0
      vertex 0.6279051952931324 9.980267284282716 0
    endloop
  endfacet
  facet normal 0 0 1
    outer loop
      vertex -11.260501859919323 1.4225322009548511 12
      vertex -10.552963114831654 -4.1782136729710935 12
      vertex -10.993418878809962 2.8226302193211024 12
    endloop
  endfacet
  facet normal 0 0 1
    outer loop
      vertex -9.94608081849785 -5.467904201054469 12
      vertex -10.552963114831654 4.1782136729710935 12
      vertex -10.993418878809962 2.8226302193211024 12
    endloop
  endfacet
  facet normal 0 0 1
    outer loop
      vertex -9.182342886155654 -6.67136261351957 12
      vertex -9.94608081849785 5.467904201054469 12
      vertex -10.552963114831654 4.1782136729710935 12
    endloop
  endfacet
  facet normal 0 0 1
    outer loop
      vertex -9.94608081849785 5.467904201054469 12
      vertex -9.285806462366061 -0.22559982041574733 12
      vertex -9.3 0 12
    endloop
  endfacet
  facet normal 0 0 1
    outer loop
      vertex -9.94608081849785 5.467904201054469 12
      vertex -9.3 0 12
      vertex -9.285806462366061 0.22559982041574733 12
    endloop
  endfacet
  facet normal 0 0 1
    outer loop
      vertex -9.243449690031536 0.4476417968967387 12
      vertex -9.94608081849785 5.467904201054469 12
      vertex -9.285806462366061 0.22559982041574733 12
    endloop
  endfacet
  facet normal 0 0 1
    outer loop
      vertex -9.94608081849785 5.467904201054469 12
      vertex -9.243449690031536 0.4476417968967387 12
      vertex -9.173597674598852 0.6626241948324202 12
    endloop
  endfacet
  facet normal 0 0 1
    outer loop
      vertex -9.94608081849785 5.467904201054469 12
      vertex -9.173597674598852 0.6626241948324202 12
      vertex -9.077352024078955 0.8671566133830877 12
    endloop
  endfacet
  facet normal 0 0 1
    outer loop
      vertex -9.94608081849785 5.467904201054469 12
      vertex -9.077352024078955 0.8671566133830877 12
      vertex -8.956230589874906 1.0580134541264516 12
    endloop
  endfacet
  facet normal 0 0 1
    outer loop
      vertex -9.94608081849785 5.467904201054469 12
      vertex -8.956230589874906 1.0580134541264516 12
      vertex -8.812143529358542 1.2321847906716394 12
    endloop
  endfacet
  facet normal 0 0 1
    outer loop
      vertex -9.94608081849785 5.467904201054469 12
      vertex -8.812143529358542 1.2321847906716394 12
      vertex -8.647363181547641 1.386923836996421 12
    endloop
  endfacet
  facet normal 0 0 1
    outer loop
      vertex -9.182342886155654 6.67136261351957 12
      vertex -8.647363181547641 1.386923836996421 12
      vertex -8.464488230962194 1.5197902659036269 12
    endloop
  endfacet
  facet normal 0 0 1
    outer loop
      vertex -8.26640272481713 1.628688694438835 12
      vertex -9.182342886155654 6.67136261351957 12
      vertex -8.464488230962194 1.5197902659036269 12
    endloop
  endfacet
  facet normal 0 0 1
    outer loop
      vertex -9.94608081849785 5.467904201054469 12
      vertex -8.647363181547641 1.386923836996421 12
      vertex -9.182342886155654 6.67136261351957 12
    endloop
  endfacet
  facet normal 0 0 1
    outer loop
      vertex -9.182342886155654 6.67136261351957 12
      vertex -8.26640272481713 1.628688694438835 12
      vertex -8.056230589874906 1.7119017293312764 12
    endloop
  endfacet
  facet normal 0 0 1
    outer loop
      vertex -9.182342886155654 6.67136261351957 12
      vertex -8.056230589874906 1.7119017293312764 12
      vertex -7.837286366254304 1.7681170513116398 12
    endloop
  endfacet
  facet normal 0 0 1
    outer loop
      vertex -9.182342886155654 6.67136261351957 12
      vertex -7.837286366254304 1.7681170513116398 12
      vertex -7.613022935152764 1.7964481111708888 12
    endloop
  endfacet
  facet normal 0 0 1
    outer loop
      vertex -8.273793921233022 7.769609652290614 12
      vertex -7.613022935152764 1.7964481111708888 12
      vertex -7.386977064847236 1.7964481111708888 12
    endloop
  endfacet
  facet normal 0 0 1
    outer loop
      vertex -8.273793921233022 7.769609652290614 12
      vertex -7.386977064847236 1.7964481111708888 12
      vertex -7.162713633745696 1.7681170513116398 12
    endloop
  endfacet
  facet normal 0 0 1
    outer loop
      vertex -8.273793921233022 7.769609652290614 12
      vertex -7.162713633745696 1.7681170513116398 12
      vertex -6.943769410125094 1.7119017293312764 12
    endloop
  endfacet
  facet normal 0 0 1
    outer loop
      vertex -8.273793921233022 7.769609652290614 12
      vertex -6.943769410125094 1.7119017293312764 12
      vertex -6.733597275182869 1.628688694438835 12
    endloop
  endfacet
  facet normal 0 0 1
    outer loop
      vertex -8.273793921233022 7.769609652290614 12
      vertex -6.733597275182869 1.628688694438835 12
      vertex -6.5355117690378055 1.519790265903627 12
    endloop
  endfacet
  facet normal 0 0 1
    outer loop
      vertex -9.182342886155654 6.67136261351957 12
      vertex -7.613022935152764 1.7964481111708888 12
      vertex -8.273793921233022 7.769609652290614 12
    endloop
  endfacet
  facet normal 0 0 1
    outer loop
      vertex -6.352636818452359 1.3869238369964205 12
      vertex -7.234762283647627 8.74532530550521 12
      vertex -6.5355117690378055 1.519790265903627 12
    endloop
  endfacet
  facet normal 0 0 1
    outer loop
      vertex -7.234762283647627 8.74532530550521 12
      vertex -6.352636818452359 1.3869238369964205 12
      vertex -6.187856470641459 1.2321847906716397 12
    endloop
  endfacet
  facet normal 0 0 1
    outer loop
      vertex -7.234762283647627 8.74532530550521 12
      vertex -6.187856470641459 1.2321847906716397 12
      vertex -6.043769410125094 1.0580134541264516 12
    endloop
  endfacet
  facet normal 0 0 1
    outer loop
      vertex -7.234762283647627 8.74532530550521 12
      vertex -6.043769410125094 1.0580134541264516 12
      vertex -5.922647975921046 0.8671566133830876 12
    endloop
  endfacet
  facet normal 0 0 1
    outer loop
      vertex -7.234762283647627 8.74532530550521 12
      vertex -5.922647975921046 0.8671566133830876 12
      vertex -5.826402325401148 0.6626241948324204 12
    endloop
  endfacet
  facet normal 0 0 1
    outer loop
      vertex -6.0816341230116135 9.58312195444787 12
      vertex -5.71419353763394 0.22559982041574766 12
      vertex -5.7 0 12
    endloop
  endfacet
  facet normal 0 0 1
    outer loop
      vertex -6.0816341230116135 9.58312195444787 12
      vertex -5.756550309968464 0.44764179689673866 12
      vertex -5.71419353763394 0.22559982041574766 12
    endloop
  endfacet
  facet normal 0 0 1
    outer loop
      vertex -6.0816341230116135 9.58312195444787 12
      vertex -5.826402325401148 0.6626241948324204 12
      vertex -5.756550309968464 0.44764179689673866 12
    endloop
  endfacet
  facet normal 0 0 1
    outer loop
      vertex -8.273793921233022 7.769609652290614 12
      vertex -6.5355117690378055 1.519790265903627 12
      vertex -7.234762283647627 8.74532530550521 12
    endloop
  endfacet
  facet normal 0 0 1
    outer loop
      vertex -5.826402325401148 0.6626241948324204 12
      vertex -6.0816341230116135 9.58312195444787 12
      vertex -7.234762283647627 8.74532530550521 12
    endloop
  endfacet
  facet normal 0 0 1
    outer loop
      vertex -6.0816341230116135 9.58312195444787 12
      vertex -3.507342886155653 -10.794491459949992 12
      vertex -4.8325949592635755 10.26978704548932 12
    endloop
  endfacet
  facet normal 0 0 1
    outer loop
      vertex -4.8325949592635755 10.26978704548932 12
      vertex -2.5 -1.5 12
      vertex -2.5 1.5 12
    endloop
  endfacet
  facet normal 0 0 1
    outer loop
      vertex -4.8325949592635755 10.26978704548932 12
      vertex -2.5 1.5 12
      vertex -1.5 1.5 12
    endloop
  endfacet
  facet normal 0 0 1
    outer loop
      vertex -1.5 1.5 12
      vertex -1.5 2.5 12
      vertex -3.507342886155653 10.794491459949992 12
    endloop
  endfacet
  facet normal 0 0 1
    outer loop
      vertex 1.5 2.5 12
      vertex -2.126777920547974 11.148960295770616 12
      vertex -1.5 2.5 12
    endloop
  endfacet
  facet normal 0 0 1
    outer loop
      vertex -4.8325949592635755 10.26978704548932 12
      vertex -1.5 1.5 12
      vertex -3.507342886155653 10.794491459949992 12
    endloop
  endfacet
  facet normal 0 0 1
    outer loop
      vertex -3.507342886155653 10.794491459949992 12
      vertex -1.5 2.5 12
      vertex -2.126777920547974 11.148960295770616 12
    endloop
  endfacet
  facet normal 0 0 1
    outer loop
      vertex -2.126777920547974 11.148960295770616 12
      vertex 1.5 2.5 12
      vertex -0.7126723966577055 11.327603367660881 12
    endloop
  endfacet
  facet normal 0 0 -1
    outer loop
      vertex -0.6279051952931383 -9.980267284282716 0
      vertex 0.2229063443290639 -3.542994885920364 0
      vertex 0.6279051952931376 -9.980267284282716 0
    endloop
  endfacet
  facet normal 0 0 -1
    outer loop
      vertex 1.511516485056007 -3.2121360362543694 0
      vertex 1.8738131458572482 -9.822872507286887 0
      vertex 0.6279051952931376 -9.980267284282716 0
    endloop
  endfacet
  facet normal 0 0 -1
    outer loop
      vertex 0.6279051952931376 -9.980267284282716 0
      vertex 0.2229063443290639 -3.542994885920364 0
      vertex 0.6652036667793232 -3.4871197400868446 0
    endloop
  endfacet
  facet normal 0 0 -1
    outer loop
      vertex 2.8720103300310633 -2.0866376456382794 0
      vertex 3.090169943749474 -9.510565162951535 0
      vertex 1.8738131458572482 -9.822872507286887 0
    endloop
  endfacet
  facet normal 0 0 -1
    outer loop
      vertex 2.8720103300310633 -2.0866376456382794 0
      vertex 4.257792915650724 -9.048270524660197 0
      vertex 3.090169943749474 -9.510565162951535 0
    endloop
  endfacet
  facet normal 0 0 -1
    outer loop
      vertex 4.257792915650724 -9.048270524660197 0
      vertex 5.747386639912273 -0.9635073482034308 0
      vertex 5.358267949789962 -8.443279255020153 0
    endloop
  endfacet
  facet normal 0 0 -1
    outer loop
      vertex 0.6279051952931376 -9.980267284282716 0
      vertex 0.6652036667793232 -3.4871197400868446 0
      vertex 1.0970103300310632 -3.376250632847795 0
    endloop
  endfacet
  facet normal 0 0 -1
    outer loop
      vertex 0.6279051952931376 -9.980267284282716 0
      vertex 1.0970103300310632 -3.376250632847795 0
      vertex 1.511516485056007 -3.2121360362543694 0
    endloop
  endfacet
  facet normal 0 0 -1
    outer loop
      vertex 1.8738131458572482 -9.822872507286887 0
      vertex 1.511516485056007 -3.2121360362543694 0
      vertex 1.9021851221754364 -2.997364135532154 0
    endloop
  endfacet
  facet normal 0 0 -1
    outer loop
      vertex 1.8738131458572482 -9.822872507286887 0
      vertex 1.9021851221754364 -2.997364135532154 0
      vertex 2.262855163607849 -2.735322011854051 0
    endloop
  endfacet
  facet normal 0 0 -1
    outer loop
      vertex 1.8738131458572482 -9.822872507286887 0
      vertex 2.262855163607849 -2.735322011854051 0
      vertex 2.5878386273460112 -2.430142226046844 0
    endloop
  endfacet
  facet normal 0 0 -1
    outer loop
      vertex 1.8738131458572482 -9.822872507286887 0
      vertex 2.5878386273460112 -2.430142226046844 0
      vertex 2.8720103300310633 -2.0866376456382794 0
    endloop
  endfacet
  facet normal 0 0 -1
    outer loop
      vertex 4.257792915650724 -9.048270524660197 0
      vertex 2.8720103300310633 -2.0866376456382794 0
      vertex 3.110888714155715 -1.7102255430610895 0
    endloop
  endfacet
  facet normal 0 0 -1
    outer loop
      vertex 4.257792915650724 -9.048270524660197 0
      vertex 3.110888714155715 -1.7102255430610895 0
      vertex 3.300706524903292 -1.306842162030608 0
    endloop
  endfacet
  facet normal 0 0 -1
    outer loop
      vertex 4.257792915650724 -9.048270524660197 0
      vertex 3.300706524903292 -1.306842162030608 0
      vertex 3.4384702220066408 -0.8828490994352332 0
    endloop
  endfacet
  facet normal 0 0 -1
    outer loop
      vertex 4.257792915650724 -9.048270524660197 0
      vertex 3.4384702220066408 -0.8828490994352332 0
      vertex 3.5220071896663963 -0.4449329791532794 0
    endloop
  endfacet
  facet normal 0 0 -1
    outer loop
      vertex 4.257792915650724 -9.048270524660197 0
      vertex 3.5220071896663963 -0.4449329791532794 0
      vertex 3.55 0 0
    endloop
  endfacet
  facet normal 0 0 -1
    outer loop
      vertex 5.747386639912273 -0.9635073482034308 0
      vertex 4.257792915650724 -9.048270524660197 0
      vertex 5.640447028223497 -0.7362491053693557 0
    endloop
  endfacet
  facet normal 0 0 -1
    outer loop
      vertex 4.257792915650724 -9.048270524660197 0
      vertex 5.515770597371044 -0.25066646712860813 0
      vertex 5.562833677742738 -0.4973797743297097 0
    endloop
  endfacet
  facet normal 0 0 -1
    outer loop
      vertex 4.257792915650724 -9.048270524660197 0
      vertex 5.562833677742738 -0.4973797743297097 0
      vertex 5.640447028223497 -0.7362491053693557 0
    endloop
  endfacet
  facet normal 0 0 -1
    outer loop
      vertex 4.257792915650724 -9.048270524660197 0
      vertex 5.5 0 0
      vertex 5.515770597371044 -0.25066646712860813 0
    endloop
  endfacet
  facet normal 0 0 -1
    outer loop
      vertex 5.358267949789962 -8.443279255020153 0
      vertex 5.747386639912273 -0.9635073482034308 0
      vertex 5.881966011250105 -1.1755705045849463 0
    endloop
  endfacet
  facet normal 0 0 -1
    outer loop
      vertex 4.257792915650724 -9.048270524660197 0
      vertex 5.358267949789966 8.443279255020151 0
      vertex 5.5 0 0
    endloop
  endfacet
  facet normal 0 0 -1
    outer loop
      vertex 5.358267949789962 -8.443279255020153 0
      vertex 6.0420627451571765 -1.369094211857377 0
      vertex 6.3742398974869 -7.70513242775789 0
    endloop
  endfacet
  facet normal 0 0 -1
    outer loop
      vertex 7.12523737082855 -1.9645745014573772 0
      vertex 7.289686274214117 -6.845471059286885 0
      vertex 6.3742398974869 -7.70513242775789 0
    endloop
  endfacet
  facet normal 0 0 -1
    outer loop
      vertex 5.358267949789962 -8.443279255020153 0
      vertex 5.881966011250105 -1.1755705045849463 0
      vertex 6.0420627451571765 -1.369094211857377 0
    endloop
  endfacet
  facet normal 0 0 -1
    outer loop
      vertex 6.3742398974869 -7.70513242775789 0
      vertex 6.2251520205026205 -1.5410264855515787 0
      vertex 6.428346410042007 -1.68865585100403 0
    endloop
  endfacet
  facet normal 0 0 -1
    outer loop
      vertex 6.3742398974869 -7.70513242775789 0
      vertex 6.0420627451571765 -1.369094211857377 0
      vertex 6.2251520205026205 -1.5410264855515787 0
    endloop
  endfacet
  facet normal 0 0 -1
    outer loop
      vertex 6.3742398974869 -7.70513242775789 0
      vertex 6.428346410042007 -1.68865585100403 0
      vertex 6.648441416869855 -1.8096541049320392 0
    endloop
  endfacet
  facet normal 0 0 -1
    outer loop
      vertex 6.3742398974869 -7.70513242775789 0
      vertex 6.648441416869855 -1.8096541049320392 0
      vertex 6.881966011250105 -1.902113032590307 0
    endloop
  endfacet
  facet normal 0 0 -1
    outer loop
      vertex 6.3742398974869 -7.70513242775789 0
      vertex 6.881966011250105 -1.902113032590307 0
      vertex 7.12523737082855 -1.9645745014573772 0
    endloop
  endfacet
  facet normal 0 0 -1
    outer loop
      vertex 7.289686274214117 -6.845471059286885 0
      vertex 8.118033988749895 -1.902113032590307 0
      vertex 8.090169943749475 -5.877852522924732 0
    endloop
  endfacet
  facet normal 0 0 -1
    outer loop
      vertex 7.289686274214117 -6.845471059286885 0
      vertex 7.12523737082855 -1.9645745014573772 0
      vertex 7.374418960941372 -1.9960534568565431 0
    endloop
  endfacet
  facet normal 0 0 -1
    outer loop
      vertex 7.289686274214117 -6.845471059286885 0
      vertex 7.374418960941372 -1.9960534568565431 0
      vertex 7.625581039058628 -1.9960534568565431 0
    endloop
  endfacet
  facet normal 0 0 -1
    outer loop
      vertex 7.289686274214117 -6.845471059286885 0
      vertex 7.625581039058628 -1.9960534568565431 0
      vertex 7.87476262917145 -1.9645745014573772 0
    endloop
  endfacet
  facet normal 0 0 -1
    outer loop
      vertex 7.289686274214117 -6.845471059286885 0
      vertex 7.87476262917145 -1.9645745014573772 0
      vertex 8.118033988749895 -1.902113032590307 0
    endloop
  endfacet
  facet normal 0 0 -1
    outer loop
      vertex 8.090169943749475 -5.877852522924732 0
      vertex 8.118033988749895 -1.902113032590307 0
      vertex 8.351558583130146 -1.8096541049320392 0
    endloop
  endfacet
  facet normal 0 0 -1
    outer loop
      vertex 8.090169943749475 -5.877852522924732 0
      vertex 8.351558583130146 -1.8096541049320392 0
      vertex 8.571653589957993 -1.6886558510040306 0
    endloop
  endfacet
  facet normal 0 0 -1
    outer loop
      vertex 8.090169943749475 -5.877852522924732 0
      vertex 8.571653589957993 -1.6886558510040306 0
      vertex 8.77484797949738 -1.541026485551578 0
    endloop
  endfacet
  facet normal 0 0 -1
    outer loop
      vertex 8.763066800438635 -4.817536741017154 0
      vertex 8.090169943749475 -5.877852522924732 0
      vertex 8.77484797949738 -1.541026485551578 0
    endloop
  endfacet
  facet normal 0 0 -1
    outer loop
      vertex 9.252613360087727 -0.9635073482034308 0
      vertex 9.297764858882513 -3.6812455268467836 0
      vertex 8.763066800438635 -4.817536741017154 0
    endloop
  endfacet
  facet normal 0 0 -1
    outer loop
      vertex 8.763066800438635 -4.817536741017154 0
      vertex 8.77484797949738 -1.541026485551578 0
      vertex 8.957937254842824 -1.369094211857377 0
    endloop
  endfacet
  facet normal 0 0 -1
    outer loop
      vertex 8.763066800438635 -4.817536741017154 0
      vertex 8.957937254842824 -1.369094211857377 0
      vertex 9.118033988749895 -1.1755705045849463 0
    endloop
  endfacet
  facet normal 0 0 -1
    outer loop
      vertex 8.763066800438635 -4.817536741017154 0
      vertex 9.118033988749895 -1.1755705045849463 0
      vertex 9.252613360087727 -0.9635073482034308 0
    endloop
  endfacet
  facet normal 0 0 -1
    outer loop
      vertex 9.252613360087727 -0.9635073482034308 0
      vertex 9.685831611286313 -2.4868988716485445 0
      vertex 9.297764858882513 -3.6812455268467836 0
    endloop
  endfacet
  facet normal 0 0 -1
    outer loop
      vertex 9.685831611286313 -2.4868988716485445 0
      vertex 9.252613360087727 -0.9635073482034308 0
      vertex 9.359552971776502 -0.7362491053693567 0
    endloop
  endfacet
  facet normal 0 0 -1
    outer loop
      vertex 9.685831611286313 -2.4868988716485445 0
      vertex 9.359552971776502 -0.7362491053693567 0
      vertex 9.437166322257262 -0.49737977432970887 0
    endloop
  endfacet
  facet normal 0 0 -1
    outer loop
      vertex 9.685831611286313 -2.4868988716485445 0
      vertex 9.437166322257262 -0.49737977432970887 0
      vertex 9.484229402628955 -0.25066646712860813 0
    endloop
  endfacet
  facet normal 0 0 -1
    outer loop
      vertex 9.685831611286313 -2.4868988716485445 0
      vertex 9.484229402628955 -0.25066646712860813 0
      vertex 9.5 0 0
    endloop
  endfacet
  facet normal 0 0 -1
    outer loop
      vertex 9.685831611286313 -2.4868988716485445 0
      vertex 9.5 0 0
      vertex 9.484229402628955 0.2506664671286085 0
    endloop
  endfacet
  facet normal 0 0 -1
    outer loop
      vertex 9.685831611286313 -2.4868988716485445 0
      vertex 9.921147013144779 1.2533323356430426 0
      vertex 9.921147013144779 -1.2533323356430406 0
    endloop
  endfacet
  facet normal 0 0 -1
    outer loop
      vertex 9.685831611286313 -2.4868988716485445 0
      vertex 9.484229402628955 0.2506664671286085 0
      vertex 9.921147013144779 1.2533323356430426 0
    endloop
  endfacet
  facet normal 0 0 1
    outer loop
      vertex 0.7126723966577114 -11.327603367660881 12
      vertex 2.1267779205479767 -11.148960295770616 12
      vertex -1.5 -2.5 12
    endloop
  endfacet
  facet normal 0 0 1
    outer loop
      vertex 3.507342886155653 -10.794491459949992 12
      vertex 1.5 -2.5 12
      vertex 2.1267779205479767 -11.148960295770616 12
    endloop
  endfacet
  facet normal 0 0 1
    outer loop
      vertex 4.832594959263572 -10.269787045489322 12
      vertex 1.5 -1.5 12
      vertex 3.507342886155653 -10.794491459949992 12
    endloop
  endfacet
  facet normal 0 0 1
    outer loop
      vertex -1.5 -2.5 12
      vertex 2.1267779205479767 -11.148960295770616 12
      vertex 1.5 -2.5 12
    endloop
  endfacet
  facet normal 0 0 1
    outer loop
      vertex 3.507342886155653 -10.794491459949992 12
      vertex 1.5 -1.5 12
      vertex 1.5 -2.5 12
    endloop
  endfacet
  facet normal 0 0 1
    outer loop
      vertex 4.832594959263572 -10.269787045489322 12
      vertex 2.5 -1.5 12
      vertex 1.5 -1.5 12
    endloop
  endfacet
  facet normal 0 0 1
    outer loop
      vertex 4.832594959263572 -10.269787045489322 12
      vertex 2.5 1.5 12
      vertex 2.5 -1.5 12
    endloop
  endfacet
  facet normal 0 0 1
    outer loop
      vertex 6.081634123011606 -9.583121954447874 12
      vertex 3.507342886155653 10.794491459949992 12
      vertex 4.832594959263572 -10.269787045489322 12
    endloop
  endfacet
  facet normal 0 0 1
    outer loop
      vertex 7.234762283647631 -8.745325305505204 12
      vertex 5.826402325401148 -0.6626241948324202 12
      vertex 6.081634123011606 -9.583121954447874 12
    endloop
  endfacet
  facet normal 0 0 1
    outer loop
      vertex 8.273793921233022 -7.769609652290614 12
      vertex 6.5355117690378055 -1.5197902659036269 12
      vertex 7.234762283647631 -8.745325305505204 12
    endloop
  endfacet
  facet normal 0 0 1
    outer loop
      vertex 6.081634123011606 -9.583121954447874 12
      vertex 5.826402325401148 -0.6626241948324202 12
      vertex 5.756550309968464 -0.4476417968967387 12
    endloop
  endfacet
  facet normal 0 0 1
    outer loop
      vertex 6.081634123011606 -9.583121954447874 12
      vertex 5.756550309968464 -0.4476417968967387 12
      vertex 5.71419353763394 -0.22559982041574733 12
    endloop
  endfacet
  facet normal 0 0 1
    outer loop
      vertex 6.081634123011606 -9.583121954447874 12
      vertex 5.71419353763394 -0.22559982041574733 12
      vertex 5.7 0 12
    endloop
  endfacet
  facet normal 0 0 1
    outer loop
      vertex 7.234762283647631 -8.745325305505204 12
      vertex 5.922647975921046 -0.8671566133830877 12
      vertex 5.826402325401148 -0.6626241948324202 12
    endloop
  endfacet
  facet normal 0 0 1
    outer loop
      vertex 7.234762283647631 -8.745325305505204 12
      vertex 6.043769410125094 -1.0580134541264516 12
      vertex 5.922647975921046 -0.8671566133830877 12
    endloop
  endfacet
  facet normal 0 0 1
    outer loop
      vertex 7.234762283647631 -8.745325305505204 12
      vertex 6.187856470641459 -1.2321847906716394 12
      vertex 6.043769410125094 -1.0580134541264516 12
    endloop
  endfacet
  facet normal 0 0 1
    outer loop
      vertex 7.234762283647631 -8.745325305505204 12
      vertex 6.352636818452359 -1.386923836996421 12
      vertex 6.187856470641459 -1.2321847906716394 12
    endloop
  endfacet
  facet normal 0 0 1
    outer loop
      vertex 6.352636818452359 -1.386923836996421 12
      vertex 7.234762283647631 -8.745325305505204 12
      vertex 6.5355117690378055 -1.5197902659036269 12
    endloop
  endfacet
  facet normal 0 0 1
    outer loop
      vertex 9.182342886155654 -6.67136261351957 12
      vertex 7.613022935152765 -1.7964481111708888 12
      vertex 8.273793921233022 -7.769609652290614 12
    endloop
  endfacet
  facet normal 0 0 1
    outer loop
      vertex 8.273793921233022 -7.769609652290614 12
      vertex 6.73359727518287 -1.6286886944388352 12
      vertex 6.5355117690378055 -1.5197902659036269 12
    endloop
  endfacet
  facet normal 0 0 1
    outer loop
      vertex 8.273793921233022 -7.769609652290614 12
      vertex 6.943769410125094 -1.7119017293312764 12
      vertex 6.73359727518287 -1.6286886944388352 12
    endloop
  endfacet
  facet normal 0 0 1
    outer loop
      vertex 8.273793921233022 -7.769609652290614 12
      vertex 7.162713633745695 -1.7681170513116395 12
      vertex 6.943769410125094 -1.7119017293312764 12
    endloop
  endfacet
  facet normal 0 0 1
    outer loop
      vertex 8.273793921233022 -7.769609652290614 12
      vertex 7.386977064847235 -1.7964481111708888 12
      vertex 7.162713633745695 -1.7681170513116395 12
    endloop
  endfacet
  facet normal 0 0 1
    outer loop
      vertex 8.273793921233022 -7.769609652290614 12
      vertex 7.613022935152765 -1.7964481111708888 12
      vertex 7.386977064847235 -1.7964481111708888 12
    endloop
  endfacet
  facet normal 0 0 1
    outer loop
      vertex 9.182342886155654 -6.67136261351957 12
      vertex 7.837286366254305 -1.7681170513116395 12
      vertex 7.613022935152765 -1.7964481111708888 12
    endloop
  endfacet
  facet normal 0 0 1
    outer loop
      vertex 9.182342886155654 -6.67136261351957 12
      vertex 8.056230589874906 -1.7119017293312764 12
      vertex 7.837286366254305 -1.7681170513116395 12
    endloop
  endfacet
  facet normal 0 0 1
    outer loop
      vertex 9.182342886155654 -6.67136261351957 12
      vertex 8.26640272481713 -1.6286886944388352 12
      vertex 8.056230589874906 -1.7119017293312764 12
    endloop
  endfacet
  facet normal 0 0 1
    outer loop
      vertex 9.94608081849785 -5.467904201054469 12
      vertex 8.647363181547641 -1.3869238369964203 12
      vertex 9.182342886155654 -6.67136261351957 12
    endloop
  endfacet
  facet normal 0 0 1
    outer loop
      vertex 8.26640272481713 -1.6286886944388352 12
      vertex 9.182342886155654 -6.67136261351957 12
      vertex 8.464488230962193 -1.5197902659036275 12
    endloop
  endfacet
  facet normal 0 0 1
    outer loop
      vertex 9.182342886155654 -6.67136261351957 12
      vertex 8.647363181547641 -1.3869238369964203 12
      vertex 8.464488230962193 -1.5197902659036275 12
    endloop
  endfacet
  facet normal 0 0 1
    outer loop
      vertex 9.94608081849785 -5.467904201054469 12
      vertex 8.812143529358542 -1.2321847906716394 12
      vertex 8.647363181547641 -1.3869238369964203 12
    endloop
  endfacet
  facet normal 0 0 1
    outer loop
      vertex 9.94608081849785 -5.467904201054469 12
      vertex 8.956230589874906 -1.0580134541264516 12
      vertex 8.812143529358542 -1.2321847906716394 12
    endloop
  endfacet
  facet normal 0 0 1
    outer loop
      vertex 9.94608081849785 -5.467904201054469 12
      vertex 9.077352024078955 -0.8671566133830877 12
      vertex 8.956230589874906 -1.0580134541264516 12
    endloop
  endfacet
  facet normal 0 0 1
    outer loop
      vertex 9.94608081849785 -5.467904201054469 12
      vertex 9.173597674598852 -0.6626241948324211 12
      vertex 9.077352024078955 -0.8671566133830877 12
    endloop
  endfacet
  facet normal 0 0 1
    outer loop
      vertex 9.94608081849785 -5.467904201054469 12
      vertex 9.243449690031536 -0.447641796896738 12
      vertex 9.173597674598852 -0.6626241948324211 12
    endloop
  endfacet
  facet normal 0 0 1
    outer loop
      vertex 9.243449690031536 -0.447641796896738 12
      vertex 9.94608081849785 -5.467904201054469 12
      vertex 9.285806462366061 -0.22559982041574733 12
    endloop
  endfacet
  facet normal 0 0 1
    outer loop
      vertex 9.94608081849785 -5.467904201054469 12
      vertex 9.3 0 12
      vertex 9.285806462366061 -0.22559982041574733 12
    endloop
  endfacet
  facet normal 0 0 1
    outer loop
      vertex 9.94608081849785 -5.467904201054469 12
      vertex 9.285806462366061 0.22559982041574766 12
      vertex 9.3 0 12
    endloop
  endfacet
  facet normal 0 0 1
    outer loop
      vertex 9.182342886155654 6.67136261351957 12
      vertex 9.94608081849785 -5.467904201054469 12
      vertex 10.552963114831652 -4.1782136729711 12
    endloop
  endfacet
  facet normal 0 0 1
    outer loop
      vertex 9.946080818497851 5.467904201054469 12
      vertex 10.552963114831652 -4.1782136729711 12
      vertex 10.993418878809964 -2.822630219321098 12
    endloop
  endfacet
  facet normal 0 0 1
    outer loop
      vertex 11.260501859919323 -1.4225322009548511 12
      vertex 10.552963114831652 4.178213672971095 12
      vertex 10.993418878809964 -2.822630219321098 12
    endloop
  endfacet
  facet normal 0 0 -1
    outer loop
      vertex 1.8738131458572458 9.822872507286887 0
      vertex 0.6652036667793221 3.487119740086845 0
      vertex 0.22290634432906006 3.542994885920364 0
    endloop
  endfacet
  facet normal 0 0 -1
    outer loop
      vertex 3.090169943749474 9.510565162951535 0
      vertex 1.0970103300310632 3.376250632847795 0
      vertex 0.6652036667793221 3.487119740086845 0
    endloop
  endfacet
  facet normal 0 0 -1
    outer loop
      vertex 3.090169943749474 9.510565162951535 0
      vertex 1.511516485056008 3.212136036254369 0
      vertex 1.0970103300310632 3.376250632847795 0
    endloop
  endfacet
  facet normal 0 0 -1
    outer loop
      vertex 4.257792915650727 9.048270524660195 0
      vertex 2.2628551636078487 2.735322011854051 0
      vertex 1.902185122175438 2.997364135532153 0
    endloop
  endfacet
  facet normal 0 0 -1
    outer loop
      vertex 1.511516485056008 3.212136036254369 0
      vertex 3.090169943749474 9.510565162951535 0
      vertex 1.902185122175438 2.997364135532153 0
    endloop
  endfacet
  facet normal 0 0 -1
    outer loop
      vertex 4.257792915650724 -9.048270524660197 0
      vertex 3.55 0 0
      vertex 4.257792915650727 9.048270524660195 0
    endloop
  endfacet
  facet normal 0 0 -1
    outer loop
      vertex 4.257792915650724 -9.048270524660197 0
      vertex 4.257792915650727 9.048270524660195 0
      vertex 5.358267949789966 8.443279255020151 0
    endloop
  endfacet
  facet normal 0 0 -1
    outer loop
      vertex 4.257792915650727 9.048270524660195 0
      vertex 3.55 0 0
      vertex 3.5220071896663963 0.4449329791532801 0
    endloop
  endfacet
  facet normal 0 0 -1
    outer loop
      vertex 4.257792915650727 9.048270524660195 0
      vertex 3.5220071896663963 0.4449329791532801 0
      vertex 3.4384702220066403 0.8828490994352345 0
    endloop
  endfacet
  facet normal 0 0 -1
    outer loop
      vertex 4.257792915650727 9.048270524660195 0
      vertex 3.4384702220066403 0.8828490994352345 0
      vertex 3.3007065249032923 1.3068421620306068 0
    endloop
  endfacet
  facet normal 0 0 -1
    outer loop
      vertex 4.257792915650727 9.048270524660195 0
      vertex 3.3007065249032923 1.3068421620306068 0
      vertex 3.1108887141557156 1.7102255430610893 0
    endloop
  endfacet
  facet normal 0 0 -1
    outer loop
      vertex 4.257792915650727 9.048270524660195 0
      vertex 2.587838627346011 2.430142226046845 0
      vertex 2.2628551636078487 2.735322011854051 0
    endloop
  endfacet
  facet normal 0 0 -1
    outer loop
      vertex 4.257792915650727 9.048270524660195 0
      vertex 2.8720103300310633 2.0866376456382794 0
      vertex 2.587838627346011 2.430142226046845 0
    endloop
  endfacet
  facet normal 0 0 -1
    outer loop
      vertex 2.8720103300310633 2.0866376456382794 0
      vertex 4.257792915650727 9.048270524660195 0
      vertex 3.1108887141557156 1.7102255430610893 0
    endloop
  endfacet
  facet normal 0 0 -1
    outer loop
      vertex 5.358267949789966 8.443279255020151 0
      vertex 5.515770597371044 0.25066646712860813 0
      vertex 5.5 0 0
    endloop
  endfacet
  facet normal 0 0 -1
    outer loop
      vertex 5.358267949789966 8.443279255020151 0
      vertex 5.562833677742738 0.4973797743297097 0
      vertex 5.515770597371044 0.25066646712860813 0
    endloop
  endfacet
  facet normal 0 0 -1
    outer loop
      vertex 5.358267949789966 8.443279255020151 0
      vertex 5.640447028223497 0.7362491053693557 0
      vertex 5.562833677742738 0.4973797743297097 0
    endloop
  endfacet
  facet normal 0 0 -1
    outer loop
      vertex 5.358267949789966 8.443279255020151 0
      vertex 5.747386639912273 0.9635073482034308 0
      vertex 5.640447028223497 0.7362491053693557 0
    endloop
  endfacet
  facet normal 0 0 -1
    outer loop
      vertex 0.22290634432906006 3.542994885920364 0
      vertex -0.22290634432906217 3.542994885920364 0
      vertex 0.6279051952931324 9.980267284282716 0
    endloop
  endfacet
  facet normal 0 0 -1
    outer loop
      vertex 0.6279051952931324 9.980267284282716 0
      vertex 1.8738131458572458 9.822872507286887 0
      vertex 0.22290634432906006 3.542994885920364 0
    endloop
  endfacet
  facet normal 0 0 -1
    outer loop
      vertex 3.090169943749474 9.510565162951535 0
      vertex 0.6652036667793221 3.487119740086845 0
      vertex 1.8738131458572458 9.822872507286887 0
    endloop
  endfacet
  facet normal 0 0 -1
    outer loop
      vertex 1.902185122175438 2.997364135532153 0
      vertex 3.090169943749474 9.510565162951535 0
      vertex 4.257792915650727 9.048270524660195 0
    endloop
  endfacet
  facet normal 0 0 -1
    outer loop
      vertex 5.747386639912273 0.9635073482034308 0
      vertex 6.3742398974868975 7.705132427757891 0
      vertex 5.881966011250105 1.1755705045849463 0
    endloop
  endfacet
  facet normal 0 0 -1
    outer loop
      vertex 6.3742398974868975 7.705132427757891 0
      vertex 6.0420627451571765 1.369094211857377 0
      vertex 5.881966011250105 1.1755705045849463 0
    endloop
  endfacet
  facet normal 0 0 -1
    outer loop
      vertex 6.3742398974868975 7.705132427757891 0
      vertex 6.2251520205026205 1.5410264855515787 0
      vertex 6.0420627451571765 1.369094211857377 0
    endloop
  endfacet
  facet normal 0 0 -1
    outer loop
      vertex 6.3742398974868975 7.705132427757891 0
      vertex 6.428346410042007 1.68865585100403 0
      vertex 6.2251520205026205 1.5410264855515787 0
    endloop
  endfacet
  facet normal 0 0 -1
    outer loop
      vertex 6.428346410042007 1.68865585100403 0
      vertex 7.289686274214116 6.845471059286887 0
      vertex 6.648441416869854 1.809654104932039 0
    endloop
  endfacet
  facet normal 0 0 -1
    outer loop
      vertex 7.289686274214116 6.845471059286887 0
      vertex 6.428346410042007 1.68865585100403 0
      vertex 6.3742398974868975 7.705132427757891 0
    endloop
  endfacet
  facet normal 0 0 -1
    outer loop
      vertex 8.090169943749475 5.877852522924732 0
      vertex 6.881966011250105 1.902113032590307 0
      vertex 6.648441416869854 1.809654104932039 0
    endloop
  endfacet
  facet normal 0 0 -1
    outer loop
      vertex 8.090169943749475 5.877852522924732 0
      vertex 7.125237370828551 1.9645745014573774 0
      vertex 6.881966011250105 1.902113032590307 0
    endloop
  endfacet
  facet normal 0 0 -1
    outer loop
      vertex 7.125237370828551 1.9645745014573774 0
      vertex 8.090169943749475 5.877852522924732 0
      vertex 7.374418960941373 1.9960534568565431 0
    endloop
  endfacet
  facet normal 0 0 -1
    outer loop
      vertex 8.090169943749475 5.877852522924732 0
      vertex 7.625581039058627 1.9960534568565431 0
      vertex 7.374418960941373 1.9960534568565431 0
    endloop
  endfacet
  facet normal 0 0 -1
    outer loop
      vertex 8.763066800438637 4.817536741017153 0
      vertex 7.874762629171449 1.9645745014573774 0
      vertex 7.625581039058627 1.9960534568565431 0
    endloop
  endfacet
  facet normal 0 0 -1
    outer loop
      vertex 8.763066800438637 4.817536741017153 0
      vertex 8.118033988749895 1.902113032590307 0
      vertex 7.874762629171449 1.9645745014573774 0
    endloop
  endfacet
  facet normal 0 0 -1
    outer loop
      vertex 8.118033988749895 1.902113032590307 0
      vertex 8.763066800438637 4.817536741017153 0
      vertex 8.351558583130146 1.809654104932039 0
    endloop
  endfacet
  facet normal 0 0 -1
    outer loop
      vertex 7.625581039058627 1.9960534568565431 0
      vertex 8.090169943749475 5.877852522924732 0
      vertex 8.763066800438637 4.817536741017153 0
    endloop
  endfacet
  facet normal 0 0 -1
    outer loop
      vertex 8.090169943749475 5.877852522924732 0
      vertex 6.648441416869854 1.809654104932039 0
      vertex 7.289686274214116 6.845471059286887 0
    endloop
  endfacet
  facet normal 0 0 -1
    outer loop
      vertex 9.921147013144779 1.2533323356430426 0
      vertex 9.484229402628955 0.2506664671286085 0
      vertex 9.437166322257262 0.4973797743297096 0
    endloop
  endfacet
  facet normal 0 0 -1
    outer loop
      vertex 9.921147013144779 1.2533323356430426 0
      vertex 9.437166322257262 0.4973797743297096 0
      vertex 9.359552971776502 0.736249105369356 0
    endloop
  endfacet
  facet normal 0 0 -1
    outer loop
      vertex 9.252613360087727 0.9635073482034306 0
      vertex 9.921147013144779 1.2533323356430426 0
      vertex 9.359552971776502 0.736249105369356 0
    endloop
  endfacet
  facet normal 0 0 -1
    outer loop
      vertex 9.68583161128631 2.486898871648548 0
      vertex 8.77484797949738 1.5410264855515783 0
      vertex 8.571653589957993 1.6886558510040302 0
    endloop
  endfacet
  facet normal 0 0 -1
    outer loop
      vertex 9.68583161128631 2.486898871648548 0
      vertex 8.957937254842824 1.3690942118573775 0
      vertex 8.77484797949738 1.5410264855515783 0
    endloop
  endfacet
  facet normal 0 0 -1
    outer loop
      vertex 8.763066800438637 4.817536741017153 0
      vertex 8.571653589957993 1.6886558510040302 0
      vertex 8.351558583130146 1.809654104932039 0
    endloop
  endfacet
  facet normal 0 0 -1
    outer loop
      vertex 8.571653589957993 1.6886558510040302 0
      vertex 9.297764858882513 3.6812455268467796 0
      vertex 9.68583161128631 2.486898871648548 0
    endloop
  endfacet
  facet normal 0 0 -1
    outer loop
      vertex 9.68583161128631 2.486898871648548 0
      vertex 9.252613360087727 0.9635073482034306 0
      vertex 9.118033988749895 1.1755705045849463 0
    endloop
  endfacet
  facet normal 0 0 -1
    outer loop
      vertex 9.68583161128631 2.486898871648548 0
      vertex 9.118033988749895 1.1755705045849463 0
      vertex 8.957937254842824 1.3690942118573775 0
    endloop
  endfacet
  facet normal 0 0 -1
    outer loop
      vertex 9.252613360087727 0.9635073482034306 0
      vertex 9.68583161128631 2.486898871648548 0
      vertex 9.921147013144779 1.2533323356430426 0
    endloop
  endfacet
  facet normal 0 0 -1
    outer loop
      vertex 9.921147013144779 -1.2533323356430406 0
      vertex 9.921147013144779 1.2533323356430426 0
      vertex 10 0 0
    endloop
  endfacet
  facet normal 0 0 -1
    outer loop
      vertex 8.571653589957993 1.6886558510040302 0
      vertex 8.763066800438637 4.817536741017153 0
      vertex 9.297764858882513 3.6812455268467796 0
    endloop
  endfacet
  facet normal 0 0 -1
    outer loop
      vertex 5.747386639912273 0.9635073482034308 0
      vertex 5.358267949789966 8.443279255020151 0
      vertex 6.3742398974868975 7.705132427757891 0
    endloop
  endfacet
  facet normal 0 0 1
    outer loop
      vertex 2.5 1.5 12
      vertex 1.5 2.5 12
      vertex 1.5 1.5 12
    endloop
  endfacet
  facet normal 0 0 1
    outer loop
      vertex 2.5 1.5 12
      vertex 2.1267779205479735 11.148960295770616 12
      vertex 1.5 2.5 12
    endloop
  endfacet
  facet normal 0 0 1
    outer loop
      vertex 4.832594959263572 -10.269787045489322 12
      vertex 2.1267779205479735 11.148960295770616 12
      vertex 2.5 1.5 12
    endloop
  endfacet
  facet normal 0 0 1
    outer loop
      vertex 6.081634123011606 -9.583121954447874 12
      vertex 5.7 0 12
      vertex 4.8325949592635755 10.26978704548932 12
    endloop
  endfacet
  facet normal 0 0 1
    outer loop
      vertex 4.832594959263572 -10.269787045489322 12
      vertex 3.507342886155653 10.794491459949992 12
      vertex 2.1267779205479735 11.148960295770616 12
    endloop
  endfacet
  facet normal 0 0 1
    outer loop
      vertex 6.081634123011606 -9.583121954447874 12
      vertex 4.8325949592635755 10.26978704548932 12
      vertex 3.507342886155653 10.794491459949992 12
    endloop
  endfacet
  facet normal 0 0 1
    outer loop
      vertex 4.8325949592635755 10.26978704548932 12
      vertex 5.7 0 12
      vertex 5.71419353763394 0.22559982041574733 12
    endloop
  endfacet
  facet normal 0 0 1
    outer loop
      vertex 4.8325949592635755 10.26978704548932 12
      vertex 5.71419353763394 0.22559982041574733 12
      vertex 5.756550309968464 0.4476417968967387 12
    endloop
  endfacet
  facet normal 0 0 1
    outer loop
      vertex 5.826402325401148 0.6626241948324202 12
      vertex 4.8325949592635755 10.26978704548932 12
      vertex 5.756550309968464 0.4476417968967387 12
    endloop
  endfacet
  facet normal 0 0 1
    outer loop
      vertex 4.8325949592635755 10.26978704548932 12
      vertex 5.826402325401148 0.6626241948324202 12
      vertex 5.922647975921046 0.8671566133830877 12
    endloop
  endfacet
  facet normal 0 0 1
    outer loop
      vertex 1.5 2.5 12
      vertex 0.7126723966577055 11.327603367660881 12
      vertex -0.7126723966577055 11.327603367660881 12
    endloop
  endfacet
  facet normal 0 0 1
    outer loop
      vertex 1.5 2.5 12
      vertex 2.1267779205479735 11.148960295770616 12
      vertex 0.7126723966577055 11.327603367660881 12
    endloop
  endfacet
  facet normal 0 0 1
    outer loop
      vertex 4.8325949592635755 10.26978704548932 12
      vertex 5.922647975921046 0.8671566133830877 12
      vertex 6.081634123011612 9.58312195444787 12
    endloop
  endfacet
  facet normal 0 0 1
    outer loop
      vertex 6.043769410125094 1.0580134541264516 12
      vertex 6.081634123011612 9.58312195444787 12
      vertex 5.922647975921046 0.8671566133830877 12
    endloop
  endfacet
  facet normal 0 0 1
    outer loop
      vertex 6.043769410125094 1.0580134541264516 12
      vertex 6.187856470641459 1.2321847906716394 12
      vertex 6.081634123011612 9.58312195444787 12
    endloop
  endfacet
  facet normal 0 0 1
    outer loop
      vertex 6.187856470641459 1.2321847906716394 12
      vertex 6.352636818452359 1.386923836996421 12
      vertex 6.081634123011612 9.58312195444787 12
    endloop
  endfacet
  facet normal 0 0 1
    outer loop
      vertex 6.5355117690378055 1.5197902659036269 12
      vertex 6.081634123011612 9.58312195444787 12
      vertex 6.352636818452359 1.386923836996421 12
    endloop
  endfacet
  facet normal 0 0 1
    outer loop
      vertex 6.081634123011612 9.58312195444787 12
      vertex 6.5355117690378055 1.5197902659036269 12
      vertex 6.733597275182869 1.628688694438835 12
    endloop
  endfacet
  facet normal 0 0 1
    outer loop
      vertex 6.081634123011612 9.58312195444787 12
      vertex 6.733597275182869 1.628688694438835 12
      vertex 6.943769410125094 1.7119017293312764 12
    endloop
  endfacet
  facet normal 0 0 1
    outer loop
      vertex 7.162713633745696 1.7681170513116398 12
      vertex 6.081634123011612 9.58312195444787 12
      vertex 6.943769410125094 1.7119017293312764 12
    endloop
  endfacet
  facet normal 0 0 1
    outer loop
      vertex 7.234762283647628 8.745325305505206 12
      vertex 7.162713633745696 1.7681170513116398 12
      vertex 7.386977064847236 1.7964481111708888 12
    endloop
  endfacet
  facet normal 0 0 1
    outer loop
      vertex 7.234762283647628 8.745325305505206 12
      vertex 7.386977064847236 1.7964481111708888 12
      vertex 7.613022935152764 1.7964481111708888 12
    endloop
  endfacet
  facet normal 0 0 1
    outer loop
      vertex 7.837286366254304 1.7681170513116398 12
      vertex 7.234762283647628 8.745325305505206 12
      vertex 7.613022935152764 1.7964481111708888 12
    endloop
  endfacet
  facet normal 0 0 1
    outer loop
      vertex 7.234762283647628 8.745325305505206 12
      vertex 7.837286366254304 1.7681170513116398 12
      vertex 8.056230589874906 1.7119017293312764 12
    endloop
  endfacet
  facet normal 0 0 1
    outer loop
      vertex 8.26640272481713 1.628688694438835 12
      vertex 7.234762283647628 8.745325305505206 12
      vertex 8.056230589874906 1.7119017293312764 12
    endloop
  endfacet
  facet normal 0 0 1
    outer loop
      vertex 8.27379392123302 7.769609652290617 12
      vertex 8.26640272481713 1.628688694438835 12
      vertex 8.464488230962194 1.519790265903627 12
    endloop
  endfacet
  facet normal 0 0 1
    outer loop
      vertex 8.27379392123302 7.769609652290617 12
      vertex 8.464488230962194 1.519790265903627 12
      vertex 8.647363181547641 1.3869238369964205 12
    endloop
  endfacet
  facet normal 0 0 1
    outer loop
      vertex 9.94608081849785 -5.467904201054469 12
      vertex 9.182342886155654 6.67136261351957 12
      vertex 9.285806462366061 0.22559982041574766 12
    endloop
  endfacet
  facet normal 0 0 1
    outer loop
      vertex 9.182342886155654 6.67136261351957 12
      vertex 9.243449690031536 0.44764179689673866 12
      vertex 9.285806462366061 0.22559982041574766 12
    endloop
  endfacet
  facet normal 0 0 1
    outer loop
      vertex 10.552963114831652 -4.1782136729711 12
      vertex 9.946080818497851 5.467904201054469 12
      vertex 9.182342886155654 6.67136261351957 12
    endloop
  endfacet
  facet normal 0 0 1
    outer loop
      vertex 10.993418878809962 2.822630219321102 12
      vertex 11.260501859919323 -1.4225322009548511 12
      vertex 11.35 0 12
    endloop
  endfacet
  facet normal 0 0 1
    outer loop
      vertex 10.993418878809962 2.822630219321102 12
      vertex 11.35 0 12
      vertex 11.260501859919323 1.4225322009548533 12
    endloop
  endfacet
  facet normal 0 0 1
    outer loop
      vertex 9.946080818497851 5.467904201054469 12
      vertex 10.993418878809964 -2.822630219321098 12
      vertex 10.552963114831652 4.178213672971095 12
    endloop
  endfacet
  facet normal 0 0 1
    outer loop
      vertex 11.260501859919323 -1.4225322009548511 12
      vertex 10.993418878809962 2.822630219321102 12
      vertex 10.552963114831652 4.178213672971095 12
    endloop
  endfacet
  facet normal 0 0 1
    outer loop
      vertex 8.27379392123302 7.769609652290617 12
      vertex 9.077352024078955 0.8671566133830876 12
      vertex 9.173597674598852 0.6626241948324204 12
    endloop
  endfacet
  facet normal 0 0 1
    outer loop
      vertex 8.27379392123302 7.769609652290617 12
      vertex 8.81214352935854 1.2321847906716397 12
      vertex 8.956230589874906 1.0580134541264516 12
    endloop
  endfacet
  facet normal 0 0 1
    outer loop
      vertex 8.81214352935854 1.2321847906716397 12
      vertex 8.27379392123302 7.769609652290617 12
      vertex 8.647363181547641 1.3869238369964205 12
    endloop
  endfacet
  facet normal 0 0 1
    outer loop
      vertex 8.27379392123302 7.769609652290617 12
      vertex 8.956230589874906 1.0580134541264516 12
      vertex 9.077352024078955 0.8671566133830876 12
    endloop
  endfacet
  facet normal 0 0 1
    outer loop
      vertex 8.27379392123302 7.769609652290617 12
      vertex 9.173597674598852 0.6626241948324204 12
      vertex 9.243449690031536 0.44764179689673866 12
    endloop
  endfacet
  facet normal 0 0 1
    outer loop
      vertex 8.27379392123302 7.769609652290617 12
      vertex 9.243449690031536 0.44764179689673866 12
      vertex 9.182342886155654 6.67136261351957 12
    endloop
  endfacet
  facet normal 0 0 1
    outer loop
      vertex 7.162713633745696 1.7681170513116398 12
      vertex 7.234762283647628 8.745325305505206 12
      vertex 6.081634123011612 9.58312195444787 12
    endloop
  endfacet
  facet normal 0 0 1
    outer loop
      vertex 8.26640272481713 1.628688694438835 12
      vertex 8.27379392123302 7.769609652290617 12
      vertex 7.234762283647628 8.745325305505206 12
    endloop
  endfacet
endsolid OpenSCAD_Model
