solid OpenSCAD_Model
  facet normal 0 0 -1
    outer loop
      vertex -21.88153340021932 -19.908768370508575 -6
      vertex -21.14484313710706 -20.922735529643443 -6
      vertex -21.545084971874736 -20.438926261462367 -6
    endloop
  endfacet
  facet normal 0 0 -1
    outer loop
      vertex -21.88153340021932 -19.908768370508575 -6
      vertex -22.148882429441258 -19.34062276342339 -6
      vertex -21.14484313710706 -20.922735529643443 -6
    endloop
  endfacet
  facet normal 0 0 -1
    outer loop
      vertex -21.14484313710706 -20.922735529643443 -6
      vertex -19.628896457825363 -22.0241352623301 -6
      vertex -20.687119948743447 -21.352566213878948 -6
    endloop
  endfacet
  facet normal 0 0 -1
    outer loop
      vertex -20.687119948743447 -21.352566213878948 -6
      vertex -19.628896457825363 -22.0241352623301 -6
      vertex -20.179133974894985 -21.721639627510076 -6
    endloop
  endfacet
  facet normal 0 0 -1
    outer loop
      vertex -21.14484313710706 -20.922735529643443 -6
      vertex -22.148882429441258 -19.34062276342339 -6
      vertex -22.5 -17.5 -6
    endloop
  endfacet
  facet normal 0 0 -1
    outer loop
      vertex -22.148882429441258 -19.34062276342339 -6
      vertex -22.342915805643155 -18.743449435824274 -6
      vertex -22.460573506572388 -18.12666616782152 -6
    endloop
  endfacet
  facet normal 0 0 -1
    outer loop
      vertex -22.148882429441258 -19.34062276342339 -6
      vertex -22.460573506572388 -18.12666616782152 -6
      vertex -22.5 -17.5 -6
    endloop
  endfacet
  facet normal 0 0 -1
    outer loop
      vertex -21.14484313710706 -20.922735529643443 -6
      vertex -17.81395259764657 -22.49013364214136 -6
      vertex -19.628896457825363 -22.0241352623301 -6
    endloop
  endfacet
  facet normal 0 0 -1
    outer loop
      vertex -19.628896457825363 -22.0241352623301 -6
      vertex -17.81395259764657 -22.49013364214136 -6
      vertex -19.045084971874736 -22.255282581475768 -6
    endloop
  endfacet
  facet normal 0 0 -1
    outer loop
      vertex -19.045084971874736 -22.255282581475768 -6
      vertex -17.81395259764657 -22.49013364214136 -6
      vertex -18.436906572928624 -22.411436253643444 -6
    endloop
  endfacet
  facet normal 0 0 -1
    outer loop
      vertex -17.81395259764657 -22.49013364214136 -6
      vertex -17.62892004013159 -16.445261022305147 -6
      vertex -17.427050983124843 -16.76335575687742 -6
    endloop
  endfacet
  facet normal 0 0 -1
    outer loop
      vertex -17.81395259764657 -22.49013364214136 -6
      vertex -17.789329457664756 -16.104373658054033 -6
      vertex -17.62892004013159 -16.445261022305147 -6
    endloop
  endfacet
  facet normal 0 0 -1
    outer loop
      vertex -17.81395259764657 -22.49013364214136 -6
      vertex -16.91227196924607 -17.311539728327368 -6
      vertex -16.60748038493699 -17.532983776506043 -6
    endloop
  endfacet
  facet normal 0 0 -1
    outer loop
      vertex -17.81395259764657 -22.49013364214136 -6
      vertex -16.60748038493699 -17.532983776506043 -6
      vertex -16.277337874695217 -17.71448115739806 -6
    endloop
  endfacet
  facet normal 0 0 -1
    outer loop
      vertex -17.81395259764657 -22.49013364214136 -6
      vertex -17.427050983124843 -16.76335575687742 -6
      vertex -17.186905882264234 -17.053641317786067 -6
    endloop
  endfacet
  facet normal 0 0 -1
    outer loop
      vertex -17.81395259764657 -22.49013364214136 -6
      vertex -17.186905882264234 -17.053641317786067 -6
      vertex -16.91227196924607 -17.311539728327368 -6
    endloop
  endfacet
  facet normal 0 0 -1
    outer loop
      vertex -17.81395259764657 -22.49013364214136 -6
      vertex -18 -15 -6
      vertex -17.976344103943433 -15.375999700692912 -6
    endloop
  endfacet
  facet normal 0 0 -1
    outer loop
      vertex -17.81395259764657 -22.49013364214136 -6
      vertex -17.905749483385893 -15.746069661494564 -6
      vertex -17.789329457664756 -16.104373658054033 -6
    endloop
  endfacet
  facet normal 0 0 -1
    outer loop
      vertex -17.81395259764657 -22.49013364214136 -6
      vertex -17.976344103943433 -15.375999700692912 -6
      vertex -17.905749483385893 -15.746069661494564 -6
    endloop
  endfacet
  facet normal 0 0 -1
    outer loop
      vertex -17.81395259764657 -22.49013364214136 -6
      vertex -16.277337874695217 -17.71448115739806 -6
      vertex -15.927050983124841 -17.85316954888546 -6
    endloop
  endfacet
  facet normal 0 0 -1
    outer loop
      vertex -17.81395259764657 -22.49013364214136 -6
      vertex -15.927050983124841 -17.85316954888546 -6
      vertex -15.562143943757174 -17.946861752186066 -6
    endloop
  endfacet
  facet normal 0 0 -1
    outer loop
      vertex -17.81395259764657 -22.49013364214136 -6
      vertex -15.562143943757174 -17.946861752186066 -6
      vertex -15.188371558587942 -17.994080185284815 -6
    endloop
  endfacet
  facet normal 0 0 -1
    outer loop
      vertex -17.81395259764657 -22.49013364214136 -6
      vertex -15.188371558587942 -17.994080185284815 -6
      vertex -14.811628441412058 -17.994080185284815 -6
    endloop
  endfacet
  facet normal 0 0 -1
    outer loop
      vertex -17.81395259764657 -22.49013364214136 -6
      vertex -14.811628441412058 -17.994080185284815 -6
      vertex -14.437856056242826 -17.946861752186066 -6
    endloop
  endfacet
  facet normal 0 0 -1
    outer loop
      vertex -17.81395259764657 -22.49013364214136 -6
      vertex -14.437856056242826 -17.946861752186066 -6
      vertex -14.072949016875159 -17.85316954888546 -6
    endloop
  endfacet
  facet normal 0 0 -1
    outer loop
      vertex -17.81395259764657 -22.49013364214136 -6
      vertex -14.072949016875159 -17.85316954888546 -6
      vertex -13.722662125304783 -17.71448115739806 -6
    endloop
  endfacet
  facet normal 0 0 -1
    outer loop
      vertex -17.81395259764657 -22.49013364214136 -6
      vertex -13.722662125304783 -17.71448115739806 -6
      vertex -13.392519615063012 -17.532983776506047 -6
    endloop
  endfacet
  facet normal 0 0 -1
    outer loop
      vertex -17.81395259764657 -22.49013364214136 -6
      vertex -13.392519615063012 -17.532983776506047 -6
      vertex -13.08772803075393 -17.311539728327368 -6
    endloop
  endfacet
  facet normal 0 0 -1
    outer loop
      vertex -17.81395259764657 -22.49013364214136 -6
      vertex -13.08772803075393 -17.311539728327368 -6
      vertex -12.813094117735766 -17.053641317786067 -6
    endloop
  endfacet
  facet normal 0 0 -1
    outer loop
      vertex -17.81395259764657 -22.49013364214136 -6
      vertex -12.813094117735766 -17.053641317786067 -6
      vertex -3.193344686738043 -6.786202893495147 -6
    endloop
  endfacet
  facet normal -0.9048270524660187 -0.42577929156507455 0
    outer loop
      vertex -21.88153340021932 -19.908768370508575 -6
      vertex -21.88153340021932 -19.908768370508575 6
      vertex -22.148882429441258 -19.34062276342339 -6
    endloop
  endfacet
  facet normal -0.7705132427757907 -0.6374239897486881 0
    outer loop
      vertex -21.545084971874736 -20.438926261462367 -6
      vertex -21.14484313710706 -20.922735529643443 -6
      vertex -21.545084971874736 -20.438926261462367 6
    endloop
  endfacet
  facet normal -0.8443279255020154 -0.5358267949789961 0
    outer loop
      vertex -21.88153340021932 -19.908768370508575 -6
      vertex -21.545084971874736 -20.438926261462367 -6
      vertex -21.545084971874736 -20.438926261462367 6
    endloop
  endfacet
  facet normal -0.48175367410171455 -0.876306680043864 0
    outer loop
      vertex -20.179133974894985 -21.721639627510076 -6
      vertex -19.628896457825363 -22.0241352623301 -6
      vertex -20.179133974894985 -21.721639627510076 6
    endloop
  endfacet
  facet normal -0.5877852522924736 -0.8090169943749471 0
    outer loop
      vertex -20.687119948743447 -21.352566213878948 -6
      vertex -20.179133974894985 -21.721639627510076 -6
      vertex -20.179133974894985 -21.721639627510076 6
    endloop
  endfacet
  facet normal -0.6845471059286876 -0.7289686274214126 0
    outer loop
      vertex -21.14484313710706 -20.922735529643443 -6
      vertex -20.687119948743447 -21.352566213878948 -6
      vertex -21.14484313710706 -20.922735529643443 6
    endloop
  endfacet
  facet normal -0.9510565162951541 -0.30901699437494573 0
    outer loop
      vertex -22.148882429441258 -19.34062276342339 -6
      vertex -22.342915805643155 -18.743449435824274 6
      vertex -22.342915805643155 -18.743449435824274 -6
    endloop
  endfacet
  facet normal -0.9822872507286892 -0.18738131458572183 0
    outer loop
      vertex -22.342915805643155 -18.743449435824274 -6
      vertex -22.342915805643155 -18.743449435824274 6
      vertex -22.460573506572388 -18.12666616782152 -6
    endloop
  endfacet
  facet normal -0.9980267284282714 -0.06279051952931593 0
    outer loop
      vertex -22.460573506572388 -18.12666616782152 -6
      vertex -22.460573506572388 -18.12666616782152 6
      vertex -22.5 -17.5 -6
    endloop
  endfacet
  facet normal -0.3681245526846774 -0.9297764858882517 0
    outer loop
      vertex -19.628896457825363 -22.0241352623301 -6
      vertex -19.045084971874736 -22.255282581475768 -6
      vertex -19.628896457825363 -22.0241352623301 6
    endloop
  endfacet
  facet normal -0.24868988716485604 -0.9685831611286309 0
    outer loop
      vertex -19.045084971874736 -22.255282581475768 -6
      vertex -18.436906572928624 -22.411436253643444 -6
      vertex -18.436906572928624 -22.411436253643444 6
    endloop
  endfacet
  facet normal -0.12533323356430504 -0.9921147013144777 0
    outer loop
      vertex -18.436906572928624 -22.411436253643444 -6
      vertex -17.81395259764657 -22.49013364214136 -6
      vertex -17.81395259764657 -22.49013364214136 6
    endloop
  endfacet
  facet normal 0 0 -1
    outer loop
      vertex -21.14484313710706 -20.922735529643443 -6
      vertex -22.5 -17.5 -6
      vertex -22.5 17.5 -6
    endloop
  endfacet
  facet normal 0 0 -1
    outer loop
      vertex -21.14484313710706 -20.922735529643443 -6
      vertex -21.14484313710706 20.922735529643443 -6
      vertex -17.81395259764657 -22.49013364214136 -6
    endloop
  endfacet
  facet normal 0 0 -1
    outer loop
      vertex -18 -15 -6
      vertex -17.4 0 -6
      vertex -17.976344103943433 -14.624000299307088 -6
    endloop
  endfacet
  facet normal 0 0 -1
    outer loop
      vertex -17.976344103943433 -14.624000299307088 -6
      vertex -17.4 0 -6
      vertex -17.905749483385893 -14.253930338505436 -6
    endloop
  endfacet
  facet normal 0 0 -1
    outer loop
      vertex -17.905749483385893 -14.253930338505436 -6
      vertex -17.381075283154747 -0.3007997605543297 -6
      vertex -17.789329457664756 -13.895626341945967 -6
    endloop
  endfacet
  facet normal 0 0 -1
    outer loop
      vertex -17.789329457664756 -13.895626341945967 -6
      vertex -17.231463566131804 -0.8834989264432268 -6
      vertex -17.62892004013159 -13.554738977694853 -6
    endloop
  endfacet
  facet normal 0 0 -1
    outer loop
      vertex -17.62892004013159 -13.554738977694853 -6
      vertex -17.103136032105272 -1.1562088178441168 -6
      vertex -17.427050983124843 -13.23664424312258 -6
    endloop
  endfacet
  facet normal 0 0 -1
    outer loop
      vertex -17.427050983124843 -13.23664424312258 -6
      vertex -16.941640786499875 -1.4106846055019355 -6
      vertex -17.186905882264234 -12.946358682213933 -6
    endloop
  endfacet
  facet normal 0 0 -1
    outer loop
      vertex -16.91227196924607 -12.688460271672632 -6
      vertex -17.186905882264234 -12.946358682213933 -6
      vertex -16.74952470581139 -1.6429130542288524 -6
    endloop
  endfacet
  facet normal 0 0 -1
    outer loop
      vertex -17.81395259764657 -22.49013364214136 -6
      vertex -21.14484313710706 20.922735529643443 -6
      vertex -18 -15 -6
    endloop
  endfacet
  facet normal 0 0 -1
    outer loop
      vertex -17.789329457664756 -13.895626341945967 -6
      vertex -17.324599586708715 -0.5968557291956517 -6
      vertex -17.231463566131804 -0.8834989264432268 -6
    endloop
  endfacet
  facet normal 0 0 -1
    outer loop
      vertex -17.324599586708715 -0.5968557291956517 -6
      vertex -17.789329457664756 -13.895626341945967 -6
      vertex -17.381075283154747 -0.3007997605543297 -6
    endloop
  endfacet
  facet normal 0 0 -1
    outer loop
      vertex -17.62892004013159 -13.554738977694853 -6
      vertex -17.231463566131804 -0.8834989264432268 -6
      vertex -17.103136032105272 -1.1562088178441168 -6
    endloop
  endfacet
  facet normal 0 0 -1
    outer loop
      vertex -17.186905882264234 -12.946358682213933 -6
      vertex -16.941640786499875 -1.4106846055019355 -6
      vertex -16.74952470581139 -1.6429130542288524 -6
    endloop
  endfacet
  facet normal 0 0 -1
    outer loop
      vertex -17.427050983124843 -13.23664424312258 -6
      vertex -17.103136032105272 -1.1562088178441168 -6
      vertex -16.941640786499875 -1.4106846055019355 -6
    endloop
  endfacet
  facet normal 0 0 -1
    outer loop
      vertex -17.381075283154747 -0.3007997605543297 -6
      vertex -17.905749483385893 -14.253930338505436 -6
      vertex -17.4 0 -6
    endloop
  endfacet
  facet normal 0 0 -1
    outer loop
      vertex -16.60748038493699 -12.467016223493955 -6
      vertex -16.91227196924607 -12.688460271672632 -6
      vertex -16.529817575396855 -1.8492317826618945 -6
    endloop
  endfacet
  facet normal 0 0 -1
    outer loop
      vertex -16.277337874695217 -12.285518842601942 -6
      vertex -16.60748038493699 -12.467016223493955 -6
      vertex -16.285984307949594 -2.026387021204836 -6
    endloop
  endfacet
  facet normal 0 0 -1
    outer loop
      vertex -15.927050983124841 -12.146830451114539 -6
      vertex -16.277337874695217 -12.285518842601942 -6
      vertex -15.741640786499874 -2.282535639108368 -6
    endloop
  endfacet
  facet normal 0 0 -1
    outer loop
      vertex -15.562143943757174 -12.053138247813934 -6
      vertex -15.927050983124841 -12.146830451114539 -6
      vertex -15.44971515500574 -2.3574894017488526 -6
    endloop
  endfacet
  facet normal 0 0 -1
    outer loop
      vertex -15.18837155858794 -12.005919814715185 -6
      vertex -15.562143943757174 -12.053138247813934 -6
      vertex -15.150697246870353 -2.395264148227852 -6
    endloop
  endfacet
  facet normal 0 0 -1
    outer loop
      vertex -14.81162844141206 -12.005919814715185 -6
      vertex -15.18837155858794 -12.005919814715185 -6
      vertex -14.849302753129647 -2.395264148227852 -6
    endloop
  endfacet
  facet normal 0 0 -1
    outer loop
      vertex -14.437856056242826 -12.053138247813934 -6
      vertex -14.81162844141206 -12.005919814715185 -6
      vertex -14.55028484499426 -2.3574894017488526 -6
    endloop
  endfacet
  facet normal 0 0 -1
    outer loop
      vertex -14.072949016875159 -12.146830451114539 -6
      vertex -14.437856056242826 -12.053138247813934 -6
      vertex -14.258359213500126 -2.282535639108368 -6
    endloop
  endfacet
  facet normal 0 0 -1
    outer loop
      vertex -13.722662125304781 -12.285518842601942 -6
      vertex -14.072949016875159 -12.146830451114539 -6
      vertex -13.978129700243827 -2.171584925918447 -6
    endloop
  endfacet
  facet normal 0 0 -1
    outer loop
      vertex -13.39251961506301 -12.467016223493955 -6
      vertex -13.722662125304781 -12.285518842601942 -6
      vertex -13.71401569205041 -2.0263870212048367 -6
    endloop
  endfacet
  facet normal 0 0 -1
    outer loop
      vertex -12.813094117735766 -12.946358682213933 -6
      vertex -13.058359213500125 -1.4106846055019355 -6
      vertex -12.572949016875157 -13.23664424312258 -6
    endloop
  endfacet
  facet normal 0 0 -1
    outer loop
      vertex -13.087728030753931 -12.688460271672632 -6
      vertex -13.39251961506301 -12.467016223493955 -6
      vertex -13.470182424603145 -1.8492317826618936 -6
    endloop
  endfacet
  facet normal 0 0 -1
    outer loop
      vertex -13.250475294188613 -1.6429130542288524 -6
      vertex -12.813094117735766 -12.946358682213933 -6
      vertex -13.087728030753931 -12.688460271672632 -6
    endloop
  endfacet
  facet normal 0 0 -1
    outer loop
      vertex -12.210670542335246 -13.895626341945967 -6
      vertex -12.675400413291285 -0.5968557291956507 -6
      vertex -12.094250516614107 -14.253930338505436 -6
    endloop
  endfacet
  facet normal 0 0 -1
    outer loop
      vertex -12.572949016875157 -13.23664424312258 -6
      vertex -12.896863967894728 -1.1562088178441168 -6
      vertex -12.371079959868409 -13.554738977694853 -6
    endloop
  endfacet
  facet normal 0 0 -1
    outer loop
      vertex -12.371079959868409 -13.554738977694853 -6
      vertex -12.768536433868197 -0.883498926443228 -6
      vertex -12.210670542335246 -13.895626341945967 -6
    endloop
  endfacet
  facet normal 0 0 -1
    outer loop
      vertex -12.094250516614107 -14.253930338505436 -6
      vertex -12.618924716845253 -0.3007997605543297 -6
      vertex -12.023655896056567 -14.624000299307088 -6
    endloop
  endfacet
  facet normal 0 0 -1
    outer loop
      vertex -16.91227196924607 -12.688460271672632 -6
      vertex -16.74952470581139 -1.6429130542288524 -6
      vertex -16.529817575396855 -1.8492317826618945 -6
    endloop
  endfacet
  facet normal 0 0 -1
    outer loop
      vertex -16.60748038493699 -12.467016223493955 -6
      vertex -16.529817575396855 -1.8492317826618945 -6
      vertex -16.285984307949594 -2.026387021204836 -6
    endloop
  endfacet
  facet normal 0 0 -1
    outer loop
      vertex -16.277337874695217 -12.285518842601942 -6
      vertex -16.285984307949594 -2.026387021204836 -6
      vertex -16.021870299756173 -2.171584925918447 -6
    endloop
  endfacet
  facet normal 0 0 -1
    outer loop
      vertex -16.021870299756173 -2.171584925918447 -6
      vertex -15.741640786499874 -2.282535639108368 -6
      vertex -16.277337874695217 -12.285518842601942 -6
    endloop
  endfacet
  facet normal 0 0 -1
    outer loop
      vertex -15.741640786499874 -2.282535639108368 -6
      vertex -15.44971515500574 -2.3574894017488526 -6
      vertex -15.927050983124841 -12.146830451114539 -6
    endloop
  endfacet
  facet normal 0 0 -1
    outer loop
      vertex -15.44971515500574 -2.3574894017488526 -6
      vertex -15.150697246870353 -2.395264148227852 -6
      vertex -15.562143943757174 -12.053138247813934 -6
    endloop
  endfacet
  facet normal 0 0 -1
    outer loop
      vertex -15.150697246870353 -2.395264148227852 -6
      vertex -14.849302753129647 -2.395264148227852 -6
      vertex -15.18837155858794 -12.005919814715185 -6
    endloop
  endfacet
  facet normal 0 0 -1
    outer loop
      vertex -14.81162844141206 -12.005919814715185 -6
      vertex -14.849302753129647 -2.395264148227852 -6
      vertex -14.55028484499426 -2.3574894017488526 -6
    endloop
  endfacet
  facet normal 0 0 -1
    outer loop
      vertex -14.437856056242826 -12.053138247813934 -6
      vertex -14.55028484499426 -2.3574894017488526 -6
      vertex -14.258359213500126 -2.282535639108368 -6
    endloop
  endfacet
  facet normal 0 0 -1
    outer loop
      vertex -14.072949016875159 -12.146830451114539 -6
      vertex -14.258359213500126 -2.282535639108368 -6
      vertex -13.978129700243827 -2.171584925918447 -6
    endloop
  endfacet
  facet normal 0 0 -1
    outer loop
      vertex -13.722662125304781 -12.285518842601942 -6
      vertex -13.978129700243827 -2.171584925918447 -6
      vertex -13.71401569205041 -2.0263870212048367 -6
    endloop
  endfacet
  facet normal 0 0 -1
    outer loop
      vertex -13.39251961506301 -12.467016223493955 -6
      vertex -13.71401569205041 -2.0263870212048367 -6
      vertex -13.470182424603145 -1.8492317826618936 -6
    endloop
  endfacet
  facet normal 0 0 -1
    outer loop
      vertex -13.087728030753931 -12.688460271672632 -6
      vertex -13.470182424603145 -1.8492317826618936 -6
      vertex -13.250475294188613 -1.6429130542288524 -6
    endloop
  endfacet
  facet normal 0 0 -1
    outer loop
      vertex -13.250475294188613 -1.6429130542288524 -6
      vertex -13.058359213500125 -1.4106846055019355 -6
      vertex -12.813094117735766 -12.946358682213933 -6
    endloop
  endfacet
  facet normal 0 0 -1
    outer loop
      vertex -13.058359213500125 -1.4106846055019355 -6
      vertex -12.896863967894728 -1.1562088178441168 -6
      vertex -12.572949016875157 -13.23664424312258 -6
    endloop
  endfacet
  facet normal 0 0 -1
    outer loop
      vertex -12.896863967894728 -1.1562088178441168 -6
      vertex -12.768536433868197 -0.883498926443228 -6
      vertex -12.371079959868409 -13.554738977694853 -6
    endloop
  endfacet
  facet normal 0 0 -1
    outer loop
      vertex -12.768536433868197 -0.883498926443228 -6
      vertex -12.675400413291285 -0.5968557291956507 -6
      vertex -12.210670542335246 -13.895626341945967 -6
    endloop
  endfacet
  facet normal 0 0 -1
    outer loop
      vertex -12.675400413291285 -0.5968557291956507 -6
      vertex -12.618924716845253 -0.3007997605543297 -6
      vertex -12.094250516614107 -14.253930338505436 -6
    endloop
  endfacet
  facet normal -1 0 0
    outer loop
      vertex -22.5 -17.5 -6
      vertex -22.5 -17.5 6
      vertex -22.5 17.5 -6
    endloop
  endfacet
  facet normal 0 0 -1
    outer loop
      vertex -17.81395259764657 -22.49013364214136 -6
      vertex -2.1031360321052723 -16.156208817844117 -6
      vertex -1.9416407864998737 -16.410684605501935 -6
    endloop
  endfacet
  facet normal 0 0 -1
    outer loop
      vertex -17.81395259764657 -22.49013364214136 -6
      vertex -1.9416407864998737 -16.410684605501935 -6
      vertex -1.7495247058113879 -16.642913054228853 -6
    endloop
  endfacet
  facet normal 0 0 -1
    outer loop
      vertex -17.81395259764657 -22.49013364214136 -6
      vertex -2.2314635661318034 -15.883498926443227 -6
      vertex -2.1031360321052723 -16.156208817844117 -6
    endloop
  endfacet
  facet normal 0 0 -1
    outer loop
      vertex -17.81395259764657 -22.49013364214136 -6
      vertex -2.3245995867087146 -15.596855729195651 -6
      vertex -2.2314635661318034 -15.883498926443227 -6
    endloop
  endfacet
  facet normal 0 0 -1
    outer loop
      vertex -17.81395259764657 -22.49013364214136 -6
      vertex -2.381075283154747 -15.30079976055433 -6
      vertex -2.3245995867087146 -15.596855729195651 -6
    endloop
  endfacet
  facet normal 0 0 -1
    outer loop
      vertex -17.81395259764657 -22.49013364214136 -6
      vertex -2.4 -15 -6
      vertex -2.381075283154747 -15.30079976055433 -6
    endloop
  endfacet
  facet normal 0 0 -1
    outer loop
      vertex -17.81395259764657 -22.49013364214136 -6
      vertex -2.381075283154747 -14.69920023944567 -6
      vertex -2.4 -15 -6
    endloop
  endfacet
  facet normal 0 0 -1
    outer loop
      vertex -17.81395259764657 -22.49013364214136 -6
      vertex -2.3245995867087146 -14.403144270804349 -6
      vertex -2.381075283154747 -14.69920023944567 -6
    endloop
  endfacet
  facet normal 0 0 -1
    outer loop
      vertex -17.81395259764657 -22.49013364214136 -6
      vertex -1.0218702997561737 -17.171584925918445 -6
      vertex -0.7416407864998737 -17.282535639108367 -6
    endloop
  endfacet
  facet normal 0 0 -1
    outer loop
      vertex -17.81395259764657 -22.49013364214136 -6
      vertex -0.7416407864998737 -17.282535639108367 -6
      vertex -0.44971515500573955 -17.357489401748854 -6
    endloop
  endfacet
  facet normal 0 0 -1
    outer loop
      vertex -17.81395259764657 -22.49013364214136 -6
      vertex -1.7495247058113879 -16.642913054228853 -6
      vertex -1.529817575396855 -16.849231782661896 -6
    endloop
  endfacet
  facet normal 0 0 -1
    outer loop
      vertex -17.81395259764657 -22.49013364214136 -6
      vertex -1.529817575396855 -16.849231782661896 -6
      vertex -1.2859843079495923 -17.026387021204837 -6
    endloop
  endfacet
  facet normal 0 0 -1
    outer loop
      vertex -17.81395259764657 -22.49013364214136 -6
      vertex -1.2859843079495923 -17.026387021204837 -6
      vertex -1.0218702997561737 -17.171584925918445 -6
    endloop
  endfacet
  facet normal 0 0 -1
    outer loop
      vertex -12.813094117735766 -17.053641317786067 -6
      vertex -12.572949016875157 -16.76335575687742 -6
      vertex -3.193344686738043 -6.786202893495147 -6
    endloop
  endfacet
  facet normal 0 0 -1
    outer loop
      vertex -12.37107995986841 -16.445261022305147 -6
      vertex -3.193344686738043 -6.786202893495147 -6
      vertex -12.572949016875157 -16.76335575687742 -6
    endloop
  endfacet
  facet normal 0 0 -1
    outer loop
      vertex -12.210670542335247 -16.104373658054037 -6
      vertex -3.193344686738043 -6.786202893495147 -6
      vertex -12.37107995986841 -16.445261022305147 -6
    endloop
  endfacet
  facet normal 0 0 -1
    outer loop
      vertex -12.094250516614107 -15.746069661494563 -6
      vertex -3.193344686738043 -6.786202893495147 -6
      vertex -12.210670542335247 -16.104373658054037 -6
    endloop
  endfacet
  facet normal 0 0 -1
    outer loop
      vertex -12.023655896056567 -15.375999700692912 -6
      vertex -3.193344686738043 -6.786202893495147 -6
      vertex -12.094250516614107 -15.746069661494563 -6
    endloop
  endfacet
  facet normal 0 0 -1
    outer loop
      vertex -12 -15 -6
      vertex -3.193344686738043 -6.786202893495147 -6
      vertex -12.023655896056567 -15.375999700692912 -6
    endloop
  endfacet
  facet normal 0 0 -1
    outer loop
      vertex -12.023655896056567 -14.624000299307088 -6
      vertex -3.193344686738043 -6.786202893495147 -6
      vertex -12 -15 -6
    endloop
  endfacet
  facet normal 0 0 -1
    outer loop
      vertex -17.81395259764657 -22.49013364214136 -6
      vertex -1.4053598593929362 -7.3671543804651645 -6
      vertex -2.3245995867087146 -14.403144270804349 -6
    endloop
  endfacet
  facet normal 0 0 -1
    outer loop
      vertex -17.81395259764657 -22.49013364214136 -6
      vertex -3.193344686738043 -6.786202893495147 -6
      vertex -2.3176274578121054 -7.132923872213651 -6
    endloop
  endfacet
  facet normal 0 0 -1
    outer loop
      vertex -17.81395259764657 -22.49013364214136 -6
      vertex -2.3176274578121054 -7.132923872213651 -6
      vertex -1.4053598593929362 -7.3671543804651645 -6
    endloop
  endfacet
  facet normal 0 0 -1
    outer loop
      vertex -2.3245995867087146 -14.403144270804349 -6
      vertex -1.4053598593929362 -7.3671543804651645 -6
      vertex -2.2314635661318034 -14.116501073556773 -6
    endloop
  endfacet
  facet normal 0 0 -1
    outer loop
      vertex -2.2314635661318034 -14.116501073556773 -6
      vertex -1.4053598593929362 -7.3671543804651645 -6
      vertex -2.1031360321052723 -13.843791182155883 -6
    endloop
  endfacet
  facet normal 0 0 -1
    outer loop
      vertex -2.1031360321052723 -13.843791182155883 -6
      vertex -1.4053598593929362 -7.3671543804651645 -6
      vertex -1.9416407864998737 -13.589315394498065 -6
    endloop
  endfacet
  facet normal 0 0 -1
    outer loop
      vertex -1.9416407864998737 -13.589315394498065 -6
      vertex -1.4053598593929362 -7.3671543804651645 -6
      vertex -1.7495247058113879 -13.357086945771147 -6
    endloop
  endfacet
  facet normal 0 0 -1
    outer loop
      vertex -1.7495247058113879 -13.357086945771147 -6
      vertex -1.4053598593929362 -7.3671543804651645 -6
      vertex -1.529817575396855 -13.150768217338106 -6
    endloop
  endfacet
  facet normal 0 -1 0
    outer loop
      vertex -17.81395259764657 -22.49013364214136 -6
      vertex 17.81395259764657 -22.49013364214136 -6
      vertex -17.81395259764657 -22.49013364214136 6
    endloop
  endfacet
  facet normal 0 0 -1
    outer loop
      vertex -12.618924716845253 -0.3007997605543297 -6
      vertex -6.572300100328976 -3.6131525557628654 -6
      vertex -12.023655896056567 -14.624000299307088 -6
    endloop
  endfacet
  facet normal 0 0 -1
    outer loop
      vertex -5.467264705660588 -5.134103294465164 -6
      vertex -4.780679923115172 -5.77884932081842 -6
      vertex -12.023655896056567 -14.624000299307088 -6
    endloop
  endfacet
  facet normal 0 0 -1
    outer loop
      vertex -12.023655896056567 -14.624000299307088 -6
      vertex -4.018700962342476 -6.3324594412651125 -6
      vertex -3.193344686738043 -6.786202893495147 -6
    endloop
  endfacet
  facet normal 0 0 -1
    outer loop
      vertex -4.780679923115172 -5.77884932081842 -6
      vertex -4.018700962342476 -6.3324594412651125 -6
      vertex -12.023655896056567 -14.624000299307088 -6
    endloop
  endfacet
  facet normal 0 0 -1
    outer loop
      vertex -5.467264705660588 -5.134103294465164 -6
      vertex -12.023655896056567 -14.624000299307088 -6
      vertex -6.067627457812106 -4.408389392193548 -6
    endloop
  endfacet
  facet normal 0 0 -1
    outer loop
      vertex -6.572300100328976 -3.6131525557628654 -6
      vertex -6.067627457812106 -4.408389392193548 -6
      vertex -12.023655896056567 -14.624000299307088 -6
    endloop
  endfacet
  facet normal 0 0 -1
    outer loop
      vertex -12.618924716845253 -0.3007997605543297 -6
      vertex -6.973323644161886 -2.760934145135084 -6
      vertex -6.572300100328976 -3.6131525557628654 -6
    endloop
  endfacet
  facet normal 0 0 -1
    outer loop
      vertex -12.618924716845253 -0.3007997605543297 -6
      vertex -7.264373708464733 -1.8651741537364113 -6
      vertex -6.973323644161886 -2.760934145135084 -6
    endloop
  endfacet
  facet normal 0 0 -1
    outer loop
      vertex -12.618924716845253 -0.3007997605543297 -6
      vertex -7.5 0 -6
      vertex -7.440860259858584 -0.9399992517322805 -6
    endloop
  endfacet
  facet normal 0 0 -1
    outer loop
      vertex -12.618924716845253 -0.3007997605543297 -6
      vertex -7.440860259858584 -0.9399992517322805 -6
      vertex -7.264373708464733 -1.8651741537364113 -6
    endloop
  endfacet
  facet normal 0 0 -1
    outer loop
      vertex -1.529817575396855 -13.150768217338106 -6
      vertex -1.4053598593929362 -7.3671543804651645 -6
      vertex -1.2859843079495923 -12.973612978795163 -6
    endloop
  endfacet
  facet normal 0 0 -1
    outer loop
      vertex -1.2859843079495923 -12.973612978795163 -6
      vertex -1.4053598593929362 -7.3671543804651645 -6
      vertex -1.0218702997561744 -12.828415074081553 -6
    endloop
  endfacet
  facet normal 0 0 -1
    outer loop
      vertex -1.0218702997561744 -12.828415074081553 -6
      vertex -1.4053598593929362 -7.3671543804651645 -6
      vertex -0.7416407864998737 -12.717464360891633 -6
    endloop
  endfacet
  facet normal 0 0 -1
    outer loop
      vertex -0.44971515500573894 -12.642510598251146 -6
      vertex -0.7416407864998737 -12.717464360891633 -6
      vertex -0.4709288964698532 -7.485200463212037 -6
    endloop
  endfacet
  facet normal 0 0 -1
    outer loop
      vertex -0.44971515500573894 -12.642510598251146 -6
      vertex -0.4709288964698532 -7.485200463212037 -6
      vertex -0.15069724687035185 -12.604735851772148 -6
    endloop
  endfacet
  facet normal 0 0 -1
    outer loop
      vertex -0.7416407864998737 -12.717464360891633 -6
      vertex -1.4053598593929362 -7.3671543804651645 -6
      vertex -0.4709288964698532 -7.485200463212037 -6
    endloop
  endfacet
  facet normal 0 0 -1
    outer loop
      vertex -0.15069724687035185 -12.604735851772148 -6
      vertex -0.4709288964698532 -7.485200463212037 -6
      vertex 0.4709288964698532 -7.485200463212037 -6
    endloop
  endfacet
  facet normal 0 0 -1
    outer loop
      vertex -3.505226720175454 -1.9270146964068615 -6
      vertex -3.719105943553006 -1.4724982107387115 -6
      vertex -2.6289200401315904 -1.445261022305146 -6
    endloop
  endfacet
  facet normal 0 0 -1
    outer loop
      vertex -3.23606797749979 -2.3511410091698925 -6
      vertex -3.505226720175454 -1.9270146964068615 -6
      vertex -2.4270509831248424 -1.7633557568774194 -6
    endloop
  endfacet
  facet normal 0 0 -1
    outer loop
      vertex -3.505226720175454 -1.9270146964068615 -6
      vertex -2.6289200401315904 -1.445261022305146 -6
      vertex -2.4270509831248424 -1.7633557568774194 -6
    endloop
  endfacet
  facet normal 0 0 -1
    outer loop
      vertex -3.8743326445145243 -0.9947595486594194 -6
      vertex -3.9684588052579115 -0.5013329342572163 -6
      vertex -2.9057494833858932 -0.7460696614945646 -6
    endloop
  endfacet
  facet normal 0 0 -1
    outer loop
      vertex -3.9684588052579115 -0.5013329342572163 -6
      vertex -4 0 -6
      vertex -2.9763441039434335 -0.3759997006929122 -6
    endloop
  endfacet
  facet normal 0 0 -1
    outer loop
      vertex -3.719105943553006 -1.4724982107387115 -6
      vertex -3.8743326445145243 -0.9947595486594194 -6
      vertex -2.7893294576647545 -1.1043736580540335 -6
    endloop
  endfacet
  facet normal 0 0 -1
    outer loop
      vertex -3.8743326445145243 -0.9947595486594194 -6
      vertex -2.9057494833858932 -0.7460696614945646 -6
      vertex -2.7893294576647545 -1.1043736580540335 -6
    endloop
  endfacet
  facet normal 0 0 -1
    outer loop
      vertex -3.719105943553006 -1.4724982107387115 -6
      vertex -2.7893294576647545 -1.1043736580540335 -6
      vertex -2.6289200401315904 -1.445261022305146 -6
    endloop
  endfacet
  facet normal 0 0 -1
    outer loop
      vertex -3.9684588052579115 -0.5013329342572163 -6
      vertex -2.9763441039434335 -0.3759997006929122 -6
      vertex -2.9057494833858932 -0.7460696614945646 -6
    endloop
  endfacet
  facet normal 0 0 -1
    outer loop
      vertex -4 0 -6
      vertex -3 0 -6
      vertex -2.9763441039434335 -0.3759997006929122 -6
    endloop
  endfacet
  facet normal 0 0 -1
    outer loop
      vertex -2.5496959589947585 -3.0820529711031575 -6
      vertex -1.6074803849369903 -2.532983776506045 -6
      vertex -2.143307179915987 -3.37731170200806 -6
    endloop
  endfacet
  facet normal 0 0 -1
    outer loop
      vertex -1.7031171662602897 -3.6193082098640783 -6
      vertex -2.143307179915987 -3.37731170200806 -6
      vertex -1.2773378746952173 -2.7144811573980587 -6
    endloop
  endfacet
  facet normal 0 0 -1
    outer loop
      vertex -2.143307179915987 -3.37731170200806 -6
      vertex -1.6074803849369903 -2.532983776506045 -6
      vertex -1.2773378746952173 -2.7144811573980587 -6
    endloop
  endfacet
  facet normal 0 0 -1
    outer loop
      vertex -0.7495252583428993 -3.9291490029147544 -6
      vertex -1.2360679774997896 -3.804226065180614 -6
      vertex -0.5621439437571745 -2.9468617521860656 -6
    endloop
  endfacet
  facet normal 0 0 -1
    outer loop
      vertex -1.2360679774997896 -3.804226065180614 -6
      vertex -1.7031171662602897 -3.6193082098640783 -6
      vertex -0.9270509831248421 -2.8531695488854605 -6
    endloop
  endfacet
  facet normal 0 0 -1
    outer loop
      vertex -1.7031171662602897 -3.6193082098640783 -6
      vertex -1.2773378746952173 -2.7144811573980587 -6
      vertex -0.9270509831248421 -2.8531695488854605 -6
    endloop
  endfacet
  facet normal 0 0 -1
    outer loop
      vertex -1.2360679774997896 -3.804226065180614 -6
      vertex -0.9270509831248421 -2.8531695488854605 -6
      vertex -0.5621439437571745 -2.9468617521860656 -6
    endloop
  endfacet
  facet normal 0 0 -1
    outer loop
      vertex -0.25116207811725505 -3.9921069137130862 -6
      vertex -0.7495252583428993 -3.9291490029147544 -6
      vertex -0.1883715585879413 -2.9940801852848145 -6
    endloop
  endfacet
  facet normal 0 0 -1
    outer loop
      vertex -0.7495252583428993 -3.9291490029147544 -6
      vertex -0.5621439437571745 -2.9468617521860656 -6
      vertex -0.1883715585879413 -2.9940801852848145 -6
    endloop
  endfacet
  facet normal 0 0 -1
    outer loop
      vertex -0.25116207811725505 -3.9921069137130862 -6
      vertex -0.1883715585879413 -2.9940801852848145 -6
      vertex 0.1883715585879413 -2.9940801852848145 -6
    endloop
  endfacet
  facet normal 0 0 -1
    outer loop
      vertex -2.9158745096856467 -2.738188423714754 -6
      vertex -3.23606797749979 -2.3511410091698925 -6
      vertex -2.186905882264235 -2.0536413177860657 -6
    endloop
  endfacet
  facet normal 0 0 -1
    outer loop
      vertex -2.5496959589947585 -3.0820529711031575 -6
      vertex -2.9158745096856467 -2.738188423714754 -6
      vertex -1.9122719692460688 -2.311539728327368 -6
    endloop
  endfacet
  facet normal 0 0 -1
    outer loop
      vertex -2.9158745096856467 -2.738188423714754 -6
      vertex -2.186905882264235 -2.0536413177860657 -6
      vertex -1.9122719692460688 -2.311539728327368 -6
    endloop
  endfacet
  facet normal 0 0 -1
    outer loop
      vertex -3.23606797749979 -2.3511410091698925 -6
      vertex -2.4270509831248424 -1.7633557568774194 -6
      vertex -2.186905882264235 -2.0536413177860657 -6
    endloop
  endfacet
  facet normal 0 0 -1
    outer loop
      vertex -2.5496959589947585 -3.0820529711031575 -6
      vertex -1.9122719692460688 -2.311539728327368 -6
      vertex -1.6074803849369903 -2.532983776506045 -6
    endloop
  endfacet
  facet normal -0.7705132427757907 -0.6374239897486881 0
    outer loop
      vertex -21.14484313710706 -20.922735529643443 -6
      vertex -21.14484313710706 -20.922735529643443 6
      vertex -21.545084971874736 -20.438926261462367 6
    endloop
  endfacet
  facet normal -0.8443279255020154 -0.5358267949789961 0
    outer loop
      vertex -21.88153340021932 -19.908768370508575 -6
      vertex -21.545084971874736 -20.438926261462367 6
      vertex -21.88153340021932 -19.908768370508575 6
    endloop
  endfacet
  facet normal -0.6845471059286876 -0.7289686274214126 0
    outer loop
      vertex -20.687119948743447 -21.352566213878948 -6
      vertex -20.687119948743447 -21.352566213878948 6
      vertex -21.14484313710706 -20.922735529643443 6
    endloop
  endfacet
  facet normal -0.5877852522924736 -0.8090169943749471 0
    outer loop
      vertex -20.687119948743447 -21.352566213878948 -6
      vertex -20.179133974894985 -21.721639627510076 6
      vertex -20.687119948743447 -21.352566213878948 6
    endloop
  endfacet
  facet normal -0.48175367410171455 -0.876306680043864 0
    outer loop
      vertex -19.628896457825363 -22.0241352623301 -6
      vertex -19.628896457825363 -22.0241352623301 6
      vertex -20.179133974894985 -21.721639627510076 6
    endloop
  endfacet
  facet normal -0.9510565162951541 -0.30901699437494573 0
    outer loop
      vertex -22.148882429441258 -19.34062276342339 -6
      vertex -22.148882429441258 -19.34062276342339 6
      vertex -22.342915805643155 -18.743449435824274 6
    endloop
  endfacet
  facet normal -0.9048270524660187 -0.42577929156507455 0
    outer loop
      vertex -22.148882429441258 -19.34062276342339 -6
      vertex -21.88153340021932 -19.908768370508575 6
      vertex -22.148882429441258 -19.34062276342339 6
    endloop
  endfacet
  facet normal -0.9822872507286892 -0.18738131458572183 0
    outer loop
      vertex -22.460573506572388 -18.12666616782152 -6
      vertex -22.342915805643155 -18.743449435824274 6
      vertex -22.460573506572388 -18.12666616782152 6
    endloop
  endfacet
  facet normal -0.9980267284282714 -0.06279051952931593 0
    outer loop
      vertex -22.5 -17.5 -6
      vertex -22.460573506572388 -18.12666616782152 6
      vertex -22.5 -17.5 6
    endloop
  endfacet
  facet normal -0.3681245526846774 -0.9297764858882517 0
    outer loop
      vertex -19.045084971874736 -22.255282581475768 -6
      vertex -19.045084971874736 -22.255282581475768 6
      vertex -19.628896457825363 -22.0241352623301 6
    endloop
  endfacet
  facet normal -0.24868988716485604 -0.9685831611286309 0
    outer loop
      vertex -19.045084971874736 -22.255282581475768 -6
      vertex -18.436906572928624 -22.411436253643444 6
      vertex -19.045084971874736 -22.255282581475768 6
    endloop
  endfacet
  facet normal -0.12533323356430504 -0.9921147013144777 0
    outer loop
      vertex -18.436906572928624 -22.411436253643444 -6
      vertex -17.81395259764657 -22.49013364214136 6
      vertex -18.436906572928624 -22.411436253643444 6
    endloop
  endfacet
  facet normal 0 0 1
    outer loop
      vertex -21.88153340021932 -19.908768370508575 6
      vertex -21.545084971874736 -20.438926261462367 6
      vertex -21.14484313710706 -20.922735529643443 6
    endloop
  endfacet
  facet normal 0 0 1
    outer loop
      vertex -21.88153340021932 -19.908768370508575 6
      vertex -21.14484313710706 -20.922735529643443 6
      vertex -22.148882429441258 -19.34062276342339 6
    endloop
  endfacet
  facet normal 0 0 1
    outer loop
      vertex -21.14484313710706 -20.922735529643443 6
      vertex -20.687119948743447 -21.352566213878948 6
      vertex -20.179133974894985 -21.721639627510076 6
    endloop
  endfacet
  facet normal 0 0 1
    outer loop
      vertex -21.14484313710706 -20.922735529643443 6
      vertex -20.179133974894985 -21.721639627510076 6
      vertex -19.628896457825363 -22.0241352623301 6
    endloop
  endfacet
  facet normal 0 0 1
    outer loop
      vertex -21.14484313710706 -20.922735529643443 6
      vertex -22.5 -17.5 6
      vertex -22.148882429441258 -19.34062276342339 6
    endloop
  endfacet
  facet normal 0 0 1
    outer loop
      vertex -22.148882429441258 -19.34062276342339 6
      vertex -22.460573506572388 -18.12666616782152 6
      vertex -22.342915805643155 -18.743449435824274 6
    endloop
  endfacet
  facet normal 0 0 1
    outer loop
      vertex -22.148882429441258 -19.34062276342339 6
      vertex -22.5 -17.5 6
      vertex -22.460573506572388 -18.12666616782152 6
    endloop
  endfacet
  facet normal 0 0 1
    outer loop
      vertex -21.14484313710706 -20.922735529643443 6
      vertex -19.628896457825363 -22.0241352623301 6
      vertex -17.81395259764657 -22.49013364214136 6
    endloop
  endfacet
  facet normal 0 0 1
    outer loop
      vertex -19.628896457825363 -22.0241352623301 6
      vertex -19.045084971874736 -22.255282581475768 6
      vertex -18.436906572928624 -22.411436253643444 6
    endloop
  endfacet
  facet normal 0 0 1
    outer loop
      vertex -19.628896457825363 -22.0241352623301 6
      vertex -18.436906572928624 -22.411436253643444 6
      vertex -17.81395259764657 -22.49013364214136 6
    endloop
  endfacet
  facet normal 0 0 1
    outer loop
      vertex -21.14484313710706 -20.922735529643443 6
      vertex -16.91227196924607 -17.311539728327368 6
      vertex -17.186905882264234 -17.053641317786067 6
    endloop
  endfacet
  facet normal 0 0 1
    outer loop
      vertex -21.14484313710706 -20.922735529643443 6
      vertex -17.905749483385893 -15.746069661494564 6
      vertex -17.976344103943433 -15.375999700692912 6
    endloop
  endfacet
  facet normal 0 0 1
    outer loop
      vertex -21.14484313710706 -20.922735529643443 6
      vertex -17.976344103943433 -15.375999700692912 6
      vertex -18 -15 6
    endloop
  endfacet
  facet normal 0 0 1
    outer loop
      vertex -21.14484313710706 -20.922735529643443 6
      vertex -17.427050983124843 -16.76335575687742 6
      vertex -17.62892004013159 -16.445261022305147 6
    endloop
  endfacet
  facet normal 0 0 1
    outer loop
      vertex -21.14484313710706 -20.922735529643443 6
      vertex -17.62892004013159 -16.445261022305147 6
      vertex -17.789329457664756 -16.104373658054033 6
    endloop
  endfacet
  facet normal 0 0 1
    outer loop
      vertex -21.14484313710706 -20.922735529643443 6
      vertex -17.789329457664756 -16.104373658054033 6
      vertex -17.905749483385893 -15.746069661494564 6
    endloop
  endfacet
  facet normal 0 0 1
    outer loop
      vertex -21.14484313710706 -20.922735529643443 6
      vertex -17.186905882264234 -17.053641317786067 6
      vertex -17.427050983124843 -16.76335575687742 6
    endloop
  endfacet
  facet normal 0 0 1
    outer loop
      vertex -21.14484313710706 -20.922735529643443 6
      vertex -16.277337874695217 -17.71448115739806 6
      vertex -16.60748038493699 -17.532983776506043 6
    endloop
  endfacet
  facet normal 0 0 1
    outer loop
      vertex -21.14484313710706 -20.922735529643443 6
      vertex -16.60748038493699 -17.532983776506043 6
      vertex -16.91227196924607 -17.311539728327368 6
    endloop
  endfacet
  facet normal 0 0 1
    outer loop
      vertex -21.14484313710706 -20.922735529643443 6
      vertex -15.927050983124841 -17.85316954888546 6
      vertex -16.277337874695217 -17.71448115739806 6
    endloop
  endfacet
  facet normal 0 0 1
    outer loop
      vertex -21.14484313710706 -20.922735529643443 6
      vertex -15.562143943757174 -17.946861752186066 6
      vertex -15.927050983124841 -17.85316954888546 6
    endloop
  endfacet
  facet normal 0 0 1
    outer loop
      vertex -21.14484313710706 -20.922735529643443 6
      vertex -15.188371558587942 -17.994080185284815 6
      vertex -15.562143943757174 -17.946861752186066 6
    endloop
  endfacet
  facet normal 0 0 1
    outer loop
      vertex -21.14484313710706 -20.922735529643443 6
      vertex -14.811628441412058 -17.994080185284815 6
      vertex -15.188371558587942 -17.994080185284815 6
    endloop
  endfacet
  facet normal 0 0 1
    outer loop
      vertex -21.14484313710706 -20.922735529643443 6
      vertex -18 -15 6
      vertex -17.976344103943433 -14.624000299307088 6
    endloop
  endfacet
  facet normal 0 0 1
    outer loop
      vertex -21.14484313710706 -20.922735529643443 6
      vertex -17.976344103943433 -14.624000299307088 6
      vertex -17.905749483385893 -14.253930338505436 6
    endloop
  endfacet
  facet normal 0 0 1
    outer loop
      vertex -21.14484313710706 -20.922735529643443 6
      vertex -17.905749483385893 -14.253930338505436 6
      vertex -17.324599586708715 -0.5968557291956517 6
    endloop
  endfacet
  facet normal 0 0 1
    outer loop
      vertex -21.14484313710706 -20.922735529643443 6
      vertex -14.437856056242826 -17.946861752186066 6
      vertex -14.811628441412058 -17.994080185284815 6
    endloop
  endfacet
  facet normal 0 0 1
    outer loop
      vertex -21.14484313710706 -20.922735529643443 6
      vertex -14.072949016875159 -17.85316954888546 6
      vertex -14.437856056242826 -17.946861752186066 6
    endloop
  endfacet
  facet normal 0 0 1
    outer loop
      vertex -21.14484313710706 -20.922735529643443 6
      vertex -0.44971515500573955 -17.357489401748854 6
      vertex -14.072949016875159 -17.85316954888546 6
    endloop
  endfacet
  facet normal 0 0 1
    outer loop
      vertex -21.14484313710706 -20.922735529643443 6
      vertex -22.5 17.5 6
      vertex -22.5 -17.5 6
    endloop
  endfacet
  facet normal 0 0 1
    outer loop
      vertex -17.789329457664756 -13.895626341945967 6
      vertex -17.324599586708715 -0.5968557291956517 6
      vertex -17.905749483385893 -14.253930338505436 6
    endloop
  endfacet
  facet normal 0 0 1
    outer loop
      vertex -17.62892004013159 -13.554738977694853 6
      vertex -17.231463566131804 -0.8834989264432268 6
      vertex -17.789329457664756 -13.895626341945967 6
    endloop
  endfacet
  facet normal 0 0 1
    outer loop
      vertex -17.427050983124843 -13.23664424312258 6
      vertex -17.103136032105272 -1.1562088178441168 6
      vertex -17.62892004013159 -13.554738977694853 6
    endloop
  endfacet
  facet normal 0 0 1
    outer loop
      vertex -17.186905882264234 -12.946358682213933 6
      vertex -16.941640786499875 -1.4106846055019355 6
      vertex -17.427050983124843 -13.23664424312258 6
    endloop
  endfacet
  facet normal 0 0 1
    outer loop
      vertex -17.186905882264234 -12.946358682213933 6
      vertex -16.91227196924607 -12.688460271672632 6
      vertex -16.74952470581139 -1.6429130542288524 6
    endloop
  endfacet
  facet normal 0 0 1
    outer loop
      vertex -21.14484313710706 -20.922735529643443 6
      vertex -17.381075283154747 -0.3007997605543297 6
      vertex -17.4 0 6
    endloop
  endfacet
  facet normal 0 0 1
    outer loop
      vertex -21.14484313710706 -20.922735529643443 6
      vertex -17.324599586708715 -0.5968557291956517 6
      vertex -17.381075283154747 -0.3007997605543297 6
    endloop
  endfacet
  facet normal 0 0 1
    outer loop
      vertex -17.789329457664756 -13.895626341945967 6
      vertex -17.231463566131804 -0.8834989264432268 6
      vertex -17.324599586708715 -0.5968557291956517 6
    endloop
  endfacet
  facet normal 0 0 1
    outer loop
      vertex -17.62892004013159 -13.554738977694853 6
      vertex -17.103136032105272 -1.1562088178441168 6
      vertex -17.231463566131804 -0.8834989264432268 6
    endloop
  endfacet
  facet normal 0 0 1
    outer loop
      vertex -17.186905882264234 -12.946358682213933 6
      vertex -16.74952470581139 -1.6429130542288524 6
      vertex -16.941640786499875 -1.4106846055019355 6
    endloop
  endfacet
  facet normal 0 0 1
    outer loop
      vertex -17.427050983124843 -13.23664424312258 6
      vertex -16.941640786499875 -1.4106846055019355 6
      vertex -17.103136032105272 -1.1562088178441168 6
    endloop
  endfacet
  facet normal 0 0 1
    outer loop
      vertex -21.14484313710706 -20.922735529643443 6
      vertex -17.4 0 6
      vertex -17.905749483385893 14.253930338505436 6
    endloop
  endfacet
  facet normal 0 0 1
    outer loop
      vertex -16.91227196924607 -12.688460271672632 6
      vertex -16.60748038493699 -12.467016223493955 6
      vertex -16.529817575396855 -1.8492317826618945 6
    endloop
  endfacet
  facet normal 0 0 1
    outer loop
      vertex -16.60748038493699 -12.467016223493955 6
      vertex -16.277337874695217 -12.285518842601942 6
      vertex -16.285984307949594 -2.026387021204836 6
    endloop
  endfacet
  facet normal 0 0 1
    outer loop
      vertex -16.277337874695217 -12.285518842601942 6
      vertex -15.927050983124841 -12.146830451114539 6
      vertex -16.021870299756173 -2.171584925918447 6
    endloop
  endfacet
  facet normal 0 0 1
    outer loop
      vertex -15.927050983124841 -12.146830451114539 6
      vertex -15.562143943757174 -12.053138247813934 6
      vertex -15.741640786499874 -2.282535639108368 6
    endloop
  endfacet
  facet normal 0 0 1
    outer loop
      vertex -15.562143943757174 -12.053138247813934 6
      vertex -15.18837155858794 -12.005919814715185 6
      vertex -15.44971515500574 -2.3574894017488526 6
    endloop
  endfacet
  facet normal 0 0 1
    outer loop
      vertex -15.18837155858794 -12.005919814715185 6
      vertex -14.81162844141206 -12.005919814715185 6
      vertex -15.150697246870353 -2.395264148227852 6
    endloop
  endfacet
  facet normal 0 0 1
    outer loop
      vertex -14.81162844141206 -12.005919814715185 6
      vertex -14.437856056242826 -12.053138247813934 6
      vertex -14.849302753129647 -2.395264148227852 6
    endloop
  endfacet
  facet normal 0 0 1
    outer loop
      vertex -14.437856056242826 -12.053138247813934 6
      vertex -14.072949016875159 -12.146830451114539 6
      vertex -14.55028484499426 -2.3574894017488526 6
    endloop
  endfacet
  facet normal 0 0 1
    outer loop
      vertex -14.072949016875159 -12.146830451114539 6
      vertex -13.722662125304781 -12.285518842601942 6
      vertex -14.258359213500126 -2.282535639108368 6
    endloop
  endfacet
  facet normal 0 0 1
    outer loop
      vertex -13.722662125304781 -12.285518842601942 6
      vertex -6.572300100328976 -3.6131525557628654 6
      vertex -13.470182424603145 -1.8492317826618936 6
    endloop
  endfacet
  facet normal 0 0 1
    outer loop
      vertex -16.91227196924607 -12.688460271672632 6
      vertex -16.529817575396855 -1.8492317826618945 6
      vertex -16.74952470581139 -1.6429130542288524 6
    endloop
  endfacet
  facet normal 0 0 1
    outer loop
      vertex -16.60748038493699 -12.467016223493955 6
      vertex -16.285984307949594 -2.026387021204836 6
      vertex -16.529817575396855 -1.8492317826618945 6
    endloop
  endfacet
  facet normal 0 0 1
    outer loop
      vertex -16.277337874695217 -12.285518842601942 6
      vertex -16.021870299756173 -2.171584925918447 6
      vertex -16.285984307949594 -2.026387021204836 6
    endloop
  endfacet
  facet normal 0 0 1
    outer loop
      vertex -15.927050983124841 -12.146830451114539 6
      vertex -15.741640786499874 -2.282535639108368 6
      vertex -16.021870299756173 -2.171584925918447 6
    endloop
  endfacet
  facet normal 0 0 1
    outer loop
      vertex -15.562143943757174 -12.053138247813934 6
      vertex -15.44971515500574 -2.3574894017488526 6
      vertex -15.741640786499874 -2.282535639108368 6
    endloop
  endfacet
  facet normal 0 0 1
    outer loop
      vertex -15.18837155858794 -12.005919814715185 6
      vertex -15.150697246870353 -2.395264148227852 6
      vertex -15.44971515500574 -2.3574894017488526 6
    endloop
  endfacet
  facet normal 0 0 1
    outer loop
      vertex -14.81162844141206 -12.005919814715185 6
      vertex -14.849302753129647 -2.395264148227852 6
      vertex -15.150697246870353 -2.395264148227852 6
    endloop
  endfacet
  facet normal 0 0 1
    outer loop
      vertex -14.437856056242826 -12.053138247813934 6
      vertex -14.55028484499426 -2.3574894017488526 6
      vertex -14.849302753129647 -2.395264148227852 6
    endloop
  endfacet
  facet normal 0 0 1
    outer loop
      vertex -14.072949016875159 -12.146830451114539 6
      vertex -14.258359213500126 -2.282535639108368 6
      vertex -14.55028484499426 -2.3574894017488526 6
    endloop
  endfacet
  facet normal 0 0 1
    outer loop
      vertex -13.722662125304781 -12.285518842601942 6
      vertex -13.978129700243827 -2.171584925918447 6
      vertex -14.258359213500126 -2.282535639108368 6
    endloop
  endfacet
  facet normal 0 0 1
    outer loop
      vertex -13.722662125304781 -12.285518842601942 6
      vertex -13.71401569205041 -2.0263870212048367 6
      vertex -13.978129700243827 -2.171584925918447 6
    endloop
  endfacet
  facet normal 0 0 1
    outer loop
      vertex -13.722662125304781 -12.285518842601942 6
      vertex -13.470182424603145 -1.8492317826618936 6
      vertex -13.71401569205041 -2.0263870212048367 6
    endloop
  endfacet
  facet normal 0 0 1
    outer loop
      vertex -13.722662125304783 -17.71448115739806 6
      vertex -14.072949016875159 -17.85316954888546 6
      vertex -0.7416407864998737 -17.282535639108367 6
    endloop
  endfacet
  facet normal 0 0 1
    outer loop
      vertex -13.392519615063012 -17.532983776506047 6
      vertex -13.722662125304783 -17.71448115739806 6
      vertex -1.0218702997561737 -17.171584925918445 6
    endloop
  endfacet
  facet normal 0 0 1
    outer loop
      vertex -13.08772803075393 -17.311539728327368 6
      vertex -13.392519615063012 -17.532983776506047 6
      vertex -1.2859843079495923 -17.026387021204837 6
    endloop
  endfacet
  facet normal 0 0 1
    outer loop
      vertex -12.813094117735766 -17.053641317786067 6
      vertex -13.08772803075393 -17.311539728327368 6
      vertex -1.529817575396855 -16.849231782661896 6
    endloop
  endfacet
  facet normal 0 0 1
    outer loop
      vertex -21.14484313710706 -20.922735529643443 6
      vertex -17.81395259764657 -22.49013364214136 6
      vertex 21.14484313710706 -20.922735529643443 6
    endloop
  endfacet
  facet normal 0 0 1
    outer loop
      vertex -21.14484313710706 -20.922735529643443 6
      vertex -0.15069724687035302 -17.395264148227852 6
      vertex -0.44971515500573955 -17.357489401748854 6
    endloop
  endfacet
  facet normal 0 0 1
    outer loop
      vertex -21.14484313710706 -20.922735529643443 6
      vertex 0.15069724687035302 -17.395264148227852 6
      vertex -0.15069724687035302 -17.395264148227852 6
    endloop
  endfacet
  facet normal 0 0 1
    outer loop
      vertex -21.14484313710706 -20.922735529643443 6
      vertex 0.44971515500573955 -17.357489401748854 6
      vertex 0.15069724687035302 -17.395264148227852 6
    endloop
  endfacet
  facet normal 0 0 1
    outer loop
      vertex -12.813094117735766 -17.053641317786067 6
      vertex -1.7495247058113879 -16.642913054228853 6
      vertex -12.572949016875157 -16.76335575687742 6
    endloop
  endfacet
  facet normal 0 0 1
    outer loop
      vertex -12.572949016875157 -16.76335575687742 6
      vertex -1.9416407864998737 -16.410684605501935 6
      vertex -12.37107995986841 -16.445261022305147 6
    endloop
  endfacet
  facet normal 0 0 1
    outer loop
      vertex -12.37107995986841 -16.445261022305147 6
      vertex -2.1031360321052723 -16.156208817844117 6
      vertex -12.210670542335247 -16.104373658054037 6
    endloop
  endfacet
  facet normal 0 0 1
    outer loop
      vertex -12.210670542335247 -16.104373658054037 6
      vertex -2.2314635661318034 -15.883498926443227 6
      vertex -12.094250516614107 -15.746069661494563 6
    endloop
  endfacet
  facet normal 0 0 1
    outer loop
      vertex -12.094250516614107 -15.746069661494563 6
      vertex -2.3245995867087146 -15.596855729195651 6
      vertex -12.023655896056567 -15.375999700692912 6
    endloop
  endfacet
  facet normal 0 0 1
    outer loop
      vertex -12.023655896056567 -15.375999700692912 6
      vertex -2.381075283154747 -15.30079976055433 6
      vertex -12 -15 6
    endloop
  endfacet
  facet normal 0 0 1
    outer loop
      vertex -12 -15 6
      vertex -2.381075283154747 -14.69920023944567 6
      vertex -12.023655896056567 -14.624000299307088 6
    endloop
  endfacet
  facet normal 0 0 1
    outer loop
      vertex -12.023655896056567 -14.624000299307088 6
      vertex -2.3245995867087146 -14.403144270804349 6
      vertex -12.094250516614107 -14.253930338505436 6
    endloop
  endfacet
  facet normal 0 0 1
    outer loop
      vertex -12.094250516614107 -14.253930338505436 6
      vertex -2.2314635661318034 -14.116501073556773 6
      vertex -12.210670542335246 -13.895626341945967 6
    endloop
  endfacet
  facet normal 0 0 1
    outer loop
      vertex -12.210670542335246 -13.895626341945967 6
      vertex -2.1031360321052723 -13.843791182155883 6
      vertex -12.371079959868409 -13.554738977694853 6
    endloop
  endfacet
  facet normal 0 0 1
    outer loop
      vertex -12.371079959868409 -13.554738977694853 6
      vertex -1.9416407864998737 -13.589315394498065 6
      vertex -12.572949016875157 -13.23664424312258 6
    endloop
  endfacet
  facet normal 0 0 1
    outer loop
      vertex -13.08772803075393 -17.311539728327368 6
      vertex -1.2859843079495923 -17.026387021204837 6
      vertex -1.529817575396855 -16.849231782661896 6
    endloop
  endfacet
  facet normal 0 0 1
    outer loop
      vertex -13.392519615063012 -17.532983776506047 6
      vertex -1.0218702997561737 -17.171584925918445 6
      vertex -1.2859843079495923 -17.026387021204837 6
    endloop
  endfacet
  facet normal 0 0 1
    outer loop
      vertex -13.722662125304783 -17.71448115739806 6
      vertex -0.7416407864998737 -17.282535639108367 6
      vertex -1.0218702997561737 -17.171584925918445 6
    endloop
  endfacet
  facet normal 0 0 1
    outer loop
      vertex -14.072949016875159 -17.85316954888546 6
      vertex -0.44971515500573955 -17.357489401748854 6
      vertex -0.7416407864998737 -17.282535639108367 6
    endloop
  endfacet
  facet normal 0 0 1
    outer loop
      vertex -21.14484313710706 -20.922735529643443 6
      vertex 14.072949016875159 -17.85316954888546 6
      vertex 0.44971515500573955 -17.357489401748854 6
    endloop
  endfacet
  facet normal 0 0 1
    outer loop
      vertex -12.813094117735766 -17.053641317786067 6
      vertex -1.529817575396855 -16.849231782661896 6
      vertex -1.7495247058113879 -16.642913054228853 6
    endloop
  endfacet
  facet normal 0 0 1
    outer loop
      vertex -12.572949016875157 -16.76335575687742 6
      vertex -1.7495247058113879 -16.642913054228853 6
      vertex -1.9416407864998737 -16.410684605501935 6
    endloop
  endfacet
  facet normal 0 0 1
    outer loop
      vertex -12.37107995986841 -16.445261022305147 6
      vertex -1.9416407864998737 -16.410684605501935 6
      vertex -2.1031360321052723 -16.156208817844117 6
    endloop
  endfacet
  facet normal 0 0 1
    outer loop
      vertex -12.210670542335247 -16.104373658054037 6
      vertex -2.1031360321052723 -16.156208817844117 6
      vertex -2.2314635661318034 -15.883498926443227 6
    endloop
  endfacet
  facet normal 0 0 1
    outer loop
      vertex -12.094250516614107 -15.746069661494563 6
      vertex -2.2314635661318034 -15.883498926443227 6
      vertex -2.3245995867087146 -15.596855729195651 6
    endloop
  endfacet
  facet normal 0 0 1
    outer loop
      vertex -12.023655896056567 -15.375999700692912 6
      vertex -2.3245995867087146 -15.596855729195651 6
      vertex -2.381075283154747 -15.30079976055433 6
    endloop
  endfacet
  facet normal 0 0 1
    outer loop
      vertex -12 -15 6
      vertex -2.381075283154747 -15.30079976055433 6
      vertex -2.4 -15 6
    endloop
  endfacet
  facet normal 0 0 1
    outer loop
      vertex -12 -15 6
      vertex -2.4 -15 6
      vertex -2.381075283154747 -14.69920023944567 6
    endloop
  endfacet
  facet normal 0 0 1
    outer loop
      vertex -12.023655896056567 -14.624000299307088 6
      vertex -2.381075283154747 -14.69920023944567 6
      vertex -2.3245995867087146 -14.403144270804349 6
    endloop
  endfacet
  facet normal 0 0 1
    outer loop
      vertex -12.094250516614107 -14.253930338505436 6
      vertex -2.3245995867087146 -14.403144270804349 6
      vertex -2.2314635661318034 -14.116501073556773 6
    endloop
  endfacet
  facet normal 0 0 1
    outer loop
      vertex -12.210670542335246 -13.895626341945967 6
      vertex -2.2314635661318034 -14.116501073556773 6
      vertex -2.1031360321052723 -13.843791182155883 6
    endloop
  endfacet
  facet normal 0 0 1
    outer loop
      vertex -12.371079959868409 -13.554738977694853 6
      vertex -2.1031360321052723 -13.843791182155883 6
      vertex -1.9416407864998737 -13.589315394498065 6
    endloop
  endfacet
  facet normal 0 0 1
    outer loop
      vertex -12.572949016875157 -13.23664424312258 6
      vertex -1.9416407864998737 -13.589315394498065 6
      vertex -1.7495247058113879 -13.357086945771147 6
    endloop
  endfacet
  facet normal 0 0 1
    outer loop
      vertex -13.39251961506301 -12.467016223493955 6
      vertex -13.087728030753931 -12.688460271672632 6
      vertex -6.067627457812106 -4.408389392193548 6
    endloop
  endfacet
  facet normal 0 0 1
    outer loop
      vertex -12.572949016875157 -13.23664424312258 6
      vertex -4.780679923115172 -5.77884932081842 6
      vertex -12.813094117735766 -12.946358682213933 6
    endloop
  endfacet
  facet normal 0 0 1
    outer loop
      vertex -13.087728030753931 -12.688460271672632 6
      vertex -12.813094117735766 -12.946358682213933 6
      vertex -5.467264705660588 -5.134103294465164 6
    endloop
  endfacet
  facet normal 0 0 1
    outer loop
      vertex -13.722662125304781 -12.285518842601942 6
      vertex -13.39251961506301 -12.467016223493955 6
      vertex -6.572300100328976 -3.6131525557628654 6
    endloop
  endfacet
  facet normal 0 0 1
    outer loop
      vertex -13.39251961506301 -12.467016223493955 6
      vertex -6.067627457812106 -4.408389392193548 6
      vertex -6.572300100328976 -3.6131525557628654 6
    endloop
  endfacet
  facet normal 0 0 1
    outer loop
      vertex -12.572949016875157 -13.23664424312258 6
      vertex -4.018700962342476 -6.3324594412651125 6
      vertex -4.780679923115172 -5.77884932081842 6
    endloop
  endfacet
  facet normal 0 0 1
    outer loop
      vertex -12.572949016875157 -13.23664424312258 6
      vertex -1.7495247058113879 -13.357086945771147 6
      vertex -3.193344686738043 -6.786202893495147 6
    endloop
  endfacet
  facet normal 0 0 1
    outer loop
      vertex -12.572949016875157 -13.23664424312258 6
      vertex -3.193344686738043 -6.786202893495147 6
      vertex -4.018700962342476 -6.3324594412651125 6
    endloop
  endfacet
  facet normal 0 0 1
    outer loop
      vertex -13.087728030753931 -12.688460271672632 6
      vertex -5.467264705660588 -5.134103294465164 6
      vertex -6.067627457812106 -4.408389392193548 6
    endloop
  endfacet
  facet normal 0 0 1
    outer loop
      vertex -12.813094117735766 -12.946358682213933 6
      vertex -4.780679923115172 -5.77884932081842 6
      vertex -5.467264705660588 -5.134103294465164 6
    endloop
  endfacet
  facet normal 0 0 1
    outer loop
      vertex -13.470182424603145 -1.8492317826618936 6
      vertex -6.973323644161886 -2.760934145135084 6
      vertex -13.250475294188613 -1.6429130542288524 6
    endloop
  endfacet
  facet normal 0 0 1
    outer loop
      vertex -13.250475294188613 -1.6429130542288524 6
      vertex -6.973323644161886 -2.760934145135084 6
      vertex -13.058359213500125 -1.4106846055019355 6
    endloop
  endfacet
  facet normal 0 0 1
    outer loop
      vertex -13.058359213500125 -1.4106846055019355 6
      vertex -7.264373708464733 -1.8651741537364113 6
      vertex -12.896863967894728 -1.1562088178441168 6
    endloop
  endfacet
  facet normal 0 0 1
    outer loop
      vertex -12.896863967894728 -1.1562088178441168 6
      vertex -7.264373708464733 -1.8651741537364113 6
      vertex -12.768536433868197 -0.883498926443228 6
    endloop
  endfacet
  facet normal 0 0 1
    outer loop
      vertex -12.768536433868197 -0.883498926443228 6
      vertex -7.440860259858584 -0.9399992517322805 6
      vertex -12.675400413291285 -0.5968557291956507 6
    endloop
  endfacet
  facet normal 0 0 1
    outer loop
      vertex -12.675400413291285 -0.5968557291956507 6
      vertex -7.440860259858584 -0.9399992517322805 6
      vertex -12.618924716845253 -0.3007997605543297 6
    endloop
  endfacet
  facet normal 0 0 1
    outer loop
      vertex -12.618924716845253 -0.3007997605543297 6
      vertex -7.5 0 6
      vertex -12.6 0 6
    endloop
  endfacet
  facet normal 0 0 1
    outer loop
      vertex -13.470182424603145 -1.8492317826618936 6
      vertex -6.572300100328976 -3.6131525557628654 6
      vertex -6.973323644161886 -2.760934145135084 6
    endloop
  endfacet
  facet normal 0 0 1
    outer loop
      vertex -13.058359213500125 -1.4106846055019355 6
      vertex -6.973323644161886 -2.760934145135084 6
      vertex -7.264373708464733 -1.8651741537364113 6
    endloop
  endfacet
  facet normal 0 0 1
    outer loop
      vertex -12.768536433868197 -0.883498926443228 6
      vertex -7.264373708464733 -1.8651741537364113 6
      vertex -7.440860259858584 -0.9399992517322805 6
    endloop
  endfacet
  facet normal 0 0 1
    outer loop
      vertex -12.618924716845253 -0.3007997605543297 6
      vertex -7.440860259858584 -0.9399992517322805 6
      vertex -7.5 0 6
    endloop
  endfacet
  facet normal 0 0 1
    outer loop
      vertex -1.7495247058113879 -13.357086945771147 6
      vertex -1.529817575396855 -13.150768217338106 6
      vertex -3.193344686738043 -6.786202893495147 6
    endloop
  endfacet
  facet normal 0 0 1
    outer loop
      vertex -1.529817575396855 -13.150768217338106 6
      vertex -1.2859843079495923 -12.973612978795163 6
      vertex -2.3176274578121054 -7.132923872213651 6
    endloop
  endfacet
  facet normal 0 0 1
    outer loop
      vertex -1.2859843079495923 -12.973612978795163 6
      vertex -1.0218702997561744 -12.828415074081553 6
      vertex -2.3176274578121054 -7.132923872213651 6
    endloop
  endfacet
  facet normal 0 0 1
    outer loop
      vertex -1.529817575396855 -13.150768217338106 6
      vertex -2.3176274578121054 -7.132923872213651 6
      vertex -3.193344686738043 -6.786202893495147 6
    endloop
  endfacet
  facet normal 0 0 1
    outer loop
      vertex -1.0218702997561744 -12.828415074081553 6
      vertex -1.4053598593929362 -7.3671543804651645 6
      vertex -2.3176274578121054 -7.132923872213651 6
    endloop
  endfacet
  facet normal 0 0 1
    outer loop
      vertex -0.7416407864998737 -12.717464360891633 6
      vertex -1.4053598593929362 -7.3671543804651645 6
      vertex -1.0218702997561744 -12.828415074081553 6
    endloop
  endfacet
  facet normal 0 0 1
    outer loop
      vertex -0.7416407864998737 -12.717464360891633 6
      vertex -0.44971515500573894 -12.642510598251146 6
      vertex -1.4053598593929362 -7.3671543804651645 6
    endloop
  endfacet
  facet normal 0 0 1
    outer loop
      vertex -0.15069724687035185 -12.604735851772148 6
      vertex -0.4709288964698532 -7.485200463212037 6
      vertex -0.44971515500573894 -12.642510598251146 6
    endloop
  endfacet
  facet normal 0 0 1
    outer loop
      vertex -0.15069724687035185 -12.604735851772148 6
      vertex 0.15069724687035185 -12.604735851772148 6
      vertex -0.4709288964698532 -7.485200463212037 6
    endloop
  endfacet
  facet normal 0 0 1
    outer loop
      vertex -0.44971515500573894 -12.642510598251146 6
      vertex -0.4709288964698532 -7.485200463212037 6
      vertex -1.4053598593929362 -7.3671543804651645 6
    endloop
  endfacet
  facet normal 0 0 1
    outer loop
      vertex -3.23606797749979 -2.3511410091698925 6
      vertex -2.9158745096856467 -2.738188423714754 6
      vertex -2.4270509831248424 -1.7633557568774194 6
    endloop
  endfacet
  facet normal 0 0 1
    outer loop
      vertex -3.719105943553006 -1.4724982107387115 6
      vertex -3.505226720175454 -1.9270146964068615 6
      vertex -2.7893294576647545 -1.1043736580540335 6
    endloop
  endfacet
  facet normal 0 0 1
    outer loop
      vertex -3.505226720175454 -1.9270146964068615 6
      vertex -3.23606797749979 -2.3511410091698925 6
      vertex -2.6289200401315904 -1.445261022305146 6
    endloop
  endfacet
  facet normal 0 0 1
    outer loop
      vertex -2.7893294576647545 -1.1043736580540335 6
      vertex -3.505226720175454 -1.9270146964068615 6
      vertex -2.6289200401315904 -1.445261022305146 6
    endloop
  endfacet
  facet normal 0 0 1
    outer loop
      vertex -3.9684588052579115 -0.5013329342572163 6
      vertex -3.8743326445145243 -0.9947595486594194 6
      vertex -2.9763441039434335 -0.3759997006929122 6
    endloop
  endfacet
  facet normal 0 0 1
    outer loop
      vertex -4 0 6
      vertex -3.9684588052579115 -0.5013329342572163 6
      vertex -3 0 6
    endloop
  endfacet
  facet normal 0 0 1
    outer loop
      vertex -3.8743326445145243 -0.9947595486594194 6
      vertex -3.719105943553006 -1.4724982107387115 6
      vertex -2.9057494833858932 -0.7460696614945646 6
    endloop
  endfacet
  facet normal 0 0 1
    outer loop
      vertex -2.9057494833858932 -0.7460696614945646 6
      vertex -2.9763441039434335 -0.3759997006929122 6
      vertex -3.8743326445145243 -0.9947595486594194 6
    endloop
  endfacet
  facet normal 0 0 1
    outer loop
      vertex -2.9057494833858932 -0.7460696614945646 6
      vertex -3.719105943553006 -1.4724982107387115 6
      vertex -2.7893294576647545 -1.1043736580540335 6
    endloop
  endfacet
  facet normal 0 0 1
    outer loop
      vertex -3 0 6
      vertex -3.9684588052579115 -0.5013329342572163 6
      vertex -2.9763441039434335 -0.3759997006929122 6
    endloop
  endfacet
  facet normal 0 0 1
    outer loop
      vertex -2.143307179915987 -3.37731170200806 6
      vertex -1.9122719692460688 -2.311539728327368 6
      vertex -2.5496959589947585 -3.0820529711031575 6
    endloop
  endfacet
  facet normal 0 0 1
    outer loop
      vertex -2.143307179915987 -3.37731170200806 6
      vertex -1.7031171662602897 -3.6193082098640783 6
      vertex -1.6074803849369903 -2.532983776506045 6
    endloop
  endfacet
  facet normal 0 0 1
    outer loop
      vertex -1.6074803849369903 -2.532983776506045 6
      vertex -1.7031171662602897 -3.6193082098640783 6
      vertex -1.2773378746952173 -2.7144811573980587 6
    endloop
  endfacet
  facet normal 0 0 1
    outer loop
      vertex -1.2360679774997896 -3.804226065180614 6
      vertex -0.7495252583428993 -3.9291490029147544 6
      vertex -0.9270509831248421 -2.8531695488854605 6
    endloop
  endfacet
  facet normal 0 0 1
    outer loop
      vertex -1.7031171662602897 -3.6193082098640783 6
      vertex -1.2360679774997896 -3.804226065180614 6
      vertex -1.2773378746952173 -2.7144811573980587 6
    endloop
  endfacet
  facet normal 0 0 1
    outer loop
      vertex -1.2773378746952173 -2.7144811573980587 6
      vertex -1.2360679774997896 -3.804226065180614 6
      vertex -0.9270509831248421 -2.8531695488854605 6
    endloop
  endfacet
  facet normal 0 0 1
    outer loop
      vertex -0.9270509831248421 -2.8531695488854605 6
      vertex -0.7495252583428993 -3.9291490029147544 6
      vertex -0.5621439437571745 -2.9468617521860656 6
    endloop
  endfacet
  facet normal 0 0 1
    outer loop
      vertex -0.7495252583428993 -3.9291490029147544 6
      vertex -0.25116207811725505 -3.9921069137130862 6
      vertex -0.5621439437571745 -2.9468617521860656 6
    endloop
  endfacet
  facet normal 0 0 1
    outer loop
      vertex 0.25116207811725505 -3.9921069137130862 6
      vertex -0.1883715585879413 -2.9940801852848145 6
      vertex -0.25116207811725505 -3.9921069137130862 6
    endloop
  endfacet
  facet normal 0 0 1
    outer loop
      vertex -0.5621439437571745 -2.9468617521860656 6
      vertex -0.25116207811725505 -3.9921069137130862 6
      vertex -0.1883715585879413 -2.9940801852848145 6
    endloop
  endfacet
  facet normal 0 0 1
    outer loop
      vertex -2.9158745096856467 -2.738188423714754 6
      vertex -2.5496959589947585 -3.0820529711031575 6
      vertex -2.186905882264235 -2.0536413177860657 6
    endloop
  endfacet
  facet normal 0 0 1
    outer loop
      vertex -2.9158745096856467 -2.738188423714754 6
      vertex -2.186905882264235 -2.0536413177860657 6
      vertex -2.4270509831248424 -1.7633557568774194 6
    endloop
  endfacet
  facet normal 0 0 1
    outer loop
      vertex -2.5496959589947585 -3.0820529711031575 6
      vertex -1.9122719692460688 -2.311539728327368 6
      vertex -2.186905882264235 -2.0536413177860657 6
    endloop
  endfacet
  facet normal 0 0 1
    outer loop
      vertex -2.6289200401315904 -1.445261022305146 6
      vertex -3.23606797749979 -2.3511410091698925 6
      vertex -2.4270509831248424 -1.7633557568774194 6
    endloop
  endfacet
  facet normal 0 0 1
    outer loop
      vertex -2.143307179915987 -3.37731170200806 6
      vertex -1.6074803849369903 -2.532983776506045 6
      vertex -1.9122719692460688 -2.311539728327368 6
    endloop
  endfacet
  facet normal 0 0 -1
    outer loop
      vertex -21.14484313710706 20.922735529643443 -6
      vertex -17.4 0 -6
      vertex -18 -15 -6
    endloop
  endfacet
  facet normal 0 0 -1
    outer loop
      vertex -17.4 0 -6
      vertex -17.905749483385893 14.253930338505436 -6
      vertex -17.381075283154747 0.3007997605543297 -6
    endloop
  endfacet
  facet normal 0 0 -1
    outer loop
      vertex -17.381075283154747 0.3007997605543297 -6
      vertex -17.789329457664756 13.895626341945967 -6
      vertex -17.324599586708715 0.5968557291956517 -6
    endloop
  endfacet
  facet normal 0 0 -1
    outer loop
      vertex -17.324599586708715 0.5968557291956517 -6
      vertex -17.62892004013159 13.554738977694853 -6
      vertex -17.231463566131804 0.8834989264432268 -6
    endloop
  endfacet
  facet normal 0 0 -1
    outer loop
      vertex -17.231463566131804 0.8834989264432268 -6
      vertex -17.427050983124843 13.23664424312258 -6
      vertex -17.103136032105272 1.1562088178441168 -6
    endloop
  endfacet
  facet normal 0 0 -1
    outer loop
      vertex -17.103136032105272 1.1562088178441168 -6
      vertex -17.186905882264234 12.946358682213933 -6
      vertex -16.941640786499875 1.4106846055019355 -6
    endloop
  endfacet
  facet normal 0 0 -1
    outer loop
      vertex -16.941640786499875 1.4106846055019355 -6
      vertex -17.186905882264234 12.946358682213933 -6
      vertex -16.74952470581139 1.6429130542288524 -6
    endloop
  endfacet
  facet normal 0 0 -1
    outer loop
      vertex -21.14484313710706 -20.922735529643443 -6
      vertex -22.5 17.5 -6
      vertex -21.14484313710706 20.922735529643443 -6
    endloop
  endfacet
  facet normal 0 0 -1
    outer loop
      vertex -17.381075283154747 0.3007997605543297 -6
      vertex -17.905749483385893 14.253930338505436 -6
      vertex -17.789329457664756 13.895626341945967 -6
    endloop
  endfacet
  facet normal 0 0 -1
    outer loop
      vertex -17.324599586708715 0.5968557291956517 -6
      vertex -17.789329457664756 13.895626341945967 -6
      vertex -17.62892004013159 13.554738977694853 -6
    endloop
  endfacet
  facet normal 0 0 -1
    outer loop
      vertex -17.4 0 -6
      vertex -17.976344103943433 14.624000299307088 -6
      vertex -17.905749483385893 14.253930338505436 -6
    endloop
  endfacet
  facet normal 0 0 -1
    outer loop
      vertex -17.103136032105272 1.1562088178441168 -6
      vertex -17.427050983124843 13.23664424312258 -6
      vertex -17.186905882264234 12.946358682213933 -6
    endloop
  endfacet
  facet normal 0 0 -1
    outer loop
      vertex -16.74952470581139 1.6429130542288524 -6
      vertex -17.186905882264234 12.946358682213933 -6
      vertex -16.91227196924607 12.688460271672632 -6
    endloop
  endfacet
  facet normal 0 0 -1
    outer loop
      vertex -17.231463566131804 0.8834989264432268 -6
      vertex -17.62892004013159 13.554738977694853 -6
      vertex -17.427050983124843 13.23664424312258 -6
    endloop
  endfacet
  facet normal 0 0 -1
    outer loop
      vertex -17.4 0 -6
      vertex -18 15 -6
      vertex -17.976344103943433 14.624000299307088 -6
    endloop
  endfacet
  facet normal 0 0 -1
    outer loop
      vertex -16.74952470581139 1.6429130542288524 -6
      vertex -16.91227196924607 12.688460271672632 -6
      vertex -16.529817575396855 1.8492317826618945 -6
    endloop
  endfacet
  facet normal 0 0 -1
    outer loop
      vertex -16.529817575396855 1.8492317826618945 -6
      vertex -16.60748038493699 12.467016223493955 -6
      vertex -16.285984307949594 2.026387021204836 -6
    endloop
  endfacet
  facet normal 0 0 -1
    outer loop
      vertex -16.285984307949594 2.026387021204836 -6
      vertex -16.277337874695217 12.285518842601942 -6
      vertex -16.021870299756173 2.1715849259184465 -6
    endloop
  endfacet
  facet normal 0 0 -1
    outer loop
      vertex -16.021870299756173 2.1715849259184465 -6
      vertex -15.927050983124841 12.146830451114539 -6
      vertex -15.741640786499874 2.282535639108368 -6
    endloop
  endfacet
  facet normal 0 0 -1
    outer loop
      vertex -15.741640786499874 2.282535639108368 -6
      vertex -15.562143943757174 12.053138247813934 -6
      vertex -15.44971515500574 2.357489401748853 -6
    endloop
  endfacet
  facet normal 0 0 -1
    outer loop
      vertex -15.44971515500574 2.357489401748853 -6
      vertex -15.188371558587942 12.005919814715185 -6
      vertex -15.150697246870353 2.395264148227852 -6
    endloop
  endfacet
  facet normal 0 0 -1
    outer loop
      vertex -15.150697246870353 2.395264148227852 -6
      vertex -14.811628441412058 12.005919814715185 -6
      vertex -14.849302753129647 2.395264148227852 -6
    endloop
  endfacet
  facet normal 0 0 -1
    outer loop
      vertex -14.849302753129647 2.395264148227852 -6
      vertex -14.811628441412058 12.005919814715185 -6
      vertex -14.55028484499426 2.357489401748853 -6
    endloop
  endfacet
  facet normal 0 0 -1
    outer loop
      vertex -14.55028484499426 2.357489401748853 -6
      vertex -14.437856056242826 12.053138247813934 -6
      vertex -14.258359213500126 2.282535639108368 -6
    endloop
  endfacet
  facet normal 0 0 -1
    outer loop
      vertex -13.978129700243827 2.1715849259184465 -6
      vertex -14.258359213500126 2.282535639108368 -6
      vertex -14.072949016875159 12.146830451114539 -6
    endloop
  endfacet
  facet normal 0 0 -1
    outer loop
      vertex -13.978129700243827 2.1715849259184465 -6
      vertex -13.722662125304783 12.285518842601942 -6
      vertex -13.714015692050408 2.0263870212048363 -6
    endloop
  endfacet
  facet normal 0 0 -1
    outer loop
      vertex -13.470182424603145 1.8492317826618938 -6
      vertex -13.722662125304783 12.285518842601942 -6
      vertex -13.250475294188613 1.6429130542288528 -6
    endloop
  endfacet
  facet normal 0 0 -1
    outer loop
      vertex -13.714015692050408 2.0263870212048363 -6
      vertex -13.722662125304783 12.285518842601942 -6
      vertex -13.470182424603145 1.8492317826618938 -6
    endloop
  endfacet
  facet normal 0 0 -1
    outer loop
      vertex -12.896863967894728 1.1562088178441168 -6
      vertex -13.058359213500125 1.4106846055019355 -6
      vertex -13.722662125304783 12.285518842601942 -6
    endloop
  endfacet
  facet normal 0 0 -1
    outer loop
      vertex -13.058359213500125 1.4106846055019355 -6
      vertex -13.250475294188613 1.6429130542288528 -6
      vertex -13.722662125304783 12.285518842601942 -6
    endloop
  endfacet
  facet normal 0 0 -1
    outer loop
      vertex -16.529817575396855 1.8492317826618945 -6
      vertex -16.91227196924607 12.688460271672632 -6
      vertex -16.60748038493699 12.467016223493955 -6
    endloop
  endfacet
  facet normal 0 0 -1
    outer loop
      vertex -16.285984307949594 2.026387021204836 -6
      vertex -16.60748038493699 12.467016223493955 -6
      vertex -16.277337874695217 12.285518842601942 -6
    endloop
  endfacet
  facet normal 0 0 -1
    outer loop
      vertex -16.021870299756173 2.1715849259184465 -6
      vertex -16.277337874695217 12.285518842601942 -6
      vertex -15.927050983124841 12.146830451114539 -6
    endloop
  endfacet
  facet normal 0 0 -1
    outer loop
      vertex -15.741640786499874 2.282535639108368 -6
      vertex -15.927050983124841 12.146830451114539 -6
      vertex -15.562143943757174 12.053138247813934 -6
    endloop
  endfacet
  facet normal 0 0 -1
    outer loop
      vertex -15.44971515500574 2.357489401748853 -6
      vertex -15.562143943757174 12.053138247813934 -6
      vertex -15.188371558587942 12.005919814715185 -6
    endloop
  endfacet
  facet normal 0 0 -1
    outer loop
      vertex -15.150697246870353 2.395264148227852 -6
      vertex -15.188371558587942 12.005919814715185 -6
      vertex -14.811628441412058 12.005919814715185 -6
    endloop
  endfacet
  facet normal 0 0 -1
    outer loop
      vertex -14.55028484499426 2.357489401748853 -6
      vertex -14.811628441412058 12.005919814715185 -6
      vertex -14.437856056242826 12.053138247813934 -6
    endloop
  endfacet
  facet normal 0 0 -1
    outer loop
      vertex -14.258359213500126 2.282535639108368 -6
      vertex -14.437856056242826 12.053138247813934 -6
      vertex -14.072949016875159 12.146830451114539 -6
    endloop
  endfacet
  facet normal 0 0 -1
    outer loop
      vertex -13.978129700243827 2.1715849259184465 -6
      vertex -14.072949016875159 12.146830451114539 -6
      vertex -13.722662125304783 12.285518842601942 -6
    endloop
  endfacet
  facet normal 0 0 -1
    outer loop
      vertex -21.14484313710706 20.922735529643443 -6
      vertex -18 15 -6
      vertex -17.4 0 -6
    endloop
  endfacet
  facet normal 0 0 -1
    outer loop
      vertex -22.5 17.5 -6
      vertex -22.460573506572388 18.12666616782152 -6
      vertex -22.342915805643155 18.743449435824274 -6
    endloop
  endfacet
  facet normal 0 0 -1
    outer loop
      vertex -22.5 17.5 -6
      vertex -22.342915805643155 18.743449435824274 -6
      vertex -22.148882429441258 19.34062276342339 -6
    endloop
  endfacet
  facet normal 0 0 -1
    outer loop
      vertex -22.5 17.5 -6
      vertex -22.148882429441258 19.34062276342339 -6
      vertex -21.14484313710706 20.922735529643443 -6
    endloop
  endfacet
  facet normal 0 0 -1
    outer loop
      vertex -22.148882429441258 19.34062276342339 -6
      vertex -21.88153340021932 19.908768370508575 -6
      vertex -21.14484313710706 20.922735529643443 -6
    endloop
  endfacet
  facet normal 0 0 -1
    outer loop
      vertex -21.88153340021932 19.908768370508575 -6
      vertex -21.545084971874736 20.438926261462367 -6
      vertex -21.14484313710706 20.922735529643443 -6
    endloop
  endfacet
  facet normal 0 0 -1
    outer loop
      vertex -21.14484313710706 20.922735529643443 -6
      vertex -20.687119948743447 21.352566213878948 -6
      vertex -20.179133974894985 21.721639627510076 -6
    endloop
  endfacet
  facet normal 0 0 -1
    outer loop
      vertex -21.14484313710706 20.922735529643443 -6
      vertex -20.179133974894985 21.721639627510076 -6
      vertex -19.628896457825363 22.0241352623301 -6
    endloop
  endfacet
  facet normal 0 0 -1
    outer loop
      vertex -21.14484313710706 20.922735529643443 -6
      vertex -17.976344103943433 15.375999700692912 -6
      vertex -18 15 -6
    endloop
  endfacet
  facet normal 0 0 -1
    outer loop
      vertex -21.14484313710706 20.922735529643443 -6
      vertex -17.905749483385893 15.746069661494564 -6
      vertex -17.976344103943433 15.375999700692912 -6
    endloop
  endfacet
  facet normal 0 0 -1
    outer loop
      vertex -21.14484313710706 20.922735529643443 -6
      vertex -17.789329457664756 16.104373658054033 -6
      vertex -17.905749483385893 15.746069661494564 -6
    endloop
  endfacet
  facet normal 0 0 -1
    outer loop
      vertex -21.14484313710706 20.922735529643443 -6
      vertex -17.62892004013159 16.445261022305147 -6
      vertex -17.789329457664756 16.104373658054033 -6
    endloop
  endfacet
  facet normal 0 0 -1
    outer loop
      vertex -21.14484313710706 20.922735529643443 -6
      vertex -17.427050983124843 16.76335575687742 -6
      vertex -17.62892004013159 16.445261022305147 -6
    endloop
  endfacet
  facet normal 0 0 -1
    outer loop
      vertex -21.14484313710706 20.922735529643443 -6
      vertex -17.186905882264234 17.053641317786067 -6
      vertex -17.427050983124843 16.76335575687742 -6
    endloop
  endfacet
  facet normal 0 0 -1
    outer loop
      vertex -21.14484313710706 20.922735529643443 -6
      vertex -16.91227196924607 17.311539728327368 -6
      vertex -17.186905882264234 17.053641317786067 -6
    endloop
  endfacet
  facet normal 0 0 -1
    outer loop
      vertex -21.14484313710706 20.922735529643443 -6
      vertex -16.60748038493699 17.532983776506043 -6
      vertex -16.91227196924607 17.311539728327368 -6
    endloop
  endfacet
  facet normal 0 0 -1
    outer loop
      vertex -21.14484313710706 20.922735529643443 -6
      vertex -16.277337874695217 17.71448115739806 -6
      vertex -16.60748038493699 17.532983776506043 -6
    endloop
  endfacet
  facet normal 0 0 -1
    outer loop
      vertex -21.14484313710706 20.922735529643443 -6
      vertex -15.927050983124841 17.85316954888546 -6
      vertex -16.277337874695217 17.71448115739806 -6
    endloop
  endfacet
  facet normal 0 0 -1
    outer loop
      vertex -21.14484313710706 20.922735529643443 -6
      vertex -15.562143943757174 17.946861752186066 -6
      vertex -15.927050983124841 17.85316954888546 -6
    endloop
  endfacet
  facet normal 0 0 -1
    outer loop
      vertex -21.14484313710706 20.922735529643443 -6
      vertex -15.18837155858794 17.994080185284815 -6
      vertex -15.562143943757174 17.946861752186066 -6
    endloop
  endfacet
  facet normal 0 0 -1
    outer loop
      vertex -21.14484313710706 20.922735529643443 -6
      vertex -14.81162844141206 17.994080185284815 -6
      vertex -15.18837155858794 17.994080185284815 -6
    endloop
  endfacet
  facet normal 0 0 -1
    outer loop
      vertex -21.14484313710706 20.922735529643443 -6
      vertex -19.628896457825363 22.0241352623301 -6
      vertex -17.813952597646566 22.49013364214136 -6
    endloop
  endfacet
  facet normal 0 0 -1
    outer loop
      vertex -19.628896457825363 22.0241352623301 -6
      vertex -19.045084971874736 22.255282581475768 -6
      vertex -18.436906572928624 22.411436253643444 -6
    endloop
  endfacet
  facet normal 0 0 -1
    outer loop
      vertex -19.628896457825363 22.0241352623301 -6
      vertex -18.436906572928624 22.411436253643444 -6
      vertex -17.813952597646566 22.49013364214136 -6
    endloop
  endfacet
  facet normal 0 0 -1
    outer loop
      vertex -21.14484313710706 20.922735529643443 -6
      vertex -14.437856056242826 17.946861752186066 -6
      vertex -14.81162844141206 17.994080185284815 -6
    endloop
  endfacet
  facet normal 0 0 -1
    outer loop
      vertex -21.14484313710706 20.922735529643443 -6
      vertex -0.44971515500573894 17.357489401748854 -6
      vertex -14.437856056242826 17.946861752186066 -6
    endloop
  endfacet
  facet normal -0.9980267284282714 0.06279051952931593 0
    outer loop
      vertex -22.5 17.5 -6
      vertex -22.460573506572388 18.12666616782152 6
      vertex -22.460573506572388 18.12666616782152 -6
    endloop
  endfacet
  facet normal -0.9822872507286892 0.18738131458572183 0
    outer loop
      vertex -22.460573506572388 18.12666616782152 -6
      vertex -22.460573506572388 18.12666616782152 6
      vertex -22.342915805643155 18.743449435824274 -6
    endloop
  endfacet
  facet normal -0.9510565162951541 0.30901699437494573 0
    outer loop
      vertex -22.342915805643155 18.743449435824274 -6
      vertex -22.342915805643155 18.743449435824274 6
      vertex -22.148882429441258 19.34062276342339 -6
    endloop
  endfacet
  facet normal -0.9048270524660187 0.42577929156507455 0
    outer loop
      vertex -22.148882429441258 19.34062276342339 -6
      vertex -21.88153340021932 19.908768370508575 6
      vertex -21.88153340021932 19.908768370508575 -6
    endloop
  endfacet
  facet normal -0.8443279255020154 0.5358267949789961 0
    outer loop
      vertex -21.88153340021932 19.908768370508575 -6
      vertex -21.545084971874736 20.438926261462367 6
      vertex -21.545084971874736 20.438926261462367 -6
    endloop
  endfacet
  facet normal -0.7705132427757907 0.6374239897486881 0
    outer loop
      vertex -21.545084971874736 20.438926261462367 -6
      vertex -21.545084971874736 20.438926261462367 6
      vertex -21.14484313710706 20.922735529643443 -6
    endloop
  endfacet
  facet normal -0.6845471059286876 0.7289686274214126 0
    outer loop
      vertex -21.14484313710706 20.922735529643443 -6
      vertex -21.14484313710706 20.922735529643443 6
      vertex -20.687119948743447 21.352566213878948 -6
    endloop
  endfacet
  facet normal -0.5877852522924736 0.8090169943749471 0
    outer loop
      vertex -20.687119948743447 21.352566213878948 -6
      vertex -20.179133974894985 21.721639627510076 6
      vertex -20.179133974894985 21.721639627510076 -6
    endloop
  endfacet
  facet normal -0.48175367410171455 0.876306680043864 0
    outer loop
      vertex -20.179133974894985 21.721639627510076 -6
      vertex -19.628896457825363 22.0241352623301 6
      vertex -19.628896457825363 22.0241352623301 -6
    endloop
  endfacet
  facet normal -0.3681245526846774 0.9297764858882517 0
    outer loop
      vertex -19.628896457825363 22.0241352623301 -6
      vertex -19.628896457825363 22.0241352623301 6
      vertex -19.045084971874736 22.255282581475768 -6
    endloop
  endfacet
  facet normal -0.24868988716485604 0.9685831611286309 0
    outer loop
      vertex -19.045084971874736 22.255282581475768 -6
      vertex -18.436906572928624 22.411436253643444 6
      vertex -18.436906572928624 22.411436253643444 -6
    endloop
  endfacet
  facet normal -0.12533323356430434 0.9921147013144779 0
    outer loop
      vertex -18.436906572928624 22.411436253643444 -6
      vertex -17.813952597646566 22.49013364214136 6
      vertex -17.813952597646566 22.49013364214136 -6
    endloop
  endfacet
  facet normal 0 0 -1
    outer loop
      vertex -12.618924716845253 -0.3007997605543297 -6
      vertex -7.440860259858584 0.9399992517322805 -6
      vertex -7.5 0 -6
    endloop
  endfacet
  facet normal 0 0 -1
    outer loop
      vertex -12.618924716845253 -0.3007997605543297 -6
      vertex -7.264373708464733 1.8651741537364113 -6
      vertex -7.440860259858584 0.9399992517322805 -6
    endloop
  endfacet
  facet normal 0 0 -1
    outer loop
      vertex -12.618924716845253 -0.3007997605543297 -6
      vertex -6.973323644161886 2.760934145135084 -6
      vertex -7.264373708464733 1.8651741537364113 -6
    endloop
  endfacet
  facet normal 0 0 -1
    outer loop
      vertex -12.618924716845253 -0.3007997605543297 -6
      vertex -6.572300100328976 3.6131525557628654 -6
      vertex -6.973323644161886 2.760934145135084 -6
    endloop
  endfacet
  facet normal 0 0 -1
    outer loop
      vertex -12.618924716845253 -0.3007997605543297 -6
      vertex -6.067627457812106 4.408389392193548 -6
      vertex -6.572300100328976 3.6131525557628654 -6
    endloop
  endfacet
  facet normal 0 0 -1
    outer loop
      vertex -12.618924716845253 -0.3007997605543297 -6
      vertex -12.6 0 -6
      vertex 0.44971515500573955 12.642510598251148 -6
    endloop
  endfacet
  facet normal 0 0 -1
    outer loop
      vertex -12.675400413291285 0.5968557291956514 -6
      vertex 0.44971515500573955 12.642510598251148 -6
      vertex -12.618924716845253 0.3007997605543302 -6
    endloop
  endfacet
  facet normal 0 0 -1
    outer loop
      vertex -12.6 0 -6
      vertex -12.618924716845253 0.3007997605543302 -6
      vertex 0.44971515500573955 12.642510598251148 -6
    endloop
  endfacet
  facet normal 0 0 -1
    outer loop
      vertex -12.675400413291285 0.5968557291956514 -6
      vertex -12.768536433868197 0.8834989264432271 -6
      vertex 0.44971515500573955 12.642510598251148 -6
    endloop
  endfacet
  facet normal 0 0 -1
    outer loop
      vertex -12.768536433868197 0.8834989264432271 -6
      vertex -12.896863967894728 1.1562088178441168 -6
      vertex 0.44971515500573955 12.642510598251148 -6
    endloop
  endfacet
  facet normal 0 0 -1
    outer loop
      vertex -12.618924716845253 -0.3007997605543297 -6
      vertex 0.44971515500573955 12.642510598251148 -6
      vertex -6.067627457812106 4.408389392193548 -6
    endloop
  endfacet
  facet normal 0 0 -1
    outer loop
      vertex -12.896863967894728 1.1562088178441168 -6
      vertex -13.722662125304783 12.285518842601942 -6
      vertex -0.7416407864998737 12.717464360891633 -6
    endloop
  endfacet
  facet normal 0 0 -1
    outer loop
      vertex -4 0 -6
      vertex -3.9684588052579115 0.5013329342572163 -6
      vertex -3 0 -6
    endloop
  endfacet
  facet normal 0 0 -1
    outer loop
      vertex -3.9684588052579115 0.5013329342572163 -6
      vertex -3.8743326445145243 0.9947595486594194 -6
      vertex -2.9763441039434335 0.3759997006929122 -6
    endloop
  endfacet
  facet normal 0 0 -1
    outer loop
      vertex -3.9684588052579115 0.5013329342572163 -6
      vertex -2.9763441039434335 0.3759997006929122 -6
      vertex -3 0 -6
    endloop
  endfacet
  facet normal 0 0 -1
    outer loop
      vertex -3.8743326445145243 0.9947595486594194 -6
      vertex -2.9057494833858932 0.7460696614945646 -6
      vertex -2.9763441039434335 0.3759997006929122 -6
    endloop
  endfacet
  facet normal 0 0 -1
    outer loop
      vertex -3.8743326445145243 0.9947595486594194 -6
      vertex -3.719105943553006 1.4724982107387115 -6
      vertex -2.9057494833858932 0.7460696614945646 -6
    endloop
  endfacet
  facet normal 0 0 -1
    outer loop
      vertex -3.719105943553006 1.4724982107387115 -6
      vertex -2.7893294576647545 1.1043736580540335 -6
      vertex -2.9057494833858932 0.7460696614945646 -6
    endloop
  endfacet
  facet normal 0 0 -1
    outer loop
      vertex -3.719105943553006 1.4724982107387115 -6
      vertex -3.505226720175454 1.9270146964068615 -6
      vertex -2.7893294576647545 1.1043736580540335 -6
    endloop
  endfacet
  facet normal 0 0 -1
    outer loop
      vertex -3.505226720175454 1.9270146964068615 -6
      vertex -2.6289200401315904 1.445261022305146 -6
      vertex -2.7893294576647545 1.1043736580540335 -6
    endloop
  endfacet
  facet normal 0 0 -1
    outer loop
      vertex -3.505226720175454 1.9270146964068615 -6
      vertex -3.23606797749979 2.3511410091698925 -6
      vertex -2.6289200401315904 1.445261022305146 -6
    endloop
  endfacet
  facet normal 0 0 -1
    outer loop
      vertex -3.23606797749979 2.3511410091698925 -6
      vertex -2.9158745096856467 2.738188423714754 -6
      vertex -2.4270509831248424 1.7633557568774194 -6
    endloop
  endfacet
  facet normal 0 0 -1
    outer loop
      vertex -3.23606797749979 2.3511410091698925 -6
      vertex -2.4270509831248424 1.7633557568774194 -6
      vertex -2.6289200401315904 1.445261022305146 -6
    endloop
  endfacet
  facet normal 0 0 -1
    outer loop
      vertex -2.4270509831248424 1.7633557568774194 -6
      vertex -2.9158745096856467 2.738188423714754 -6
      vertex -2.186905882264235 2.0536413177860657 -6
    endloop
  endfacet
  facet normal 0 0 -1
    outer loop
      vertex -2.9158745096856467 2.738188423714754 -6
      vertex -2.5496959589947585 3.0820529711031575 -6
      vertex -2.186905882264235 2.0536413177860657 -6
    endloop
  endfacet
  facet normal 0 0 -1
    outer loop
      vertex -2.5496959589947585 3.0820529711031575 -6
      vertex -1.9122719692460688 2.311539728327368 -6
      vertex -2.186905882264235 2.0536413177860657 -6
    endloop
  endfacet
  facet normal 0 0 -1
    outer loop
      vertex -2.143307179915987 3.37731170200806 -6
      vertex -1.6074803849369903 2.532983776506045 -6
      vertex -1.9122719692460688 2.311539728327368 -6
    endloop
  endfacet
  facet normal 0 0 -1
    outer loop
      vertex -2.5496959589947585 3.0820529711031575 -6
      vertex -2.143307179915987 3.37731170200806 -6
      vertex -1.9122719692460688 2.311539728327368 -6
    endloop
  endfacet
  facet normal 0 0 -1
    outer loop
      vertex -2.143307179915987 3.37731170200806 -6
      vertex -1.7031171662602909 3.619308209864078 -6
      vertex -1.6074803849369903 2.532983776506045 -6
    endloop
  endfacet
  facet normal 0 0 -1
    outer loop
      vertex -1.6074803849369903 2.532983776506045 -6
      vertex -1.7031171662602909 3.619308209864078 -6
      vertex -1.2773378746952182 2.7144811573980583 -6
    endloop
  endfacet
  facet normal 0 0 -1
    outer loop
      vertex -1.2360679774997896 3.804226065180614 -6
      vertex -0.9270509831248421 2.8531695488854605 -6
      vertex -1.2773378746952182 2.7144811573980583 -6
    endloop
  endfacet
  facet normal 0 0 -1
    outer loop
      vertex -1.7031171662602909 3.619308209864078 -6
      vertex -1.2360679774997896 3.804226065180614 -6
      vertex -1.2773378746952182 2.7144811573980583 -6
    endloop
  endfacet
  facet normal 0 0 -1
    outer loop
      vertex -0.9270509831248421 2.8531695488854605 -6
      vertex -0.7495252583428983 3.929149002914755 -6
      vertex -0.5621439437571737 2.946861752186066 -6
    endloop
  endfacet
  facet normal 0 0 -1
    outer loop
      vertex -1.2360679774997896 3.804226065180614 -6
      vertex -0.7495252583428983 3.929149002914755 -6
      vertex -0.9270509831248421 2.8531695488854605 -6
    endloop
  endfacet
  facet normal 0 0 -1
    outer loop
      vertex -0.5621439437571737 2.946861752186066 -6
      vertex -0.25116207811725283 3.9921069137130862 -6
      vertex -0.18837155858793983 2.9940801852848145 -6
    endloop
  endfacet
  facet normal 0 0 -1
    outer loop
      vertex -0.7495252583428983 3.929149002914755 -6
      vertex -0.25116207811725283 3.9921069137130862 -6
      vertex -0.5621439437571737 2.946861752186066 -6
    endloop
  endfacet
  facet normal 0 0 -1
    outer loop
      vertex -0.25116207811725283 3.9921069137130862 -6
      vertex 0.251162078117253 3.9921069137130862 -6
      vertex -0.18837155858793983 2.9940801852848145 -6
    endloop
  endfacet
  facet normal 0 0 -1
    outer loop
      vertex -6.067627457812106 4.408389392193548 -6
      vertex 0.44971515500573955 12.642510598251148 -6
      vertex -5.467264705660588 5.134103294465164 -6
    endloop
  endfacet
  facet normal 0 0 -1
    outer loop
      vertex -4.780679923115172 5.77884932081842 -6
      vertex -5.467264705660588 5.134103294465164 -6
      vertex 0.44971515500573955 12.642510598251148 -6
    endloop
  endfacet
  facet normal 0 0 -1
    outer loop
      vertex -12.896863967894728 1.1562088178441168 -6
      vertex -0.7416407864998737 12.717464360891633 -6
      vertex -0.44971515500573955 12.642510598251148 -6
    endloop
  endfacet
  facet normal 0 0 -1
    outer loop
      vertex -12.896863967894728 1.1562088178441168 -6
      vertex -0.44971515500573955 12.642510598251148 -6
      vertex -0.15069724687035302 12.604735851772148 -6
    endloop
  endfacet
  facet normal 0 0 -1
    outer loop
      vertex -12.896863967894728 1.1562088178441168 -6
      vertex -0.15069724687035302 12.604735851772148 -6
      vertex 0.15069724687035302 12.604735851772148 -6
    endloop
  endfacet
  facet normal 0 0 -1
    outer loop
      vertex -12.896863967894728 1.1562088178441168 -6
      vertex 0.15069724687035302 12.604735851772148 -6
      vertex 0.44971515500573955 12.642510598251148 -6
    endloop
  endfacet
  facet normal 0 0 -1
    outer loop
      vertex -4.780679923115172 5.77884932081842 -6
      vertex 0.44971515500573955 12.642510598251148 -6
      vertex -4.018700962342476 6.3324594412651125 -6
    endloop
  endfacet
  facet normal 0 0 -1
    outer loop
      vertex -4.018700962342476 6.3324594412651125 -6
      vertex 0.44971515500573955 12.642510598251148 -6
      vertex -3.1933446867380453 6.786202893495146 -6
    endloop
  endfacet
  facet normal 0 0 -1
    outer loop
      vertex -3.1933446867380453 6.786202893495146 -6
      vertex 0.44971515500573955 12.642510598251148 -6
      vertex -2.3176274578121054 7.132923872213651 -6
    endloop
  endfacet
  facet normal 0 0 -1
    outer loop
      vertex -2.3176274578121054 7.132923872213651 -6
      vertex 0.44971515500573955 12.642510598251148 -6
      vertex -1.4053598593929344 7.367154380465165 -6
    endloop
  endfacet
  facet normal 0 0 -1
    outer loop
      vertex -0.4709288964698496 7.485200463212037 -6
      vertex -1.4053598593929344 7.367154380465165 -6
      vertex 0.44971515500573955 12.642510598251148 -6
    endloop
  endfacet
  facet normal 0 0 -1
    outer loop
      vertex -13.722662125304783 12.285518842601942 -6
      vertex -13.392519615063012 12.467016223493953 -6
      vertex -1.0218702997561737 12.828415074081553 -6
    endloop
  endfacet
  facet normal 0 0 -1
    outer loop
      vertex -13.392519615063012 12.467016223493953 -6
      vertex -13.08772803075393 12.688460271672632 -6
      vertex -1.2859843079495923 12.973612978795163 -6
    endloop
  endfacet
  facet normal 0 0 -1
    outer loop
      vertex -13.08772803075393 12.688460271672632 -6
      vertex -12.813094117735766 12.946358682213933 -6
      vertex -1.529817575396855 13.150768217338106 -6
    endloop
  endfacet
  facet normal 0 0 -1
    outer loop
      vertex -12.813094117735766 12.946358682213933 -6
      vertex -12.572949016875157 13.23664424312258 -6
      vertex -1.7495247058113879 13.357086945771147 -6
    endloop
  endfacet
  facet normal 0 0 -1
    outer loop
      vertex -12.37107995986841 13.554738977694853 -6
      vertex -1.9416407864998737 13.589315394498065 -6
      vertex -12.572949016875157 13.23664424312258 -6
    endloop
  endfacet
  facet normal 0 0 -1
    outer loop
      vertex -12.210670542335247 13.895626341945965 -6
      vertex -2.1031360321052723 13.843791182155883 -6
      vertex -12.37107995986841 13.554738977694853 -6
    endloop
  endfacet
  facet normal 0 0 -1
    outer loop
      vertex -12.094250516614107 14.253930338505437 -6
      vertex -2.2314635661318034 14.116501073556773 -6
      vertex -12.210670542335247 13.895626341945965 -6
    endloop
  endfacet
  facet normal 0 0 -1
    outer loop
      vertex -12.023655896056567 14.624000299307088 -6
      vertex -2.3245995867087146 14.403144270804349 -6
      vertex -12.094250516614107 14.253930338505437 -6
    endloop
  endfacet
  facet normal 0 0 -1
    outer loop
      vertex -12 15 -6
      vertex -2.381075283154747 14.69920023944567 -6
      vertex -12.023655896056567 14.624000299307088 -6
    endloop
  endfacet
  facet normal 0 0 -1
    outer loop
      vertex -12.023655896056567 15.375999700692912 -6
      vertex -2.381075283154747 15.30079976055433 -6
      vertex -12 15 -6
    endloop
  endfacet
  facet normal 0 0 -1
    outer loop
      vertex -12.094250516614107 15.746069661494564 -6
      vertex -2.3245995867087146 15.596855729195651 -6
      vertex -12.023655896056567 15.375999700692912 -6
    endloop
  endfacet
  facet normal 0 0 -1
    outer loop
      vertex -12.210670542335246 16.104373658054033 -6
      vertex -2.2314635661318034 15.883498926443227 -6
      vertex -12.094250516614107 15.746069661494564 -6
    endloop
  endfacet
  facet normal 0 0 -1
    outer loop
      vertex -12.371079959868409 16.445261022305147 -6
      vertex -2.1031360321052723 16.156208817844117 -6
      vertex -12.210670542335246 16.104373658054033 -6
    endloop
  endfacet
  facet normal 0 0 -1
    outer loop
      vertex -12.813094117735766 17.053641317786067 -6
      vertex -1.7495247058113879 16.642913054228853 -6
      vertex -12.572949016875157 16.76335575687742 -6
    endloop
  endfacet
  facet normal 0 0 -1
    outer loop
      vertex -12.572949016875157 16.76335575687742 -6
      vertex -1.9416407864998737 16.410684605501935 -6
      vertex -12.371079959868409 16.445261022305147 -6
    endloop
  endfacet
  facet normal 0 0 -1
    outer loop
      vertex -1.529817575396855 16.849231782661896 -6
      vertex -12.813094117735766 17.053641317786067 -6
      vertex -13.087728030753931 17.311539728327368 -6
    endloop
  endfacet
  facet normal 0 0 -1
    outer loop
      vertex -13.39251961506301 17.532983776506043 -6
      vertex -13.722662125304781 17.71448115739806 -6
      vertex -1.0218702997561744 17.171584925918445 -6
    endloop
  endfacet
  facet normal 0 0 -1
    outer loop
      vertex -13.087728030753931 17.311539728327368 -6
      vertex -13.39251961506301 17.532983776506043 -6
      vertex -1.2859843079495923 17.026387021204837 -6
    endloop
  endfacet
  facet normal 0 0 -1
    outer loop
      vertex -14.072949016875159 17.85316954888546 -6
      vertex -14.437856056242826 17.946861752186066 -6
      vertex -0.44971515500573894 17.357489401748854 -6
    endloop
  endfacet
  facet normal 0 0 -1
    outer loop
      vertex -13.722662125304781 17.71448115739806 -6
      vertex -14.072949016875159 17.85316954888546 -6
      vertex -0.7416407864998737 17.282535639108367 -6
    endloop
  endfacet
  facet normal 0 0 -1
    outer loop
      vertex -21.14484313710706 20.922735529643443 -6
      vertex -0.15069724687035185 17.395264148227852 -6
      vertex -0.44971515500573894 17.357489401748854 -6
    endloop
  endfacet
  facet normal 0 0 -1
    outer loop
      vertex -21.14484313710706 20.922735529643443 -6
      vertex 0.15069724687035185 17.395264148227852 -6
      vertex -0.15069724687035185 17.395264148227852 -6
    endloop
  endfacet
  facet normal 0 0 -1
    outer loop
      vertex -21.14484313710706 20.922735529643443 -6
      vertex -17.813952597646566 22.49013364214136 -6
      vertex 17.813952597646566 22.49013364214136 -6
    endloop
  endfacet
  facet normal 0 0 -1
    outer loop
      vertex -13.722662125304783 12.285518842601942 -6
      vertex -1.0218702997561737 12.828415074081553 -6
      vertex -0.7416407864998737 12.717464360891633 -6
    endloop
  endfacet
  facet normal 0 0 -1
    outer loop
      vertex -13.08772803075393 12.688460271672632 -6
      vertex -1.529817575396855 13.150768217338106 -6
      vertex -1.2859843079495923 12.973612978795163 -6
    endloop
  endfacet
  facet normal 0 0 -1
    outer loop
      vertex -12.813094117735766 12.946358682213933 -6
      vertex -1.7495247058113879 13.357086945771147 -6
      vertex -1.529817575396855 13.150768217338106 -6
    endloop
  endfacet
  facet normal 0 0 -1
    outer loop
      vertex -13.392519615063012 12.467016223493953 -6
      vertex -1.2859843079495923 12.973612978795163 -6
      vertex -1.0218702997561737 12.828415074081553 -6
    endloop
  endfacet
  facet normal 0 0 -1
    outer loop
      vertex -1.9416407864998737 13.589315394498065 -6
      vertex -12.37107995986841 13.554738977694853 -6
      vertex -2.1031360321052723 13.843791182155883 -6
    endloop
  endfacet
  facet normal 0 0 -1
    outer loop
      vertex -1.7495247058113879 13.357086945771147 -6
      vertex -12.572949016875157 13.23664424312258 -6
      vertex -1.9416407864998737 13.589315394498065 -6
    endloop
  endfacet
  facet normal 0 0 -1
    outer loop
      vertex -2.2314635661318034 14.116501073556773 -6
      vertex -2.1031360321052723 13.843791182155883 -6
      vertex -12.210670542335247 13.895626341945965 -6
    endloop
  endfacet
  facet normal 0 0 -1
    outer loop
      vertex -2.2314635661318034 14.116501073556773 -6
      vertex -12.094250516614107 14.253930338505437 -6
      vertex -2.3245995867087146 14.403144270804349 -6
    endloop
  endfacet
  facet normal 0 0 -1
    outer loop
      vertex -2.3245995867087146 14.403144270804349 -6
      vertex -12.023655896056567 14.624000299307088 -6
      vertex -2.381075283154747 14.69920023944567 -6
    endloop
  endfacet
  facet normal 0 0 -1
    outer loop
      vertex -12 15 -6
      vertex -2.4 15 -6
      vertex -2.381075283154747 14.69920023944567 -6
    endloop
  endfacet
  facet normal 0 0 -1
    outer loop
      vertex -2.4 15 -6
      vertex -12 15 -6
      vertex -2.381075283154747 15.30079976055433 -6
    endloop
  endfacet
  facet normal 0 0 -1
    outer loop
      vertex -2.381075283154747 15.30079976055433 -6
      vertex -12.023655896056567 15.375999700692912 -6
      vertex -2.3245995867087146 15.596855729195651 -6
    endloop
  endfacet
  facet normal 0 0 -1
    outer loop
      vertex -2.3245995867087146 15.596855729195651 -6
      vertex -12.094250516614107 15.746069661494564 -6
      vertex -2.2314635661318034 15.883498926443227 -6
    endloop
  endfacet
  facet normal 0 0 -1
    outer loop
      vertex -2.2314635661318034 15.883498926443227 -6
      vertex -12.210670542335246 16.104373658054033 -6
      vertex -2.1031360321052723 16.156208817844117 -6
    endloop
  endfacet
  facet normal 0 0 -1
    outer loop
      vertex -2.1031360321052723 16.156208817844117 -6
      vertex -12.371079959868409 16.445261022305147 -6
      vertex -1.9416407864998737 16.410684605501935 -6
    endloop
  endfacet
  facet normal 0 0 -1
    outer loop
      vertex -1.9416407864998737 16.410684605501935 -6
      vertex -12.572949016875157 16.76335575687742 -6
      vertex -1.7495247058113879 16.642913054228853 -6
    endloop
  endfacet
  facet normal 0 0 -1
    outer loop
      vertex -1.7495247058113879 16.642913054228853 -6
      vertex -12.813094117735766 17.053641317786067 -6
      vertex -1.529817575396855 16.849231782661896 -6
    endloop
  endfacet
  facet normal 0 0 -1
    outer loop
      vertex -13.087728030753931 17.311539728327368 -6
      vertex -1.2859843079495923 17.026387021204837 -6
      vertex -1.529817575396855 16.849231782661896 -6
    endloop
  endfacet
  facet normal 0 0 -1
    outer loop
      vertex -13.39251961506301 17.532983776506043 -6
      vertex -1.0218702997561744 17.171584925918445 -6
      vertex -1.2859843079495923 17.026387021204837 -6
    endloop
  endfacet
  facet normal 0 0 -1
    outer loop
      vertex -13.722662125304781 17.71448115739806 -6
      vertex -0.7416407864998737 17.282535639108367 -6
      vertex -1.0218702997561744 17.171584925918445 -6
    endloop
  endfacet
  facet normal 0 0 -1
    outer loop
      vertex -14.072949016875159 17.85316954888546 -6
      vertex -0.44971515500573894 17.357489401748854 -6
      vertex -0.7416407864998737 17.282535639108367 -6
    endloop
  endfacet
  facet normal 0 0 -1
    outer loop
      vertex -21.14484313710706 20.922735529643443 -6
      vertex 14.437856056242826 17.946861752186066 -6
      vertex 0.15069724687035185 17.395264148227852 -6
    endloop
  endfacet
  facet normal -1 0 0
    outer loop
      vertex -22.5 -17.5 6
      vertex -22.5 17.5 6
      vertex -22.5 17.5 -6
    endloop
  endfacet
  facet normal 0 0 1
    outer loop
      vertex -21.14484313710706 -20.922735529643443 6
      vertex -17.976344103943433 14.624000299307088 6
      vertex -21.14484313710706 20.922735529643443 6
    endloop
  endfacet
  facet normal 0 0 1
    outer loop
      vertex -21.14484313710706 -20.922735529643443 6
      vertex -17.905749483385893 14.253930338505436 6
      vertex -17.976344103943433 14.624000299307088 6
    endloop
  endfacet
  facet normal 0 0 1
    outer loop
      vertex -17.905749483385893 14.253930338505436 6
      vertex -17.4 0 6
      vertex -17.381075283154747 0.3007997605543297 6
    endloop
  endfacet
  facet normal 0 0 1
    outer loop
      vertex -17.905749483385893 14.253930338505436 6
      vertex -17.381075283154747 0.3007997605543297 6
      vertex -17.324599586708715 0.5968557291956517 6
    endloop
  endfacet
  facet normal 0 0 1
    outer loop
      vertex -17.324599586708715 0.5968557291956517 6
      vertex -17.231463566131804 0.8834989264432268 6
      vertex -17.789329457664756 13.895626341945967 6
    endloop
  endfacet
  facet normal 0 0 1
    outer loop
      vertex -17.231463566131804 0.8834989264432268 6
      vertex -17.103136032105272 1.1562088178441168 6
      vertex -17.62892004013159 13.554738977694853 6
    endloop
  endfacet
  facet normal 0 0 1
    outer loop
      vertex -17.103136032105272 1.1562088178441168 6
      vertex -16.941640786499875 1.4106846055019355 6
      vertex -17.427050983124843 13.23664424312258 6
    endloop
  endfacet
  facet normal 0 0 1
    outer loop
      vertex -16.941640786499875 1.4106846055019355 6
      vertex -16.74952470581139 1.6429130542288524 6
      vertex -17.186905882264234 12.946358682213933 6
    endloop
  endfacet
  facet normal 0 0 1
    outer loop
      vertex -21.14484313710706 -20.922735529643443 6
      vertex -21.14484313710706 20.922735529643443 6
      vertex -22.5 17.5 6
    endloop
  endfacet
  facet normal 0 0 1
    outer loop
      vertex -17.905749483385893 14.253930338505436 6
      vertex -17.324599586708715 0.5968557291956517 6
      vertex -17.789329457664756 13.895626341945967 6
    endloop
  endfacet
  facet normal 0 0 1
    outer loop
      vertex -16.91227196924607 12.688460271672632 6
      vertex -17.186905882264234 12.946358682213933 6
      vertex -16.74952470581139 1.6429130542288524 6
    endloop
  endfacet
  facet normal 0 0 1
    outer loop
      vertex -17.789329457664756 13.895626341945967 6
      vertex -17.231463566131804 0.8834989264432268 6
      vertex -17.62892004013159 13.554738977694853 6
    endloop
  endfacet
  facet normal 0 0 1
    outer loop
      vertex -17.62892004013159 13.554738977694853 6
      vertex -17.103136032105272 1.1562088178441168 6
      vertex -17.427050983124843 13.23664424312258 6
    endloop
  endfacet
  facet normal 0 0 1
    outer loop
      vertex -17.427050983124843 13.23664424312258 6
      vertex -16.941640786499875 1.4106846055019355 6
      vertex -17.186905882264234 12.946358682213933 6
    endloop
  endfacet
  facet normal 0 0 1
    outer loop
      vertex -16.91227196924607 12.688460271672632 6
      vertex -16.74952470581139 1.6429130542288524 6
      vertex -16.529817575396855 1.8492317826618945 6
    endloop
  endfacet
  facet normal 0 0 1
    outer loop
      vertex -16.60748038493699 12.467016223493955 6
      vertex -16.529817575396855 1.8492317826618945 6
      vertex -16.285984307949594 2.026387021204836 6
    endloop
  endfacet
  facet normal 0 0 1
    outer loop
      vertex -16.277337874695217 12.285518842601942 6
      vertex -16.285984307949594 2.026387021204836 6
      vertex -16.021870299756173 2.1715849259184465 6
    endloop
  endfacet
  facet normal 0 0 1
    outer loop
      vertex -15.927050983124841 12.146830451114539 6
      vertex -16.021870299756173 2.1715849259184465 6
      vertex -15.741640786499874 2.282535639108368 6
    endloop
  endfacet
  facet normal 0 0 1
    outer loop
      vertex -15.562143943757174 12.053138247813934 6
      vertex -15.741640786499874 2.282535639108368 6
      vertex -15.44971515500574 2.357489401748853 6
    endloop
  endfacet
  facet normal 0 0 1
    outer loop
      vertex -15.188371558587942 12.005919814715185 6
      vertex -15.44971515500574 2.357489401748853 6
      vertex -15.150697246870353 2.395264148227852 6
    endloop
  endfacet
  facet normal 0 0 1
    outer loop
      vertex -15.150697246870353 2.395264148227852 6
      vertex -14.849302753129647 2.395264148227852 6
      vertex -15.188371558587942 12.005919814715185 6
    endloop
  endfacet
  facet normal 0 0 1
    outer loop
      vertex -14.849302753129647 2.395264148227852 6
      vertex -14.55028484499426 2.357489401748853 6
      vertex -14.811628441412058 12.005919814715185 6
    endloop
  endfacet
  facet normal 0 0 1
    outer loop
      vertex -14.437856056242826 12.053138247813934 6
      vertex -14.55028484499426 2.357489401748853 6
      vertex -14.258359213500126 2.282535639108368 6
    endloop
  endfacet
  facet normal 0 0 1
    outer loop
      vertex -14.437856056242826 12.053138247813934 6
      vertex -14.258359213500126 2.282535639108368 6
      vertex -13.978129700243827 2.1715849259184465 6
    endloop
  endfacet
  facet normal 0 0 1
    outer loop
      vertex -14.437856056242826 12.053138247813934 6
      vertex -13.470182424603145 1.8492317826618938 6
      vertex -13.250475294188613 1.6429130542288528 6
    endloop
  endfacet
  facet normal 0 0 1
    outer loop
      vertex -14.437856056242826 12.053138247813934 6
      vertex -13.978129700243827 2.1715849259184465 6
      vertex -13.714015692050408 2.0263870212048363 6
    endloop
  endfacet
  facet normal 0 0 1
    outer loop
      vertex -14.437856056242826 12.053138247813934 6
      vertex -13.714015692050408 2.0263870212048363 6
      vertex -13.470182424603145 1.8492317826618938 6
    endloop
  endfacet
  facet normal 0 0 1
    outer loop
      vertex -14.437856056242826 12.053138247813934 6
      vertex -13.250475294188613 1.6429130542288528 6
      vertex -6.973323644161886 2.760934145135084 6
    endloop
  endfacet
  facet normal 0 0 1
    outer loop
      vertex -16.60748038493699 12.467016223493955 6
      vertex -16.91227196924607 12.688460271672632 6
      vertex -16.529817575396855 1.8492317826618945 6
    endloop
  endfacet
  facet normal 0 0 1
    outer loop
      vertex -16.277337874695217 12.285518842601942 6
      vertex -16.60748038493699 12.467016223493955 6
      vertex -16.285984307949594 2.026387021204836 6
    endloop
  endfacet
  facet normal 0 0 1
    outer loop
      vertex -15.927050983124841 12.146830451114539 6
      vertex -16.277337874695217 12.285518842601942 6
      vertex -16.021870299756173 2.1715849259184465 6
    endloop
  endfacet
  facet normal 0 0 1
    outer loop
      vertex -15.562143943757174 12.053138247813934 6
      vertex -15.927050983124841 12.146830451114539 6
      vertex -15.741640786499874 2.282535639108368 6
    endloop
  endfacet
  facet normal 0 0 1
    outer loop
      vertex -15.188371558587942 12.005919814715185 6
      vertex -15.562143943757174 12.053138247813934 6
      vertex -15.44971515500574 2.357489401748853 6
    endloop
  endfacet
  facet normal 0 0 1
    outer loop
      vertex -14.811628441412058 12.005919814715185 6
      vertex -15.188371558587942 12.005919814715185 6
      vertex -14.849302753129647 2.395264148227852 6
    endloop
  endfacet
  facet normal 0 0 1
    outer loop
      vertex -14.437856056242826 12.053138247813934 6
      vertex -14.811628441412058 12.005919814715185 6
      vertex -14.55028484499426 2.357489401748853 6
    endloop
  endfacet
  facet normal 0 0 1
    outer loop
      vertex -14.072949016875159 12.146830451114539 6
      vertex -14.437856056242826 12.053138247813934 6
      vertex -6.973323644161886 2.760934145135084 6
    endloop
  endfacet
  facet normal 0 0 1
    outer loop
      vertex -13.722662125304783 12.285518842601942 6
      vertex -14.072949016875159 12.146830451114539 6
      vertex -6.572300100328976 3.6131525557628654 6
    endloop
  endfacet
  facet normal -0.9980267284282714 0.06279051952931593 0
    outer loop
      vertex -22.5 17.5 -6
      vertex -22.5 17.5 6
      vertex -22.460573506572388 18.12666616782152 6
    endloop
  endfacet
  facet normal -0.9822872507286892 0.18738131458572183 0
    outer loop
      vertex -22.342915805643155 18.743449435824274 -6
      vertex -22.460573506572388 18.12666616782152 6
      vertex -22.342915805643155 18.743449435824274 6
    endloop
  endfacet
  facet normal -0.9510565162951541 0.30901699437494573 0
    outer loop
      vertex -22.148882429441258 19.34062276342339 -6
      vertex -22.342915805643155 18.743449435824274 6
      vertex -22.148882429441258 19.34062276342339 6
    endloop
  endfacet
  facet normal -0.9048270524660187 0.42577929156507455 0
    outer loop
      vertex -22.148882429441258 19.34062276342339 -6
      vertex -22.148882429441258 19.34062276342339 6
      vertex -21.88153340021932 19.908768370508575 6
    endloop
  endfacet
  facet normal -0.8443279255020154 0.5358267949789961 0
    outer loop
      vertex -21.88153340021932 19.908768370508575 -6
      vertex -21.88153340021932 19.908768370508575 6
      vertex -21.545084971874736 20.438926261462367 6
    endloop
  endfacet
  facet normal -0.7705132427757907 0.6374239897486881 0
    outer loop
      vertex -21.14484313710706 20.922735529643443 -6
      vertex -21.545084971874736 20.438926261462367 6
      vertex -21.14484313710706 20.922735529643443 6
    endloop
  endfacet
  facet normal -0.6845471059286876 0.7289686274214126 0
    outer loop
      vertex -20.687119948743447 21.352566213878948 -6
      vertex -21.14484313710706 20.922735529643443 6
      vertex -20.687119948743447 21.352566213878948 6
    endloop
  endfacet
  facet normal -0.5877852522924736 0.8090169943749471 0
    outer loop
      vertex -20.687119948743447 21.352566213878948 -6
      vertex -20.687119948743447 21.352566213878948 6
      vertex -20.179133974894985 21.721639627510076 6
    endloop
  endfacet
  facet normal -0.48175367410171455 0.876306680043864 0
    outer loop
      vertex -20.179133974894985 21.721639627510076 -6
      vertex -20.179133974894985 21.721639627510076 6
      vertex -19.628896457825363 22.0241352623301 6
    endloop
  endfacet
  facet normal -0.3681245526846774 0.9297764858882517 0
    outer loop
      vertex -19.045084971874736 22.255282581475768 -6
      vertex -19.628896457825363 22.0241352623301 6
      vertex -19.045084971874736 22.255282581475768 6
    endloop
  endfacet
  facet normal -0.24868988716485604 0.9685831611286309 0
    outer loop
      vertex -19.045084971874736 22.255282581475768 -6
      vertex -19.045084971874736 22.255282581475768 6
      vertex -18.436906572928624 22.411436253643444 6
    endloop
  endfacet
  facet normal -0.12533323356430434 0.9921147013144779 0
    outer loop
      vertex -18.436906572928624 22.411436253643444 -6
      vertex -18.436906572928624 22.411436253643444 6
      vertex -17.813952597646566 22.49013364214136 6
    endloop
  endfacet
  facet normal 0 0 1
    outer loop
      vertex -21.14484313710706 20.922735529643443 6
      vertex -17.976344103943433 14.624000299307088 6
      vertex -18 15 6
    endloop
  endfacet
  facet normal 0 0 1
    outer loop
      vertex -22.5 17.5 6
      vertex -22.342915805643155 18.743449435824274 6
      vertex -22.460573506572388 18.12666616782152 6
    endloop
  endfacet
  facet normal 0 0 1
    outer loop
      vertex -22.5 17.5 6
      vertex -22.148882429441258 19.34062276342339 6
      vertex -22.342915805643155 18.743449435824274 6
    endloop
  endfacet
  facet normal 0 0 1
    outer loop
      vertex -22.5 17.5 6
      vertex -21.14484313710706 20.922735529643443 6
      vertex -22.148882429441258 19.34062276342339 6
    endloop
  endfacet
  facet normal 0 0 1
    outer loop
      vertex -22.148882429441258 19.34062276342339 6
      vertex -21.14484313710706 20.922735529643443 6
      vertex -21.88153340021932 19.908768370508575 6
    endloop
  endfacet
  facet normal 0 0 1
    outer loop
      vertex -21.88153340021932 19.908768370508575 6
      vertex -21.14484313710706 20.922735529643443 6
      vertex -21.545084971874736 20.438926261462367 6
    endloop
  endfacet
  facet normal 0 0 1
    outer loop
      vertex -21.14484313710706 20.922735529643443 6
      vertex -20.179133974894985 21.721639627510076 6
      vertex -20.687119948743447 21.352566213878948 6
    endloop
  endfacet
  facet normal 0 0 1
    outer loop
      vertex -21.14484313710706 20.922735529643443 6
      vertex -19.628896457825363 22.0241352623301 6
      vertex -20.179133974894985 21.721639627510076 6
    endloop
  endfacet
  facet normal 0 0 1
    outer loop
      vertex -21.14484313710706 20.922735529643443 6
      vertex -18 15 6
      vertex -17.976344103943433 15.375999700692912 6
    endloop
  endfacet
  facet normal 0 0 1
    outer loop
      vertex -21.14484313710706 20.922735529643443 6
      vertex -17.976344103943433 15.375999700692912 6
      vertex -17.905749483385893 15.746069661494564 6
    endloop
  endfacet
  facet normal 0 0 1
    outer loop
      vertex -21.14484313710706 20.922735529643443 6
      vertex -17.905749483385893 15.746069661494564 6
      vertex -17.789329457664756 16.104373658054033 6
    endloop
  endfacet
  facet normal 0 0 1
    outer loop
      vertex -21.14484313710706 20.922735529643443 6
      vertex -17.789329457664756 16.104373658054033 6
      vertex -17.62892004013159 16.445261022305147 6
    endloop
  endfacet
  facet normal 0 0 1
    outer loop
      vertex -21.14484313710706 20.922735529643443 6
      vertex -17.62892004013159 16.445261022305147 6
      vertex -17.427050983124843 16.76335575687742 6
    endloop
  endfacet
  facet normal 0 0 1
    outer loop
      vertex -21.14484313710706 20.922735529643443 6
      vertex -17.427050983124843 16.76335575687742 6
      vertex -17.186905882264234 17.053641317786067 6
    endloop
  endfacet
  facet normal 0 0 1
    outer loop
      vertex -21.14484313710706 20.922735529643443 6
      vertex -17.186905882264234 17.053641317786067 6
      vertex -16.91227196924607 17.311539728327368 6
    endloop
  endfacet
  facet normal 0 0 1
    outer loop
      vertex -21.14484313710706 20.922735529643443 6
      vertex -16.91227196924607 17.311539728327368 6
      vertex -16.60748038493699 17.532983776506043 6
    endloop
  endfacet
  facet normal 0 0 1
    outer loop
      vertex -21.14484313710706 20.922735529643443 6
      vertex -16.60748038493699 17.532983776506043 6
      vertex -16.277337874695217 17.71448115739806 6
    endloop
  endfacet
  facet normal 0 0 1
    outer loop
      vertex -21.14484313710706 20.922735529643443 6
      vertex -16.277337874695217 17.71448115739806 6
      vertex -15.927050983124841 17.85316954888546 6
    endloop
  endfacet
  facet normal 0 0 1
    outer loop
      vertex -21.14484313710706 20.922735529643443 6
      vertex -15.927050983124841 17.85316954888546 6
      vertex -15.562143943757174 17.946861752186066 6
    endloop
  endfacet
  facet normal 0 0 1
    outer loop
      vertex -21.14484313710706 20.922735529643443 6
      vertex -15.562143943757174 17.946861752186066 6
      vertex -15.18837155858794 17.994080185284815 6
    endloop
  endfacet
  facet normal 0 0 1
    outer loop
      vertex -21.14484313710706 20.922735529643443 6
      vertex -15.18837155858794 17.994080185284815 6
      vertex -14.81162844141206 17.994080185284815 6
    endloop
  endfacet
  facet normal 0 0 1
    outer loop
      vertex -21.14484313710706 20.922735529643443 6
      vertex -17.813952597646566 22.49013364214136 6
      vertex -19.628896457825363 22.0241352623301 6
    endloop
  endfacet
  facet normal 0 0 1
    outer loop
      vertex -19.628896457825363 22.0241352623301 6
      vertex -18.436906572928624 22.411436253643444 6
      vertex -19.045084971874736 22.255282581475768 6
    endloop
  endfacet
  facet normal 0 0 1
    outer loop
      vertex -19.628896457825363 22.0241352623301 6
      vertex -17.813952597646566 22.49013364214136 6
      vertex -18.436906572928624 22.411436253643444 6
    endloop
  endfacet
  facet normal 0 0 1
    outer loop
      vertex -21.14484313710706 20.922735529643443 6
      vertex -14.81162844141206 17.994080185284815 6
      vertex -14.437856056242826 17.946861752186066 6
    endloop
  endfacet
  facet normal 0 0 1
    outer loop
      vertex -12.675400413291285 0.5968557291956514 6
      vertex -12.618924716845253 0.3007997605543302 6
      vertex -7.440860259858584 0.9399992517322805 6
    endloop
  endfacet
  facet normal 0 0 1
    outer loop
      vertex -12.6 0 6
      vertex -7.440860259858584 0.9399992517322805 6
      vertex -12.618924716845253 0.3007997605543302 6
    endloop
  endfacet
  facet normal 0 0 1
    outer loop
      vertex -12.675400413291285 0.5968557291956514 6
      vertex -7.440860259858584 0.9399992517322805 6
      vertex -12.768536433868197 0.8834989264432271 6
    endloop
  endfacet
  facet normal 0 0 1
    outer loop
      vertex -12.768536433868197 0.8834989264432271 6
      vertex -7.264373708464733 1.8651741537364113 6
      vertex -12.896863967894728 1.1562088178441168 6
    endloop
  endfacet
  facet normal 0 0 1
    outer loop
      vertex -13.058359213500125 1.4106846055019355 6
      vertex -6.973323644161886 2.760934145135084 6
      vertex -13.250475294188613 1.6429130542288528 6
    endloop
  endfacet
  facet normal 0 0 1
    outer loop
      vertex -12.896863967894728 1.1562088178441168 6
      vertex -6.973323644161886 2.760934145135084 6
      vertex -13.058359213500125 1.4106846055019355 6
    endloop
  endfacet
  facet normal 0 0 1
    outer loop
      vertex -12.6 0 6
      vertex -7.5 0 6
      vertex -7.440860259858584 0.9399992517322805 6
    endloop
  endfacet
  facet normal 0 0 1
    outer loop
      vertex -12.768536433868197 0.8834989264432271 6
      vertex -7.440860259858584 0.9399992517322805 6
      vertex -7.264373708464733 1.8651741537364113 6
    endloop
  endfacet
  facet normal 0 0 1
    outer loop
      vertex -12.896863967894728 1.1562088178441168 6
      vertex -7.264373708464733 1.8651741537364113 6
      vertex -6.973323644161886 2.760934145135084 6
    endloop
  endfacet
  facet normal 0 0 1
    outer loop
      vertex -14.072949016875159 12.146830451114539 6
      vertex -6.973323644161886 2.760934145135084 6
      vertex -6.572300100328976 3.6131525557628654 6
    endloop
  endfacet
  facet normal 0 0 1
    outer loop
      vertex -13.722662125304783 12.285518842601942 6
      vertex -6.572300100328976 3.6131525557628654 6
      vertex -6.067627457812106 4.408389392193548 6
    endloop
  endfacet
  facet normal 0 0 1
    outer loop
      vertex -13.392519615063012 12.467016223493953 6
      vertex -13.722662125304783 12.285518842601942 6
      vertex -6.067627457812106 4.408389392193548 6
    endloop
  endfacet
  facet normal 0 0 1
    outer loop
      vertex -13.08772803075393 12.688460271672632 6
      vertex -13.392519615063012 12.467016223493953 6
      vertex -6.067627457812106 4.408389392193548 6
    endloop
  endfacet
  facet normal 0 0 1
    outer loop
      vertex -4.780679923115172 5.77884932081842 6
      vertex -12.813094117735766 12.946358682213933 6
      vertex -13.08772803075393 12.688460271672632 6
    endloop
  endfacet
  facet normal 0 0 1
    outer loop
      vertex -12.813094117735766 12.946358682213933 6
      vertex -4.780679923115172 5.77884932081842 6
      vertex -12.572949016875157 13.23664424312258 6
    endloop
  endfacet
  facet normal 0 0 1
    outer loop
      vertex -12.572949016875157 13.23664424312258 6
      vertex -4.018700962342476 6.3324594412651125 6
      vertex -12.37107995986841 13.554738977694853 6
    endloop
  endfacet
  facet normal 0 0 1
    outer loop
      vertex -13.08772803075393 12.688460271672632 6
      vertex -6.067627457812106 4.408389392193548 6
      vertex -5.467264705660588 5.134103294465164 6
    endloop
  endfacet
  facet normal 0 0 1
    outer loop
      vertex -13.08772803075393 12.688460271672632 6
      vertex -5.467264705660588 5.134103294465164 6
      vertex -4.780679923115172 5.77884932081842 6
    endloop
  endfacet
  facet normal 0 0 1
    outer loop
      vertex -12.572949016875157 13.23664424312258 6
      vertex -4.780679923115172 5.77884932081842 6
      vertex -4.018700962342476 6.3324594412651125 6
    endloop
  endfacet
  facet normal 0 0 1
    outer loop
      vertex -12.210670542335247 13.895626341945965 6
      vertex -4.018700962342476 6.3324594412651125 6
      vertex -3.1933446867380453 6.786202893495146 6
    endloop
  endfacet
  facet normal 0 0 1
    outer loop
      vertex -12.094250516614107 14.253930338505437 6
      vertex -3.1933446867380453 6.786202893495146 6
      vertex -2.3176274578121054 7.132923872213651 6
    endloop
  endfacet
  facet normal 0 0 1
    outer loop
      vertex -3.9684588052579115 0.5013329342572163 6
      vertex -4 0 6
      vertex -2.9763441039434335 0.3759997006929122 6
    endloop
  endfacet
  facet normal 0 0 1
    outer loop
      vertex -3.8743326445145243 0.9947595486594194 6
      vertex -3.9684588052579115 0.5013329342572163 6
      vertex -2.9057494833858932 0.7460696614945646 6
    endloop
  endfacet
  facet normal 0 0 1
    outer loop
      vertex -2.9763441039434335 0.3759997006929122 6
      vertex -4 0 6
      vertex -3 0 6
    endloop
  endfacet
  facet normal 0 0 1
    outer loop
      vertex -2.9763441039434335 0.3759997006929122 6
      vertex -2.9057494833858932 0.7460696614945646 6
      vertex -3.9684588052579115 0.5013329342572163 6
    endloop
  endfacet
  facet normal 0 0 1
    outer loop
      vertex -2.7893294576647545 1.1043736580540335 6
      vertex -3.8743326445145243 0.9947595486594194 6
      vertex -2.9057494833858932 0.7460696614945646 6
    endloop
  endfacet
  facet normal 0 0 1
    outer loop
      vertex -3.719105943553006 1.4724982107387115 6
      vertex -3.8743326445145243 0.9947595486594194 6
      vertex -2.7893294576647545 1.1043736580540335 6
    endloop
  endfacet
  facet normal 0 0 1
    outer loop
      vertex -2.6289200401315904 1.445261022305146 6
      vertex -3.719105943553006 1.4724982107387115 6
      vertex -2.7893294576647545 1.1043736580540335 6
    endloop
  endfacet
  facet normal 0 0 1
    outer loop
      vertex -3.505226720175454 1.9270146964068615 6
      vertex -3.719105943553006 1.4724982107387115 6
      vertex -2.6289200401315904 1.445261022305146 6
    endloop
  endfacet
  facet normal 0 0 1
    outer loop
      vertex -2.6289200401315904 1.445261022305146 6
      vertex -2.4270509831248424 1.7633557568774194 6
      vertex -3.505226720175454 1.9270146964068615 6
    endloop
  endfacet
  facet normal 0 0 1
    outer loop
      vertex -2.4270509831248424 1.7633557568774194 6
      vertex -3.23606797749979 2.3511410091698925 6
      vertex -3.505226720175454 1.9270146964068615 6
    endloop
  endfacet
  facet normal 0 0 1
    outer loop
      vertex -2.186905882264235 2.0536413177860657 6
      vertex -3.23606797749979 2.3511410091698925 6
      vertex -2.4270509831248424 1.7633557568774194 6
    endloop
  endfacet
  facet normal 0 0 1
    outer loop
      vertex -2.186905882264235 2.0536413177860657 6
      vertex -2.9158745096856467 2.738188423714754 6
      vertex -3.23606797749979 2.3511410091698925 6
    endloop
  endfacet
  facet normal 0 0 1
    outer loop
      vertex -2.9158745096856467 2.738188423714754 6
      vertex -2.186905882264235 2.0536413177860657 6
      vertex -1.9122719692460688 2.311539728327368 6
    endloop
  endfacet
  facet normal 0 0 1
    outer loop
      vertex -2.9158745096856467 2.738188423714754 6
      vertex -1.9122719692460688 2.311539728327368 6
      vertex -2.5496959589947585 3.0820529711031575 6
    endloop
  endfacet
  facet normal 0 0 1
    outer loop
      vertex -2.5496959589947585 3.0820529711031575 6
      vertex -1.9122719692460688 2.311539728327368 6
      vertex -1.6074803849369903 2.532983776506045 6
    endloop
  endfacet
  facet normal 0 0 1
    outer loop
      vertex -2.143307179915987 3.37731170200806 6
      vertex -2.5496959589947585 3.0820529711031575 6
      vertex -1.6074803849369903 2.532983776506045 6
    endloop
  endfacet
  facet normal 0 0 1
    outer loop
      vertex -1.6074803849369903 2.532983776506045 6
      vertex -1.2773378746952182 2.7144811573980583 6
      vertex -2.143307179915987 3.37731170200806 6
    endloop
  endfacet
  facet normal 0 0 1
    outer loop
      vertex -1.2773378746952182 2.7144811573980583 6
      vertex -1.7031171662602909 3.619308209864078 6
      vertex -2.143307179915987 3.37731170200806 6
    endloop
  endfacet
  facet normal 0 0 1
    outer loop
      vertex -1.2773378746952182 2.7144811573980583 6
      vertex -0.9270509831248421 2.8531695488854605 6
      vertex -1.7031171662602909 3.619308209864078 6
    endloop
  endfacet
  facet normal 0 0 1
    outer loop
      vertex -1.2360679774997896 3.804226065180614 6
      vertex -1.7031171662602909 3.619308209864078 6
      vertex -0.9270509831248421 2.8531695488854605 6
    endloop
  endfacet
  facet normal 0 0 1
    outer loop
      vertex -0.5621439437571737 2.946861752186066 6
      vertex -1.2360679774997896 3.804226065180614 6
      vertex -0.9270509831248421 2.8531695488854605 6
    endloop
  endfacet
  facet normal 0 0 1
    outer loop
      vertex -0.5621439437571737 2.946861752186066 6
      vertex -0.7495252583428983 3.929149002914755 6
      vertex -1.2360679774997896 3.804226065180614 6
    endloop
  endfacet
  facet normal 0 0 1
    outer loop
      vertex -0.18837155858793983 2.9940801852848145 6
      vertex -0.7495252583428983 3.929149002914755 6
      vertex -0.5621439437571737 2.946861752186066 6
    endloop
  endfacet
  facet normal 0 0 1
    outer loop
      vertex -0.18837155858793983 2.9940801852848145 6
      vertex 0.18837155858793983 2.9940801852848145 6
      vertex -0.251162078117253 3.9921069137130862 6
    endloop
  endfacet
  facet normal 0 0 1
    outer loop
      vertex -0.18837155858793983 2.9940801852848145 6
      vertex -0.251162078117253 3.9921069137130862 6
      vertex -0.7495252583428983 3.929149002914755 6
    endloop
  endfacet
  facet normal 0 0 1
    outer loop
      vertex -12 15 6
      vertex -2.3176274578121054 7.132923872213651 6
      vertex -1.4053598593929342 7.367154380465165 6
    endloop
  endfacet
  facet normal 0 0 1
    outer loop
      vertex -12.023655896056567 15.375999700692912 6
      vertex -1.4053598593929342 7.367154380465165 6
      vertex -0.4709288964698496 7.485200463212037 6
    endloop
  endfacet
  facet normal 0 0 1
    outer loop
      vertex -12.210670542335246 16.104373658054033 6
      vertex -0.4709288964698496 7.485200463212037 6
      vertex 0.4709288964698496 7.485200463212037 6
    endloop
  endfacet
  facet normal 0 0 1
    outer loop
      vertex -12.371079959868409 16.445261022305147 6
      vertex 0.4709288964698496 7.485200463212037 6
      vertex 1.4053598593929344 7.367154380465165 6
    endloop
  endfacet
  facet normal 0 1 0
    outer loop
      vertex -17.813952597646566 22.49013364214136 -6
      vertex -17.813952597646566 22.49013364214136 6
      vertex 17.813952597646566 22.49013364214136 6
    endloop
  endfacet
  facet normal 0 0 1
    outer loop
      vertex -12.37107995986841 13.554738977694853 6
      vertex -4.018700962342476 6.3324594412651125 6
      vertex -12.210670542335247 13.895626341945965 6
    endloop
  endfacet
  facet normal 0 0 1
    outer loop
      vertex -12.210670542335247 13.895626341945965 6
      vertex -3.1933446867380453 6.786202893495146 6
      vertex -12.094250516614107 14.253930338505437 6
    endloop
  endfacet
  facet normal 0 0 1
    outer loop
      vertex -12.094250516614107 14.253930338505437 6
      vertex -2.3176274578121054 7.132923872213651 6
      vertex -12.023655896056567 14.624000299307088 6
    endloop
  endfacet
  facet normal 0 0 1
    outer loop
      vertex -12.023655896056567 14.624000299307088 6
      vertex -2.3176274578121054 7.132923872213651 6
      vertex -12 15 6
    endloop
  endfacet
  facet normal 0 0 1
    outer loop
      vertex -12 15 6
      vertex -1.4053598593929342 7.367154380465165 6
      vertex -12.023655896056567 15.375999700692912 6
    endloop
  endfacet
  facet normal 0 0 1
    outer loop
      vertex -12.572949016875157 16.76335575687742 6
      vertex -1.7495247058113879 16.642913054228853 6
      vertex -12.813094117735766 17.053641317786067 6
    endloop
  endfacet
  facet normal 0 0 1
    outer loop
      vertex -12.371079959868409 16.445261022305147 6
      vertex -1.9416407864998737 16.410684605501935 6
      vertex -12.572949016875157 16.76335575687742 6
    endloop
  endfacet
  facet normal 0 0 1
    outer loop
      vertex -12.023655896056567 15.375999700692912 6
      vertex -0.4709288964698496 7.485200463212037 6
      vertex -12.094250516614107 15.746069661494564 6
    endloop
  endfacet
  facet normal 0 0 1
    outer loop
      vertex -12.094250516614107 15.746069661494564 6
      vertex -0.4709288964698496 7.485200463212037 6
      vertex -12.210670542335246 16.104373658054033 6
    endloop
  endfacet
  facet normal 0 0 1
    outer loop
      vertex -12.210670542335246 16.104373658054033 6
      vertex 0.4709288964698496 7.485200463212037 6
      vertex -12.371079959868409 16.445261022305147 6
    endloop
  endfacet
  facet normal 0 0 1
    outer loop
      vertex -12.371079959868409 16.445261022305147 6
      vertex -2.2314635661318034 14.116501073556773 6
      vertex -2.3245995867087146 14.403144270804349 6
    endloop
  endfacet
  facet normal 0 0 1
    outer loop
      vertex -12.371079959868409 16.445261022305147 6
      vertex -2.3245995867087146 14.403144270804349 6
      vertex -2.381075283154747 14.69920023944567 6
    endloop
  endfacet
  facet normal 0 0 1
    outer loop
      vertex -12.371079959868409 16.445261022305147 6
      vertex -2.381075283154747 14.69920023944567 6
      vertex -2.4 15 6
    endloop
  endfacet
  facet normal 0 0 1
    outer loop
      vertex -12.371079959868409 16.445261022305147 6
      vertex -2.4 15 6
      vertex -2.381075283154747 15.30079976055433 6
    endloop
  endfacet
  facet normal 0 0 1
    outer loop
      vertex -12.371079959868409 16.445261022305147 6
      vertex -2.381075283154747 15.30079976055433 6
      vertex -2.3245995867087146 15.596855729195651 6
    endloop
  endfacet
  facet normal 0 0 1
    outer loop
      vertex -12.371079959868409 16.445261022305147 6
      vertex -2.3245995867087146 15.596855729195651 6
      vertex -2.2314635661318034 15.883498926443227 6
    endloop
  endfacet
  facet normal 0 0 1
    outer loop
      vertex -13.087728030753931 17.311539728327368 6
      vertex -12.813094117735766 17.053641317786067 6
      vertex -1.529817575396855 16.849231782661896 6
    endloop
  endfacet
  facet normal 0 0 1
    outer loop
      vertex -13.722662125304781 17.71448115739806 6
      vertex -13.39251961506301 17.532983776506043 6
      vertex -1.0218702997561744 17.171584925918445 6
    endloop
  endfacet
  facet normal 0 0 1
    outer loop
      vertex -13.39251961506301 17.532983776506043 6
      vertex -13.087728030753931 17.311539728327368 6
      vertex -1.2859843079495923 17.026387021204837 6
    endloop
  endfacet
  facet normal 0 0 1
    outer loop
      vertex -14.072949016875159 17.85316954888546 6
      vertex -13.722662125304781 17.71448115739806 6
      vertex -0.7416407864998737 17.282535639108367 6
    endloop
  endfacet
  facet normal 0 0 1
    outer loop
      vertex -21.14484313710706 20.922735529643443 6
      vertex 17.813952597646566 22.49013364214136 6
      vertex -17.813952597646566 22.49013364214136 6
    endloop
  endfacet
  facet normal 0 0 1
    outer loop
      vertex -12.371079959868409 16.445261022305147 6
      vertex -0.7416407864998737 12.717464360891633 6
      vertex -1.0218702997561737 12.828415074081553 6
    endloop
  endfacet
  facet normal 0 0 1
    outer loop
      vertex -12.371079959868409 16.445261022305147 6
      vertex 1.4053598593929344 7.367154380465165 6
      vertex -0.7416407864998737 12.717464360891633 6
    endloop
  endfacet
  facet normal 0 0 1
    outer loop
      vertex -12.371079959868409 16.445261022305147 6
      vertex -1.9416407864998737 13.589315394498065 6
      vertex -2.1031360321052723 13.843791182155883 6
    endloop
  endfacet
  facet normal 0 0 1
    outer loop
      vertex -12.371079959868409 16.445261022305147 6
      vertex -1.7495247058113879 13.357086945771147 6
      vertex -1.9416407864998737 13.589315394498065 6
    endloop
  endfacet
  facet normal 0 0 1
    outer loop
      vertex -12.371079959868409 16.445261022305147 6
      vertex -1.529817575396855 13.150768217338106 6
      vertex -1.7495247058113879 13.357086945771147 6
    endloop
  endfacet
  facet normal 0 0 1
    outer loop
      vertex -12.371079959868409 16.445261022305147 6
      vertex -1.2859843079495923 12.973612978795163 6
      vertex -1.529817575396855 13.150768217338106 6
    endloop
  endfacet
  facet normal 0 0 1
    outer loop
      vertex -12.371079959868409 16.445261022305147 6
      vertex -2.1031360321052723 13.843791182155883 6
      vertex -2.2314635661318034 14.116501073556773 6
    endloop
  endfacet
  facet normal 0 0 1
    outer loop
      vertex -12.371079959868409 16.445261022305147 6
      vertex -1.0218702997561737 12.828415074081553 6
      vertex -1.2859843079495923 12.973612978795163 6
    endloop
  endfacet
  facet normal 0 0 1
    outer loop
      vertex -12.371079959868409 16.445261022305147 6
      vertex -2.2314635661318034 15.883498926443227 6
      vertex -2.1031360321052723 16.156208817844117 6
    endloop
  endfacet
  facet normal 0 0 1
    outer loop
      vertex -12.371079959868409 16.445261022305147 6
      vertex -2.1031360321052723 16.156208817844117 6
      vertex -1.9416407864998737 16.410684605501935 6
    endloop
  endfacet
  facet normal 0 0 1
    outer loop
      vertex -12.572949016875157 16.76335575687742 6
      vertex -1.9416407864998737 16.410684605501935 6
      vertex -1.7495247058113879 16.642913054228853 6
    endloop
  endfacet
  facet normal 0 0 1
    outer loop
      vertex -12.813094117735766 17.053641317786067 6
      vertex -1.7495247058113879 16.642913054228853 6
      vertex -1.529817575396855 16.849231782661896 6
    endloop
  endfacet
  facet normal 0 0 1
    outer loop
      vertex -13.087728030753931 17.311539728327368 6
      vertex -1.529817575396855 16.849231782661896 6
      vertex -1.2859843079495923 17.026387021204837 6
    endloop
  endfacet
  facet normal 0 0 1
    outer loop
      vertex -13.39251961506301 17.532983776506043 6
      vertex -1.2859843079495923 17.026387021204837 6
      vertex -1.0218702997561744 17.171584925918445 6
    endloop
  endfacet
  facet normal 0 0 1
    outer loop
      vertex -13.722662125304781 17.71448115739806 6
      vertex -1.0218702997561744 17.171584925918445 6
      vertex -0.7416407864998737 17.282535639108367 6
    endloop
  endfacet
  facet normal 0 0 1
    outer loop
      vertex -14.072949016875159 17.85316954888546 6
      vertex -0.7416407864998737 17.282535639108367 6
      vertex -0.44971515500573894 17.357489401748854 6
    endloop
  endfacet
  facet normal 0 0 1
    outer loop
      vertex -21.14484313710706 20.922735529643443 6
      vertex -14.437856056242826 17.946861752186066 6
      vertex 21.14484313710706 20.922735529643443 6
    endloop
  endfacet
  facet normal 0 0 1
    outer loop
      vertex 21.14484313710706 20.922735529643443 6
      vertex -14.437856056242826 17.946861752186066 6
      vertex -14.072949016875159 17.85316954888546 6
    endloop
  endfacet
  facet normal 0 0 -1
    outer loop
      vertex -17.81395259764657 -22.49013364214136 -6
      vertex -0.44971515500573955 -17.357489401748854 -6
      vertex 21.14484313710706 -20.922735529643443 -6
    endloop
  endfacet
  facet normal 0 0 -1
    outer loop
      vertex 0.44971515500573955 -17.357489401748854 -6
      vertex 0.7416407864998737 -17.282535639108367 -6
      vertex 14.437856056242826 -17.946861752186066 -6
    endloop
  endfacet
  facet normal 0 0 -1
    outer loop
      vertex 1.0218702997561737 -17.171584925918445 -6
      vertex 1.285984307949591 -17.026387021204837 -6
      vertex 13.39251961506301 -17.532983776506043 -6
    endloop
  endfacet
  facet normal 0 0 -1
    outer loop
      vertex 0.7416407864998737 -17.282535639108367 -6
      vertex 1.0218702997561737 -17.171584925918445 -6
      vertex 14.072949016875159 -17.85316954888546 -6
    endloop
  endfacet
  facet normal 0 0 -1
    outer loop
      vertex 1.285984307949591 -17.026387021204837 -6
      vertex 1.529817575396856 -16.849231782661892 -6
      vertex 13.087728030753931 -17.311539728327368 -6
    endloop
  endfacet
  facet normal 0 0 -1
    outer loop
      vertex 1.7495247058113879 -16.642913054228853 -6
      vertex 12.813094117735766 -17.053641317786067 -6
      vertex 1.529817575396856 -16.849231782661892 -6
    endloop
  endfacet
  facet normal 0 0 -1
    outer loop
      vertex 1.7495247058113879 -16.642913054228853 -6
      vertex 1.9416407864998737 -16.410684605501935 -6
      vertex 12.572949016875157 -16.76335575687742 -6
    endloop
  endfacet
  facet normal 0 0 -1
    outer loop
      vertex 1.9416407864998737 -16.410684605501935 -6
      vertex 2.1031360321052723 -16.156208817844117 -6
      vertex 12.37107995986841 -16.445261022305147 -6
    endloop
  endfacet
  facet normal 0 0 -1
    outer loop
      vertex 2.1031360321052723 -16.156208817844117 -6
      vertex 2.231463566131803 -15.883498926443227 -6
      vertex 12.210670542335246 -16.104373658054033 -6
    endloop
  endfacet
  facet normal 0 0 -1
    outer loop
      vertex 2.231463566131803 -15.883498926443227 -6
      vertex 2.3245995867087146 -15.596855729195651 -6
      vertex 12.094250516614107 -15.746069661494564 -6
    endloop
  endfacet
  facet normal 0 0 -1
    outer loop
      vertex 2.3245995867087146 -15.596855729195651 -6
      vertex 2.381075283154747 -15.30079976055433 -6
      vertex 12.023655896056567 -15.375999700692912 -6
    endloop
  endfacet
  facet normal 0 0 -1
    outer loop
      vertex 2.381075283154747 -15.30079976055433 -6
      vertex 2.4 -15 -6
      vertex 12 -15 -6
    endloop
  endfacet
  facet normal 0 0 -1
    outer loop
      vertex 2.4 -15 -6
      vertex 2.381075283154747 -14.69920023944567 -6
      vertex 12 -15 -6
    endloop
  endfacet
  facet normal 0 0 -1
    outer loop
      vertex 2.381075283154747 -14.69920023944567 -6
      vertex 2.3245995867087146 -14.403144270804349 -6
      vertex 12.023655896056567 -14.624000299307088 -6
    endloop
  endfacet
  facet normal 0 0 -1
    outer loop
      vertex 2.3245995867087146 -14.403144270804349 -6
      vertex 2.231463566131803 -14.116501073556773 -6
      vertex 12.094250516614107 -14.253930338505436 -6
    endloop
  endfacet
  facet normal 0 0 -1
    outer loop
      vertex 2.1031360321052723 -13.843791182155883 -6
      vertex 12.210670542335246 -13.895626341945967 -6
      vertex 2.231463566131803 -14.116501073556773 -6
    endloop
  endfacet
  facet normal 0 0 -1
    outer loop
      vertex 1.9416407864998737 -13.589315394498065 -6
      vertex 1.7495247058113876 -13.357086945771147 -6
      vertex 12.572949016875157 -13.23664424312258 -6
    endloop
  endfacet
  facet normal 0 0 -1
    outer loop
      vertex 2.1031360321052723 -13.843791182155883 -6
      vertex 1.9416407864998737 -13.589315394498065 -6
      vertex 12.37107995986841 -13.554738977694853 -6
    endloop
  endfacet
  facet normal 0 0 -1
    outer loop
      vertex -17.81395259764657 -22.49013364214136 -6
      vertex 21.14484313710706 -20.922735529643443 -6
      vertex 17.81395259764657 -22.49013364214136 -6
    endloop
  endfacet
  facet normal 0 0 -1
    outer loop
      vertex 21.14484313710706 -20.922735529643443 -6
      vertex -0.44971515500573955 -17.357489401748854 -6
      vertex -0.15069724687035302 -17.395264148227852 -6
    endloop
  endfacet
  facet normal 0 0 -1
    outer loop
      vertex 21.14484313710706 -20.922735529643443 -6
      vertex -0.15069724687035302 -17.395264148227852 -6
      vertex 0.15069724687035302 -17.395264148227852 -6
    endloop
  endfacet
  facet normal 0 0 -1
    outer loop
      vertex 21.14484313710706 -20.922735529643443 -6
      vertex 0.15069724687035302 -17.395264148227852 -6
      vertex 0.44971515500573955 -17.357489401748854 -6
    endloop
  endfacet
  facet normal 0 0 -1
    outer loop
      vertex 1.0218702997561737 -17.171584925918445 -6
      vertex 13.722662125304783 -17.71448115739806 -6
      vertex 14.072949016875159 -17.85316954888546 -6
    endloop
  endfacet
  facet normal 0 0 -1
    outer loop
      vertex 0.7416407864998737 -17.282535639108367 -6
      vertex 14.072949016875159 -17.85316954888546 -6
      vertex 14.437856056242826 -17.946861752186066 -6
    endloop
  endfacet
  facet normal 0 0 -1
    outer loop
      vertex 1.285984307949591 -17.026387021204837 -6
      vertex 13.087728030753931 -17.311539728327368 -6
      vertex 13.39251961506301 -17.532983776506043 -6
    endloop
  endfacet
  facet normal 0 0 -1
    outer loop
      vertex 1.0218702997561737 -17.171584925918445 -6
      vertex 13.39251961506301 -17.532983776506043 -6
      vertex 13.722662125304783 -17.71448115739806 -6
    endloop
  endfacet
  facet normal 0 0 -1
    outer loop
      vertex 1.529817575396856 -16.849231782661892 -6
      vertex 12.813094117735766 -17.053641317786067 -6
      vertex 13.087728030753931 -17.311539728327368 -6
    endloop
  endfacet
  facet normal 0 0 -1
    outer loop
      vertex 0.44971515500573955 -17.357489401748854 -6
      vertex 14.437856056242826 -17.946861752186066 -6
      vertex 14.811628441412058 -17.994080185284815 -6
    endloop
  endfacet
  facet normal 0 0 -1
    outer loop
      vertex 1.9416407864998737 -16.410684605501935 -6
      vertex 12.37107995986841 -16.445261022305147 -6
      vertex 12.572949016875157 -16.76335575687742 -6
    endloop
  endfacet
  facet normal 0 0 -1
    outer loop
      vertex 1.7495247058113879 -16.642913054228853 -6
      vertex 12.572949016875157 -16.76335575687742 -6
      vertex 12.813094117735766 -17.053641317786067 -6
    endloop
  endfacet
  facet normal 0 0 -1
    outer loop
      vertex 2.1031360321052723 -16.156208817844117 -6
      vertex 12.210670542335246 -16.104373658054033 -6
      vertex 12.37107995986841 -16.445261022305147 -6
    endloop
  endfacet
  facet normal 0 0 -1
    outer loop
      vertex 2.231463566131803 -15.883498926443227 -6
      vertex 12.094250516614107 -15.746069661494564 -6
      vertex 12.210670542335246 -16.104373658054033 -6
    endloop
  endfacet
  facet normal 0 0 -1
    outer loop
      vertex 2.3245995867087146 -15.596855729195651 -6
      vertex 12.023655896056567 -15.375999700692912 -6
      vertex 12.094250516614107 -15.746069661494564 -6
    endloop
  endfacet
  facet normal 0 0 -1
    outer loop
      vertex 2.381075283154747 -15.30079976055433 -6
      vertex 12 -15 -6
      vertex 12.023655896056567 -15.375999700692912 -6
    endloop
  endfacet
  facet normal 0 0 -1
    outer loop
      vertex 2.381075283154747 -14.69920023944567 -6
      vertex 12.023655896056567 -14.624000299307088 -6
      vertex 12 -15 -6
    endloop
  endfacet
  facet normal 0 0 -1
    outer loop
      vertex 2.3245995867087146 -14.403144270804349 -6
      vertex 12.094250516614107 -14.253930338505436 -6
      vertex 12.023655896056567 -14.624000299307088 -6
    endloop
  endfacet
  facet normal 0 0 -1
    outer loop
      vertex 2.231463566131803 -14.116501073556773 -6
      vertex 12.210670542335246 -13.895626341945967 -6
      vertex 12.094250516614107 -14.253930338505436 -6
    endloop
  endfacet
  facet normal 0 0 -1
    outer loop
      vertex 2.1031360321052723 -13.843791182155883 -6
      vertex 12.37107995986841 -13.554738977694853 -6
      vertex 12.210670542335246 -13.895626341945967 -6
    endloop
  endfacet
  facet normal 0 0 -1
    outer loop
      vertex 1.9416407864998737 -13.589315394498065 -6
      vertex 12.572949016875157 -13.23664424312258 -6
      vertex 12.37107995986841 -13.554738977694853 -6
    endloop
  endfacet
  facet normal 0 0 -1
    outer loop
      vertex 0.15069724687035185 -12.604735851772148 -6
      vertex -0.15069724687035185 -12.604735851772148 -6
      vertex 0.4709288964698532 -7.485200463212037 -6
    endloop
  endfacet
  facet normal 0 0 -1
    outer loop
      vertex 0.15069724687035185 -12.604735851772148 -6
      vertex 0.4709288964698532 -7.485200463212037 -6
      vertex 0.44971515500573894 -12.642510598251146 -6
    endloop
  endfacet
  facet normal 0 0 -1
    outer loop
      vertex 0.7416407864998737 -12.717464360891633 -6
      vertex 0.44971515500573894 -12.642510598251146 -6
      vertex 1.4053598593929362 -7.3671543804651645 -6
    endloop
  endfacet
  facet normal 0 0 -1
    outer loop
      vertex 0.7416407864998737 -12.717464360891633 -6
      vertex 1.4053598593929362 -7.3671543804651645 -6
      vertex 1.0218702997561744 -12.828415074081553 -6
    endloop
  endfacet
  facet normal 0 0 -1
    outer loop
      vertex 0.44971515500573894 -12.642510598251146 -6
      vertex 0.4709288964698532 -7.485200463212037 -6
      vertex 1.4053598593929362 -7.3671543804651645 -6
    endloop
  endfacet
  facet normal 0 0 -1
    outer loop
      vertex 1.2859843079495918 -12.973612978795163 -6
      vertex 1.0218702997561744 -12.828415074081553 -6
      vertex 2.3176274578121054 -7.132923872213651 -6
    endloop
  endfacet
  facet normal 0 0 -1
    outer loop
      vertex 1.2859843079495918 -12.973612978795163 -6
      vertex 2.3176274578121054 -7.132923872213651 -6
      vertex 1.5298175753968553 -13.150768217338106 -6
    endloop
  endfacet
  facet normal 0 0 -1
    outer loop
      vertex 1.7495247058113876 -13.357086945771147 -6
      vertex 1.5298175753968553 -13.150768217338106 -6
      vertex 3.193344686738043 -6.786202893495147 -6
    endloop
  endfacet
  facet normal 0 0 -1
    outer loop
      vertex 1.0218702997561744 -12.828415074081553 -6
      vertex 1.4053598593929362 -7.3671543804651645 -6
      vertex 2.3176274578121054 -7.132923872213651 -6
    endloop
  endfacet
  facet normal 0 0 -1
    outer loop
      vertex 1.5298175753968553 -13.150768217338106 -6
      vertex 2.3176274578121054 -7.132923872213651 -6
      vertex 3.193344686738043 -6.786202893495147 -6
    endloop
  endfacet
  facet normal 0 0 -1
    outer loop
      vertex -0.25116207811725505 -3.9921069137130862 -6
      vertex 0.1883715585879413 -2.9940801852848145 -6
      vertex 0.25116207811725505 -3.9921069137130862 -6
    endloop
  endfacet
  facet normal 0 0 -1
    outer loop
      vertex 0.7495252583428993 -3.9291490029147544 -6
      vertex 0.25116207811725505 -3.9921069137130862 -6
      vertex 0.5621439437571745 -2.9468617521860656 -6
    endloop
  endfacet
  facet normal 0 0 -1
    outer loop
      vertex 0.25116207811725505 -3.9921069137130862 -6
      vertex 0.1883715585879413 -2.9940801852848145 -6
      vertex 0.5621439437571745 -2.9468617521860656 -6
    endloop
  endfacet
  facet normal 0 0 -1
    outer loop
      vertex 0.7495252583428993 -3.9291490029147544 -6
      vertex 0.5621439437571745 -2.9468617521860656 -6
      vertex 0.9270509831248421 -2.8531695488854605 -6
    endloop
  endfacet
  facet normal 0 0 -1
    outer loop
      vertex 0.7495252583428993 -3.9291490029147544 -6
      vertex 0.9270509831248421 -2.8531695488854605 -6
      vertex 1.2773378746952173 -2.7144811573980587 -6
    endloop
  endfacet
  facet normal 0 0 -1
    outer loop
      vertex 0.7495252583428993 -3.9291490029147544 -6
      vertex 1.2773378746952173 -2.7144811573980587 -6
      vertex 1.6074803849369887 -2.532983776506046 -6
    endloop
  endfacet
  facet normal 0 0 -1
    outer loop
      vertex 0.7495252583428993 -3.9291490029147544 -6
      vertex 1.6074803849369887 -2.532983776506046 -6
      vertex 1.91227196924607 -2.311539728327367 -6
    endloop
  endfacet
  facet normal 0 0 -1
    outer loop
      vertex 0.7495252583428993 -3.9291490029147544 -6
      vertex 3.8743326445145247 -0.9947595486594177 -6
      vertex 1.2360679774997896 -3.804226065180614 -6
    endloop
  endfacet
  facet normal 0 0 -1
    outer loop
      vertex 1.7031171662602897 -3.6193082098640783 -6
      vertex 1.2360679774997896 -3.804226065180614 -6
      vertex 3.505226720175454 -1.9270146964068615 -6
    endloop
  endfacet
  facet normal 0 0 -1
    outer loop
      vertex 1.7031171662602897 -3.6193082098640783 -6
      vertex 3.23606797749979 -2.3511410091698925 -6
      vertex 2.143307179915985 -3.377311702008061 -6
    endloop
  endfacet
  facet normal 0 0 -1
    outer loop
      vertex 2.143307179915985 -3.377311702008061 -6
      vertex 3.23606797749979 -2.3511410091698925 -6
      vertex 2.54969595899476 -3.082052971103156 -6
    endloop
  endfacet
  facet normal 0 0 -1
    outer loop
      vertex 0.7495252583428993 -3.9291490029147544 -6
      vertex 1.91227196924607 -2.311539728327367 -6
      vertex 3.8743326445145247 -0.9947595486594177 -6
    endloop
  endfacet
  facet normal 0 0 -1
    outer loop
      vertex 3.8743326445145247 -0.9947595486594177 -6
      vertex 1.91227196924607 -2.311539728327367 -6
      vertex 2.186905882264235 -2.0536413177860657 -6
    endloop
  endfacet
  facet normal 0 0 -1
    outer loop
      vertex 2.54969595899476 -3.082052971103156 -6
      vertex 3.23606797749979 -2.3511410091698925 -6
      vertex 2.9158745096856467 -2.738188423714754 -6
    endloop
  endfacet
  facet normal 0 0 -1
    outer loop
      vertex 1.7031171662602897 -3.6193082098640783 -6
      vertex 3.505226720175454 -1.9270146964068615 -6
      vertex 3.23606797749979 -2.3511410091698925 -6
    endloop
  endfacet
  facet normal 0 0 -1
    outer loop
      vertex 1.2360679774997896 -3.804226065180614 -6
      vertex 3.719105943553005 -1.4724982107387135 -6
      vertex 3.505226720175454 -1.9270146964068615 -6
    endloop
  endfacet
  facet normal 0 0 -1
    outer loop
      vertex 1.2360679774997896 -3.804226065180614 -6
      vertex 3.8743326445145247 -0.9947595486594177 -6
      vertex 3.719105943553005 -1.4724982107387135 -6
    endloop
  endfacet
  facet normal 0 0 -1
    outer loop
      vertex 3.8743326445145247 -0.9947595486594177 -6
      vertex 2.186905882264235 -2.0536413177860657 -6
      vertex 2.4270509831248424 -1.7633557568774194 -6
    endloop
  endfacet
  facet normal 0 0 -1
    outer loop
      vertex 3.8743326445145247 -0.9947595486594177 -6
      vertex 2.4270509831248424 -1.7633557568774194 -6
      vertex 2.6289200401315904 -1.445261022305146 -6
    endloop
  endfacet
  facet normal 0 0 -1
    outer loop
      vertex 3.8743326445145247 -0.9947595486594177 -6
      vertex 2.6289200401315904 -1.445261022305146 -6
      vertex 2.7893294576647536 -1.104373658054035 -6
    endloop
  endfacet
  facet normal 0 0 -1
    outer loop
      vertex 3.8743326445145247 -0.9947595486594177 -6
      vertex 2.7893294576647536 -1.104373658054035 -6
      vertex 2.9057494833858937 -0.7460696614945633 -6
    endloop
  endfacet
  facet normal 0 0 -1
    outer loop
      vertex 2.9057494833858937 -0.7460696614945633 -6
      vertex 2.9763441039434335 -0.3759997006929122 -6
      vertex 3.8743326445145247 -0.9947595486594177 -6
    endloop
  endfacet
  facet normal 0 0 -1
    outer loop
      vertex 3.9684588052579115 -0.5013329342572163 -6
      vertex 2.9763441039434335 -0.3759997006929122 -6
      vertex 3 0 -6
    endloop
  endfacet
  facet normal 0 0 -1
    outer loop
      vertex 3.9684588052579115 -0.5013329342572163 -6
      vertex 3.8743326445145247 -0.9947595486594177 -6
      vertex 2.9763441039434335 -0.3759997006929122 -6
    endloop
  endfacet
  facet normal 0 0 -1
    outer loop
      vertex 3.9684588052579115 -0.5013329342572163 -6
      vertex 3 0 -6
      vertex 4 0 -6
    endloop
  endfacet
  facet normal 0 0 -1
    outer loop
      vertex 1.7495247058113876 -13.357086945771147 -6
      vertex 3.193344686738043 -6.786202893495147 -6
      vertex 12.572949016875157 -13.23664424312258 -6
    endloop
  endfacet
  facet normal 0 0 -1
    outer loop
      vertex 3.193344686738043 -6.786202893495147 -6
      vertex 4.018700962342471 -6.332459441265115 -6
      vertex 12.572949016875157 -13.23664424312258 -6
    endloop
  endfacet
  facet normal 0 0 -1
    outer loop
      vertex 4.018700962342471 -6.332459441265115 -6
      vertex 4.780679923115175 -5.778849320818418 -6
      vertex 12.572949016875157 -13.23664424312258 -6
    endloop
  endfacet
  facet normal 0 0 -1
    outer loop
      vertex 4.780679923115175 -5.778849320818418 -6
      vertex 5.467264705660588 -5.134103294465164 -6
      vertex 12.813094117735766 -12.946358682213933 -6
    endloop
  endfacet
  facet normal 0 0 -1
    outer loop
      vertex 5.467264705660588 -5.134103294465164 -6
      vertex 6.067627457812106 -4.408389392193548 -6
      vertex 13.087728030753931 -12.688460271672632 -6
    endloop
  endfacet
  facet normal 0 0 -1
    outer loop
      vertex 4.780679923115175 -5.778849320818418 -6
      vertex 12.813094117735766 -12.946358682213933 -6
      vertex 12.572949016875157 -13.23664424312258 -6
    endloop
  endfacet
  facet normal 0 0 -1
    outer loop
      vertex 5.467264705660588 -5.134103294465164 -6
      vertex 13.087728030753931 -12.688460271672632 -6
      vertex 12.813094117735766 -12.946358682213933 -6
    endloop
  endfacet
  facet normal 0 0 -1
    outer loop
      vertex 6.067627457812106 -4.408389392193548 -6
      vertex 13.39251961506301 -12.467016223493955 -6
      vertex 13.087728030753931 -12.688460271672632 -6
    endloop
  endfacet
  facet normal 0 0 -1
    outer loop
      vertex 6.572300100328976 -3.6131525557628654 -6
      vertex 13.722662125304781 -12.285518842601942 -6
      vertex 13.39251961506301 -12.467016223493955 -6
    endloop
  endfacet
  facet normal 0 0 -1
    outer loop
      vertex 6.067627457812106 -4.408389392193548 -6
      vertex 6.572300100328976 -3.6131525557628654 -6
      vertex 13.39251961506301 -12.467016223493955 -6
    endloop
  endfacet
  facet normal 0 0 -1
    outer loop
      vertex 6.572300100328976 -3.6131525557628654 -6
      vertex 6.973323644161884 -2.7609341451350877 -6
      vertex 13.470182424603145 -1.8492317826618945 -6
    endloop
  endfacet
  facet normal 0 0 -1
    outer loop
      vertex 6.973323644161884 -2.7609341451350877 -6
      vertex 7.264373708464734 -1.8651741537364082 -6
      vertex 13.058359213500125 -1.4106846055019355 -6
    endloop
  endfacet
  facet normal 0 0 -1
    outer loop
      vertex 7.264373708464734 -1.8651741537364082 -6
      vertex 7.440860259858584 -0.9399992517322805 -6
      vertex 12.768536433868196 -0.8834989264432268 -6
    endloop
  endfacet
  facet normal 0 0 -1
    outer loop
      vertex 7.440860259858584 -0.9399992517322805 -6
      vertex 7.5 0 -6
      vertex 12.618924716845253 -0.3007997605543297 -6
    endloop
  endfacet
  facet normal 0 0 -1
    outer loop
      vertex 6.973323644161884 -2.7609341451350877 -6
      vertex 13.058359213500125 -1.4106846055019355 -6
      vertex 13.250475294188613 -1.6429130542288524 -6
    endloop
  endfacet
  facet normal 0 0 -1
    outer loop
      vertex 6.973323644161884 -2.7609341451350877 -6
      vertex 13.250475294188613 -1.6429130542288524 -6
      vertex 13.470182424603145 -1.8492317826618945 -6
    endloop
  endfacet
  facet normal 0 0 -1
    outer loop
      vertex 7.264373708464734 -1.8651741537364082 -6
      vertex 12.896863967894728 -1.1562088178441168 -6
      vertex 13.058359213500125 -1.4106846055019355 -6
    endloop
  endfacet
  facet normal 0 0 -1
    outer loop
      vertex 7.264373708464734 -1.8651741537364082 -6
      vertex 12.768536433868196 -0.8834989264432268 -6
      vertex 12.896863967894728 -1.1562088178441168 -6
    endloop
  endfacet
  facet normal 0 0 -1
    outer loop
      vertex 7.440860259858584 -0.9399992517322805 -6
      vertex 12.675400413291285 -0.5968557291956517 -6
      vertex 12.768536433868196 -0.8834989264432268 -6
    endloop
  endfacet
  facet normal 0 0 -1
    outer loop
      vertex 7.440860259858584 -0.9399992517322805 -6
      vertex 12.618924716845253 -0.3007997605543297 -6
      vertex 12.675400413291285 -0.5968557291956517 -6
    endloop
  endfacet
  facet normal 0 0 -1
    outer loop
      vertex 7.5 0 -6
      vertex 12.6 0 -6
      vertex 12.618924716845253 -0.3007997605543297 -6
    endloop
  endfacet
  facet normal 0 0 -1
    outer loop
      vertex 21.14484313710706 -20.922735529643443 -6
      vertex 0.44971515500573955 -17.357489401748854 -6
      vertex 14.811628441412058 -17.994080185284815 -6
    endloop
  endfacet
  facet normal 0 0 -1
    outer loop
      vertex 17.81395259764657 -22.49013364214136 -6
      vertex 19.045084971874736 -22.255282581475768 -6
      vertex 18.436906572928624 -22.411436253643444 -6
    endloop
  endfacet
  facet normal 0 0 -1
    outer loop
      vertex 17.81395259764657 -22.49013364214136 -6
      vertex 19.628896457825363 -22.0241352623301 -6
      vertex 19.045084971874736 -22.255282581475768 -6
    endloop
  endfacet
  facet normal 0 0 -1
    outer loop
      vertex 17.81395259764657 -22.49013364214136 -6
      vertex 21.14484313710706 -20.922735529643443 -6
      vertex 19.628896457825363 -22.0241352623301 -6
    endloop
  endfacet
  facet normal 0 0 -1
    outer loop
      vertex 21.14484313710706 -20.922735529643443 -6
      vertex 14.811628441412058 -17.994080185284815 -6
      vertex 15.188371558587942 -17.994080185284815 -6
    endloop
  endfacet
  facet normal 0 0 -1
    outer loop
      vertex 21.14484313710706 -20.922735529643443 -6
      vertex 15.188371558587942 -17.994080185284815 -6
      vertex 15.562143943757174 -17.946861752186066 -6
    endloop
  endfacet
  facet normal 0 0 -1
    outer loop
      vertex 21.14484313710706 -20.922735529643443 -6
      vertex 15.562143943757174 -17.946861752186066 -6
      vertex 15.927050983124841 -17.85316954888546 -6
    endloop
  endfacet
  facet normal 0 0 -1
    outer loop
      vertex 21.14484313710706 -20.922735529643443 -6
      vertex 15.927050983124841 -17.85316954888546 -6
      vertex 16.277337874695217 -17.71448115739806 -6
    endloop
  endfacet
  facet normal 0 0 -1
    outer loop
      vertex 21.14484313710706 -20.922735529643443 -6
      vertex 16.277337874695217 -17.71448115739806 -6
      vertex 16.607480384936988 -17.532983776506047 -6
    endloop
  endfacet
  facet normal 0 0 -1
    outer loop
      vertex 21.14484313710706 -20.922735529643443 -6
      vertex 16.607480384936988 -17.532983776506047 -6
      vertex 16.91227196924607 -17.311539728327368 -6
    endloop
  endfacet
  facet normal 0 0 -1
    outer loop
      vertex 21.14484313710706 -20.922735529643443 -6
      vertex 16.91227196924607 -17.311539728327368 -6
      vertex 17.186905882264234 -17.053641317786067 -6
    endloop
  endfacet
  facet normal 0 0 -1
    outer loop
      vertex 21.14484313710706 -20.922735529643443 -6
      vertex 17.186905882264234 -17.053641317786067 -6
      vertex 17.427050983124843 -16.76335575687742 -6
    endloop
  endfacet
  facet normal 0 0 -1
    outer loop
      vertex 21.14484313710706 -20.922735529643443 -6
      vertex 17.427050983124843 -16.76335575687742 -6
      vertex 17.62892004013159 -16.445261022305147 -6
    endloop
  endfacet
  facet normal 0 0 -1
    outer loop
      vertex 21.14484313710706 -20.922735529643443 -6
      vertex 17.62892004013159 -16.445261022305147 -6
      vertex 17.789329457664753 -16.104373658054037 -6
    endloop
  endfacet
  facet normal 0 0 -1
    outer loop
      vertex 21.14484313710706 -20.922735529643443 -6
      vertex 17.789329457664753 -16.104373658054037 -6
      vertex 17.905749483385893 -15.746069661494563 -6
    endloop
  endfacet
  facet normal 0 0 -1
    outer loop
      vertex 21.14484313710706 -20.922735529643443 -6
      vertex 17.905749483385893 -15.746069661494563 -6
      vertex 17.976344103943433 -15.375999700692912 -6
    endloop
  endfacet
  facet normal 0 0 -1
    outer loop
      vertex 21.14484313710706 -20.922735529643443 -6
      vertex 17.976344103943433 -15.375999700692912 -6
      vertex 18 -15 -6
    endloop
  endfacet
  facet normal 0 0 -1
    outer loop
      vertex 19.628896457825363 -22.0241352623301 -6
      vertex 21.14484313710706 -20.922735529643443 -6
      vertex 20.17913397489498 -21.721639627510076 -6
    endloop
  endfacet
  facet normal 0 0 -1
    outer loop
      vertex 20.17913397489498 -21.721639627510076 -6
      vertex 21.14484313710706 -20.922735529643443 -6
      vertex 20.68711994874345 -21.352566213878944 -6
    endloop
  endfacet
  facet normal 0 0 -1
    outer loop
      vertex 21.14484313710706 -20.922735529643443 -6
      vertex 21.88153340021932 -19.908768370508575 -6
      vertex 21.545084971874736 -20.438926261462367 -6
    endloop
  endfacet
  facet normal 0 0 -1
    outer loop
      vertex 21.14484313710706 -20.922735529643443 -6
      vertex 22.148882429441258 -19.34062276342339 -6
      vertex 21.88153340021932 -19.908768370508575 -6
    endloop
  endfacet
  facet normal 0 0 -1
    outer loop
      vertex 21.14484313710706 -20.922735529643443 -6
      vertex 22.5 -17.5 -6
      vertex 22.148882429441258 -19.34062276342339 -6
    endloop
  endfacet
  facet normal 0 0 -1
    outer loop
      vertex 22.148882429441258 -19.34062276342339 -6
      vertex 22.5 -17.5 -6
      vertex 22.342915805643155 -18.74344943582427 -6
    endloop
  endfacet
  facet normal 0 0 -1
    outer loop
      vertex 22.342915805643155 -18.74344943582427 -6
      vertex 22.5 -17.5 -6
      vertex 22.460573506572388 -18.12666616782152 -6
    endloop
  endfacet
  facet normal 0 0 -1
    outer loop
      vertex 21.14484313710706 -20.922735529643443 -6
      vertex 17.905749483385893 -14.253930338505436 -6
      vertex 17.789329457664753 -13.895626341945967 -6
    endloop
  endfacet
  facet normal 0 0 -1
    outer loop
      vertex 21.14484313710706 -20.922735529643443 -6
      vertex 17.789329457664753 -13.895626341945967 -6
      vertex 17.62892004013159 -13.554738977694853 -6
    endloop
  endfacet
  facet normal 0 0 -1
    outer loop
      vertex 21.14484313710706 -20.922735529643443 -6
      vertex 18 -15 -6
      vertex 17.976344103943433 -14.624000299307088 -6
    endloop
  endfacet
  facet normal 0 0 -1
    outer loop
      vertex 21.14484313710706 -20.922735529643443 -6
      vertex 17.976344103943433 -14.624000299307088 -6
      vertex 17.905749483385893 -14.253930338505436 -6
    endloop
  endfacet
  facet normal 0 0 -1
    outer loop
      vertex 21.14484313710706 -20.922735529643443 -6
      vertex 17.62892004013159 -13.554738977694853 -6
      vertex 17.231463566131804 -0.883498926443228 -6
    endloop
  endfacet
  facet normal 0.12533323356430504 -0.9921147013144777 0
    outer loop
      vertex 17.81395259764657 -22.49013364214136 -6
      vertex 18.436906572928624 -22.411436253643444 -6
      vertex 18.436906572928624 -22.411436253643444 6
    endloop
  endfacet
  facet normal 0.24868988716485604 -0.9685831611286309 0
    outer loop
      vertex 18.436906572928624 -22.411436253643444 -6
      vertex 19.045084971874736 -22.255282581475768 -6
      vertex 18.436906572928624 -22.411436253643444 6
    endloop
  endfacet
  facet normal 0.3681245526846774 -0.9297764858882517 0
    outer loop
      vertex 19.045084971874736 -22.255282581475768 -6
      vertex 19.628896457825363 -22.0241352623301 -6
      vertex 19.045084971874736 -22.255282581475768 6
    endloop
  endfacet
  facet normal 0.48175367410171693 -0.8763066800438627 0
    outer loop
      vertex 19.628896457825363 -22.0241352623301 -6
      vertex 20.17913397489498 -21.721639627510076 -6
      vertex 19.628896457825363 -22.0241352623301 6
    endloop
  endfacet
  facet normal 0.5877852522924719 -0.8090169943749483 0
    outer loop
      vertex 20.17913397489498 -21.721639627510076 -6
      vertex 20.68711994874345 -21.352566213878944 -6
      vertex 20.68711994874345 -21.352566213878944 6
    endloop
  endfacet
  facet normal 0.6845471059286874 -0.7289686274214127 0
    outer loop
      vertex 20.68711994874345 -21.352566213878944 -6
      vertex 21.14484313710706 -20.922735529643443 -6
      vertex 21.14484313710706 -20.922735529643443 6
    endloop
  endfacet
  facet normal 0.7705132427757907 -0.6374239897486881 0
    outer loop
      vertex 21.14484313710706 -20.922735529643443 -6
      vertex 21.545084971874736 -20.438926261462367 -6
      vertex 21.545084971874736 -20.438926261462367 6
    endloop
  endfacet
  facet normal 0.8443279255020154 -0.5358267949789961 0
    outer loop
      vertex 21.545084971874736 -20.438926261462367 -6
      vertex 21.88153340021932 -19.908768370508575 -6
      vertex 21.545084971874736 -20.438926261462367 6
    endloop
  endfacet
  facet normal 0.9048270524660187 -0.42577929156507455 0
    outer loop
      vertex 21.88153340021932 -19.908768370508575 -6
      vertex 22.148882429441258 -19.34062276342339 -6
      vertex 22.148882429441258 -19.34062276342339 6
    endloop
  endfacet
  facet normal 0.9510565162951546 -0.30901699437494407 0
    outer loop
      vertex 22.148882429441258 -19.34062276342339 -6
      vertex 22.342915805643155 -18.74344943582427 -6
      vertex 22.148882429441258 -19.34062276342339 6
    endloop
  endfacet
  facet normal 0.9822872507286889 -0.18738131458572285 0
    outer loop
      vertex 22.342915805643155 -18.74344943582427 -6
      vertex 22.460573506572388 -18.12666616782152 -6
      vertex 22.342915805643155 -18.74344943582427 6
    endloop
  endfacet
  facet normal 0.9980267284282714 -0.06279051952931593 0
    outer loop
      vertex 22.460573506572388 -18.12666616782152 -6
      vertex 22.5 -17.5 -6
      vertex 22.5 -17.5 6
    endloop
  endfacet
  facet normal 0 0 -1
    outer loop
      vertex 14.072949016875159 -12.146830451114539 -6
      vertex 13.722662125304781 -12.285518842601942 -6
      vertex 14.258359213500126 -2.282535639108368 -6
    endloop
  endfacet
  facet normal 0 0 -1
    outer loop
      vertex 6.572300100328976 -3.6131525557628654 -6
      vertex 13.714015692050408 -2.026387021204836 -6
      vertex 13.722662125304781 -12.285518842601942 -6
    endloop
  endfacet
  facet normal 0 0 -1
    outer loop
      vertex 14.437856056242826 -12.053138247813934 -6
      vertex 14.072949016875159 -12.146830451114539 -6
      vertex 14.55028484499426 -2.3574894017488526 -6
    endloop
  endfacet
  facet normal 0 0 -1
    outer loop
      vertex 14.81162844141206 -12.005919814715185 -6
      vertex 14.437856056242826 -12.053138247813934 -6
      vertex 14.849302753129647 -2.395264148227852 -6
    endloop
  endfacet
  facet normal 0 0 -1
    outer loop
      vertex 15.18837155858794 -12.005919814715185 -6
      vertex 14.81162844141206 -12.005919814715185 -6
      vertex 15.150697246870353 -2.395264148227852 -6
    endloop
  endfacet
  facet normal 0 0 -1
    outer loop
      vertex 15.562143943757174 -12.053138247813934 -6
      vertex 15.18837155858794 -12.005919814715185 -6
      vertex 15.44971515500574 -2.3574894017488526 -6
    endloop
  endfacet
  facet normal 0 0 -1
    outer loop
      vertex 15.927050983124841 -12.146830451114539 -6
      vertex 15.562143943757174 -12.053138247813934 -6
      vertex 15.741640786499874 -2.282535639108368 -6
    endloop
  endfacet
  facet normal 0 0 -1
    outer loop
      vertex 16.277337874695217 -12.285518842601942 -6
      vertex 15.927050983124841 -12.146830451114539 -6
      vertex 16.021870299756173 -2.171584925918447 -6
    endloop
  endfacet
  facet normal 0 0 -1
    outer loop
      vertex 16.60748038493699 -12.467016223493955 -6
      vertex 16.277337874695217 -12.285518842601942 -6
      vertex 16.28598430794959 -2.0263870212048367 -6
    endloop
  endfacet
  facet normal 0 0 -1
    outer loop
      vertex 16.91227196924607 -12.688460271672632 -6
      vertex 16.60748038493699 -12.467016223493955 -6
      vertex 16.529817575396855 -1.8492317826618936 -6
    endloop
  endfacet
  facet normal 0 0 -1
    outer loop
      vertex 13.722662125304781 -12.285518842601942 -6
      vertex 13.714015692050408 -2.026387021204836 -6
      vertex 13.978129700243827 -2.171584925918447 -6
    endloop
  endfacet
  facet normal 0 0 -1
    outer loop
      vertex 14.258359213500126 -2.282535639108368 -6
      vertex 13.722662125304781 -12.285518842601942 -6
      vertex 13.978129700243827 -2.171584925918447 -6
    endloop
  endfacet
  facet normal 0 0 -1
    outer loop
      vertex 6.572300100328976 -3.6131525557628654 -6
      vertex 13.470182424603145 -1.8492317826618945 -6
      vertex 13.714015692050408 -2.026387021204836 -6
    endloop
  endfacet
  facet normal 0 0 -1
    outer loop
      vertex 14.258359213500126 -2.282535639108368 -6
      vertex 14.55028484499426 -2.3574894017488526 -6
      vertex 14.072949016875159 -12.146830451114539 -6
    endloop
  endfacet
  facet normal 0 0 -1
    outer loop
      vertex 14.55028484499426 -2.3574894017488526 -6
      vertex 14.849302753129647 -2.395264148227852 -6
      vertex 14.437856056242826 -12.053138247813934 -6
    endloop
  endfacet
  facet normal 0 0 -1
    outer loop
      vertex 14.849302753129647 -2.395264148227852 -6
      vertex 15.150697246870353 -2.395264148227852 -6
      vertex 14.81162844141206 -12.005919814715185 -6
    endloop
  endfacet
  facet normal 0 0 -1
    outer loop
      vertex 15.18837155858794 -12.005919814715185 -6
      vertex 15.150697246870353 -2.395264148227852 -6
      vertex 15.44971515500574 -2.3574894017488526 -6
    endloop
  endfacet
  facet normal 0 0 -1
    outer loop
      vertex 15.562143943757174 -12.053138247813934 -6
      vertex 15.44971515500574 -2.3574894017488526 -6
      vertex 15.741640786499874 -2.282535639108368 -6
    endloop
  endfacet
  facet normal 0 0 -1
    outer loop
      vertex 15.927050983124841 -12.146830451114539 -6
      vertex 15.741640786499874 -2.282535639108368 -6
      vertex 16.021870299756173 -2.171584925918447 -6
    endloop
  endfacet
  facet normal 0 0 -1
    outer loop
      vertex 16.277337874695217 -12.285518842601942 -6
      vertex 16.021870299756173 -2.171584925918447 -6
      vertex 16.28598430794959 -2.0263870212048367 -6
    endloop
  endfacet
  facet normal 0 0 -1
    outer loop
      vertex 16.60748038493699 -12.467016223493955 -6
      vertex 16.28598430794959 -2.0263870212048367 -6
      vertex 16.529817575396855 -1.8492317826618936 -6
    endloop
  endfacet
  facet normal 0 0 -1
    outer loop
      vertex 16.91227196924607 -12.688460271672632 -6
      vertex 16.529817575396855 -1.8492317826618936 -6
      vertex 16.74952470581139 -1.6429130542288524 -6
    endloop
  endfacet
  facet normal 0 0 -1
    outer loop
      vertex 17.186905882264234 -12.946358682213933 -6
      vertex 16.941640786499875 -1.4106846055019355 -6
      vertex 17.427050983124843 -13.23664424312258 -6
    endloop
  endfacet
  facet normal 0 0 -1
    outer loop
      vertex 17.427050983124843 -13.23664424312258 -6
      vertex 17.103136032105272 -1.1562088178441168 -6
      vertex 17.62892004013159 -13.554738977694853 -6
    endloop
  endfacet
  facet normal 0 0 -1
    outer loop
      vertex 16.74952470581139 -1.6429130542288524 -6
      vertex 17.186905882264234 -12.946358682213933 -6
      vertex 16.91227196924607 -12.688460271672632 -6
    endloop
  endfacet
  facet normal 0 0 -1
    outer loop
      vertex 21.14484313710706 -20.922735529643443 -6
      vertex 17.231463566131804 -0.883498926443228 -6
      vertex 17.324599586708715 -0.5968557291956507 -6
    endloop
  endfacet
  facet normal 0 0 -1
    outer loop
      vertex 21.14484313710706 -20.922735529643443 -6
      vertex 17.324599586708715 -0.5968557291956507 -6
      vertex 17.381075283154747 -0.3007997605543297 -6
    endloop
  endfacet
  facet normal 0 0 -1
    outer loop
      vertex 21.14484313710706 -20.922735529643443 -6
      vertex 17.381075283154747 -0.3007997605543297 -6
      vertex 17.4 0 -6
    endloop
  endfacet
  facet normal 0 0 -1
    outer loop
      vertex 21.14484313710706 -20.922735529643443 -6
      vertex 17.4 0 -6
      vertex 17.381075283154747 0.3007997605543302 -6
    endloop
  endfacet
  facet normal 0 0 -1
    outer loop
      vertex 21.14484313710706 -20.922735529643443 -6
      vertex 22.5 17.5 -6
      vertex 22.5 -17.5 -6
    endloop
  endfacet
  facet normal 0 0 -1
    outer loop
      vertex 16.74952470581139 -1.6429130542288524 -6
      vertex 16.941640786499875 -1.4106846055019355 -6
      vertex 17.186905882264234 -12.946358682213933 -6
    endloop
  endfacet
  facet normal 0 0 -1
    outer loop
      vertex 16.941640786499875 -1.4106846055019355 -6
      vertex 17.103136032105272 -1.1562088178441168 -6
      vertex 17.427050983124843 -13.23664424312258 -6
    endloop
  endfacet
  facet normal 0 0 -1
    outer loop
      vertex 17.103136032105272 -1.1562088178441168 -6
      vertex 17.231463566131804 -0.883498926443228 -6
      vertex 17.62892004013159 -13.554738977694853 -6
    endloop
  endfacet
  facet normal 0 0 -1
    outer loop
      vertex 21.14484313710706 -20.922735529643443 -6
      vertex 17.381075283154747 0.3007997605543302 -6
      vertex 22.5 17.5 -6
    endloop
  endfacet
  facet normal 0 -1 0
    outer loop
      vertex -17.81395259764657 -22.49013364214136 6
      vertex 17.81395259764657 -22.49013364214136 -6
      vertex 17.81395259764657 -22.49013364214136 6
    endloop
  endfacet
  facet normal 0 0 1
    outer loop
      vertex -21.14484313710706 -20.922735529643443 6
      vertex 14.437856056242826 -17.946861752186066 6
      vertex 14.072949016875159 -17.85316954888546 6
    endloop
  endfacet
  facet normal 0 0 1
    outer loop
      vertex -21.14484313710706 -20.922735529643443 6
      vertex 21.14484313710706 -20.922735529643443 6
      vertex 14.437856056242826 -17.946861752186066 6
    endloop
  endfacet
  facet normal 0 0 1
    outer loop
      vertex 14.072949016875159 -17.85316954888546 6
      vertex 0.7416407864998737 -17.282535639108367 6
      vertex 0.44971515500573955 -17.357489401748854 6
    endloop
  endfacet
  facet normal 0 0 1
    outer loop
      vertex 13.722662125304783 -17.71448115739806 6
      vertex 1.0218702997561737 -17.171584925918445 6
      vertex 0.7416407864998737 -17.282535639108367 6
    endloop
  endfacet
  facet normal 0 0 1
    outer loop
      vertex 13.39251961506301 -17.532983776506043 6
      vertex 1.285984307949591 -17.026387021204837 6
      vertex 1.0218702997561737 -17.171584925918445 6
    endloop
  endfacet
  facet normal 0 0 1
    outer loop
      vertex 13.087728030753931 -17.311539728327368 6
      vertex 1.529817575396856 -16.849231782661892 6
      vertex 1.285984307949591 -17.026387021204837 6
    endloop
  endfacet
  facet normal 0 0 1
    outer loop
      vertex 2.1031360321052723 -13.843791182155883 6
      vertex 3.193344686738043 -6.786202893495147 6
      vertex 1.9416407864998737 -13.589315394498065 6
    endloop
  endfacet
  facet normal 0 0 1
    outer loop
      vertex 2.1031360321052723 -13.843791182155883 6
      vertex 2.231463566131803 -14.116501073556773 6
      vertex 3.193344686738043 -6.786202893495147 6
    endloop
  endfacet
  facet normal 0 0 1
    outer loop
      vertex 1.529817575396856 -16.849231782661892 6
      vertex 12.813094117735766 -17.053641317786067 6
      vertex 1.7495247058113879 -16.642913054228853 6
    endloop
  endfacet
  facet normal 0 0 1
    outer loop
      vertex 1.7495247058113879 -16.642913054228853 6
      vertex 12.572949016875157 -16.76335575687742 6
      vertex 1.9416407864998737 -16.410684605501935 6
    endloop
  endfacet
  facet normal 0 0 1
    outer loop
      vertex 1.9416407864998737 -16.410684605501935 6
      vertex 12.37107995986841 -16.445261022305147 6
      vertex 2.1031360321052723 -16.156208817844117 6
    endloop
  endfacet
  facet normal 0 0 1
    outer loop
      vertex 2.1031360321052723 -16.156208817844117 6
      vertex 12.210670542335246 -16.104373658054033 6
      vertex 2.231463566131803 -15.883498926443227 6
    endloop
  endfacet
  facet normal 0 0 1
    outer loop
      vertex 2.231463566131803 -15.883498926443227 6
      vertex 12.094250516614107 -15.746069661494564 6
      vertex 2.3245995867087146 -15.596855729195651 6
    endloop
  endfacet
  facet normal 0 0 1
    outer loop
      vertex 2.3245995867087146 -15.596855729195651 6
      vertex 12.023655896056567 -15.375999700692912 6
      vertex 2.381075283154747 -15.30079976055433 6
    endloop
  endfacet
  facet normal 0 0 1
    outer loop
      vertex 12 -15 6
      vertex 2.4 -15 6
      vertex 2.381075283154747 -15.30079976055433 6
    endloop
  endfacet
  facet normal 0 0 1
    outer loop
      vertex 2.4 -15 6
      vertex 12 -15 6
      vertex 2.381075283154747 -14.69920023944567 6
    endloop
  endfacet
  facet normal 0 0 1
    outer loop
      vertex 2.381075283154747 -14.69920023944567 6
      vertex 12.023655896056567 -14.624000299307088 6
      vertex 2.3245995867087146 -14.403144270804349 6
    endloop
  endfacet
  facet normal 0 0 1
    outer loop
      vertex 2.3245995867087146 -14.403144270804349 6
      vertex 12.094250516614107 -14.253930338505436 6
      vertex 2.231463566131803 -14.116501073556773 6
    endloop
  endfacet
  facet normal 0 0 1
    outer loop
      vertex -17.81395259764657 -22.49013364214136 6
      vertex 17.81395259764657 -22.49013364214136 6
      vertex 21.14484313710706 -20.922735529643443 6
    endloop
  endfacet
  facet normal 0 0 1
    outer loop
      vertex 14.072949016875159 -17.85316954888546 6
      vertex 13.722662125304783 -17.71448115739806 6
      vertex 0.7416407864998737 -17.282535639108367 6
    endloop
  endfacet
  facet normal 0 0 1
    outer loop
      vertex 13.39251961506301 -17.532983776506043 6
      vertex 13.087728030753931 -17.311539728327368 6
      vertex 1.285984307949591 -17.026387021204837 6
    endloop
  endfacet
  facet normal 0 0 1
    outer loop
      vertex 13.722662125304783 -17.71448115739806 6
      vertex 13.39251961506301 -17.532983776506043 6
      vertex 1.0218702997561737 -17.171584925918445 6
    endloop
  endfacet
  facet normal 0 0 1
    outer loop
      vertex 13.087728030753931 -17.311539728327368 6
      vertex 12.813094117735766 -17.053641317786067 6
      vertex 1.529817575396856 -16.849231782661892 6
    endloop
  endfacet
  facet normal 0 0 1
    outer loop
      vertex 2.231463566131803 -14.116501073556773 6
      vertex 12.210670542335246 -13.895626341945967 6
      vertex 3.193344686738043 -6.786202893495147 6
    endloop
  endfacet
  facet normal 0 0 1
    outer loop
      vertex 12.37107995986841 -16.445261022305147 6
      vertex 1.9416407864998737 -16.410684605501935 6
      vertex 12.572949016875157 -16.76335575687742 6
    endloop
  endfacet
  facet normal 0 0 1
    outer loop
      vertex 12.572949016875157 -16.76335575687742 6
      vertex 1.7495247058113879 -16.642913054228853 6
      vertex 12.813094117735766 -17.053641317786067 6
    endloop
  endfacet
  facet normal 0 0 1
    outer loop
      vertex 12.210670542335246 -16.104373658054033 6
      vertex 2.1031360321052723 -16.156208817844117 6
      vertex 12.37107995986841 -16.445261022305147 6
    endloop
  endfacet
  facet normal 0 0 1
    outer loop
      vertex 12.094250516614107 -15.746069661494564 6
      vertex 2.231463566131803 -15.883498926443227 6
      vertex 12.210670542335246 -16.104373658054033 6
    endloop
  endfacet
  facet normal 0 0 1
    outer loop
      vertex 12.023655896056567 -15.375999700692912 6
      vertex 2.3245995867087146 -15.596855729195651 6
      vertex 12.094250516614107 -15.746069661494564 6
    endloop
  endfacet
  facet normal 0 0 1
    outer loop
      vertex 12 -15 6
      vertex 2.381075283154747 -15.30079976055433 6
      vertex 12.023655896056567 -15.375999700692912 6
    endloop
  endfacet
  facet normal 0 0 1
    outer loop
      vertex 12.023655896056567 -14.624000299307088 6
      vertex 2.381075283154747 -14.69920023944567 6
      vertex 12 -15 6
    endloop
  endfacet
  facet normal 0 0 1
    outer loop
      vertex 12.094250516614107 -14.253930338505436 6
      vertex 2.3245995867087146 -14.403144270804349 6
      vertex 12.023655896056567 -14.624000299307088 6
    endloop
  endfacet
  facet normal 0 0 1
    outer loop
      vertex 12.210670542335246 -13.895626341945967 6
      vertex 2.231463566131803 -14.116501073556773 6
      vertex 12.094250516614107 -14.253930338505436 6
    endloop
  endfacet
  facet normal 0 0 1
    outer loop
      vertex 12.37107995986841 -13.554738977694853 6
      vertex 4.018700962342471 -6.332459441265115 6
      vertex 12.210670542335246 -13.895626341945967 6
    endloop
  endfacet
  facet normal 0 0 1
    outer loop
      vertex 0.44971515500573894 -12.642510598251146 6
      vertex 0.4709288964698532 -7.485200463212037 6
      vertex 0.15069724687035185 -12.604735851772148 6
    endloop
  endfacet
  facet normal 0 0 1
    outer loop
      vertex 0.44971515500573894 -12.642510598251146 6
      vertex 0.7416407864998737 -12.717464360891633 6
      vertex 0.4709288964698532 -7.485200463212037 6
    endloop
  endfacet
  facet normal 0 0 1
    outer loop
      vertex 1.0218702997561744 -12.828415074081553 6
      vertex 1.4053598593929362 -7.3671543804651645 6
      vertex 0.7416407864998737 -12.717464360891633 6
    endloop
  endfacet
  facet normal 0 0 1
    outer loop
      vertex 1.0218702997561744 -12.828415074081553 6
      vertex 1.2859843079495918 -12.973612978795163 6
      vertex 1.4053598593929362 -7.3671543804651645 6
    endloop
  endfacet
  facet normal 0 0 1
    outer loop
      vertex -0.4709288964698532 -7.485200463212037 6
      vertex 0.15069724687035185 -12.604735851772148 6
      vertex 0.4709288964698532 -7.485200463212037 6
    endloop
  endfacet
  facet normal 0 0 1
    outer loop
      vertex 0.7416407864998737 -12.717464360891633 6
      vertex 1.4053598593929362 -7.3671543804651645 6
      vertex 0.4709288964698532 -7.485200463212037 6
    endloop
  endfacet
  facet normal 0 0 1
    outer loop
      vertex 1.5298175753968553 -13.150768217338106 6
      vertex 2.3176274578121054 -7.132923872213651 6
      vertex 1.2859843079495918 -12.973612978795163 6
    endloop
  endfacet
  facet normal 0 0 1
    outer loop
      vertex 1.5298175753968553 -13.150768217338106 6
      vertex 1.7495247058113876 -13.357086945771147 6
      vertex 2.3176274578121054 -7.132923872213651 6
    endloop
  endfacet
  facet normal 0 0 1
    outer loop
      vertex 1.9416407864998737 -13.589315394498065 6
      vertex 3.193344686738043 -6.786202893495147 6
      vertex 1.7495247058113876 -13.357086945771147 6
    endloop
  endfacet
  facet normal 0 0 1
    outer loop
      vertex 1.2859843079495918 -12.973612978795163 6
      vertex 2.3176274578121054 -7.132923872213651 6
      vertex 1.4053598593929362 -7.3671543804651645 6
    endloop
  endfacet
  facet normal 0 0 1
    outer loop
      vertex 1.7495247058113876 -13.357086945771147 6
      vertex 3.193344686738043 -6.786202893495147 6
      vertex 2.3176274578121054 -7.132923872213651 6
    endloop
  endfacet
  facet normal 0 0 1
    outer loop
      vertex 0.25116207811725505 -3.9921069137130862 6
      vertex 0.7495252583428993 -3.9291490029147544 6
      vertex 0.1883715585879413 -2.9940801852848145 6
    endloop
  endfacet
  facet normal 0 0 1
    outer loop
      vertex 0.25116207811725505 -3.9921069137130862 6
      vertex 0.1883715585879413 -2.9940801852848145 6
      vertex -0.1883715585879413 -2.9940801852848145 6
    endloop
  endfacet
  facet normal 0 0 1
    outer loop
      vertex 0.1883715585879413 -2.9940801852848145 6
      vertex 0.7495252583428993 -3.9291490029147544 6
      vertex 0.5621439437571745 -2.9468617521860656 6
    endloop
  endfacet
  facet normal 0 0 1
    outer loop
      vertex 0.7495252583428993 -3.9291490029147544 6
      vertex 1.2360679774997896 -3.804226065180614 6
      vertex 0.5621439437571745 -2.9468617521860656 6
    endloop
  endfacet
  facet normal 0 0 1
    outer loop
      vertex 0.5621439437571745 -2.9468617521860656 6
      vertex 1.2360679774997896 -3.804226065180614 6
      vertex 0.9270509831248421 -2.8531695488854605 6
    endloop
  endfacet
  facet normal 0 0 1
    outer loop
      vertex 1.2360679774997896 -3.804226065180614 6
      vertex 1.7031171662602897 -3.6193082098640783 6
      vertex 0.9270509831248421 -2.8531695488854605 6
    endloop
  endfacet
  facet normal 0 0 1
    outer loop
      vertex 0.9270509831248421 -2.8531695488854605 6
      vertex 1.7031171662602897 -3.6193082098640783 6
      vertex 1.2773378746952173 -2.7144811573980587 6
    endloop
  endfacet
  facet normal 0 0 1
    outer loop
      vertex 1.7031171662602897 -3.6193082098640783 6
      vertex 2.143307179915985 -3.377311702008061 6
      vertex 1.2773378746952173 -2.7144811573980587 6
    endloop
  endfacet
  facet normal 0 0 1
    outer loop
      vertex 1.2773378746952173 -2.7144811573980587 6
      vertex 2.143307179915985 -3.377311702008061 6
      vertex 1.6074803849369887 -2.532983776506046 6
    endloop
  endfacet
  facet normal 0 0 1
    outer loop
      vertex 1.6074803849369887 -2.532983776506046 6
      vertex 2.143307179915985 -3.377311702008061 6
      vertex 2.54969595899476 -3.082052971103156 6
    endloop
  endfacet
  facet normal 0 0 1
    outer loop
      vertex 1.6074803849369887 -2.532983776506046 6
      vertex 2.54969595899476 -3.082052971103156 6
      vertex 1.91227196924607 -2.311539728327367 6
    endloop
  endfacet
  facet normal 0 0 1
    outer loop
      vertex 2.9158745096856467 -2.738188423714754 6
      vertex 1.91227196924607 -2.311539728327367 6
      vertex 2.54969595899476 -3.082052971103156 6
    endloop
  endfacet
  facet normal 0 0 1
    outer loop
      vertex 1.91227196924607 -2.311539728327367 6
      vertex 2.9158745096856467 -2.738188423714754 6
      vertex 2.186905882264235 -2.0536413177860657 6
    endloop
  endfacet
  facet normal 0 0 1
    outer loop
      vertex 2.9158745096856467 -2.738188423714754 6
      vertex 3.23606797749979 -2.3511410091698925 6
      vertex 2.186905882264235 -2.0536413177860657 6
    endloop
  endfacet
  facet normal 0 0 1
    outer loop
      vertex 3.23606797749979 -2.3511410091698925 6
      vertex 2.4270509831248424 -1.7633557568774194 6
      vertex 2.186905882264235 -2.0536413177860657 6
    endloop
  endfacet
  facet normal 0 0 1
    outer loop
      vertex 2.4270509831248424 -1.7633557568774194 6
      vertex 3.23606797749979 -2.3511410091698925 6
      vertex 3.505226720175454 -1.9270146964068615 6
    endloop
  endfacet
  facet normal 0 0 1
    outer loop
      vertex 2.4270509831248424 -1.7633557568774194 6
      vertex 3.505226720175454 -1.9270146964068615 6
      vertex 2.6289200401315904 -1.445261022305146 6
    endloop
  endfacet
  facet normal 0 0 1
    outer loop
      vertex 2.6289200401315904 -1.445261022305146 6
      vertex 3.505226720175454 -1.9270146964068615 6
      vertex 3.719105943553005 -1.4724982107387135 6
    endloop
  endfacet
  facet normal 0 0 1
    outer loop
      vertex 2.6289200401315904 -1.445261022305146 6
      vertex 3.719105943553005 -1.4724982107387135 6
      vertex 2.7893294576647536 -1.104373658054035 6
    endloop
  endfacet
  facet normal 0 0 1
    outer loop
      vertex 2.7893294576647536 -1.104373658054035 6
      vertex 3.719105943553005 -1.4724982107387135 6
      vertex 3.8743326445145247 -0.9947595486594177 6
    endloop
  endfacet
  facet normal 0 0 1
    outer loop
      vertex 2.7893294576647536 -1.104373658054035 6
      vertex 3.8743326445145247 -0.9947595486594177 6
      vertex 2.9057494833858937 -0.7460696614945633 6
    endloop
  endfacet
  facet normal 0 0 1
    outer loop
      vertex 2.9057494833858937 -0.7460696614945633 6
      vertex 3.9684588052579115 -0.5013329342572163 6
      vertex 2.9763441039434335 -0.3759997006929122 6
    endloop
  endfacet
  facet normal 0 0 1
    outer loop
      vertex 2.9763441039434335 -0.3759997006929122 6
      vertex 4 0 6
      vertex 3 0 6
    endloop
  endfacet
  facet normal 0 0 1
    outer loop
      vertex 2.9057494833858937 -0.7460696614945633 6
      vertex 3.8743326445145247 -0.9947595486594177 6
      vertex 3.9684588052579115 -0.5013329342572163 6
    endloop
  endfacet
  facet normal 0 0 1
    outer loop
      vertex 2.9763441039434335 -0.3759997006929122 6
      vertex 3.9684588052579115 -0.5013329342572163 6
      vertex 4 0 6
    endloop
  endfacet
  facet normal 0 0 1
    outer loop
      vertex 4.018700962342471 -6.332459441265115 6
      vertex 3.193344686738043 -6.786202893495147 6
      vertex 12.210670542335246 -13.895626341945967 6
    endloop
  endfacet
  facet normal 0 0 1
    outer loop
      vertex 4.018700962342471 -6.332459441265115 6
      vertex 12.572949016875157 -13.23664424312258 6
      vertex 4.780679923115175 -5.778849320818418 6
    endloop
  endfacet
  facet normal 0 0 1
    outer loop
      vertex 4.780679923115175 -5.778849320818418 6
      vertex 13.087728030753931 -12.688460271672632 6
      vertex 5.467264705660588 -5.134103294465164 6
    endloop
  endfacet
  facet normal 0 0 1
    outer loop
      vertex 13.087728030753931 -12.688460271672632 6
      vertex 6.067627457812106 -4.408389392193548 6
      vertex 5.467264705660588 -5.134103294465164 6
    endloop
  endfacet
  facet normal 0 0 1
    outer loop
      vertex 12.572949016875157 -13.23664424312258 6
      vertex 4.018700962342471 -6.332459441265115 6
      vertex 12.37107995986841 -13.554738977694853 6
    endloop
  endfacet
  facet normal 0 0 1
    outer loop
      vertex 12.813094117735766 -12.946358682213933 6
      vertex 4.780679923115175 -5.778849320818418 6
      vertex 12.572949016875157 -13.23664424312258 6
    endloop
  endfacet
  facet normal 0 0 1
    outer loop
      vertex 4.780679923115175 -5.778849320818418 6
      vertex 12.813094117735766 -12.946358682213933 6
      vertex 13.087728030753931 -12.688460271672632 6
    endloop
  endfacet
  facet normal 0 0 1
    outer loop
      vertex 13.087728030753931 -12.688460271672632 6
      vertex 13.39251961506301 -12.467016223493955 6
      vertex 6.067627457812106 -4.408389392193548 6
    endloop
  endfacet
  facet normal 0 0 1
    outer loop
      vertex 13.39251961506301 -12.467016223493955 6
      vertex 13.722662125304781 -12.285518842601942 6
      vertex 6.067627457812106 -4.408389392193548 6
    endloop
  endfacet
  facet normal 0 0 1
    outer loop
      vertex 13.722662125304781 -12.285518842601942 6
      vertex 6.572300100328976 -3.6131525557628654 6
      vertex 6.067627457812106 -4.408389392193548 6
    endloop
  endfacet
  facet normal 0 0 1
    outer loop
      vertex 14.072949016875159 -12.146830451114539 6
      vertex 6.973323644161884 -2.7609341451350877 6
      vertex 6.572300100328976 -3.6131525557628654 6
    endloop
  endfacet
  facet normal 0 0 1
    outer loop
      vertex 14.81162844141206 -12.005919814715185 6
      vertex 7.264373708464734 -1.8651741537364082 6
      vertex 6.973323644161884 -2.7609341451350877 6
    endloop
  endfacet
  facet normal 0 0 1
    outer loop
      vertex 15.18837155858794 -12.005919814715185 6
      vertex 7.440860259858584 -0.9399992517322805 6
      vertex 7.264373708464734 -1.8651741537364082 6
    endloop
  endfacet
  facet normal 0 0 1
    outer loop
      vertex 7.5 0 6
      vertex 7.440860259858584 -0.9399992517322805 6
      vertex 15.927050983124841 -12.146830451114539 6
    endloop
  endfacet
  facet normal 0 0 1
    outer loop
      vertex 16.277337874695217 -12.285518842601942 6
      vertex 7.440860259858584 0.9399992517322819 6
      vertex 7.5 0 6
    endloop
  endfacet
  facet normal 0 0 1
    outer loop
      vertex 13.250475294188613 -1.6429130542288524 6
      vertex 13.058359213500125 -1.4106846055019355 6
      vertex 7.440860259858584 0.9399992517322819 6
    endloop
  endfacet
  facet normal 0 0 1
    outer loop
      vertex 12.896863967894728 -1.1562088178441168 6
      vertex 12.768536433868196 -0.8834989264432268 6
      vertex 7.440860259858584 0.9399992517322819 6
    endloop
  endfacet
  facet normal 0 0 1
    outer loop
      vertex 13.058359213500125 -1.4106846055019355 6
      vertex 12.896863967894728 -1.1562088178441168 6
      vertex 7.440860259858584 0.9399992517322819 6
    endloop
  endfacet
  facet normal 0 0 1
    outer loop
      vertex 12.768536433868196 -0.8834989264432268 6
      vertex 12.675400413291285 -0.5968557291956517 6
      vertex 7.440860259858584 0.9399992517322819 6
    endloop
  endfacet
  facet normal 0.12533323356430504 -0.9921147013144777 0
    outer loop
      vertex 17.81395259764657 -22.49013364214136 -6
      vertex 18.436906572928624 -22.411436253643444 6
      vertex 17.81395259764657 -22.49013364214136 6
    endloop
  endfacet
  facet normal 0.24868988716485604 -0.9685831611286309 0
    outer loop
      vertex 19.045084971874736 -22.255282581475768 -6
      vertex 19.045084971874736 -22.255282581475768 6
      vertex 18.436906572928624 -22.411436253643444 6
    endloop
  endfacet
  facet normal 0.3681245526846774 -0.9297764858882517 0
    outer loop
      vertex 19.628896457825363 -22.0241352623301 -6
      vertex 19.628896457825363 -22.0241352623301 6
      vertex 19.045084971874736 -22.255282581475768 6
    endloop
  endfacet
  facet normal 0.48175367410171693 -0.8763066800438627 0
    outer loop
      vertex 20.17913397489498 -21.721639627510076 -6
      vertex 20.17913397489498 -21.721639627510076 6
      vertex 19.628896457825363 -22.0241352623301 6
    endloop
  endfacet
  facet normal 0.5877852522924719 -0.8090169943749483 0
    outer loop
      vertex 20.17913397489498 -21.721639627510076 -6
      vertex 20.68711994874345 -21.352566213878944 6
      vertex 20.17913397489498 -21.721639627510076 6
    endloop
  endfacet
  facet normal 0.6845471059286874 -0.7289686274214127 0
    outer loop
      vertex 20.68711994874345 -21.352566213878944 -6
      vertex 21.14484313710706 -20.922735529643443 6
      vertex 20.68711994874345 -21.352566213878944 6
    endloop
  endfacet
  facet normal 0.7705132427757907 -0.6374239897486881 0
    outer loop
      vertex 21.14484313710706 -20.922735529643443 -6
      vertex 21.545084971874736 -20.438926261462367 6
      vertex 21.14484313710706 -20.922735529643443 6
    endloop
  endfacet
  facet normal 0.8443279255020154 -0.5358267949789961 0
    outer loop
      vertex 21.88153340021932 -19.908768370508575 -6
      vertex 21.88153340021932 -19.908768370508575 6
      vertex 21.545084971874736 -20.438926261462367 6
    endloop
  endfacet
  facet normal 0.9048270524660187 -0.42577929156507455 0
    outer loop
      vertex 21.88153340021932 -19.908768370508575 -6
      vertex 22.148882429441258 -19.34062276342339 6
      vertex 21.88153340021932 -19.908768370508575 6
    endloop
  endfacet
  facet normal 0.9510565162951546 -0.30901699437494407 0
    outer loop
      vertex 22.342915805643155 -18.74344943582427 -6
      vertex 22.342915805643155 -18.74344943582427 6
      vertex 22.148882429441258 -19.34062276342339 6
    endloop
  endfacet
  facet normal 0.9822872507286889 -0.18738131458572285 0
    outer loop
      vertex 22.460573506572388 -18.12666616782152 -6
      vertex 22.460573506572388 -18.12666616782152 6
      vertex 22.342915805643155 -18.74344943582427 6
    endloop
  endfacet
  facet normal 0.9980267284282714 -0.06279051952931593 0
    outer loop
      vertex 22.460573506572388 -18.12666616782152 -6
      vertex 22.5 -17.5 6
      vertex 22.460573506572388 -18.12666616782152 6
    endloop
  endfacet
  facet normal 0 0 1
    outer loop
      vertex 21.14484313710706 -20.922735529643443 6
      vertex 14.811628441412058 -17.994080185284815 6
      vertex 14.437856056242826 -17.946861752186066 6
    endloop
  endfacet
  facet normal 0 0 1
    outer loop
      vertex 17.81395259764657 -22.49013364214136 6
      vertex 18.436906572928624 -22.411436253643444 6
      vertex 19.045084971874736 -22.255282581475768 6
    endloop
  endfacet
  facet normal 0 0 1
    outer loop
      vertex 17.81395259764657 -22.49013364214136 6
      vertex 19.045084971874736 -22.255282581475768 6
      vertex 21.14484313710706 -20.922735529643443 6
    endloop
  endfacet
  facet normal 0 0 1
    outer loop
      vertex 19.045084971874736 -22.255282581475768 6
      vertex 19.628896457825363 -22.0241352623301 6
      vertex 20.17913397489498 -21.721639627510076 6
    endloop
  endfacet
  facet normal 0 0 1
    outer loop
      vertex 21.14484313710706 -20.922735529643443 6
      vertex 15.188371558587942 -17.994080185284815 6
      vertex 14.811628441412058 -17.994080185284815 6
    endloop
  endfacet
  facet normal 0 0 1
    outer loop
      vertex 21.14484313710706 -20.922735529643443 6
      vertex 15.562143943757174 -17.946861752186066 6
      vertex 15.188371558587942 -17.994080185284815 6
    endloop
  endfacet
  facet normal 0 0 1
    outer loop
      vertex 21.14484313710706 -20.922735529643443 6
      vertex 15.927050983124841 -17.85316954888546 6
      vertex 15.562143943757174 -17.946861752186066 6
    endloop
  endfacet
  facet normal 0 0 1
    outer loop
      vertex 21.14484313710706 -20.922735529643443 6
      vertex 16.277337874695217 -17.71448115739806 6
      vertex 15.927050983124841 -17.85316954888546 6
    endloop
  endfacet
  facet normal 0 0 1
    outer loop
      vertex 21.14484313710706 -20.922735529643443 6
      vertex 16.607480384936988 -17.532983776506047 6
      vertex 16.277337874695217 -17.71448115739806 6
    endloop
  endfacet
  facet normal 0 0 1
    outer loop
      vertex 21.14484313710706 -20.922735529643443 6
      vertex 16.91227196924607 -17.311539728327368 6
      vertex 16.607480384936988 -17.532983776506047 6
    endloop
  endfacet
  facet normal 0 0 1
    outer loop
      vertex 21.14484313710706 -20.922735529643443 6
      vertex 17.186905882264234 -17.053641317786067 6
      vertex 16.91227196924607 -17.311539728327368 6
    endloop
  endfacet
  facet normal 0 0 1
    outer loop
      vertex 21.14484313710706 -20.922735529643443 6
      vertex 17.427050983124843 -16.76335575687742 6
      vertex 17.186905882264234 -17.053641317786067 6
    endloop
  endfacet
  facet normal 0 0 1
    outer loop
      vertex 21.14484313710706 -20.922735529643443 6
      vertex 17.62892004013159 -16.445261022305147 6
      vertex 17.427050983124843 -16.76335575687742 6
    endloop
  endfacet
  facet normal 0 0 1
    outer loop
      vertex 21.14484313710706 -20.922735529643443 6
      vertex 17.789329457664753 -16.104373658054037 6
      vertex 17.62892004013159 -16.445261022305147 6
    endloop
  endfacet
  facet normal 0 0 1
    outer loop
      vertex 21.14484313710706 -20.922735529643443 6
      vertex 17.905749483385893 -15.746069661494563 6
      vertex 17.789329457664753 -16.104373658054037 6
    endloop
  endfacet
  facet normal 0 0 1
    outer loop
      vertex 21.14484313710706 -20.922735529643443 6
      vertex 17.976344103943433 -15.375999700692912 6
      vertex 17.905749483385893 -15.746069661494563 6
    endloop
  endfacet
  facet normal 0 0 1
    outer loop
      vertex 21.14484313710706 -20.922735529643443 6
      vertex 18 -15 6
      vertex 17.976344103943433 -15.375999700692912 6
    endloop
  endfacet
  facet normal 0 0 1
    outer loop
      vertex 19.045084971874736 -22.255282581475768 6
      vertex 20.17913397489498 -21.721639627510076 6
      vertex 21.14484313710706 -20.922735529643443 6
    endloop
  endfacet
  facet normal 0 0 1
    outer loop
      vertex 20.17913397489498 -21.721639627510076 6
      vertex 20.68711994874345 -21.352566213878944 6
      vertex 21.14484313710706 -20.922735529643443 6
    endloop
  endfacet
  facet normal 0 0 1
    outer loop
      vertex 21.14484313710706 -20.922735529643443 6
      vertex 21.545084971874736 -20.438926261462367 6
      vertex 22.148882429441258 -19.34062276342339 6
    endloop
  endfacet
  facet normal 0 0 1
    outer loop
      vertex 21.545084971874736 -20.438926261462367 6
      vertex 21.88153340021932 -19.908768370508575 6
      vertex 22.148882429441258 -19.34062276342339 6
    endloop
  endfacet
  facet normal 0 0 1
    outer loop
      vertex 21.14484313710706 -20.922735529643443 6
      vertex 22.148882429441258 -19.34062276342339 6
      vertex 22.5 -17.5 6
    endloop
  endfacet
  facet normal 0 0 1
    outer loop
      vertex 22.148882429441258 -19.34062276342339 6
      vertex 22.342915805643155 -18.74344943582427 6
      vertex 22.5 -17.5 6
    endloop
  endfacet
  facet normal 0 0 1
    outer loop
      vertex 22.342915805643155 -18.74344943582427 6
      vertex 22.460573506572388 -18.12666616782152 6
      vertex 22.5 -17.5 6
    endloop
  endfacet
  facet normal 0 0 1
    outer loop
      vertex 21.14484313710706 -20.922735529643443 6
      vertex 17.4 0 6
      vertex 18 -15 6
    endloop
  endfacet
  facet normal 1 0 0
    outer loop
      vertex 22.5 -17.5 -6
      vertex 22.5 17.5 6
      vertex 22.5 -17.5 6
    endloop
  endfacet
  facet normal 0 0 1
    outer loop
      vertex 13.722662125304781 -12.285518842601942 6
      vertex 14.072949016875159 -12.146830451114539 6
      vertex 6.572300100328976 -3.6131525557628654 6
    endloop
  endfacet
  facet normal 0 0 1
    outer loop
      vertex 14.072949016875159 -12.146830451114539 6
      vertex 14.437856056242826 -12.053138247813934 6
      vertex 6.973323644161884 -2.7609341451350877 6
    endloop
  endfacet
  facet normal 0 0 1
    outer loop
      vertex 14.437856056242826 -12.053138247813934 6
      vertex 14.81162844141206 -12.005919814715185 6
      vertex 6.973323644161884 -2.7609341451350877 6
    endloop
  endfacet
  facet normal 0 0 1
    outer loop
      vertex 14.81162844141206 -12.005919814715185 6
      vertex 15.18837155858794 -12.005919814715185 6
      vertex 7.264373708464734 -1.8651741537364082 6
    endloop
  endfacet
  facet normal 0 0 1
    outer loop
      vertex 15.18837155858794 -12.005919814715185 6
      vertex 15.562143943757174 -12.053138247813934 6
      vertex 7.440860259858584 -0.9399992517322805 6
    endloop
  endfacet
  facet normal 0 0 1
    outer loop
      vertex 15.562143943757174 -12.053138247813934 6
      vertex 15.927050983124841 -12.146830451114539 6
      vertex 7.440860259858584 -0.9399992517322805 6
    endloop
  endfacet
  facet normal 0 0 1
    outer loop
      vertex 15.927050983124841 -12.146830451114539 6
      vertex 16.277337874695217 -12.285518842601942 6
      vertex 7.5 0 6
    endloop
  endfacet
  facet normal 0 0 1
    outer loop
      vertex 16.277337874695217 -12.285518842601942 6
      vertex 16.60748038493699 -12.467016223493955 6
      vertex 7.440860259858584 0.9399992517322819 6
    endloop
  endfacet
  facet normal 0 0 1
    outer loop
      vertex 16.60748038493699 -12.467016223493955 6
      vertex 16.91227196924607 -12.688460271672632 6
      vertex 15.741640786499874 -2.282535639108368 6
    endloop
  endfacet
  facet normal 0 0 1
    outer loop
      vertex 16.60748038493699 -12.467016223493955 6
      vertex 14.258359213500126 -2.282535639108368 6
      vertex 13.978129700243827 -2.171584925918447 6
    endloop
  endfacet
  facet normal 0 0 1
    outer loop
      vertex 16.60748038493699 -12.467016223493955 6
      vertex 14.55028484499426 -2.3574894017488526 6
      vertex 14.258359213500126 -2.282535639108368 6
    endloop
  endfacet
  facet normal 0 0 1
    outer loop
      vertex 16.60748038493699 -12.467016223493955 6
      vertex 14.849302753129647 -2.395264148227852 6
      vertex 14.55028484499426 -2.3574894017488526 6
    endloop
  endfacet
  facet normal 0 0 1
    outer loop
      vertex 16.60748038493699 -12.467016223493955 6
      vertex 15.150697246870353 -2.395264148227852 6
      vertex 14.849302753129647 -2.395264148227852 6
    endloop
  endfacet
  facet normal 0 0 1
    outer loop
      vertex 16.60748038493699 -12.467016223493955 6
      vertex 15.44971515500574 -2.3574894017488526 6
      vertex 15.150697246870353 -2.395264148227852 6
    endloop
  endfacet
  facet normal 0 0 1
    outer loop
      vertex 16.60748038493699 -12.467016223493955 6
      vertex 15.741640786499874 -2.282535639108368 6
      vertex 15.44971515500574 -2.3574894017488526 6
    endloop
  endfacet
  facet normal 0 0 1
    outer loop
      vertex 16.91227196924607 -12.688460271672632 6
      vertex 16.021870299756173 -2.171584925918447 6
      vertex 15.741640786499874 -2.282535639108368 6
    endloop
  endfacet
  facet normal 0 0 1
    outer loop
      vertex 16.91227196924607 -12.688460271672632 6
      vertex 16.28598430794959 -2.0263870212048367 6
      vertex 16.021870299756173 -2.171584925918447 6
    endloop
  endfacet
  facet normal 0 0 1
    outer loop
      vertex 16.60748038493699 -12.467016223493955 6
      vertex 13.714015692050408 -2.026387021204836 6
      vertex 7.440860259858584 0.9399992517322819 6
    endloop
  endfacet
  facet normal 0 0 1
    outer loop
      vertex 13.470182424603145 -1.8492317826618945 6
      vertex 13.250475294188613 -1.6429130542288524 6
      vertex 7.440860259858584 0.9399992517322819 6
    endloop
  endfacet
  facet normal 0 0 1
    outer loop
      vertex 13.470182424603145 -1.8492317826618945 6
      vertex 7.440860259858584 0.9399992517322819 6
      vertex 13.714015692050408 -2.026387021204836 6
    endloop
  endfacet
  facet normal 0 0 1
    outer loop
      vertex 16.60748038493699 -12.467016223493955 6
      vertex 13.978129700243827 -2.171584925918447 6
      vertex 13.714015692050408 -2.026387021204836 6
    endloop
  endfacet
  facet normal 0 0 1
    outer loop
      vertex 16.91227196924607 -12.688460271672632 6
      vertex 16.529817575396855 -1.8492317826618936 6
      vertex 16.28598430794959 -2.0263870212048367 6
    endloop
  endfacet
  facet normal 0 0 1
    outer loop
      vertex 17.186905882264234 -12.946358682213933 6
      vertex 16.74952470581139 -1.6429130542288524 6
      vertex 16.529817575396855 -1.8492317826618936 6
    endloop
  endfacet
  facet normal 0 0 1
    outer loop
      vertex 18 -15 6
      vertex 17.4 0 6
      vertex 17.976344103943433 -14.624000299307088 6
    endloop
  endfacet
  facet normal 0 0 1
    outer loop
      vertex 16.91227196924607 -12.688460271672632 6
      vertex 17.186905882264234 -12.946358682213933 6
      vertex 16.529817575396855 -1.8492317826618936 6
    endloop
  endfacet
  facet normal 0 0 1
    outer loop
      vertex 17.427050983124843 -13.23664424312258 6
      vertex 16.74952470581139 -1.6429130542288524 6
      vertex 17.186905882264234 -12.946358682213933 6
    endloop
  endfacet
  facet normal 0 0 1
    outer loop
      vertex 17.62892004013159 -13.554738977694853 6
      vertex 17.103136032105272 -1.1562088178441168 6
      vertex 17.427050983124843 -13.23664424312258 6
    endloop
  endfacet
  facet normal 0 0 1
    outer loop
      vertex 17.789329457664753 -13.895626341945967 6
      vertex 17.231463566131804 -0.883498926443228 6
      vertex 17.62892004013159 -13.554738977694853 6
    endloop
  endfacet
  facet normal 0 0 1
    outer loop
      vertex 17.905749483385893 -14.253930338505436 6
      vertex 17.324599586708715 -0.5968557291956507 6
      vertex 17.789329457664753 -13.895626341945967 6
    endloop
  endfacet
  facet normal 0 0 1
    outer loop
      vertex 17.976344103943433 -14.624000299307088 6
      vertex 17.381075283154747 -0.3007997605543297 6
      vertex 17.905749483385893 -14.253930338505436 6
    endloop
  endfacet
  facet normal 0 0 1
    outer loop
      vertex 21.14484313710706 -20.922735529643443 6
      vertex 22.5 -17.5 6
      vertex 22.5 17.5 6
    endloop
  endfacet
  facet normal 0 0 1
    outer loop
      vertex 17.427050983124843 -13.23664424312258 6
      vertex 16.941640786499875 -1.4106846055019355 6
      vertex 16.74952470581139 -1.6429130542288524 6
    endloop
  endfacet
  facet normal 0 0 1
    outer loop
      vertex 17.427050983124843 -13.23664424312258 6
      vertex 17.103136032105272 -1.1562088178441168 6
      vertex 16.941640786499875 -1.4106846055019355 6
    endloop
  endfacet
  facet normal 0 0 1
    outer loop
      vertex 17.62892004013159 -13.554738977694853 6
      vertex 17.231463566131804 -0.883498926443228 6
      vertex 17.103136032105272 -1.1562088178441168 6
    endloop
  endfacet
  facet normal 0 0 1
    outer loop
      vertex 17.789329457664753 -13.895626341945967 6
      vertex 17.324599586708715 -0.5968557291956507 6
      vertex 17.231463566131804 -0.883498926443228 6
    endloop
  endfacet
  facet normal 0 0 1
    outer loop
      vertex 17.905749483385893 -14.253930338505436 6
      vertex 17.381075283154747 -0.3007997605543297 6
      vertex 17.324599586708715 -0.5968557291956507 6
    endloop
  endfacet
  facet normal 0 0 1
    outer loop
      vertex 17.976344103943433 -14.624000299307088 6
      vertex 17.4 0 6
      vertex 17.381075283154747 -0.3007997605543297 6
    endloop
  endfacet
  facet normal 0 0 -1
    outer loop
      vertex 1.9122719692460692 2.3115397283273675 -6
      vertex 1.60748038493699 2.532983776506045 -6
      vertex 2.549695958994759 3.0820529711031566 -6
    endloop
  endfacet
  facet normal 0 0 -1
    outer loop
      vertex 2.4270509831248424 1.7633557568774194 -6
      vertex 2.1869058822642344 2.053641317786066 -6
      vertex 3.23606797749979 2.3511410091698925 -6
    endloop
  endfacet
  facet normal 0 0 -1
    outer loop
      vertex 1.9122719692460692 2.3115397283273675 -6
      vertex 2.915874509685646 2.738188423714755 -6
      vertex 2.1869058822642344 2.053641317786066 -6
    endloop
  endfacet
  facet normal 0 0 -1
    outer loop
      vertex 1.9122719692460692 2.3115397283273675 -6
      vertex 2.549695958994759 3.0820529711031566 -6
      vertex 2.915874509685646 2.738188423714755 -6
    endloop
  endfacet
  facet normal 0 0 -1
    outer loop
      vertex 2.1869058822642344 2.053641317786066 -6
      vertex 2.915874509685646 2.738188423714755 -6
      vertex 3.23606797749979 2.3511410091698925 -6
    endloop
  endfacet
  facet normal 0 0 -1
    outer loop
      vertex 0.251162078117253 3.9921069137130862 -6
      vertex 0.18837155858793983 2.9940801852848145 -6
      vertex -0.18837155858793983 2.9940801852848145 -6
    endloop
  endfacet
  facet normal 0 0 -1
    outer loop
      vertex 0.18837155858793983 2.9940801852848145 -6
      vertex 0.7495252583428983 3.929149002914755 -6
      vertex 0.5621439437571737 2.946861752186066 -6
    endloop
  endfacet
  facet normal 0 0 -1
    outer loop
      vertex 0.251162078117253 3.9921069137130862 -6
      vertex 0.7495252583428983 3.929149002914755 -6
      vertex 0.18837155858793983 2.9940801852848145 -6
    endloop
  endfacet
  facet normal 0 0 -1
    outer loop
      vertex 0.9270509831248421 2.8531695488854605 -6
      vertex 0.5621439437571737 2.946861752186066 -6
      vertex 1.2360679774997896 3.804226065180614 -6
    endloop
  endfacet
  facet normal 0 0 -1
    outer loop
      vertex 0.9270509831248421 2.8531695488854605 -6
      vertex 1.7031171662602909 3.619308209864078 -6
      vertex 1.2773378746952182 2.7144811573980583 -6
    endloop
  endfacet
  facet normal 0 0 -1
    outer loop
      vertex 1.2360679774997896 3.804226065180614 -6
      vertex 1.7031171662602909 3.619308209864078 -6
      vertex 0.9270509831248421 2.8531695488854605 -6
    endloop
  endfacet
  facet normal 0 0 -1
    outer loop
      vertex 0.7495252583428983 3.929149002914755 -6
      vertex 1.2360679774997896 3.804226065180614 -6
      vertex 0.5621439437571737 2.946861752186066 -6
    endloop
  endfacet
  facet normal 0 0 -1
    outer loop
      vertex 1.2773378746952182 2.7144811573980583 -6
      vertex 2.1433071799159866 3.3773117020080603 -6
      vertex 1.60748038493699 2.532983776506045 -6
    endloop
  endfacet
  facet normal 0 0 -1
    outer loop
      vertex 1.7031171662602909 3.619308209864078 -6
      vertex 2.1433071799159866 3.3773117020080603 -6
      vertex 1.2773378746952182 2.7144811573980583 -6
    endloop
  endfacet
  facet normal 0 0 -1
    outer loop
      vertex 2.1433071799159866 3.3773117020080603 -6
      vertex 2.549695958994759 3.0820529711031566 -6
      vertex 1.60748038493699 2.532983776506045 -6
    endloop
  endfacet
  facet normal 0 0 -1
    outer loop
      vertex 3 0 -6
      vertex 2.9763441039434335 0.3759997006929128 -6
      vertex 4 0 -6
    endloop
  endfacet
  facet normal 0 0 -1
    outer loop
      vertex 2.9763441039434335 0.3759997006929128 -6
      vertex 2.9057494833858932 0.7460696614945643 -6
      vertex 3.9684588052579115 0.501332934257217 -6
    endloop
  endfacet
  facet normal 0 0 -1
    outer loop
      vertex 2.789329457664754 1.104373658054034 -6
      vertex 2.628920040131591 1.445261022305146 -6
      vertex 3.7191059435530054 1.472498210738712 -6
    endloop
  endfacet
  facet normal 0 0 -1
    outer loop
      vertex 2.9057494833858932 0.7460696614945643 -6
      vertex 2.789329457664754 1.104373658054034 -6
      vertex 3.8743326445145243 0.9947595486594192 -6
    endloop
  endfacet
  facet normal 0 0 -1
    outer loop
      vertex 3.7191059435530054 1.472498210738712 -6
      vertex 3.8743326445145243 0.9947595486594192 -6
      vertex 2.789329457664754 1.104373658054034 -6
    endloop
  endfacet
  facet normal 0 0 -1
    outer loop
      vertex 3.9684588052579115 0.501332934257217 -6
      vertex 4 0 -6
      vertex 2.9763441039434335 0.3759997006929128 -6
    endloop
  endfacet
  facet normal 0 0 -1
    outer loop
      vertex 3.8743326445145243 0.9947595486594192 -6
      vertex 3.9684588052579115 0.501332934257217 -6
      vertex 2.9057494833858932 0.7460696614945643 -6
    endloop
  endfacet
  facet normal 0 0 -1
    outer loop
      vertex 3.5052267201754543 1.9270146964068613 -6
      vertex 2.628920040131591 1.445261022305146 -6
      vertex 2.4270509831248424 1.7633557568774194 -6
    endloop
  endfacet
  facet normal 0 0 -1
    outer loop
      vertex 3.5052267201754543 1.9270146964068613 -6
      vertex 2.4270509831248424 1.7633557568774194 -6
      vertex 3.23606797749979 2.3511410091698925 -6
    endloop
  endfacet
  facet normal 0 0 -1
    outer loop
      vertex 3.5052267201754543 1.9270146964068613 -6
      vertex 3.7191059435530054 1.472498210738712 -6
      vertex 2.628920040131591 1.445261022305146 -6
    endloop
  endfacet
  facet normal 0 0 -1
    outer loop
      vertex -0.4709288964698496 7.485200463212037 -6
      vertex 0.44971515500573955 12.642510598251148 -6
      vertex 0.4709288964698496 7.485200463212037 -6
    endloop
  endfacet
  facet normal 0 0 -1
    outer loop
      vertex 1.4053598593929342 7.367154380465165 -6
      vertex 0.44971515500573955 12.642510598251148 -6
      vertex 2.3176274578121054 7.132923872213651 -6
    endloop
  endfacet
  facet normal 0 0 -1
    outer loop
      vertex 1.4053598593929342 7.367154380465165 -6
      vertex 0.4709288964698496 7.485200463212037 -6
      vertex 0.44971515500573955 12.642510598251148 -6
    endloop
  endfacet
  facet normal 0 0 -1
    outer loop
      vertex 7.5 0 -6
      vertex 7.440860259858584 0.9399992517322819 -6
      vertex 12.6 0 -6
    endloop
  endfacet
  facet normal 0 0 -1
    outer loop
      vertex 7.440860259858584 0.9399992517322819 -6
      vertex 7.264373708464733 1.865174153736411 -6
      vertex 12.768536433868196 0.8834989264432268 -6
    endloop
  endfacet
  facet normal 0 0 -1
    outer loop
      vertex 6.973323644161885 2.7609341451350846 -6
      vertex 12.896863967894728 1.1562088178441168 -6
      vertex 7.264373708464733 1.865174153736411 -6
    endloop
  endfacet
  facet normal 0 0 -1
    outer loop
      vertex 7.440860259858584 0.9399992517322819 -6
      vertex 12.618924716845253 0.3007997605543297 -6
      vertex 12.6 0 -6
    endloop
  endfacet
  facet normal 0 0 -1
    outer loop
      vertex 7.440860259858584 0.9399992517322819 -6
      vertex 12.675400413291285 0.5968557291956517 -6
      vertex 12.618924716845253 0.3007997605543297 -6
    endloop
  endfacet
  facet normal 0 0 -1
    outer loop
      vertex 7.440860259858584 0.9399992517322819 -6
      vertex 12.768536433868196 0.8834989264432268 -6
      vertex 12.675400413291285 0.5968557291956517 -6
    endloop
  endfacet
  facet normal 0 0 -1
    outer loop
      vertex 7.264373708464733 1.865174153736411 -6
      vertex 12.896863967894728 1.1562088178441168 -6
      vertex 12.768536433868196 0.8834989264432268 -6
    endloop
  endfacet
  facet normal 0 0 -1
    outer loop
      vertex 6.973323644161885 2.7609341451350846 -6
      vertex 13.058359213500125 1.4106846055019355 -6
      vertex 12.896863967894728 1.1562088178441168 -6
    endloop
  endfacet
  facet normal 0 0 -1
    outer loop
      vertex 4.018700962342475 6.332459441265113 -6
      vertex 3.1933446867380453 6.786202893495146 -6
      vertex 14.811628441412058 12.005919814715185 -6
    endloop
  endfacet
  facet normal 0 0 -1
    outer loop
      vertex 5.467264705660587 5.134103294465166 -6
      vertex 4.780679923115173 5.778849320818418 -6
      vertex 14.811628441412058 12.005919814715185 -6
    endloop
  endfacet
  facet normal 0 0 -1
    outer loop
      vertex 4.018700962342475 6.332459441265113 -6
      vertex 14.811628441412058 12.005919814715185 -6
      vertex 4.780679923115173 5.778849320818418 -6
    endloop
  endfacet
  facet normal 0 0 -1
    outer loop
      vertex 3.1933446867380453 6.786202893495146 -6
      vertex 2.3176274578121054 7.132923872213651 -6
      vertex 14.811628441412058 12.005919814715185 -6
    endloop
  endfacet
  facet normal 0 0 -1
    outer loop
      vertex 2.3176274578121054 7.132923872213651 -6
      vertex 0.44971515500573955 12.642510598251148 -6
      vertex 14.811628441412058 12.005919814715185 -6
    endloop
  endfacet
  facet normal 0 0 -1
    outer loop
      vertex 6.5723001003289765 3.613152555762865 -6
      vertex 6.067627457812106 4.408389392193548 -6
      vertex 14.811628441412058 12.005919814715185 -6
    endloop
  endfacet
  facet normal 0 0 -1
    outer loop
      vertex 6.067627457812106 4.408389392193548 -6
      vertex 5.467264705660587 5.134103294465166 -6
      vertex 14.811628441412058 12.005919814715185 -6
    endloop
  endfacet
  facet normal 0 0 -1
    outer loop
      vertex 0.44971515500573955 12.642510598251148 -6
      vertex 0.7416407864998737 12.717464360891633 -6
      vertex 14.072949016875159 12.146830451114539 -6
    endloop
  endfacet
  facet normal 0 0 -1
    outer loop
      vertex 0.7416407864998737 12.717464360891633 -6
      vertex 1.0218702997561737 12.828415074081553 -6
      vertex 13.722662125304783 12.285518842601942 -6
    endloop
  endfacet
  facet normal 0 0 -1
    outer loop
      vertex 1.0218702997561737 12.828415074081553 -6
      vertex 1.285984307949591 12.973612978795163 -6
      vertex 13.39251961506301 12.467016223493955 -6
    endloop
  endfacet
  facet normal 0 0 -1
    outer loop
      vertex 1.285984307949591 12.973612978795163 -6
      vertex 1.529817575396856 13.150768217338106 -6
      vertex 13.087728030753931 12.688460271672632 -6
    endloop
  endfacet
  facet normal 0 0 -1
    outer loop
      vertex 1.7495247058113879 13.357086945771147 -6
      vertex 12.813094117735766 12.946358682213933 -6
      vertex 1.529817575396856 13.150768217338106 -6
    endloop
  endfacet
  facet normal 0 0 -1
    outer loop
      vertex 1.7495247058113879 13.357086945771147 -6
      vertex 1.9416407864998737 13.589315394498065 -6
      vertex 12.572949016875157 13.23664424312258 -6
    endloop
  endfacet
  facet normal 0 0 -1
    outer loop
      vertex 1.9416407864998737 13.589315394498065 -6
      vertex 2.1031360321052723 13.843791182155883 -6
      vertex 12.37107995986841 13.554738977694853 -6
    endloop
  endfacet
  facet normal 0 0 -1
    outer loop
      vertex 2.1031360321052723 13.843791182155883 -6
      vertex 2.231463566131803 14.116501073556773 -6
      vertex 12.210670542335246 13.895626341945967 -6
    endloop
  endfacet
  facet normal 0 0 -1
    outer loop
      vertex 2.231463566131803 14.116501073556773 -6
      vertex 2.3245995867087146 14.403144270804349 -6
      vertex 12.094250516614107 14.253930338505436 -6
    endloop
  endfacet
  facet normal 0 0 -1
    outer loop
      vertex 2.3245995867087146 14.403144270804349 -6
      vertex 2.381075283154747 14.69920023944567 -6
      vertex 12.023655896056567 14.624000299307088 -6
    endloop
  endfacet
  facet normal 0 0 -1
    outer loop
      vertex 2.381075283154747 14.69920023944567 -6
      vertex 2.4 15 -6
      vertex 12 15 -6
    endloop
  endfacet
  facet normal 0 0 -1
    outer loop
      vertex 2.4 15 -6
      vertex 2.381075283154747 15.30079976055433 -6
      vertex 12 15 -6
    endloop
  endfacet
  facet normal 0 0 -1
    outer loop
      vertex 2.381075283154747 15.30079976055433 -6
      vertex 2.3245995867087146 15.596855729195651 -6
      vertex 12.023655896056567 15.375999700692912 -6
    endloop
  endfacet
  facet normal 0 0 -1
    outer loop
      vertex 2.3245995867087146 15.596855729195651 -6
      vertex 2.231463566131803 15.883498926443227 -6
      vertex 12.094250516614107 15.746069661494564 -6
    endloop
  endfacet
  facet normal 0 0 -1
    outer loop
      vertex 2.1031360321052723 16.156208817844117 -6
      vertex 12.210670542335246 16.104373658054033 -6
      vertex 2.231463566131803 15.883498926443227 -6
    endloop
  endfacet
  facet normal 0 0 -1
    outer loop
      vertex 2.1031360321052723 16.156208817844117 -6
      vertex 1.9416407864998737 16.410684605501935 -6
      vertex 12.37107995986841 16.445261022305147 -6
    endloop
  endfacet
  facet normal 0 0 -1
    outer loop
      vertex 1.7495247058113876 16.642913054228853 -6
      vertex 12.572949016875157 16.76335575687742 -6
      vertex 1.9416407864998737 16.410684605501935 -6
    endloop
  endfacet
  facet normal 0 0 -1
    outer loop
      vertex 1.7495247058113876 16.642913054228853 -6
      vertex 1.5298175753968553 16.849231782661892 -6
      vertex 12.813094117735766 17.053641317786067 -6
    endloop
  endfacet
  facet normal 0 0 -1
    outer loop
      vertex -21.14484313710706 20.922735529643443 -6
      vertex 14.81162844141206 17.994080185284815 -6
      vertex 14.437856056242826 17.946861752186066 -6
    endloop
  endfacet
  facet normal 0 0 -1
    outer loop
      vertex -21.14484313710706 20.922735529643443 -6
      vertex 15.18837155858794 17.994080185284815 -6
      vertex 14.81162844141206 17.994080185284815 -6
    endloop
  endfacet
  facet normal 0 0 -1
    outer loop
      vertex 0.15069724687035185 17.395264148227852 -6
      vertex 14.437856056242826 17.946861752186066 -6
      vertex 0.44971515500573894 17.357489401748854 -6
    endloop
  endfacet
  facet normal 0 0 -1
    outer loop
      vertex 0.7416407864998737 17.282535639108367 -6
      vertex 0.44971515500573894 17.357489401748854 -6
      vertex 14.072949016875159 17.85316954888546 -6
    endloop
  endfacet
  facet normal 0 0 -1
    outer loop
      vertex 0.7416407864998737 17.282535639108367 -6
      vertex 13.722662125304781 17.71448115739806 -6
      vertex 1.0218702997561744 17.171584925918445 -6
    endloop
  endfacet
  facet normal 0 0 -1
    outer loop
      vertex 1.2859843079495918 17.026387021204837 -6
      vertex 1.0218702997561744 17.171584925918445 -6
      vertex 13.39251961506301 17.532983776506043 -6
    endloop
  endfacet
  facet normal 0 0 -1
    outer loop
      vertex 1.2859843079495918 17.026387021204837 -6
      vertex 13.087728030753931 17.311539728327368 -6
      vertex 1.5298175753968553 16.849231782661892 -6
    endloop
  endfacet
  facet normal 0 0 -1
    outer loop
      vertex -21.14484313710706 20.922735529643443 -6
      vertex 22.5 17.5 -6
      vertex 15.18837155858794 17.994080185284815 -6
    endloop
  endfacet
  facet normal 0 0 -1
    outer loop
      vertex 1.0218702997561737 12.828415074081553 -6
      vertex 13.39251961506301 12.467016223493955 -6
      vertex 13.722662125304783 12.285518842601942 -6
    endloop
  endfacet
  facet normal 0 0 -1
    outer loop
      vertex 0.44971515500573955 12.642510598251148 -6
      vertex 14.072949016875159 12.146830451114539 -6
      vertex 14.437856056242826 12.053138247813934 -6
    endloop
  endfacet
  facet normal 0 0 -1
    outer loop
      vertex 0.7416407864998737 12.717464360891633 -6
      vertex 13.722662125304783 12.285518842601942 -6
      vertex 14.072949016875159 12.146830451114539 -6
    endloop
  endfacet
  facet normal 0 0 -1
    outer loop
      vertex 1.7495247058113879 13.357086945771147 -6
      vertex 12.572949016875157 13.23664424312258 -6
      vertex 12.813094117735766 12.946358682213933 -6
    endloop
  endfacet
  facet normal 0 0 -1
    outer loop
      vertex 1.9416407864998737 13.589315394498065 -6
      vertex 12.37107995986841 13.554738977694853 -6
      vertex 12.572949016875157 13.23664424312258 -6
    endloop
  endfacet
  facet normal 0 0 -1
    outer loop
      vertex 2.1031360321052723 13.843791182155883 -6
      vertex 12.210670542335246 13.895626341945967 -6
      vertex 12.37107995986841 13.554738977694853 -6
    endloop
  endfacet
  facet normal 0 0 -1
    outer loop
      vertex 1.285984307949591 12.973612978795163 -6
      vertex 13.087728030753931 12.688460271672632 -6
      vertex 13.39251961506301 12.467016223493955 -6
    endloop
  endfacet
  facet normal 0 0 -1
    outer loop
      vertex 1.529817575396856 13.150768217338106 -6
      vertex 12.813094117735766 12.946358682213933 -6
      vertex 13.087728030753931 12.688460271672632 -6
    endloop
  endfacet
  facet normal 0 0 -1
    outer loop
      vertex 0.44971515500573955 12.642510598251148 -6
      vertex 14.437856056242826 12.053138247813934 -6
      vertex 14.811628441412058 12.005919814715185 -6
    endloop
  endfacet
  facet normal 0 0 -1
    outer loop
      vertex 2.231463566131803 14.116501073556773 -6
      vertex 12.094250516614107 14.253930338505436 -6
      vertex 12.210670542335246 13.895626341945967 -6
    endloop
  endfacet
  facet normal 0 0 -1
    outer loop
      vertex 2.3245995867087146 14.403144270804349 -6
      vertex 12.023655896056567 14.624000299307088 -6
      vertex 12.094250516614107 14.253930338505436 -6
    endloop
  endfacet
  facet normal 0 0 -1
    outer loop
      vertex 2.381075283154747 14.69920023944567 -6
      vertex 12 15 -6
      vertex 12.023655896056567 14.624000299307088 -6
    endloop
  endfacet
  facet normal 0 0 -1
    outer loop
      vertex 2.381075283154747 15.30079976055433 -6
      vertex 12.023655896056567 15.375999700692912 -6
      vertex 12 15 -6
    endloop
  endfacet
  facet normal 0 0 -1
    outer loop
      vertex 2.3245995867087146 15.596855729195651 -6
      vertex 12.094250516614107 15.746069661494564 -6
      vertex 12.023655896056567 15.375999700692912 -6
    endloop
  endfacet
  facet normal 0 0 -1
    outer loop
      vertex 2.231463566131803 15.883498926443227 -6
      vertex 12.210670542335246 16.104373658054033 -6
      vertex 12.094250516614107 15.746069661494564 -6
    endloop
  endfacet
  facet normal 0 0 -1
    outer loop
      vertex 2.1031360321052723 16.156208817844117 -6
      vertex 12.37107995986841 16.445261022305147 -6
      vertex 12.210670542335246 16.104373658054033 -6
    endloop
  endfacet
  facet normal 0 0 -1
    outer loop
      vertex 1.9416407864998737 16.410684605501935 -6
      vertex 12.572949016875157 16.76335575687742 -6
      vertex 12.37107995986841 16.445261022305147 -6
    endloop
  endfacet
  facet normal 0 0 -1
    outer loop
      vertex 1.7495247058113876 16.642913054228853 -6
      vertex 12.813094117735766 17.053641317786067 -6
      vertex 12.572949016875157 16.76335575687742 -6
    endloop
  endfacet
  facet normal 0 0 -1
    outer loop
      vertex -21.14484313710706 20.922735529643443 -6
      vertex 17.813952597646566 22.49013364214136 -6
      vertex 22.5 17.5 -6
    endloop
  endfacet
  facet normal 0 0 -1
    outer loop
      vertex 1.5298175753968553 16.849231782661892 -6
      vertex 13.087728030753931 17.311539728327368 -6
      vertex 12.813094117735766 17.053641317786067 -6
    endloop
  endfacet
  facet normal 0 0 -1
    outer loop
      vertex 1.2859843079495918 17.026387021204837 -6
      vertex 13.39251961506301 17.532983776506043 -6
      vertex 13.087728030753931 17.311539728327368 -6
    endloop
  endfacet
  facet normal 0 0 -1
    outer loop
      vertex 1.0218702997561744 17.171584925918445 -6
      vertex 13.722662125304781 17.71448115739806 -6
      vertex 13.39251961506301 17.532983776506043 -6
    endloop
  endfacet
  facet normal 0 0 -1
    outer loop
      vertex 0.7416407864998737 17.282535639108367 -6
      vertex 14.072949016875159 17.85316954888546 -6
      vertex 13.722662125304781 17.71448115739806 -6
    endloop
  endfacet
  facet normal 0 0 -1
    outer loop
      vertex 0.44971515500573894 17.357489401748854 -6
      vertex 14.437856056242826 17.946861752186066 -6
      vertex 14.072949016875159 17.85316954888546 -6
    endloop
  endfacet
  facet normal 0 1 0
    outer loop
      vertex -17.813952597646566 22.49013364214136 -6
      vertex 17.813952597646566 22.49013364214136 6
      vertex 17.813952597646566 22.49013364214136 -6
    endloop
  endfacet
  facet normal 0 0 -1
    outer loop
      vertex 22.5 17.5 -6
      vertex 6.973323644161885 2.7609341451350846 -6
      vertex 6.5723001003289765 3.613152555762865 -6
    endloop
  endfacet
  facet normal 0 0 -1
    outer loop
      vertex 6.5723001003289765 3.613152555762865 -6
      vertex 14.811628441412058 12.005919814715185 -6
      vertex 15.188371558587942 12.005919814715185 -6
    endloop
  endfacet
  facet normal 0 0 -1
    outer loop
      vertex 6.5723001003289765 3.613152555762865 -6
      vertex 15.188371558587942 12.005919814715185 -6
      vertex 15.562143943757174 12.053138247813934 -6
    endloop
  endfacet
  facet normal 0 0 -1
    outer loop
      vertex 6.5723001003289765 3.613152555762865 -6
      vertex 15.562143943757174 12.053138247813934 -6
      vertex 15.927050983124841 12.146830451114539 -6
    endloop
  endfacet
  facet normal 0 0 -1
    outer loop
      vertex 6.5723001003289765 3.613152555762865 -6
      vertex 15.927050983124841 12.146830451114539 -6
      vertex 16.277337874695217 12.285518842601942 -6
    endloop
  endfacet
  facet normal 0 0 -1
    outer loop
      vertex 6.5723001003289765 3.613152555762865 -6
      vertex 16.277337874695217 12.285518842601942 -6
      vertex 16.607480384936988 12.467016223493953 -6
    endloop
  endfacet
  facet normal 0 0 -1
    outer loop
      vertex 6.5723001003289765 3.613152555762865 -6
      vertex 16.607480384936988 12.467016223493953 -6
      vertex 16.91227196924607 12.688460271672632 -6
    endloop
  endfacet
  facet normal 0 0 -1
    outer loop
      vertex 22.5 17.5 -6
      vertex 13.058359213500125 1.4106846055019355 -6
      vertex 6.973323644161885 2.7609341451350846 -6
    endloop
  endfacet
  facet normal 0 0 -1
    outer loop
      vertex 22.5 17.5 -6
      vertex 13.250475294188613 1.6429130542288524 -6
      vertex 13.058359213500125 1.4106846055019355 -6
    endloop
  endfacet
  facet normal 0 0 -1
    outer loop
      vertex 22.5 17.5 -6
      vertex 13.470182424603145 1.8492317826618945 -6
      vertex 13.250475294188613 1.6429130542288524 -6
    endloop
  endfacet
  facet normal 0 0 -1
    outer loop
      vertex 22.5 17.5 -6
      vertex 13.714015692050408 2.026387021204836 -6
      vertex 13.470182424603145 1.8492317826618945 -6
    endloop
  endfacet
  facet normal 0 0 -1
    outer loop
      vertex 22.5 17.5 -6
      vertex 13.978129700243827 2.1715849259184465 -6
      vertex 13.714015692050408 2.026387021204836 -6
    endloop
  endfacet
  facet normal 0 0 -1
    outer loop
      vertex 22.5 17.5 -6
      vertex 14.258359213500126 2.282535639108368 -6
      vertex 13.978129700243827 2.1715849259184465 -6
    endloop
  endfacet
  facet normal 0 0 -1
    outer loop
      vertex 22.5 17.5 -6
      vertex 14.55028484499426 2.357489401748853 -6
      vertex 14.258359213500126 2.282535639108368 -6
    endloop
  endfacet
  facet normal 0 0 -1
    outer loop
      vertex 22.5 17.5 -6
      vertex 14.849302753129647 2.395264148227852 -6
      vertex 14.55028484499426 2.357489401748853 -6
    endloop
  endfacet
  facet normal 0 0 -1
    outer loop
      vertex 22.5 17.5 -6
      vertex 15.150697246870353 2.395264148227852 -6
      vertex 14.849302753129647 2.395264148227852 -6
    endloop
  endfacet
  facet normal 0 0 -1
    outer loop
      vertex 22.5 17.5 -6
      vertex 15.44971515500574 2.357489401748853 -6
      vertex 15.150697246870353 2.395264148227852 -6
    endloop
  endfacet
  facet normal 0 0 -1
    outer loop
      vertex 22.5 17.5 -6
      vertex 15.741640786499874 2.282535639108368 -6
      vertex 15.44971515500574 2.357489401748853 -6
    endloop
  endfacet
  facet normal 0 0 -1
    outer loop
      vertex 22.5 17.5 -6
      vertex 16.021870299756173 2.1715849259184465 -6
      vertex 15.741640786499874 2.282535639108368 -6
    endloop
  endfacet
  facet normal 0 0 -1
    outer loop
      vertex 22.5 17.5 -6
      vertex 16.28598430794959 2.0263870212048363 -6
      vertex 16.021870299756173 2.1715849259184465 -6
    endloop
  endfacet
  facet normal 0 0 -1
    outer loop
      vertex 22.5 17.5 -6
      vertex 16.74952470581139 1.6429130542288528 -6
      vertex 16.529817575396855 1.8492317826618938 -6
    endloop
  endfacet
  facet normal 0 0 -1
    outer loop
      vertex 22.5 17.5 -6
      vertex 17.231463566131804 0.8834989264432271 -6
      vertex 17.103136032105272 1.1562088178441168 -6
    endloop
  endfacet
  facet normal 0 0 -1
    outer loop
      vertex 22.5 17.5 -6
      vertex 16.941640786499875 1.4106846055019355 -6
      vertex 16.74952470581139 1.6429130542288528 -6
    endloop
  endfacet
  facet normal 0 0 -1
    outer loop
      vertex 22.5 17.5 -6
      vertex 17.103136032105272 1.1562088178441168 -6
      vertex 16.941640786499875 1.4106846055019355 -6
    endloop
  endfacet
  facet normal 0 0 -1
    outer loop
      vertex 22.5 17.5 -6
      vertex 17.381075283154747 0.3007997605543302 -6
      vertex 17.324599586708715 0.5968557291956514 -6
    endloop
  endfacet
  facet normal 0 0 -1
    outer loop
      vertex 22.5 17.5 -6
      vertex 17.324599586708715 0.5968557291956514 -6
      vertex 17.231463566131804 0.8834989264432271 -6
    endloop
  endfacet
  facet normal 0 0 -1
    outer loop
      vertex 22.5 17.5 -6
      vertex 16.529817575396855 1.8492317826618938 -6
      vertex 16.28598430794959 2.0263870212048363 -6
    endloop
  endfacet
  facet normal 1 0 0
    outer loop
      vertex 22.5 -17.5 -6
      vertex 22.5 17.5 -6
      vertex 22.5 17.5 6
    endloop
  endfacet
  facet normal 0 0 -1
    outer loop
      vertex 22.5 17.5 -6
      vertex 6.5723001003289765 3.613152555762865 -6
      vertex 16.91227196924607 12.688460271672632 -6
    endloop
  endfacet
  facet normal 0 0 -1
    outer loop
      vertex 22.5 17.5 -6
      vertex 16.91227196924607 12.688460271672632 -6
      vertex 17.186905882264234 12.946358682213933 -6
    endloop
  endfacet
  facet normal 0 0 -1
    outer loop
      vertex 22.5 17.5 -6
      vertex 17.186905882264234 12.946358682213933 -6
      vertex 17.427050983124843 13.23664424312258 -6
    endloop
  endfacet
  facet normal 0 0 -1
    outer loop
      vertex 22.5 17.5 -6
      vertex 17.427050983124843 13.23664424312258 -6
      vertex 17.62892004013159 13.554738977694853 -6
    endloop
  endfacet
  facet normal 0 0 -1
    outer loop
      vertex 22.5 17.5 -6
      vertex 17.62892004013159 13.554738977694853 -6
      vertex 17.789329457664753 13.895626341945965 -6
    endloop
  endfacet
  facet normal 0 0 -1
    outer loop
      vertex 22.5 17.5 -6
      vertex 17.789329457664753 13.895626341945965 -6
      vertex 17.905749483385893 14.253930338505437 -6
    endloop
  endfacet
  facet normal 0 0 -1
    outer loop
      vertex 22.5 17.5 -6
      vertex 17.905749483385893 14.253930338505437 -6
      vertex 17.976344103943433 14.624000299307088 -6
    endloop
  endfacet
  facet normal 0 0 -1
    outer loop
      vertex 22.5 17.5 -6
      vertex 17.976344103943433 14.624000299307088 -6
      vertex 18 15 -6
    endloop
  endfacet
  facet normal 0 0 -1
    outer loop
      vertex 22.5 17.5 -6
      vertex 18 15 -6
      vertex 17.976344103943433 15.375999700692912 -6
    endloop
  endfacet
  facet normal 0 0 -1
    outer loop
      vertex 22.5 17.5 -6
      vertex 17.789329457664753 16.104373658054033 -6
      vertex 17.62892004013159 16.445261022305147 -6
    endloop
  endfacet
  facet normal 0 0 -1
    outer loop
      vertex 22.5 17.5 -6
      vertex 17.976344103943433 15.375999700692912 -6
      vertex 17.905749483385893 15.746069661494564 -6
    endloop
  endfacet
  facet normal 0 0 -1
    outer loop
      vertex 22.5 17.5 -6
      vertex 17.905749483385893 15.746069661494564 -6
      vertex 17.789329457664753 16.104373658054033 -6
    endloop
  endfacet
  facet normal 0 0 -1
    outer loop
      vertex 22.5 17.5 -6
      vertex 15.562143943757174 17.946861752186066 -6
      vertex 15.18837155858794 17.994080185284815 -6
    endloop
  endfacet
  facet normal 0 0 -1
    outer loop
      vertex 22.5 17.5 -6
      vertex 15.927050983124841 17.85316954888546 -6
      vertex 15.562143943757174 17.946861752186066 -6
    endloop
  endfacet
  facet normal 0 0 -1
    outer loop
      vertex 22.5 17.5 -6
      vertex 16.277337874695217 17.71448115739806 -6
      vertex 15.927050983124841 17.85316954888546 -6
    endloop
  endfacet
  facet normal 0 0 -1
    outer loop
      vertex 22.5 17.5 -6
      vertex 16.91227196924607 17.311539728327368 -6
      vertex 16.60748038493699 17.532983776506043 -6
    endloop
  endfacet
  facet normal 0 0 -1
    outer loop
      vertex 22.5 17.5 -6
      vertex 17.186905882264234 17.053641317786067 -6
      vertex 16.91227196924607 17.311539728327368 -6
    endloop
  endfacet
  facet normal 0 0 -1
    outer loop
      vertex 22.5 17.5 -6
      vertex 16.60748038493699 17.532983776506043 -6
      vertex 16.277337874695217 17.71448115739806 -6
    endloop
  endfacet
  facet normal 0 0 -1
    outer loop
      vertex 22.5 17.5 -6
      vertex 17.427050983124843 16.76335575687742 -6
      vertex 17.186905882264234 17.053641317786067 -6
    endloop
  endfacet
  facet normal 0 0 -1
    outer loop
      vertex 22.5 17.5 -6
      vertex 17.62892004013159 16.445261022305147 -6
      vertex 17.427050983124843 16.76335575687742 -6
    endloop
  endfacet
  facet normal 0 0 -1
    outer loop
      vertex 17.813952597646566 22.49013364214136 -6
      vertex 18.436906572928624 22.411436253643444 -6
      vertex 19.045084971874736 22.255282581475768 -6
    endloop
  endfacet
  facet normal 0 0 -1
    outer loop
      vertex 17.813952597646566 22.49013364214136 -6
      vertex 19.045084971874736 22.255282581475768 -6
      vertex 19.628896457825363 22.0241352623301 -6
    endloop
  endfacet
  facet normal 0 0 -1
    outer loop
      vertex 17.813952597646566 22.49013364214136 -6
      vertex 19.628896457825363 22.0241352623301 -6
      vertex 21.14484313710706 20.922735529643443 -6
    endloop
  endfacet
  facet normal 0 0 -1
    outer loop
      vertex 22.5 17.5 -6
      vertex 22.148882429441258 19.34062276342339 -6
      vertex 22.460573506572388 18.126666167821522 -6
    endloop
  endfacet
  facet normal 0 0 -1
    outer loop
      vertex 22.460573506572388 18.126666167821522 -6
      vertex 22.148882429441258 19.34062276342339 -6
      vertex 22.342915805643155 18.743449435824274 -6
    endloop
  endfacet
  facet normal 0 0 -1
    outer loop
      vertex 22.5 17.5 -6
      vertex 21.14484313710706 20.922735529643443 -6
      vertex 22.148882429441258 19.34062276342339 -6
    endloop
  endfacet
  facet normal 0 0 -1
    outer loop
      vertex 17.813952597646566 22.49013364214136 -6
      vertex 21.14484313710706 20.922735529643443 -6
      vertex 22.5 17.5 -6
    endloop
  endfacet
  facet normal 0 0 -1
    outer loop
      vertex 19.628896457825363 22.0241352623301 -6
      vertex 20.179133974894985 21.721639627510076 -6
      vertex 20.687119948743447 21.352566213878944 -6
    endloop
  endfacet
  facet normal 0 0 -1
    outer loop
      vertex 19.628896457825363 22.0241352623301 -6
      vertex 20.687119948743447 21.352566213878944 -6
      vertex 21.14484313710706 20.922735529643443 -6
    endloop
  endfacet
  facet normal 0 0 -1
    outer loop
      vertex 22.148882429441258 19.34062276342339 -6
      vertex 21.14484313710706 20.922735529643443 -6
      vertex 21.88153340021932 19.908768370508575 -6
    endloop
  endfacet
  facet normal 0 0 -1
    outer loop
      vertex 21.14484313710706 20.922735529643443 -6
      vertex 21.545084971874736 20.438926261462367 -6
      vertex 21.88153340021932 19.908768370508575 -6
    endloop
  endfacet
  facet normal 0.12533323356430434 0.9921147013144779 0
    outer loop
      vertex 17.813952597646566 22.49013364214136 -6
      vertex 17.813952597646566 22.49013364214136 6
      vertex 18.436906572928624 22.411436253643444 -6
    endloop
  endfacet
  facet normal 0.24868988716485604 0.9685831611286309 0
    outer loop
      vertex 18.436906572928624 22.411436253643444 -6
      vertex 18.436906572928624 22.411436253643444 6
      vertex 19.045084971874736 22.255282581475768 -6
    endloop
  endfacet
  facet normal 0.3681245526846774 0.9297764858882517 0
    outer loop
      vertex 19.045084971874736 22.255282581475768 -6
      vertex 19.628896457825363 22.0241352623301 6
      vertex 19.628896457825363 22.0241352623301 -6
    endloop
  endfacet
  facet normal 0.9980267284282714 0.06279051952931557 0
    outer loop
      vertex 22.5 17.5 -6
      vertex 22.460573506572388 18.126666167821522 -6
      vertex 22.460573506572388 18.126666167821522 6
    endloop
  endfacet
  facet normal 0.9822872507286889 0.18738131458572285 0
    outer loop
      vertex 22.460573506572388 18.126666167821522 -6
      vertex 22.342915805643155 18.743449435824274 -6
      vertex 22.460573506572388 18.126666167821522 6
    endloop
  endfacet
  facet normal 0.9510565162951541 0.30901699437494573 0
    outer loop
      vertex 22.342915805643155 18.743449435824274 -6
      vertex 22.148882429441258 19.34062276342339 -6
      vertex 22.148882429441258 19.34062276342339 6
    endloop
  endfacet
  facet normal 0.6845471059286846 0.7289686274214153 0
    outer loop
      vertex 20.687119948743447 21.352566213878944 -6
      vertex 21.14484313710706 20.922735529643443 6
      vertex 21.14484313710706 20.922735529643443 -6
    endloop
  endfacet
  facet normal 0.5877852522924772 0.8090169943749445 0
    outer loop
      vertex 20.179133974894985 21.721639627510076 -6
      vertex 20.179133974894985 21.721639627510076 6
      vertex 20.687119948743447 21.352566213878944 -6
    endloop
  endfacet
  facet normal 0.48175367410171455 0.876306680043864 0
    outer loop
      vertex 19.628896457825363 22.0241352623301 -6
      vertex 20.179133974894985 21.721639627510076 6
      vertex 20.179133974894985 21.721639627510076 -6
    endloop
  endfacet
  facet normal 0.8443279255020154 0.5358267949789961 0
    outer loop
      vertex 21.545084971874736 20.438926261462367 -6
      vertex 21.545084971874736 20.438926261462367 6
      vertex 21.88153340021932 19.908768370508575 -6
    endloop
  endfacet
  facet normal 0.7705132427757907 0.6374239897486881 0
    outer loop
      vertex 21.14484313710706 20.922735529643443 -6
      vertex 21.545084971874736 20.438926261462367 6
      vertex 21.545084971874736 20.438926261462367 -6
    endloop
  endfacet
  facet normal 0.9048270524660187 0.42577929156507455 0
    outer loop
      vertex 22.148882429441258 19.34062276342339 -6
      vertex 21.88153340021932 19.908768370508575 -6
      vertex 21.88153340021932 19.908768370508575 6
    endloop
  endfacet
  facet normal 0 0 1
    outer loop
      vertex 1.9122719692460692 2.3115397283273675 6
      vertex 2.1433071799159866 3.3773117020080603 6
      vertex 1.60748038493699 2.532983776506045 6
    endloop
  endfacet
  facet normal 0 0 1
    outer loop
      vertex 2.4270509831248424 1.7633557568774194 6
      vertex 2.628920040131591 1.445261022305146 6
      vertex 3.23606797749979 2.3511410091698925 6
    endloop
  endfacet
  facet normal 0 0 1
    outer loop
      vertex 2.1869058822642344 2.053641317786066 6
      vertex 2.549695958994759 3.0820529711031566 6
      vertex 1.9122719692460692 2.3115397283273675 6
    endloop
  endfacet
  facet normal 0 0 1
    outer loop
      vertex 2.4270509831248424 1.7633557568774194 6
      vertex 2.915874509685646 2.738188423714755 6
      vertex 2.1869058822642344 2.053641317786066 6
    endloop
  endfacet
  facet normal 0 0 1
    outer loop
      vertex 2.1869058822642344 2.053641317786066 6
      vertex 2.915874509685646 2.738188423714755 6
      vertex 2.549695958994759 3.0820529711031566 6
    endloop
  endfacet
  facet normal 0 0 1
    outer loop
      vertex 0.5621439437571737 2.946861752186066 6
      vertex 0.25116207811725283 3.9921069137130862 6
      vertex 0.18837155858793983 2.9940801852848145 6
    endloop
  endfacet
  facet normal 0 0 1
    outer loop
      vertex -0.251162078117253 3.9921069137130862 6
      vertex 0.18837155858793983 2.9940801852848145 6
      vertex 0.25116207811725283 3.9921069137130862 6
    endloop
  endfacet
  facet normal 0 0 1
    outer loop
      vertex 0.5621439437571737 2.946861752186066 6
      vertex 0.7495252583428983 3.929149002914755 6
      vertex 0.25116207811725283 3.9921069137130862 6
    endloop
  endfacet
  facet normal 0 0 1
    outer loop
      vertex 0.9270509831248421 2.8531695488854605 6
      vertex 0.7495252583428983 3.929149002914755 6
      vertex 0.5621439437571737 2.946861752186066 6
    endloop
  endfacet
  facet normal 0 0 1
    outer loop
      vertex 0.9270509831248421 2.8531695488854605 6
      vertex 1.2773378746952182 2.7144811573980583 6
      vertex 1.2360679774997896 3.804226065180614 6
    endloop
  endfacet
  facet normal 0 0 1
    outer loop
      vertex 1.2773378746952182 2.7144811573980583 6
      vertex 1.7031171662602909 3.619308209864078 6
      vertex 1.2360679774997896 3.804226065180614 6
    endloop
  endfacet
  facet normal 0 0 1
    outer loop
      vertex 0.9270509831248421 2.8531695488854605 6
      vertex 1.2360679774997896 3.804226065180614 6
      vertex 0.7495252583428983 3.929149002914755 6
    endloop
  endfacet
  facet normal 0 0 1
    outer loop
      vertex 1.2773378746952182 2.7144811573980583 6
      vertex 1.60748038493699 2.532983776506045 6
      vertex 1.7031171662602909 3.619308209864078 6
    endloop
  endfacet
  facet normal 0 0 1
    outer loop
      vertex 1.60748038493699 2.532983776506045 6
      vertex 2.1433071799159866 3.3773117020080603 6
      vertex 1.7031171662602909 3.619308209864078 6
    endloop
  endfacet
  facet normal 0 0 1
    outer loop
      vertex 1.9122719692460692 2.3115397283273675 6
      vertex 2.549695958994759 3.0820529711031566 6
      vertex 2.1433071799159866 3.3773117020080603 6
    endloop
  endfacet
  facet normal 0 0 1
    outer loop
      vertex 3 0 6
      vertex 3.9684588052579115 0.501332934257217 6
      vertex 2.9763441039434335 0.3759997006929128 6
    endloop
  endfacet
  facet normal 0 0 1
    outer loop
      vertex 2.9057494833858932 0.7460696614945643 6
      vertex 3.7191059435530054 1.472498210738712 6
      vertex 2.789329457664754 1.104373658054034 6
    endloop
  endfacet
  facet normal 0 0 1
    outer loop
      vertex 2.9763441039434335 0.3759997006929128 6
      vertex 3.8743326445145243 0.9947595486594192 6
      vertex 2.9057494833858932 0.7460696614945643 6
    endloop
  endfacet
  facet normal 0 0 1
    outer loop
      vertex 2.9057494833858932 0.7460696614945643 6
      vertex 3.8743326445145243 0.9947595486594192 6
      vertex 3.7191059435530054 1.472498210738712 6
    endloop
  endfacet
  facet normal 0 0 1
    outer loop
      vertex 3 0 6
      vertex 4 0 6
      vertex 3.9684588052579115 0.501332934257217 6
    endloop
  endfacet
  facet normal 0 0 1
    outer loop
      vertex 2.9763441039434335 0.3759997006929128 6
      vertex 3.9684588052579115 0.501332934257217 6
      vertex 3.8743326445145243 0.9947595486594192 6
    endloop
  endfacet
  facet normal 0 0 1
    outer loop
      vertex 2.789329457664754 1.104373658054034 6
      vertex 3.5052267201754543 1.9270146964068613 6
      vertex 2.628920040131591 1.445261022305146 6
    endloop
  endfacet
  facet normal 0 0 1
    outer loop
      vertex 2.628920040131591 1.445261022305146 6
      vertex 3.5052267201754543 1.9270146964068613 6
      vertex 3.23606797749979 2.3511410091698925 6
    endloop
  endfacet
  facet normal 0 0 1
    outer loop
      vertex 2.789329457664754 1.104373658054034 6
      vertex 3.7191059435530054 1.472498210738712 6
      vertex 3.5052267201754543 1.9270146964068613 6
    endloop
  endfacet
  facet normal 0 0 1
    outer loop
      vertex 2.4270509831248424 1.7633557568774194 6
      vertex 3.23606797749979 2.3511410091698925 6
      vertex 2.915874509685646 2.738188423714755 6
    endloop
  endfacet
  facet normal 0 0 1
    outer loop
      vertex -0.44971515500573955 12.642510598251148 6
      vertex 1.4053598593929344 7.367154380465165 6
      vertex -0.15069724687035302 12.604735851772148 6
    endloop
  endfacet
  facet normal 0 0 1
    outer loop
      vertex -0.7416407864998737 12.717464360891633 6
      vertex 1.4053598593929344 7.367154380465165 6
      vertex -0.44971515500573955 12.642510598251148 6
    endloop
  endfacet
  facet normal 0 0 1
    outer loop
      vertex -0.15069724687035302 12.604735851772148 6
      vertex 1.4053598593929344 7.367154380465165 6
      vertex 0.15069724687035302 12.604735851772148 6
    endloop
  endfacet
  facet normal 0 0 1
    outer loop
      vertex 0.15069724687035302 12.604735851772148 6
      vertex 1.4053598593929344 7.367154380465165 6
      vertex 0.44971515500573955 12.642510598251148 6
    endloop
  endfacet
  facet normal 0 0 1
    outer loop
      vertex 1.4053598593929344 7.367154380465165 6
      vertex 0.7416407864998737 12.717464360891633 6
      vertex 0.44971515500573955 12.642510598251148 6
    endloop
  endfacet
  facet normal 0 0 1
    outer loop
      vertex 1.4053598593929344 7.367154380465165 6
      vertex 1.0218702997561737 12.828415074081553 6
      vertex 0.7416407864998737 12.717464360891633 6
    endloop
  endfacet
  facet normal 0 0 1
    outer loop
      vertex 2.3176274578121054 7.132923872213651 6
      vertex 1.0218702997561737 12.828415074081553 6
      vertex 1.4053598593929344 7.367154380465165 6
    endloop
  endfacet
  facet normal 0 0 1
    outer loop
      vertex 2.3176274578121054 7.132923872213651 6
      vertex 3.1933446867380453 6.786202893495146 6
      vertex 1.0218702997561737 12.828415074081553 6
    endloop
  endfacet
  facet normal 0 0 1
    outer loop
      vertex 7.264373708464733 1.865174153736411 6
      vertex 7.440860259858584 0.9399992517322819 6
      vertex 12.768536433868196 0.8834989264432268 6
    endloop
  endfacet
  facet normal 0 0 1
    outer loop
      vertex 12.618924716845253 -0.3007997605543297 6
      vertex 12.6 0 6
      vertex 7.440860259858584 0.9399992517322819 6
    endloop
  endfacet
  facet normal 0 0 1
    outer loop
      vertex 7.440860259858584 0.9399992517322819 6
      vertex 12.6 0 6
      vertex 12.618924716845253 0.3007997605543297 6
    endloop
  endfacet
  facet normal 0 0 1
    outer loop
      vertex 12.618924716845253 -0.3007997605543297 6
      vertex 7.440860259858584 0.9399992517322819 6
      vertex 12.675400413291285 -0.5968557291956517 6
    endloop
  endfacet
  facet normal 0 0 1
    outer loop
      vertex 7.440860259858584 0.9399992517322819 6
      vertex 12.618924716845253 0.3007997605543297 6
      vertex 12.675400413291285 0.5968557291956517 6
    endloop
  endfacet
  facet normal 0 0 1
    outer loop
      vertex 7.440860259858584 0.9399992517322819 6
      vertex 12.675400413291285 0.5968557291956517 6
      vertex 12.768536433868196 0.8834989264432268 6
    endloop
  endfacet
  facet normal 0 0 1
    outer loop
      vertex 7.264373708464733 1.865174153736411 6
      vertex 12.768536433868196 0.8834989264432268 6
      vertex 12.813094117735766 12.946358682213933 6
    endloop
  endfacet
  facet normal 0 0 1
    outer loop
      vertex 4.780679923115173 5.778849320818418 6
      vertex 12.813094117735766 12.946358682213933 6
      vertex 4.018700962342475 6.332459441265113 6
    endloop
  endfacet
  facet normal 0 0 1
    outer loop
      vertex 4.780679923115173 5.778849320818418 6
      vertex 5.467264705660587 5.134103294465166 6
      vertex 12.813094117735766 12.946358682213933 6
    endloop
  endfacet
  facet normal 0 0 1
    outer loop
      vertex 5.467264705660587 5.134103294465166 6
      vertex 6.067627457812106 4.408389392193548 6
      vertex 12.813094117735766 12.946358682213933 6
    endloop
  endfacet
  facet normal 0 0 1
    outer loop
      vertex 3.1933446867380453 6.786202893495146 6
      vertex 4.018700962342475 6.332459441265113 6
      vertex 12.813094117735766 12.946358682213933 6
    endloop
  endfacet
  facet normal 0 0 1
    outer loop
      vertex 3.1933446867380453 6.786202893495146 6
      vertex 12.813094117735766 12.946358682213933 6
      vertex 1.0218702997561737 12.828415074081553 6
    endloop
  endfacet
  facet normal 0 0 1
    outer loop
      vertex 7.264373708464733 1.865174153736411 6
      vertex 12.813094117735766 12.946358682213933 6
      vertex 6.973323644161885 2.7609341451350846 6
    endloop
  endfacet
  facet normal 0 0 1
    outer loop
      vertex 6.973323644161885 2.7609341451350846 6
      vertex 12.813094117735766 12.946358682213933 6
      vertex 6.5723001003289765 3.613152555762865 6
    endloop
  endfacet
  facet normal 0 0 1
    outer loop
      vertex 6.067627457812106 4.408389392193548 6
      vertex 6.5723001003289765 3.613152555762865 6
      vertex 12.813094117735766 12.946358682213933 6
    endloop
  endfacet
  facet normal 0 0 1
    outer loop
      vertex 1.0218702997561737 12.828415074081553 6
      vertex 12.813094117735766 12.946358682213933 6
      vertex 1.285984307949591 12.973612978795163 6
    endloop
  endfacet
  facet normal 0 0 1
    outer loop
      vertex 1.285984307949591 12.973612978795163 6
      vertex 12.813094117735766 12.946358682213933 6
      vertex 1.529817575396856 13.150768217338106 6
    endloop
  endfacet
  facet normal 0 0 1
    outer loop
      vertex 1.529817575396856 13.150768217338106 6
      vertex 12.813094117735766 12.946358682213933 6
      vertex 1.7495247058113879 13.357086945771147 6
    endloop
  endfacet
  facet normal 0 0 1
    outer loop
      vertex 1.7495247058113879 13.357086945771147 6
      vertex 12.572949016875157 13.23664424312258 6
      vertex 1.9416407864998737 13.589315394498065 6
    endloop
  endfacet
  facet normal 0 0 1
    outer loop
      vertex 1.9416407864998737 13.589315394498065 6
      vertex 12.37107995986841 13.554738977694853 6
      vertex 2.1031360321052723 13.843791182155883 6
    endloop
  endfacet
  facet normal 0 0 1
    outer loop
      vertex 2.1031360321052723 13.843791182155883 6
      vertex 12.210670542335246 13.895626341945967 6
      vertex 2.231463566131803 14.116501073556773 6
    endloop
  endfacet
  facet normal 0 0 1
    outer loop
      vertex 2.231463566131803 14.116501073556773 6
      vertex 12.094250516614107 14.253930338505436 6
      vertex 2.3245995867087146 14.403144270804349 6
    endloop
  endfacet
  facet normal 0 0 1
    outer loop
      vertex 2.3245995867087146 14.403144270804349 6
      vertex 12.023655896056567 14.624000299307088 6
      vertex 2.381075283154747 14.69920023944567 6
    endloop
  endfacet
  facet normal 0 0 1
    outer loop
      vertex 12 15 6
      vertex 2.4 15 6
      vertex 2.381075283154747 14.69920023944567 6
    endloop
  endfacet
  facet normal 0 0 1
    outer loop
      vertex 2.4 15 6
      vertex 12 15 6
      vertex 2.381075283154747 15.30079976055433 6
    endloop
  endfacet
  facet normal 0 0 1
    outer loop
      vertex 2.381075283154747 15.30079976055433 6
      vertex 12.023655896056567 15.375999700692912 6
      vertex 2.3245995867087146 15.596855729195651 6
    endloop
  endfacet
  facet normal 0 0 1
    outer loop
      vertex 2.3245995867087146 15.596855729195651 6
      vertex 12.094250516614107 15.746069661494564 6
      vertex 2.231463566131803 15.883498926443227 6
    endloop
  endfacet
  facet normal 0 0 1
    outer loop
      vertex 2.1031360321052723 16.156208817844117 6
      vertex 2.231463566131803 15.883498926443227 6
      vertex 12.210670542335246 16.104373658054033 6
    endloop
  endfacet
  facet normal 0 0 1
    outer loop
      vertex 2.1031360321052723 16.156208817844117 6
      vertex 12.37107995986841 16.445261022305147 6
      vertex 1.9416407864998737 16.410684605501935 6
    endloop
  endfacet
  facet normal 0 0 1
    outer loop
      vertex 1.7495247058113876 16.642913054228853 6
      vertex 1.9416407864998737 16.410684605501935 6
      vertex 12.572949016875157 16.76335575687742 6
    endloop
  endfacet
  facet normal 0 0 1
    outer loop
      vertex 12.813094117735766 17.053641317786067 6
      vertex 1.5298175753968553 16.849231782661892 6
      vertex 1.7495247058113876 16.642913054228853 6
    endloop
  endfacet
  facet normal 0 0 1
    outer loop
      vertex 21.14484313710706 20.922735529643443 6
      vertex -14.072949016875159 17.85316954888546 6
      vertex -0.44971515500573894 17.357489401748854 6
    endloop
  endfacet
  facet normal 0 0 1
    outer loop
      vertex -0.15069724687035185 17.395264148227852 6
      vertex 0.15069724687035185 17.395264148227852 6
      vertex 14.437856056242826 17.946861752186066 6
    endloop
  endfacet
  facet normal 0 0 1
    outer loop
      vertex 0.44971515500573894 17.357489401748854 6
      vertex 14.437856056242826 17.946861752186066 6
      vertex 0.15069724687035185 17.395264148227852 6
    endloop
  endfacet
  facet normal 0 0 1
    outer loop
      vertex 14.072949016875159 17.85316954888546 6
      vertex 0.44971515500573894 17.357489401748854 6
      vertex 0.7416407864998737 17.282535639108367 6
    endloop
  endfacet
  facet normal 0 0 1
    outer loop
      vertex 13.722662125304781 17.71448115739806 6
      vertex 0.7416407864998737 17.282535639108367 6
      vertex 1.0218702997561744 17.171584925918445 6
    endloop
  endfacet
  facet normal 0 0 1
    outer loop
      vertex 13.39251961506301 17.532983776506043 6
      vertex 1.0218702997561744 17.171584925918445 6
      vertex 1.2859843079495918 17.026387021204837 6
    endloop
  endfacet
  facet normal 0 0 1
    outer loop
      vertex 13.087728030753931 17.311539728327368 6
      vertex 1.2859843079495918 17.026387021204837 6
      vertex 1.5298175753968553 16.849231782661892 6
    endloop
  endfacet
  facet normal 0 0 1
    outer loop
      vertex 12.572949016875157 13.23664424312258 6
      vertex 1.7495247058113879 13.357086945771147 6
      vertex 12.813094117735766 12.946358682213933 6
    endloop
  endfacet
  facet normal 0 0 1
    outer loop
      vertex 12.37107995986841 13.554738977694853 6
      vertex 1.9416407864998737 13.589315394498065 6
      vertex 12.572949016875157 13.23664424312258 6
    endloop
  endfacet
  facet normal 0 0 1
    outer loop
      vertex 12.210670542335246 13.895626341945967 6
      vertex 2.1031360321052723 13.843791182155883 6
      vertex 12.37107995986841 13.554738977694853 6
    endloop
  endfacet
  facet normal 0 0 1
    outer loop
      vertex 12.094250516614107 14.253930338505436 6
      vertex 2.231463566131803 14.116501073556773 6
      vertex 12.210670542335246 13.895626341945967 6
    endloop
  endfacet
  facet normal 0 0 1
    outer loop
      vertex 12.023655896056567 14.624000299307088 6
      vertex 2.3245995867087146 14.403144270804349 6
      vertex 12.094250516614107 14.253930338505436 6
    endloop
  endfacet
  facet normal 0 0 1
    outer loop
      vertex 12 15 6
      vertex 2.381075283154747 14.69920023944567 6
      vertex 12.023655896056567 14.624000299307088 6
    endloop
  endfacet
  facet normal 0 0 1
    outer loop
      vertex 12.023655896056567 15.375999700692912 6
      vertex 2.381075283154747 15.30079976055433 6
      vertex 12 15 6
    endloop
  endfacet
  facet normal 0 0 1
    outer loop
      vertex 12.094250516614107 15.746069661494564 6
      vertex 2.3245995867087146 15.596855729195651 6
      vertex 12.023655896056567 15.375999700692912 6
    endloop
  endfacet
  facet normal 0 0 1
    outer loop
      vertex 12.210670542335246 16.104373658054033 6
      vertex 2.231463566131803 15.883498926443227 6
      vertex 12.094250516614107 15.746069661494564 6
    endloop
  endfacet
  facet normal 0 0 1
    outer loop
      vertex 12.37107995986841 16.445261022305147 6
      vertex 2.1031360321052723 16.156208817844117 6
      vertex 12.210670542335246 16.104373658054033 6
    endloop
  endfacet
  facet normal 0 0 1
    outer loop
      vertex 12.572949016875157 16.76335575687742 6
      vertex 1.9416407864998737 16.410684605501935 6
      vertex 12.37107995986841 16.445261022305147 6
    endloop
  endfacet
  facet normal 0 0 1
    outer loop
      vertex 12.813094117735766 17.053641317786067 6
      vertex 1.7495247058113876 16.642913054228853 6
      vertex 12.572949016875157 16.76335575687742 6
    endloop
  endfacet
  facet normal 0 0 1
    outer loop
      vertex 21.14484313710706 20.922735529643443 6
      vertex -0.44971515500573894 17.357489401748854 6
      vertex -0.15069724687035185 17.395264148227852 6
    endloop
  endfacet
  facet normal 0 0 1
    outer loop
      vertex -21.14484313710706 20.922735529643443 6
      vertex 21.14484313710706 20.922735529643443 6
      vertex 17.813952597646566 22.49013364214136 6
    endloop
  endfacet
  facet normal 0 0 1
    outer loop
      vertex 12.813094117735766 17.053641317786067 6
      vertex 13.087728030753931 17.311539728327368 6
      vertex 1.5298175753968553 16.849231782661892 6
    endloop
  endfacet
  facet normal 0 0 1
    outer loop
      vertex 13.087728030753931 17.311539728327368 6
      vertex 13.39251961506301 17.532983776506043 6
      vertex 1.2859843079495918 17.026387021204837 6
    endloop
  endfacet
  facet normal 0 0 1
    outer loop
      vertex 13.39251961506301 17.532983776506043 6
      vertex 13.722662125304781 17.71448115739806 6
      vertex 1.0218702997561744 17.171584925918445 6
    endloop
  endfacet
  facet normal 0 0 1
    outer loop
      vertex 13.722662125304781 17.71448115739806 6
      vertex 14.072949016875159 17.85316954888546 6
      vertex 0.7416407864998737 17.282535639108367 6
    endloop
  endfacet
  facet normal 0 0 1
    outer loop
      vertex 14.072949016875159 17.85316954888546 6
      vertex 14.437856056242826 17.946861752186066 6
      vertex 0.44971515500573894 17.357489401748854 6
    endloop
  endfacet
  facet normal 0 0 1
    outer loop
      vertex 12.768536433868196 0.8834989264432268 6
      vertex 12.896863967894728 1.1562088178441168 6
      vertex 12.813094117735766 12.946358682213933 6
    endloop
  endfacet
  facet normal 0 0 1
    outer loop
      vertex 12.896863967894728 1.1562088178441168 6
      vertex 13.058359213500125 1.4106846055019355 6
      vertex 12.813094117735766 12.946358682213933 6
    endloop
  endfacet
  facet normal 0 0 1
    outer loop
      vertex 13.058359213500125 1.4106846055019355 6
      vertex 13.250475294188613 1.6429130542288524 6
      vertex 12.813094117735766 12.946358682213933 6
    endloop
  endfacet
  facet normal 0 0 1
    outer loop
      vertex 13.087728030753931 12.688460271672632 6
      vertex 13.250475294188613 1.6429130542288524 6
      vertex 13.470182424603145 1.8492317826618945 6
    endloop
  endfacet
  facet normal 0 0 1
    outer loop
      vertex 13.39251961506301 12.467016223493955 6
      vertex 13.470182424603145 1.8492317826618945 6
      vertex 13.714015692050408 2.026387021204836 6
    endloop
  endfacet
  facet normal 0 0 1
    outer loop
      vertex 13.722662125304783 12.285518842601942 6
      vertex 13.714015692050408 2.026387021204836 6
      vertex 13.978129700243827 2.1715849259184465 6
    endloop
  endfacet
  facet normal 0 0 1
    outer loop
      vertex 14.072949016875159 12.146830451114539 6
      vertex 13.978129700243827 2.1715849259184465 6
      vertex 14.258359213500126 2.282535639108368 6
    endloop
  endfacet
  facet normal 0 0 1
    outer loop
      vertex 14.437856056242826 12.053138247813934 6
      vertex 14.258359213500126 2.282535639108368 6
      vertex 14.55028484499426 2.357489401748853 6
    endloop
  endfacet
  facet normal 0 0 1
    outer loop
      vertex 14.811628441412058 12.005919814715185 6
      vertex 14.55028484499426 2.357489401748853 6
      vertex 14.849302753129647 2.395264148227852 6
    endloop
  endfacet
  facet normal 0 0 1
    outer loop
      vertex 14.849302753129647 2.395264148227852 6
      vertex 15.150697246870353 2.395264148227852 6
      vertex 14.811628441412058 12.005919814715185 6
    endloop
  endfacet
  facet normal 0 0 1
    outer loop
      vertex 15.150697246870353 2.395264148227852 6
      vertex 15.44971515500574 2.357489401748853 6
      vertex 15.188371558587942 12.005919814715185 6
    endloop
  endfacet
  facet normal 0 0 1
    outer loop
      vertex 15.44971515500574 2.357489401748853 6
      vertex 15.741640786499874 2.282535639108368 6
      vertex 15.562143943757174 12.053138247813934 6
    endloop
  endfacet
  facet normal 0 0 1
    outer loop
      vertex 15.927050983124841 12.146830451114539 6
      vertex 15.741640786499874 2.282535639108368 6
      vertex 16.021870299756173 2.1715849259184465 6
    endloop
  endfacet
  facet normal 0 0 1
    outer loop
      vertex 16.277337874695217 12.285518842601942 6
      vertex 16.021870299756173 2.1715849259184465 6
      vertex 16.28598430794959 2.0263870212048363 6
    endloop
  endfacet
  facet normal 0 0 1
    outer loop
      vertex 16.607480384936988 12.467016223493953 6
      vertex 16.28598430794959 2.0263870212048363 6
      vertex 16.529817575396855 1.8492317826618938 6
    endloop
  endfacet
  facet normal 0 0 1
    outer loop
      vertex 16.91227196924607 12.688460271672632 6
      vertex 16.529817575396855 1.8492317826618938 6
      vertex 16.74952470581139 1.6429130542288528 6
    endloop
  endfacet
  facet normal 0 0 1
    outer loop
      vertex 13.087728030753931 12.688460271672632 6
      vertex 12.813094117735766 12.946358682213933 6
      vertex 13.250475294188613 1.6429130542288524 6
    endloop
  endfacet
  facet normal 0 0 1
    outer loop
      vertex 13.39251961506301 12.467016223493955 6
      vertex 13.087728030753931 12.688460271672632 6
      vertex 13.470182424603145 1.8492317826618945 6
    endloop
  endfacet
  facet normal 0 0 1
    outer loop
      vertex 13.722662125304783 12.285518842601942 6
      vertex 13.39251961506301 12.467016223493955 6
      vertex 13.714015692050408 2.026387021204836 6
    endloop
  endfacet
  facet normal 0 0 1
    outer loop
      vertex 14.072949016875159 12.146830451114539 6
      vertex 13.722662125304783 12.285518842601942 6
      vertex 13.978129700243827 2.1715849259184465 6
    endloop
  endfacet
  facet normal 0 0 1
    outer loop
      vertex 14.437856056242826 12.053138247813934 6
      vertex 14.072949016875159 12.146830451114539 6
      vertex 14.258359213500126 2.282535639108368 6
    endloop
  endfacet
  facet normal 0 0 1
    outer loop
      vertex 14.811628441412058 12.005919814715185 6
      vertex 14.437856056242826 12.053138247813934 6
      vertex 14.55028484499426 2.357489401748853 6
    endloop
  endfacet
  facet normal 0 0 1
    outer loop
      vertex 15.188371558587942 12.005919814715185 6
      vertex 14.811628441412058 12.005919814715185 6
      vertex 15.150697246870353 2.395264148227852 6
    endloop
  endfacet
  facet normal 0 0 1
    outer loop
      vertex 15.562143943757174 12.053138247813934 6
      vertex 15.188371558587942 12.005919814715185 6
      vertex 15.44971515500574 2.357489401748853 6
    endloop
  endfacet
  facet normal 0 0 1
    outer loop
      vertex 15.927050983124841 12.146830451114539 6
      vertex 15.562143943757174 12.053138247813934 6
      vertex 15.741640786499874 2.282535639108368 6
    endloop
  endfacet
  facet normal 0 0 1
    outer loop
      vertex 16.277337874695217 12.285518842601942 6
      vertex 15.927050983124841 12.146830451114539 6
      vertex 16.021870299756173 2.1715849259184465 6
    endloop
  endfacet
  facet normal 0 0 1
    outer loop
      vertex 16.607480384936988 12.467016223493953 6
      vertex 16.277337874695217 12.285518842601942 6
      vertex 16.28598430794959 2.0263870212048363 6
    endloop
  endfacet
  facet normal 0 0 1
    outer loop
      vertex 16.91227196924607 12.688460271672632 6
      vertex 16.607480384936988 12.467016223493953 6
      vertex 16.529817575396855 1.8492317826618938 6
    endloop
  endfacet
  facet normal 0 0 1
    outer loop
      vertex 17.4 0 6
      vertex 17.905749483385893 14.253930338505437 6
      vertex 17.381075283154747 0.3007997605543302 6
    endloop
  endfacet
  facet normal 0 0 1
    outer loop
      vertex 17.186905882264234 12.946358682213933 6
      vertex 16.941640786499875 1.4106846055019355 6
      vertex 17.103136032105272 1.1562088178441168 6
    endloop
  endfacet
  facet normal 0 0 1
    outer loop
      vertex 17.186905882264234 12.946358682213933 6
      vertex 16.74952470581139 1.6429130542288528 6
      vertex 16.941640786499875 1.4106846055019355 6
    endloop
  endfacet
  facet normal 0 0 1
    outer loop
      vertex 17.427050983124843 13.23664424312258 6
      vertex 17.103136032105272 1.1562088178441168 6
      vertex 17.231463566131804 0.8834989264432271 6
    endloop
  endfacet
  facet normal 0 0 1
    outer loop
      vertex 17.62892004013159 13.554738977694853 6
      vertex 17.231463566131804 0.8834989264432271 6
      vertex 17.324599586708715 0.5968557291956514 6
    endloop
  endfacet
  facet normal 0 0 1
    outer loop
      vertex 17.381075283154747 0.3007997605543302 6
      vertex 17.789329457664753 13.895626341945965 6
      vertex 17.324599586708715 0.5968557291956514 6
    endloop
  endfacet
  facet normal 0 0 1
    outer loop
      vertex 21.14484313710706 -20.922735529643443 6
      vertex 21.14484313710706 20.922735529643443 6
      vertex 17.4 0 6
    endloop
  endfacet
  facet normal 0 0 1
    outer loop
      vertex 17.186905882264234 12.946358682213933 6
      vertex 16.91227196924607 12.688460271672632 6
      vertex 16.74952470581139 1.6429130542288528 6
    endloop
  endfacet
  facet normal 0 0 1
    outer loop
      vertex 17.186905882264234 12.946358682213933 6
      vertex 17.103136032105272 1.1562088178441168 6
      vertex 17.427050983124843 13.23664424312258 6
    endloop
  endfacet
  facet normal 0 0 1
    outer loop
      vertex 17.427050983124843 13.23664424312258 6
      vertex 17.231463566131804 0.8834989264432271 6
      vertex 17.62892004013159 13.554738977694853 6
    endloop
  endfacet
  facet normal 0 0 1
    outer loop
      vertex 17.62892004013159 13.554738977694853 6
      vertex 17.324599586708715 0.5968557291956514 6
      vertex 17.789329457664753 13.895626341945965 6
    endloop
  endfacet
  facet normal 0 0 1
    outer loop
      vertex 17.789329457664753 13.895626341945965 6
      vertex 17.381075283154747 0.3007997605543302 6
      vertex 17.905749483385893 14.253930338505437 6
    endloop
  endfacet
  facet normal 0 0 1
    outer loop
      vertex 17.4 0 6
      vertex 17.976344103943433 14.624000299307088 6
      vertex 17.905749483385893 14.253930338505437 6
    endloop
  endfacet
  facet normal 0 0 1
    outer loop
      vertex 17.4 0 6
      vertex 18 15 6
      vertex 17.976344103943433 14.624000299307088 6
    endloop
  endfacet
  facet normal 0 0 1
    outer loop
      vertex 21.14484313710706 -20.922735529643443 6
      vertex 22.5 17.5 6
      vertex 21.14484313710706 20.922735529643443 6
    endloop
  endfacet
  facet normal 0.12533323356430434 0.9921147013144779 0
    outer loop
      vertex 18.436906572928624 22.411436253643444 -6
      vertex 17.813952597646566 22.49013364214136 6
      vertex 18.436906572928624 22.411436253643444 6
    endloop
  endfacet
  facet normal 0.24868988716485604 0.9685831611286309 0
    outer loop
      vertex 19.045084971874736 22.255282581475768 -6
      vertex 18.436906572928624 22.411436253643444 6
      vertex 19.045084971874736 22.255282581475768 6
    endloop
  endfacet
  facet normal 0.3681245526846774 0.9297764858882517 0
    outer loop
      vertex 19.045084971874736 22.255282581475768 -6
      vertex 19.045084971874736 22.255282581475768 6
      vertex 19.628896457825363 22.0241352623301 6
    endloop
  endfacet
  facet normal 0.9980267284282714 0.06279051952931557 0
    outer loop
      vertex 22.5 17.5 -6
      vertex 22.460573506572388 18.126666167821522 6
      vertex 22.5 17.5 6
    endloop
  endfacet
  facet normal 0.9822872507286889 0.18738131458572285 0
    outer loop
      vertex 22.342915805643155 18.743449435824274 -6
      vertex 22.342915805643155 18.743449435824274 6
      vertex 22.460573506572388 18.126666167821522 6
    endloop
  endfacet
  facet normal 0.9510565162951541 0.30901699437494573 0
    outer loop
      vertex 22.342915805643155 18.743449435824274 -6
      vertex 22.148882429441258 19.34062276342339 6
      vertex 22.342915805643155 18.743449435824274 6
    endloop
  endfacet
  facet normal 0.9048270524660187 0.42577929156507455 0
    outer loop
      vertex 22.148882429441258 19.34062276342339 -6
      vertex 21.88153340021932 19.908768370508575 6
      vertex 22.148882429441258 19.34062276342339 6
    endloop
  endfacet
  facet normal 0.48175367410171455 0.876306680043864 0
    outer loop
      vertex 19.628896457825363 22.0241352623301 -6
      vertex 19.628896457825363 22.0241352623301 6
      vertex 20.179133974894985 21.721639627510076 6
    endloop
  endfacet
  facet normal 0.5877852522924772 0.8090169943749445 0
    outer loop
      vertex 20.687119948743447 21.352566213878944 -6
      vertex 20.179133974894985 21.721639627510076 6
      vertex 20.687119948743447 21.352566213878944 6
    endloop
  endfacet
  facet normal 0.6845471059286846 0.7289686274214153 0
    outer loop
      vertex 20.687119948743447 21.352566213878944 -6
      vertex 20.687119948743447 21.352566213878944 6
      vertex 21.14484313710706 20.922735529643443 6
    endloop
  endfacet
  facet normal 0.8443279255020154 0.5358267949789961 0
    outer loop
      vertex 21.88153340021932 19.908768370508575 -6
      vertex 21.545084971874736 20.438926261462367 6
      vertex 21.88153340021932 19.908768370508575 6
    endloop
  endfacet
  facet normal 0.7705132427757907 0.6374239897486881 0
    outer loop
      vertex 21.14484313710706 20.922735529643443 -6
      vertex 21.14484313710706 20.922735529643443 6
      vertex 21.545084971874736 20.438926261462367 6
    endloop
  endfacet
  facet normal 0 0 1
    outer loop
      vertex 21.14484313710706 20.922735529643443 6
      vertex -0.15069724687035185 17.395264148227852 6
      vertex 14.437856056242826 17.946861752186066 6
    endloop
  endfacet
  facet normal 0 0 1
    outer loop
      vertex 21.14484313710706 20.922735529643443 6
      vertex 14.437856056242826 17.946861752186066 6
      vertex 14.81162844141206 17.994080185284815 6
    endloop
  endfacet
  facet normal 0 0 1
    outer loop
      vertex 21.14484313710706 20.922735529643443 6
      vertex 18 15 6
      vertex 17.4 0 6
    endloop
  endfacet
  facet normal 0 0 1
    outer loop
      vertex 21.14484313710706 20.922735529643443 6
      vertex 14.81162844141206 17.994080185284815 6
      vertex 15.18837155858794 17.994080185284815 6
    endloop
  endfacet
  facet normal 0 0 1
    outer loop
      vertex 21.14484313710706 20.922735529643443 6
      vertex 15.18837155858794 17.994080185284815 6
      vertex 15.562143943757174 17.946861752186066 6
    endloop
  endfacet
  facet normal 0 0 1
    outer loop
      vertex 21.14484313710706 20.922735529643443 6
      vertex 15.562143943757174 17.946861752186066 6
      vertex 15.927050983124841 17.85316954888546 6
    endloop
  endfacet
  facet normal 0 0 1
    outer loop
      vertex 21.14484313710706 20.922735529643443 6
      vertex 15.927050983124841 17.85316954888546 6
      vertex 16.277337874695217 17.71448115739806 6
    endloop
  endfacet
  facet normal 0 0 1
    outer loop
      vertex 21.14484313710706 20.922735529643443 6
      vertex 16.60748038493699 17.532983776506043 6
      vertex 16.91227196924607 17.311539728327368 6
    endloop
  endfacet
  facet normal 0 0 1
    outer loop
      vertex 21.14484313710706 20.922735529643443 6
      vertex 16.277337874695217 17.71448115739806 6
      vertex 16.60748038493699 17.532983776506043 6
    endloop
  endfacet
  facet normal 0 0 1
    outer loop
      vertex 21.14484313710706 20.922735529643443 6
      vertex 17.186905882264234 17.053641317786067 6
      vertex 17.427050983124843 16.76335575687742 6
    endloop
  endfacet
  facet normal 0 0 1
    outer loop
      vertex 21.14484313710706 20.922735529643443 6
      vertex 17.789329457664753 16.104373658054033 6
      vertex 17.905749483385893 15.746069661494564 6
    endloop
  endfacet
  facet normal 0 0 1
    outer loop
      vertex 21.14484313710706 20.922735529643443 6
      vertex 17.62892004013159 16.445261022305147 6
      vertex 17.789329457664753 16.104373658054033 6
    endloop
  endfacet
  facet normal 0 0 1
    outer loop
      vertex 21.14484313710706 20.922735529643443 6
      vertex 17.427050983124843 16.76335575687742 6
      vertex 17.62892004013159 16.445261022305147 6
    endloop
  endfacet
  facet normal 0 0 1
    outer loop
      vertex 21.14484313710706 20.922735529643443 6
      vertex 17.976344103943433 15.375999700692912 6
      vertex 18 15 6
    endloop
  endfacet
  facet normal 0 0 1
    outer loop
      vertex 21.14484313710706 20.922735529643443 6
      vertex 17.905749483385893 15.746069661494564 6
      vertex 17.976344103943433 15.375999700692912 6
    endloop
  endfacet
  facet normal 0 0 1
    outer loop
      vertex 21.14484313710706 20.922735529643443 6
      vertex 16.91227196924607 17.311539728327368 6
      vertex 17.186905882264234 17.053641317786067 6
    endloop
  endfacet
  facet normal 0 0 1
    outer loop
      vertex 17.813952597646566 22.49013364214136 6
      vertex 19.045084971874736 22.255282581475768 6
      vertex 18.436906572928624 22.411436253643444 6
    endloop
  endfacet
  facet normal 0 0 1
    outer loop
      vertex 17.813952597646566 22.49013364214136 6
      vertex 19.628896457825363 22.0241352623301 6
      vertex 19.045084971874736 22.255282581475768 6
    endloop
  endfacet
  facet normal 0 0 1
    outer loop
      vertex 17.813952597646566 22.49013364214136 6
      vertex 21.14484313710706 20.922735529643443 6
      vertex 19.628896457825363 22.0241352623301 6
    endloop
  endfacet
  facet normal 0 0 1
    outer loop
      vertex 22.5 17.5 6
      vertex 22.460573506572388 18.126666167821522 6
      vertex 22.148882429441258 19.34062276342339 6
    endloop
  endfacet
  facet normal 0 0 1
    outer loop
      vertex 22.460573506572388 18.126666167821522 6
      vertex 22.342915805643155 18.743449435824274 6
      vertex 22.148882429441258 19.34062276342339 6
    endloop
  endfacet
  facet normal 0 0 1
    outer loop
      vertex 22.5 17.5 6
      vertex 22.148882429441258 19.34062276342339 6
      vertex 21.14484313710706 20.922735529643443 6
    endloop
  endfacet
  facet normal 0 0 1
    outer loop
      vertex 19.628896457825363 22.0241352623301 6
      vertex 21.14484313710706 20.922735529643443 6
      vertex 20.179133974894985 21.721639627510076 6
    endloop
  endfacet
  facet normal 0 0 1
    outer loop
      vertex 20.179133974894985 21.721639627510076 6
      vertex 21.14484313710706 20.922735529643443 6
      vertex 20.687119948743447 21.352566213878944 6
    endloop
  endfacet
  facet normal 0 0 1
    outer loop
      vertex 22.148882429441258 19.34062276342339 6
      vertex 21.88153340021932 19.908768370508575 6
      vertex 21.14484313710706 20.922735529643443 6
    endloop
  endfacet
  facet normal 0 0 1
    outer loop
      vertex 21.14484313710706 20.922735529643443 6
      vertex 21.88153340021932 19.908768370508575 6
      vertex 21.545084971874736 20.438926261462367 6
    endloop
  endfacet
  facet normal 0.6845471059286896 0.7289686274214107 0
    outer loop
      vertex -6.196233333081999 -5.818650400393852 -3
      vertex -5.418103912863862 -6.54936256359421 3
      vertex -5.418103912863862 -6.54936256359421 -3
    endloop
  endfacet
  facet normal 0 0 1
    outer loop
      vertex -7.44860678037284 -4.094906229864581 -3
      vertex -6.973323644161886 -2.760934145135084 -3
      vertex -7.264373708464733 -1.8651741537364113 -3
    endloop
  endfacet
  facet normal 0 0 1
    outer loop
      vertex -6.876644452187053 -4.996174644486022 -3
      vertex -6.196233333081999 -5.818650400393852 -3
      vertex -6.067627457812106 -4.408389392193548 -3
    endloop
  endfacet
  facet normal 0 0 1
    outer loop
      vertex -6.876644452187053 -4.996174644486022 -3
      vertex -6.572300100328976 -3.6131525557628654 -3
      vertex -7.44860678037284 -4.094906229864581 -3
    endloop
  endfacet
  facet normal 0 0 1
    outer loop
      vertex -6.876644452187053 -4.996174644486022 -3
      vertex -6.067627457812106 -4.408389392193548 -3
      vertex -6.572300100328976 -3.6131525557628654 -3
    endloop
  endfacet
  facet normal 0 0 1
    outer loop
      vertex -6.196233333081999 -5.818650400393852 -3
      vertex -5.467264705660588 -5.134103294465164 -3
      vertex -6.067627457812106 -4.408389392193548 -3
    endloop
  endfacet
  facet normal 0 0 1
    outer loop
      vertex -7.44860678037284 -4.094906229864581 -3
      vertex -6.572300100328976 -3.6131525557628654 -3
      vertex -6.973323644161886 -2.760934145135084 -3
    endloop
  endfacet
  facet normal 0 0 1
    outer loop
      vertex -7.903100130050137 -3.1290586978197616 -3
      vertex -7.44860678037284 -4.094906229864581 -3
      vertex -7.440860259858584 -0.9399992517322805 -3
    endloop
  endfacet
  facet normal 0 0 1
    outer loop
      vertex -7.44860678037284 -4.094906229864581 -3
      vertex -7.264373708464733 -1.8651741537364113 -3
      vertex -7.440860259858584 -0.9399992517322805 -3
    endloop
  endfacet
  facet normal 0 0 1
    outer loop
      vertex -7.903100130050137 -3.1290586978197616 -3
      vertex -7.903100130050137 3.1290586978197616 -3
      vertex -8.232956869593364 -2.1138640409012663 -3
    endloop
  endfacet
  facet normal 0 0 1
    outer loop
      vertex -8.232956869593364 -2.1138640409012663 -3
      vertex -8.232956869593364 2.1138640409012663 -3
      vertex -8.432974961173063 -1.0653324852965846 -3
    endloop
  endfacet
  facet normal 0 0 1
    outer loop
      vertex -7.903100130050137 -3.1290586978197616 -3
      vertex -7.440860259858584 -0.9399992517322805 -3
      vertex -7.5 0 -3
    endloop
  endfacet
  facet normal 0.9980267284282717 0.06279051952931244 0
    outer loop
      vertex -8.432974961173063 -1.0653324852965846 -3
      vertex -8.5 0 -3
      vertex -8.5 0 3
    endloop
  endfacet
  facet normal 0.8443279255020151 0.5358267949789967 0
    outer loop
      vertex -6.876644452187053 -4.996174644486022 -3
      vertex -7.44860678037284 -4.094906229864581 -3
      vertex -7.44860678037284 -4.094906229864581 3
    endloop
  endfacet
  facet normal 0.9048270524660196 0.42577929156507255 0
    outer loop
      vertex -7.903100130050137 -3.1290586978197616 -3
      vertex -7.903100130050137 -3.1290586978197616 3
      vertex -7.44860678037284 -4.094906229864581 -3
    endloop
  endfacet
  facet normal 0.770513242775789 0.63742398974869 0
    outer loop
      vertex -6.876644452187053 -4.996174644486022 -3
      vertex -6.876644452187053 -4.996174644486022 3
      vertex -6.196233333081999 -5.818650400393852 -3
    endloop
  endfacet
  facet normal 0.9510565162951536 0.3090169943749474 0
    outer loop
      vertex -7.903100130050137 -3.1290586978197616 -3
      vertex -8.232956869593364 -2.1138640409012663 -3
      vertex -8.232956869593364 -2.1138640409012663 3
    endloop
  endfacet
  facet normal 0.9822872507286884 0.1873813145857256 0
    outer loop
      vertex -8.232956869593364 -2.1138640409012663 -3
      vertex -8.432974961173063 -1.0653324852965846 -3
      vertex -8.432974961173063 -1.0653324852965846 3
    endloop
  endfacet
  facet normal 0 0 1
    outer loop
      vertex -6.196233333081999 -5.818650400393852 -3
      vertex -5.418103912863862 -6.54936256359421 -3
      vertex -4.780679923115172 -5.77884932081842 -3
    endloop
  endfacet
  facet normal 0 0 1
    outer loop
      vertex -4.554527757321472 -7.176787366767127 -3
      vertex -4.018700962342476 -6.3324594412651125 -3
      vertex -5.418103912863862 -6.54936256359421 -3
    endloop
  endfacet
  facet normal 0 0 1
    outer loop
      vertex -5.418103912863862 -6.54936256359421 -3
      vertex -4.018700962342476 -6.3324594412651125 -3
      vertex -4.780679923115172 -5.77884932081842 -3
    endloop
  endfacet
  facet normal 0 0 1
    outer loop
      vertex -4.554527757321472 -7.176787366767127 -3
      vertex -3.619123978303116 -7.691029945961167 -3
      vertex -3.193344686738043 -6.786202893495147 -3
    endloop
  endfacet
  facet normal 0 0 1
    outer loop
      vertex -3.619123978303116 -7.691029945961167 -3
      vertex -2.626644452187053 -8.083980388508804 -3
      vertex -2.3176274578121054 -7.132923872213651 -3
    endloop
  endfacet
  facet normal 0 0 1
    outer loop
      vertex -3.619123978303116 -7.691029945961167 -3
      vertex -2.3176274578121054 -7.132923872213651 -3
      vertex -3.193344686738043 -6.786202893495147 -3
    endloop
  endfacet
  facet normal 0 0 1
    outer loop
      vertex -4.554527757321472 -7.176787366767127 -3
      vertex -3.193344686738043 -6.786202893495147 -3
      vertex -4.018700962342476 -6.3324594412651125 -3
    endloop
  endfacet
  facet normal 0 0 1
    outer loop
      vertex -2.626644452187053 -8.083980388508804 -3
      vertex -1.4053598593929362 -7.3671543804651645 -3
      vertex -2.3176274578121054 -7.132923872213651 -3
    endloop
  endfacet
  facet normal 0 0 1
    outer loop
      vertex -2.626644452187053 -8.083980388508804 -3
      vertex -1.592741173978661 -8.349441631193853 -3
      vertex -1.4053598593929362 -7.3671543804651645 -3
    endloop
  endfacet
  facet normal 0 0 1
    outer loop
      vertex -1.592741173978661 -8.349441631193853 -3
      vertex -0.4709288964698532 -7.485200463212037 -3
      vertex -1.4053598593929362 -7.3671543804651645 -3
    endloop
  endfacet
  facet normal 0 0 1
    outer loop
      vertex -1.592741173978661 -8.349441631193853 -3
      vertex -0.533719415999167 -8.483227191640308 -3
      vertex -0.4709288964698532 -7.485200463212037 -3
    endloop
  endfacet
  facet normal 0 0 1
    outer loop
      vertex -0.533719415999167 -8.483227191640308 -3
      vertex 0.4709288964698532 -7.485200463212037 -3
      vertex -0.4709288964698532 -7.485200463212037 -3
    endloop
  endfacet
  facet normal 0.5877852522924721 0.8090169943749481 0
    outer loop
      vertex -4.554527757321472 -7.176787366767127 -3
      vertex -5.418103912863862 -6.54936256359421 -3
      vertex -4.554527757321472 -7.176787366767127 3
    endloop
  endfacet
  facet normal 0.4817536741017155 0.8763066800438634 0
    outer loop
      vertex -4.554527757321472 -7.176787366767127 -3
      vertex -3.619123978303116 -7.691029945961167 3
      vertex -3.619123978303116 -7.691029945961167 -3
    endloop
  endfacet
  facet normal 0.3681245526846769 0.9297764858882518 0
    outer loop
      vertex -3.619123978303116 -7.691029945961167 -3
      vertex -2.626644452187053 -8.083980388508804 3
      vertex -2.626644452187053 -8.083980388508804 -3
    endloop
  endfacet
  facet normal 0.12533323356430495 0.9921147013144778 0
    outer loop
      vertex -1.592741173978661 -8.349441631193853 -3
      vertex -0.533719415999167 -8.483227191640308 3
      vertex -0.533719415999167 -8.483227191640308 -3
    endloop
  endfacet
  facet normal 0.24868988716485582 0.9685831611286309 0
    outer loop
      vertex -2.626644452187053 -8.083980388508804 -3
      vertex -1.592741173978661 -8.349441631193853 3
      vertex -1.592741173978661 -8.349441631193853 -3
    endloop
  endfacet
  facet normal 0 0 1
    outer loop
      vertex -6.196233333081999 -5.818650400393852 -3
      vertex -4.780679923115172 -5.77884932081842 -3
      vertex -5.467264705660588 -5.134103294465164 -3
    endloop
  endfacet
  facet normal 0 0 1
    outer loop
      vertex -3.23606797749979 -2.3511410091698925 -3
      vertex -2.9158745096856467 -2.738188423714754 -3
      vertex -2.6289200401315904 -1.445261022305146 -3
    endloop
  endfacet
  facet normal 0 0 1
    outer loop
      vertex -3.23606797749979 -2.3511410091698925 -3
      vertex -3 0 -3
      vertex -3.505226720175454 -1.9270146964068615 -3
    endloop
  endfacet
  facet normal 0 0 1
    outer loop
      vertex -3.23606797749979 -2.3511410091698925 -3
      vertex -2.6289200401315904 -1.445261022305146 -3
      vertex -2.7893294576647545 -1.1043736580540335 -3
    endloop
  endfacet
  facet normal 0 0 1
    outer loop
      vertex -3.9684588052579115 -0.5013329342572163 -3
      vertex -3.8743326445145243 -0.9947595486594194 -3
      vertex -3.8743326445145243 0.9947595486594194 -3
    endloop
  endfacet
  facet normal 0 0 1
    outer loop
      vertex -3.505226720175454 -1.9270146964068615 -3
      vertex -3.505226720175454 1.9270146964068615 -3
      vertex -3.719105943553006 -1.4724982107387115 -3
    endloop
  endfacet
  facet normal 0 0 1
    outer loop
      vertex -3.719105943553006 -1.4724982107387115 -3
      vertex -3.719105943553006 1.4724982107387115 -3
      vertex -3.8743326445145243 -0.9947595486594194 -3
    endloop
  endfacet
  facet normal 0 0 1
    outer loop
      vertex -3.23606797749979 -2.3511410091698925 -3
      vertex -2.9057494833858932 -0.7460696614945646 -3
      vertex -2.9763441039434335 -0.3759997006929122 -3
    endloop
  endfacet
  facet normal 0 0 1
    outer loop
      vertex -3.23606797749979 -2.3511410091698925 -3
      vertex -2.7893294576647545 -1.1043736580540335 -3
      vertex -2.9057494833858932 -0.7460696614945646 -3
    endloop
  endfacet
  facet normal 0 0 1
    outer loop
      vertex -3.23606797749979 -2.3511410091698925 -3
      vertex -2.9763441039434335 -0.3759997006929122 -3
      vertex -3 0 -3
    endloop
  endfacet
  facet normal 0 0 1
    outer loop
      vertex -2.5496959589947585 -3.0820529711031575 -3
      vertex -2.143307179915987 -3.37731170200806 -3
      vertex -1.9122719692460688 -2.311539728327368 -3
    endloop
  endfacet
  facet normal 0 0 1
    outer loop
      vertex -2.143307179915987 -3.37731170200806 -3
      vertex -1.7031171662602897 -3.6193082098640783 -3
      vertex -1.2773378746952173 -2.7144811573980587 -3
    endloop
  endfacet
  facet normal 0 0 1
    outer loop
      vertex -2.143307179915987 -3.37731170200806 -3
      vertex -1.2773378746952173 -2.7144811573980587 -3
      vertex -1.6074803849369903 -2.532983776506045 -3
    endloop
  endfacet
  facet normal 0 0 1
    outer loop
      vertex -1.2360679774997896 -3.804226065180614 -3
      vertex -0.7495252583428993 -3.9291490029147544 -3
      vertex -0.5621439437571745 -2.9468617521860656 -3
    endloop
  endfacet
  facet normal 0 0 1
    outer loop
      vertex -1.7031171662602897 -3.6193082098640783 -3
      vertex -1.2360679774997896 -3.804226065180614 -3
      vertex -0.9270509831248421 -2.8531695488854605 -3
    endloop
  endfacet
  facet normal 0 0 1
    outer loop
      vertex -1.7031171662602897 -3.6193082098640783 -3
      vertex -0.9270509831248421 -2.8531695488854605 -3
      vertex -1.2773378746952173 -2.7144811573980587 -3
    endloop
  endfacet
  facet normal 0 0 1
    outer loop
      vertex -1.2360679774997896 -3.804226065180614 -3
      vertex -0.5621439437571745 -2.9468617521860656 -3
      vertex -0.9270509831248421 -2.8531695488854605 -3
    endloop
  endfacet
  facet normal 0 0 1
    outer loop
      vertex -0.7495252583428993 -3.9291490029147544 -3
      vertex -0.25116207811725505 -3.9921069137130862 -3
      vertex -0.1883715585879413 -2.9940801852848145 -3
    endloop
  endfacet
  facet normal 0 0 1
    outer loop
      vertex -0.7495252583428993 -3.9291490029147544 -3
      vertex -0.1883715585879413 -2.9940801852848145 -3
      vertex -0.5621439437571745 -2.9468617521860656 -3
    endloop
  endfacet
  facet normal 0 0 1
    outer loop
      vertex -0.25116207811725505 -3.9921069137130862 -3
      vertex 0.1883715585879413 -2.9940801852848145 -3
      vertex -0.1883715585879413 -2.9940801852848145 -3
    endloop
  endfacet
  facet normal 0 0 1
    outer loop
      vertex -2.9158745096856467 -2.738188423714754 -3
      vertex -2.5496959589947585 -3.0820529711031575 -3
      vertex -2.4270509831248424 -1.7633557568774194 -3
    endloop
  endfacet
  facet normal 0 0 1
    outer loop
      vertex -2.5496959589947585 -3.0820529711031575 -3
      vertex -1.9122719692460688 -2.311539728327368 -3
      vertex -2.186905882264235 -2.0536413177860657 -3
    endloop
  endfacet
  facet normal 0 0 1
    outer loop
      vertex -2.5496959589947585 -3.0820529711031575 -3
      vertex -2.186905882264235 -2.0536413177860657 -3
      vertex -2.4270509831248424 -1.7633557568774194 -3
    endloop
  endfacet
  facet normal 0 0 1
    outer loop
      vertex -2.9158745096856467 -2.738188423714754 -3
      vertex -2.4270509831248424 -1.7633557568774194 -3
      vertex -2.6289200401315904 -1.445261022305146 -3
    endloop
  endfacet
  facet normal 0 0 1
    outer loop
      vertex -2.143307179915987 -3.37731170200806 -3
      vertex -1.6074803849369903 -2.532983776506045 -3
      vertex -1.9122719692460688 -2.311539728327368 -3
    endloop
  endfacet
  facet normal 0.6845471059286896 0.7289686274214107 0
    outer loop
      vertex -6.196233333081999 -5.818650400393852 -3
      vertex -6.196233333081999 -5.818650400393852 3
      vertex -5.418103912863862 -6.54936256359421 3
    endloop
  endfacet
  facet normal 0.9980267284282717 0.06279051952931244 0
    outer loop
      vertex -8.432974961173063 -1.0653324852965846 -3
      vertex -8.5 0 3
      vertex -8.432974961173063 -1.0653324852965846 3
    endloop
  endfacet
  facet normal 0.8443279255020151 0.5358267949789967 0
    outer loop
      vertex -6.876644452187053 -4.996174644486022 -3
      vertex -7.44860678037284 -4.094906229864581 3
      vertex -6.876644452187053 -4.996174644486022 3
    endloop
  endfacet
  facet normal 0.9048270524660196 0.42577929156507255 0
    outer loop
      vertex -7.44860678037284 -4.094906229864581 -3
      vertex -7.903100130050137 -3.1290586978197616 3
      vertex -7.44860678037284 -4.094906229864581 3
    endloop
  endfacet
  facet normal 0.770513242775789 0.63742398974869 0
    outer loop
      vertex -6.196233333081999 -5.818650400393852 -3
      vertex -6.876644452187053 -4.996174644486022 3
      vertex -6.196233333081999 -5.818650400393852 3
    endloop
  endfacet
  facet normal 0.9510565162951536 0.3090169943749474 0
    outer loop
      vertex -7.903100130050137 -3.1290586978197616 -3
      vertex -8.232956869593364 -2.1138640409012663 3
      vertex -7.903100130050137 -3.1290586978197616 3
    endloop
  endfacet
  facet normal 0.9822872507286884 0.1873813145857256 0
    outer loop
      vertex -8.232956869593364 -2.1138640409012663 -3
      vertex -8.432974961173063 -1.0653324852965846 3
      vertex -8.232956869593364 -2.1138640409012663 3
    endloop
  endfacet
  facet normal 0.4817536741017155 0.8763066800438634 0
    outer loop
      vertex -4.554527757321472 -7.176787366767127 -3
      vertex -4.554527757321472 -7.176787366767127 3
      vertex -3.619123978303116 -7.691029945961167 3
    endloop
  endfacet
  facet normal 0.5877852522924721 0.8090169943749481 0
    outer loop
      vertex -5.418103912863862 -6.54936256359421 -3
      vertex -5.418103912863862 -6.54936256359421 3
      vertex -4.554527757321472 -7.176787366767127 3
    endloop
  endfacet
  facet normal 0.3681245526846769 0.9297764858882518 0
    outer loop
      vertex -3.619123978303116 -7.691029945961167 -3
      vertex -3.619123978303116 -7.691029945961167 3
      vertex -2.626644452187053 -8.083980388508804 3
    endloop
  endfacet
  facet normal 0 1 0
    outer loop
      vertex -0.533719415999167 -8.483227191640308 -3
      vertex -0.533719415999167 -8.483227191640308 3
      vertex 0.533719415999167 -8.483227191640308 3
    endloop
  endfacet
  facet normal 0.24868988716485582 0.9685831611286309 0
    outer loop
      vertex -2.626644452187053 -8.083980388508804 -3
      vertex -2.626644452187053 -8.083980388508804 3
      vertex -1.592741173978661 -8.349441631193853 3
    endloop
  endfacet
  facet normal 0.12533323356430495 0.9921147013144778 0
    outer loop
      vertex -1.592741173978661 -8.349441631193853 -3
      vertex -1.592741173978661 -8.349441631193853 3
      vertex -0.533719415999167 -8.483227191640308 3
    endloop
  endfacet
  facet normal 0 0 -1
    outer loop
      vertex -6.876644452187053 -4.996174644486022 3
      vertex -7.44860678037284 -4.094906229864581 3
      vertex -7.264373708464733 -1.8651741537364113 3
    endloop
  endfacet
  facet normal 0 0 -1
    outer loop
      vertex -6.876644452187053 -4.996174644486022 3
      vertex -7.264373708464733 -1.8651741537364113 3
      vertex -6.973323644161886 -2.760934145135084 3
    endloop
  endfacet
  facet normal 0 0 -1
    outer loop
      vertex -6.876644452187053 -4.996174644486022 3
      vertex -6.572300100328976 -3.6131525557628654 3
      vertex -6.196233333081999 -5.818650400393852 3
    endloop
  endfacet
  facet normal 0 0 -1
    outer loop
      vertex -6.196233333081999 -5.818650400393852 3
      vertex -6.067627457812106 -4.408389392193548 3
      vertex -5.418103912863862 -6.54936256359421 3
    endloop
  endfacet
  facet normal 0 0 -1
    outer loop
      vertex -5.418103912863862 -6.54936256359421 3
      vertex -6.067627457812106 -4.408389392193548 3
      vertex -5.467264705660588 -5.134103294465164 3
    endloop
  endfacet
  facet normal 0 0 -1
    outer loop
      vertex -6.196233333081999 -5.818650400393852 3
      vertex -6.572300100328976 -3.6131525557628654 3
      vertex -6.067627457812106 -4.408389392193548 3
    endloop
  endfacet
  facet normal 0 0 -1
    outer loop
      vertex -6.876644452187053 -4.996174644486022 3
      vertex -6.973323644161886 -2.760934145135084 3
      vertex -6.572300100328976 -3.6131525557628654 3
    endloop
  endfacet
  facet normal 0 0 -1
    outer loop
      vertex -7.44860678037284 -4.094906229864581 3
      vertex -7.440860259858584 -0.9399992517322805 3
      vertex -7.264373708464733 -1.8651741537364113 3
    endloop
  endfacet
  facet normal 0 0 -1
    outer loop
      vertex -7.44860678037284 -4.094906229864581 3
      vertex -7.5 0 3
      vertex -7.440860259858584 -0.9399992517322805 3
    endloop
  endfacet
  facet normal 0 0 -1
    outer loop
      vertex -8.232956869593364 -2.1138640409012663 3
      vertex -8.432974961173063 -1.0653324852965846 3
      vertex -8.432974961173063 1.0653324852965846 3
    endloop
  endfacet
  facet normal 0 0 -1
    outer loop
      vertex -7.903100130050137 -3.1290586978197616 3
      vertex -8.232956869593364 -2.1138640409012663 3
      vertex -8.232956869593364 2.1138640409012663 3
    endloop
  endfacet
  facet normal 0 0 -1
    outer loop
      vertex -7.903100130050137 -3.1290586978197616 3
      vertex -7.903100130050137 3.1290586978197616 3
      vertex -7.44860678037284 -4.094906229864581 3
    endloop
  endfacet
  facet normal 0 0 -1
    outer loop
      vertex -7.44860678037284 -4.094906229864581 3
      vertex -7.903100130050137 3.1290586978197616 3
      vertex -7.5 0 3
    endloop
  endfacet
  facet normal 0 0 -1
    outer loop
      vertex -5.418103912863862 -6.54936256359421 3
      vertex -5.467264705660588 -5.134103294465164 3
      vertex -4.780679923115172 -5.77884932081842 3
    endloop
  endfacet
  facet normal 0 0 -1
    outer loop
      vertex -4.554527757321472 -7.176787366767127 3
      vertex -5.418103912863862 -6.54936256359421 3
      vertex -4.780679923115172 -5.77884932081842 3
    endloop
  endfacet
  facet normal 0 0 -1
    outer loop
      vertex -4.554527757321472 -7.176787366767127 3
      vertex -4.780679923115172 -5.77884932081842 3
      vertex -4.018700962342476 -6.3324594412651125 3
    endloop
  endfacet
  facet normal 0 0 -1
    outer loop
      vertex -4.554527757321472 -7.176787366767127 3
      vertex -4.018700962342476 -6.3324594412651125 3
      vertex -3.619123978303116 -7.691029945961167 3
    endloop
  endfacet
  facet normal 0 0 -1
    outer loop
      vertex -3.619123978303116 -7.691029945961167 3
      vertex -3.193344686738043 -6.786202893495147 3
      vertex -2.626644452187053 -8.083980388508804 3
    endloop
  endfacet
  facet normal 0 0 -1
    outer loop
      vertex -3.619123978303116 -7.691029945961167 3
      vertex -4.018700962342476 -6.3324594412651125 3
      vertex -3.193344686738043 -6.786202893495147 3
    endloop
  endfacet
  facet normal 0 0 -1
    outer loop
      vertex -2.626644452187053 -8.083980388508804 3
      vertex -2.3176274578121054 -7.132923872213651 3
      vertex -1.592741173978661 -8.349441631193853 3
    endloop
  endfacet
  facet normal 0 0 -1
    outer loop
      vertex -2.626644452187053 -8.083980388508804 3
      vertex -3.193344686738043 -6.786202893495147 3
      vertex -2.3176274578121054 -7.132923872213651 3
    endloop
  endfacet
  facet normal 0 0 -1
    outer loop
      vertex -2.3176274578121054 -7.132923872213651 3
      vertex -1.4053598593929362 -7.3671543804651645 3
      vertex -1.592741173978661 -8.349441631193853 3
    endloop
  endfacet
  facet normal 0 0 -1
    outer loop
      vertex -1.592741173978661 -8.349441631193853 3
      vertex -1.4053598593929362 -7.3671543804651645 3
      vertex -0.533719415999167 -8.483227191640308 3
    endloop
  endfacet
  facet normal 0 0 -1
    outer loop
      vertex -1.4053598593929362 -7.3671543804651645 3
      vertex -0.4709288964698532 -7.485200463212037 3
      vertex -0.533719415999167 -8.483227191640308 3
    endloop
  endfacet
  facet normal 0 0 -1
    outer loop
      vertex -0.533719415999167 -8.483227191640308 3
      vertex -0.4709288964698532 -7.485200463212037 3
      vertex 0.533719415999167 -8.483227191640308 3
    endloop
  endfacet
  facet normal 0 0 -1
    outer loop
      vertex -2.9158745096856467 -2.738188423714754 3
      vertex -2.9057494833858932 -0.7460696614945646 3
      vertex -2.7893294576647545 -1.1043736580540335 3
    endloop
  endfacet
  facet normal 0 0 -1
    outer loop
      vertex -3.9684588052579115 -0.5013329342572163 3
      vertex -3.9684588052579115 0.5013329342572163 3
      vertex -3.8743326445145243 -0.9947595486594194 3
    endloop
  endfacet
  facet normal 0 0 -1
    outer loop
      vertex -3.719105943553006 -1.4724982107387115 3
      vertex -3.8743326445145243 -0.9947595486594194 3
      vertex -3.8743326445145243 0.9947595486594194 3
    endloop
  endfacet
  facet normal 0 0 -1
    outer loop
      vertex -3.505226720175454 -1.9270146964068615 3
      vertex -3.719105943553006 -1.4724982107387115 3
      vertex -3.719105943553006 1.4724982107387115 3
    endloop
  endfacet
  facet normal 0 0 -1
    outer loop
      vertex -3.23606797749979 -2.3511410091698925 3
      vertex -3.505226720175454 -1.9270146964068615 3
      vertex -3.505226720175454 1.9270146964068615 3
    endloop
  endfacet
  facet normal 0 0 -1
    outer loop
      vertex -3.23606797749979 -2.3511410091698925 3
      vertex -3.505226720175454 1.9270146964068615 3
      vertex -2.9158745096856467 -2.738188423714754 3
    endloop
  endfacet
  facet normal 0 0 -1
    outer loop
      vertex -2.9158745096856467 -2.738188423714754 3
      vertex -2.9763441039434335 -0.3759997006929122 3
      vertex -2.9057494833858932 -0.7460696614945646 3
    endloop
  endfacet
  facet normal 0 0 -1
    outer loop
      vertex -2.9158745096856467 -2.738188423714754 3
      vertex -3 0 3
      vertex -2.9763441039434335 -0.3759997006929122 3
    endloop
  endfacet
  facet normal 0 0 -1
    outer loop
      vertex -2.9158745096856467 -2.738188423714754 3
      vertex -3.505226720175454 1.9270146964068615 3
      vertex -3 0 3
    endloop
  endfacet
  facet normal 0 0 -1
    outer loop
      vertex -2.143307179915987 -3.37731170200806 3
      vertex -2.186905882264235 -2.0536413177860657 3
      vertex -1.7031171662602897 -3.6193082098640783 3
    endloop
  endfacet
  facet normal 0 0 -1
    outer loop
      vertex -1.7031171662602897 -3.6193082098640783 3
      vertex -1.6074803849369903 -2.532983776506045 3
      vertex -1.2360679774997896 -3.804226065180614 3
    endloop
  endfacet
  facet normal 0 0 -1
    outer loop
      vertex -1.7031171662602897 -3.6193082098640783 3
      vertex -1.9122719692460688 -2.311539728327368 3
      vertex -1.6074803849369903 -2.532983776506045 3
    endloop
  endfacet
  facet normal 0 0 -1
    outer loop
      vertex -1.2360679774997896 -3.804226065180614 3
      vertex -0.9270509831248421 -2.8531695488854605 3
      vertex -0.7495252583428993 -3.9291490029147544 3
    endloop
  endfacet
  facet normal 0 0 -1
    outer loop
      vertex -1.2360679774997896 -3.804226065180614 3
      vertex -1.6074803849369903 -2.532983776506045 3
      vertex -1.2773378746952173 -2.7144811573980587 3
    endloop
  endfacet
  facet normal 0 0 -1
    outer loop
      vertex -1.2360679774997896 -3.804226065180614 3
      vertex -1.2773378746952173 -2.7144811573980587 3
      vertex -0.9270509831248421 -2.8531695488854605 3
    endloop
  endfacet
  facet normal 0 0 -1
    outer loop
      vertex -0.7495252583428993 -3.9291490029147544 3
      vertex -0.9270509831248421 -2.8531695488854605 3
      vertex -0.5621439437571745 -2.9468617521860656 3
    endloop
  endfacet
  facet normal 0 0 -1
    outer loop
      vertex -0.7495252583428993 -3.9291490029147544 3
      vertex -0.5621439437571745 -2.9468617521860656 3
      vertex -0.25116207811725505 -3.9921069137130862 3
    endloop
  endfacet
  facet normal 0 0 -1
    outer loop
      vertex -0.25116207811725505 -3.9921069137130862 3
      vertex -0.1883715585879413 -2.9940801852848145 3
      vertex 0.25116207811725505 -3.9921069137130862 3
    endloop
  endfacet
  facet normal 0 0 -1
    outer loop
      vertex -0.25116207811725505 -3.9921069137130862 3
      vertex -0.5621439437571745 -2.9468617521860656 3
      vertex -0.1883715585879413 -2.9940801852848145 3
    endloop
  endfacet
  facet normal 0 0 -1
    outer loop
      vertex -2.9158745096856467 -2.738188423714754 3
      vertex -2.7893294576647545 -1.1043736580540335 3
      vertex -2.5496959589947585 -3.0820529711031575 3
    endloop
  endfacet
  facet normal 0 0 -1
    outer loop
      vertex -2.5496959589947585 -3.0820529711031575 3
      vertex -2.4270509831248424 -1.7633557568774194 3
      vertex -2.143307179915987 -3.37731170200806 3
    endloop
  endfacet
  facet normal 0 0 -1
    outer loop
      vertex -2.4270509831248424 -1.7633557568774194 3
      vertex -2.186905882264235 -2.0536413177860657 3
      vertex -2.143307179915987 -3.37731170200806 3
    endloop
  endfacet
  facet normal 0 0 -1
    outer loop
      vertex -2.5496959589947585 -3.0820529711031575 3
      vertex -2.7893294576647545 -1.1043736580540335 3
      vertex -2.6289200401315904 -1.445261022305146 3
    endloop
  endfacet
  facet normal 0 0 -1
    outer loop
      vertex -2.5496959589947585 -3.0820529711031575 3
      vertex -2.6289200401315904 -1.445261022305146 3
      vertex -2.4270509831248424 -1.7633557568774194 3
    endloop
  endfacet
  facet normal 0 0 -1
    outer loop
      vertex -1.7031171662602897 -3.6193082098640783 3
      vertex -2.186905882264235 -2.0536413177860657 3
      vertex -1.9122719692460688 -2.311539728327368 3
    endloop
  endfacet
  facet normal 0 0 1
    outer loop
      vertex -8.432974961173063 -1.0653324852965846 -3
      vertex -8.432974961173063 1.0653324852965846 -3
      vertex -8.5 0 -3
    endloop
  endfacet
  facet normal 0 0 1
    outer loop
      vertex -8.432974961173063 -1.0653324852965846 -3
      vertex -8.232956869593364 2.1138640409012663 -3
      vertex -8.432974961173063 1.0653324852965846 -3
    endloop
  endfacet
  facet normal 0 0 1
    outer loop
      vertex -8.232956869593364 -2.1138640409012663 -3
      vertex -7.903100130050137 3.1290586978197616 -3
      vertex -8.232956869593364 2.1138640409012663 -3
    endloop
  endfacet
  facet normal 0 0 1
    outer loop
      vertex -7.903100130050137 -3.1290586978197616 -3
      vertex -7.44860678037284 4.094906229864581 -3
      vertex -7.903100130050137 3.1290586978197616 -3
    endloop
  endfacet
  facet normal 0 0 1
    outer loop
      vertex -7.903100130050137 -3.1290586978197616 -3
      vertex -7.5 0 -3
      vertex -7.44860678037284 4.094906229864581 -3
    endloop
  endfacet
  facet normal 0 0 1
    outer loop
      vertex -7.5 0 -3
      vertex -7.440860259858584 0.9399992517322805 -3
      vertex -7.44860678037284 4.094906229864581 -3
    endloop
  endfacet
  facet normal 0 0 1
    outer loop
      vertex -7.440860259858584 0.9399992517322805 -3
      vertex -7.264373708464733 1.8651741537364113 -3
      vertex -7.44860678037284 4.094906229864581 -3
    endloop
  endfacet
  facet normal 0 0 1
    outer loop
      vertex -7.264373708464733 1.8651741537364113 -3
      vertex -6.973323644161886 2.760934145135084 -3
      vertex -6.876644452187053 4.996174644486022 -3
    endloop
  endfacet
  facet normal 0 0 1
    outer loop
      vertex -7.264373708464733 1.8651741537364113 -3
      vertex -6.876644452187053 4.996174644486022 -3
      vertex -7.44860678037284 4.094906229864581 -3
    endloop
  endfacet
  facet normal 0 0 1
    outer loop
      vertex -6.973323644161886 2.760934145135084 -3
      vertex -6.572300100328976 3.6131525557628654 -3
      vertex -6.876644452187053 4.996174644486022 -3
    endloop
  endfacet
  facet normal 0 0 1
    outer loop
      vertex -6.572300100328976 3.6131525557628654 -3
      vertex -6.196233333081999 5.818650400393852 -3
      vertex -6.876644452187053 4.996174644486022 -3
    endloop
  endfacet
  facet normal 0 0 1
    outer loop
      vertex -6.572300100328976 3.6131525557628654 -3
      vertex -6.067627457812106 4.408389392193548 -3
      vertex -6.196233333081999 5.818650400393852 -3
    endloop
  endfacet
  facet normal 0 0 1
    outer loop
      vertex -6.067627457812106 4.408389392193548 -3
      vertex -5.418103912863862 6.54936256359421 -3
      vertex -6.196233333081999 5.818650400393852 -3
    endloop
  endfacet
  facet normal 0 0 1
    outer loop
      vertex -6.067627457812106 4.408389392193548 -3
      vertex -5.467264705660588 5.134103294465164 -3
      vertex -5.418103912863862 6.54936256359421 -3
    endloop
  endfacet
  facet normal 0.9980267284282717 -0.06279051952931244 0
    outer loop
      vertex -8.5 0 -3
      vertex -8.432974961173063 1.0653324852965846 -3
      vertex -8.432974961173063 1.0653324852965846 3
    endloop
  endfacet
  facet normal 0.9822872507286884 -0.1873813145857256 0
    outer loop
      vertex -8.432974961173063 1.0653324852965846 -3
      vertex -8.232956869593364 2.1138640409012663 -3
      vertex -8.232956869593364 2.1138640409012663 3
    endloop
  endfacet
  facet normal 0.9510565162951536 -0.3090169943749474 0
    outer loop
      vertex -8.232956869593364 2.1138640409012663 -3
      vertex -7.903100130050137 3.1290586978197616 -3
      vertex -7.903100130050137 3.1290586978197616 3
    endloop
  endfacet
  facet normal 0.9048270524660196 -0.42577929156507255 0
    outer loop
      vertex -7.903100130050137 3.1290586978197616 -3
      vertex -7.44860678037284 4.094906229864581 -3
      vertex -7.44860678037284 4.094906229864581 3
    endloop
  endfacet
  facet normal 0.8443279255020151 -0.5358267949789967 0
    outer loop
      vertex -7.44860678037284 4.094906229864581 -3
      vertex -6.876644452187053 4.996174644486022 -3
      vertex -6.876644452187053 4.996174644486022 3
    endloop
  endfacet
  facet normal 0.770513242775789 -0.63742398974869 0
    outer loop
      vertex -6.876644452187053 4.996174644486022 -3
      vertex -6.196233333081999 5.818650400393852 -3
      vertex -6.196233333081999 5.818650400393852 3
    endloop
  endfacet
  facet normal 0.6845471059286896 -0.7289686274214107 0
    outer loop
      vertex -6.196233333081999 5.818650400393852 -3
      vertex -5.418103912863862 6.54936256359421 -3
      vertex -6.196233333081999 5.818650400393852 3
    endloop
  endfacet
  facet normal 0 0 1
    outer loop
      vertex -3.9684588052579115 -0.5013329342572163 -3
      vertex -3.9684588052579115 0.5013329342572163 -3
      vertex -4 0 -3
    endloop
  endfacet
  facet normal 0 0 1
    outer loop
      vertex -3.9684588052579115 -0.5013329342572163 -3
      vertex -3.8743326445145243 0.9947595486594194 -3
      vertex -3.9684588052579115 0.5013329342572163 -3
    endloop
  endfacet
  facet normal 0 0 1
    outer loop
      vertex -3.8743326445145243 -0.9947595486594194 -3
      vertex -3.719105943553006 1.4724982107387115 -3
      vertex -3.8743326445145243 0.9947595486594194 -3
    endloop
  endfacet
  facet normal 0 0 1
    outer loop
      vertex -3.719105943553006 -1.4724982107387115 -3
      vertex -3.505226720175454 1.9270146964068615 -3
      vertex -3.719105943553006 1.4724982107387115 -3
    endloop
  endfacet
  facet normal 0 0 1
    outer loop
      vertex -3.505226720175454 -1.9270146964068615 -3
      vertex -3 0 -3
      vertex -2.9158745096856467 2.738188423714754 -3
    endloop
  endfacet
  facet normal 0 0 1
    outer loop
      vertex -3.505226720175454 -1.9270146964068615 -3
      vertex -3.23606797749979 2.3511410091698925 -3
      vertex -3.505226720175454 1.9270146964068615 -3
    endloop
  endfacet
  facet normal 0 0 1
    outer loop
      vertex -3.505226720175454 -1.9270146964068615 -3
      vertex -2.9158745096856467 2.738188423714754 -3
      vertex -3.23606797749979 2.3511410091698925 -3
    endloop
  endfacet
  facet normal 0 0 1
    outer loop
      vertex -3 0 -3
      vertex -2.9763441039434335 0.3759997006929122 -3
      vertex -2.9158745096856467 2.738188423714754 -3
    endloop
  endfacet
  facet normal 0 0 1
    outer loop
      vertex -2.9763441039434335 0.3759997006929122 -3
      vertex -2.9057494833858932 0.7460696614945646 -3
      vertex -2.9158745096856467 2.738188423714754 -3
    endloop
  endfacet
  facet normal 0 0 1
    outer loop
      vertex -2.9057494833858932 0.7460696614945646 -3
      vertex -2.7893294576647545 1.1043736580540335 -3
      vertex -2.9158745096856467 2.738188423714754 -3
    endloop
  endfacet
  facet normal 0 0 1
    outer loop
      vertex -2.7893294576647545 1.1043736580540335 -3
      vertex -2.6289200401315904 1.445261022305146 -3
      vertex -2.5496959589947585 3.0820529711031575 -3
    endloop
  endfacet
  facet normal 0 0 1
    outer loop
      vertex -2.6289200401315904 1.445261022305146 -3
      vertex -2.4270509831248424 1.7633557568774194 -3
      vertex -2.5496959589947585 3.0820529711031575 -3
    endloop
  endfacet
  facet normal 0 0 1
    outer loop
      vertex -2.7893294576647545 1.1043736580540335 -3
      vertex -2.5496959589947585 3.0820529711031575 -3
      vertex -2.9158745096856467 2.738188423714754 -3
    endloop
  endfacet
  facet normal 0 0 1
    outer loop
      vertex -2.4270509831248424 1.7633557568774194 -3
      vertex -2.186905882264235 2.0536413177860657 -3
      vertex -2.143307179915987 3.37731170200806 -3
    endloop
  endfacet
  facet normal 0 0 1
    outer loop
      vertex -2.4270509831248424 1.7633557568774194 -3
      vertex -2.143307179915987 3.37731170200806 -3
      vertex -2.5496959589947585 3.0820529711031575 -3
    endloop
  endfacet
  facet normal 0 0 1
    outer loop
      vertex -2.186905882264235 2.0536413177860657 -3
      vertex -1.9122719692460688 2.311539728327368 -3
      vertex -1.7031171662602909 3.619308209864078 -3
    endloop
  endfacet
  facet normal 0 0 1
    outer loop
      vertex -2.186905882264235 2.0536413177860657 -3
      vertex -1.7031171662602909 3.619308209864078 -3
      vertex -2.143307179915987 3.37731170200806 -3
    endloop
  endfacet
  facet normal 0 0 1
    outer loop
      vertex -1.9122719692460688 2.311539728327368 -3
      vertex -1.6074803849369903 2.532983776506045 -3
      vertex -1.7031171662602909 3.619308209864078 -3
    endloop
  endfacet
  facet normal 0 0 1
    outer loop
      vertex -1.6074803849369903 2.532983776506045 -3
      vertex -1.2360679774997896 3.804226065180614 -3
      vertex -1.7031171662602909 3.619308209864078 -3
    endloop
  endfacet
  facet normal 0 0 1
    outer loop
      vertex -1.6074803849369903 2.532983776506045 -3
      vertex -1.2773378746952182 2.7144811573980583 -3
      vertex -1.2360679774997896 3.804226065180614 -3
    endloop
  endfacet
  facet normal 0 0 1
    outer loop
      vertex -1.2773378746952182 2.7144811573980583 -3
      vertex -0.9270509831248421 2.8531695488854605 -3
      vertex -1.2360679774997896 3.804226065180614 -3
    endloop
  endfacet
  facet normal 0 0 1
    outer loop
      vertex -0.9270509831248421 2.8531695488854605 -3
      vertex -0.5621439437571737 2.946861752186066 -3
      vertex -0.7495252583428983 3.929149002914755 -3
    endloop
  endfacet
  facet normal 0 0 1
    outer loop
      vertex -1.2360679774997896 3.804226065180614 -3
      vertex -0.9270509831248421 2.8531695488854605 -3
      vertex -0.7495252583428983 3.929149002914755 -3
    endloop
  endfacet
  facet normal 0 0 1
    outer loop
      vertex -0.5621439437571737 2.946861752186066 -3
      vertex -0.18837155858793983 2.9940801852848145 -3
      vertex -0.2511620781172528 3.9921069137130862 -3
    endloop
  endfacet
  facet normal 0 0 1
    outer loop
      vertex -0.5621439437571737 2.946861752186066 -3
      vertex -0.2511620781172528 3.9921069137130862 -3
      vertex -0.7495252583428983 3.929149002914755 -3
    endloop
  endfacet
  facet normal 0 0 1
    outer loop
      vertex -0.18837155858793983 2.9940801852848145 -3
      vertex 0.2511620781172531 3.9921069137130862 -3
      vertex -0.2511620781172528 3.9921069137130862 -3
    endloop
  endfacet
  facet normal 0 0 1
    outer loop
      vertex -5.467264705660588 5.134103294465164 -3
      vertex -4.780679923115172 5.77884932081842 -3
      vertex -5.418103912863862 6.54936256359421 -3
    endloop
  endfacet
  facet normal 0 0 1
    outer loop
      vertex -5.418103912863862 6.54936256359421 -3
      vertex -4.780679923115172 5.77884932081842 -3
      vertex -4.554527757321472 7.176787366767127 -3
    endloop
  endfacet
  facet normal 0 0 1
    outer loop
      vertex -4.780679923115172 5.77884932081842 -3
      vertex -4.018700962342476 6.3324594412651125 -3
      vertex -4.554527757321472 7.176787366767127 -3
    endloop
  endfacet
  facet normal 0 0 1
    outer loop
      vertex -4.018700962342476 6.3324594412651125 -3
      vertex -3.1933446867380453 6.786202893495146 -3
      vertex -3.619123978303118 7.691029945961166 -3
    endloop
  endfacet
  facet normal 0 0 1
    outer loop
      vertex -4.554527757321472 7.176787366767127 -3
      vertex -4.018700962342476 6.3324594412651125 -3
      vertex -3.619123978303118 7.691029945961166 -3
    endloop
  endfacet
  facet normal 0 0 1
    outer loop
      vertex -3.619123978303118 7.691029945961166 -3
      vertex -3.1933446867380453 6.786202893495146 -3
      vertex -2.626644452187053 8.083980388508804 -3
    endloop
  endfacet
  facet normal 0 0 1
    outer loop
      vertex -3.1933446867380453 6.786202893495146 -3
      vertex -2.3176274578121054 7.132923872213651 -3
      vertex -2.626644452187053 8.083980388508804 -3
    endloop
  endfacet
  facet normal 0 0 1
    outer loop
      vertex -2.3176274578121054 7.132923872213651 -3
      vertex -1.5927411739786588 8.349441631193853 -3
      vertex -2.626644452187053 8.083980388508804 -3
    endloop
  endfacet
  facet normal 0 0 1
    outer loop
      vertex -2.3176274578121054 7.132923872213651 -3
      vertex -1.4053598593929344 7.367154380465165 -3
      vertex -1.5927411739786588 8.349441631193853 -3
    endloop
  endfacet
  facet normal 0 0 1
    outer loop
      vertex -1.4053598593929344 7.367154380465165 -3
      vertex -0.5337194159991628 8.483227191640308 -3
      vertex -1.5927411739786588 8.349441631193853 -3
    endloop
  endfacet
  facet normal 0 0 1
    outer loop
      vertex -1.4053598593929344 7.367154380465165 -3
      vertex -0.4709288964698496 7.485200463212037 -3
      vertex -0.5337194159991628 8.483227191640308 -3
    endloop
  endfacet
  facet normal 0 0 1
    outer loop
      vertex -0.4709288964698496 7.485200463212037 -3
      vertex 0.5337194159991628 8.483227191640308 -3
      vertex -0.5337194159991628 8.483227191640308 -3
    endloop
  endfacet
  facet normal 0.5877852522924721 -0.8090169943749481 0
    outer loop
      vertex -5.418103912863862 6.54936256359421 -3
      vertex -4.554527757321472 7.176787366767127 -3
      vertex -5.418103912863862 6.54936256359421 3
    endloop
  endfacet
  facet normal 0.4817536741017158 -0.8763066800438634 0
    outer loop
      vertex -4.554527757321472 7.176787366767127 -3
      vertex -3.619123978303118 7.691029945961166 -3
      vertex -4.554527757321472 7.176787366767127 3
    endloop
  endfacet
  facet normal 0.3681245526846769 -0.9297764858882518 0
    outer loop
      vertex -3.619123978303118 7.691029945961166 -3
      vertex -2.626644452187053 8.083980388508804 -3
      vertex -3.619123978303118 7.691029945961166 3
    endloop
  endfacet
  facet normal 0.24868988716485532 -0.9685831611286311 0
    outer loop
      vertex -2.626644452187053 8.083980388508804 -3
      vertex -1.5927411739786588 8.349441631193853 -3
      vertex -2.626644452187053 8.083980388508804 3
    endloop
  endfacet
  facet normal 0.12533323356430473 -0.9921147013144778 0
    outer loop
      vertex -1.5927411739786588 8.349441631193853 -3
      vertex -0.5337194159991628 8.483227191640308 -3
      vertex -1.5927411739786588 8.349441631193853 3
    endloop
  endfacet
  facet normal 0 -1 0
    outer loop
      vertex -0.5337194159991628 8.483227191640308 -3
      vertex 0.5337194159991628 8.483227191640308 -3
      vertex -0.5337194159991628 8.483227191640308 3
    endloop
  endfacet
  facet normal 0.9980267284282717 -0.06279051952931244 0
    outer loop
      vertex -8.5 0 -3
      vertex -8.432974961173063 1.0653324852965846 3
      vertex -8.5 0 3
    endloop
  endfacet
  facet normal 0.9822872507286884 -0.1873813145857256 0
    outer loop
      vertex -8.432974961173063 1.0653324852965846 -3
      vertex -8.232956869593364 2.1138640409012663 3
      vertex -8.432974961173063 1.0653324852965846 3
    endloop
  endfacet
  facet normal 0.9510565162951536 -0.3090169943749474 0
    outer loop
      vertex -8.232956869593364 2.1138640409012663 -3
      vertex -7.903100130050137 3.1290586978197616 3
      vertex -8.232956869593364 2.1138640409012663 3
    endloop
  endfacet
  facet normal 0.9048270524660196 -0.42577929156507255 0
    outer loop
      vertex -7.903100130050137 3.1290586978197616 -3
      vertex -7.44860678037284 4.094906229864581 3
      vertex -7.903100130050137 3.1290586978197616 3
    endloop
  endfacet
  facet normal 0.8443279255020151 -0.5358267949789967 0
    outer loop
      vertex -7.44860678037284 4.094906229864581 -3
      vertex -6.876644452187053 4.996174644486022 3
      vertex -7.44860678037284 4.094906229864581 3
    endloop
  endfacet
  facet normal 0.770513242775789 -0.63742398974869 0
    outer loop
      vertex -6.876644452187053 4.996174644486022 -3
      vertex -6.196233333081999 5.818650400393852 3
      vertex -6.876644452187053 4.996174644486022 3
    endloop
  endfacet
  facet normal 0.6845471059286896 -0.7289686274214107 0
    outer loop
      vertex -5.418103912863862 6.54936256359421 -3
      vertex -5.418103912863862 6.54936256359421 3
      vertex -6.196233333081999 5.818650400393852 3
    endloop
  endfacet
  facet normal 0.5877852522924721 -0.8090169943749481 0
    outer loop
      vertex -4.554527757321472 7.176787366767127 -3
      vertex -4.554527757321472 7.176787366767127 3
      vertex -5.418103912863862 6.54936256359421 3
    endloop
  endfacet
  facet normal 0.4817536741017158 -0.8763066800438634 0
    outer loop
      vertex -3.619123978303118 7.691029945961166 -3
      vertex -3.619123978303118 7.691029945961166 3
      vertex -4.554527757321472 7.176787366767127 3
    endloop
  endfacet
  facet normal 0.3681245526846769 -0.9297764858882518 0
    outer loop
      vertex -2.626644452187053 8.083980388508804 -3
      vertex -2.626644452187053 8.083980388508804 3
      vertex -3.619123978303118 7.691029945961166 3
    endloop
  endfacet
  facet normal 0.24868988716485532 -0.9685831611286311 0
    outer loop
      vertex -1.5927411739786588 8.349441631193853 -3
      vertex -1.5927411739786588 8.349441631193853 3
      vertex -2.626644452187053 8.083980388508804 3
    endloop
  endfacet
  facet normal 0.12533323356430473 -0.9921147013144778 0
    outer loop
      vertex -0.5337194159991628 8.483227191640308 -3
      vertex -0.5337194159991628 8.483227191640308 3
      vertex -1.5927411739786588 8.349441631193853 3
    endloop
  endfacet
  facet normal 0 0 -1
    outer loop
      vertex -8.432974961173063 -1.0653324852965846 3
      vertex -8.5 0 3
      vertex -8.432974961173063 1.0653324852965846 3
    endloop
  endfacet
  facet normal 0 0 -1
    outer loop
      vertex -8.232956869593364 -2.1138640409012663 3
      vertex -8.432974961173063 1.0653324852965846 3
      vertex -8.232956869593364 2.1138640409012663 3
    endloop
  endfacet
  facet normal 0 0 -1
    outer loop
      vertex -7.903100130050137 -3.1290586978197616 3
      vertex -8.232956869593364 2.1138640409012663 3
      vertex -7.903100130050137 3.1290586978197616 3
    endloop
  endfacet
  facet normal 0 0 -1
    outer loop
      vertex -7.5 0 3
      vertex -7.903100130050137 3.1290586978197616 3
      vertex -7.440860259858584 0.9399992517322805 3
    endloop
  endfacet
  facet normal 0 0 -1
    outer loop
      vertex -7.440860259858584 0.9399992517322805 3
      vertex -7.44860678037284 4.094906229864581 3
      vertex -7.264373708464733 1.8651741537364113 3
    endloop
  endfacet
  facet normal 0 0 -1
    outer loop
      vertex -7.440860259858584 0.9399992517322805 3
      vertex -7.903100130050137 3.1290586978197616 3
      vertex -7.44860678037284 4.094906229864581 3
    endloop
  endfacet
  facet normal 0 0 -1
    outer loop
      vertex -7.264373708464733 1.8651741537364113 3
      vertex -7.44860678037284 4.094906229864581 3
      vertex -6.973323644161886 2.760934145135084 3
    endloop
  endfacet
  facet normal 0 0 -1
    outer loop
      vertex -6.973323644161886 2.760934145135084 3
      vertex -7.44860678037284 4.094906229864581 3
      vertex -6.572300100328976 3.6131525557628654 3
    endloop
  endfacet
  facet normal 0 0 -1
    outer loop
      vertex -7.44860678037284 4.094906229864581 3
      vertex -6.876644452187053 4.996174644486022 3
      vertex -6.572300100328976 3.6131525557628654 3
    endloop
  endfacet
  facet normal 0 0 -1
    outer loop
      vertex -6.572300100328976 3.6131525557628654 3
      vertex -6.876644452187053 4.996174644486022 3
      vertex -6.067627457812106 4.408389392193548 3
    endloop
  endfacet
  facet normal 0 0 -1
    outer loop
      vertex -6.067627457812106 4.408389392193548 3
      vertex -6.876644452187053 4.996174644486022 3
      vertex -6.196233333081999 5.818650400393852 3
    endloop
  endfacet
  facet normal 0 0 -1
    outer loop
      vertex -6.067627457812106 4.408389392193548 3
      vertex -6.196233333081999 5.818650400393852 3
      vertex -5.467264705660588 5.134103294465164 3
    endloop
  endfacet
  facet normal 0 0 -1
    outer loop
      vertex -3.9684588052579115 -0.5013329342572163 3
      vertex -4 0 3
      vertex -3.9684588052579115 0.5013329342572163 3
    endloop
  endfacet
  facet normal 0 0 -1
    outer loop
      vertex -3.8743326445145243 -0.9947595486594194 3
      vertex -3.9684588052579115 0.5013329342572163 3
      vertex -3.8743326445145243 0.9947595486594194 3
    endloop
  endfacet
  facet normal 0 0 -1
    outer loop
      vertex -3.719105943553006 -1.4724982107387115 3
      vertex -3.8743326445145243 0.9947595486594194 3
      vertex -3.719105943553006 1.4724982107387115 3
    endloop
  endfacet
  facet normal 0 0 -1
    outer loop
      vertex -3.505226720175454 -1.9270146964068615 3
      vertex -3.719105943553006 1.4724982107387115 3
      vertex -3.505226720175454 1.9270146964068615 3
    endloop
  endfacet
  facet normal 0 0 -1
    outer loop
      vertex -3 0 3
      vertex -3.23606797749979 2.3511410091698925 3
      vertex -2.9763441039434335 0.3759997006929122 3
    endloop
  endfacet
  facet normal 0 0 -1
    outer loop
      vertex -2.9763441039434335 0.3759997006929122 3
      vertex -3.23606797749979 2.3511410091698925 3
      vertex -2.9057494833858932 0.7460696614945646 3
    endloop
  endfacet
  facet normal 0 0 -1
    outer loop
      vertex -2.9057494833858932 0.7460696614945646 3
      vertex -3.23606797749979 2.3511410091698925 3
      vertex -2.7893294576647545 1.1043736580540335 3
    endloop
  endfacet
  facet normal 0 0 -1
    outer loop
      vertex -3.505226720175454 1.9270146964068615 3
      vertex -3.23606797749979 2.3511410091698925 3
      vertex -3 0 3
    endloop
  endfacet
  facet normal 0 0 -1
    outer loop
      vertex -2.7893294576647545 1.1043736580540335 3
      vertex -3.23606797749979 2.3511410091698925 3
      vertex -2.6289200401315904 1.445261022305146 3
    endloop
  endfacet
  facet normal 0 0 -1
    outer loop
      vertex -2.6289200401315904 1.445261022305146 3
      vertex -3.23606797749979 2.3511410091698925 3
      vertex -2.9158745096856467 2.738188423714754 3
    endloop
  endfacet
  facet normal 0 0 -1
    outer loop
      vertex -6.196233333081999 5.818650400393852 3
      vertex -4.780679923115172 5.77884932081842 3
      vertex -5.467264705660588 5.134103294465164 3
    endloop
  endfacet
  facet normal 0 0 -1
    outer loop
      vertex -2.6289200401315904 1.445261022305146 3
      vertex -2.9158745096856467 2.738188423714754 3
      vertex -2.4270509831248424 1.7633557568774194 3
    endloop
  endfacet
  facet normal 0 0 -1
    outer loop
      vertex -2.4270509831248424 1.7633557568774194 3
      vertex -2.9158745096856467 2.738188423714754 3
      vertex -2.5496959589947585 3.0820529711031575 3
    endloop
  endfacet
  facet normal 0 0 -1
    outer loop
      vertex -2.4270509831248424 1.7633557568774194 3
      vertex -2.5496959589947585 3.0820529711031575 3
      vertex -2.186905882264235 2.0536413177860657 3
    endloop
  endfacet
  facet normal 0 0 -1
    outer loop
      vertex -2.5496959589947585 3.0820529711031575 3
      vertex -1.9122719692460688 2.311539728327368 3
      vertex -2.186905882264235 2.0536413177860657 3
    endloop
  endfacet
  facet normal 0 0 -1
    outer loop
      vertex -1.9122719692460688 2.311539728327368 3
      vertex -2.143307179915987 3.37731170200806 3
      vertex -1.6074803849369903 2.532983776506045 3
    endloop
  endfacet
  facet normal 0 0 -1
    outer loop
      vertex -2.5496959589947585 3.0820529711031575 3
      vertex -2.143307179915987 3.37731170200806 3
      vertex -1.9122719692460688 2.311539728327368 3
    endloop
  endfacet
  facet normal 0 0 -1
    outer loop
      vertex -1.6074803849369903 2.532983776506045 3
      vertex -2.143307179915987 3.37731170200806 3
      vertex -1.2773378746952182 2.7144811573980583 3
    endloop
  endfacet
  facet normal 0 0 -1
    outer loop
      vertex -1.2773378746952182 2.7144811573980583 3
      vertex -2.143307179915987 3.37731170200806 3
      vertex -1.7031171662602909 3.619308209864078 3
    endloop
  endfacet
  facet normal 0 0 -1
    outer loop
      vertex -1.2773378746952182 2.7144811573980583 3
      vertex -1.7031171662602909 3.619308209864078 3
      vertex -0.9270509831248421 2.8531695488854605 3
    endloop
  endfacet
  facet normal 0 0 -1
    outer loop
      vertex -1.7031171662602909 3.619308209864078 3
      vertex -1.2360679774997896 3.804226065180614 3
      vertex -0.9270509831248421 2.8531695488854605 3
    endloop
  endfacet
  facet normal 0 0 -1
    outer loop
      vertex -1.2360679774997896 3.804226065180614 3
      vertex -0.5621439437571737 2.946861752186066 3
      vertex -0.9270509831248421 2.8531695488854605 3
    endloop
  endfacet
  facet normal 0 0 -1
    outer loop
      vertex -1.2360679774997896 3.804226065180614 3
      vertex -0.7495252583428983 3.929149002914755 3
      vertex -0.5621439437571737 2.946861752186066 3
    endloop
  endfacet
  facet normal 0 0 -1
    outer loop
      vertex -0.5621439437571737 2.946861752186066 3
      vertex -0.7495252583428983 3.929149002914755 3
      vertex -0.18837155858793983 2.9940801852848145 3
    endloop
  endfacet
  facet normal 0 0 -1
    outer loop
      vertex -0.18837155858793983 2.9940801852848145 3
      vertex -0.2511620781172531 3.9921069137130862 3
      vertex 0.18837155858793983 2.9940801852848145 3
    endloop
  endfacet
  facet normal 0 0 -1
    outer loop
      vertex -0.18837155858793983 2.9940801852848145 3
      vertex -0.7495252583428983 3.929149002914755 3
      vertex -0.2511620781172531 3.9921069137130862 3
    endloop
  endfacet
  facet normal 0 0 -1
    outer loop
      vertex -6.196233333081999 5.818650400393852 3
      vertex -5.418103912863862 6.54936256359421 3
      vertex -4.780679923115172 5.77884932081842 3
    endloop
  endfacet
  facet normal 0 0 -1
    outer loop
      vertex -5.418103912863862 6.54936256359421 3
      vertex -4.018700962342476 6.3324594412651125 3
      vertex -4.780679923115172 5.77884932081842 3
    endloop
  endfacet
  facet normal 0 0 -1
    outer loop
      vertex -5.418103912863862 6.54936256359421 3
      vertex -4.554527757321472 7.176787366767127 3
      vertex -4.018700962342476 6.3324594412651125 3
    endloop
  endfacet
  facet normal 0 0 -1
    outer loop
      vertex -4.554527757321472 7.176787366767127 3
      vertex -3.1933446867380453 6.786202893495146 3
      vertex -4.018700962342476 6.3324594412651125 3
    endloop
  endfacet
  facet normal 0 0 -1
    outer loop
      vertex -4.554527757321472 7.176787366767127 3
      vertex -3.619123978303118 7.691029945961166 3
      vertex -3.1933446867380453 6.786202893495146 3
    endloop
  endfacet
  facet normal 0 0 -1
    outer loop
      vertex -3.619123978303118 7.691029945961166 3
      vertex -2.3176274578121054 7.132923872213651 3
      vertex -3.1933446867380453 6.786202893495146 3
    endloop
  endfacet
  facet normal 0 0 -1
    outer loop
      vertex -3.619123978303118 7.691029945961166 3
      vertex -2.626644452187053 8.083980388508804 3
      vertex -2.3176274578121054 7.132923872213651 3
    endloop
  endfacet
  facet normal 0 0 -1
    outer loop
      vertex -2.3176274578121054 7.132923872213651 3
      vertex -2.626644452187053 8.083980388508804 3
      vertex -1.4053598593929342 7.367154380465165 3
    endloop
  endfacet
  facet normal 0 0 -1
    outer loop
      vertex -2.626644452187053 8.083980388508804 3
      vertex -1.5927411739786588 8.349441631193853 3
      vertex -1.4053598593929342 7.367154380465165 3
    endloop
  endfacet
  facet normal 0 0 -1
    outer loop
      vertex -1.4053598593929342 7.367154380465165 3
      vertex -1.5927411739786588 8.349441631193853 3
      vertex -0.4709288964698496 7.485200463212037 3
    endloop
  endfacet
  facet normal 0 0 -1
    outer loop
      vertex -1.5927411739786588 8.349441631193853 3
      vertex -0.5337194159991628 8.483227191640308 3
      vertex -0.4709288964698496 7.485200463212037 3
    endloop
  endfacet
  facet normal 0 0 -1
    outer loop
      vertex -0.4709288964698496 7.485200463212037 3
      vertex -0.5337194159991628 8.483227191640308 3
      vertex 0.4709288964698496 7.485200463212037 3
    endloop
  endfacet
  facet normal 0 0 1
    outer loop
      vertex -0.533719415999167 -8.483227191640308 -3
      vertex 0.533719415999167 -8.483227191640308 -3
      vertex 0.4709288964698532 -7.485200463212037 -3
    endloop
  endfacet
  facet normal 0 0 1
    outer loop
      vertex 0.533719415999167 -8.483227191640308 -3
      vertex 1.4053598593929362 -7.3671543804651645 -3
      vertex 0.4709288964698532 -7.485200463212037 -3
    endloop
  endfacet
  facet normal 0 0 1
    outer loop
      vertex 0.533719415999167 -8.483227191640308 -3
      vertex 1.592741173978661 -8.349441631193853 -3
      vertex 1.4053598593929362 -7.3671543804651645 -3
    endloop
  endfacet
  facet normal 0 0 1
    outer loop
      vertex 1.592741173978661 -8.349441631193853 -3
      vertex 2.3176274578121054 -7.132923872213651 -3
      vertex 1.4053598593929362 -7.3671543804651645 -3
    endloop
  endfacet
  facet normal 0 0 1
    outer loop
      vertex 1.592741173978661 -8.349441631193853 -3
      vertex 2.626644452187053 -8.083980388508804 -3
      vertex 2.3176274578121054 -7.132923872213651 -3
    endloop
  endfacet
  facet normal 0 0 1
    outer loop
      vertex 2.626644452187053 -8.083980388508804 -3
      vertex 3.193344686738043 -6.786202893495147 -3
      vertex 2.3176274578121054 -7.132923872213651 -3
    endloop
  endfacet
  facet normal 0 0 1
    outer loop
      vertex 2.626644452187053 -8.083980388508804 -3
      vertex 3.619123978303116 -7.691029945961167 -3
      vertex 3.193344686738043 -6.786202893495147 -3
    endloop
  endfacet
  facet normal 0 0 1
    outer loop
      vertex 3.619123978303116 -7.691029945961167 -3
      vertex 4.554527757321468 -7.17678736676713 -3
      vertex 4.018700962342471 -6.332459441265115 -3
    endloop
  endfacet
  facet normal 0 0 1
    outer loop
      vertex 3.193344686738043 -6.786202893495147 -3
      vertex 3.619123978303116 -7.691029945961167 -3
      vertex 4.018700962342471 -6.332459441265115 -3
    endloop
  endfacet
  facet normal 0 0 1
    outer loop
      vertex 4.018700962342471 -6.332459441265115 -3
      vertex 4.554527757321468 -7.17678736676713 -3
      vertex 4.780679923115175 -5.778849320818418 -3
    endloop
  endfacet
  facet normal 0 0 1
    outer loop
      vertex 4.554527757321468 -7.17678736676713 -3
      vertex 5.418103912863865 -6.549362563594206 -3
      vertex 4.780679923115175 -5.778849320818418 -3
    endloop
  endfacet
  facet normal 0 0 1
    outer loop
      vertex 4.780679923115175 -5.778849320818418 -3
      vertex 5.418103912863865 -6.549362563594206 -3
      vertex 5.467264705660588 -5.134103294465164 -3
    endloop
  endfacet
  facet normal 0 1 0
    outer loop
      vertex -0.533719415999167 -8.483227191640308 -3
      vertex 0.533719415999167 -8.483227191640308 3
      vertex 0.533719415999167 -8.483227191640308 -3
    endloop
  endfacet
  facet normal -0.12533323356430495 0.9921147013144778 0
    outer loop
      vertex 0.533719415999167 -8.483227191640308 -3
      vertex 1.592741173978661 -8.349441631193853 3
      vertex 1.592741173978661 -8.349441631193853 -3
    endloop
  endfacet
  facet normal -0.24868988716485582 0.9685831611286309 0
    outer loop
      vertex 1.592741173978661 -8.349441631193853 -3
      vertex 2.626644452187053 -8.083980388508804 3
      vertex 2.626644452187053 -8.083980388508804 -3
    endloop
  endfacet
  facet normal -0.3681245526846769 0.9297764858882518 0
    outer loop
      vertex 2.626644452187053 -8.083980388508804 -3
      vertex 3.619123978303116 -7.691029945961167 3
      vertex 3.619123978303116 -7.691029945961167 -3
    endloop
  endfacet
  facet normal -0.4817536741017154 0.8763066800438635 0
    outer loop
      vertex 3.619123978303116 -7.691029945961167 -3
      vertex 4.554527757321468 -7.17678736676713 3
      vertex 4.554527757321468 -7.17678736676713 -3
    endloop
  endfacet
  facet normal -0.5877852522924729 0.8090169943749477 0
    outer loop
      vertex 4.554527757321468 -7.17678736676713 -3
      vertex 5.418103912863865 -6.549362563594206 3
      vertex 5.418103912863865 -6.549362563594206 -3
    endloop
  endfacet
  facet normal 0 0 1
    outer loop
      vertex -0.25116207811725505 -3.9921069137130862 -3
      vertex 0.25116207811725505 -3.9921069137130862 -3
      vertex 0.1883715585879413 -2.9940801852848145 -3
    endloop
  endfacet
  facet normal 0 0 1
    outer loop
      vertex 0.25116207811725505 -3.9921069137130862 -3
      vertex 0.7495252583428993 -3.9291490029147544 -3
      vertex 0.5621439437571745 -2.9468617521860656 -3
    endloop
  endfacet
  facet normal 0 0 1
    outer loop
      vertex 0.25116207811725505 -3.9921069137130862 -3
      vertex 0.5621439437571745 -2.9468617521860656 -3
      vertex 0.1883715585879413 -2.9940801852848145 -3
    endloop
  endfacet
  facet normal 0 0 1
    outer loop
      vertex 0.7495252583428993 -3.9291490029147544 -3
      vertex 1.2360679774997896 -3.804226065180614 -3
      vertex 0.9270509831248421 -2.8531695488854605 -3
    endloop
  endfacet
  facet normal 0 0 1
    outer loop
      vertex 0.7495252583428993 -3.9291490029147544 -3
      vertex 0.9270509831248421 -2.8531695488854605 -3
      vertex 0.5621439437571745 -2.9468617521860656 -3
    endloop
  endfacet
  facet normal 0 0 1
    outer loop
      vertex 0.9270509831248421 -2.8531695488854605 -3
      vertex 1.2360679774997896 -3.804226065180614 -3
      vertex 1.2773378746952173 -2.7144811573980587 -3
    endloop
  endfacet
  facet normal 0 0 1
    outer loop
      vertex 1.2360679774997896 -3.804226065180614 -3
      vertex 1.6074803849369887 -2.532983776506046 -3
      vertex 1.2773378746952173 -2.7144811573980587 -3
    endloop
  endfacet
  facet normal 0 0 1
    outer loop
      vertex 1.2360679774997896 -3.804226065180614 -3
      vertex 1.7031171662602897 -3.6193082098640783 -3
      vertex 1.6074803849369887 -2.532983776506046 -3
    endloop
  endfacet
  facet normal 0 0 1
    outer loop
      vertex 1.7031171662602897 -3.6193082098640783 -3
      vertex 1.91227196924607 -2.311539728327367 -3
      vertex 1.6074803849369887 -2.532983776506046 -3
    endloop
  endfacet
  facet normal 0 0 1
    outer loop
      vertex 1.7031171662602897 -3.6193082098640783 -3
      vertex 2.143307179915985 -3.377311702008061 -3
      vertex 2.186905882264235 -2.0536413177860657 -3
    endloop
  endfacet
  facet normal 0 0 1
    outer loop
      vertex 1.7031171662602897 -3.6193082098640783 -3
      vertex 2.186905882264235 -2.0536413177860657 -3
      vertex 1.91227196924607 -2.311539728327367 -3
    endloop
  endfacet
  facet normal 0 0 1
    outer loop
      vertex 2.143307179915985 -3.377311702008061 -3
      vertex 2.54969595899476 -3.082052971103156 -3
      vertex 2.4270509831248424 -1.7633557568774194 -3
    endloop
  endfacet
  facet normal 0 0 1
    outer loop
      vertex 2.143307179915985 -3.377311702008061 -3
      vertex 2.4270509831248424 -1.7633557568774194 -3
      vertex 2.186905882264235 -2.0536413177860657 -3
    endloop
  endfacet
  facet normal 0 0 1
    outer loop
      vertex 2.54969595899476 -3.082052971103156 -3
      vertex 2.6289200401315904 -1.445261022305146 -3
      vertex 2.4270509831248424 -1.7633557568774194 -3
    endloop
  endfacet
  facet normal 0 0 1
    outer loop
      vertex 2.54969595899476 -3.082052971103156 -3
      vertex 2.7893294576647536 -1.104373658054035 -3
      vertex 2.6289200401315904 -1.445261022305146 -3
    endloop
  endfacet
  facet normal 0 0 1
    outer loop
      vertex 2.54969595899476 -3.082052971103156 -3
      vertex 2.9057494833858937 -0.7460696614945633 -3
      vertex 2.7893294576647536 -1.104373658054035 -3
    endloop
  endfacet
  facet normal 0 0 1
    outer loop
      vertex 2.54969595899476 -3.082052971103156 -3
      vertex 2.9763441039434335 -0.3759997006929122 -3
      vertex 2.9057494833858937 -0.7460696614945633 -3
    endloop
  endfacet
  facet normal 0 0 1
    outer loop
      vertex 2.54969595899476 -3.082052971103156 -3
      vertex 2.9158745096856467 -2.738188423714754 -3
      vertex 2.9763441039434335 -0.3759997006929122 -3
    endloop
  endfacet
  facet normal 0 0 1
    outer loop
      vertex 2.9158745096856467 -2.738188423714754 -3
      vertex 3 0 -3
      vertex 2.9763441039434335 -0.3759997006929122 -3
    endloop
  endfacet
  facet normal 0 0 1
    outer loop
      vertex 2.9158745096856467 -2.738188423714754 -3
      vertex 3.23606797749979 -2.3511410091698925 -3
      vertex 3.5052267201754543 1.9270146964068613 -3
    endloop
  endfacet
  facet normal 0 0 1
    outer loop
      vertex 3.23606797749979 -2.3511410091698925 -3
      vertex 3.505226720175454 -1.9270146964068615 -3
      vertex 3.5052267201754543 1.9270146964068613 -3
    endloop
  endfacet
  facet normal 0 0 1
    outer loop
      vertex 2.9158745096856467 -2.738188423714754 -3
      vertex 3.5052267201754543 1.9270146964068613 -3
      vertex 3 0 -3
    endloop
  endfacet
  facet normal 0 0 1
    outer loop
      vertex 3.505226720175454 -1.9270146964068615 -3
      vertex 3.719105943553005 -1.4724982107387135 -3
      vertex 3.7191059435530054 1.472498210738712 -3
    endloop
  endfacet
  facet normal 0 0 1
    outer loop
      vertex 3.719105943553005 -1.4724982107387135 -3
      vertex 3.8743326445145247 -0.9947595486594177 -3
      vertex 3.8743326445145243 0.9947595486594192 -3
    endloop
  endfacet
  facet normal 0 0 1
    outer loop
      vertex 3.8743326445145247 -0.9947595486594177 -3
      vertex 3.9684588052579115 -0.5013329342572163 -3
      vertex 3.9684588052579115 0.501332934257217 -3
    endloop
  endfacet
  facet normal -0.6845471059286892 0.7289686274214112 0
    outer loop
      vertex 5.418103912863865 -6.549362563594206 -3
      vertex 6.196233333081999 -5.818650400393852 3
      vertex 6.196233333081999 -5.818650400393852 -3
    endloop
  endfacet
  facet normal 0 0 1
    outer loop
      vertex 5.418103912863865 -6.549362563594206 -3
      vertex 6.067627457812106 -4.408389392193548 -3
      vertex 5.467264705660588 -5.134103294465164 -3
    endloop
  endfacet
  facet normal 0 0 1
    outer loop
      vertex 5.418103912863865 -6.549362563594206 -3
      vertex 6.196233333081999 -5.818650400393852 -3
      vertex 6.067627457812106 -4.408389392193548 -3
    endloop
  endfacet
  facet normal 0 0 1
    outer loop
      vertex 6.196233333081999 -5.818650400393852 -3
      vertex 6.572300100328976 -3.6131525557628654 -3
      vertex 6.067627457812106 -4.408389392193548 -3
    endloop
  endfacet
  facet normal 0 0 1
    outer loop
      vertex 6.196233333081999 -5.818650400393852 -3
      vertex 6.876644452187053 -4.996174644486022 -3
      vertex 6.572300100328976 -3.6131525557628654 -3
    endloop
  endfacet
  facet normal 0 0 1
    outer loop
      vertex 6.876644452187053 -4.996174644486022 -3
      vertex 6.973323644161884 -2.7609341451350877 -3
      vertex 6.572300100328976 -3.6131525557628654 -3
    endloop
  endfacet
  facet normal 0 0 1
    outer loop
      vertex 6.876644452187053 -4.996174644486022 -3
      vertex 7.44860678037284 -4.094906229864581 -3
      vertex 7.264373708464734 -1.8651741537364082 -3
    endloop
  endfacet
  facet normal 0 0 1
    outer loop
      vertex 6.876644452187053 -4.996174644486022 -3
      vertex 7.264373708464734 -1.8651741537364082 -3
      vertex 6.973323644161884 -2.7609341451350877 -3
    endloop
  endfacet
  facet normal 0 0 1
    outer loop
      vertex 7.44860678037284 -4.094906229864581 -3
      vertex 7.440860259858584 -0.9399992517322805 -3
      vertex 7.264373708464734 -1.8651741537364082 -3
    endloop
  endfacet
  facet normal 0 0 1
    outer loop
      vertex 7.44860678037284 -4.094906229864581 -3
      vertex 7.5 0 -3
      vertex 7.440860259858584 -0.9399992517322805 -3
    endloop
  endfacet
  facet normal 0 0 1
    outer loop
      vertex 7.44860678037284 -4.094906229864581 -3
      vertex 7.903100130050136 3.129058697819763 -3
      vertex 7.5 0 -3
    endloop
  endfacet
  facet normal 0 0 1
    outer loop
      vertex 7.44860678037284 -4.094906229864581 -3
      vertex 7.903100130050135 -3.129058697819766 -3
      vertex 7.903100130050136 3.129058697819763 -3
    endloop
  endfacet
  facet normal 0 0 1
    outer loop
      vertex 7.903100130050135 -3.129058697819766 -3
      vertex 8.232956869593366 -2.113864040901263 -3
      vertex 8.232956869593364 2.113864040901266 -3
    endloop
  endfacet
  facet normal 0 0 1
    outer loop
      vertex 8.232956869593366 -2.113864040901263 -3
      vertex 8.432974961173063 -1.0653324852965846 -3
      vertex 8.432974961173063 1.0653324852965862 -3
    endloop
  endfacet
  facet normal -0.770513242775789 0.63742398974869 0
    outer loop
      vertex 6.196233333081999 -5.818650400393852 -3
      vertex 6.196233333081999 -5.818650400393852 3
      vertex 6.876644452187053 -4.996174644486022 -3
    endloop
  endfacet
  facet normal -0.8443279255020151 0.5358267949789967 0
    outer loop
      vertex 6.876644452187053 -4.996174644486022 -3
      vertex 6.876644452187053 -4.996174644486022 3
      vertex 7.44860678037284 -4.094906229864581 -3
    endloop
  endfacet
  facet normal -0.9048270524660195 0.42577929156507277 0
    outer loop
      vertex 7.44860678037284 -4.094906229864581 -3
      vertex 7.44860678037284 -4.094906229864581 3
      vertex 7.903100130050135 -3.129058697819766 -3
    endloop
  endfacet
  facet normal -0.9510565162951532 0.3090169943749482 0
    outer loop
      vertex 7.903100130050135 -3.129058697819766 -3
      vertex 7.903100130050135 -3.129058697819766 3
      vertex 8.232956869593366 -2.113864040901263 -3
    endloop
  endfacet
  facet normal -0.9822872507286887 0.18738131458572463 0
    outer loop
      vertex 8.232956869593366 -2.113864040901263 -3
      vertex 8.232956869593366 -2.113864040901263 3
      vertex 8.432974961173063 -1.0653324852965846 -3
    endloop
  endfacet
  facet normal -0.9980267284282717 0.06279051952931244 0
    outer loop
      vertex 8.432974961173063 -1.0653324852965846 -3
      vertex 8.432974961173063 -1.0653324852965846 3
      vertex 8.5 0 -3
    endloop
  endfacet
  facet normal -0.12533323356430495 0.9921147013144778 0
    outer loop
      vertex 0.533719415999167 -8.483227191640308 -3
      vertex 0.533719415999167 -8.483227191640308 3
      vertex 1.592741173978661 -8.349441631193853 3
    endloop
  endfacet
  facet normal -0.24868988716485582 0.9685831611286309 0
    outer loop
      vertex 1.592741173978661 -8.349441631193853 -3
      vertex 1.592741173978661 -8.349441631193853 3
      vertex 2.626644452187053 -8.083980388508804 3
    endloop
  endfacet
  facet normal -0.3681245526846769 0.9297764858882518 0
    outer loop
      vertex 2.626644452187053 -8.083980388508804 -3
      vertex 2.626644452187053 -8.083980388508804 3
      vertex 3.619123978303116 -7.691029945961167 3
    endloop
  endfacet
  facet normal -0.4817536741017154 0.8763066800438635 0
    outer loop
      vertex 3.619123978303116 -7.691029945961167 -3
      vertex 3.619123978303116 -7.691029945961167 3
      vertex 4.554527757321468 -7.17678736676713 3
    endloop
  endfacet
  facet normal -0.5877852522924729 0.8090169943749477 0
    outer loop
      vertex 4.554527757321468 -7.17678736676713 -3
      vertex 4.554527757321468 -7.17678736676713 3
      vertex 5.418103912863865 -6.549362563594206 3
    endloop
  endfacet
  facet normal -0.6845471059286892 0.7289686274214112 0
    outer loop
      vertex 5.418103912863865 -6.549362563594206 -3
      vertex 5.418103912863865 -6.549362563594206 3
      vertex 6.196233333081999 -5.818650400393852 3
    endloop
  endfacet
  facet normal -0.770513242775789 0.63742398974869 0
    outer loop
      vertex 6.876644452187053 -4.996174644486022 -3
      vertex 6.196233333081999 -5.818650400393852 3
      vertex 6.876644452187053 -4.996174644486022 3
    endloop
  endfacet
  facet normal -0.8443279255020151 0.5358267949789967 0
    outer loop
      vertex 7.44860678037284 -4.094906229864581 -3
      vertex 6.876644452187053 -4.996174644486022 3
      vertex 7.44860678037284 -4.094906229864581 3
    endloop
  endfacet
  facet normal -0.9048270524660195 0.42577929156507277 0
    outer loop
      vertex 7.903100130050135 -3.129058697819766 -3
      vertex 7.44860678037284 -4.094906229864581 3
      vertex 7.903100130050135 -3.129058697819766 3
    endloop
  endfacet
  facet normal -0.9510565162951532 0.3090169943749482 0
    outer loop
      vertex 8.232956869593366 -2.113864040901263 -3
      vertex 7.903100130050135 -3.129058697819766 3
      vertex 8.232956869593366 -2.113864040901263 3
    endloop
  endfacet
  facet normal -0.9822872507286887 0.18738131458572463 0
    outer loop
      vertex 8.432974961173063 -1.0653324852965846 -3
      vertex 8.232956869593366 -2.113864040901263 3
      vertex 8.432974961173063 -1.0653324852965846 3
    endloop
  endfacet
  facet normal -0.9980267284282717 0.06279051952931244 0
    outer loop
      vertex 8.432974961173063 -1.0653324852965846 3
      vertex 8.5 0 3
      vertex 8.5 0 -3
    endloop
  endfacet
  facet normal 0 0 -1
    outer loop
      vertex -0.4709288964698532 -7.485200463212037 3
      vertex 0.4709288964698532 -7.485200463212037 3
      vertex 0.533719415999167 -8.483227191640308 3
    endloop
  endfacet
  facet normal 0 0 -1
    outer loop
      vertex 0.533719415999167 -8.483227191640308 3
      vertex 0.4709288964698532 -7.485200463212037 3
      vertex 1.592741173978661 -8.349441631193853 3
    endloop
  endfacet
  facet normal 0 0 -1
    outer loop
      vertex 0.4709288964698532 -7.485200463212037 3
      vertex 1.4053598593929362 -7.3671543804651645 3
      vertex 1.592741173978661 -8.349441631193853 3
    endloop
  endfacet
  facet normal 0 0 -1
    outer loop
      vertex 1.592741173978661 -8.349441631193853 3
      vertex 1.4053598593929362 -7.3671543804651645 3
      vertex 2.626644452187053 -8.083980388508804 3
    endloop
  endfacet
  facet normal 0 0 -1
    outer loop
      vertex 1.4053598593929362 -7.3671543804651645 3
      vertex 2.3176274578121054 -7.132923872213651 3
      vertex 2.626644452187053 -8.083980388508804 3
    endloop
  endfacet
  facet normal 0 0 -1
    outer loop
      vertex 2.626644452187053 -8.083980388508804 3
      vertex 2.3176274578121054 -7.132923872213651 3
      vertex 3.619123978303116 -7.691029945961167 3
    endloop
  endfacet
  facet normal 0 0 -1
    outer loop
      vertex 2.3176274578121054 -7.132923872213651 3
      vertex 3.193344686738043 -6.786202893495147 3
      vertex 3.619123978303116 -7.691029945961167 3
    endloop
  endfacet
  facet normal 0 0 -1
    outer loop
      vertex 3.193344686738043 -6.786202893495147 3
      vertex 4.554527757321468 -7.17678736676713 3
      vertex 3.619123978303116 -7.691029945961167 3
    endloop
  endfacet
  facet normal 0 0 -1
    outer loop
      vertex 3.193344686738043 -6.786202893495147 3
      vertex 4.018700962342471 -6.332459441265115 3
      vertex 4.554527757321468 -7.17678736676713 3
    endloop
  endfacet
  facet normal 0 0 -1
    outer loop
      vertex 4.018700962342471 -6.332459441265115 3
      vertex 5.418103912863865 -6.549362563594206 3
      vertex 4.554527757321468 -7.17678736676713 3
    endloop
  endfacet
  facet normal 0 0 -1
    outer loop
      vertex 4.018700962342471 -6.332459441265115 3
      vertex 4.780679923115175 -5.778849320818418 3
      vertex 5.418103912863865 -6.549362563594206 3
    endloop
  endfacet
  facet normal 0 0 -1
    outer loop
      vertex 4.780679923115175 -5.778849320818418 3
      vertex 6.196233333081999 -5.818650400393852 3
      vertex 5.418103912863865 -6.549362563594206 3
    endloop
  endfacet
  facet normal 0 0 -1
    outer loop
      vertex 0.25116207811725505 -3.9921069137130862 3
      vertex 0.1883715585879413 -2.9940801852848145 3
      vertex 0.7495252583428993 -3.9291490029147544 3
    endloop
  endfacet
  facet normal 0 0 -1
    outer loop
      vertex -0.1883715585879413 -2.9940801852848145 3
      vertex 0.1883715585879413 -2.9940801852848145 3
      vertex 0.25116207811725505 -3.9921069137130862 3
    endloop
  endfacet
  facet normal 0 0 -1
    outer loop
      vertex 0.7495252583428993 -3.9291490029147544 3
      vertex 0.1883715585879413 -2.9940801852848145 3
      vertex 0.5621439437571745 -2.9468617521860656 3
    endloop
  endfacet
  facet normal 0 0 -1
    outer loop
      vertex 0.7495252583428993 -3.9291490029147544 3
      vertex 0.5621439437571745 -2.9468617521860656 3
      vertex 1.2360679774997896 -3.804226065180614 3
    endloop
  endfacet
  facet normal 0 0 -1
    outer loop
      vertex 0.5621439437571745 -2.9468617521860656 3
      vertex 0.9270509831248421 -2.8531695488854605 3
      vertex 1.2360679774997896 -3.804226065180614 3
    endloop
  endfacet
  facet normal 0 0 -1
    outer loop
      vertex 0.9270509831248421 -2.8531695488854605 3
      vertex 1.7031171662602897 -3.6193082098640783 3
      vertex 1.2360679774997896 -3.804226065180614 3
    endloop
  endfacet
  facet normal 0 0 -1
    outer loop
      vertex 0.9270509831248421 -2.8531695488854605 3
      vertex 1.2773378746952173 -2.7144811573980587 3
      vertex 1.7031171662602897 -3.6193082098640783 3
    endloop
  endfacet
  facet normal 0 0 -1
    outer loop
      vertex 1.7031171662602897 -3.6193082098640783 3
      vertex 1.2773378746952173 -2.7144811573980587 3
      vertex 2.143307179915985 -3.377311702008061 3
    endloop
  endfacet
  facet normal 0 0 -1
    outer loop
      vertex 2.143307179915985 -3.377311702008061 3
      vertex 1.2773378746952173 -2.7144811573980587 3
      vertex 1.6074803849369887 -2.532983776506046 3
    endloop
  endfacet
  facet normal 0 0 -1
    outer loop
      vertex 2.143307179915985 -3.377311702008061 3
      vertex 1.91227196924607 -2.311539728327367 3
      vertex 2.54969595899476 -3.082052971103156 3
    endloop
  endfacet
  facet normal 0 0 -1
    outer loop
      vertex 2.143307179915985 -3.377311702008061 3
      vertex 1.6074803849369887 -2.532983776506046 3
      vertex 1.91227196924607 -2.311539728327367 3
    endloop
  endfacet
  facet normal 0 0 -1
    outer loop
      vertex 1.91227196924607 -2.311539728327367 3
      vertex 2.186905882264235 -2.0536413177860657 3
      vertex 2.54969595899476 -3.082052971103156 3
    endloop
  endfacet
  facet normal 0 0 -1
    outer loop
      vertex 2.186905882264235 -2.0536413177860657 3
      vertex 2.4270509831248424 -1.7633557568774194 3
      vertex 2.54969595899476 -3.082052971103156 3
    endloop
  endfacet
  facet normal 0 0 -1
    outer loop
      vertex 2.54969595899476 -3.082052971103156 3
      vertex 2.4270509831248424 -1.7633557568774194 3
      vertex 2.9158745096856467 -2.738188423714754 3
    endloop
  endfacet
  facet normal 0 0 -1
    outer loop
      vertex 2.9158745096856467 -2.738188423714754 3
      vertex 2.4270509831248424 -1.7633557568774194 3
      vertex 2.6289200401315904 -1.445261022305146 3
    endloop
  endfacet
  facet normal 0 0 -1
    outer loop
      vertex 4.780679923115175 -5.778849320818418 3
      vertex 5.467264705660588 -5.134103294465164 3
      vertex 6.196233333081999 -5.818650400393852 3
    endloop
  endfacet
  facet normal 0 0 -1
    outer loop
      vertex 2.9158745096856467 -2.738188423714754 3
      vertex 2.6289200401315904 -1.445261022305146 3
      vertex 3.23606797749979 -2.3511410091698925 3
    endloop
  endfacet
  facet normal 0 0 -1
    outer loop
      vertex 3.23606797749979 -2.3511410091698925 3
      vertex 2.6289200401315904 -1.445261022305146 3
      vertex 2.7893294576647536 -1.104373658054035 3
    endloop
  endfacet
  facet normal 0 0 -1
    outer loop
      vertex 3.23606797749979 -2.3511410091698925 3
      vertex 3 0 3
      vertex 3.505226720175454 -1.9270146964068615 3
    endloop
  endfacet
  facet normal 0 0 -1
    outer loop
      vertex 3.23606797749979 -2.3511410091698925 3
      vertex 2.7893294576647536 -1.104373658054035 3
      vertex 2.9057494833858937 -0.7460696614945633 3
    endloop
  endfacet
  facet normal 0 0 -1
    outer loop
      vertex 3.23606797749979 -2.3511410091698925 3
      vertex 2.9057494833858937 -0.7460696614945633 3
      vertex 2.9763441039434335 -0.3759997006929122 3
    endloop
  endfacet
  facet normal 0 0 -1
    outer loop
      vertex 3.23606797749979 -2.3511410091698925 3
      vertex 2.9763441039434335 -0.3759997006929122 3
      vertex 3 0 3
    endloop
  endfacet
  facet normal 0 0 -1
    outer loop
      vertex 3.505226720175454 -1.9270146964068615 3
      vertex 3.5052267201754543 1.9270146964068613 3
      vertex 3.719105943553005 -1.4724982107387135 3
    endloop
  endfacet
  facet normal 0 0 -1
    outer loop
      vertex 3.719105943553005 -1.4724982107387135 3
      vertex 3.7191059435530054 1.472498210738712 3
      vertex 3.8743326445145247 -0.9947595486594177 3
    endloop
  endfacet
  facet normal 0 0 -1
    outer loop
      vertex 3.8743326445145247 -0.9947595486594177 3
      vertex 3.8743326445145243 0.9947595486594192 3
      vertex 3.9684588052579115 -0.5013329342572163 3
    endloop
  endfacet
  facet normal 0 0 -1
    outer loop
      vertex 5.467264705660588 -5.134103294465164 3
      vertex 6.067627457812106 -4.408389392193548 3
      vertex 6.196233333081999 -5.818650400393852 3
    endloop
  endfacet
  facet normal 0 0 -1
    outer loop
      vertex 6.196233333081999 -5.818650400393852 3
      vertex 6.067627457812106 -4.408389392193548 3
      vertex 6.876644452187053 -4.996174644486022 3
    endloop
  endfacet
  facet normal 0 0 -1
    outer loop
      vertex 6.876644452187053 -4.996174644486022 3
      vertex 6.067627457812106 -4.408389392193548 3
      vertex 6.572300100328976 -3.6131525557628654 3
    endloop
  endfacet
  facet normal 0 0 -1
    outer loop
      vertex 6.876644452187053 -4.996174644486022 3
      vertex 6.572300100328976 -3.6131525557628654 3
      vertex 7.44860678037284 -4.094906229864581 3
    endloop
  endfacet
  facet normal 0 0 -1
    outer loop
      vertex 6.572300100328976 -3.6131525557628654 3
      vertex 6.973323644161884 -2.7609341451350877 3
      vertex 7.44860678037284 -4.094906229864581 3
    endloop
  endfacet
  facet normal 0 0 -1
    outer loop
      vertex 7.44860678037284 -4.094906229864581 3
      vertex 6.973323644161884 -2.7609341451350877 3
      vertex 7.264373708464734 -1.8651741537364082 3
    endloop
  endfacet
  facet normal 0 0 -1
    outer loop
      vertex 7.44860678037284 -4.094906229864581 3
      vertex 7.440860259858584 -0.9399992517322805 3
      vertex 7.903100130050135 -3.129058697819766 3
    endloop
  endfacet
  facet normal 0 0 -1
    outer loop
      vertex 7.44860678037284 -4.094906229864581 3
      vertex 7.264373708464734 -1.8651741537364082 3
      vertex 7.440860259858584 -0.9399992517322805 3
    endloop
  endfacet
  facet normal 0 0 -1
    outer loop
      vertex 7.903100130050135 -3.129058697819766 3
      vertex 7.440860259858584 -0.9399992517322805 3
      vertex 7.5 0 3
    endloop
  endfacet
  facet normal 0 0 -1
    outer loop
      vertex 7.903100130050135 -3.129058697819766 3
      vertex 7.903100130050136 3.129058697819763 3
      vertex 8.232956869593366 -2.113864040901263 3
    endloop
  endfacet
  facet normal 0 0 -1
    outer loop
      vertex 8.232956869593366 -2.113864040901263 3
      vertex 8.232956869593364 2.113864040901266 3
      vertex 8.432974961173063 -1.0653324852965846 3
    endloop
  endfacet
  facet normal 0 0 1
    outer loop
      vertex 1.60748038493699 2.532983776506045 -3
      vertex 1.9122719692460692 2.3115397283273675 -3
      vertex 2.1433071799159866 3.3773117020080603 -3
    endloop
  endfacet
  facet normal 0 0 1
    outer loop
      vertex 2.628920040131591 1.445261022305146 -3
      vertex 2.915874509685646 2.738188423714755 -3
      vertex 2.4270509831248424 1.7633557568774194 -3
    endloop
  endfacet
  facet normal 0 0 1
    outer loop
      vertex 2.1869058822642344 2.053641317786066 -3
      vertex 2.4270509831248424 1.7633557568774194 -3
      vertex 2.549695958994759 3.0820529711031566 -3
    endloop
  endfacet
  facet normal 0 0 1
    outer loop
      vertex 2.1869058822642344 2.053641317786066 -3
      vertex 2.549695958994759 3.0820529711031566 -3
      vertex 1.9122719692460692 2.3115397283273675 -3
    endloop
  endfacet
  facet normal 0 0 1
    outer loop
      vertex 2.4270509831248424 1.7633557568774194 -3
      vertex 2.915874509685646 2.738188423714755 -3
      vertex 2.549695958994759 3.0820529711031566 -3
    endloop
  endfacet
  facet normal 0 0 1
    outer loop
      vertex -0.18837155858793983 2.9940801852848145 -3
      vertex 0.18837155858793983 2.9940801852848145 -3
      vertex 0.2511620781172531 3.9921069137130862 -3
    endloop
  endfacet
  facet normal 0 0 1
    outer loop
      vertex 0.18837155858793983 2.9940801852848145 -3
      vertex 0.5621439437571737 2.946861752186066 -3
      vertex 0.7495252583428983 3.929149002914755 -3
    endloop
  endfacet
  facet normal 0 0 1
    outer loop
      vertex 0.18837155858793983 2.9940801852848145 -3
      vertex 0.7495252583428983 3.929149002914755 -3
      vertex 0.2511620781172531 3.9921069137130862 -3
    endloop
  endfacet
  facet normal 0 0 1
    outer loop
      vertex 0.5621439437571737 2.946861752186066 -3
      vertex 0.9270509831248421 2.8531695488854605 -3
      vertex 1.2360679774997896 3.804226065180614 -3
    endloop
  endfacet
  facet normal 0 0 1
    outer loop
      vertex 0.9270509831248421 2.8531695488854605 -3
      vertex 1.2773378746952182 2.7144811573980583 -3
      vertex 1.7031171662602909 3.619308209864078 -3
    endloop
  endfacet
  facet normal 0 0 1
    outer loop
      vertex 0.9270509831248421 2.8531695488854605 -3
      vertex 1.7031171662602909 3.619308209864078 -3
      vertex 1.2360679774997896 3.804226065180614 -3
    endloop
  endfacet
  facet normal 0 0 1
    outer loop
      vertex 0.5621439437571737 2.946861752186066 -3
      vertex 1.2360679774997896 3.804226065180614 -3
      vertex 0.7495252583428983 3.929149002914755 -3
    endloop
  endfacet
  facet normal 0 0 1
    outer loop
      vertex 1.2773378746952182 2.7144811573980583 -3
      vertex 1.60748038493699 2.532983776506045 -3
      vertex 2.1433071799159866 3.3773117020080603 -3
    endloop
  endfacet
  facet normal 0 0 1
    outer loop
      vertex 1.2773378746952182 2.7144811573980583 -3
      vertex 2.1433071799159866 3.3773117020080603 -3
      vertex 1.7031171662602909 3.619308209864078 -3
    endloop
  endfacet
  facet normal 0 0 1
    outer loop
      vertex 1.9122719692460692 2.3115397283273675 -3
      vertex 2.549695958994759 3.0820529711031566 -3
      vertex 2.1433071799159866 3.3773117020080603 -3
    endloop
  endfacet
  facet normal 0 0 1
    outer loop
      vertex 3 0 -3
      vertex 3.23606797749979 2.3511410091698925 -3
      vertex 2.9763441039434335 0.3759997006929128 -3
    endloop
  endfacet
  facet normal 0 0 1
    outer loop
      vertex 2.789329457664754 1.104373658054034 -3
      vertex 2.9057494833858932 0.7460696614945643 -3
      vertex 3.23606797749979 2.3511410091698925 -3
    endloop
  endfacet
  facet normal 0 0 1
    outer loop
      vertex 2.9763441039434335 0.3759997006929128 -3
      vertex 3.23606797749979 2.3511410091698925 -3
      vertex 2.9057494833858932 0.7460696614945643 -3
    endloop
  endfacet
  facet normal 0 0 1
    outer loop
      vertex 3.719105943553005 -1.4724982107387135 -3
      vertex 3.8743326445145243 0.9947595486594192 -3
      vertex 3.7191059435530054 1.472498210738712 -3
    endloop
  endfacet
  facet normal 0 0 1
    outer loop
      vertex 3.505226720175454 -1.9270146964068615 -3
      vertex 3.7191059435530054 1.472498210738712 -3
      vertex 3.5052267201754543 1.9270146964068613 -3
    endloop
  endfacet
  facet normal 0 0 1
    outer loop
      vertex 3.8743326445145247 -0.9947595486594177 -3
      vertex 3.9684588052579115 0.501332934257217 -3
      vertex 3.8743326445145243 0.9947595486594192 -3
    endloop
  endfacet
  facet normal 0 0 1
    outer loop
      vertex 3.9684588052579115 -0.5013329342572163 -3
      vertex 4 0 -3
      vertex 3.9684588052579115 0.501332934257217 -3
    endloop
  endfacet
  facet normal 0 0 1
    outer loop
      vertex 2.789329457664754 1.104373658054034 -3
      vertex 3.23606797749979 2.3511410091698925 -3
      vertex 2.628920040131591 1.445261022305146 -3
    endloop
  endfacet
  facet normal 0 0 1
    outer loop
      vertex 3 0 -3
      vertex 3.5052267201754543 1.9270146964068613 -3
      vertex 3.23606797749979 2.3511410091698925 -3
    endloop
  endfacet
  facet normal 0 0 1
    outer loop
      vertex 2.628920040131591 1.445261022305146 -3
      vertex 3.23606797749979 2.3511410091698925 -3
      vertex 2.915874509685646 2.738188423714755 -3
    endloop
  endfacet
  facet normal 0 0 1
    outer loop
      vertex 5.467264705660587 5.134103294465166 -3
      vertex 6.196233333081998 5.818650400393854 -3
      vertex 4.780679923115173 5.778849320818418 -3
    endloop
  endfacet
  facet normal 0 0 1
    outer loop
      vertex -0.4709288964698496 7.485200463212037 -3
      vertex 0.4709288964698496 7.485200463212037 -3
      vertex 0.5337194159991628 8.483227191640308 -3
    endloop
  endfacet
  facet normal 0 0 1
    outer loop
      vertex 0.4709288964698496 7.485200463212037 -3
      vertex 1.5927411739786588 8.349441631193853 -3
      vertex 0.5337194159991628 8.483227191640308 -3
    endloop
  endfacet
  facet normal 0 0 1
    outer loop
      vertex 0.4709288964698496 7.485200463212037 -3
      vertex 1.4053598593929342 7.367154380465165 -3
      vertex 1.5927411739786588 8.349441631193853 -3
    endloop
  endfacet
  facet normal 0 0 1
    outer loop
      vertex 1.4053598593929342 7.367154380465165 -3
      vertex 2.626644452187053 8.083980388508804 -3
      vertex 1.5927411739786588 8.349441631193853 -3
    endloop
  endfacet
  facet normal 0 0 1
    outer loop
      vertex 1.4053598593929342 7.367154380465165 -3
      vertex 2.3176274578121054 7.132923872213651 -3
      vertex 2.626644452187053 8.083980388508804 -3
    endloop
  endfacet
  facet normal 0 0 1
    outer loop
      vertex 4.018700962342475 6.332459441265113 -3
      vertex 4.5545277573214715 7.176787366767128 -3
      vertex 3.1933446867380453 6.786202893495146 -3
    endloop
  endfacet
  facet normal 0 0 1
    outer loop
      vertex 2.3176274578121054 7.132923872213651 -3
      vertex 3.1933446867380453 6.786202893495146 -3
      vertex 3.619123978303118 7.691029945961166 -3
    endloop
  endfacet
  facet normal 0 0 1
    outer loop
      vertex 2.3176274578121054 7.132923872213651 -3
      vertex 3.619123978303118 7.691029945961166 -3
      vertex 2.626644452187053 8.083980388508804 -3
    endloop
  endfacet
  facet normal 0 0 1
    outer loop
      vertex 3.1933446867380453 6.786202893495146 -3
      vertex 4.5545277573214715 7.176787366767128 -3
      vertex 3.619123978303118 7.691029945961166 -3
    endloop
  endfacet
  facet normal 0 0 1
    outer loop
      vertex 4.018700962342475 6.332459441265113 -3
      vertex 4.780679923115173 5.778849320818418 -3
      vertex 5.418103912863863 6.549362563594208 -3
    endloop
  endfacet
  facet normal 0 0 1
    outer loop
      vertex 4.018700962342475 6.332459441265113 -3
      vertex 5.418103912863863 6.549362563594208 -3
      vertex 4.5545277573214715 7.176787366767128 -3
    endloop
  endfacet
  facet normal 0 0 1
    outer loop
      vertex 4.780679923115173 5.778849320818418 -3
      vertex 6.196233333081998 5.818650400393854 -3
      vertex 5.418103912863863 6.549362563594208 -3
    endloop
  endfacet
  facet normal -0.24868988716485532 -0.9685831611286311 0
    outer loop
      vertex 1.5927411739786588 8.349441631193853 -3
      vertex 2.626644452187053 8.083980388508804 -3
      vertex 1.5927411739786588 8.349441631193853 3
    endloop
  endfacet
  facet normal -0.12533323356430473 -0.9921147013144778 0
    outer loop
      vertex 0.5337194159991628 8.483227191640308 -3
      vertex 1.5927411739786588 8.349441631193853 -3
      vertex 0.5337194159991628 8.483227191640308 3
    endloop
  endfacet
  facet normal -0.3681245526846769 -0.9297764858882518 0
    outer loop
      vertex 2.626644452187053 8.083980388508804 -3
      vertex 3.619123978303118 7.691029945961166 -3
      vertex 2.626644452187053 8.083980388508804 3
    endloop
  endfacet
  facet normal -0.48175367410171555 -0.8763066800438635 0
    outer loop
      vertex 3.619123978303118 7.691029945961166 -3
      vertex 4.5545277573214715 7.176787366767128 -3
      vertex 3.619123978303118 7.691029945961166 3
    endloop
  endfacet
  facet normal -0.587785252292473 -0.8090169943749475 0
    outer loop
      vertex 5.418103912863863 6.549362563594208 -3
      vertex 4.5545277573214715 7.176787366767128 3
      vertex 4.5545277573214715 7.176787366767128 -3
    endloop
  endfacet
  facet normal 0 0 1
    outer loop
      vertex 7.5 0 -3
      vertex 7.903100130050136 3.129058697819763 -3
      vertex 7.440860259858584 0.9399992517322819 -3
    endloop
  endfacet
  facet normal 0 0 1
    outer loop
      vertex 8.232956869593366 -2.113864040901263 -3
      vertex 8.432974961173063 1.0653324852965862 -3
      vertex 8.232956869593364 2.113864040901266 -3
    endloop
  endfacet
  facet normal 0 0 1
    outer loop
      vertex 7.903100130050135 -3.129058697819766 -3
      vertex 8.232956869593364 2.113864040901266 -3
      vertex 7.903100130050136 3.129058697819763 -3
    endloop
  endfacet
  facet normal 0 0 1
    outer loop
      vertex 7.440860259858584 0.9399992517322819 -3
      vertex 7.448606780372841 4.094906229864581 -3
      vertex 7.264373708464733 1.865174153736411 -3
    endloop
  endfacet
  facet normal 0 0 1
    outer loop
      vertex 7.440860259858584 0.9399992517322819 -3
      vertex 7.903100130050136 3.129058697819763 -3
      vertex 7.448606780372841 4.094906229864581 -3
    endloop
  endfacet
  facet normal 0 0 1
    outer loop
      vertex 6.5723001003289765 3.613152555762865 -3
      vertex 6.973323644161885 2.7609341451350846 -3
      vertex 7.448606780372841 4.094906229864581 -3
    endloop
  endfacet
  facet normal 0 0 1
    outer loop
      vertex 6.067627457812106 4.408389392193548 -3
      vertex 6.196233333081998 5.818650400393854 -3
      vertex 5.467264705660587 5.134103294465166 -3
    endloop
  endfacet
  facet normal 0 0 1
    outer loop
      vertex 6.067627457812106 4.408389392193548 -3
      vertex 6.5723001003289765 3.613152555762865 -3
      vertex 6.876644452187053 4.996174644486022 -3
    endloop
  endfacet
  facet normal 0 0 1
    outer loop
      vertex 6.5723001003289765 3.613152555762865 -3
      vertex 7.448606780372841 4.094906229864581 -3
      vertex 6.876644452187053 4.996174644486022 -3
    endloop
  endfacet
  facet normal 0 0 1
    outer loop
      vertex 6.067627457812106 4.408389392193548 -3
      vertex 6.876644452187053 4.996174644486022 -3
      vertex 6.196233333081998 5.818650400393854 -3
    endloop
  endfacet
  facet normal 0 0 1
    outer loop
      vertex 7.264373708464733 1.865174153736411 -3
      vertex 7.448606780372841 4.094906229864581 -3
      vertex 6.973323644161885 2.7609341451350846 -3
    endloop
  endfacet
  facet normal 0 0 1
    outer loop
      vertex 8.432974961173063 -1.0653324852965846 -3
      vertex 8.5 0 -3
      vertex 8.432974961173063 1.0653324852965862 -3
    endloop
  endfacet
  facet normal -0.9822872507286884 -0.18738131458572593 0
    outer loop
      vertex 8.432974961173063 1.0653324852965862 -3
      vertex 8.432974961173063 1.0653324852965862 3
      vertex 8.232956869593364 2.113864040901266 -3
    endloop
  endfacet
  facet normal -0.9510565162951534 -0.3090169943749477 0
    outer loop
      vertex 8.232956869593364 2.113864040901266 -3
      vertex 8.232956869593364 2.113864040901266 3
      vertex 7.903100130050136 3.129058697819763 -3
    endloop
  endfacet
  facet normal -0.7705132427757894 -0.6374239897486896 0
    outer loop
      vertex 6.196233333081998 5.818650400393854 -3
      vertex 6.876644452187053 4.996174644486022 -3
      vertex 6.876644452187053 4.996174644486022 3
    endloop
  endfacet
  facet normal -0.90482705246602 -0.42577929156507166 0
    outer loop
      vertex 7.448606780372841 4.094906229864581 -3
      vertex 7.903100130050136 3.129058697819763 -3
      vertex 7.903100130050136 3.129058697819763 3
    endloop
  endfacet
  facet normal -0.8443279255020147 -0.5358267949789973 0
    outer loop
      vertex 7.448606780372841 4.094906229864581 -3
      vertex 7.448606780372841 4.094906229864581 3
      vertex 6.876644452187053 4.996174644486022 -3
    endloop
  endfacet
  facet normal -0.9980267284282717 -0.06279051952931235 0
    outer loop
      vertex 8.432974961173063 1.0653324852965862 -3
      vertex 8.5 0 -3
      vertex 8.5 0 3
    endloop
  endfacet
  facet normal -0.6845471059286887 -0.7289686274214116 0
    outer loop
      vertex 5.418103912863863 6.549362563594208 -3
      vertex 6.196233333081998 5.818650400393854 -3
      vertex 5.418103912863863 6.549362563594208 3
    endloop
  endfacet
  facet normal -0.12533323356430473 -0.9921147013144778 0
    outer loop
      vertex 1.5927411739786588 8.349441631193853 -3
      vertex 1.5927411739786588 8.349441631193853 3
      vertex 0.5337194159991628 8.483227191640308 3
    endloop
  endfacet
  facet normal -0.24868988716485532 -0.9685831611286311 0
    outer loop
      vertex 2.626644452187053 8.083980388508804 -3
      vertex 2.626644452187053 8.083980388508804 3
      vertex 1.5927411739786588 8.349441631193853 3
    endloop
  endfacet
  facet normal 0 -1 0
    outer loop
      vertex -0.5337194159991628 8.483227191640308 3
      vertex 0.5337194159991628 8.483227191640308 -3
      vertex 0.5337194159991628 8.483227191640308 3
    endloop
  endfacet
  facet normal -0.3681245526846769 -0.9297764858882518 0
    outer loop
      vertex 3.619123978303118 7.691029945961166 -3
      vertex 3.619123978303118 7.691029945961166 3
      vertex 2.626644452187053 8.083980388508804 3
    endloop
  endfacet
  facet normal -0.587785252292473 -0.8090169943749475 0
    outer loop
      vertex 5.418103912863863 6.549362563594208 -3
      vertex 5.418103912863863 6.549362563594208 3
      vertex 4.5545277573214715 7.176787366767128 3
    endloop
  endfacet
  facet normal -0.48175367410171555 -0.8763066800438635 0
    outer loop
      vertex 4.5545277573214715 7.176787366767128 -3
      vertex 4.5545277573214715 7.176787366767128 3
      vertex 3.619123978303118 7.691029945961166 3
    endloop
  endfacet
  facet normal -0.9822872507286884 -0.18738131458572593 0
    outer loop
      vertex 8.232956869593364 2.113864040901266 -3
      vertex 8.432974961173063 1.0653324852965862 3
      vertex 8.232956869593364 2.113864040901266 3
    endloop
  endfacet
  facet normal -0.9510565162951534 -0.3090169943749477 0
    outer loop
      vertex 7.903100130050136 3.129058697819763 -3
      vertex 8.232956869593364 2.113864040901266 3
      vertex 7.903100130050136 3.129058697819763 3
    endloop
  endfacet
  facet normal -0.7705132427757894 -0.6374239897486896 0
    outer loop
      vertex 6.196233333081998 5.818650400393854 -3
      vertex 6.876644452187053 4.996174644486022 3
      vertex 6.196233333081998 5.818650400393854 3
    endloop
  endfacet
  facet normal -0.90482705246602 -0.42577929156507166 0
    outer loop
      vertex 7.448606780372841 4.094906229864581 -3
      vertex 7.903100130050136 3.129058697819763 3
      vertex 7.448606780372841 4.094906229864581 3
    endloop
  endfacet
  facet normal -0.8443279255020147 -0.5358267949789973 0
    outer loop
      vertex 6.876644452187053 4.996174644486022 -3
      vertex 7.448606780372841 4.094906229864581 3
      vertex 6.876644452187053 4.996174644486022 3
    endloop
  endfacet
  facet normal -0.9980267284282717 -0.06279051952931235 0
    outer loop
      vertex 8.432974961173063 1.0653324852965862 -3
      vertex 8.5 0 3
      vertex 8.432974961173063 1.0653324852965862 3
    endloop
  endfacet
  facet normal -0.6845471059286887 -0.7289686274214116 0
    outer loop
      vertex 6.196233333081998 5.818650400393854 -3
      vertex 6.196233333081998 5.818650400393854 3
      vertex 5.418103912863863 6.549362563594208 3
    endloop
  endfacet
  facet normal 0 0 -1
    outer loop
      vertex 2.1869058822642344 2.053641317786066 3
      vertex 1.9122719692460692 2.3115397283273675 3
      vertex 1.7031171662602909 3.619308209864078 3
    endloop
  endfacet
  facet normal 0 0 -1
    outer loop
      vertex 2.789329457664754 1.104373658054034 3
      vertex 2.549695958994759 3.0820529711031566 3
      vertex 2.9057494833858932 0.7460696614945643 3
    endloop
  endfacet
  facet normal 0 0 -1
    outer loop
      vertex 2.628920040131591 1.445261022305146 3
      vertex 2.4270509831248424 1.7633557568774194 3
      vertex 2.549695958994759 3.0820529711031566 3
    endloop
  endfacet
  facet normal 0 0 -1
    outer loop
      vertex 2.789329457664754 1.104373658054034 3
      vertex 2.628920040131591 1.445261022305146 3
      vertex 2.549695958994759 3.0820529711031566 3
    endloop
  endfacet
  facet normal 0 0 -1
    outer loop
      vertex 2.1869058822642344 2.053641317786066 3
      vertex 2.1433071799159866 3.3773117020080603 3
      vertex 2.4270509831248424 1.7633557568774194 3
    endloop
  endfacet
  facet normal 0 0 -1
    outer loop
      vertex 2.1433071799159866 3.3773117020080603 3
      vertex 2.549695958994759 3.0820529711031566 3
      vertex 2.4270509831248424 1.7633557568774194 3
    endloop
  endfacet
  facet normal 0 0 -1
    outer loop
      vertex 2.9057494833858932 0.7460696614945643 3
      vertex 2.549695958994759 3.0820529711031566 3
      vertex 2.915874509685646 2.738188423714755 3
    endloop
  endfacet
  facet normal 0 0 -1
    outer loop
      vertex 0.18837155858793983 2.9940801852848145 3
      vertex 0.2511620781172528 3.9921069137130862 3
      vertex 0.5621439437571737 2.946861752186066 3
    endloop
  endfacet
  facet normal 0 0 -1
    outer loop
      vertex -0.2511620781172531 3.9921069137130862 3
      vertex 0.2511620781172528 3.9921069137130862 3
      vertex 0.18837155858793983 2.9940801852848145 3
    endloop
  endfacet
  facet normal 0 0 -1
    outer loop
      vertex 0.5621439437571737 2.946861752186066 3
      vertex 0.2511620781172528 3.9921069137130862 3
      vertex 0.7495252583428983 3.929149002914755 3
    endloop
  endfacet
  facet normal 0 0 -1
    outer loop
      vertex 0.5621439437571737 2.946861752186066 3
      vertex 0.7495252583428983 3.929149002914755 3
      vertex 0.9270509831248421 2.8531695488854605 3
    endloop
  endfacet
  facet normal 0 0 -1
    outer loop
      vertex 0.9270509831248421 2.8531695488854605 3
      vertex 1.2360679774997896 3.804226065180614 3
      vertex 1.2773378746952182 2.7144811573980583 3
    endloop
  endfacet
  facet normal 0 0 -1
    outer loop
      vertex 1.2773378746952182 2.7144811573980583 3
      vertex 1.2360679774997896 3.804226065180614 3
      vertex 1.60748038493699 2.532983776506045 3
    endloop
  endfacet
  facet normal 0 0 -1
    outer loop
      vertex 0.9270509831248421 2.8531695488854605 3
      vertex 0.7495252583428983 3.929149002914755 3
      vertex 1.2360679774997896 3.804226065180614 3
    endloop
  endfacet
  facet normal 0 0 -1
    outer loop
      vertex 1.60748038493699 2.532983776506045 3
      vertex 1.7031171662602909 3.619308209864078 3
      vertex 1.9122719692460692 2.3115397283273675 3
    endloop
  endfacet
  facet normal 0 0 -1
    outer loop
      vertex 1.60748038493699 2.532983776506045 3
      vertex 1.2360679774997896 3.804226065180614 3
      vertex 1.7031171662602909 3.619308209864078 3
    endloop
  endfacet
  facet normal 0 0 -1
    outer loop
      vertex 2.1869058822642344 2.053641317786066 3
      vertex 1.7031171662602909 3.619308209864078 3
      vertex 2.1433071799159866 3.3773117020080603 3
    endloop
  endfacet
  facet normal 0 0 -1
    outer loop
      vertex 3.505226720175454 -1.9270146964068615 3
      vertex 3 0 3
      vertex 2.915874509685646 2.738188423714755 3
    endloop
  endfacet
  facet normal 0 0 -1
    outer loop
      vertex 3 0 3
      vertex 2.9763441039434335 0.3759997006929128 3
      vertex 2.915874509685646 2.738188423714755 3
    endloop
  endfacet
  facet normal 0 0 -1
    outer loop
      vertex 2.9763441039434335 0.3759997006929128 3
      vertex 2.9057494833858932 0.7460696614945643 3
      vertex 2.915874509685646 2.738188423714755 3
    endloop
  endfacet
  facet normal 0 0 -1
    outer loop
      vertex 3.505226720175454 -1.9270146964068615 3
      vertex 2.915874509685646 2.738188423714755 3
      vertex 3.23606797749979 2.3511410091698925 3
    endloop
  endfacet
  facet normal 0 0 -1
    outer loop
      vertex 3.505226720175454 -1.9270146964068615 3
      vertex 3.23606797749979 2.3511410091698925 3
      vertex 3.5052267201754543 1.9270146964068613 3
    endloop
  endfacet
  facet normal 0 0 -1
    outer loop
      vertex 3.719105943553005 -1.4724982107387135 3
      vertex 3.5052267201754543 1.9270146964068613 3
      vertex 3.7191059435530054 1.472498210738712 3
    endloop
  endfacet
  facet normal 0 0 -1
    outer loop
      vertex 3.8743326445145247 -0.9947595486594177 3
      vertex 3.7191059435530054 1.472498210738712 3
      vertex 3.8743326445145243 0.9947595486594192 3
    endloop
  endfacet
  facet normal 0 0 -1
    outer loop
      vertex 3.9684588052579115 -0.5013329342572163 3
      vertex 3.9684588052579115 0.501332934257217 3
      vertex 4 0 3
    endloop
  endfacet
  facet normal 0 0 -1
    outer loop
      vertex 3.9684588052579115 -0.5013329342572163 3
      vertex 3.8743326445145243 0.9947595486594192 3
      vertex 3.9684588052579115 0.501332934257217 3
    endloop
  endfacet
  facet normal 0 0 -1
    outer loop
      vertex -0.5337194159991628 8.483227191640308 3
      vertex 0.5337194159991628 8.483227191640308 3
      vertex 0.4709288964698496 7.485200463212037 3
    endloop
  endfacet
  facet normal 0 0 -1
    outer loop
      vertex 0.4709288964698496 7.485200463212037 3
      vertex 0.5337194159991628 8.483227191640308 3
      vertex 1.4053598593929344 7.367154380465165 3
    endloop
  endfacet
  facet normal 0 0 -1
    outer loop
      vertex 0.5337194159991628 8.483227191640308 3
      vertex 1.5927411739786588 8.349441631193853 3
      vertex 1.4053598593929344 7.367154380465165 3
    endloop
  endfacet
  facet normal 0 0 -1
    outer loop
      vertex 1.4053598593929344 7.367154380465165 3
      vertex 1.5927411739786588 8.349441631193853 3
      vertex 2.3176274578121054 7.132923872213651 3
    endloop
  endfacet
  facet normal 0 0 -1
    outer loop
      vertex 2.3176274578121054 7.132923872213651 3
      vertex 2.626644452187053 8.083980388508804 3
      vertex 3.1933446867380453 6.786202893495146 3
    endloop
  endfacet
  facet normal 0 0 -1
    outer loop
      vertex 1.5927411739786588 8.349441631193853 3
      vertex 2.626644452187053 8.083980388508804 3
      vertex 2.3176274578121054 7.132923872213651 3
    endloop
  endfacet
  facet normal 0 0 -1
    outer loop
      vertex 4.018700962342475 6.332459441265113 3
      vertex 3.1933446867380453 6.786202893495146 3
      vertex 3.619123978303118 7.691029945961166 3
    endloop
  endfacet
  facet normal 0 0 -1
    outer loop
      vertex 3.1933446867380453 6.786202893495146 3
      vertex 2.626644452187053 8.083980388508804 3
      vertex 3.619123978303118 7.691029945961166 3
    endloop
  endfacet
  facet normal 0 0 -1
    outer loop
      vertex 4.018700962342475 6.332459441265113 3
      vertex 3.619123978303118 7.691029945961166 3
      vertex 4.5545277573214715 7.176787366767128 3
    endloop
  endfacet
  facet normal 0 0 -1
    outer loop
      vertex 4.018700962342475 6.332459441265113 3
      vertex 4.5545277573214715 7.176787366767128 3
      vertex 4.780679923115173 5.778849320818418 3
    endloop
  endfacet
  facet normal 0 0 -1
    outer loop
      vertex 4.780679923115173 5.778849320818418 3
      vertex 4.5545277573214715 7.176787366767128 3
      vertex 5.418103912863863 6.549362563594208 3
    endloop
  endfacet
  facet normal 0 0 -1
    outer loop
      vertex 5.467264705660587 5.134103294465166 3
      vertex 4.780679923115173 5.778849320818418 3
      vertex 5.418103912863863 6.549362563594208 3
    endloop
  endfacet
  facet normal 0 0 -1
    outer loop
      vertex 7.903100130050135 -3.129058697819766 3
      vertex 7.5 0 3
      vertex 7.448606780372841 4.094906229864581 3
    endloop
  endfacet
  facet normal 0 0 -1
    outer loop
      vertex 7.903100130050135 -3.129058697819766 3
      vertex 7.448606780372841 4.094906229864581 3
      vertex 7.903100130050136 3.129058697819763 3
    endloop
  endfacet
  facet normal 0 0 -1
    outer loop
      vertex 8.232956869593366 -2.113864040901263 3
      vertex 7.903100130050136 3.129058697819763 3
      vertex 8.232956869593364 2.113864040901266 3
    endloop
  endfacet
  facet normal 0 0 -1
    outer loop
      vertex 8.432974961173063 -1.0653324852965846 3
      vertex 8.232956869593364 2.113864040901266 3
      vertex 8.432974961173063 1.0653324852965862 3
    endloop
  endfacet
  facet normal 0 0 -1
    outer loop
      vertex 7.5 0 3
      vertex 7.440860259858584 0.9399992517322819 3
      vertex 7.448606780372841 4.094906229864581 3
    endloop
  endfacet
  facet normal 0 0 -1
    outer loop
      vertex 7.440860259858584 0.9399992517322819 3
      vertex 7.264373708464733 1.865174153736411 3
      vertex 7.448606780372841 4.094906229864581 3
    endloop
  endfacet
  facet normal 0 0 -1
    outer loop
      vertex 6.5723001003289765 3.613152555762865 3
      vertex 6.876644452187053 4.996174644486022 3
      vertex 6.973323644161885 2.7609341451350846 3
    endloop
  endfacet
  facet normal 0 0 -1
    outer loop
      vertex 6.067627457812106 4.408389392193548 3
      vertex 6.196233333081998 5.818650400393854 3
      vertex 6.5723001003289765 3.613152555762865 3
    endloop
  endfacet
  facet normal 0 0 -1
    outer loop
      vertex 6.067627457812106 4.408389392193548 3
      vertex 5.467264705660587 5.134103294465166 3
      vertex 5.418103912863863 6.549362563594208 3
    endloop
  endfacet
  facet normal 0 0 -1
    outer loop
      vertex 6.067627457812106 4.408389392193548 3
      vertex 5.418103912863863 6.549362563594208 3
      vertex 6.196233333081998 5.818650400393854 3
    endloop
  endfacet
  facet normal 0 0 -1
    outer loop
      vertex 6.5723001003289765 3.613152555762865 3
      vertex 6.196233333081998 5.818650400393854 3
      vertex 6.876644452187053 4.996174644486022 3
    endloop
  endfacet
  facet normal 0 0 -1
    outer loop
      vertex 7.264373708464733 1.865174153736411 3
      vertex 6.973323644161885 2.7609341451350846 3
      vertex 6.876644452187053 4.996174644486022 3
    endloop
  endfacet
  facet normal 0 0 -1
    outer loop
      vertex 7.264373708464733 1.865174153736411 3
      vertex 6.876644452187053 4.996174644486022 3
      vertex 7.448606780372841 4.094906229864581 3
    endloop
  endfacet
  facet normal 0 0 -1
    outer loop
      vertex 8.432974961173063 -1.0653324852965846 3
      vertex 8.432974961173063 1.0653324852965862 3
      vertex 8.5 0 3
    endloop
  endfacet
  facet normal 0.7705132427757891 0.6374239897486899 0
    outer loop
      vertex -6.067627457812106 -4.408389392193548 -3
      vertex -5.467264705660588 -5.134103294465164 -6
      vertex -6.067627457812106 -4.408389392193548 -6
    endloop
  endfacet
  facet normal 0.8443279255020157 0.5358267949789955 0
    outer loop
      vertex -6.572300100328976 -3.6131525557628654 -3
      vertex -6.067627457812106 -4.408389392193548 -6
      vertex -6.572300100328976 -3.6131525557628654 -6
    endloop
  endfacet
  facet normal 0.9048270524660189 0.42577929156507377 0
    outer loop
      vertex -6.973323644161886 -2.760934145135084 -3
      vertex -6.572300100328976 -3.6131525557628654 -6
      vertex -6.973323644161886 -2.760934145135084 -6
    endloop
  endfacet
  facet normal 0.9510565162951538 0.30901699437494673 0
    outer loop
      vertex -7.264373708464733 -1.8651741537364113 -3
      vertex -6.973323644161886 -2.760934145135084 -6
      vertex -7.264373708464733 -1.8651741537364113 -6
    endloop
  endfacet
  facet normal 0.9822872507286886 0.18738131458572513 0
    outer loop
      vertex -7.440860259858584 -0.9399992517322805 -3
      vertex -7.264373708464733 -1.8651741537364113 -6
      vertex -7.440860259858584 -0.9399992517322805 -6
    endloop
  endfacet
  facet normal 0.9980267284282716 0.06279051952931293 0
    outer loop
      vertex -7.5 0 -3
      vertex -7.440860259858584 -0.9399992517322805 -6
      vertex -7.5 0 -6
    endloop
  endfacet
  facet normal 0.7705132427757891 0.6374239897486899 0
    outer loop
      vertex -5.467264705660588 -5.134103294465164 -3
      vertex -5.467264705660588 -5.134103294465164 -6
      vertex -6.067627457812106 -4.408389392193548 -3
    endloop
  endfacet
  facet normal 0.9048270524660189 0.42577929156507377 0
    outer loop
      vertex -6.973323644161886 -2.760934145135084 -3
      vertex -6.572300100328976 -3.6131525557628654 -3
      vertex -6.572300100328976 -3.6131525557628654 -6
    endloop
  endfacet
  facet normal 0.8443279255020157 0.5358267949789955 0
    outer loop
      vertex -6.572300100328976 -3.6131525557628654 -3
      vertex -6.067627457812106 -4.408389392193548 -3
      vertex -6.067627457812106 -4.408389392193548 -6
    endloop
  endfacet
  facet normal 0.9510565162951538 0.30901699437494673 0
    outer loop
      vertex -6.973323644161886 -2.760934145135084 -3
      vertex -6.973323644161886 -2.760934145135084 -6
      vertex -7.264373708464733 -1.8651741537364113 -3
    endloop
  endfacet
  facet normal 0.9822872507286886 0.18738131458572513 0
    outer loop
      vertex -7.264373708464733 -1.8651741537364113 -3
      vertex -7.264373708464733 -1.8651741537364113 -6
      vertex -7.440860259858584 -0.9399992517322805 -3
    endloop
  endfacet
  facet normal 0.9980267284282716 0.06279051952931293 0
    outer loop
      vertex -7.440860259858584 -0.9399992517322805 -3
      vertex -7.440860259858584 -0.9399992517322805 -6
      vertex -7.5 0 -3
    endloop
  endfacet
  facet normal 0.5877852522924732 0.8090169943749473 0
    outer loop
      vertex -4.780679923115172 -5.77884932081842 -3
      vertex -4.018700962342476 -6.3324594412651125 -6
      vertex -4.780679923115172 -5.77884932081842 -6
    endloop
  endfacet
  facet normal 0.4817536741017145 0.876306680043864 0
    outer loop
      vertex -4.018700962342476 -6.3324594412651125 -3
      vertex -3.193344686738043 -6.786202893495147 -6
      vertex -4.018700962342476 -6.3324594412651125 -6
    endloop
  endfacet
  facet normal 0.3681245526846781 0.9297764858882513 0
    outer loop
      vertex -3.193344686738043 -6.786202893495147 -3
      vertex -2.3176274578121054 -7.132923872213651 -6
      vertex -3.193344686738043 -6.786202893495147 -6
    endloop
  endfacet
  facet normal 0.24868988716485493 0.9685831611286311 0
    outer loop
      vertex -2.3176274578121054 -7.132923872213651 -3
      vertex -1.4053598593929362 -7.3671543804651645 -6
      vertex -2.3176274578121054 -7.132923872213651 -6
    endloop
  endfacet
  facet normal 0.12533323356430498 0.9921147013144778 0
    outer loop
      vertex -1.4053598593929362 -7.3671543804651645 -3
      vertex -0.4709288964698532 -7.485200463212037 -6
      vertex -1.4053598593929362 -7.3671543804651645 -6
    endloop
  endfacet
  facet normal 0 1 0
    outer loop
      vertex -0.4709288964698532 -7.485200463212037 -3
      vertex 0.4709288964698532 -7.485200463212037 -6
      vertex -0.4709288964698532 -7.485200463212037 -6
    endloop
  endfacet
  facet normal 0.5877852522924732 0.8090169943749473 0
    outer loop
      vertex -4.780679923115172 -5.77884932081842 -3
      vertex -4.018700962342476 -6.3324594412651125 -3
      vertex -4.018700962342476 -6.3324594412651125 -6
    endloop
  endfacet
  facet normal 0.4817536741017145 0.876306680043864 0
    outer loop
      vertex -3.193344686738043 -6.786202893495147 -3
      vertex -3.193344686738043 -6.786202893495147 -6
      vertex -4.018700962342476 -6.3324594412651125 -3
    endloop
  endfacet
  facet normal 0.24868988716485493 0.9685831611286311 0
    outer loop
      vertex -2.3176274578121054 -7.132923872213651 -3
      vertex -1.4053598593929362 -7.3671543804651645 -3
      vertex -1.4053598593929362 -7.3671543804651645 -6
    endloop
  endfacet
  facet normal 0.3681245526846781 0.9297764858882513 0
    outer loop
      vertex -3.193344686738043 -6.786202893495147 -3
      vertex -2.3176274578121054 -7.132923872213651 -3
      vertex -2.3176274578121054 -7.132923872213651 -6
    endloop
  endfacet
  facet normal 0.12533323356430498 0.9921147013144778 0
    outer loop
      vertex -1.4053598593929362 -7.3671543804651645 -3
      vertex -0.4709288964698532 -7.485200463212037 -3
      vertex -0.4709288964698532 -7.485200463212037 -6
    endloop
  endfacet
  facet normal 0.6845471059286886 0.7289686274214117 0
    outer loop
      vertex -5.467264705660588 -5.134103294465164 -3
      vertex -4.780679923115172 -5.77884932081842 -6
      vertex -5.467264705660588 -5.134103294465164 -6
    endloop
  endfacet
  facet normal 0.6845471059286886 0.7289686274214117 0
    outer loop
      vertex -4.780679923115172 -5.77884932081842 -3
      vertex -4.780679923115172 -5.77884932081842 -6
      vertex -5.467264705660588 -5.134103294465164 -3
    endloop
  endfacet
  facet normal 0.7705132427757891 0.6374239897486899 0
    outer loop
      vertex -5.467264705660588 -5.134103294465164 3
      vertex -6.067627457812106 -4.408389392193548 3
      vertex -6.067627457812106 -4.408389392193548 6
    endloop
  endfacet
  facet normal 0.8443279255020157 0.5358267949789955 0
    outer loop
      vertex -6.572300100328976 -3.6131525557628654 3
      vertex -6.572300100328976 -3.6131525557628654 6
      vertex -6.067627457812106 -4.408389392193548 3
    endloop
  endfacet
  facet normal 0.9048270524660189 0.42577929156507377 0
    outer loop
      vertex -6.973323644161886 -2.760934145135084 3
      vertex -6.973323644161886 -2.760934145135084 6
      vertex -6.572300100328976 -3.6131525557628654 3
    endloop
  endfacet
  facet normal 0.9510565162951538 0.30901699437494673 0
    outer loop
      vertex -6.973323644161886 -2.760934145135084 3
      vertex -7.264373708464733 -1.8651741537364113 3
      vertex -7.264373708464733 -1.8651741537364113 6
    endloop
  endfacet
  facet normal 0.9822872507286886 0.18738131458572513 0
    outer loop
      vertex -7.264373708464733 -1.8651741537364113 3
      vertex -7.440860259858584 -0.9399992517322805 3
      vertex -7.440860259858584 -0.9399992517322805 6
    endloop
  endfacet
  facet normal 0.9980267284282716 0.06279051952931293 0
    outer loop
      vertex -7.440860259858584 -0.9399992517322805 3
      vertex -7.5 0 3
      vertex -7.5 0 6
    endloop
  endfacet
  facet normal 0.7705132427757891 0.6374239897486899 0
    outer loop
      vertex -5.467264705660588 -5.134103294465164 3
      vertex -6.067627457812106 -4.408389392193548 6
      vertex -5.467264705660588 -5.134103294465164 6
    endloop
  endfacet
  facet normal 0.9048270524660189 0.42577929156507377 0
    outer loop
      vertex -6.572300100328976 -3.6131525557628654 3
      vertex -6.973323644161886 -2.760934145135084 6
      vertex -6.572300100328976 -3.6131525557628654 6
    endloop
  endfacet
  facet normal 0.8443279255020157 0.5358267949789955 0
    outer loop
      vertex -6.067627457812106 -4.408389392193548 3
      vertex -6.572300100328976 -3.6131525557628654 6
      vertex -6.067627457812106 -4.408389392193548 6
    endloop
  endfacet
  facet normal 0.9510565162951538 0.30901699437494673 0
    outer loop
      vertex -6.973323644161886 -2.760934145135084 3
      vertex -7.264373708464733 -1.8651741537364113 6
      vertex -6.973323644161886 -2.760934145135084 6
    endloop
  endfacet
  facet normal 0.9822872507286886 0.18738131458572513 0
    outer loop
      vertex -7.264373708464733 -1.8651741537364113 3
      vertex -7.440860259858584 -0.9399992517322805 6
      vertex -7.264373708464733 -1.8651741537364113 6
    endloop
  endfacet
  facet normal 0.9980267284282716 0.06279051952931293 0
    outer loop
      vertex -7.440860259858584 -0.9399992517322805 3
      vertex -7.5 0 6
      vertex -7.440860259858584 -0.9399992517322805 6
    endloop
  endfacet
  facet normal 0.5877852522924732 0.8090169943749473 0
    outer loop
      vertex -4.780679923115172 -5.77884932081842 3
      vertex -4.780679923115172 -5.77884932081842 6
      vertex -4.018700962342476 -6.3324594412651125 3
    endloop
  endfacet
  facet normal 0.4817536741017145 0.876306680043864 0
    outer loop
      vertex -3.193344686738043 -6.786202893495147 3
      vertex -4.018700962342476 -6.3324594412651125 3
      vertex -4.018700962342476 -6.3324594412651125 6
    endloop
  endfacet
  facet normal 0.3681245526846781 0.9297764858882513 0
    outer loop
      vertex -3.193344686738043 -6.786202893495147 3
      vertex -3.193344686738043 -6.786202893495147 6
      vertex -2.3176274578121054 -7.132923872213651 3
    endloop
  endfacet
  facet normal 0.24868988716485493 0.9685831611286311 0
    outer loop
      vertex -2.3176274578121054 -7.132923872213651 3
      vertex -2.3176274578121054 -7.132923872213651 6
      vertex -1.4053598593929362 -7.3671543804651645 3
    endloop
  endfacet
  facet normal 0.12533323356430498 0.9921147013144778 0
    outer loop
      vertex -1.4053598593929362 -7.3671543804651645 3
      vertex -1.4053598593929362 -7.3671543804651645 6
      vertex -0.4709288964698532 -7.485200463212037 3
    endloop
  endfacet
  facet normal 0 1 0
    outer loop
      vertex -0.4709288964698532 -7.485200463212037 3
      vertex -0.4709288964698532 -7.485200463212037 6
      vertex 0.4709288964698532 -7.485200463212037 3
    endloop
  endfacet
  facet normal 0.5877852522924732 0.8090169943749473 0
    outer loop
      vertex -4.018700962342476 -6.3324594412651125 3
      vertex -4.780679923115172 -5.77884932081842 6
      vertex -4.018700962342476 -6.3324594412651125 6
    endloop
  endfacet
  facet normal 0.4817536741017145 0.876306680043864 0
    outer loop
      vertex -3.193344686738043 -6.786202893495147 3
      vertex -4.018700962342476 -6.3324594412651125 6
      vertex -3.193344686738043 -6.786202893495147 6
    endloop
  endfacet
  facet normal 0.24868988716485493 0.9685831611286311 0
    outer loop
      vertex -1.4053598593929362 -7.3671543804651645 3
      vertex -2.3176274578121054 -7.132923872213651 6
      vertex -1.4053598593929362 -7.3671543804651645 6
    endloop
  endfacet
  facet normal 0.3681245526846781 0.9297764858882513 0
    outer loop
      vertex -2.3176274578121054 -7.132923872213651 3
      vertex -3.193344686738043 -6.786202893495147 6
      vertex -2.3176274578121054 -7.132923872213651 6
    endloop
  endfacet
  facet normal 0.12533323356430498 0.9921147013144778 0
    outer loop
      vertex -0.4709288964698532 -7.485200463212037 3
      vertex -1.4053598593929362 -7.3671543804651645 6
      vertex -0.4709288964698532 -7.485200463212037 6
    endloop
  endfacet
  facet normal 0.6845471059286886 0.7289686274214117 0
    outer loop
      vertex -4.780679923115172 -5.77884932081842 3
      vertex -5.467264705660588 -5.134103294465164 3
      vertex -5.467264705660588 -5.134103294465164 6
    endloop
  endfacet
  facet normal 0.6845471059286886 0.7289686274214117 0
    outer loop
      vertex -4.780679923115172 -5.77884932081842 3
      vertex -5.467264705660588 -5.134103294465164 6
      vertex -4.780679923115172 -5.77884932081842 6
    endloop
  endfacet
  facet normal 0.9980267284282716 -0.06279051952931293 0
    outer loop
      vertex -7.440860259858584 0.9399992517322805 -3
      vertex -7.5 0 -6
      vertex -7.440860259858584 0.9399992517322805 -6
    endloop
  endfacet
  facet normal 0.9822872507286886 -0.18738131458572513 0
    outer loop
      vertex -7.264373708464733 1.8651741537364113 -3
      vertex -7.440860259858584 0.9399992517322805 -6
      vertex -7.264373708464733 1.8651741537364113 -6
    endloop
  endfacet
  facet normal 0.9510565162951538 -0.30901699437494673 0
    outer loop
      vertex -6.973323644161886 2.760934145135084 -3
      vertex -7.264373708464733 1.8651741537364113 -6
      vertex -6.973323644161886 2.760934145135084 -6
    endloop
  endfacet
  facet normal 0.9048270524660189 -0.42577929156507377 0
    outer loop
      vertex -6.572300100328976 3.6131525557628654 -3
      vertex -6.973323644161886 2.760934145135084 -6
      vertex -6.572300100328976 3.6131525557628654 -6
    endloop
  endfacet
  facet normal 0.8443279255020157 -0.5358267949789955 0
    outer loop
      vertex -6.067627457812106 4.408389392193548 -3
      vertex -6.572300100328976 3.6131525557628654 -6
      vertex -6.067627457812106 4.408389392193548 -6
    endloop
  endfacet
  facet normal 0.7705132427757891 -0.6374239897486899 0
    outer loop
      vertex -5.467264705660588 5.134103294465164 -3
      vertex -6.067627457812106 4.408389392193548 -6
      vertex -5.467264705660588 5.134103294465164 -6
    endloop
  endfacet
  facet normal 0.9980267284282716 -0.06279051952931293 0
    outer loop
      vertex -7.5 0 -3
      vertex -7.5 0 -6
      vertex -7.440860259858584 0.9399992517322805 -3
    endloop
  endfacet
  facet normal 0.9822872507286886 -0.18738131458572513 0
    outer loop
      vertex -7.440860259858584 0.9399992517322805 -3
      vertex -7.440860259858584 0.9399992517322805 -6
      vertex -7.264373708464733 1.8651741537364113 -3
    endloop
  endfacet
  facet normal 0.9510565162951538 -0.30901699437494673 0
    outer loop
      vertex -7.264373708464733 1.8651741537364113 -3
      vertex -7.264373708464733 1.8651741537364113 -6
      vertex -6.973323644161886 2.760934145135084 -3
    endloop
  endfacet
  facet normal 0.9048270524660189 -0.42577929156507377 0
    outer loop
      vertex -6.973323644161886 2.760934145135084 -3
      vertex -6.973323644161886 2.760934145135084 -6
      vertex -6.572300100328976 3.6131525557628654 -3
    endloop
  endfacet
  facet normal 0.8443279255020157 -0.5358267949789955 0
    outer loop
      vertex -6.572300100328976 3.6131525557628654 -3
      vertex -6.572300100328976 3.6131525557628654 -6
      vertex -6.067627457812106 4.408389392193548 -3
    endloop
  endfacet
  facet normal 0.7705132427757891 -0.6374239897486899 0
    outer loop
      vertex -6.067627457812106 4.408389392193548 -3
      vertex -6.067627457812106 4.408389392193548 -6
      vertex -5.467264705660588 5.134103294465164 -3
    endloop
  endfacet
  facet normal 0.6845471059286886 -0.7289686274214117 0
    outer loop
      vertex -4.780679923115172 5.77884932081842 -3
      vertex -5.467264705660588 5.134103294465164 -6
      vertex -4.780679923115172 5.77884932081842 -6
    endloop
  endfacet
  facet normal 0.6845471059286886 -0.7289686274214117 0
    outer loop
      vertex -5.467264705660588 5.134103294465164 -3
      vertex -5.467264705660588 5.134103294465164 -6
      vertex -4.780679923115172 5.77884932081842 -3
    endloop
  endfacet
  facet normal 0.5877852522924732 -0.8090169943749473 0
    outer loop
      vertex -4.018700962342476 6.3324594412651125 -3
      vertex -4.780679923115172 5.77884932081842 -6
      vertex -4.018700962342476 6.3324594412651125 -6
    endloop
  endfacet
  facet normal 0.48175367410171477 -0.8763066800438638 0
    outer loop
      vertex -3.1933446867380453 6.786202893495146 -3
      vertex -4.018700962342476 6.3324594412651125 -6
      vertex -3.1933446867380453 6.786202893495146 -6
    endloop
  endfacet
  facet normal 0.36812455268467803 -0.9297764858882512 0
    outer loop
      vertex -2.3176274578121054 7.132923872213651 -3
      vertex -3.1933446867380453 6.786202893495146 -6
      vertex -2.3176274578121054 7.132923872213651 -6
    endloop
  endfacet
  facet normal 0.24868988716485538 -0.968583161128631 0
    outer loop
      vertex -1.4053598593929344 7.367154380465165 -3
      vertex -2.3176274578121054 7.132923872213651 -6
      vertex -1.4053598593929344 7.367154380465165 -6
    endloop
  endfacet
  facet normal 0.1253332335643038 -0.9921147013144779 0
    outer loop
      vertex -0.4709288964698496 7.485200463212037 -3
      vertex -1.4053598593929344 7.367154380465165 -6
      vertex -0.4709288964698496 7.485200463212037 -6
    endloop
  endfacet
  facet normal 0.5877852522924732 -0.8090169943749473 0
    outer loop
      vertex -4.780679923115172 5.77884932081842 -3
      vertex -4.780679923115172 5.77884932081842 -6
      vertex -4.018700962342476 6.3324594412651125 -3
    endloop
  endfacet
  facet normal 0.48175367410171477 -0.8763066800438638 0
    outer loop
      vertex -4.018700962342476 6.3324594412651125 -3
      vertex -4.018700962342476 6.3324594412651125 -6
      vertex -3.1933446867380453 6.786202893495146 -3
    endloop
  endfacet
  facet normal 0.36812455268467803 -0.9297764858882512 0
    outer loop
      vertex -3.1933446867380453 6.786202893495146 -3
      vertex -3.1933446867380453 6.786202893495146 -6
      vertex -2.3176274578121054 7.132923872213651 -3
    endloop
  endfacet
  facet normal 0.24868988716485538 -0.968583161128631 0
    outer loop
      vertex -2.3176274578121054 7.132923872213651 -3
      vertex -2.3176274578121054 7.132923872213651 -6
      vertex -1.4053598593929344 7.367154380465165 -3
    endloop
  endfacet
  facet normal 0.1253332335643038 -0.9921147013144779 0
    outer loop
      vertex -1.4053598593929344 7.367154380465165 -3
      vertex -1.4053598593929344 7.367154380465165 -6
      vertex -0.4709288964698496 7.485200463212037 -3
    endloop
  endfacet
  facet normal 0 -1 0
    outer loop
      vertex -0.4709288964698496 7.485200463212037 -3
      vertex -0.4709288964698496 7.485200463212037 -6
      vertex 0.4709288964698496 7.485200463212037 -3
    endloop
  endfacet
  facet normal 0.9980267284282716 -0.06279051952931293 0
    outer loop
      vertex -7.5 0 3
      vertex -7.440860259858584 0.9399992517322805 3
      vertex -7.440860259858584 0.9399992517322805 6
    endloop
  endfacet
  facet normal 0.9822872507286886 -0.18738131458572513 0
    outer loop
      vertex -7.440860259858584 0.9399992517322805 3
      vertex -7.264373708464733 1.8651741537364113 3
      vertex -7.264373708464733 1.8651741537364113 6
    endloop
  endfacet
  facet normal 0.9510565162951538 -0.30901699437494673 0
    outer loop
      vertex -7.264373708464733 1.8651741537364113 3
      vertex -6.973323644161886 2.760934145135084 3
      vertex -6.973323644161886 2.760934145135084 6
    endloop
  endfacet
  facet normal 0.9048270524660189 -0.42577929156507377 0
    outer loop
      vertex -6.973323644161886 2.760934145135084 3
      vertex -6.572300100328976 3.6131525557628654 3
      vertex -6.572300100328976 3.6131525557628654 6
    endloop
  endfacet
  facet normal 0.8443279255020157 -0.5358267949789955 0
    outer loop
      vertex -6.572300100328976 3.6131525557628654 3
      vertex -6.067627457812106 4.408389392193548 3
      vertex -6.067627457812106 4.408389392193548 6
    endloop
  endfacet
  facet normal 0.7705132427757891 -0.6374239897486899 0
    outer loop
      vertex -6.067627457812106 4.408389392193548 3
      vertex -5.467264705660588 5.134103294465164 3
      vertex -5.467264705660588 5.134103294465164 6
    endloop
  endfacet
  facet normal 0.9980267284282716 -0.06279051952931293 0
    outer loop
      vertex -7.5 0 3
      vertex -7.440860259858584 0.9399992517322805 6
      vertex -7.5 0 6
    endloop
  endfacet
  facet normal 0.9822872507286886 -0.18738131458572513 0
    outer loop
      vertex -7.440860259858584 0.9399992517322805 3
      vertex -7.264373708464733 1.8651741537364113 6
      vertex -7.440860259858584 0.9399992517322805 6
    endloop
  endfacet
  facet normal 0.9510565162951538 -0.30901699437494673 0
    outer loop
      vertex -7.264373708464733 1.8651741537364113 3
      vertex -6.973323644161886 2.760934145135084 6
      vertex -7.264373708464733 1.8651741537364113 6
    endloop
  endfacet
  facet normal 0.9048270524660189 -0.42577929156507377 0
    outer loop
      vertex -6.973323644161886 2.760934145135084 3
      vertex -6.572300100328976 3.6131525557628654 6
      vertex -6.973323644161886 2.760934145135084 6
    endloop
  endfacet
  facet normal 0.8443279255020157 -0.5358267949789955 0
    outer loop
      vertex -6.572300100328976 3.6131525557628654 3
      vertex -6.067627457812106 4.408389392193548 6
      vertex -6.572300100328976 3.6131525557628654 6
    endloop
  endfacet
  facet normal 0.7705132427757891 -0.6374239897486899 0
    outer loop
      vertex -6.067627457812106 4.408389392193548 3
      vertex -5.467264705660588 5.134103294465164 6
      vertex -6.067627457812106 4.408389392193548 6
    endloop
  endfacet
  facet normal 0.6845471059286886 -0.7289686274214117 0
    outer loop
      vertex -5.467264705660588 5.134103294465164 3
      vertex -4.780679923115172 5.77884932081842 3
      vertex -4.780679923115172 5.77884932081842 6
    endloop
  endfacet
  facet normal 0.6845471059286886 -0.7289686274214117 0
    outer loop
      vertex -5.467264705660588 5.134103294465164 3
      vertex -4.780679923115172 5.77884932081842 6
      vertex -5.467264705660588 5.134103294465164 6
    endloop
  endfacet
  facet normal 0.5877852522924732 -0.8090169943749473 0
    outer loop
      vertex -4.780679923115172 5.77884932081842 3
      vertex -4.018700962342476 6.3324594412651125 3
      vertex -4.018700962342476 6.3324594412651125 6
    endloop
  endfacet
  facet normal 0.48175367410171477 -0.8763066800438638 0
    outer loop
      vertex -4.018700962342476 6.3324594412651125 3
      vertex -3.1933446867380453 6.786202893495146 3
      vertex -3.1933446867380453 6.786202893495146 6
    endloop
  endfacet
  facet normal 0.36812455268467803 -0.9297764858882512 0
    outer loop
      vertex -3.1933446867380453 6.786202893495146 3
      vertex -2.3176274578121054 7.132923872213651 3
      vertex -2.3176274578121054 7.132923872213651 6
    endloop
  endfacet
  facet normal 0.2486898871648553 -0.968583161128631 0
    outer loop
      vertex -2.3176274578121054 7.132923872213651 3
      vertex -1.4053598593929342 7.367154380465165 3
      vertex -1.4053598593929342 7.367154380465165 6
    endloop
  endfacet
  facet normal 0.12533323356430384 -0.9921147013144779 0
    outer loop
      vertex -1.4053598593929342 7.367154380465165 3
      vertex -0.4709288964698496 7.485200463212037 3
      vertex -0.4709288964698496 7.485200463212037 6
    endloop
  endfacet
  facet normal 0.5877852522924732 -0.8090169943749473 0
    outer loop
      vertex -4.780679923115172 5.77884932081842 3
      vertex -4.018700962342476 6.3324594412651125 6
      vertex -4.780679923115172 5.77884932081842 6
    endloop
  endfacet
  facet normal 0.48175367410171477 -0.8763066800438638 0
    outer loop
      vertex -4.018700962342476 6.3324594412651125 3
      vertex -3.1933446867380453 6.786202893495146 6
      vertex -4.018700962342476 6.3324594412651125 6
    endloop
  endfacet
  facet normal 0.36812455268467803 -0.9297764858882512 0
    outer loop
      vertex -3.1933446867380453 6.786202893495146 3
      vertex -2.3176274578121054 7.132923872213651 6
      vertex -3.1933446867380453 6.786202893495146 6
    endloop
  endfacet
  facet normal 0.2486898871648553 -0.968583161128631 0
    outer loop
      vertex -2.3176274578121054 7.132923872213651 3
      vertex -1.4053598593929342 7.367154380465165 6
      vertex -2.3176274578121054 7.132923872213651 6
    endloop
  endfacet
  facet normal 0.12533323356430384 -0.9921147013144779 0
    outer loop
      vertex -1.4053598593929342 7.367154380465165 3
      vertex -0.4709288964698496 7.485200463212037 6
      vertex -1.4053598593929342 7.367154380465165 6
    endloop
  endfacet
  facet normal 0 -1 0
    outer loop
      vertex -0.4709288964698496 7.485200463212037 3
      vertex 0.4709288964698496 7.485200463212037 6
      vertex -0.4709288964698496 7.485200463212037 6
    endloop
  endfacet
  facet normal -0.12533323356430498 0.9921147013144778 0
    outer loop
      vertex 0.4709288964698532 -7.485200463212037 -3
      vertex 1.4053598593929362 -7.3671543804651645 -6
      vertex 0.4709288964698532 -7.485200463212037 -6
    endloop
  endfacet
  facet normal -0.24868988716485493 0.9685831611286311 0
    outer loop
      vertex 1.4053598593929362 -7.3671543804651645 -3
      vertex 2.3176274578121054 -7.132923872213651 -6
      vertex 1.4053598593929362 -7.3671543804651645 -6
    endloop
  endfacet
  facet normal -0.3681245526846781 0.9297764858882513 0
    outer loop
      vertex 2.3176274578121054 -7.132923872213651 -3
      vertex 3.193344686738043 -6.786202893495147 -6
      vertex 2.3176274578121054 -7.132923872213651 -6
    endloop
  endfacet
  facet normal -0.4817536741017143 0.876306680043864 0
    outer loop
      vertex 3.193344686738043 -6.786202893495147 -3
      vertex 4.018700962342471 -6.332459441265115 -6
      vertex 3.193344686738043 -6.786202893495147 -6
    endloop
  endfacet
  facet normal -0.5877852522924728 0.8090169943749477 0
    outer loop
      vertex 4.018700962342471 -6.332459441265115 -3
      vertex 4.780679923115175 -5.778849320818418 -6
      vertex 4.018700962342471 -6.332459441265115 -6
    endloop
  endfacet
  facet normal 0 1 0
    outer loop
      vertex -0.4709288964698532 -7.485200463212037 -3
      vertex 0.4709288964698532 -7.485200463212037 -3
      vertex 0.4709288964698532 -7.485200463212037 -6
    endloop
  endfacet
  facet normal -0.12533323356430498 0.9921147013144778 0
    outer loop
      vertex 0.4709288964698532 -7.485200463212037 -3
      vertex 1.4053598593929362 -7.3671543804651645 -3
      vertex 1.4053598593929362 -7.3671543804651645 -6
    endloop
  endfacet
  facet normal -0.24868988716485493 0.9685831611286311 0
    outer loop
      vertex 1.4053598593929362 -7.3671543804651645 -3
      vertex 2.3176274578121054 -7.132923872213651 -3
      vertex 2.3176274578121054 -7.132923872213651 -6
    endloop
  endfacet
  facet normal -0.3681245526846781 0.9297764858882513 0
    outer loop
      vertex 2.3176274578121054 -7.132923872213651 -3
      vertex 3.193344686738043 -6.786202893495147 -3
      vertex 3.193344686738043 -6.786202893495147 -6
    endloop
  endfacet
  facet normal -0.4817536741017143 0.876306680043864 0
    outer loop
      vertex 3.193344686738043 -6.786202893495147 -3
      vertex 4.018700962342471 -6.332459441265115 -3
      vertex 4.018700962342471 -6.332459441265115 -6
    endloop
  endfacet
  facet normal -0.5877852522924728 0.8090169943749477 0
    outer loop
      vertex 4.018700962342471 -6.332459441265115 -3
      vertex 4.780679923115175 -5.778849320818418 -3
      vertex 4.780679923115175 -5.778849320818418 -6
    endloop
  endfacet
  facet normal -0.684547105928689 0.7289686274214113 0
    outer loop
      vertex 4.780679923115175 -5.778849320818418 -3
      vertex 5.467264705660588 -5.134103294465164 -6
      vertex 4.780679923115175 -5.778849320818418 -6
    endloop
  endfacet
  facet normal -0.684547105928689 0.7289686274214113 0
    outer loop
      vertex 4.780679923115175 -5.778849320818418 -3
      vertex 5.467264705660588 -5.134103294465164 -3
      vertex 5.467264705660588 -5.134103294465164 -6
    endloop
  endfacet
  facet normal -0.7705132427757891 0.6374239897486899 0
    outer loop
      vertex 5.467264705660588 -5.134103294465164 -3
      vertex 6.067627457812106 -4.408389392193548 -6
      vertex 5.467264705660588 -5.134103294465164 -6
    endloop
  endfacet
  facet normal -0.8443279255020157 0.5358267949789955 0
    outer loop
      vertex 6.067627457812106 -4.408389392193548 -3
      vertex 6.572300100328976 -3.6131525557628654 -6
      vertex 6.067627457812106 -4.408389392193548 -6
    endloop
  endfacet
  facet normal -0.904827052466019 0.4257792915650737 0
    outer loop
      vertex 6.572300100328976 -3.6131525557628654 -3
      vertex 6.973323644161884 -2.7609341451350877 -6
      vertex 6.572300100328976 -3.6131525557628654 -6
    endloop
  endfacet
  facet normal -0.9510565162951536 0.30901699437494723 0
    outer loop
      vertex 6.973323644161884 -2.7609341451350877 -3
      vertex 7.264373708464734 -1.8651741537364082 -6
      vertex 6.973323644161884 -2.7609341451350877 -6
    endloop
  endfacet
  facet normal -0.9822872507286887 0.18738131458572485 0
    outer loop
      vertex 7.264373708464734 -1.8651741537364082 -3
      vertex 7.440860259858584 -0.9399992517322805 -6
      vertex 7.264373708464734 -1.8651741537364082 -6
    endloop
  endfacet
  facet normal -0.9980267284282716 0.06279051952931293 0
    outer loop
      vertex 7.440860259858584 -0.9399992517322805 -3
      vertex 7.5 0 -6
      vertex 7.440860259858584 -0.9399992517322805 -6
    endloop
  endfacet
  facet normal -0.7705132427757891 0.6374239897486899 0
    outer loop
      vertex 5.467264705660588 -5.134103294465164 -3
      vertex 6.067627457812106 -4.408389392193548 -3
      vertex 6.067627457812106 -4.408389392193548 -6
    endloop
  endfacet
  facet normal -0.8443279255020157 0.5358267949789955 0
    outer loop
      vertex 6.067627457812106 -4.408389392193548 -3
      vertex 6.572300100328976 -3.6131525557628654 -3
      vertex 6.572300100328976 -3.6131525557628654 -6
    endloop
  endfacet
  facet normal -0.904827052466019 0.4257792915650737 0
    outer loop
      vertex 6.572300100328976 -3.6131525557628654 -3
      vertex 6.973323644161884 -2.7609341451350877 -3
      vertex 6.973323644161884 -2.7609341451350877 -6
    endloop
  endfacet
  facet normal -0.9510565162951536 0.30901699437494723 0
    outer loop
      vertex 6.973323644161884 -2.7609341451350877 -3
      vertex 7.264373708464734 -1.8651741537364082 -3
      vertex 7.264373708464734 -1.8651741537364082 -6
    endloop
  endfacet
  facet normal -0.9822872507286887 0.18738131458572485 0
    outer loop
      vertex 7.264373708464734 -1.8651741537364082 -3
      vertex 7.440860259858584 -0.9399992517322805 -3
      vertex 7.440860259858584 -0.9399992517322805 -6
    endloop
  endfacet
  facet normal -0.9980267284282716 0.06279051952931293 0
    outer loop
      vertex 7.440860259858584 -0.9399992517322805 -3
      vertex 7.5 0 -3
      vertex 7.5 0 -6
    endloop
  endfacet
  facet normal -0.12533323356430498 0.9921147013144778 0
    outer loop
      vertex 0.4709288964698532 -7.485200463212037 3
      vertex 0.4709288964698532 -7.485200463212037 6
      vertex 1.4053598593929362 -7.3671543804651645 3
    endloop
  endfacet
  facet normal -0.24868988716485493 0.9685831611286311 0
    outer loop
      vertex 1.4053598593929362 -7.3671543804651645 3
      vertex 1.4053598593929362 -7.3671543804651645 6
      vertex 2.3176274578121054 -7.132923872213651 3
    endloop
  endfacet
  facet normal -0.3681245526846781 0.9297764858882513 0
    outer loop
      vertex 2.3176274578121054 -7.132923872213651 3
      vertex 2.3176274578121054 -7.132923872213651 6
      vertex 3.193344686738043 -6.786202893495147 3
    endloop
  endfacet
  facet normal -0.4817536741017143 0.876306680043864 0
    outer loop
      vertex 3.193344686738043 -6.786202893495147 3
      vertex 3.193344686738043 -6.786202893495147 6
      vertex 4.018700962342471 -6.332459441265115 3
    endloop
  endfacet
  facet normal -0.5877852522924728 0.8090169943749477 0
    outer loop
      vertex 4.018700962342471 -6.332459441265115 3
      vertex 4.018700962342471 -6.332459441265115 6
      vertex 4.780679923115175 -5.778849320818418 3
    endloop
  endfacet
  facet normal 0 1 0
    outer loop
      vertex 0.4709288964698532 -7.485200463212037 3
      vertex -0.4709288964698532 -7.485200463212037 6
      vertex 0.4709288964698532 -7.485200463212037 6
    endloop
  endfacet
  facet normal -0.12533323356430498 0.9921147013144778 0
    outer loop
      vertex 1.4053598593929362 -7.3671543804651645 3
      vertex 0.4709288964698532 -7.485200463212037 6
      vertex 1.4053598593929362 -7.3671543804651645 6
    endloop
  endfacet
  facet normal -0.24868988716485493 0.9685831611286311 0
    outer loop
      vertex 2.3176274578121054 -7.132923872213651 3
      vertex 1.4053598593929362 -7.3671543804651645 6
      vertex 2.3176274578121054 -7.132923872213651 6
    endloop
  endfacet
  facet normal -0.3681245526846781 0.9297764858882513 0
    outer loop
      vertex 3.193344686738043 -6.786202893495147 3
      vertex 2.3176274578121054 -7.132923872213651 6
      vertex 3.193344686738043 -6.786202893495147 6
    endloop
  endfacet
  facet normal -0.4817536741017143 0.876306680043864 0
    outer loop
      vertex 4.018700962342471 -6.332459441265115 3
      vertex 3.193344686738043 -6.786202893495147 6
      vertex 4.018700962342471 -6.332459441265115 6
    endloop
  endfacet
  facet normal -0.5877852522924728 0.8090169943749477 0
    outer loop
      vertex 4.780679923115175 -5.778849320818418 3
      vertex 4.018700962342471 -6.332459441265115 6
      vertex 4.780679923115175 -5.778849320818418 6
    endloop
  endfacet
  facet normal -0.684547105928689 0.7289686274214113 0
    outer loop
      vertex 4.780679923115175 -5.778849320818418 3
      vertex 4.780679923115175 -5.778849320818418 6
      vertex 5.467264705660588 -5.134103294465164 3
    endloop
  endfacet
  facet normal -0.684547105928689 0.7289686274214113 0
    outer loop
      vertex 5.467264705660588 -5.134103294465164 3
      vertex 4.780679923115175 -5.778849320818418 6
      vertex 5.467264705660588 -5.134103294465164 6
    endloop
  endfacet
  facet normal -0.7705132427757891 0.6374239897486899 0
    outer loop
      vertex 5.467264705660588 -5.134103294465164 3
      vertex 5.467264705660588 -5.134103294465164 6
      vertex 6.067627457812106 -4.408389392193548 3
    endloop
  endfacet
  facet normal -0.8443279255020157 0.5358267949789955 0
    outer loop
      vertex 6.067627457812106 -4.408389392193548 3
      vertex 6.067627457812106 -4.408389392193548 6
      vertex 6.572300100328976 -3.6131525557628654 3
    endloop
  endfacet
  facet normal -0.904827052466019 0.4257792915650737 0
    outer loop
      vertex 6.572300100328976 -3.6131525557628654 3
      vertex 6.572300100328976 -3.6131525557628654 6
      vertex 6.973323644161884 -2.7609341451350877 3
    endloop
  endfacet
  facet normal -0.9510565162951536 0.30901699437494723 0
    outer loop
      vertex 6.973323644161884 -2.7609341451350877 3
      vertex 6.973323644161884 -2.7609341451350877 6
      vertex 7.264373708464734 -1.8651741537364082 3
    endloop
  endfacet
  facet normal -0.9822872507286887 0.18738131458572485 0
    outer loop
      vertex 7.264373708464734 -1.8651741537364082 3
      vertex 7.264373708464734 -1.8651741537364082 6
      vertex 7.440860259858584 -0.9399992517322805 3
    endloop
  endfacet
  facet normal -0.9980267284282716 0.06279051952931293 0
    outer loop
      vertex 7.440860259858584 -0.9399992517322805 3
      vertex 7.440860259858584 -0.9399992517322805 6
      vertex 7.5 0 3
    endloop
  endfacet
  facet normal -0.7705132427757891 0.6374239897486899 0
    outer loop
      vertex 6.067627457812106 -4.408389392193548 3
      vertex 5.467264705660588 -5.134103294465164 6
      vertex 6.067627457812106 -4.408389392193548 6
    endloop
  endfacet
  facet normal -0.8443279255020157 0.5358267949789955 0
    outer loop
      vertex 6.572300100328976 -3.6131525557628654 3
      vertex 6.067627457812106 -4.408389392193548 6
      vertex 6.572300100328976 -3.6131525557628654 6
    endloop
  endfacet
  facet normal -0.904827052466019 0.4257792915650737 0
    outer loop
      vertex 6.973323644161884 -2.7609341451350877 3
      vertex 6.572300100328976 -3.6131525557628654 6
      vertex 6.973323644161884 -2.7609341451350877 6
    endloop
  endfacet
  facet normal -0.9510565162951536 0.30901699437494723 0
    outer loop
      vertex 7.264373708464734 -1.8651741537364082 3
      vertex 6.973323644161884 -2.7609341451350877 6
      vertex 7.264373708464734 -1.8651741537364082 6
    endloop
  endfacet
  facet normal -0.9822872507286887 0.18738131458572485 0
    outer loop
      vertex 7.440860259858584 -0.9399992517322805 3
      vertex 7.264373708464734 -1.8651741537364082 6
      vertex 7.440860259858584 -0.9399992517322805 6
    endloop
  endfacet
  facet normal -0.9980267284282716 0.06279051952931293 0
    outer loop
      vertex 7.5 0 3
      vertex 7.440860259858584 -0.9399992517322805 6
      vertex 7.5 0 6
    endloop
  endfacet
  facet normal -0.6845471059286875 -0.7289686274214127 0
    outer loop
      vertex 5.467264705660587 5.134103294465166 -3
      vertex 4.780679923115173 5.778849320818418 -6
      vertex 5.467264705660587 5.134103294465166 -6
    endloop
  endfacet
  facet normal -0.6845471059286875 -0.7289686274214127 0
    outer loop
      vertex 5.467264705660587 5.134103294465166 -3
      vertex 4.780679923115173 5.778849320818418 -3
      vertex 4.780679923115173 5.778849320818418 -6
    endloop
  endfacet
  facet normal 0 -1 0
    outer loop
      vertex 0.4709288964698496 7.485200463212037 -3
      vertex -0.4709288964698496 7.485200463212037 -6
      vertex 0.4709288964698496 7.485200463212037 -6
    endloop
  endfacet
  facet normal -0.12533323356430384 -0.9921147013144779 0
    outer loop
      vertex 1.4053598593929342 7.367154380465165 -3
      vertex 0.4709288964698496 7.485200463212037 -6
      vertex 1.4053598593929342 7.367154380465165 -6
    endloop
  endfacet
  facet normal -0.2486898871648553 -0.968583161128631 0
    outer loop
      vertex 2.3176274578121054 7.132923872213651 -3
      vertex 1.4053598593929342 7.367154380465165 -6
      vertex 2.3176274578121054 7.132923872213651 -6
    endloop
  endfacet
  facet normal -0.36812455268467803 -0.9297764858882512 0
    outer loop
      vertex 3.1933446867380453 6.786202893495146 -3
      vertex 2.3176274578121054 7.132923872213651 -6
      vertex 3.1933446867380453 6.786202893495146 -6
    endloop
  endfacet
  facet normal -0.4817536741017145 -0.8763066800438641 0
    outer loop
      vertex 4.018700962342475 6.332459441265113 -3
      vertex 3.1933446867380453 6.786202893495146 -6
      vertex 4.018700962342475 6.332459441265113 -6
    endloop
  endfacet
  facet normal -0.5877852522924742 -0.8090169943749467 0
    outer loop
      vertex 4.780679923115173 5.778849320818418 -3
      vertex 4.018700962342475 6.332459441265113 -6
      vertex 4.780679923115173 5.778849320818418 -6
    endloop
  endfacet
  facet normal -0.12533323356430384 -0.9921147013144779 0
    outer loop
      vertex 0.4709288964698496 7.485200463212037 -3
      vertex 0.4709288964698496 7.485200463212037 -6
      vertex 1.4053598593929342 7.367154380465165 -3
    endloop
  endfacet
  facet normal -0.36812455268467803 -0.9297764858882512 0
    outer loop
      vertex 2.3176274578121054 7.132923872213651 -3
      vertex 2.3176274578121054 7.132923872213651 -6
      vertex 3.1933446867380453 6.786202893495146 -3
    endloop
  endfacet
  facet normal -0.2486898871648553 -0.968583161128631 0
    outer loop
      vertex 1.4053598593929342 7.367154380465165 -3
      vertex 1.4053598593929342 7.367154380465165 -6
      vertex 2.3176274578121054 7.132923872213651 -3
    endloop
  endfacet
  facet normal -0.4817536741017145 -0.8763066800438641 0
    outer loop
      vertex 4.018700962342475 6.332459441265113 -3
      vertex 3.1933446867380453 6.786202893495146 -3
      vertex 3.1933446867380453 6.786202893495146 -6
    endloop
  endfacet
  facet normal -0.5877852522924742 -0.8090169943749467 0
    outer loop
      vertex 4.018700962342475 6.332459441265113 -3
      vertex 4.018700962342475 6.332459441265113 -6
      vertex 4.780679923115173 5.778849320818418 -3
    endloop
  endfacet
  facet normal -0.9980267284282716 -0.06279051952931283 0
    outer loop
      vertex 7.5 0 -3
      vertex 7.440860259858584 0.9399992517322819 -6
      vertex 7.5 0 -6
    endloop
  endfacet
  facet normal -0.9822872507286885 -0.1873813145857255 0
    outer loop
      vertex 7.440860259858584 0.9399992517322819 -3
      vertex 7.264373708464733 1.865174153736411 -6
      vertex 7.440860259858584 0.9399992517322819 -6
    endloop
  endfacet
  facet normal -0.9510565162951536 -0.30901699437494734 0
    outer loop
      vertex 7.264373708464733 1.865174153736411 -3
      vertex 6.973323644161885 2.7609341451350846 -6
      vertex 7.264373708464733 1.865174153736411 -6
    endloop
  endfacet
  facet normal -0.9048270524660196 -0.42577929156507266 0
    outer loop
      vertex 6.973323644161885 2.7609341451350846 -3
      vertex 6.5723001003289765 3.613152555762865 -6
      vertex 6.973323644161885 2.7609341451350846 -6
    endloop
  endfacet
  facet normal -0.8443279255020154 -0.535826794978996 0
    outer loop
      vertex 6.5723001003289765 3.613152555762865 -3
      vertex 6.067627457812106 4.408389392193548 -6
      vertex 6.5723001003289765 3.613152555762865 -6
    endloop
  endfacet
  facet normal -0.7705132427757895 -0.6374239897486894 0
    outer loop
      vertex 6.067627457812106 4.408389392193548 -3
      vertex 5.467264705660587 5.134103294465166 -6
      vertex 6.067627457812106 4.408389392193548 -6
    endloop
  endfacet
  facet normal -0.9980267284282716 -0.06279051952931283 0
    outer loop
      vertex 7.5 0 -3
      vertex 7.440860259858584 0.9399992517322819 -3
      vertex 7.440860259858584 0.9399992517322819 -6
    endloop
  endfacet
  facet normal -0.9822872507286885 -0.1873813145857255 0
    outer loop
      vertex 7.440860259858584 0.9399992517322819 -3
      vertex 7.264373708464733 1.865174153736411 -3
      vertex 7.264373708464733 1.865174153736411 -6
    endloop
  endfacet
  facet normal -0.9510565162951536 -0.30901699437494734 0
    outer loop
      vertex 7.264373708464733 1.865174153736411 -3
      vertex 6.973323644161885 2.7609341451350846 -3
      vertex 6.973323644161885 2.7609341451350846 -6
    endloop
  endfacet
  facet normal -0.8443279255020154 -0.535826794978996 0
    outer loop
      vertex 6.067627457812106 4.408389392193548 -3
      vertex 6.067627457812106 4.408389392193548 -6
      vertex 6.5723001003289765 3.613152555762865 -3
    endloop
  endfacet
  facet normal -0.9048270524660196 -0.42577929156507266 0
    outer loop
      vertex 6.5723001003289765 3.613152555762865 -3
      vertex 6.5723001003289765 3.613152555762865 -6
      vertex 6.973323644161885 2.7609341451350846 -3
    endloop
  endfacet
  facet normal -0.7705132427757895 -0.6374239897486894 0
    outer loop
      vertex 6.067627457812106 4.408389392193548 -3
      vertex 5.467264705660587 5.134103294465166 -3
      vertex 5.467264705660587 5.134103294465166 -6
    endloop
  endfacet
  facet normal -0.6845471059286875 -0.7289686274214127 0
    outer loop
      vertex 5.467264705660587 5.134103294465166 3
      vertex 5.467264705660587 5.134103294465166 6
      vertex 4.780679923115173 5.778849320818418 3
    endloop
  endfacet
  facet normal -0.6845471059286875 -0.7289686274214127 0
    outer loop
      vertex 4.780679923115173 5.778849320818418 3
      vertex 5.467264705660587 5.134103294465166 6
      vertex 4.780679923115173 5.778849320818418 6
    endloop
  endfacet
  facet normal 0 -1 0
    outer loop
      vertex -0.4709288964698496 7.485200463212037 3
      vertex 0.4709288964698496 7.485200463212037 3
      vertex 0.4709288964698496 7.485200463212037 6
    endloop
  endfacet
  facet normal -0.1253332335643038 -0.9921147013144779 0
    outer loop
      vertex 0.4709288964698496 7.485200463212037 3
      vertex 1.4053598593929344 7.367154380465165 3
      vertex 1.4053598593929344 7.367154380465165 6
    endloop
  endfacet
  facet normal -0.24868988716485538 -0.968583161128631 0
    outer loop
      vertex 1.4053598593929344 7.367154380465165 3
      vertex 2.3176274578121054 7.132923872213651 3
      vertex 2.3176274578121054 7.132923872213651 6
    endloop
  endfacet
  facet normal -0.36812455268467803 -0.9297764858882512 0
    outer loop
      vertex 2.3176274578121054 7.132923872213651 3
      vertex 3.1933446867380453 6.786202893495146 3
      vertex 3.1933446867380453 6.786202893495146 6
    endloop
  endfacet
  facet normal -0.4817536741017145 -0.8763066800438641 0
    outer loop
      vertex 4.018700962342475 6.332459441265113 3
      vertex 4.018700962342475 6.332459441265113 6
      vertex 3.1933446867380453 6.786202893495146 3
    endloop
  endfacet
  facet normal -0.5877852522924742 -0.8090169943749467 0
    outer loop
      vertex 4.018700962342475 6.332459441265113 3
      vertex 4.780679923115173 5.778849320818418 3
      vertex 4.780679923115173 5.778849320818418 6
    endloop
  endfacet
  facet normal -0.1253332335643038 -0.9921147013144779 0
    outer loop
      vertex 0.4709288964698496 7.485200463212037 3
      vertex 1.4053598593929344 7.367154380465165 6
      vertex 0.4709288964698496 7.485200463212037 6
    endloop
  endfacet
  facet normal -0.36812455268467803 -0.9297764858882512 0
    outer loop
      vertex 2.3176274578121054 7.132923872213651 3
      vertex 3.1933446867380453 6.786202893495146 6
      vertex 2.3176274578121054 7.132923872213651 6
    endloop
  endfacet
  facet normal -0.24868988716485538 -0.968583161128631 0
    outer loop
      vertex 1.4053598593929344 7.367154380465165 3
      vertex 2.3176274578121054 7.132923872213651 6
      vertex 1.4053598593929344 7.367154380465165 6
    endloop
  endfacet
  facet normal -0.4817536741017145 -0.8763066800438641 0
    outer loop
      vertex 3.1933446867380453 6.786202893495146 3
      vertex 4.018700962342475 6.332459441265113 6
      vertex 3.1933446867380453 6.786202893495146 6
    endloop
  endfacet
  facet normal -0.5877852522924742 -0.8090169943749467 0
    outer loop
      vertex 4.018700962342475 6.332459441265113 3
      vertex 4.780679923115173 5.778849320818418 6
      vertex 4.018700962342475 6.332459441265113 6
    endloop
  endfacet
  facet normal -0.9980267284282716 -0.06279051952931283 0
    outer loop
      vertex 7.5 0 3
      vertex 7.5 0 6
      vertex 7.440860259858584 0.9399992517322819 3
    endloop
  endfacet
  facet normal -0.9822872507286885 -0.1873813145857255 0
    outer loop
      vertex 7.440860259858584 0.9399992517322819 3
      vertex 7.440860259858584 0.9399992517322819 6
      vertex 7.264373708464733 1.865174153736411 3
    endloop
  endfacet
  facet normal -0.9510565162951536 -0.30901699437494734 0
    outer loop
      vertex 7.264373708464733 1.865174153736411 3
      vertex 7.264373708464733 1.865174153736411 6
      vertex 6.973323644161885 2.7609341451350846 3
    endloop
  endfacet
  facet normal -0.9048270524660196 -0.42577929156507266 0
    outer loop
      vertex 6.5723001003289765 3.613152555762865 3
      vertex 6.973323644161885 2.7609341451350846 3
      vertex 6.973323644161885 2.7609341451350846 6
    endloop
  endfacet
  facet normal -0.8443279255020154 -0.535826794978996 0
    outer loop
      vertex 6.067627457812106 4.408389392193548 3
      vertex 6.5723001003289765 3.613152555762865 3
      vertex 6.5723001003289765 3.613152555762865 6
    endloop
  endfacet
  facet normal -0.7705132427757895 -0.6374239897486894 0
    outer loop
      vertex 6.067627457812106 4.408389392193548 3
      vertex 6.067627457812106 4.408389392193548 6
      vertex 5.467264705660587 5.134103294465166 3
    endloop
  endfacet
  facet normal -0.9980267284282716 -0.06279051952931283 0
    outer loop
      vertex 7.440860259858584 0.9399992517322819 3
      vertex 7.5 0 6
      vertex 7.440860259858584 0.9399992517322819 6
    endloop
  endfacet
  facet normal -0.9822872507286885 -0.1873813145857255 0
    outer loop
      vertex 7.264373708464733 1.865174153736411 3
      vertex 7.440860259858584 0.9399992517322819 6
      vertex 7.264373708464733 1.865174153736411 6
    endloop
  endfacet
  facet normal -0.9510565162951536 -0.30901699437494734 0
    outer loop
      vertex 6.973323644161885 2.7609341451350846 3
      vertex 7.264373708464733 1.865174153736411 6
      vertex 6.973323644161885 2.7609341451350846 6
    endloop
  endfacet
  facet normal -0.8443279255020154 -0.535826794978996 0
    outer loop
      vertex 6.067627457812106 4.408389392193548 3
      vertex 6.5723001003289765 3.613152555762865 6
      vertex 6.067627457812106 4.408389392193548 6
    endloop
  endfacet
  facet normal -0.9048270524660196 -0.42577929156507266 0
    outer loop
      vertex 6.5723001003289765 3.613152555762865 3
      vertex 6.973323644161885 2.7609341451350846 6
      vertex 6.5723001003289765 3.613152555762865 6
    endloop
  endfacet
  facet normal -0.7705132427757895 -0.6374239897486894 0
    outer loop
      vertex 5.467264705660587 5.134103294465166 3
      vertex 6.067627457812106 4.408389392193548 6
      vertex 5.467264705660587 5.134103294465166 6
    endloop
  endfacet
  facet normal -0.9048270524660192 -0.4257792915650731 0
    outer loop
      vertex -3.505226720175454 -1.9270146964068615 -3
      vertex -3.719105943553006 -1.4724982107387115 -6
      vertex -3.505226720175454 -1.9270146964068615 -6
    endloop
  endfacet
  facet normal -0.8443279255020154 -0.5358267949789962 0
    outer loop
      vertex -3.23606797749979 -2.3511410091698925 -3
      vertex -3.505226720175454 -1.9270146964068615 -6
      vertex -3.23606797749979 -2.3511410091698925 -6
    endloop
  endfacet
  facet normal -0.7705132427757891 -0.6374239897486899 0
    outer loop
      vertex -2.9158745096856467 -2.738188423714754 -3
      vertex -3.23606797749979 -2.3511410091698925 -6
      vertex -2.9158745096856467 -2.738188423714754 -6
    endloop
  endfacet
  facet normal -0.9822872507286886 -0.18738131458572496 0
    outer loop
      vertex -3.8743326445145243 -0.9947595486594194 -3
      vertex -3.9684588052579115 -0.5013329342572163 -6
      vertex -3.8743326445145243 -0.9947595486594194 -6
    endloop
  endfacet
  facet normal -0.9510565162951536 -0.30901699437494706 0
    outer loop
      vertex -3.719105943553006 -1.4724982107387115 -3
      vertex -3.8743326445145243 -0.9947595486594194 -6
      vertex -3.719105943553006 -1.4724982107387115 -6
    endloop
  endfacet
  facet normal -0.9980267284282717 -0.06279051952931311 0
    outer loop
      vertex -3.9684588052579115 -0.5013329342572163 -3
      vertex -4 0 -6
      vertex -3.9684588052579115 -0.5013329342572163 -6
    endloop
  endfacet
  facet normal -0.6845471059286891 -0.7289686274214111 0
    outer loop
      vertex -2.5496959589947585 -3.0820529711031575 -3
      vertex -2.9158745096856467 -2.738188423714754 -6
      vertex -2.5496959589947585 -3.0820529711031575 -6
    endloop
  endfacet
  facet normal -0.5877852522924727 -0.8090169943749478 0
    outer loop
      vertex -2.143307179915987 -3.37731170200806 -3
      vertex -2.5496959589947585 -3.0820529711031575 -6
      vertex -2.143307179915987 -3.37731170200806 -6
    endloop
  endfacet
  facet normal -0.481753674101715 -0.8763066800438636 0
    outer loop
      vertex -1.7031171662602897 -3.6193082098640783 -3
      vertex -2.143307179915987 -3.37731170200806 -6
      vertex -1.7031171662602897 -3.6193082098640783 -6
    endloop
  endfacet
  facet normal -0.3681245526846778 -0.9297764858882515 0
    outer loop
      vertex -1.2360679774997896 -3.804226065180614 -3
      vertex -1.7031171662602897 -3.6193082098640783 -6
      vertex -1.2360679774997896 -3.804226065180614 -6
    endloop
  endfacet
  facet normal -0.248689887164855 -0.9685831611286311 0
    outer loop
      vertex -0.7495252583428993 -3.9291490029147544 -3
      vertex -1.2360679774997896 -3.804226065180614 -6
      vertex -0.7495252583428993 -3.9291490029147544 -6
    endloop
  endfacet
  facet normal -0.12533323356430498 -0.9921147013144777 0
    outer loop
      vertex -0.25116207811725505 -3.9921069137130862 -3
      vertex -0.7495252583428993 -3.9291490029147544 -6
      vertex -0.25116207811725505 -3.9921069137130862 -6
    endloop
  endfacet
  facet normal -0.9048270524660192 -0.4257792915650731 0
    outer loop
      vertex -3.505226720175454 -1.9270146964068615 -3
      vertex -3.719105943553006 -1.4724982107387115 -3
      vertex -3.719105943553006 -1.4724982107387115 -6
    endloop
  endfacet
  facet normal -0.7705132427757891 -0.6374239897486899 0
    outer loop
      vertex -3.23606797749979 -2.3511410091698925 -3
      vertex -3.23606797749979 -2.3511410091698925 -6
      vertex -2.9158745096856467 -2.738188423714754 -3
    endloop
  endfacet
  facet normal -0.8443279255020154 -0.5358267949789962 0
    outer loop
      vertex -3.23606797749979 -2.3511410091698925 -3
      vertex -3.505226720175454 -1.9270146964068615 -3
      vertex -3.505226720175454 -1.9270146964068615 -6
    endloop
  endfacet
  facet normal -0.9510565162951536 -0.30901699437494706 0
    outer loop
      vertex -3.719105943553006 -1.4724982107387115 -3
      vertex -3.8743326445145243 -0.9947595486594194 -3
      vertex -3.8743326445145243 -0.9947595486594194 -6
    endloop
  endfacet
  facet normal -0.9822872507286886 -0.18738131458572496 0
    outer loop
      vertex -3.9684588052579115 -0.5013329342572163 -3
      vertex -3.9684588052579115 -0.5013329342572163 -6
      vertex -3.8743326445145243 -0.9947595486594194 -3
    endloop
  endfacet
  facet normal -0.9980267284282717 -0.06279051952931311 0
    outer loop
      vertex -3.9684588052579115 -0.5013329342572163 -3
      vertex -4 0 -3
      vertex -4 0 -6
    endloop
  endfacet
  facet normal -0.6845471059286891 -0.7289686274214111 0
    outer loop
      vertex -2.9158745096856467 -2.738188423714754 -3
      vertex -2.9158745096856467 -2.738188423714754 -6
      vertex -2.5496959589947585 -3.0820529711031575 -3
    endloop
  endfacet
  facet normal -0.5877852522924727 -0.8090169943749478 0
    outer loop
      vertex -2.5496959589947585 -3.0820529711031575 -3
      vertex -2.5496959589947585 -3.0820529711031575 -6
      vertex -2.143307179915987 -3.37731170200806 -3
    endloop
  endfacet
  facet normal -0.3681245526846778 -0.9297764858882515 0
    outer loop
      vertex -1.7031171662602897 -3.6193082098640783 -3
      vertex -1.7031171662602897 -3.6193082098640783 -6
      vertex -1.2360679774997896 -3.804226065180614 -3
    endloop
  endfacet
  facet normal -0.481753674101715 -0.8763066800438636 0
    outer loop
      vertex -2.143307179915987 -3.37731170200806 -3
      vertex -2.143307179915987 -3.37731170200806 -6
      vertex -1.7031171662602897 -3.6193082098640783 -3
    endloop
  endfacet
  facet normal -0.248689887164855 -0.9685831611286311 0
    outer loop
      vertex -1.2360679774997896 -3.804226065180614 -3
      vertex -1.2360679774997896 -3.804226065180614 -6
      vertex -0.7495252583428993 -3.9291490029147544 -3
    endloop
  endfacet
  facet normal -0.12533323356430498 -0.9921147013144777 0
    outer loop
      vertex -0.7495252583428993 -3.9291490029147544 -3
      vertex -0.7495252583428993 -3.9291490029147544 -6
      vertex -0.25116207811725505 -3.9921069137130862 -3
    endloop
  endfacet
  facet normal 0 -1 0
    outer loop
      vertex -0.25116207811725505 -3.9921069137130862 -3
      vertex -0.25116207811725505 -3.9921069137130862 -6
      vertex 0.25116207811725505 -3.9921069137130862 -3
    endloop
  endfacet
  facet normal -0.9048270524660192 -0.4257792915650731 0
    outer loop
      vertex -3.505226720175454 -1.9270146964068615 3
      vertex -3.505226720175454 -1.9270146964068615 6
      vertex -3.719105943553006 -1.4724982107387115 3
    endloop
  endfacet
  facet normal -0.8443279255020154 -0.5358267949789962 0
    outer loop
      vertex -3.23606797749979 -2.3511410091698925 3
      vertex -3.23606797749979 -2.3511410091698925 6
      vertex -3.505226720175454 -1.9270146964068615 3
    endloop
  endfacet
  facet normal -0.7705132427757891 -0.6374239897486899 0
    outer loop
      vertex -3.23606797749979 -2.3511410091698925 3
      vertex -2.9158745096856467 -2.738188423714754 3
      vertex -2.9158745096856467 -2.738188423714754 6
    endloop
  endfacet
  facet normal -0.9822872507286886 -0.18738131458572496 0
    outer loop
      vertex -3.9684588052579115 -0.5013329342572163 3
      vertex -3.8743326445145243 -0.9947595486594194 3
      vertex -3.8743326445145243 -0.9947595486594194 6
    endloop
  endfacet
  facet normal -0.9510565162951536 -0.30901699437494706 0
    outer loop
      vertex -3.719105943553006 -1.4724982107387115 3
      vertex -3.719105943553006 -1.4724982107387115 6
      vertex -3.8743326445145243 -0.9947595486594194 3
    endloop
  endfacet
  facet normal -0.9980267284282717 -0.06279051952931311 0
    outer loop
      vertex -3.9684588052579115 -0.5013329342572163 3
      vertex -3.9684588052579115 -0.5013329342572163 6
      vertex -4 0 3
    endloop
  endfacet
  facet normal -0.6845471059286891 -0.7289686274214111 0
    outer loop
      vertex -2.9158745096856467 -2.738188423714754 3
      vertex -2.5496959589947585 -3.0820529711031575 3
      vertex -2.5496959589947585 -3.0820529711031575 6
    endloop
  endfacet
  facet normal -0.5877852522924727 -0.8090169943749478 0
    outer loop
      vertex -2.5496959589947585 -3.0820529711031575 3
      vertex -2.143307179915987 -3.37731170200806 3
      vertex -2.143307179915987 -3.37731170200806 6
    endloop
  endfacet
  facet normal -0.481753674101715 -0.8763066800438636 0
    outer loop
      vertex -2.143307179915987 -3.37731170200806 3
      vertex -1.7031171662602897 -3.6193082098640783 3
      vertex -1.7031171662602897 -3.6193082098640783 6
    endloop
  endfacet
  facet normal -0.3681245526846778 -0.9297764858882515 0
    outer loop
      vertex -1.7031171662602897 -3.6193082098640783 3
      vertex -1.2360679774997896 -3.804226065180614 3
      vertex -1.2360679774997896 -3.804226065180614 6
    endloop
  endfacet
  facet normal -0.248689887164855 -0.9685831611286311 0
    outer loop
      vertex -1.2360679774997896 -3.804226065180614 3
      vertex -0.7495252583428993 -3.9291490029147544 3
      vertex -0.7495252583428993 -3.9291490029147544 6
    endloop
  endfacet
  facet normal -0.12533323356430498 -0.9921147013144777 0
    outer loop
      vertex -0.7495252583428993 -3.9291490029147544 3
      vertex -0.25116207811725505 -3.9921069137130862 3
      vertex -0.25116207811725505 -3.9921069137130862 6
    endloop
  endfacet
  facet normal -0.9048270524660192 -0.4257792915650731 0
    outer loop
      vertex -3.719105943553006 -1.4724982107387115 3
      vertex -3.505226720175454 -1.9270146964068615 6
      vertex -3.719105943553006 -1.4724982107387115 6
    endloop
  endfacet
  facet normal -0.7705132427757891 -0.6374239897486899 0
    outer loop
      vertex -3.23606797749979 -2.3511410091698925 3
      vertex -2.9158745096856467 -2.738188423714754 6
      vertex -3.23606797749979 -2.3511410091698925 6
    endloop
  endfacet
  facet normal -0.8443279255020154 -0.5358267949789962 0
    outer loop
      vertex -3.505226720175454 -1.9270146964068615 3
      vertex -3.23606797749979 -2.3511410091698925 6
      vertex -3.505226720175454 -1.9270146964068615 6
    endloop
  endfacet
  facet normal -0.9510565162951536 -0.30901699437494706 0
    outer loop
      vertex -3.8743326445145243 -0.9947595486594194 3
      vertex -3.719105943553006 -1.4724982107387115 6
      vertex -3.8743326445145243 -0.9947595486594194 6
    endloop
  endfacet
  facet normal -0.9822872507286886 -0.18738131458572496 0
    outer loop
      vertex -3.9684588052579115 -0.5013329342572163 3
      vertex -3.8743326445145243 -0.9947595486594194 6
      vertex -3.9684588052579115 -0.5013329342572163 6
    endloop
  endfacet
  facet normal -0.9980267284282717 -0.06279051952931311 0
    outer loop
      vertex -4 0 3
      vertex -3.9684588052579115 -0.5013329342572163 6
      vertex -4 0 6
    endloop
  endfacet
  facet normal -0.6845471059286891 -0.7289686274214111 0
    outer loop
      vertex -2.9158745096856467 -2.738188423714754 3
      vertex -2.5496959589947585 -3.0820529711031575 6
      vertex -2.9158745096856467 -2.738188423714754 6
    endloop
  endfacet
  facet normal -0.5877852522924727 -0.8090169943749478 0
    outer loop
      vertex -2.5496959589947585 -3.0820529711031575 3
      vertex -2.143307179915987 -3.37731170200806 6
      vertex -2.5496959589947585 -3.0820529711031575 6
    endloop
  endfacet
  facet normal -0.3681245526846778 -0.9297764858882515 0
    outer loop
      vertex -1.7031171662602897 -3.6193082098640783 3
      vertex -1.2360679774997896 -3.804226065180614 6
      vertex -1.7031171662602897 -3.6193082098640783 6
    endloop
  endfacet
  facet normal -0.481753674101715 -0.8763066800438636 0
    outer loop
      vertex -2.143307179915987 -3.37731170200806 3
      vertex -1.7031171662602897 -3.6193082098640783 6
      vertex -2.143307179915987 -3.37731170200806 6
    endloop
  endfacet
  facet normal -0.248689887164855 -0.9685831611286311 0
    outer loop
      vertex -1.2360679774997896 -3.804226065180614 3
      vertex -0.7495252583428993 -3.9291490029147544 6
      vertex -1.2360679774997896 -3.804226065180614 6
    endloop
  endfacet
  facet normal -0.12533323356430498 -0.9921147013144777 0
    outer loop
      vertex -0.7495252583428993 -3.9291490029147544 3
      vertex -0.25116207811725505 -3.9921069137130862 6
      vertex -0.7495252583428993 -3.9291490029147544 6
    endloop
  endfacet
  facet normal 0 -1 0
    outer loop
      vertex -0.25116207811725505 -3.9921069137130862 3
      vertex 0.25116207811725505 -3.9921069137130862 6
      vertex -0.25116207811725505 -3.9921069137130862 6
    endloop
  endfacet
  facet normal -0.9980267284282717 0.06279051952931311 0
    outer loop
      vertex -4 0 -3
      vertex -3.9684588052579115 0.5013329342572163 -6
      vertex -4 0 -6
    endloop
  endfacet
  facet normal -0.9822872507286886 0.18738131458572496 0
    outer loop
      vertex -3.9684588052579115 0.5013329342572163 -3
      vertex -3.8743326445145243 0.9947595486594194 -6
      vertex -3.9684588052579115 0.5013329342572163 -6
    endloop
  endfacet
  facet normal -0.9510565162951536 0.30901699437494706 0
    outer loop
      vertex -3.8743326445145243 0.9947595486594194 -3
      vertex -3.719105943553006 1.4724982107387115 -6
      vertex -3.8743326445145243 0.9947595486594194 -6
    endloop
  endfacet
  facet normal -0.9048270524660192 0.4257792915650731 0
    outer loop
      vertex -3.719105943553006 1.4724982107387115 -3
      vertex -3.505226720175454 1.9270146964068615 -6
      vertex -3.719105943553006 1.4724982107387115 -6
    endloop
  endfacet
  facet normal -0.8443279255020154 0.5358267949789962 0
    outer loop
      vertex -3.505226720175454 1.9270146964068615 -3
      vertex -3.23606797749979 2.3511410091698925 -6
      vertex -3.505226720175454 1.9270146964068615 -6
    endloop
  endfacet
  facet normal -0.7705132427757891 0.6374239897486899 0
    outer loop
      vertex -3.23606797749979 2.3511410091698925 -3
      vertex -2.9158745096856467 2.738188423714754 -6
      vertex -3.23606797749979 2.3511410091698925 -6
    endloop
  endfacet
  facet normal -0.6845471059286891 0.7289686274214111 0
    outer loop
      vertex -2.9158745096856467 2.738188423714754 -3
      vertex -2.5496959589947585 3.0820529711031575 -6
      vertex -2.9158745096856467 2.738188423714754 -6
    endloop
  endfacet
  facet normal -0.5877852522924727 0.8090169943749478 0
    outer loop
      vertex -2.5496959589947585 3.0820529711031575 -3
      vertex -2.143307179915987 3.37731170200806 -6
      vertex -2.5496959589947585 3.0820529711031575 -6
    endloop
  endfacet
  facet normal -0.4817536741017153 0.8763066800438636 0
    outer loop
      vertex -2.143307179915987 3.37731170200806 -3
      vertex -1.7031171662602909 3.619308209864078 -6
      vertex -2.143307179915987 3.37731170200806 -6
    endloop
  endfacet
  facet normal -0.36812455268467786 0.9297764858882515 0
    outer loop
      vertex -1.7031171662602909 3.619308209864078 -3
      vertex -1.2360679774997896 3.804226065180614 -6
      vertex -1.7031171662602909 3.619308209864078 -6
    endloop
  endfacet
  facet normal -0.24868988716485535 0.968583161128631 0
    outer loop
      vertex -1.2360679774997896 3.804226065180614 -3
      vertex -0.7495252583428983 3.929149002914755 -6
      vertex -1.2360679774997896 3.804226065180614 -6
    endloop
  endfacet
  facet normal -0.1253332335643038 0.9921147013144779 0
    outer loop
      vertex -0.7495252583428983 3.929149002914755 -3
      vertex -0.25116207811725283 3.9921069137130862 -6
      vertex -0.7495252583428983 3.929149002914755 -6
    endloop
  endfacet
  facet normal 0 1 0
    outer loop
      vertex -0.2511620781172528 3.9921069137130862 -3
      vertex 0.251162078117253 3.9921069137130862 -6
      vertex -0.25116207811725283 3.9921069137130862 -6
    endloop
  endfacet
  facet normal -0.9980267284282717 0.06279051952931311 0
    outer loop
      vertex -4 0 -3
      vertex -3.9684588052579115 0.5013329342572163 -3
      vertex -3.9684588052579115 0.5013329342572163 -6
    endloop
  endfacet
  facet normal -0.9822872507286886 0.18738131458572496 0
    outer loop
      vertex -3.9684588052579115 0.5013329342572163 -3
      vertex -3.8743326445145243 0.9947595486594194 -3
      vertex -3.8743326445145243 0.9947595486594194 -6
    endloop
  endfacet
  facet normal -0.9510565162951536 0.30901699437494706 0
    outer loop
      vertex -3.8743326445145243 0.9947595486594194 -3
      vertex -3.719105943553006 1.4724982107387115 -3
      vertex -3.719105943553006 1.4724982107387115 -6
    endloop
  endfacet
  facet normal -0.9048270524660192 0.4257792915650731 0
    outer loop
      vertex -3.719105943553006 1.4724982107387115 -3
      vertex -3.505226720175454 1.9270146964068615 -3
      vertex -3.505226720175454 1.9270146964068615 -6
    endloop
  endfacet
  facet normal -0.8443279255020154 0.5358267949789962 0
    outer loop
      vertex -3.505226720175454 1.9270146964068615 -3
      vertex -3.23606797749979 2.3511410091698925 -3
      vertex -3.23606797749979 2.3511410091698925 -6
    endloop
  endfacet
  facet normal -0.7705132427757891 0.6374239897486899 0
    outer loop
      vertex -3.23606797749979 2.3511410091698925 -3
      vertex -2.9158745096856467 2.738188423714754 -3
      vertex -2.9158745096856467 2.738188423714754 -6
    endloop
  endfacet
  facet normal -0.6845471059286891 0.7289686274214111 0
    outer loop
      vertex -2.9158745096856467 2.738188423714754 -3
      vertex -2.5496959589947585 3.0820529711031575 -3
      vertex -2.5496959589947585 3.0820529711031575 -6
    endloop
  endfacet
  facet normal -0.5877852522924727 0.8090169943749478 0
    outer loop
      vertex -2.5496959589947585 3.0820529711031575 -3
      vertex -2.143307179915987 3.37731170200806 -3
      vertex -2.143307179915987 3.37731170200806 -6
    endloop
  endfacet
  facet normal -0.4817536741017153 0.8763066800438636 0
    outer loop
      vertex -2.143307179915987 3.37731170200806 -3
      vertex -1.7031171662602909 3.619308209864078 -3
      vertex -1.7031171662602909 3.619308209864078 -6
    endloop
  endfacet
  facet normal -0.36812455268467786 0.9297764858882515 0
    outer loop
      vertex -1.7031171662602909 3.619308209864078 -3
      vertex -1.2360679774997896 3.804226065180614 -3
      vertex -1.2360679774997896 3.804226065180614 -6
    endloop
  endfacet
  facet normal -0.24868988716485535 0.968583161128631 0
    outer loop
      vertex -1.2360679774997896 3.804226065180614 -3
      vertex -0.7495252583428983 3.929149002914755 -3
      vertex -0.7495252583428983 3.929149002914755 -6
    endloop
  endfacet
  facet normal -0.12533323356430376 0.9921147013144779 4.604525993681153e-18
    outer loop
      vertex -0.7495252583428983 3.929149002914755 -3
      vertex -0.2511620781172528 3.9921069137130862 -3
      vertex -0.25116207811725283 3.9921069137130862 -6
    endloop
  endfacet
  facet normal -0.9980267284282717 0.06279051952931311 0
    outer loop
      vertex -4 0 3
      vertex -4 0 6
      vertex -3.9684588052579115 0.5013329342572163 3
    endloop
  endfacet
  facet normal -0.9822872507286886 0.18738131458572496 0
    outer loop
      vertex -3.9684588052579115 0.5013329342572163 3
      vertex -3.9684588052579115 0.5013329342572163 6
      vertex -3.8743326445145243 0.9947595486594194 3
    endloop
  endfacet
  facet normal -0.9510565162951536 0.30901699437494706 0
    outer loop
      vertex -3.8743326445145243 0.9947595486594194 3
      vertex -3.8743326445145243 0.9947595486594194 6
      vertex -3.719105943553006 1.4724982107387115 3
    endloop
  endfacet
  facet normal -0.9048270524660192 0.4257792915650731 0
    outer loop
      vertex -3.719105943553006 1.4724982107387115 3
      vertex -3.719105943553006 1.4724982107387115 6
      vertex -3.505226720175454 1.9270146964068615 3
    endloop
  endfacet
  facet normal -0.8443279255020154 0.5358267949789962 0
    outer loop
      vertex -3.505226720175454 1.9270146964068615 3
      vertex -3.505226720175454 1.9270146964068615 6
      vertex -3.23606797749979 2.3511410091698925 3
    endloop
  endfacet
  facet normal -0.7705132427757891 0.6374239897486899 0
    outer loop
      vertex -3.23606797749979 2.3511410091698925 3
      vertex -3.23606797749979 2.3511410091698925 6
      vertex -2.9158745096856467 2.738188423714754 3
    endloop
  endfacet
  facet normal -0.6845471059286891 0.7289686274214111 0
    outer loop
      vertex -2.9158745096856467 2.738188423714754 3
      vertex -2.9158745096856467 2.738188423714754 6
      vertex -2.5496959589947585 3.0820529711031575 3
    endloop
  endfacet
  facet normal -0.5877852522924727 0.8090169943749478 0
    outer loop
      vertex -2.5496959589947585 3.0820529711031575 3
      vertex -2.5496959589947585 3.0820529711031575 6
      vertex -2.143307179915987 3.37731170200806 3
    endloop
  endfacet
  facet normal -0.4817536741017153 0.8763066800438636 0
    outer loop
      vertex -2.143307179915987 3.37731170200806 3
      vertex -2.143307179915987 3.37731170200806 6
      vertex -1.7031171662602909 3.619308209864078 3
    endloop
  endfacet
  facet normal -0.36812455268467786 0.9297764858882515 0
    outer loop
      vertex -1.7031171662602909 3.619308209864078 3
      vertex -1.7031171662602909 3.619308209864078 6
      vertex -1.2360679774997896 3.804226065180614 3
    endloop
  endfacet
  facet normal -0.24868988716485535 0.968583161128631 0
    outer loop
      vertex -1.2360679774997896 3.804226065180614 3
      vertex -1.2360679774997896 3.804226065180614 6
      vertex -0.7495252583428983 3.929149002914755 3
    endloop
  endfacet
  facet normal -0.12533323356430387 0.9921147013144779 0
    outer loop
      vertex -0.7495252583428983 3.929149002914755 3
      vertex -0.7495252583428983 3.929149002914755 6
      vertex -0.2511620781172531 3.9921069137130862 3
    endloop
  endfacet
  facet normal 0 1 0
    outer loop
      vertex -0.2511620781172531 3.9921069137130862 3
      vertex -0.251162078117253 3.9921069137130862 6
      vertex 0.2511620781172528 3.9921069137130862 3
    endloop
  endfacet
  facet normal -0.9980267284282717 0.06279051952931311 0
    outer loop
      vertex -3.9684588052579115 0.5013329342572163 3
      vertex -4 0 6
      vertex -3.9684588052579115 0.5013329342572163 6
    endloop
  endfacet
  facet normal -0.9822872507286886 0.18738131458572496 0
    outer loop
      vertex -3.8743326445145243 0.9947595486594194 3
      vertex -3.9684588052579115 0.5013329342572163 6
      vertex -3.8743326445145243 0.9947595486594194 6
    endloop
  endfacet
  facet normal -0.9510565162951536 0.30901699437494706 0
    outer loop
      vertex -3.719105943553006 1.4724982107387115 3
      vertex -3.8743326445145243 0.9947595486594194 6
      vertex -3.719105943553006 1.4724982107387115 6
    endloop
  endfacet
  facet normal -0.9048270524660192 0.4257792915650731 0
    outer loop
      vertex -3.505226720175454 1.9270146964068615 3
      vertex -3.719105943553006 1.4724982107387115 6
      vertex -3.505226720175454 1.9270146964068615 6
    endloop
  endfacet
  facet normal -0.8443279255020154 0.5358267949789962 0
    outer loop
      vertex -3.23606797749979 2.3511410091698925 3
      vertex -3.505226720175454 1.9270146964068615 6
      vertex -3.23606797749979 2.3511410091698925 6
    endloop
  endfacet
  facet normal -0.7705132427757891 0.6374239897486899 0
    outer loop
      vertex -2.9158745096856467 2.738188423714754 3
      vertex -3.23606797749979 2.3511410091698925 6
      vertex -2.9158745096856467 2.738188423714754 6
    endloop
  endfacet
  facet normal -0.6845471059286891 0.7289686274214111 0
    outer loop
      vertex -2.5496959589947585 3.0820529711031575 3
      vertex -2.9158745096856467 2.738188423714754 6
      vertex -2.5496959589947585 3.0820529711031575 6
    endloop
  endfacet
  facet normal -0.5877852522924727 0.8090169943749478 0
    outer loop
      vertex -2.143307179915987 3.37731170200806 3
      vertex -2.5496959589947585 3.0820529711031575 6
      vertex -2.143307179915987 3.37731170200806 6
    endloop
  endfacet
  facet normal -0.4817536741017153 0.8763066800438636 0
    outer loop
      vertex -1.7031171662602909 3.619308209864078 3
      vertex -2.143307179915987 3.37731170200806 6
      vertex -1.7031171662602909 3.619308209864078 6
    endloop
  endfacet
  facet normal -0.36812455268467786 0.9297764858882515 0
    outer loop
      vertex -1.2360679774997896 3.804226065180614 3
      vertex -1.7031171662602909 3.619308209864078 6
      vertex -1.2360679774997896 3.804226065180614 6
    endloop
  endfacet
  facet normal -0.24868988716485535 0.968583161128631 0
    outer loop
      vertex -0.7495252583428983 3.929149002914755 3
      vertex -1.2360679774997896 3.804226065180614 6
      vertex -0.7495252583428983 3.929149002914755 6
    endloop
  endfacet
  facet normal -0.12533323356430384 0.9921147013144779 4.63826138846042e-18
    outer loop
      vertex -0.2511620781172531 3.9921069137130862 3
      vertex -0.7495252583428983 3.929149002914755 6
      vertex -0.251162078117253 3.9921069137130862 6
    endloop
  endfacet
  facet normal 0 -1 0
    outer loop
      vertex 0.25116207811725505 -3.9921069137130862 -3
      vertex -0.25116207811725505 -3.9921069137130862 -6
      vertex 0.25116207811725505 -3.9921069137130862 -6
    endloop
  endfacet
  facet normal 0.12533323356430498 -0.9921147013144777 0
    outer loop
      vertex 0.7495252583428993 -3.9291490029147544 -3
      vertex 0.25116207811725505 -3.9921069137130862 -6
      vertex 0.7495252583428993 -3.9291490029147544 -6
    endloop
  endfacet
  facet normal 0.248689887164855 -0.9685831611286311 0
    outer loop
      vertex 1.2360679774997896 -3.804226065180614 -3
      vertex 0.7495252583428993 -3.9291490029147544 -6
      vertex 1.2360679774997896 -3.804226065180614 -6
    endloop
  endfacet
  facet normal 0.3681245526846778 -0.9297764858882515 0
    outer loop
      vertex 1.7031171662602897 -3.6193082098640783 -3
      vertex 1.2360679774997896 -3.804226065180614 -6
      vertex 1.7031171662602897 -3.6193082098640783 -6
    endloop
  endfacet
  facet normal 0.4817536741017149 -0.8763066800438638 0
    outer loop
      vertex 2.143307179915985 -3.377311702008061 -3
      vertex 1.7031171662602897 -3.6193082098640783 -6
      vertex 2.143307179915985 -3.377311702008061 -6
    endloop
  endfacet
  facet normal 0.5877852522924728 -0.8090169943749477 0
    outer loop
      vertex 2.54969595899476 -3.082052971103156 -3
      vertex 2.143307179915985 -3.377311702008061 -6
      vertex 2.54969595899476 -3.082052971103156 -6
    endloop
  endfacet
  facet normal 0.6845471059286891 -0.7289686274214112 0
    outer loop
      vertex 2.9158745096856467 -2.738188423714754 -3
      vertex 2.54969595899476 -3.082052971103156 -6
      vertex 2.9158745096856467 -2.738188423714754 -6
    endloop
  endfacet
  facet normal 0.7705132427757891 -0.6374239897486899 0
    outer loop
      vertex 3.23606797749979 -2.3511410091698925 -3
      vertex 2.9158745096856467 -2.738188423714754 -6
      vertex 3.23606797749979 -2.3511410091698925 -6
    endloop
  endfacet
  facet normal 0.8443279255020154 -0.5358267949789962 0
    outer loop
      vertex 3.505226720175454 -1.9270146964068615 -3
      vertex 3.23606797749979 -2.3511410091698925 -6
      vertex 3.505226720175454 -1.9270146964068615 -6
    endloop
  endfacet
  facet normal 0.9048270524660192 -0.4257792915650732 0
    outer loop
      vertex 3.719105943553005 -1.4724982107387135 -3
      vertex 3.505226720175454 -1.9270146964068615 -6
      vertex 3.719105943553005 -1.4724982107387135 -6
    endloop
  endfacet
  facet normal 0.9510565162951536 -0.3090169943749474 0
    outer loop
      vertex 3.8743326445145247 -0.9947595486594177 -3
      vertex 3.719105943553005 -1.4724982107387135 -6
      vertex 3.8743326445145247 -0.9947595486594177 -6
    endloop
  endfacet
  facet normal 0.9822872507286887 -0.1873813145857247 0
    outer loop
      vertex 3.9684588052579115 -0.5013329342572163 -3
      vertex 3.8743326445145247 -0.9947595486594177 -6
      vertex 3.9684588052579115 -0.5013329342572163 -6
    endloop
  endfacet
  facet normal 0.9980267284282717 -0.06279051952931311 0
    outer loop
      vertex 4 0 -3
      vertex 3.9684588052579115 -0.5013329342572163 -6
      vertex 4 0 -6
    endloop
  endfacet
  facet normal 0.12533323356430498 -0.9921147013144777 0
    outer loop
      vertex 0.25116207811725505 -3.9921069137130862 -3
      vertex 0.25116207811725505 -3.9921069137130862 -6
      vertex 0.7495252583428993 -3.9291490029147544 -3
    endloop
  endfacet
  facet normal 0.248689887164855 -0.9685831611286311 0
    outer loop
      vertex 0.7495252583428993 -3.9291490029147544 -3
      vertex 0.7495252583428993 -3.9291490029147544 -6
      vertex 1.2360679774997896 -3.804226065180614 -3
    endloop
  endfacet
  facet normal 0.3681245526846778 -0.9297764858882515 0
    outer loop
      vertex 1.2360679774997896 -3.804226065180614 -3
      vertex 1.2360679774997896 -3.804226065180614 -6
      vertex 1.7031171662602897 -3.6193082098640783 -3
    endloop
  endfacet
  facet normal 0.4817536741017149 -0.8763066800438638 0
    outer loop
      vertex 1.7031171662602897 -3.6193082098640783 -3
      vertex 1.7031171662602897 -3.6193082098640783 -6
      vertex 2.143307179915985 -3.377311702008061 -3
    endloop
  endfacet
  facet normal 0.5877852522924728 -0.8090169943749477 0
    outer loop
      vertex 2.143307179915985 -3.377311702008061 -3
      vertex 2.143307179915985 -3.377311702008061 -6
      vertex 2.54969595899476 -3.082052971103156 -3
    endloop
  endfacet
  facet normal 0.6845471059286891 -0.7289686274214112 0
    outer loop
      vertex 2.54969595899476 -3.082052971103156 -3
      vertex 2.54969595899476 -3.082052971103156 -6
      vertex 2.9158745096856467 -2.738188423714754 -3
    endloop
  endfacet
  facet normal 0.7705132427757891 -0.6374239897486899 0
    outer loop
      vertex 2.9158745096856467 -2.738188423714754 -3
      vertex 2.9158745096856467 -2.738188423714754 -6
      vertex 3.23606797749979 -2.3511410091698925 -3
    endloop
  endfacet
  facet normal 0.8443279255020154 -0.5358267949789962 0
    outer loop
      vertex 3.23606797749979 -2.3511410091698925 -3
      vertex 3.23606797749979 -2.3511410091698925 -6
      vertex 3.505226720175454 -1.9270146964068615 -3
    endloop
  endfacet
  facet normal 0.9048270524660192 -0.4257792915650732 0
    outer loop
      vertex 3.505226720175454 -1.9270146964068615 -3
      vertex 3.505226720175454 -1.9270146964068615 -6
      vertex 3.719105943553005 -1.4724982107387135 -3
    endloop
  endfacet
  facet normal 0.9510565162951536 -0.3090169943749474 0
    outer loop
      vertex 3.719105943553005 -1.4724982107387135 -3
      vertex 3.719105943553005 -1.4724982107387135 -6
      vertex 3.8743326445145247 -0.9947595486594177 -3
    endloop
  endfacet
  facet normal 0.9822872507286887 -0.1873813145857247 0
    outer loop
      vertex 3.8743326445145247 -0.9947595486594177 -3
      vertex 3.8743326445145247 -0.9947595486594177 -6
      vertex 3.9684588052579115 -0.5013329342572163 -3
    endloop
  endfacet
  facet normal 0.9980267284282717 -0.06279051952931311 0
    outer loop
      vertex 3.9684588052579115 -0.5013329342572163 -3
      vertex 3.9684588052579115 -0.5013329342572163 -6
      vertex 4 0 -3
    endloop
  endfacet
  facet normal 0 -1 0
    outer loop
      vertex -0.25116207811725505 -3.9921069137130862 3
      vertex 0.25116207811725505 -3.9921069137130862 3
      vertex 0.25116207811725505 -3.9921069137130862 6
    endloop
  endfacet
  facet normal 0.12533323356430498 -0.9921147013144777 0
    outer loop
      vertex 0.25116207811725505 -3.9921069137130862 3
      vertex 0.7495252583428993 -3.9291490029147544 3
      vertex 0.7495252583428993 -3.9291490029147544 6
    endloop
  endfacet
  facet normal 0.248689887164855 -0.9685831611286311 0
    outer loop
      vertex 0.7495252583428993 -3.9291490029147544 3
      vertex 1.2360679774997896 -3.804226065180614 3
      vertex 1.2360679774997896 -3.804226065180614 6
    endloop
  endfacet
  facet normal 0.3681245526846778 -0.9297764858882515 0
    outer loop
      vertex 1.2360679774997896 -3.804226065180614 3
      vertex 1.7031171662602897 -3.6193082098640783 3
      vertex 1.7031171662602897 -3.6193082098640783 6
    endloop
  endfacet
  facet normal 0.4817536741017149 -0.8763066800438638 0
    outer loop
      vertex 1.7031171662602897 -3.6193082098640783 3
      vertex 2.143307179915985 -3.377311702008061 3
      vertex 2.143307179915985 -3.377311702008061 6
    endloop
  endfacet
  facet normal 0.5877852522924728 -0.8090169943749477 0
    outer loop
      vertex 2.143307179915985 -3.377311702008061 3
      vertex 2.54969595899476 -3.082052971103156 3
      vertex 2.54969595899476 -3.082052971103156 6
    endloop
  endfacet
  facet normal 0.6845471059286891 -0.7289686274214112 0
    outer loop
      vertex 2.54969595899476 -3.082052971103156 3
      vertex 2.9158745096856467 -2.738188423714754 3
      vertex 2.9158745096856467 -2.738188423714754 6
    endloop
  endfacet
  facet normal 0.7705132427757891 -0.6374239897486899 0
    outer loop
      vertex 2.9158745096856467 -2.738188423714754 3
      vertex 3.23606797749979 -2.3511410091698925 3
      vertex 3.23606797749979 -2.3511410091698925 6
    endloop
  endfacet
  facet normal 0.8443279255020154 -0.5358267949789962 0
    outer loop
      vertex 3.23606797749979 -2.3511410091698925 3
      vertex 3.505226720175454 -1.9270146964068615 3
      vertex 3.505226720175454 -1.9270146964068615 6
    endloop
  endfacet
  facet normal 0.9048270524660192 -0.4257792915650732 0
    outer loop
      vertex 3.505226720175454 -1.9270146964068615 3
      vertex 3.719105943553005 -1.4724982107387135 3
      vertex 3.719105943553005 -1.4724982107387135 6
    endloop
  endfacet
  facet normal 0.9510565162951536 -0.3090169943749474 0
    outer loop
      vertex 3.719105943553005 -1.4724982107387135 3
      vertex 3.8743326445145247 -0.9947595486594177 3
      vertex 3.8743326445145247 -0.9947595486594177 6
    endloop
  endfacet
  facet normal 0.9822872507286887 -0.1873813145857247 0
    outer loop
      vertex 3.8743326445145247 -0.9947595486594177 3
      vertex 3.9684588052579115 -0.5013329342572163 3
      vertex 3.9684588052579115 -0.5013329342572163 6
    endloop
  endfacet
  facet normal 0.9980267284282717 -0.06279051952931311 0
    outer loop
      vertex 3.9684588052579115 -0.5013329342572163 3
      vertex 4 0 3
      vertex 4 0 6
    endloop
  endfacet
  facet normal 0.12533323356430498 -0.9921147013144777 0
    outer loop
      vertex 0.25116207811725505 -3.9921069137130862 3
      vertex 0.7495252583428993 -3.9291490029147544 6
      vertex 0.25116207811725505 -3.9921069137130862 6
    endloop
  endfacet
  facet normal 0.248689887164855 -0.9685831611286311 0
    outer loop
      vertex 0.7495252583428993 -3.9291490029147544 3
      vertex 1.2360679774997896 -3.804226065180614 6
      vertex 0.7495252583428993 -3.9291490029147544 6
    endloop
  endfacet
  facet normal 0.3681245526846778 -0.9297764858882515 0
    outer loop
      vertex 1.2360679774997896 -3.804226065180614 3
      vertex 1.7031171662602897 -3.6193082098640783 6
      vertex 1.2360679774997896 -3.804226065180614 6
    endloop
  endfacet
  facet normal 0.4817536741017149 -0.8763066800438638 0
    outer loop
      vertex 1.7031171662602897 -3.6193082098640783 3
      vertex 2.143307179915985 -3.377311702008061 6
      vertex 1.7031171662602897 -3.6193082098640783 6
    endloop
  endfacet
  facet normal 0.5877852522924728 -0.8090169943749477 0
    outer loop
      vertex 2.143307179915985 -3.377311702008061 3
      vertex 2.54969595899476 -3.082052971103156 6
      vertex 2.143307179915985 -3.377311702008061 6
    endloop
  endfacet
  facet normal 0.6845471059286891 -0.7289686274214112 0
    outer loop
      vertex 2.54969595899476 -3.082052971103156 3
      vertex 2.9158745096856467 -2.738188423714754 6
      vertex 2.54969595899476 -3.082052971103156 6
    endloop
  endfacet
  facet normal 0.7705132427757891 -0.6374239897486899 0
    outer loop
      vertex 2.9158745096856467 -2.738188423714754 3
      vertex 3.23606797749979 -2.3511410091698925 6
      vertex 2.9158745096856467 -2.738188423714754 6
    endloop
  endfacet
  facet normal 0.8443279255020154 -0.5358267949789962 0
    outer loop
      vertex 3.23606797749979 -2.3511410091698925 3
      vertex 3.505226720175454 -1.9270146964068615 6
      vertex 3.23606797749979 -2.3511410091698925 6
    endloop
  endfacet
  facet normal 0.9048270524660192 -0.4257792915650732 0
    outer loop
      vertex 3.505226720175454 -1.9270146964068615 3
      vertex 3.719105943553005 -1.4724982107387135 6
      vertex 3.505226720175454 -1.9270146964068615 6
    endloop
  endfacet
  facet normal 0.9510565162951536 -0.3090169943749474 0
    outer loop
      vertex 3.719105943553005 -1.4724982107387135 3
      vertex 3.8743326445145247 -0.9947595486594177 6
      vertex 3.719105943553005 -1.4724982107387135 6
    endloop
  endfacet
  facet normal 0.9822872507286887 -0.1873813145857247 0
    outer loop
      vertex 3.8743326445145247 -0.9947595486594177 3
      vertex 3.9684588052579115 -0.5013329342572163 6
      vertex 3.8743326445145247 -0.9947595486594177 6
    endloop
  endfacet
  facet normal 0.9980267284282717 -0.06279051952931311 0
    outer loop
      vertex 3.9684588052579115 -0.5013329342572163 3
      vertex 4 0 6
      vertex 3.9684588052579115 -0.5013329342572163 6
    endloop
  endfacet
  facet normal 0.12533323356430384 0.9921147013144779 -4.63826138846042e-18
    outer loop
      vertex 0.2511620781172531 3.9921069137130862 -3
      vertex 0.7495252583428983 3.929149002914755 -6
      vertex 0.251162078117253 3.9921069137130862 -6
    endloop
  endfacet
  facet normal 0.24868988716485535 0.968583161128631 0
    outer loop
      vertex 0.7495252583428983 3.929149002914755 -3
      vertex 1.2360679774997896 3.804226065180614 -6
      vertex 0.7495252583428983 3.929149002914755 -6
    endloop
  endfacet
  facet normal 0.36812455268467786 0.9297764858882515 0
    outer loop
      vertex 1.2360679774997896 3.804226065180614 -3
      vertex 1.7031171662602909 3.619308209864078 -6
      vertex 1.2360679774997896 3.804226065180614 -6
    endloop
  endfacet
  facet normal 0.481753674101715 0.8763066800438637 0
    outer loop
      vertex 1.7031171662602909 3.619308209864078 -3
      vertex 2.1433071799159866 3.3773117020080603 -6
      vertex 1.7031171662602909 3.619308209864078 -6
    endloop
  endfacet
  facet normal 0.5877852522924736 0.8090169943749471 0
    outer loop
      vertex 2.1433071799159866 3.3773117020080603 -3
      vertex 2.549695958994759 3.0820529711031566 -6
      vertex 2.1433071799159866 3.3773117020080603 -6
    endloop
  endfacet
  facet normal 0.6845471059286882 0.7289686274214121 0
    outer loop
      vertex 2.549695958994759 3.0820529711031566 -3
      vertex 2.915874509685646 2.738188423714755 -6
      vertex 2.549695958994759 3.0820529711031566 -6
    endloop
  endfacet
  facet normal 0.9980267284282717 0.06279051952931301 0
    outer loop
      vertex 3.9684588052579115 0.501332934257217 -3
      vertex 4 0 -6
      vertex 3.9684588052579115 0.501332934257217 -6
    endloop
  endfacet
  facet normal 0.9510565162951536 0.3090169943749475 0
    outer loop
      vertex 3.7191059435530054 1.472498210738712 -3
      vertex 3.8743326445145243 0.9947595486594192 -6
      vertex 3.7191059435530054 1.472498210738712 -6
    endloop
  endfacet
  facet normal 0.9822872507286886 0.18738131458572532 0
    outer loop
      vertex 3.8743326445145243 0.9947595486594192 -3
      vertex 3.9684588052579115 0.501332934257217 -6
      vertex 3.8743326445145243 0.9947595486594192 -6
    endloop
  endfacet
  facet normal 0.7705132427757894 0.6374239897486895 0
    outer loop
      vertex 2.915874509685646 2.738188423714755 -3
      vertex 3.23606797749979 2.3511410091698925 -6
      vertex 2.915874509685646 2.738188423714755 -6
    endloop
  endfacet
  facet normal 0.8443279255020151 0.5358267949789965 0
    outer loop
      vertex 3.23606797749979 2.3511410091698925 -3
      vertex 3.5052267201754543 1.9270146964068613 -6
      vertex 3.23606797749979 2.3511410091698925 -6
    endloop
  endfacet
  facet normal 0.9048270524660198 0.4257792915650722 0
    outer loop
      vertex 3.5052267201754543 1.9270146964068613 -3
      vertex 3.7191059435530054 1.472498210738712 -6
      vertex 3.5052267201754543 1.9270146964068613 -6
    endloop
  endfacet
  facet normal 0 1 0
    outer loop
      vertex -0.2511620781172528 3.9921069137130862 -3
      vertex 0.2511620781172531 3.9921069137130862 -3
      vertex 0.251162078117253 3.9921069137130862 -6
    endloop
  endfacet
  facet normal 0.12533323356430387 0.9921147013144779 0
    outer loop
      vertex 0.2511620781172531 3.9921069137130862 -3
      vertex 0.7495252583428983 3.929149002914755 -3
      vertex 0.7495252583428983 3.929149002914755 -6
    endloop
  endfacet
  facet normal 0.24868988716485535 0.968583161128631 0
    outer loop
      vertex 0.7495252583428983 3.929149002914755 -3
      vertex 1.2360679774997896 3.804226065180614 -3
      vertex 1.2360679774997896 3.804226065180614 -6
    endloop
  endfacet
  facet normal 0.481753674101715 0.8763066800438637 0
    outer loop
      vertex 1.7031171662602909 3.619308209864078 -3
      vertex 2.1433071799159866 3.3773117020080603 -3
      vertex 2.1433071799159866 3.3773117020080603 -6
    endloop
  endfacet
  facet normal 0.36812455268467786 0.9297764858882515 0
    outer loop
      vertex 1.2360679774997896 3.804226065180614 -3
      vertex 1.7031171662602909 3.619308209864078 -3
      vertex 1.7031171662602909 3.619308209864078 -6
    endloop
  endfacet
  facet normal 0.5877852522924736 0.8090169943749471 0
    outer loop
      vertex 2.1433071799159866 3.3773117020080603 -3
      vertex 2.549695958994759 3.0820529711031566 -3
      vertex 2.549695958994759 3.0820529711031566 -6
    endloop
  endfacet
  facet normal 0.6845471059286882 0.7289686274214121 0
    outer loop
      vertex 2.549695958994759 3.0820529711031566 -3
      vertex 2.915874509685646 2.738188423714755 -3
      vertex 2.915874509685646 2.738188423714755 -6
    endloop
  endfacet
  facet normal 0.9980267284282717 0.06279051952931301 0
    outer loop
      vertex 4 0 -3
      vertex 4 0 -6
      vertex 3.9684588052579115 0.501332934257217 -3
    endloop
  endfacet
  facet normal 0.9822872507286886 0.18738131458572532 0
    outer loop
      vertex 3.8743326445145243 0.9947595486594192 -3
      vertex 3.9684588052579115 0.501332934257217 -3
      vertex 3.9684588052579115 0.501332934257217 -6
    endloop
  endfacet
  facet normal 0.9510565162951536 0.3090169943749475 0
    outer loop
      vertex 3.8743326445145243 0.9947595486594192 -3
      vertex 3.8743326445145243 0.9947595486594192 -6
      vertex 3.7191059435530054 1.472498210738712 -3
    endloop
  endfacet
  facet normal 0.8443279255020151 0.5358267949789965 0
    outer loop
      vertex 3.5052267201754543 1.9270146964068613 -3
      vertex 3.5052267201754543 1.9270146964068613 -6
      vertex 3.23606797749979 2.3511410091698925 -3
    endloop
  endfacet
  facet normal 0.7705132427757894 0.6374239897486895 0
    outer loop
      vertex 2.915874509685646 2.738188423714755 -3
      vertex 3.23606797749979 2.3511410091698925 -3
      vertex 3.23606797749979 2.3511410091698925 -6
    endloop
  endfacet
  facet normal 0.9048270524660198 0.4257792915650722 0
    outer loop
      vertex 3.7191059435530054 1.472498210738712 -3
      vertex 3.7191059435530054 1.472498210738712 -6
      vertex 3.5052267201754543 1.9270146964068613 -3
    endloop
  endfacet
  facet normal 0.12533323356430376 0.9921147013144779 -2.3191306942302086e-18
    outer loop
      vertex 0.2511620781172528 3.9921069137130862 3
      vertex 0.25116207811725283 3.9921069137130862 6
      vertex 0.7495252583428983 3.929149002914755 3
    endloop
  endfacet
  facet normal 0.24868988716485535 0.968583161128631 0
    outer loop
      vertex 0.7495252583428983 3.929149002914755 3
      vertex 0.7495252583428983 3.929149002914755 6
      vertex 1.2360679774997896 3.804226065180614 3
    endloop
  endfacet
  facet normal 0.36812455268467786 0.9297764858882515 0
    outer loop
      vertex 1.2360679774997896 3.804226065180614 3
      vertex 1.2360679774997896 3.804226065180614 6
      vertex 1.7031171662602909 3.619308209864078 3
    endloop
  endfacet
  facet normal 0.481753674101715 0.8763066800438637 0
    outer loop
      vertex 1.7031171662602909 3.619308209864078 3
      vertex 1.7031171662602909 3.619308209864078 6
      vertex 2.1433071799159866 3.3773117020080603 3
    endloop
  endfacet
  facet normal 0.5877852522924736 0.8090169943749471 0
    outer loop
      vertex 2.1433071799159866 3.3773117020080603 3
      vertex 2.1433071799159866 3.3773117020080603 6
      vertex 2.549695958994759 3.0820529711031566 3
    endloop
  endfacet
  facet normal 0.6845471059286882 0.7289686274214121 0
    outer loop
      vertex 2.549695958994759 3.0820529711031566 3
      vertex 2.549695958994759 3.0820529711031566 6
      vertex 2.915874509685646 2.738188423714755 3
    endloop
  endfacet
  facet normal 0.9980267284282717 0.06279051952931301 0
    outer loop
      vertex 4 0 3
      vertex 3.9684588052579115 0.501332934257217 3
      vertex 3.9684588052579115 0.501332934257217 6
    endloop
  endfacet
  facet normal 0.9510565162951536 0.3090169943749475 0
    outer loop
      vertex 3.8743326445145243 0.9947595486594192 3
      vertex 3.7191059435530054 1.472498210738712 3
      vertex 3.7191059435530054 1.472498210738712 6
    endloop
  endfacet
  facet normal 0.9822872507286886 0.18738131458572532 0
    outer loop
      vertex 3.8743326445145243 0.9947595486594192 3
      vertex 3.8743326445145243 0.9947595486594192 6
      vertex 3.9684588052579115 0.501332934257217 3
    endloop
  endfacet
  facet normal 0.7705132427757894 0.6374239897486895 0
    outer loop
      vertex 2.915874509685646 2.738188423714755 3
      vertex 2.915874509685646 2.738188423714755 6
      vertex 3.23606797749979 2.3511410091698925 3
    endloop
  endfacet
  facet normal 0.8443279255020151 0.5358267949789965 0
    outer loop
      vertex 3.5052267201754543 1.9270146964068613 3
      vertex 3.23606797749979 2.3511410091698925 3
      vertex 3.23606797749979 2.3511410091698925 6
    endloop
  endfacet
  facet normal 0.9048270524660198 0.4257792915650722 0
    outer loop
      vertex 3.7191059435530054 1.472498210738712 3
      vertex 3.5052267201754543 1.9270146964068613 3
      vertex 3.5052267201754543 1.9270146964068613 6
    endloop
  endfacet
  facet normal 0 1 0
    outer loop
      vertex 0.2511620781172528 3.9921069137130862 3
      vertex -0.251162078117253 3.9921069137130862 6
      vertex 0.25116207811725283 3.9921069137130862 6
    endloop
  endfacet
  facet normal 0.1253332335643038 0.9921147013144779 0
    outer loop
      vertex 0.7495252583428983 3.929149002914755 3
      vertex 0.25116207811725283 3.9921069137130862 6
      vertex 0.7495252583428983 3.929149002914755 6
    endloop
  endfacet
  facet normal 0.24868988716485535 0.968583161128631 0
    outer loop
      vertex 1.2360679774997896 3.804226065180614 3
      vertex 0.7495252583428983 3.929149002914755 6
      vertex 1.2360679774997896 3.804226065180614 6
    endloop
  endfacet
  facet normal 0.481753674101715 0.8763066800438637 0
    outer loop
      vertex 2.1433071799159866 3.3773117020080603 3
      vertex 1.7031171662602909 3.619308209864078 6
      vertex 2.1433071799159866 3.3773117020080603 6
    endloop
  endfacet
  facet normal 0.36812455268467786 0.9297764858882515 0
    outer loop
      vertex 1.7031171662602909 3.619308209864078 3
      vertex 1.2360679774997896 3.804226065180614 6
      vertex 1.7031171662602909 3.619308209864078 6
    endloop
  endfacet
  facet normal 0.5877852522924736 0.8090169943749471 0
    outer loop
      vertex 2.549695958994759 3.0820529711031566 3
      vertex 2.1433071799159866 3.3773117020080603 6
      vertex 2.549695958994759 3.0820529711031566 6
    endloop
  endfacet
  facet normal 0.6845471059286882 0.7289686274214121 0
    outer loop
      vertex 2.915874509685646 2.738188423714755 3
      vertex 2.549695958994759 3.0820529711031566 6
      vertex 2.915874509685646 2.738188423714755 6
    endloop
  endfacet
  facet normal 0.9980267284282717 0.06279051952931301 0
    outer loop
      vertex 4 0 3
      vertex 3.9684588052579115 0.501332934257217 6
      vertex 4 0 6
    endloop
  endfacet
  facet normal 0.9822872507286886 0.18738131458572532 0
    outer loop
      vertex 3.9684588052579115 0.501332934257217 3
      vertex 3.8743326445145243 0.9947595486594192 6
      vertex 3.9684588052579115 0.501332934257217 6
    endloop
  endfacet
  facet normal 0.9510565162951536 0.3090169943749475 0
    outer loop
      vertex 3.8743326445145243 0.9947595486594192 3
      vertex 3.7191059435530054 1.472498210738712 6
      vertex 3.8743326445145243 0.9947595486594192 6
    endloop
  endfacet
  facet normal 0.8443279255020151 0.5358267949789965 0
    outer loop
      vertex 3.5052267201754543 1.9270146964068613 3
      vertex 3.23606797749979 2.3511410091698925 6
      vertex 3.5052267201754543 1.9270146964068613 6
    endloop
  endfacet
  facet normal 0.7705132427757894 0.6374239897486895 0
    outer loop
      vertex 3.23606797749979 2.3511410091698925 3
      vertex 2.915874509685646 2.738188423714755 6
      vertex 3.23606797749979 2.3511410091698925 6
    endloop
  endfacet
  facet normal 0.9048270524660198 0.4257792915650722 0
    outer loop
      vertex 3.7191059435530054 1.472498210738712 3
      vertex 3.5052267201754543 1.9270146964068613 6
      vertex 3.7191059435530054 1.472498210738712 6
    endloop
  endfacet
  facet normal 0 0 1
    outer loop
      vertex -1.6732999980449677 12.101759381592274 -3
      vertex -1.9416407864998737 13.589315394498065 -3
      vertex -3.346600003540516 15 -3
    endloop
  endfacet
  facet normal 0 0 1
    outer loop
      vertex -1.6732999980449677 12.101759381592274 -3
      vertex -1.7495247058113879 13.357086945771147 -3
      vertex -1.9416407864998737 13.589315394498065 -3
    endloop
  endfacet
  facet normal 0 0 1
    outer loop
      vertex -1.6732999980449677 12.101759381592274 -3
      vertex -1.529817575396855 13.150768217338106 -3
      vertex -1.7495247058113879 13.357086945771147 -3
    endloop
  endfacet
  facet normal 0 0 1
    outer loop
      vertex -1.6732999980449677 12.101759381592274 -3
      vertex -1.2859843079495923 12.973612978795163 -3
      vertex -1.529817575396855 13.150768217338106 -3
    endloop
  endfacet
  facet normal 0 0 1
    outer loop
      vertex -1.6732999980449677 12.101759381592274 -3
      vertex -1.0218702997561737 12.828415074081553 -3
      vertex -1.2859843079495923 12.973612978795163 -3
    endloop
  endfacet
  facet normal 0 0 1
    outer loop
      vertex -1.6732999980449677 12.101759381592274 -3
      vertex -0.7416407864998737 12.717464360891633 -3
      vertex -1.0218702997561737 12.828415074081553 -3
    endloop
  endfacet
  facet normal 0 0 1
    outer loop
      vertex -1.6732999980449677 12.101759381592274 -3
      vertex -0.44971515500573955 12.642510598251148 -3
      vertex -0.7416407864998737 12.717464360891633 -3
    endloop
  endfacet
  facet normal 0 0 1
    outer loop
      vertex -1.6732999980449677 12.101759381592274 -3
      vertex -0.15069724687035302 12.604735851772148 -3
      vertex -0.44971515500573955 12.642510598251148 -3
    endloop
  endfacet
  facet normal 0 0 1
    outer loop
      vertex -1.6732999980449677 12.101759381592274 -3
      vertex 1.6732999980449677 12.101759381592274 -3
      vertex -0.15069724687035302 12.604735851772148 -3
    endloop
  endfacet
  facet normal 0 0 1
    outer loop
      vertex -3.346600003540516 15 -3
      vertex -1.9416407864998737 13.589315394498065 -3
      vertex -2.1031360321052723 13.843791182155883 -3
    endloop
  endfacet
  facet normal 0 0 1
    outer loop
      vertex -3.346600003540516 15 -3
      vertex -2.1031360321052723 13.843791182155883 -3
      vertex -2.2314635661318034 14.116501073556773 -3
    endloop
  endfacet
  facet normal 0 0 1
    outer loop
      vertex -2.3245995867087146 14.403144270804349 -3
      vertex -2.381075283154747 14.69920023944567 -3
      vertex -3.346600003540516 15 -3
    endloop
  endfacet
  facet normal 0 0 1
    outer loop
      vertex -2.3245995867087146 14.403144270804349 -3
      vertex -3.346600003540516 15 -3
      vertex -2.2314635661318034 14.116501073556773 -3
    endloop
  endfacet
  facet normal 0 0 1
    outer loop
      vertex -3.346600003540516 15 -3
      vertex -2.381075283154747 14.69920023944567 -3
      vertex -2.4 15 -3
    endloop
  endfacet
  facet normal 0 0 1
    outer loop
      vertex -3.346600003540516 15 -3
      vertex -2.4 15 -3
      vertex -2.381075283154747 15.30079976055433 -3
    endloop
  endfacet
  facet normal 0 0 1
    outer loop
      vertex -3.346600003540516 15 -3
      vertex -2.381075283154747 15.30079976055433 -3
      vertex -2.3245995867087146 15.596855729195651 -3
    endloop
  endfacet
  facet normal 0 0 1
    outer loop
      vertex -3.346600003540516 15 -3
      vertex -2.3245995867087146 15.596855729195651 -3
      vertex -2.2314635661318034 15.883498926443227 -3
    endloop
  endfacet
  facet normal 0 0 1
    outer loop
      vertex -3.346600003540516 15 -3
      vertex -2.2314635661318034 15.883498926443227 -3
      vertex -1.6732999980449677 17.898240618407726 -3
    endloop
  endfacet
  facet normal 0 0 1
    outer loop
      vertex -2.2314635661318034 15.883498926443227 -3
      vertex -2.1031360321052723 16.156208817844117 -3
      vertex -1.6732999980449677 17.898240618407726 -3
    endloop
  endfacet
  facet normal 0 0 1
    outer loop
      vertex -2.1031360321052723 16.156208817844117 -3
      vertex -1.9416407864998737 16.410684605501935 -3
      vertex -1.6732999980449677 17.898240618407726 -3
    endloop
  endfacet
  facet normal 0.8660254032304551 0.5000000009595276 0
    outer loop
      vertex -1.6732999980449677 12.101759381592274 -3
      vertex -3.346600003540516 15 -3
      vertex -3.346600003540516 15 3
    endloop
  endfacet
  facet normal 0 1 0
    outer loop
      vertex -1.6732999980449677 12.101759381592274 -3
      vertex -1.6732999980449677 12.101759381592274 3
      vertex 1.6732999980449677 12.101759381592274 -3
    endloop
  endfacet
  facet normal 0 0 1
    outer loop
      vertex -1.9416407864998737 16.410684605501935 -3
      vertex -1.7495247058113879 16.642913054228853 -3
      vertex -1.6732999980449677 17.898240618407726 -3
    endloop
  endfacet
  facet normal 0 0 1
    outer loop
      vertex -1.7495247058113879 16.642913054228853 -3
      vertex -1.529817575396855 16.849231782661896 -3
      vertex -1.6732999980449677 17.898240618407726 -3
    endloop
  endfacet
  facet normal 0 0 1
    outer loop
      vertex -1.529817575396855 16.849231782661896 -3
      vertex -1.2859843079495923 17.026387021204837 -3
      vertex -1.6732999980449677 17.898240618407726 -3
    endloop
  endfacet
  facet normal 0 0 1
    outer loop
      vertex -1.2859843079495923 17.026387021204837 -3
      vertex -1.0218702997561744 17.171584925918445 -3
      vertex -1.6732999980449677 17.898240618407726 -3
    endloop
  endfacet
  facet normal 0 0 1
    outer loop
      vertex -1.6732999980449677 17.898240618407726 -3
      vertex -1.0218702997561744 17.171584925918445 -3
      vertex -0.7416407864998737 17.282535639108367 -3
    endloop
  endfacet
  facet normal 0 0 1
    outer loop
      vertex -1.6732999980449677 17.898240618407726 -3
      vertex -0.7416407864998737 17.282535639108367 -3
      vertex -0.44971515500573894 17.357489401748854 -3
    endloop
  endfacet
  facet normal 0 0 1
    outer loop
      vertex -1.6732999980449677 17.898240618407726 -3
      vertex -0.44971515500573894 17.357489401748854 -3
      vertex -0.15069724687035185 17.395264148227852 -3
    endloop
  endfacet
  facet normal 0 0 1
    outer loop
      vertex -1.6732999980449677 17.898240618407726 -3
      vertex -0.15069724687035185 17.395264148227852 -3
      vertex 0.15069724687035185 17.395264148227852 -3
    endloop
  endfacet
  facet normal 0.8660254032304551 -0.5000000009595276 0
    outer loop
      vertex -3.346600003540516 15 -3
      vertex -1.6732999980449677 17.898240618407726 -3
      vertex -1.6732999980449677 17.898240618407726 3
    endloop
  endfacet
  facet normal 0.8660254032304551 0.5000000009595276 0
    outer loop
      vertex -1.6732999980449677 12.101759381592274 -3
      vertex -3.346600003540516 15 3
      vertex -1.6732999980449677 12.101759381592274 3
    endloop
  endfacet
  facet normal 0.8660254032304551 -0.5000000009595276 0
    outer loop
      vertex -3.346600003540516 15 -3
      vertex -1.6732999980449677 17.898240618407726 3
      vertex -3.346600003540516 15 3
    endloop
  endfacet
  facet normal 0 -1 0
    outer loop
      vertex -1.6732999980449677 17.898240618407726 -3
      vertex 1.6732999980449677 17.898240618407726 3
      vertex -1.6732999980449677 17.898240618407726 3
    endloop
  endfacet
  facet normal 0 0 -1
    outer loop
      vertex -1.6732999980449677 12.101759381592274 3
      vertex -3.346600003540516 15 3
      vertex -2.2314635661318034 14.116501073556773 3
    endloop
  endfacet
  facet normal 0 0 -1
    outer loop
      vertex -1.6732999980449677 12.101759381592274 3
      vertex -1.9416407864998737 13.589315394498065 3
      vertex -1.7495247058113879 13.357086945771147 3
    endloop
  endfacet
  facet normal 0 0 -1
    outer loop
      vertex -1.6732999980449677 12.101759381592274 3
      vertex -2.1031360321052723 13.843791182155883 3
      vertex -1.9416407864998737 13.589315394498065 3
    endloop
  endfacet
  facet normal 0 0 -1
    outer loop
      vertex -1.6732999980449677 12.101759381592274 3
      vertex -1.7495247058113879 13.357086945771147 3
      vertex -1.529817575396855 13.150768217338106 3
    endloop
  endfacet
  facet normal 0 0 -1
    outer loop
      vertex -1.6732999980449677 12.101759381592274 3
      vertex -1.529817575396855 13.150768217338106 3
      vertex -1.2859843079495923 12.973612978795163 3
    endloop
  endfacet
  facet normal 0 0 -1
    outer loop
      vertex -1.6732999980449677 12.101759381592274 3
      vertex -2.2314635661318034 14.116501073556773 3
      vertex -2.1031360321052723 13.843791182155883 3
    endloop
  endfacet
  facet normal 0 0 -1
    outer loop
      vertex -1.6732999980449677 12.101759381592274 3
      vertex -1.2859843079495923 12.973612978795163 3
      vertex -1.0218702997561737 12.828415074081553 3
    endloop
  endfacet
  facet normal 0 0 -1
    outer loop
      vertex -1.6732999980449677 12.101759381592274 3
      vertex -1.0218702997561737 12.828415074081553 3
      vertex -0.7416407864998737 12.717464360891633 3
    endloop
  endfacet
  facet normal 0 0 -1
    outer loop
      vertex -1.6732999980449677 12.101759381592274 3
      vertex -0.7416407864998737 12.717464360891633 3
      vertex -0.44971515500573955 12.642510598251148 3
    endloop
  endfacet
  facet normal 0 0 -1
    outer loop
      vertex -1.6732999980449677 12.101759381592274 3
      vertex -0.44971515500573955 12.642510598251148 3
      vertex -0.15069724687035302 12.604735851772148 3
    endloop
  endfacet
  facet normal 0 0 -1
    outer loop
      vertex -1.6732999980449677 12.101759381592274 3
      vertex -0.15069724687035302 12.604735851772148 3
      vertex 1.6732999980449677 12.101759381592274 3
    endloop
  endfacet
  facet normal 0 0 -1
    outer loop
      vertex -2.3245995867087146 14.403144270804349 3
      vertex -3.346600003540516 15 3
      vertex -2.381075283154747 14.69920023944567 3
    endloop
  endfacet
  facet normal 0 0 -1
    outer loop
      vertex -2.3245995867087146 14.403144270804349 3
      vertex -2.2314635661318034 14.116501073556773 3
      vertex -3.346600003540516 15 3
    endloop
  endfacet
  facet normal 0 0 -1
    outer loop
      vertex -3.346600003540516 15 3
      vertex -2.4 15 3
      vertex -2.381075283154747 14.69920023944567 3
    endloop
  endfacet
  facet normal 0 0 -1
    outer loop
      vertex -3.346600003540516 15 3
      vertex -2.381075283154747 15.30079976055433 3
      vertex -2.4 15 3
    endloop
  endfacet
  facet normal 0 0 -1
    outer loop
      vertex -3.346600003540516 15 3
      vertex -2.3245995867087146 15.596855729195651 3
      vertex -2.381075283154747 15.30079976055433 3
    endloop
  endfacet
  facet normal 0 0 -1
    outer loop
      vertex -3.346600003540516 15 3
      vertex -2.2314635661318034 15.883498926443227 3
      vertex -2.3245995867087146 15.596855729195651 3
    endloop
  endfacet
  facet normal 0 0 -1
    outer loop
      vertex -3.346600003540516 15 3
      vertex -2.1031360321052723 16.156208817844117 3
      vertex -2.2314635661318034 15.883498926443227 3
    endloop
  endfacet
  facet normal 0 0 -1
    outer loop
      vertex -3.346600003540516 15 3
      vertex -1.9416407864998737 16.410684605501935 3
      vertex -2.1031360321052723 16.156208817844117 3
    endloop
  endfacet
  facet normal 0 0 -1
    outer loop
      vertex -3.346600003540516 15 3
      vertex -1.6732999980449677 17.898240618407726 3
      vertex -1.9416407864998737 16.410684605501935 3
    endloop
  endfacet
  facet normal 0 0 -1
    outer loop
      vertex -1.9416407864998737 16.410684605501935 3
      vertex -1.6732999980449677 17.898240618407726 3
      vertex -1.7495247058113879 16.642913054228853 3
    endloop
  endfacet
  facet normal 0 0 -1
    outer loop
      vertex -1.7495247058113879 16.642913054228853 3
      vertex -1.6732999980449677 17.898240618407726 3
      vertex -1.529817575396855 16.849231782661896 3
    endloop
  endfacet
  facet normal 0 0 -1
    outer loop
      vertex -1.529817575396855 16.849231782661896 3
      vertex -1.6732999980449677 17.898240618407726 3
      vertex -1.2859843079495923 17.026387021204837 3
    endloop
  endfacet
  facet normal 0 0 -1
    outer loop
      vertex -1.2859843079495923 17.026387021204837 3
      vertex -1.6732999980449677 17.898240618407726 3
      vertex -1.0218702997561744 17.171584925918445 3
    endloop
  endfacet
  facet normal 0 0 -1
    outer loop
      vertex -1.6732999980449677 17.898240618407726 3
      vertex -0.7416407864998737 17.282535639108367 3
      vertex -1.0218702997561744 17.171584925918445 3
    endloop
  endfacet
  facet normal 0 0 -1
    outer loop
      vertex -1.6732999980449677 17.898240618407726 3
      vertex -0.44971515500573894 17.357489401748854 3
      vertex -0.7416407864998737 17.282535639108367 3
    endloop
  endfacet
  facet normal 0 0 -1
    outer loop
      vertex -1.6732999980449677 17.898240618407726 3
      vertex -0.15069724687035185 17.395264148227852 3
      vertex -0.44971515500573894 17.357489401748854 3
    endloop
  endfacet
  facet normal 0 0 -1
    outer loop
      vertex -1.6732999980449677 17.898240618407726 3
      vertex 0.15069724687035185 17.395264148227852 3
      vertex -0.15069724687035185 17.395264148227852 3
    endloop
  endfacet
  facet normal 0 0 1
    outer loop
      vertex -0.15069724687035302 12.604735851772148 -3
      vertex 1.6732999980449677 12.101759381592274 -3
      vertex 0.15069724687035302 12.604735851772148 -3
    endloop
  endfacet
  facet normal 0 0 1
    outer loop
      vertex 0.15069724687035302 12.604735851772148 -3
      vertex 1.6732999980449677 12.101759381592274 -3
      vertex 0.44971515500573955 12.642510598251148 -3
    endloop
  endfacet
  facet normal 0 0 1
    outer loop
      vertex 0.44971515500573955 12.642510598251148 -3
      vertex 1.6732999980449677 12.101759381592274 -3
      vertex 0.7416407864998737 12.717464360891633 -3
    endloop
  endfacet
  facet normal 0 0 1
    outer loop
      vertex 0.7416407864998737 12.717464360891633 -3
      vertex 1.6732999980449677 12.101759381592274 -3
      vertex 1.0218702997561737 12.828415074081553 -3
    endloop
  endfacet
  facet normal 0 0 1
    outer loop
      vertex 1.0218702997561737 12.828415074081553 -3
      vertex 1.6732999980449677 12.101759381592274 -3
      vertex 1.285984307949591 12.973612978795163 -3
    endloop
  endfacet
  facet normal 0 0 1
    outer loop
      vertex 1.6732999980449677 12.101759381592274 -3
      vertex 1.529817575396856 13.150768217338106 -3
      vertex 1.285984307949591 12.973612978795163 -3
    endloop
  endfacet
  facet normal 0 0 1
    outer loop
      vertex 1.6732999980449677 12.101759381592274 -3
      vertex 1.7495247058113879 13.357086945771147 -3
      vertex 1.529817575396856 13.150768217338106 -3
    endloop
  endfacet
  facet normal 0 0 1
    outer loop
      vertex 1.6732999980449677 12.101759381592274 -3
      vertex 1.9416407864998737 13.589315394498065 -3
      vertex 1.7495247058113879 13.357086945771147 -3
    endloop
  endfacet
  facet normal 0 0 1
    outer loop
      vertex 1.6732999980449677 12.101759381592274 -3
      vertex 2.1031360321052723 13.843791182155883 -3
      vertex 1.9416407864998737 13.589315394498065 -3
    endloop
  endfacet
  facet normal 0 0 1
    outer loop
      vertex 1.6732999980449677 12.101759381592274 -3
      vertex 2.231463566131803 14.116501073556773 -3
      vertex 2.1031360321052723 13.843791182155883 -3
    endloop
  endfacet
  facet normal 0 0 1
    outer loop
      vertex 1.6732999980449677 12.101759381592274 -3
      vertex 3.346600003540516 15 -3
      vertex 2.231463566131803 14.116501073556773 -3
    endloop
  endfacet
  facet normal 0 0 1
    outer loop
      vertex 2.231463566131803 14.116501073556773 -3
      vertex 3.346600003540516 15 -3
      vertex 2.3245995867087146 14.403144270804349 -3
    endloop
  endfacet
  facet normal 0 0 1
    outer loop
      vertex 2.3245995867087146 14.403144270804349 -3
      vertex 3.346600003540516 15 -3
      vertex 2.381075283154747 14.69920023944567 -3
    endloop
  endfacet
  facet normal 0 0 1
    outer loop
      vertex 2.381075283154747 14.69920023944567 -3
      vertex 3.346600003540516 15 -3
      vertex 2.4 15 -3
    endloop
  endfacet
  facet normal 0 0 1
    outer loop
      vertex 2.4 15 -3
      vertex 3.346600003540516 15 -3
      vertex 2.381075283154747 15.30079976055433 -3
    endloop
  endfacet
  facet normal 0 0 1
    outer loop
      vertex 2.381075283154747 15.30079976055433 -3
      vertex 3.346600003540516 15 -3
      vertex 2.3245995867087146 15.596855729195651 -3
    endloop
  endfacet
  facet normal 0 0 1
    outer loop
      vertex 2.231463566131803 15.883498926443227 -3
      vertex 2.3245995867087146 15.596855729195651 -3
      vertex 3.346600003540516 15 -3
    endloop
  endfacet
  facet normal 0 0 1
    outer loop
      vertex 2.231463566131803 15.883498926443227 -3
      vertex 3.346600003540516 15 -3
      vertex 2.1031360321052723 16.156208817844117 -3
    endloop
  endfacet
  facet normal 0 0 1
    outer loop
      vertex 2.1031360321052723 16.156208817844117 -3
      vertex 3.346600003540516 15 -3
      vertex 1.9416407864998737 16.410684605501935 -3
    endloop
  endfacet
  facet normal 0 0 1
    outer loop
      vertex 1.9416407864998737 16.410684605501935 -3
      vertex 3.346600003540516 15 -3
      vertex 1.6732999980449677 17.898240618407726 -3
    endloop
  endfacet
  facet normal -0.8660254032304551 0.5000000009595276 0
    outer loop
      vertex 1.6732999980449677 12.101759381592274 -3
      vertex 1.6732999980449677 12.101759381592274 3
      vertex 3.346600003540516 15 -3
    endloop
  endfacet
  facet normal -0.8660254032304551 -0.5000000009595276 0
    outer loop
      vertex 1.6732999980449677 17.898240618407726 -3
      vertex 3.346600003540516 15 -3
      vertex 3.346600003540516 15 3
    endloop
  endfacet
  facet normal 0 0 1
    outer loop
      vertex -1.6732999980449677 17.898240618407726 -3
      vertex 0.15069724687035185 17.395264148227852 -3
      vertex 1.6732999980449677 17.898240618407726 -3
    endloop
  endfacet
  facet normal 0 0 1
    outer loop
      vertex 0.15069724687035185 17.395264148227852 -3
      vertex 0.44971515500573894 17.357489401748854 -3
      vertex 1.6732999980449677 17.898240618407726 -3
    endloop
  endfacet
  facet normal 0 0 1
    outer loop
      vertex 0.44971515500573894 17.357489401748854 -3
      vertex 0.7416407864998737 17.282535639108367 -3
      vertex 1.6732999980449677 17.898240618407726 -3
    endloop
  endfacet
  facet normal 0 0 1
    outer loop
      vertex 0.7416407864998737 17.282535639108367 -3
      vertex 1.0218702997561744 17.171584925918445 -3
      vertex 1.6732999980449677 17.898240618407726 -3
    endloop
  endfacet
  facet normal 0 0 1
    outer loop
      vertex 1.0218702997561744 17.171584925918445 -3
      vertex 1.2859843079495918 17.026387021204837 -3
      vertex 1.6732999980449677 17.898240618407726 -3
    endloop
  endfacet
  facet normal 0 0 1
    outer loop
      vertex 1.5298175753968553 16.849231782661892 -3
      vertex 1.7495247058113876 16.642913054228853 -3
      vertex 1.6732999980449677 17.898240618407726 -3
    endloop
  endfacet
  facet normal 0 0 1
    outer loop
      vertex 1.5298175753968553 16.849231782661892 -3
      vertex 1.6732999980449677 17.898240618407726 -3
      vertex 1.2859843079495918 17.026387021204837 -3
    endloop
  endfacet
  facet normal 0 0 1
    outer loop
      vertex 1.9416407864998737 16.410684605501935 -3
      vertex 1.6732999980449677 17.898240618407726 -3
      vertex 1.7495247058113876 16.642913054228853 -3
    endloop
  endfacet
  facet normal 0 -1 0
    outer loop
      vertex -1.6732999980449677 17.898240618407726 -3
      vertex 1.6732999980449677 17.898240618407726 -3
      vertex 1.6732999980449677 17.898240618407726 3
    endloop
  endfacet
  facet normal 0 1 0
    outer loop
      vertex -1.6732999980449677 12.101759381592274 3
      vertex 1.6732999980449677 12.101759381592274 3
      vertex 1.6732999980449677 12.101759381592274 -3
    endloop
  endfacet
  facet normal -0.8660254032304551 0.5000000009595276 0
    outer loop
      vertex 3.346600003540516 15 -3
      vertex 1.6732999980449677 12.101759381592274 3
      vertex 3.346600003540516 15 3
    endloop
  endfacet
  facet normal -0.8660254032304551 -0.5000000009595276 0
    outer loop
      vertex 1.6732999980449677 17.898240618407726 -3
      vertex 3.346600003540516 15 3
      vertex 1.6732999980449677 17.898240618407726 3
    endloop
  endfacet
  facet normal 0 0 -1
    outer loop
      vertex -0.15069724687035302 12.604735851772148 3
      vertex 0.15069724687035302 12.604735851772148 3
      vertex 1.6732999980449677 12.101759381592274 3
    endloop
  endfacet
  facet normal 0 0 -1
    outer loop
      vertex 0.15069724687035302 12.604735851772148 3
      vertex 0.44971515500573955 12.642510598251148 3
      vertex 1.6732999980449677 12.101759381592274 3
    endloop
  endfacet
  facet normal 0 0 -1
    outer loop
      vertex 0.44971515500573955 12.642510598251148 3
      vertex 0.7416407864998737 12.717464360891633 3
      vertex 1.6732999980449677 12.101759381592274 3
    endloop
  endfacet
  facet normal 0 0 -1
    outer loop
      vertex 0.7416407864998737 12.717464360891633 3
      vertex 1.0218702997561737 12.828415074081553 3
      vertex 1.6732999980449677 12.101759381592274 3
    endloop
  endfacet
  facet normal 0 0 -1
    outer loop
      vertex 1.0218702997561737 12.828415074081553 3
      vertex 1.285984307949591 12.973612978795163 3
      vertex 1.6732999980449677 12.101759381592274 3
    endloop
  endfacet
  facet normal 0 0 -1
    outer loop
      vertex 1.6732999980449677 12.101759381592274 3
      vertex 1.285984307949591 12.973612978795163 3
      vertex 1.529817575396856 13.150768217338106 3
    endloop
  endfacet
  facet normal 0 0 -1
    outer loop
      vertex 1.6732999980449677 12.101759381592274 3
      vertex 1.529817575396856 13.150768217338106 3
      vertex 1.7495247058113879 13.357086945771147 3
    endloop
  endfacet
  facet normal 0 0 -1
    outer loop
      vertex 1.6732999980449677 12.101759381592274 3
      vertex 1.7495247058113879 13.357086945771147 3
      vertex 1.9416407864998737 13.589315394498065 3
    endloop
  endfacet
  facet normal 0 0 -1
    outer loop
      vertex 1.6732999980449677 12.101759381592274 3
      vertex 1.9416407864998737 13.589315394498065 3
      vertex 2.1031360321052723 13.843791182155883 3
    endloop
  endfacet
  facet normal 0 0 -1
    outer loop
      vertex 1.6732999980449677 12.101759381592274 3
      vertex 2.1031360321052723 13.843791182155883 3
      vertex 2.231463566131803 14.116501073556773 3
    endloop
  endfacet
  facet normal 0 0 -1
    outer loop
      vertex 1.6732999980449677 12.101759381592274 3
      vertex 2.231463566131803 14.116501073556773 3
      vertex 3.346600003540516 15 3
    endloop
  endfacet
  facet normal 0 0 -1
    outer loop
      vertex 2.231463566131803 14.116501073556773 3
      vertex 2.3245995867087146 14.403144270804349 3
      vertex 3.346600003540516 15 3
    endloop
  endfacet
  facet normal 0 0 -1
    outer loop
      vertex 2.3245995867087146 14.403144270804349 3
      vertex 2.381075283154747 14.69920023944567 3
      vertex 3.346600003540516 15 3
    endloop
  endfacet
  facet normal 0 0 -1
    outer loop
      vertex 2.381075283154747 14.69920023944567 3
      vertex 2.4 15 3
      vertex 3.346600003540516 15 3
    endloop
  endfacet
  facet normal 0 0 -1
    outer loop
      vertex 2.4 15 3
      vertex 2.381075283154747 15.30079976055433 3
      vertex 3.346600003540516 15 3
    endloop
  endfacet
  facet normal 0 0 -1
    outer loop
      vertex 2.381075283154747 15.30079976055433 3
      vertex 2.3245995867087146 15.596855729195651 3
      vertex 3.346600003540516 15 3
    endloop
  endfacet
  facet normal 0 0 -1
    outer loop
      vertex 2.231463566131803 15.883498926443227 3
      vertex 3.346600003540516 15 3
      vertex 2.3245995867087146 15.596855729195651 3
    endloop
  endfacet
  facet normal 0 0 -1
    outer loop
      vertex 2.231463566131803 15.883498926443227 3
      vertex 2.1031360321052723 16.156208817844117 3
      vertex 3.346600003540516 15 3
    endloop
  endfacet
  facet normal 0 0 -1
    outer loop
      vertex 2.1031360321052723 16.156208817844117 3
      vertex 1.9416407864998737 16.410684605501935 3
      vertex 3.346600003540516 15 3
    endloop
  endfacet
  facet normal 0 0 -1
    outer loop
      vertex 1.9416407864998737 16.410684605501935 3
      vertex 1.6732999980449677 17.898240618407726 3
      vertex 3.346600003540516 15 3
    endloop
  endfacet
  facet normal 0 0 -1
    outer loop
      vertex -1.6732999980449677 17.898240618407726 3
      vertex 1.6732999980449677 17.898240618407726 3
      vertex 0.15069724687035185 17.395264148227852 3
    endloop
  endfacet
  facet normal 0 0 -1
    outer loop
      vertex 0.15069724687035185 17.395264148227852 3
      vertex 1.6732999980449677 17.898240618407726 3
      vertex 0.44971515500573894 17.357489401748854 3
    endloop
  endfacet
  facet normal 0 0 -1
    outer loop
      vertex 0.44971515500573894 17.357489401748854 3
      vertex 1.6732999980449677 17.898240618407726 3
      vertex 0.7416407864998737 17.282535639108367 3
    endloop
  endfacet
  facet normal 0 0 -1
    outer loop
      vertex 0.7416407864998737 17.282535639108367 3
      vertex 1.6732999980449677 17.898240618407726 3
      vertex 1.0218702997561744 17.171584925918445 3
    endloop
  endfacet
  facet normal 0 0 -1
    outer loop
      vertex 1.0218702997561744 17.171584925918445 3
      vertex 1.6732999980449677 17.898240618407726 3
      vertex 1.2859843079495918 17.026387021204837 3
    endloop
  endfacet
  facet normal 0 0 -1
    outer loop
      vertex 1.5298175753968553 16.849231782661892 3
      vertex 1.6732999980449677 17.898240618407726 3
      vertex 1.7495247058113876 16.642913054228853 3
    endloop
  endfacet
  facet normal 0 0 -1
    outer loop
      vertex 1.5298175753968553 16.849231782661892 3
      vertex 1.2859843079495918 17.026387021204837 3
      vertex 1.6732999980449677 17.898240618407726 3
    endloop
  endfacet
  facet normal 0 0 -1
    outer loop
      vertex 1.9416407864998737 16.410684605501935 3
      vertex 1.7495247058113876 16.642913054228853 3
      vertex 1.6732999980449677 17.898240618407726 3
    endloop
  endfacet
  facet normal 0 0 1
    outer loop
      vertex -17.89824061937118 -1.673300001770258 -3
      vertex -16.941640786499875 -1.4106846055019355 -3
      vertex -17.103136032105272 -1.1562088178441168 -3
    endloop
  endfacet
  facet normal 0 0 1
    outer loop
      vertex -17.89824061937118 -1.673300001770258 -3
      vertex -16.285984307949594 -2.026387021204836 -3
      vertex -16.529817575396855 -1.8492317826618945 -3
    endloop
  endfacet
  facet normal 0 0 1
    outer loop
      vertex -17.89824061937118 -1.673300001770258 -3
      vertex -16.529817575396855 -1.8492317826618945 -3
      vertex -16.74952470581139 -1.6429130542288524 -3
    endloop
  endfacet
  facet normal 0 0 1
    outer loop
      vertex -17.89824061937118 -1.673300001770258 -3
      vertex -16.74952470581139 -1.6429130542288524 -3
      vertex -16.941640786499875 -1.4106846055019355 -3
    endloop
  endfacet
  facet normal 0 0 1
    outer loop
      vertex -17.89824061937118 -1.673300001770258 -3
      vertex -17.381075283154747 -0.3007997605543297 -3
      vertex -17.898240615663255 1.6733000027985283 -3
    endloop
  endfacet
  facet normal 0 0 1
    outer loop
      vertex -17.89824061937118 -1.673300001770258 -3
      vertex -17.103136032105272 -1.1562088178441168 -3
      vertex -17.231463566131804 -0.8834989264432268 -3
    endloop
  endfacet
  facet normal 0 0 1
    outer loop
      vertex -17.89824061937118 -1.673300001770258 -3
      vertex -17.231463566131804 -0.8834989264432268 -3
      vertex -17.324599586708715 -0.5968557291956517 -3
    endloop
  endfacet
  facet normal 0 0 1
    outer loop
      vertex -17.89824061937118 -1.673300001770258 -3
      vertex -17.324599586708715 -0.5968557291956517 -3
      vertex -17.381075283154747 -0.3007997605543297 -3
    endloop
  endfacet
  facet normal 0.49999999904047226 0.8660254043384222 0
    outer loop
      vertex -17.89824061937118 -1.673300001770258 -3
      vertex -17.89824061937118 -1.673300001770258 3
      vertex -14.99999999725553 -3.346600000843496 -3
    endloop
  endfacet
  facet normal 0 0 1
    outer loop
      vertex -17.89824061937118 -1.673300001770258 -3
      vertex -14.99999999725553 -3.346600000843496 -3
      vertex -16.021870299756173 -2.171584925918447 -3
    endloop
  endfacet
  facet normal 0 0 1
    outer loop
      vertex -17.89824061937118 -1.673300001770258 -3
      vertex -16.021870299756173 -2.171584925918447 -3
      vertex -16.285984307949594 -2.026387021204836 -3
    endloop
  endfacet
  facet normal 0 0 1
    outer loop
      vertex -16.021870299756173 -2.171584925918447 -3
      vertex -14.99999999725553 -3.346600000843496 -3
      vertex -15.741640786499874 -2.282535639108368 -3
    endloop
  endfacet
  facet normal 0 0 1
    outer loop
      vertex -15.741640786499874 -2.282535639108368 -3
      vertex -14.99999999725553 -3.346600000843496 -3
      vertex -15.44971515500574 -2.3574894017488526 -3
    endloop
  endfacet
  facet normal 0 0 1
    outer loop
      vertex -15.44971515500574 -2.3574894017488526 -3
      vertex -14.99999999725553 -3.346600000843496 -3
      vertex -15.150697246870353 -2.395264148227852 -3
    endloop
  endfacet
  facet normal 0 0 1
    outer loop
      vertex -14.99999999725553 -3.346600000843496 -3
      vertex -14.849302753129647 -2.395264148227852 -3
      vertex -15.150697246870353 -2.395264148227852 -3
    endloop
  endfacet
  facet normal 0 0 1
    outer loop
      vertex -14.99999999725553 -3.346600000843496 -3
      vertex -14.55028484499426 -2.3574894017488526 -3
      vertex -14.849302753129647 -2.395264148227852 -3
    endloop
  endfacet
  facet normal 0 0 1
    outer loop
      vertex -14.99999999725553 -3.346600000843496 -3
      vertex -14.258359213500126 -2.282535639108368 -3
      vertex -14.55028484499426 -2.3574894017488526 -3
    endloop
  endfacet
  facet normal 0 0 1
    outer loop
      vertex -14.99999999725553 -3.346600000843496 -3
      vertex -13.978129700243827 -2.171584925918447 -3
      vertex -14.258359213500126 -2.282535639108368 -3
    endloop
  endfacet
  facet normal 0 0 1
    outer loop
      vertex -14.99999999725553 -3.346600000843496 -3
      vertex -12.101759384336743 -1.6733000027985283 -3
      vertex -13.978129700243827 -2.171584925918447 -3
    endloop
  endfacet
  facet normal 0 0 1
    outer loop
      vertex -13.978129700243827 -2.171584925918447 -3
      vertex -12.101759384336743 -1.6733000027985283 -3
      vertex -13.71401569205041 -2.0263870212048367 -3
    endloop
  endfacet
  facet normal 0 0 1
    outer loop
      vertex -13.71401569205041 -2.0263870212048367 -3
      vertex -12.101759384336743 -1.6733000027985283 -3
      vertex -13.470182424603145 -1.8492317826618936 -3
    endloop
  endfacet
  facet normal 0 0 1
    outer loop
      vertex -13.470182424603145 -1.8492317826618936 -3
      vertex -12.101759384336743 -1.6733000027985283 -3
      vertex -13.250475294188613 -1.6429130542288524 -3
    endloop
  endfacet
  facet normal 0 0 1
    outer loop
      vertex -13.250475294188613 -1.6429130542288524 -3
      vertex -12.101759384336743 -1.6733000027985283 -3
      vertex -13.058359213500125 -1.4106846055019355 -3
    endloop
  endfacet
  facet normal 0 0 1
    outer loop
      vertex -13.058359213500125 -1.4106846055019355 -3
      vertex -12.101759384336743 -1.6733000027985283 -3
      vertex -12.896863967894728 -1.1562088178441168 -3
    endloop
  endfacet
  facet normal 0 0 1
    outer loop
      vertex -12.896863967894728 -1.1562088178441168 -3
      vertex -12.101759384336743 -1.6733000027985283 -3
      vertex -12.768536433868197 -0.883498926443228 -3
    endloop
  endfacet
  facet normal 0 0 1
    outer loop
      vertex -12.768536433868197 -0.883498926443228 -3
      vertex -12.101759384336743 -1.6733000027985283 -3
      vertex -12.675400413291285 -0.5968557291956507 -3
    endloop
  endfacet
  facet normal 0 0 1
    outer loop
      vertex -12.675400413291285 -0.5968557291956507 -3
      vertex -12.101759384336743 -1.6733000027985283 -3
      vertex -12.618924716845253 -0.3007997605543297 -3
    endloop
  endfacet
  facet normal 0 0 1
    outer loop
      vertex -12.618924716845253 -0.3007997605543297 -3
      vertex -12.101759384336743 -1.6733000027985283 -3
      vertex -12.6 0 -3
    endloop
  endfacet
  facet normal 0 0 1
    outer loop
      vertex -12.101759384336743 -1.6733000027985283 -3
      vertex -12.618924716845253 0.3007997605543302 -3
      vertex -12.6 0 -3
    endloop
  endfacet
  facet normal -0.5 0.8660254037844387 0
    outer loop
      vertex -14.99999999725553 -3.346600000843496 -3
      vertex -14.99999999725553 -3.346600000843496 3
      vertex -12.101759384336743 -1.6733000027985283 -3
    endloop
  endfacet
  facet normal -1 1.1079671465311161e-9 0
    outer loop
      vertex -12.101759384336743 -1.6733000027985283 -3
      vertex -12.101759384336743 -1.6733000027985283 3
      vertex -12.10175938062882 1.673300001770258 -3
    endloop
  endfacet
  facet normal 1 -1.107967677325605e-9 0
    outer loop
      vertex -17.89824061937118 -1.673300001770258 -3
      vertex -17.898240615663255 1.6733000027985283 3
      vertex -17.89824061937118 -1.673300001770258 3
    endloop
  endfacet
  facet normal 0.49999999904047226 0.8660254043384222 0
    outer loop
      vertex -14.99999999725553 -3.346600000843496 -3
      vertex -17.89824061937118 -1.673300001770258 3
      vertex -14.99999999725553 -3.346600000843496 3
    endloop
  endfacet
  facet normal -0.5 0.8660254037844387 0
    outer loop
      vertex -12.101759384336743 -1.6733000027985283 -3
      vertex -14.99999999725553 -3.346600000843496 3
      vertex -12.101759384336743 -1.6733000027985283 3
    endloop
  endfacet
  facet normal 0 0 -1
    outer loop
      vertex -17.89824061937118 -1.673300001770258 3
      vertex -17.103136032105272 -1.1562088178441168 3
      vertex -16.941640786499875 -1.4106846055019355 3
    endloop
  endfacet
  facet normal 0 0 -1
    outer loop
      vertex -17.89824061937118 -1.673300001770258 3
      vertex -16.529817575396855 -1.8492317826618945 3
      vertex -16.285984307949594 -2.026387021204836 3
    endloop
  endfacet
  facet normal 0 0 -1
    outer loop
      vertex -17.89824061937118 -1.673300001770258 3
      vertex -16.74952470581139 -1.6429130542288524 3
      vertex -16.529817575396855 -1.8492317826618945 3
    endloop
  endfacet
  facet normal 0 0 -1
    outer loop
      vertex -17.89824061937118 -1.673300001770258 3
      vertex -16.941640786499875 -1.4106846055019355 3
      vertex -16.74952470581139 -1.6429130542288524 3
    endloop
  endfacet
  facet normal 0 0 -1
    outer loop
      vertex -17.89824061937118 -1.673300001770258 3
      vertex -17.898240615663255 1.6733000027985283 3
      vertex -17.381075283154747 -0.3007997605543297 3
    endloop
  endfacet
  facet normal 0 0 -1
    outer loop
      vertex -17.89824061937118 -1.673300001770258 3
      vertex -17.231463566131804 -0.8834989264432268 3
      vertex -17.103136032105272 -1.1562088178441168 3
    endloop
  endfacet
  facet normal 0 0 -1
    outer loop
      vertex -17.89824061937118 -1.673300001770258 3
      vertex -17.324599586708715 -0.5968557291956517 3
      vertex -17.231463566131804 -0.8834989264432268 3
    endloop
  endfacet
  facet normal 0 0 -1
    outer loop
      vertex -17.89824061937118 -1.673300001770258 3
      vertex -17.381075283154747 -0.3007997605543297 3
      vertex -17.324599586708715 -0.5968557291956517 3
    endloop
  endfacet
  facet normal 0 0 -1
    outer loop
      vertex -17.89824061937118 -1.673300001770258 3
      vertex -16.021870299756173 -2.171584925918447 3
      vertex -14.99999999725553 -3.346600000843496 3
    endloop
  endfacet
  facet normal 0 0 -1
    outer loop
      vertex -17.89824061937118 -1.673300001770258 3
      vertex -16.285984307949594 -2.026387021204836 3
      vertex -16.021870299756173 -2.171584925918447 3
    endloop
  endfacet
  facet normal 0 0 -1
    outer loop
      vertex -16.021870299756173 -2.171584925918447 3
      vertex -15.741640786499874 -2.282535639108368 3
      vertex -14.99999999725553 -3.346600000843496 3
    endloop
  endfacet
  facet normal 0 0 -1
    outer loop
      vertex -15.741640786499874 -2.282535639108368 3
      vertex -15.44971515500574 -2.3574894017488526 3
      vertex -14.99999999725553 -3.346600000843496 3
    endloop
  endfacet
  facet normal 0 0 -1
    outer loop
      vertex -15.44971515500574 -2.3574894017488526 3
      vertex -15.150697246870353 -2.395264148227852 3
      vertex -14.99999999725553 -3.346600000843496 3
    endloop
  endfacet
  facet normal 0 0 -1
    outer loop
      vertex -14.99999999725553 -3.346600000843496 3
      vertex -15.150697246870353 -2.395264148227852 3
      vertex -14.849302753129647 -2.395264148227852 3
    endloop
  endfacet
  facet normal 0 0 -1
    outer loop
      vertex -14.99999999725553 -3.346600000843496 3
      vertex -14.849302753129647 -2.395264148227852 3
      vertex -14.55028484499426 -2.3574894017488526 3
    endloop
  endfacet
  facet normal 0 0 -1
    outer loop
      vertex -14.99999999725553 -3.346600000843496 3
      vertex -14.55028484499426 -2.3574894017488526 3
      vertex -14.258359213500126 -2.282535639108368 3
    endloop
  endfacet
  facet normal 0 0 -1
    outer loop
      vertex -14.99999999725553 -3.346600000843496 3
      vertex -14.258359213500126 -2.282535639108368 3
      vertex -13.978129700243827 -2.171584925918447 3
    endloop
  endfacet
  facet normal 0 0 -1
    outer loop
      vertex -14.99999999725553 -3.346600000843496 3
      vertex -13.978129700243827 -2.171584925918447 3
      vertex -12.101759384336743 -1.6733000027985283 3
    endloop
  endfacet
  facet normal 0 0 -1
    outer loop
      vertex -13.978129700243827 -2.171584925918447 3
      vertex -13.71401569205041 -2.0263870212048367 3
      vertex -12.101759384336743 -1.6733000027985283 3
    endloop
  endfacet
  facet normal 0 0 -1
    outer loop
      vertex -13.71401569205041 -2.0263870212048367 3
      vertex -13.470182424603145 -1.8492317826618936 3
      vertex -12.101759384336743 -1.6733000027985283 3
    endloop
  endfacet
  facet normal 0 0 -1
    outer loop
      vertex -13.470182424603145 -1.8492317826618936 3
      vertex -13.250475294188613 -1.6429130542288524 3
      vertex -12.101759384336743 -1.6733000027985283 3
    endloop
  endfacet
  facet normal 0 0 -1
    outer loop
      vertex -13.250475294188613 -1.6429130542288524 3
      vertex -13.058359213500125 -1.4106846055019355 3
      vertex -12.101759384336743 -1.6733000027985283 3
    endloop
  endfacet
  facet normal 0 0 -1
    outer loop
      vertex -13.058359213500125 -1.4106846055019355 3
      vertex -12.896863967894728 -1.1562088178441168 3
      vertex -12.101759384336743 -1.6733000027985283 3
    endloop
  endfacet
  facet normal 0 0 -1
    outer loop
      vertex -12.896863967894728 -1.1562088178441168 3
      vertex -12.768536433868197 -0.883498926443228 3
      vertex -12.101759384336743 -1.6733000027985283 3
    endloop
  endfacet
  facet normal 0 0 -1
    outer loop
      vertex -12.768536433868197 -0.883498926443228 3
      vertex -12.675400413291285 -0.5968557291956507 3
      vertex -12.101759384336743 -1.6733000027985283 3
    endloop
  endfacet
  facet normal 0 0 -1
    outer loop
      vertex -12.675400413291285 -0.5968557291956507 3
      vertex -12.618924716845253 -0.3007997605543297 3
      vertex -12.101759384336743 -1.6733000027985283 3
    endloop
  endfacet
  facet normal 0 0 -1
    outer loop
      vertex -12.618924716845253 -0.3007997605543297 3
      vertex -12.6 0 3
      vertex -12.101759384336743 -1.6733000027985283 3
    endloop
  endfacet
  facet normal 0 0 -1
    outer loop
      vertex -12.101759384336743 -1.6733000027985283 3
      vertex -12.6 0 3
      vertex -12.618924716845253 0.3007997605543302 3
    endloop
  endfacet
  facet normal 0 0 1
    outer loop
      vertex -17.381075283154747 -0.3007997605543297 -3
      vertex -17.4 0 -3
      vertex -17.898240615663255 1.6733000027985283 -3
    endloop
  endfacet
  facet normal 0 0 1
    outer loop
      vertex -17.4 0 -3
      vertex -17.381075283154747 0.3007997605543297 -3
      vertex -17.898240615663255 1.6733000027985283 -3
    endloop
  endfacet
  facet normal 0 0 1
    outer loop
      vertex -17.381075283154747 0.3007997605543297 -3
      vertex -17.324599586708715 0.5968557291956517 -3
      vertex -17.898240615663255 1.6733000027985283 -3
    endloop
  endfacet
  facet normal 0 0 1
    outer loop
      vertex -17.324599586708715 0.5968557291956517 -3
      vertex -17.231463566131804 0.8834989264432268 -3
      vertex -17.898240615663255 1.6733000027985283 -3
    endloop
  endfacet
  facet normal 0 0 1
    outer loop
      vertex -17.231463566131804 0.8834989264432268 -3
      vertex -17.103136032105272 1.1562088178441168 -3
      vertex -17.898240615663255 1.6733000027985283 -3
    endloop
  endfacet
  facet normal 0 0 1
    outer loop
      vertex -17.898240615663255 1.6733000027985283 -3
      vertex -17.103136032105272 1.1562088178441168 -3
      vertex -16.941640786499875 1.4106846055019355 -3
    endloop
  endfacet
  facet normal 0 0 1
    outer loop
      vertex -17.898240615663255 1.6733000027985283 -3
      vertex -16.941640786499875 1.4106846055019355 -3
      vertex -16.74952470581139 1.6429130542288524 -3
    endloop
  endfacet
  facet normal 0 0 1
    outer loop
      vertex -17.898240615663255 1.6733000027985283 -3
      vertex -16.74952470581139 1.6429130542288524 -3
      vertex -16.529817575396855 1.8492317826618945 -3
    endloop
  endfacet
  facet normal 0 0 1
    outer loop
      vertex -17.898240615663255 1.6733000027985283 -3
      vertex -16.529817575396855 1.8492317826618945 -3
      vertex -16.285984307949594 2.026387021204836 -3
    endloop
  endfacet
  facet normal 1 -1.107967677325605e-9 0
    outer loop
      vertex -17.89824061937118 -1.673300001770258 -3
      vertex -17.898240615663255 1.6733000027985283 -3
      vertex -17.898240615663255 1.6733000027985283 3
    endloop
  endfacet
  facet normal 0 0 1
    outer loop
      vertex -17.898240615663255 1.6733000027985283 -3
      vertex -16.285984307949594 2.026387021204836 -3
      vertex -16.021870299756173 2.1715849259184465 -3
    endloop
  endfacet
  facet normal 0 0 1
    outer loop
      vertex -17.898240615663255 1.6733000027985283 -3
      vertex -16.021870299756173 2.1715849259184465 -3
      vertex -15.00000000274447 3.346600000843496 -3
    endloop
  endfacet
  facet normal 0 0 1
    outer loop
      vertex -16.021870299756173 2.1715849259184465 -3
      vertex -15.741640786499874 2.282535639108368 -3
      vertex -15.00000000274447 3.346600000843496 -3
    endloop
  endfacet
  facet normal 0 0 1
    outer loop
      vertex -15.741640786499874 2.282535639108368 -3
      vertex -15.44971515500574 2.357489401748853 -3
      vertex -15.00000000274447 3.346600000843496 -3
    endloop
  endfacet
  facet normal 0 0 1
    outer loop
      vertex -15.44971515500574 2.357489401748853 -3
      vertex -15.150697246870353 2.395264148227852 -3
      vertex -15.00000000274447 3.346600000843496 -3
    endloop
  endfacet
  facet normal 0 0 1
    outer loop
      vertex -15.150697246870353 2.395264148227852 -3
      vertex -14.849302753129647 2.395264148227852 -3
      vertex -15.00000000274447 3.346600000843496 -3
    endloop
  endfacet
  facet normal 0 0 1
    outer loop
      vertex -14.849302753129647 2.395264148227852 -3
      vertex -14.55028484499426 2.357489401748853 -3
      vertex -15.00000000274447 3.346600000843496 -3
    endloop
  endfacet
  facet normal 0 0 1
    outer loop
      vertex -15.00000000274447 3.346600000843496 -3
      vertex -14.55028484499426 2.357489401748853 -3
      vertex -14.258359213500126 2.282535639108368 -3
    endloop
  endfacet
  facet normal 0 0 1
    outer loop
      vertex -13.978129700243827 2.1715849259184465 -3
      vertex -15.00000000274447 3.346600000843496 -3
      vertex -14.258359213500126 2.282535639108368 -3
    endloop
  endfacet
  facet normal 0 0 1
    outer loop
      vertex -13.978129700243827 2.1715849259184465 -3
      vertex -12.10175938062882 1.673300001770258 -3
      vertex -15.00000000274447 3.346600000843496 -3
    endloop
  endfacet
  facet normal 0 0 1
    outer loop
      vertex -13.978129700243827 2.1715849259184465 -3
      vertex -13.714015692050408 2.0263870212048363 -3
      vertex -12.10175938062882 1.673300001770258 -3
    endloop
  endfacet
  facet normal 0 0 1
    outer loop
      vertex -13.714015692050408 2.0263870212048363 -3
      vertex -13.470182424603145 1.8492317826618938 -3
      vertex -12.10175938062882 1.673300001770258 -3
    endloop
  endfacet
  facet normal 0 0 1
    outer loop
      vertex -13.250475294188613 1.6429130542288528 -3
      vertex -12.10175938062882 1.673300001770258 -3
      vertex -13.470182424603145 1.8492317826618938 -3
    endloop
  endfacet
  facet normal 0 0 1
    outer loop
      vertex -13.250475294188613 1.6429130542288528 -3
      vertex -13.058359213500125 1.4106846055019355 -3
      vertex -12.10175938062882 1.673300001770258 -3
    endloop
  endfacet
  facet normal 0 0 1
    outer loop
      vertex -13.058359213500125 1.4106846055019355 -3
      vertex -12.896863967894728 1.1562088178441168 -3
      vertex -12.10175938062882 1.673300001770258 -3
    endloop
  endfacet
  facet normal 0 0 1
    outer loop
      vertex -12.101759384336743 -1.6733000027985283 -3
      vertex -12.10175938062882 1.673300001770258 -3
      vertex -12.618924716845253 0.3007997605543302 -3
    endloop
  endfacet
  facet normal 0 0 1
    outer loop
      vertex -12.675400413291285 0.5968557291956514 -3
      vertex -12.10175938062882 1.673300001770258 -3
      vertex -12.768536433868197 0.8834989264432271 -3
    endloop
  endfacet
  facet normal 0 0 1
    outer loop
      vertex -12.618924716845253 0.3007997605543302 -3
      vertex -12.10175938062882 1.673300001770258 -3
      vertex -12.675400413291285 0.5968557291956514 -3
    endloop
  endfacet
  facet normal 0 0 1
    outer loop
      vertex -12.768536433868197 0.8834989264432271 -3
      vertex -12.10175938062882 1.673300001770258 -3
      vertex -12.896863967894728 1.1562088178441168 -3
    endloop
  endfacet
  facet normal 0.5000000000000002 -0.8660254037844385 0
    outer loop
      vertex -17.898240615663255 1.6733000027985283 -3
      vertex -15.00000000274447 3.346600000843496 -3
      vertex -15.00000000274447 3.346600000843496 3
    endloop
  endfacet
  facet normal -0.49999999904047226 -0.8660254043384222 0
    outer loop
      vertex -15.00000000274447 3.346600000843496 -3
      vertex -12.10175938062882 1.673300001770258 -3
      vertex -12.10175938062882 1.673300001770258 3
    endloop
  endfacet
  facet normal 0.5000000000000002 -0.8660254037844385 0
    outer loop
      vertex -17.898240615663255 1.6733000027985283 -3
      vertex -15.00000000274447 3.346600000843496 3
      vertex -17.898240615663255 1.6733000027985283 3
    endloop
  endfacet
  facet normal -0.49999999904047226 -0.8660254043384222 0
    outer loop
      vertex -15.00000000274447 3.346600000843496 -3
      vertex -12.10175938062882 1.673300001770258 3
      vertex -15.00000000274447 3.346600000843496 3
    endloop
  endfacet
  facet normal -1 1.1079671465311161e-9 0
    outer loop
      vertex -12.101759384336743 -1.6733000027985283 3
      vertex -12.10175938062882 1.673300001770258 3
      vertex -12.10175938062882 1.673300001770258 -3
    endloop
  endfacet
  facet normal 0 0 -1
    outer loop
      vertex -17.381075283154747 -0.3007997605543297 3
      vertex -17.898240615663255 1.6733000027985283 3
      vertex -17.4 0 3
    endloop
  endfacet
  facet normal 0 0 -1
    outer loop
      vertex -17.4 0 3
      vertex -17.898240615663255 1.6733000027985283 3
      vertex -17.381075283154747 0.3007997605543297 3
    endloop
  endfacet
  facet normal 0 0 -1
    outer loop
      vertex -17.381075283154747 0.3007997605543297 3
      vertex -17.898240615663255 1.6733000027985283 3
      vertex -17.324599586708715 0.5968557291956517 3
    endloop
  endfacet
  facet normal 0 0 -1
    outer loop
      vertex -17.324599586708715 0.5968557291956517 3
      vertex -17.898240615663255 1.6733000027985283 3
      vertex -17.231463566131804 0.8834989264432268 3
    endloop
  endfacet
  facet normal 0 0 -1
    outer loop
      vertex -17.231463566131804 0.8834989264432268 3
      vertex -17.898240615663255 1.6733000027985283 3
      vertex -17.103136032105272 1.1562088178441168 3
    endloop
  endfacet
  facet normal 0 0 -1
    outer loop
      vertex -17.898240615663255 1.6733000027985283 3
      vertex -16.941640786499875 1.4106846055019355 3
      vertex -17.103136032105272 1.1562088178441168 3
    endloop
  endfacet
  facet normal 0 0 -1
    outer loop
      vertex -17.898240615663255 1.6733000027985283 3
      vertex -16.74952470581139 1.6429130542288524 3
      vertex -16.941640786499875 1.4106846055019355 3
    endloop
  endfacet
  facet normal 0 0 -1
    outer loop
      vertex -17.898240615663255 1.6733000027985283 3
      vertex -16.529817575396855 1.8492317826618945 3
      vertex -16.74952470581139 1.6429130542288524 3
    endloop
  endfacet
  facet normal 0 0 -1
    outer loop
      vertex -17.898240615663255 1.6733000027985283 3
      vertex -16.285984307949594 2.026387021204836 3
      vertex -16.529817575396855 1.8492317826618945 3
    endloop
  endfacet
  facet normal 0 0 -1
    outer loop
      vertex -17.898240615663255 1.6733000027985283 3
      vertex -16.021870299756173 2.1715849259184465 3
      vertex -16.285984307949594 2.026387021204836 3
    endloop
  endfacet
  facet normal 0 0 -1
    outer loop
      vertex -17.898240615663255 1.6733000027985283 3
      vertex -15.00000000274447 3.346600000843496 3
      vertex -16.021870299756173 2.1715849259184465 3
    endloop
  endfacet
  facet normal 0 0 -1
    outer loop
      vertex -16.021870299756173 2.1715849259184465 3
      vertex -15.00000000274447 3.346600000843496 3
      vertex -15.741640786499874 2.282535639108368 3
    endloop
  endfacet
  facet normal 0 0 -1
    outer loop
      vertex -15.741640786499874 2.282535639108368 3
      vertex -15.00000000274447 3.346600000843496 3
      vertex -15.44971515500574 2.357489401748853 3
    endloop
  endfacet
  facet normal 0 0 -1
    outer loop
      vertex -15.44971515500574 2.357489401748853 3
      vertex -15.00000000274447 3.346600000843496 3
      vertex -15.150697246870353 2.395264148227852 3
    endloop
  endfacet
  facet normal 0 0 -1
    outer loop
      vertex -15.150697246870353 2.395264148227852 3
      vertex -15.00000000274447 3.346600000843496 3
      vertex -14.849302753129647 2.395264148227852 3
    endloop
  endfacet
  facet normal 0 0 -1
    outer loop
      vertex -14.849302753129647 2.395264148227852 3
      vertex -15.00000000274447 3.346600000843496 3
      vertex -14.55028484499426 2.357489401748853 3
    endloop
  endfacet
  facet normal 0 0 -1
    outer loop
      vertex -15.00000000274447 3.346600000843496 3
      vertex -14.258359213500126 2.282535639108368 3
      vertex -14.55028484499426 2.357489401748853 3
    endloop
  endfacet
  facet normal 0 0 -1
    outer loop
      vertex -13.978129700243827 2.1715849259184465 3
      vertex -14.258359213500126 2.282535639108368 3
      vertex -15.00000000274447 3.346600000843496 3
    endloop
  endfacet
  facet normal 0 0 -1
    outer loop
      vertex -13.978129700243827 2.1715849259184465 3
      vertex -15.00000000274447 3.346600000843496 3
      vertex -12.10175938062882 1.673300001770258 3
    endloop
  endfacet
  facet normal 0 0 -1
    outer loop
      vertex -13.978129700243827 2.1715849259184465 3
      vertex -12.10175938062882 1.673300001770258 3
      vertex -13.714015692050408 2.0263870212048363 3
    endloop
  endfacet
  facet normal 0 0 -1
    outer loop
      vertex -13.714015692050408 2.0263870212048363 3
      vertex -12.10175938062882 1.673300001770258 3
      vertex -13.470182424603145 1.8492317826618938 3
    endloop
  endfacet
  facet normal 0 0 -1
    outer loop
      vertex -13.250475294188613 1.6429130542288528 3
      vertex -13.470182424603145 1.8492317826618938 3
      vertex -12.10175938062882 1.673300001770258 3
    endloop
  endfacet
  facet normal 0 0 -1
    outer loop
      vertex -13.250475294188613 1.6429130542288528 3
      vertex -12.10175938062882 1.673300001770258 3
      vertex -13.058359213500125 1.4106846055019355 3
    endloop
  endfacet
  facet normal 0 0 -1
    outer loop
      vertex -13.058359213500125 1.4106846055019355 3
      vertex -12.10175938062882 1.673300001770258 3
      vertex -12.896863967894728 1.1562088178441168 3
    endloop
  endfacet
  facet normal 0 0 -1
    outer loop
      vertex -12.101759384336743 -1.6733000027985283 3
      vertex -12.618924716845253 0.3007997605543302 3
      vertex -12.10175938062882 1.673300001770258 3
    endloop
  endfacet
  facet normal 0 0 -1
    outer loop
      vertex -12.675400413291285 0.5968557291956514 3
      vertex -12.768536433868197 0.8834989264432271 3
      vertex -12.10175938062882 1.673300001770258 3
    endloop
  endfacet
  facet normal 0 0 -1
    outer loop
      vertex -12.618924716845253 0.3007997605543302 3
      vertex -12.675400413291285 0.5968557291956514 3
      vertex -12.10175938062882 1.673300001770258 3
    endloop
  endfacet
  facet normal 0 0 -1
    outer loop
      vertex -12.768536433868197 0.8834989264432271 3
      vertex -12.896863967894728 1.1562088178441168 3
      vertex -12.10175938062882 1.673300001770258 3
    endloop
  endfacet
  facet normal 0 0 1
    outer loop
      vertex -1.6732999980449677 -17.898240618407726 -3
      vertex -1.7495247058113879 -16.642913054228853 -3
      vertex -1.9416407864998737 -16.410684605501935 -3
    endloop
  endfacet
  facet normal 0 0 1
    outer loop
      vertex -1.6732999980449677 -17.898240618407726 -3
      vertex -1.2859843079495923 -17.026387021204837 -3
      vertex -1.529817575396855 -16.849231782661896 -3
    endloop
  endfacet
  facet normal 0 0 1
    outer loop
      vertex -1.6732999980449677 -17.898240618407726 -3
      vertex -1.529817575396855 -16.849231782661896 -3
      vertex -1.7495247058113879 -16.642913054228853 -3
    endloop
  endfacet
  facet normal 0 0 1
    outer loop
      vertex -1.6732999980449677 -17.898240618407726 -3
      vertex -1.0218702997561737 -17.171584925918445 -3
      vertex -1.2859843079495923 -17.026387021204837 -3
    endloop
  endfacet
  facet normal 0 0 1
    outer loop
      vertex -1.6732999980449677 -17.898240618407726 -3
      vertex -0.7416407864998737 -17.282535639108367 -3
      vertex -1.0218702997561737 -17.171584925918445 -3
    endloop
  endfacet
  facet normal 0 0 1
    outer loop
      vertex -1.6732999980449677 -17.898240618407726 -3
      vertex -0.44971515500573955 -17.357489401748854 -3
      vertex -0.7416407864998737 -17.282535639108367 -3
    endloop
  endfacet
  facet normal 0 0 1
    outer loop
      vertex -1.6732999980449677 -17.898240618407726 -3
      vertex -0.15069724687035302 -17.395264148227852 -3
      vertex -0.44971515500573955 -17.357489401748854 -3
    endloop
  endfacet
  facet normal 0 0 1
    outer loop
      vertex -1.6732999980449677 -17.898240618407726 -3
      vertex 1.6732999980449677 -17.898240618407726 -3
      vertex -0.15069724687035302 -17.395264148227852 -3
    endloop
  endfacet
  facet normal 0 1 0
    outer loop
      vertex -1.6732999980449677 -17.898240618407726 -3
      vertex -1.6732999980449677 -17.898240618407726 3
      vertex 1.6732999980449677 -17.898240618407726 -3
    endloop
  endfacet
  facet normal 0 0 1
    outer loop
      vertex -3.346600003540516 -15 -3
      vertex -1.6732999980449677 -17.898240618407726 -3
      vertex -1.9416407864998737 -16.410684605501935 -3
    endloop
  endfacet
  facet normal 0 0 1
    outer loop
      vertex -3.346600003540516 -15 -3
      vertex -1.9416407864998737 -16.410684605501935 -3
      vertex -2.1031360321052723 -16.156208817844117 -3
    endloop
  endfacet
  facet normal 0 0 1
    outer loop
      vertex -3.346600003540516 -15 -3
      vertex -2.1031360321052723 -16.156208817844117 -3
      vertex -2.2314635661318034 -15.883498926443227 -3
    endloop
  endfacet
  facet normal 0 0 1
    outer loop
      vertex -3.346600003540516 -15 -3
      vertex -2.2314635661318034 -15.883498926443227 -3
      vertex -2.3245995867087146 -15.596855729195651 -3
    endloop
  endfacet
  facet normal 0 0 1
    outer loop
      vertex -3.346600003540516 -15 -3
      vertex -2.3245995867087146 -15.596855729195651 -3
      vertex -2.381075283154747 -15.30079976055433 -3
    endloop
  endfacet
  facet normal 0 0 1
    outer loop
      vertex -3.346600003540516 -15 -3
      vertex -2.381075283154747 -15.30079976055433 -3
      vertex -2.4 -15 -3
    endloop
  endfacet
  facet normal 0 0 1
    outer loop
      vertex -3.346600003540516 -15 -3
      vertex -2.4 -15 -3
      vertex -2.381075283154747 -14.69920023944567 -3
    endloop
  endfacet
  facet normal 0 0 1
    outer loop
      vertex -3.346600003540516 -15 -3
      vertex -2.381075283154747 -14.69920023944567 -3
      vertex -2.3245995867087146 -14.403144270804349 -3
    endloop
  endfacet
  facet normal 0 0 1
    outer loop
      vertex -3.346600003540516 -15 -3
      vertex -2.3245995867087146 -14.403144270804349 -3
      vertex -2.2314635661318034 -14.116501073556773 -3
    endloop
  endfacet
  facet normal 0 0 1
    outer loop
      vertex -3.346600003540516 -15 -3
      vertex -2.2314635661318034 -14.116501073556773 -3
      vertex -1.6732999980449677 -12.101759381592274 -3
    endloop
  endfacet
  facet normal 0 0 1
    outer loop
      vertex -2.2314635661318034 -14.116501073556773 -3
      vertex -2.1031360321052723 -13.843791182155883 -3
      vertex -1.6732999980449677 -12.101759381592274 -3
    endloop
  endfacet
  facet normal 0 0 1
    outer loop
      vertex -2.1031360321052723 -13.843791182155883 -3
      vertex -1.9416407864998737 -13.589315394498065 -3
      vertex -1.6732999980449677 -12.101759381592274 -3
    endloop
  endfacet
  facet normal 0 0 1
    outer loop
      vertex -1.9416407864998737 -13.589315394498065 -3
      vertex -1.7495247058113879 -13.357086945771147 -3
      vertex -1.6732999980449677 -12.101759381592274 -3
    endloop
  endfacet
  facet normal 0 0 1
    outer loop
      vertex -1.7495247058113879 -13.357086945771147 -3
      vertex -1.529817575396855 -13.150768217338106 -3
      vertex -1.6732999980449677 -12.101759381592274 -3
    endloop
  endfacet
  facet normal 0 0 1
    outer loop
      vertex -1.529817575396855 -13.150768217338106 -3
      vertex -1.2859843079495923 -12.973612978795163 -3
      vertex -1.6732999980449677 -12.101759381592274 -3
    endloop
  endfacet
  facet normal 0 0 1
    outer loop
      vertex -1.2859843079495923 -12.973612978795163 -3
      vertex -1.0218702997561744 -12.828415074081553 -3
      vertex -1.6732999980449677 -12.101759381592274 -3
    endloop
  endfacet
  facet normal 0 0 1
    outer loop
      vertex -1.6732999980449677 -12.101759381592274 -3
      vertex -1.0218702997561744 -12.828415074081553 -3
      vertex -0.7416407864998737 -12.717464360891633 -3
    endloop
  endfacet
  facet normal 0 0 1
    outer loop
      vertex -1.6732999980449677 -12.101759381592274 -3
      vertex -0.7416407864998737 -12.717464360891633 -3
      vertex -0.44971515500573894 -12.642510598251146 -3
    endloop
  endfacet
  facet normal 0 0 1
    outer loop
      vertex -1.6732999980449677 -12.101759381592274 -3
      vertex -0.44971515500573894 -12.642510598251146 -3
      vertex -0.15069724687035185 -12.604735851772148 -3
    endloop
  endfacet
  facet normal 0 0 1
    outer loop
      vertex -1.6732999980449677 -12.101759381592274 -3
      vertex -0.15069724687035185 -12.604735851772148 -3
      vertex 0.15069724687035185 -12.604735851772148 -3
    endloop
  endfacet
  facet normal 0.8660254032304551 0.5000000009595276 0
    outer loop
      vertex -3.346600003540516 -15 -3
      vertex -3.346600003540516 -15 3
      vertex -1.6732999980449677 -17.898240618407726 -3
    endloop
  endfacet
  facet normal 0.8660254032304551 -0.5000000009595276 0
    outer loop
      vertex -3.346600003540516 -15 -3
      vertex -1.6732999980449677 -12.101759381592274 -3
      vertex -1.6732999980449677 -12.101759381592274 3
    endloop
  endfacet
  facet normal 0.8660254032304551 0.5000000009595276 0
    outer loop
      vertex -1.6732999980449677 -17.898240618407726 -3
      vertex -3.346600003540516 -15 3
      vertex -1.6732999980449677 -17.898240618407726 3
    endloop
  endfacet
  facet normal 0.8660254032304551 -0.5000000009595276 0
    outer loop
      vertex -3.346600003540516 -15 -3
      vertex -1.6732999980449677 -12.101759381592274 3
      vertex -3.346600003540516 -15 3
    endloop
  endfacet
  facet normal 0 -1 0
    outer loop
      vertex -1.6732999980449677 -12.101759381592274 -3
      vertex 1.6732999980449677 -12.101759381592274 3
      vertex -1.6732999980449677 -12.101759381592274 3
    endloop
  endfacet
  facet normal 0 0 -1
    outer loop
      vertex -1.6732999980449677 -17.898240618407726 3
      vertex -1.9416407864998737 -16.410684605501935 3
      vertex -1.7495247058113879 -16.642913054228853 3
    endloop
  endfacet
  facet normal 0 0 -1
    outer loop
      vertex -1.6732999980449677 -17.898240618407726 3
      vertex -1.529817575396855 -16.849231782661896 3
      vertex -1.2859843079495923 -17.026387021204837 3
    endloop
  endfacet
  facet normal 0 0 -1
    outer loop
      vertex -1.6732999980449677 -17.898240618407726 3
      vertex -1.7495247058113879 -16.642913054228853 3
      vertex -1.529817575396855 -16.849231782661896 3
    endloop
  endfacet
  facet normal 0 0 -1
    outer loop
      vertex -1.6732999980449677 -17.898240618407726 3
      vertex -1.2859843079495923 -17.026387021204837 3
      vertex -1.0218702997561737 -17.171584925918445 3
    endloop
  endfacet
  facet normal 0 0 -1
    outer loop
      vertex -1.6732999980449677 -17.898240618407726 3
      vertex -1.0218702997561737 -17.171584925918445 3
      vertex -0.7416407864998737 -17.282535639108367 3
    endloop
  endfacet
  facet normal 0 0 -1
    outer loop
      vertex -1.6732999980449677 -17.898240618407726 3
      vertex -0.7416407864998737 -17.282535639108367 3
      vertex -0.44971515500573955 -17.357489401748854 3
    endloop
  endfacet
  facet normal 0 0 -1
    outer loop
      vertex -1.6732999980449677 -17.898240618407726 3
      vertex -0.44971515500573955 -17.357489401748854 3
      vertex -0.15069724687035302 -17.395264148227852 3
    endloop
  endfacet
  facet normal 0 0 -1
    outer loop
      vertex -1.6732999980449677 -17.898240618407726 3
      vertex -0.15069724687035302 -17.395264148227852 3
      vertex 1.6732999980449677 -17.898240618407726 3
    endloop
  endfacet
  facet normal 0 0 -1
    outer loop
      vertex -3.346600003540516 -15 3
      vertex -2.2314635661318034 -15.883498926443227 3
      vertex -1.6732999980449677 -17.898240618407726 3
    endloop
  endfacet
  facet normal 0 0 -1
    outer loop
      vertex -3.346600003540516 -15 3
      vertex -2.3245995867087146 -15.596855729195651 3
      vertex -2.2314635661318034 -15.883498926443227 3
    endloop
  endfacet
  facet normal 0 0 -1
    outer loop
      vertex -1.6732999980449677 -17.898240618407726 3
      vertex -2.2314635661318034 -15.883498926443227 3
      vertex -2.1031360321052723 -16.156208817844117 3
    endloop
  endfacet
  facet normal 0 0 -1
    outer loop
      vertex -1.6732999980449677 -17.898240618407726 3
      vertex -2.1031360321052723 -16.156208817844117 3
      vertex -1.9416407864998737 -16.410684605501935 3
    endloop
  endfacet
  facet normal 0 0 -1
    outer loop
      vertex -3.346600003540516 -15 3
      vertex -2.381075283154747 -15.30079976055433 3
      vertex -2.3245995867087146 -15.596855729195651 3
    endloop
  endfacet
  facet normal 0 0 -1
    outer loop
      vertex -3.346600003540516 -15 3
      vertex -2.4 -15 3
      vertex -2.381075283154747 -15.30079976055433 3
    endloop
  endfacet
  facet normal 0 0 -1
    outer loop
      vertex -3.346600003540516 -15 3
      vertex -2.381075283154747 -14.69920023944567 3
      vertex -2.4 -15 3
    endloop
  endfacet
  facet normal 0 0 -1
    outer loop
      vertex -3.346600003540516 -15 3
      vertex -2.3245995867087146 -14.403144270804349 3
      vertex -2.381075283154747 -14.69920023944567 3
    endloop
  endfacet
  facet normal 0 0 -1
    outer loop
      vertex -3.346600003540516 -15 3
      vertex -2.2314635661318034 -14.116501073556773 3
      vertex -2.3245995867087146 -14.403144270804349 3
    endloop
  endfacet
  facet normal 0 0 -1
    outer loop
      vertex -3.346600003540516 -15 3
      vertex -2.1031360321052723 -13.843791182155883 3
      vertex -2.2314635661318034 -14.116501073556773 3
    endloop
  endfacet
  facet normal 0 0 -1
    outer loop
      vertex -3.346600003540516 -15 3
      vertex -1.9416407864998737 -13.589315394498065 3
      vertex -2.1031360321052723 -13.843791182155883 3
    endloop
  endfacet
  facet normal 0 0 -1
    outer loop
      vertex -3.346600003540516 -15 3
      vertex -1.6732999980449677 -12.101759381592274 3
      vertex -1.9416407864998737 -13.589315394498065 3
    endloop
  endfacet
  facet normal 0 0 -1
    outer loop
      vertex -1.9416407864998737 -13.589315394498065 3
      vertex -1.6732999980449677 -12.101759381592274 3
      vertex -1.7495247058113879 -13.357086945771147 3
    endloop
  endfacet
  facet normal 0 0 -1
    outer loop
      vertex -1.7495247058113879 -13.357086945771147 3
      vertex -1.6732999980449677 -12.101759381592274 3
      vertex -1.529817575396855 -13.150768217338106 3
    endloop
  endfacet
  facet normal 0 0 -1
    outer loop
      vertex -1.529817575396855 -13.150768217338106 3
      vertex -1.6732999980449677 -12.101759381592274 3
      vertex -1.2859843079495923 -12.973612978795163 3
    endloop
  endfacet
  facet normal 0 0 -1
    outer loop
      vertex -1.2859843079495923 -12.973612978795163 3
      vertex -1.6732999980449677 -12.101759381592274 3
      vertex -1.0218702997561744 -12.828415074081553 3
    endloop
  endfacet
  facet normal 0 0 -1
    outer loop
      vertex -1.6732999980449677 -12.101759381592274 3
      vertex -0.7416407864998737 -12.717464360891633 3
      vertex -1.0218702997561744 -12.828415074081553 3
    endloop
  endfacet
  facet normal 0 0 -1
    outer loop
      vertex -1.6732999980449677 -12.101759381592274 3
      vertex -0.44971515500573894 -12.642510598251146 3
      vertex -0.7416407864998737 -12.717464360891633 3
    endloop
  endfacet
  facet normal 0 0 -1
    outer loop
      vertex -1.6732999980449677 -12.101759381592274 3
      vertex -0.15069724687035185 -12.604735851772148 3
      vertex -0.44971515500573894 -12.642510598251146 3
    endloop
  endfacet
  facet normal 0 0 -1
    outer loop
      vertex -1.6732999980449677 -12.101759381592274 3
      vertex 0.15069724687035185 -12.604735851772148 3
      vertex -0.15069724687035185 -12.604735851772148 3
    endloop
  endfacet
  facet normal 0 0 1
    outer loop
      vertex -0.15069724687035302 -17.395264148227852 -3
      vertex 1.6732999980449677 -17.898240618407726 -3
      vertex 0.15069724687035302 -17.395264148227852 -3
    endloop
  endfacet
  facet normal 0 0 1
    outer loop
      vertex 0.15069724687035302 -17.395264148227852 -3
      vertex 1.6732999980449677 -17.898240618407726 -3
      vertex 0.44971515500573955 -17.357489401748854 -3
    endloop
  endfacet
  facet normal 0 0 1
    outer loop
      vertex 0.44971515500573955 -17.357489401748854 -3
      vertex 1.6732999980449677 -17.898240618407726 -3
      vertex 0.7416407864998737 -17.282535639108367 -3
    endloop
  endfacet
  facet normal 0 0 1
    outer loop
      vertex 0.7416407864998737 -17.282535639108367 -3
      vertex 1.6732999980449677 -17.898240618407726 -3
      vertex 1.0218702997561737 -17.171584925918445 -3
    endloop
  endfacet
  facet normal 0 0 1
    outer loop
      vertex 1.0218702997561737 -17.171584925918445 -3
      vertex 1.6732999980449677 -17.898240618407726 -3
      vertex 1.285984307949591 -17.026387021204837 -3
    endloop
  endfacet
  facet normal 0 0 1
    outer loop
      vertex 1.6732999980449677 -17.898240618407726 -3
      vertex 1.529817575396856 -16.849231782661892 -3
      vertex 1.285984307949591 -17.026387021204837 -3
    endloop
  endfacet
  facet normal 0 0 1
    outer loop
      vertex 1.6732999980449677 -17.898240618407726 -3
      vertex 1.7495247058113879 -16.642913054228853 -3
      vertex 1.529817575396856 -16.849231782661892 -3
    endloop
  endfacet
  facet normal 0 0 1
    outer loop
      vertex 1.6732999980449677 -17.898240618407726 -3
      vertex 1.9416407864998737 -16.410684605501935 -3
      vertex 1.7495247058113879 -16.642913054228853 -3
    endloop
  endfacet
  facet normal -0.8660254032304551 0.5000000009595276 0
    outer loop
      vertex 1.6732999980449677 -17.898240618407726 -3
      vertex 1.6732999980449677 -17.898240618407726 3
      vertex 3.346600003540516 -15 -3
    endloop
  endfacet
  facet normal 0 0 1
    outer loop
      vertex 1.6732999980449677 -17.898240618407726 -3
      vertex 2.1031360321052723 -16.156208817844117 -3
      vertex 1.9416407864998737 -16.410684605501935 -3
    endloop
  endfacet
  facet normal 0 0 1
    outer loop
      vertex 1.6732999980449677 -17.898240618407726 -3
      vertex 2.231463566131803 -15.883498926443227 -3
      vertex 2.1031360321052723 -16.156208817844117 -3
    endloop
  endfacet
  facet normal 0 0 1
    outer loop
      vertex 1.6732999980449677 -17.898240618407726 -3
      vertex 3.346600003540516 -15 -3
      vertex 2.231463566131803 -15.883498926443227 -3
    endloop
  endfacet
  facet normal 0 0 1
    outer loop
      vertex 2.231463566131803 -15.883498926443227 -3
      vertex 3.346600003540516 -15 -3
      vertex 2.3245995867087146 -15.596855729195651 -3
    endloop
  endfacet
  facet normal 0 0 1
    outer loop
      vertex 2.3245995867087146 -15.596855729195651 -3
      vertex 3.346600003540516 -15 -3
      vertex 2.381075283154747 -15.30079976055433 -3
    endloop
  endfacet
  facet normal 0 0 1
    outer loop
      vertex 2.381075283154747 -15.30079976055433 -3
      vertex 3.346600003540516 -15 -3
      vertex 2.4 -15 -3
    endloop
  endfacet
  facet normal 0 0 1
    outer loop
      vertex 2.4 -15 -3
      vertex 3.346600003540516 -15 -3
      vertex 2.381075283154747 -14.69920023944567 -3
    endloop
  endfacet
  facet normal 0 0 1
    outer loop
      vertex 2.231463566131803 -14.116501073556773 -3
      vertex 2.3245995867087146 -14.403144270804349 -3
      vertex 3.346600003540516 -15 -3
    endloop
  endfacet
  facet normal 0 0 1
    outer loop
      vertex 2.381075283154747 -14.69920023944567 -3
      vertex 3.346600003540516 -15 -3
      vertex 2.3245995867087146 -14.403144270804349 -3
    endloop
  endfacet
  facet normal 0 0 1
    outer loop
      vertex 2.231463566131803 -14.116501073556773 -3
      vertex 3.346600003540516 -15 -3
      vertex 2.1031360321052723 -13.843791182155883 -3
    endloop
  endfacet
  facet normal 0 0 1
    outer loop
      vertex 1.9416407864998737 -13.589315394498065 -3
      vertex 2.1031360321052723 -13.843791182155883 -3
      vertex 3.346600003540516 -15 -3
    endloop
  endfacet
  facet normal 0 0 1
    outer loop
      vertex -1.6732999980449677 -12.101759381592274 -3
      vertex 0.15069724687035185 -12.604735851772148 -3
      vertex 1.6732999980449677 -12.101759381592274 -3
    endloop
  endfacet
  facet normal 0 0 1
    outer loop
      vertex 0.15069724687035185 -12.604735851772148 -3
      vertex 0.44971515500573894 -12.642510598251146 -3
      vertex 1.6732999980449677 -12.101759381592274 -3
    endloop
  endfacet
  facet normal 0 0 1
    outer loop
      vertex 0.44971515500573894 -12.642510598251146 -3
      vertex 0.7416407864998737 -12.717464360891633 -3
      vertex 1.6732999980449677 -12.101759381592274 -3
    endloop
  endfacet
  facet normal 0 0 1
    outer loop
      vertex 0.7416407864998737 -12.717464360891633 -3
      vertex 1.0218702997561744 -12.828415074081553 -3
      vertex 1.6732999980449677 -12.101759381592274 -3
    endloop
  endfacet
  facet normal 0 0 1
    outer loop
      vertex 1.0218702997561744 -12.828415074081553 -3
      vertex 1.2859843079495918 -12.973612978795163 -3
      vertex 1.6732999980449677 -12.101759381592274 -3
    endloop
  endfacet
  facet normal 0 0 1
    outer loop
      vertex 1.2859843079495918 -12.973612978795163 -3
      vertex 1.5298175753968553 -13.150768217338106 -3
      vertex 1.6732999980449677 -12.101759381592274 -3
    endloop
  endfacet
  facet normal 0 0 1
    outer loop
      vertex 1.5298175753968553 -13.150768217338106 -3
      vertex 1.7495247058113876 -13.357086945771147 -3
      vertex 1.6732999980449677 -12.101759381592274 -3
    endloop
  endfacet
  facet normal 0 0 1
    outer loop
      vertex 1.9416407864998737 -13.589315394498065 -3
      vertex 1.6732999980449677 -12.101759381592274 -3
      vertex 1.7495247058113876 -13.357086945771147 -3
    endloop
  endfacet
  facet normal 0 0 1
    outer loop
      vertex 1.9416407864998737 -13.589315394498065 -3
      vertex 3.346600003540516 -15 -3
      vertex 1.6732999980449677 -12.101759381592274 -3
    endloop
  endfacet
  facet normal 0 -1 0
    outer loop
      vertex -1.6732999980449677 -12.101759381592274 -3
      vertex 1.6732999980449677 -12.101759381592274 -3
      vertex 1.6732999980449677 -12.101759381592274 3
    endloop
  endfacet
  facet normal -0.8660254032304551 -0.5000000009595276 0
    outer loop
      vertex 3.346600003540516 -15 -3
      vertex 3.346600003540516 -15 3
      vertex 1.6732999980449677 -12.101759381592274 -3
    endloop
  endfacet
  facet normal 0 1 0
    outer loop
      vertex -1.6732999980449677 -17.898240618407726 3
      vertex 1.6732999980449677 -17.898240618407726 3
      vertex 1.6732999980449677 -17.898240618407726 -3
    endloop
  endfacet
  facet normal -0.8660254032304551 0.5000000009595276 0
    outer loop
      vertex 3.346600003540516 -15 -3
      vertex 1.6732999980449677 -17.898240618407726 3
      vertex 3.346600003540516 -15 3
    endloop
  endfacet
  facet normal -0.8660254032304551 -0.5000000009595276 0
    outer loop
      vertex 1.6732999980449677 -12.101759381592274 -3
      vertex 3.346600003540516 -15 3
      vertex 1.6732999980449677 -12.101759381592274 3
    endloop
  endfacet
  facet normal 0 0 -1
    outer loop
      vertex -0.15069724687035302 -17.395264148227852 3
      vertex 0.15069724687035302 -17.395264148227852 3
      vertex 1.6732999980449677 -17.898240618407726 3
    endloop
  endfacet
  facet normal 0 0 -1
    outer loop
      vertex 0.15069724687035302 -17.395264148227852 3
      vertex 0.44971515500573955 -17.357489401748854 3
      vertex 1.6732999980449677 -17.898240618407726 3
    endloop
  endfacet
  facet normal 0 0 -1
    outer loop
      vertex 0.44971515500573955 -17.357489401748854 3
      vertex 0.7416407864998737 -17.282535639108367 3
      vertex 1.6732999980449677 -17.898240618407726 3
    endloop
  endfacet
  facet normal 0 0 -1
    outer loop
      vertex 0.7416407864998737 -17.282535639108367 3
      vertex 1.0218702997561737 -17.171584925918445 3
      vertex 1.6732999980449677 -17.898240618407726 3
    endloop
  endfacet
  facet normal 0 0 -1
    outer loop
      vertex 1.0218702997561737 -17.171584925918445 3
      vertex 1.285984307949591 -17.026387021204837 3
      vertex 1.6732999980449677 -17.898240618407726 3
    endloop
  endfacet
  facet normal 0 0 -1
    outer loop
      vertex 1.6732999980449677 -17.898240618407726 3
      vertex 1.285984307949591 -17.026387021204837 3
      vertex 1.529817575396856 -16.849231782661892 3
    endloop
  endfacet
  facet normal 0 0 -1
    outer loop
      vertex 1.6732999980449677 -17.898240618407726 3
      vertex 1.529817575396856 -16.849231782661892 3
      vertex 1.7495247058113879 -16.642913054228853 3
    endloop
  endfacet
  facet normal 0 0 -1
    outer loop
      vertex 1.6732999980449677 -17.898240618407726 3
      vertex 1.7495247058113879 -16.642913054228853 3
      vertex 1.9416407864998737 -16.410684605501935 3
    endloop
  endfacet
  facet normal 0 0 -1
    outer loop
      vertex 1.6732999980449677 -17.898240618407726 3
      vertex 1.9416407864998737 -16.410684605501935 3
      vertex 2.1031360321052723 -16.156208817844117 3
    endloop
  endfacet
  facet normal 0 0 -1
    outer loop
      vertex 1.6732999980449677 -17.898240618407726 3
      vertex 2.1031360321052723 -16.156208817844117 3
      vertex 2.231463566131803 -15.883498926443227 3
    endloop
  endfacet
  facet normal 0 0 -1
    outer loop
      vertex 1.6732999980449677 -17.898240618407726 3
      vertex 2.231463566131803 -15.883498926443227 3
      vertex 3.346600003540516 -15 3
    endloop
  endfacet
  facet normal 0 0 -1
    outer loop
      vertex 2.231463566131803 -15.883498926443227 3
      vertex 2.3245995867087146 -15.596855729195651 3
      vertex 3.346600003540516 -15 3
    endloop
  endfacet
  facet normal 0 0 -1
    outer loop
      vertex 2.3245995867087146 -15.596855729195651 3
      vertex 2.381075283154747 -15.30079976055433 3
      vertex 3.346600003540516 -15 3
    endloop
  endfacet
  facet normal 0 0 -1
    outer loop
      vertex 2.381075283154747 -15.30079976055433 3
      vertex 2.4 -15 3
      vertex 3.346600003540516 -15 3
    endloop
  endfacet
  facet normal 0 0 -1
    outer loop
      vertex 2.4 -15 3
      vertex 2.381075283154747 -14.69920023944567 3
      vertex 3.346600003540516 -15 3
    endloop
  endfacet
  facet normal 0 0 -1
    outer loop
      vertex 2.231463566131803 -14.116501073556773 3
      vertex 3.346600003540516 -15 3
      vertex 2.3245995867087146 -14.403144270804349 3
    endloop
  endfacet
  facet normal 0 0 -1
    outer loop
      vertex 2.381075283154747 -14.69920023944567 3
      vertex 2.3245995867087146 -14.403144270804349 3
      vertex 3.346600003540516 -15 3
    endloop
  endfacet
  facet normal 0 0 -1
    outer loop
      vertex 2.231463566131803 -14.116501073556773 3
      vertex 2.1031360321052723 -13.843791182155883 3
      vertex 3.346600003540516 -15 3
    endloop
  endfacet
  facet normal 0 0 -1
    outer loop
      vertex 1.9416407864998737 -13.589315394498065 3
      vertex 3.346600003540516 -15 3
      vertex 2.1031360321052723 -13.843791182155883 3
    endloop
  endfacet
  facet normal 0 0 -1
    outer loop
      vertex -1.6732999980449677 -12.101759381592274 3
      vertex 1.6732999980449677 -12.101759381592274 3
      vertex 0.15069724687035185 -12.604735851772148 3
    endloop
  endfacet
  facet normal 0 0 -1
    outer loop
      vertex 0.15069724687035185 -12.604735851772148 3
      vertex 1.6732999980449677 -12.101759381592274 3
      vertex 0.44971515500573894 -12.642510598251146 3
    endloop
  endfacet
  facet normal 0 0 -1
    outer loop
      vertex 0.44971515500573894 -12.642510598251146 3
      vertex 1.6732999980449677 -12.101759381592274 3
      vertex 0.7416407864998737 -12.717464360891633 3
    endloop
  endfacet
  facet normal 0 0 -1
    outer loop
      vertex 0.7416407864998737 -12.717464360891633 3
      vertex 1.6732999980449677 -12.101759381592274 3
      vertex 1.0218702997561744 -12.828415074081553 3
    endloop
  endfacet
  facet normal 0 0 -1
    outer loop
      vertex 1.0218702997561744 -12.828415074081553 3
      vertex 1.6732999980449677 -12.101759381592274 3
      vertex 1.2859843079495918 -12.973612978795163 3
    endloop
  endfacet
  facet normal 0 0 -1
    outer loop
      vertex 1.2859843079495918 -12.973612978795163 3
      vertex 1.6732999980449677 -12.101759381592274 3
      vertex 1.5298175753968553 -13.150768217338106 3
    endloop
  endfacet
  facet normal 0 0 -1
    outer loop
      vertex 1.5298175753968553 -13.150768217338106 3
      vertex 1.6732999980449677 -12.101759381592274 3
      vertex 1.7495247058113876 -13.357086945771147 3
    endloop
  endfacet
  facet normal 0 0 -1
    outer loop
      vertex 1.9416407864998737 -13.589315394498065 3
      vertex 1.7495247058113876 -13.357086945771147 3
      vertex 1.6732999980449677 -12.101759381592274 3
    endloop
  endfacet
  facet normal 0 0 -1
    outer loop
      vertex 1.9416407864998737 -13.589315394498065 3
      vertex 1.6732999980449677 -12.101759381592274 3
      vertex 3.346600003540516 -15 3
    endloop
  endfacet
  facet normal 0 0 1
    outer loop
      vertex 12.10175938062882 -1.673300001770258 -3
      vertex 12.896863967894728 -1.1562088178441168 -3
      vertex 12.768536433868196 -0.8834989264432268 -3
    endloop
  endfacet
  facet normal 0 0 1
    outer loop
      vertex 12.10175938062882 -1.673300001770258 -3
      vertex 12.675400413291285 -0.5968557291956517 -3
      vertex 12.618924716845253 -0.3007997605543297 -3
    endloop
  endfacet
  facet normal 0 0 1
    outer loop
      vertex 12.10175938062882 -1.673300001770258 -3
      vertex 12.768536433868196 -0.8834989264432268 -3
      vertex 12.675400413291285 -0.5968557291956517 -3
    endloop
  endfacet
  facet normal 0 0 1
    outer loop
      vertex 12.10175938062882 -1.673300001770258 -3
      vertex 12.618924716845253 -0.3007997605543297 -3
      vertex 12.101759384336743 1.6733000027985283 -3
    endloop
  endfacet
  facet normal 0 0 1
    outer loop
      vertex 12.10175938062882 -1.673300001770258 -3
      vertex 13.058359213500125 -1.4106846055019355 -3
      vertex 12.896863967894728 -1.1562088178441168 -3
    endloop
  endfacet
  facet normal 0 0 1
    outer loop
      vertex 12.10175938062882 -1.673300001770258 -3
      vertex 13.250475294188613 -1.6429130542288524 -3
      vertex 13.058359213500125 -1.4106846055019355 -3
    endloop
  endfacet
  facet normal 0 0 1
    outer loop
      vertex 12.10175938062882 -1.673300001770258 -3
      vertex 13.470182424603145 -1.8492317826618945 -3
      vertex 13.250475294188613 -1.6429130542288524 -3
    endloop
  endfacet
  facet normal 0 0 1
    outer loop
      vertex 12.10175938062882 -1.673300001770258 -3
      vertex 13.714015692050408 -2.026387021204836 -3
      vertex 13.470182424603145 -1.8492317826618945 -3
    endloop
  endfacet
  facet normal 0 0 1
    outer loop
      vertex 12.10175938062882 -1.673300001770258 -3
      vertex 13.978129700243827 -2.171584925918447 -3
      vertex 13.714015692050408 -2.026387021204836 -3
    endloop
  endfacet
  facet normal 0 0 1
    outer loop
      vertex 12.10175938062882 -1.673300001770258 -3
      vertex 15.00000000274447 -3.346600000843496 -3
      vertex 13.978129700243827 -2.171584925918447 -3
    endloop
  endfacet
  facet normal 0 0 1
    outer loop
      vertex 14.258359213500126 -2.282535639108368 -3
      vertex 13.978129700243827 -2.171584925918447 -3
      vertex 15.00000000274447 -3.346600000843496 -3
    endloop
  endfacet
  facet normal 0 0 1
    outer loop
      vertex 14.258359213500126 -2.282535639108368 -3
      vertex 15.00000000274447 -3.346600000843496 -3
      vertex 14.55028484499426 -2.3574894017488526 -3
    endloop
  endfacet
  facet normal 0 0 1
    outer loop
      vertex 14.55028484499426 -2.3574894017488526 -3
      vertex 15.00000000274447 -3.346600000843496 -3
      vertex 14.849302753129647 -2.395264148227852 -3
    endloop
  endfacet
  facet normal 0 0 1
    outer loop
      vertex 15.00000000274447 -3.346600000843496 -3
      vertex 15.150697246870353 -2.395264148227852 -3
      vertex 14.849302753129647 -2.395264148227852 -3
    endloop
  endfacet
  facet normal 0 0 1
    outer loop
      vertex 15.00000000274447 -3.346600000843496 -3
      vertex 15.44971515500574 -2.3574894017488526 -3
      vertex 15.150697246870353 -2.395264148227852 -3
    endloop
  endfacet
  facet normal 0 0 1
    outer loop
      vertex 15.00000000274447 -3.346600000843496 -3
      vertex 15.741640786499874 -2.282535639108368 -3
      vertex 15.44971515500574 -2.3574894017488526 -3
    endloop
  endfacet
  facet normal 0 0 1
    outer loop
      vertex 15.00000000274447 -3.346600000843496 -3
      vertex 16.021870299756173 -2.171584925918447 -3
      vertex 15.741640786499874 -2.282535639108368 -3
    endloop
  endfacet
  facet normal 0 0 1
    outer loop
      vertex 15.00000000274447 -3.346600000843496 -3
      vertex 17.898240615663255 -1.6733000027985283 -3
      vertex 16.021870299756173 -2.171584925918447 -3
    endloop
  endfacet
  facet normal 0 0 1
    outer loop
      vertex 16.021870299756173 -2.171584925918447 -3
      vertex 17.898240615663255 -1.6733000027985283 -3
      vertex 16.28598430794959 -2.0263870212048367 -3
    endloop
  endfacet
  facet normal 0.49999999904047226 0.8660254043384222 0
    outer loop
      vertex 12.10175938062882 -1.673300001770258 -3
      vertex 12.10175938062882 -1.673300001770258 3
      vertex 15.00000000274447 -3.346600000843496 -3
    endloop
  endfacet
  facet normal -0.5000000000000002 0.8660254037844385 0
    outer loop
      vertex 15.00000000274447 -3.346600000843496 -3
      vertex 15.00000000274447 -3.346600000843496 3
      vertex 17.898240615663255 -1.6733000027985283 -3
    endloop
  endfacet
  facet normal 0 0 1
    outer loop
      vertex 16.28598430794959 -2.0263870212048367 -3
      vertex 17.898240615663255 -1.6733000027985283 -3
      vertex 16.529817575396855 -1.8492317826618936 -3
    endloop
  endfacet
  facet normal 0 0 1
    outer loop
      vertex 16.529817575396855 -1.8492317826618936 -3
      vertex 17.898240615663255 -1.6733000027985283 -3
      vertex 16.74952470581139 -1.6429130542288524 -3
    endloop
  endfacet
  facet normal 0 0 1
    outer loop
      vertex 16.74952470581139 -1.6429130542288524 -3
      vertex 17.898240615663255 -1.6733000027985283 -3
      vertex 16.941640786499875 -1.4106846055019355 -3
    endloop
  endfacet
  facet normal 0 0 1
    outer loop
      vertex 16.941640786499875 -1.4106846055019355 -3
      vertex 17.898240615663255 -1.6733000027985283 -3
      vertex 17.103136032105272 -1.1562088178441168 -3
    endloop
  endfacet
  facet normal 0 0 1
    outer loop
      vertex 17.103136032105272 -1.1562088178441168 -3
      vertex 17.898240615663255 -1.6733000027985283 -3
      vertex 17.231463566131804 -0.883498926443228 -3
    endloop
  endfacet
  facet normal 0 0 1
    outer loop
      vertex 17.898240615663255 -1.6733000027985283 -3
      vertex 17.324599586708715 -0.5968557291956507 -3
      vertex 17.231463566131804 -0.883498926443228 -3
    endloop
  endfacet
  facet normal 0 0 1
    outer loop
      vertex 17.898240615663255 -1.6733000027985283 -3
      vertex 17.381075283154747 -0.3007997605543297 -3
      vertex 17.324599586708715 -0.5968557291956507 -3
    endloop
  endfacet
  facet normal 0 0 1
    outer loop
      vertex 17.898240615663255 -1.6733000027985283 -3
      vertex 17.4 0 -3
      vertex 17.381075283154747 -0.3007997605543297 -3
    endloop
  endfacet
  facet normal 0 0 1
    outer loop
      vertex 17.898240615663255 -1.6733000027985283 -3
      vertex 17.381075283154747 0.3007997605543302 -3
      vertex 17.4 0 -3
    endloop
  endfacet
  facet normal -1 1.107967677325605e-9 0
    outer loop
      vertex 17.898240615663255 -1.6733000027985283 -3
      vertex 17.898240615663255 -1.6733000027985283 3
      vertex 17.89824061937118 1.673300001770258 -3
    endloop
  endfacet
  facet normal 1 -1.1079671465311161e-9 0
    outer loop
      vertex 12.10175938062882 -1.673300001770258 -3
      vertex 12.101759384336743 1.6733000027985283 3
      vertex 12.10175938062882 -1.673300001770258 3
    endloop
  endfacet
  facet normal 0.49999999904047226 0.8660254043384222 0
    outer loop
      vertex 15.00000000274447 -3.346600000843496 -3
      vertex 12.10175938062882 -1.673300001770258 3
      vertex 15.00000000274447 -3.346600000843496 3
    endloop
  endfacet
  facet normal -0.5000000000000002 0.8660254037844385 0
    outer loop
      vertex 17.898240615663255 -1.6733000027985283 -3
      vertex 15.00000000274447 -3.346600000843496 3
      vertex 17.898240615663255 -1.6733000027985283 3
    endloop
  endfacet
  facet normal 0 0 -1
    outer loop
      vertex 12.10175938062882 -1.673300001770258 3
      vertex 12.768536433868196 -0.8834989264432268 3
      vertex 12.896863967894728 -1.1562088178441168 3
    endloop
  endfacet
  facet normal 0 0 -1
    outer loop
      vertex 12.10175938062882 -1.673300001770258 3
      vertex 12.618924716845253 -0.3007997605543297 3
      vertex 12.675400413291285 -0.5968557291956517 3
    endloop
  endfacet
  facet normal 0 0 -1
    outer loop
      vertex 12.10175938062882 -1.673300001770258 3
      vertex 12.675400413291285 -0.5968557291956517 3
      vertex 12.768536433868196 -0.8834989264432268 3
    endloop
  endfacet
  facet normal 0 0 -1
    outer loop
      vertex 12.10175938062882 -1.673300001770258 3
      vertex 12.101759384336743 1.6733000027985283 3
      vertex 12.618924716845253 -0.3007997605543297 3
    endloop
  endfacet
  facet normal 0 0 -1
    outer loop
      vertex 12.10175938062882 -1.673300001770258 3
      vertex 12.896863967894728 -1.1562088178441168 3
      vertex 13.058359213500125 -1.4106846055019355 3
    endloop
  endfacet
  facet normal 0 0 -1
    outer loop
      vertex 12.10175938062882 -1.673300001770258 3
      vertex 13.058359213500125 -1.4106846055019355 3
      vertex 13.250475294188613 -1.6429130542288524 3
    endloop
  endfacet
  facet normal 0 0 -1
    outer loop
      vertex 12.10175938062882 -1.673300001770258 3
      vertex 13.250475294188613 -1.6429130542288524 3
      vertex 13.470182424603145 -1.8492317826618945 3
    endloop
  endfacet
  facet normal 0 0 -1
    outer loop
      vertex 12.10175938062882 -1.673300001770258 3
      vertex 13.470182424603145 -1.8492317826618945 3
      vertex 13.714015692050408 -2.026387021204836 3
    endloop
  endfacet
  facet normal 0 0 -1
    outer loop
      vertex 12.10175938062882 -1.673300001770258 3
      vertex 13.714015692050408 -2.026387021204836 3
      vertex 13.978129700243827 -2.171584925918447 3
    endloop
  endfacet
  facet normal 0 0 -1
    outer loop
      vertex 12.10175938062882 -1.673300001770258 3
      vertex 13.978129700243827 -2.171584925918447 3
      vertex 15.00000000274447 -3.346600000843496 3
    endloop
  endfacet
  facet normal 0 0 -1
    outer loop
      vertex 14.258359213500126 -2.282535639108368 3
      vertex 15.00000000274447 -3.346600000843496 3
      vertex 13.978129700243827 -2.171584925918447 3
    endloop
  endfacet
  facet normal 0 0 -1
    outer loop
      vertex 14.258359213500126 -2.282535639108368 3
      vertex 14.55028484499426 -2.3574894017488526 3
      vertex 15.00000000274447 -3.346600000843496 3
    endloop
  endfacet
  facet normal 0 0 -1
    outer loop
      vertex 14.55028484499426 -2.3574894017488526 3
      vertex 14.849302753129647 -2.395264148227852 3
      vertex 15.00000000274447 -3.346600000843496 3
    endloop
  endfacet
  facet normal 0 0 -1
    outer loop
      vertex 15.00000000274447 -3.346600000843496 3
      vertex 14.849302753129647 -2.395264148227852 3
      vertex 15.150697246870353 -2.395264148227852 3
    endloop
  endfacet
  facet normal 0 0 -1
    outer loop
      vertex 15.00000000274447 -3.346600000843496 3
      vertex 15.150697246870353 -2.395264148227852 3
      vertex 15.44971515500574 -2.3574894017488526 3
    endloop
  endfacet
  facet normal 0 0 -1
    outer loop
      vertex 15.00000000274447 -3.346600000843496 3
      vertex 15.44971515500574 -2.3574894017488526 3
      vertex 15.741640786499874 -2.282535639108368 3
    endloop
  endfacet
  facet normal 0 0 -1
    outer loop
      vertex 15.00000000274447 -3.346600000843496 3
      vertex 15.741640786499874 -2.282535639108368 3
      vertex 16.021870299756173 -2.171584925918447 3
    endloop
  endfacet
  facet normal 0 0 -1
    outer loop
      vertex 15.00000000274447 -3.346600000843496 3
      vertex 16.021870299756173 -2.171584925918447 3
      vertex 17.898240615663255 -1.6733000027985283 3
    endloop
  endfacet
  facet normal 0 0 -1
    outer loop
      vertex 16.021870299756173 -2.171584925918447 3
      vertex 16.28598430794959 -2.0263870212048367 3
      vertex 17.898240615663255 -1.6733000027985283 3
    endloop
  endfacet
  facet normal 0 0 -1
    outer loop
      vertex 16.28598430794959 -2.0263870212048367 3
      vertex 16.529817575396855 -1.8492317826618936 3
      vertex 17.898240615663255 -1.6733000027985283 3
    endloop
  endfacet
  facet normal 0 0 -1
    outer loop
      vertex 16.529817575396855 -1.8492317826618936 3
      vertex 16.74952470581139 -1.6429130542288524 3
      vertex 17.898240615663255 -1.6733000027985283 3
    endloop
  endfacet
  facet normal 0 0 -1
    outer loop
      vertex 16.74952470581139 -1.6429130542288524 3
      vertex 16.941640786499875 -1.4106846055019355 3
      vertex 17.898240615663255 -1.6733000027985283 3
    endloop
  endfacet
  facet normal 0 0 -1
    outer loop
      vertex 16.941640786499875 -1.4106846055019355 3
      vertex 17.103136032105272 -1.1562088178441168 3
      vertex 17.898240615663255 -1.6733000027985283 3
    endloop
  endfacet
  facet normal 0 0 -1
    outer loop
      vertex 17.103136032105272 -1.1562088178441168 3
      vertex 17.231463566131804 -0.883498926443228 3
      vertex 17.898240615663255 -1.6733000027985283 3
    endloop
  endfacet
  facet normal 0 0 -1
    outer loop
      vertex 17.898240615663255 -1.6733000027985283 3
      vertex 17.231463566131804 -0.883498926443228 3
      vertex 17.324599586708715 -0.5968557291956507 3
    endloop
  endfacet
  facet normal 0 0 -1
    outer loop
      vertex 17.898240615663255 -1.6733000027985283 3
      vertex 17.324599586708715 -0.5968557291956507 3
      vertex 17.381075283154747 -0.3007997605543297 3
    endloop
  endfacet
  facet normal 0 0 -1
    outer loop
      vertex 17.898240615663255 -1.6733000027985283 3
      vertex 17.381075283154747 -0.3007997605543297 3
      vertex 17.4 0 3
    endloop
  endfacet
  facet normal 0 0 -1
    outer loop
      vertex 17.898240615663255 -1.6733000027985283 3
      vertex 17.4 0 3
      vertex 17.381075283154747 0.3007997605543302 3
    endloop
  endfacet
  facet normal 0 0 1
    outer loop
      vertex 12.618924716845253 -0.3007997605543297 -3
      vertex 12.6 0 -3
      vertex 12.101759384336743 1.6733000027985283 -3
    endloop
  endfacet
  facet normal 0 0 1
    outer loop
      vertex 12.101759384336743 1.6733000027985283 -3
      vertex 12.6 0 -3
      vertex 12.618924716845253 0.3007997605543297 -3
    endloop
  endfacet
  facet normal 0 0 1
    outer loop
      vertex 12.101759384336743 1.6733000027985283 -3
      vertex 12.618924716845253 0.3007997605543297 -3
      vertex 12.675400413291285 0.5968557291956517 -3
    endloop
  endfacet
  facet normal 0 0 1
    outer loop
      vertex 12.101759384336743 1.6733000027985283 -3
      vertex 12.675400413291285 0.5968557291956517 -3
      vertex 12.768536433868196 0.8834989264432268 -3
    endloop
  endfacet
  facet normal 0 0 1
    outer loop
      vertex 12.101759384336743 1.6733000027985283 -3
      vertex 12.768536433868196 0.8834989264432268 -3
      vertex 12.896863967894728 1.1562088178441168 -3
    endloop
  endfacet
  facet normal 0 0 1
    outer loop
      vertex 12.101759384336743 1.6733000027985283 -3
      vertex 12.896863967894728 1.1562088178441168 -3
      vertex 13.058359213500125 1.4106846055019355 -3
    endloop
  endfacet
  facet normal 0 0 1
    outer loop
      vertex 12.101759384336743 1.6733000027985283 -3
      vertex 13.058359213500125 1.4106846055019355 -3
      vertex 13.250475294188613 1.6429130542288524 -3
    endloop
  endfacet
  facet normal 0 0 1
    outer loop
      vertex 12.101759384336743 1.6733000027985283 -3
      vertex 13.250475294188613 1.6429130542288524 -3
      vertex 13.470182424603145 1.8492317826618945 -3
    endloop
  endfacet
  facet normal 0 0 1
    outer loop
      vertex 12.101759384336743 1.6733000027985283 -3
      vertex 13.470182424603145 1.8492317826618945 -3
      vertex 13.714015692050408 2.026387021204836 -3
    endloop
  endfacet
  facet normal 0 0 1
    outer loop
      vertex 12.101759384336743 1.6733000027985283 -3
      vertex 13.714015692050408 2.026387021204836 -3
      vertex 13.978129700243827 2.1715849259184465 -3
    endloop
  endfacet
  facet normal 0 0 1
    outer loop
      vertex 12.101759384336743 1.6733000027985283 -3
      vertex 13.978129700243827 2.1715849259184465 -3
      vertex 14.99999999725553 3.346600000843496 -3
    endloop
  endfacet
  facet normal 0 0 1
    outer loop
      vertex 13.978129700243827 2.1715849259184465 -3
      vertex 14.258359213500126 2.282535639108368 -3
      vertex 14.99999999725553 3.346600000843496 -3
    endloop
  endfacet
  facet normal 0 0 1
    outer loop
      vertex 14.258359213500126 2.282535639108368 -3
      vertex 14.55028484499426 2.357489401748853 -3
      vertex 14.99999999725553 3.346600000843496 -3
    endloop
  endfacet
  facet normal 0 0 1
    outer loop
      vertex 14.55028484499426 2.357489401748853 -3
      vertex 14.849302753129647 2.395264148227852 -3
      vertex 14.99999999725553 3.346600000843496 -3
    endloop
  endfacet
  facet normal 0 0 1
    outer loop
      vertex 14.849302753129647 2.395264148227852 -3
      vertex 15.150697246870353 2.395264148227852 -3
      vertex 14.99999999725553 3.346600000843496 -3
    endloop
  endfacet
  facet normal 0 0 1
    outer loop
      vertex 15.150697246870353 2.395264148227852 -3
      vertex 15.44971515500574 2.357489401748853 -3
      vertex 14.99999999725553 3.346600000843496 -3
    endloop
  endfacet
  facet normal 0 0 1
    outer loop
      vertex 14.99999999725553 3.346600000843496 -3
      vertex 15.44971515500574 2.357489401748853 -3
      vertex 15.741640786499874 2.282535639108368 -3
    endloop
  endfacet
  facet normal 0 0 1
    outer loop
      vertex 14.99999999725553 3.346600000843496 -3
      vertex 15.741640786499874 2.282535639108368 -3
      vertex 16.021870299756173 2.1715849259184465 -3
    endloop
  endfacet
  facet normal 0 0 1
    outer loop
      vertex 16.021870299756173 2.1715849259184465 -3
      vertex 16.28598430794959 2.0263870212048363 -3
      vertex 17.89824061937118 1.673300001770258 -3
    endloop
  endfacet
  facet normal 0 0 1
    outer loop
      vertex 14.99999999725553 3.346600000843496 -3
      vertex 16.021870299756173 2.1715849259184465 -3
      vertex 17.89824061937118 1.673300001770258 -3
    endloop
  endfacet
  facet normal 1 -1.1079671465311161e-9 0
    outer loop
      vertex 12.10175938062882 -1.673300001770258 -3
      vertex 12.101759384336743 1.6733000027985283 -3
      vertex 12.101759384336743 1.6733000027985283 3
    endloop
  endfacet
  facet normal 0.5 -0.8660254037844387 0
    outer loop
      vertex 12.101759384336743 1.6733000027985283 -3
      vertex 14.99999999725553 3.346600000843496 -3
      vertex 14.99999999725553 3.346600000843496 3
    endloop
  endfacet
  facet normal 0 0 1
    outer loop
      vertex 17.381075283154747 0.3007997605543302 -3
      vertex 17.89824061937118 1.673300001770258 -3
      vertex 17.324599586708715 0.5968557291956514 -3
    endloop
  endfacet
  facet normal 0 0 1
    outer loop
      vertex 17.324599586708715 0.5968557291956514 -3
      vertex 17.89824061937118 1.673300001770258 -3
      vertex 17.231463566131804 0.8834989264432271 -3
    endloop
  endfacet
  facet normal 0 0 1
    outer loop
      vertex 17.231463566131804 0.8834989264432271 -3
      vertex 17.89824061937118 1.673300001770258 -3
      vertex 17.103136032105272 1.1562088178441168 -3
    endloop
  endfacet
  facet normal 0 0 1
    outer loop
      vertex 17.898240615663255 -1.6733000027985283 -3
      vertex 17.89824061937118 1.673300001770258 -3
      vertex 17.381075283154747 0.3007997605543302 -3
    endloop
  endfacet
  facet normal 0 0 1
    outer loop
      vertex 16.74952470581139 1.6429130542288528 -3
      vertex 16.941640786499875 1.4106846055019355 -3
      vertex 17.89824061937118 1.673300001770258 -3
    endloop
  endfacet
  facet normal 0 0 1
    outer loop
      vertex 16.74952470581139 1.6429130542288528 -3
      vertex 17.89824061937118 1.673300001770258 -3
      vertex 16.529817575396855 1.8492317826618938 -3
    endloop
  endfacet
  facet normal 0 0 1
    outer loop
      vertex 16.28598430794959 2.0263870212048363 -3
      vertex 16.529817575396855 1.8492317826618938 -3
      vertex 17.89824061937118 1.673300001770258 -3
    endloop
  endfacet
  facet normal 0 0 1
    outer loop
      vertex 17.103136032105272 1.1562088178441168 -3
      vertex 17.89824061937118 1.673300001770258 -3
      vertex 16.941640786499875 1.4106846055019355 -3
    endloop
  endfacet
  facet normal -0.49999999904047226 -0.8660254043384222 0
    outer loop
      vertex 14.99999999725553 3.346600000843496 -3
      vertex 17.89824061937118 1.673300001770258 -3
      vertex 17.89824061937118 1.673300001770258 3
    endloop
  endfacet
  facet normal 0.5 -0.8660254037844387 0
    outer loop
      vertex 12.101759384336743 1.6733000027985283 -3
      vertex 14.99999999725553 3.346600000843496 3
      vertex 12.101759384336743 1.6733000027985283 3
    endloop
  endfacet
  facet normal -0.49999999904047226 -0.8660254043384222 0
    outer loop
      vertex 14.99999999725553 3.346600000843496 -3
      vertex 17.89824061937118 1.673300001770258 3
      vertex 14.99999999725553 3.346600000843496 3
    endloop
  endfacet
  facet normal -1 1.107967677325605e-9 0
    outer loop
      vertex 17.898240615663255 -1.6733000027985283 3
      vertex 17.89824061937118 1.673300001770258 3
      vertex 17.89824061937118 1.673300001770258 -3
    endloop
  endfacet
  facet normal 0 0 -1
    outer loop
      vertex 12.618924716845253 -0.3007997605543297 3
      vertex 12.101759384336743 1.6733000027985283 3
      vertex 12.6 0 3
    endloop
  endfacet
  facet normal 0 0 -1
    outer loop
      vertex 12.101759384336743 1.6733000027985283 3
      vertex 12.618924716845253 0.3007997605543297 3
      vertex 12.6 0 3
    endloop
  endfacet
  facet normal 0 0 -1
    outer loop
      vertex 12.101759384336743 1.6733000027985283 3
      vertex 12.675400413291285 0.5968557291956517 3
      vertex 12.618924716845253 0.3007997605543297 3
    endloop
  endfacet
  facet normal 0 0 -1
    outer loop
      vertex 12.101759384336743 1.6733000027985283 3
      vertex 12.768536433868196 0.8834989264432268 3
      vertex 12.675400413291285 0.5968557291956517 3
    endloop
  endfacet
  facet normal 0 0 -1
    outer loop
      vertex 12.101759384336743 1.6733000027985283 3
      vertex 12.896863967894728 1.1562088178441168 3
      vertex 12.768536433868196 0.8834989264432268 3
    endloop
  endfacet
  facet normal 0 0 -1
    outer loop
      vertex 12.101759384336743 1.6733000027985283 3
      vertex 13.058359213500125 1.4106846055019355 3
      vertex 12.896863967894728 1.1562088178441168 3
    endloop
  endfacet
  facet normal 0 0 -1
    outer loop
      vertex 12.101759384336743 1.6733000027985283 3
      vertex 13.250475294188613 1.6429130542288524 3
      vertex 13.058359213500125 1.4106846055019355 3
    endloop
  endfacet
  facet normal 0 0 -1
    outer loop
      vertex 12.101759384336743 1.6733000027985283 3
      vertex 13.470182424603145 1.8492317826618945 3
      vertex 13.250475294188613 1.6429130542288524 3
    endloop
  endfacet
  facet normal 0 0 -1
    outer loop
      vertex 12.101759384336743 1.6733000027985283 3
      vertex 13.714015692050408 2.026387021204836 3
      vertex 13.470182424603145 1.8492317826618945 3
    endloop
  endfacet
  facet normal 0 0 -1
    outer loop
      vertex 12.101759384336743 1.6733000027985283 3
      vertex 13.978129700243827 2.1715849259184465 3
      vertex 13.714015692050408 2.026387021204836 3
    endloop
  endfacet
  facet normal 0 0 -1
    outer loop
      vertex 12.101759384336743 1.6733000027985283 3
      vertex 14.99999999725553 3.346600000843496 3
      vertex 13.978129700243827 2.1715849259184465 3
    endloop
  endfacet
  facet normal 0 0 -1
    outer loop
      vertex 13.978129700243827 2.1715849259184465 3
      vertex 14.99999999725553 3.346600000843496 3
      vertex 14.258359213500126 2.282535639108368 3
    endloop
  endfacet
  facet normal 0 0 -1
    outer loop
      vertex 14.258359213500126 2.282535639108368 3
      vertex 14.99999999725553 3.346600000843496 3
      vertex 14.55028484499426 2.357489401748853 3
    endloop
  endfacet
  facet normal 0 0 -1
    outer loop
      vertex 14.55028484499426 2.357489401748853 3
      vertex 14.99999999725553 3.346600000843496 3
      vertex 14.849302753129647 2.395264148227852 3
    endloop
  endfacet
  facet normal 0 0 -1
    outer loop
      vertex 14.849302753129647 2.395264148227852 3
      vertex 14.99999999725553 3.346600000843496 3
      vertex 15.150697246870353 2.395264148227852 3
    endloop
  endfacet
  facet normal 0 0 -1
    outer loop
      vertex 15.150697246870353 2.395264148227852 3
      vertex 14.99999999725553 3.346600000843496 3
      vertex 15.44971515500574 2.357489401748853 3
    endloop
  endfacet
  facet normal 0 0 -1
    outer loop
      vertex 14.99999999725553 3.346600000843496 3
      vertex 15.741640786499874 2.282535639108368 3
      vertex 15.44971515500574 2.357489401748853 3
    endloop
  endfacet
  facet normal 0 0 -1
    outer loop
      vertex 14.99999999725553 3.346600000843496 3
      vertex 16.021870299756173 2.1715849259184465 3
      vertex 15.741640786499874 2.282535639108368 3
    endloop
  endfacet
  facet normal 0 0 -1
    outer loop
      vertex 16.021870299756173 2.1715849259184465 3
      vertex 17.89824061937118 1.673300001770258 3
      vertex 16.28598430794959 2.0263870212048363 3
    endloop
  endfacet
  facet normal 0 0 -1
    outer loop
      vertex 14.99999999725553 3.346600000843496 3
      vertex 17.89824061937118 1.673300001770258 3
      vertex 16.021870299756173 2.1715849259184465 3
    endloop
  endfacet
  facet normal 0 0 -1
    outer loop
      vertex 17.381075283154747 0.3007997605543302 3
      vertex 17.324599586708715 0.5968557291956514 3
      vertex 17.89824061937118 1.673300001770258 3
    endloop
  endfacet
  facet normal 0 0 -1
    outer loop
      vertex 17.324599586708715 0.5968557291956514 3
      vertex 17.231463566131804 0.8834989264432271 3
      vertex 17.89824061937118 1.673300001770258 3
    endloop
  endfacet
  facet normal 0 0 -1
    outer loop
      vertex 17.231463566131804 0.8834989264432271 3
      vertex 17.103136032105272 1.1562088178441168 3
      vertex 17.89824061937118 1.673300001770258 3
    endloop
  endfacet
  facet normal 0 0 -1
    outer loop
      vertex 17.898240615663255 -1.6733000027985283 3
      vertex 17.381075283154747 0.3007997605543302 3
      vertex 17.89824061937118 1.673300001770258 3
    endloop
  endfacet
  facet normal 0 0 -1
    outer loop
      vertex 16.74952470581139 1.6429130542288528 3
      vertex 17.89824061937118 1.673300001770258 3
      vertex 16.941640786499875 1.4106846055019355 3
    endloop
  endfacet
  facet normal 0 0 -1
    outer loop
      vertex 16.74952470581139 1.6429130542288528 3
      vertex 16.529817575396855 1.8492317826618938 3
      vertex 17.89824061937118 1.673300001770258 3
    endloop
  endfacet
  facet normal 0 0 -1
    outer loop
      vertex 16.28598430794959 2.0263870212048363 3
      vertex 17.89824061937118 1.673300001770258 3
      vertex 16.529817575396855 1.8492317826618938 3
    endloop
  endfacet
  facet normal 0 0 -1
    outer loop
      vertex 17.103136032105272 1.1562088178441168 3
      vertex 16.941640786499875 1.4106846055019355 3
      vertex 17.89824061937118 1.673300001770258 3
    endloop
  endfacet
  facet normal 0.6845471059286903 0.72896862742141 0
    outer loop
      vertex -17.186905882264234 -17.053641317786067 6
      vertex -16.91227196924607 -17.311539728327368 -6
      vertex -17.186905882264234 -17.053641317786067 -6
    endloop
  endfacet
  facet normal 0.9048270524660167 0.42577929156507843 0
    outer loop
      vertex -17.789329457664756 -16.104373658054033 6
      vertex -17.62892004013159 -16.445261022305147 -6
      vertex -17.789329457664756 -16.104373658054033 -6
    endloop
  endfacet
  facet normal 0.9822872507286892 0.18738131458572235 0
    outer loop
      vertex -17.976344103943433 -15.375999700692912 6
      vertex -17.905749483385893 -15.746069661494564 -6
      vertex -17.976344103943433 -15.375999700692912 -6
    endloop
  endfacet
  facet normal 0.9510565162951552 0.3090169943749426 0
    outer loop
      vertex -17.905749483385893 -15.746069661494564 6
      vertex -17.789329457664756 -16.104373658054033 -6
      vertex -17.905749483385893 -15.746069661494564 -6
    endloop
  endfacet
  facet normal 0.8443279255020177 0.5358267949789924 0
    outer loop
      vertex -17.62892004013159 -16.445261022305147 6
      vertex -17.427050983124843 -16.76335575687742 -6
      vertex -17.62892004013159 -16.445261022305147 -6
    endloop
  endfacet
  facet normal 0.7705132427757877 0.6374239897486915 0
    outer loop
      vertex -17.427050983124843 -16.76335575687742 6
      vertex -17.186905882264234 -17.053641317786067 -6
      vertex -17.427050983124843 -16.76335575687742 -6
    endloop
  endfacet
  facet normal 0.9980267284282716 0.06279051952931582 0
    outer loop
      vertex -18 -15 6
      vertex -17.976344103943433 -15.375999700692912 -6
      vertex -18 -15 -6
    endloop
  endfacet
  facet normal 0.9980267284282716 -0.06279051952931582 0
    outer loop
      vertex -17.976344103943433 -14.624000299307088 6
      vertex -18 -15 -6
      vertex -17.976344103943433 -14.624000299307088 -6
    endloop
  endfacet
  facet normal 0.9822872507286892 -0.18738131458572235 0
    outer loop
      vertex -17.905749483385893 -14.253930338505436 6
      vertex -17.976344103943433 -14.624000299307088 -6
      vertex -17.905749483385893 -14.253930338505436 -6
    endloop
  endfacet
  facet normal 0.9510565162951552 -0.3090169943749426 0
    outer loop
      vertex -17.789329457664756 -13.895626341945967 6
      vertex -17.905749483385893 -14.253930338505436 -6
      vertex -17.789329457664756 -13.895626341945967 -6
    endloop
  endfacet
  facet normal 0.9048270524660167 -0.42577929156507843 0
    outer loop
      vertex -17.62892004013159 -13.554738977694853 6
      vertex -17.789329457664756 -13.895626341945967 -6
      vertex -17.62892004013159 -13.554738977694853 -6
    endloop
  endfacet
  facet normal 0.8443279255020177 -0.5358267949789924 0
    outer loop
      vertex -17.427050983124843 -13.23664424312258 6
      vertex -17.62892004013159 -13.554738977694853 -6
      vertex -17.427050983124843 -13.23664424312258 -6
    endloop
  endfacet
  facet normal 0.7705132427757877 -0.6374239897486915 0
    outer loop
      vertex -17.186905882264234 -12.946358682213933 6
      vertex -17.427050983124843 -13.23664424312258 -6
      vertex -17.186905882264234 -12.946358682213933 -6
    endloop
  endfacet
  facet normal 0.6845471059286903 -0.72896862742141 0
    outer loop
      vertex -16.91227196924607 -12.688460271672632 6
      vertex -17.186905882264234 -12.946358682213933 -6
      vertex -16.91227196924607 -12.688460271672632 -6
    endloop
  endfacet
  facet normal 0.48175367410171577 0.8763066800438633 0
    outer loop
      vertex -16.60748038493699 -17.532983776506043 6
      vertex -16.277337874695217 -17.71448115739806 -6
      vertex -16.60748038493699 -17.532983776506043 -6
    endloop
  endfacet
  facet normal 0.5877852522924693 0.8090169943749502 0
    outer loop
      vertex -16.91227196924607 -17.311539728327368 6
      vertex -16.60748038493699 -17.532983776506043 -6
      vertex -16.91227196924607 -17.311539728327368 -6
    endloop
  endfacet
  facet normal 0.3681245526846793 0.9297764858882508 0
    outer loop
      vertex -16.277337874695217 -17.71448115739806 6
      vertex -15.927050983124841 -17.85316954888546 -6
      vertex -16.277337874695217 -17.71448115739806 -6
    endloop
  endfacet
  facet normal 0.24868988716485627 0.9685831611286307 0
    outer loop
      vertex -15.927050983124841 -17.85316954888546 6
      vertex -15.562143943757174 -17.946861752186066 -6
      vertex -15.927050983124841 -17.85316954888546 -6
    endloop
  endfacet
  facet normal 0.12533323356430526 0.9921147013144777 0
    outer loop
      vertex -15.562143943757174 -17.946861752186066 6
      vertex -15.188371558587942 -17.994080185284815 -6
      vertex -15.562143943757174 -17.946861752186066 -6
    endloop
  endfacet
  facet normal 0 1 0
    outer loop
      vertex -15.188371558587942 -17.994080185284815 6
      vertex -14.811628441412058 -17.994080185284815 -6
      vertex -15.188371558587942 -17.994080185284815 -6
    endloop
  endfacet
  facet normal -0.12533323356430526 0.9921147013144777 0
    outer loop
      vertex -14.811628441412058 -17.994080185284815 6
      vertex -14.437856056242826 -17.946861752186066 -6
      vertex -14.811628441412058 -17.994080185284815 -6
    endloop
  endfacet
  facet normal -0.24868988716485627 0.9685831611286307 0
    outer loop
      vertex -14.437856056242826 -17.946861752186066 6
      vertex -14.072949016875159 -17.85316954888546 -6
      vertex -14.437856056242826 -17.946861752186066 -6
    endloop
  endfacet
  facet normal -0.3681245526846793 0.9297764858882508 0
    outer loop
      vertex -14.072949016875159 -17.85316954888546 6
      vertex -13.722662125304783 -17.71448115739806 -6
      vertex -14.072949016875159 -17.85316954888546 -6
    endloop
  endfacet
  facet normal -0.4817536741017126 0.8763066800438651 0
    outer loop
      vertex -13.722662125304783 -17.71448115739806 6
      vertex -13.392519615063012 -17.532983776506047 -6
      vertex -13.722662125304783 -17.71448115739806 -6
    endloop
  endfacet
  facet normal -0.5877852522924709 0.809016994374949 0
    outer loop
      vertex -13.392519615063012 -17.532983776506047 6
      vertex -13.08772803075393 -17.311539728327368 -6
      vertex -13.392519615063012 -17.532983776506047 -6
    endloop
  endfacet
  facet normal -0.6845471059286903 0.72896862742141 0
    outer loop
      vertex -13.08772803075393 -17.311539728327368 6
      vertex -12.813094117735766 -17.053641317786067 -6
      vertex -13.08772803075393 -17.311539728327368 -6
    endloop
  endfacet
  facet normal -0.7705132427757877 0.6374239897486915 0
    outer loop
      vertex -12.813094117735766 -17.053641317786067 -6
      vertex -12.813094117735766 -17.053641317786067 6
      vertex -12.572949016875157 -16.76335575687742 -6
    endloop
  endfacet
  facet normal 0.5877852522924724 -0.8090169943749479 0
    outer loop
      vertex -16.60748038493699 -12.467016223493955 6
      vertex -16.91227196924607 -12.688460271672632 -6
      vertex -16.60748038493699 -12.467016223493955 -6
    endloop
  endfacet
  facet normal 0.4817536741017122 -0.8763066800438652 0
    outer loop
      vertex -16.277337874695217 -12.285518842601942 6
      vertex -16.60748038493699 -12.467016223493955 -6
      vertex -16.277337874695217 -12.285518842601942 -6
    endloop
  endfacet
  facet normal 0.3681245526846793 -0.9297764858882508 0
    outer loop
      vertex -15.927050983124841 -12.146830451114539 6
      vertex -16.277337874695217 -12.285518842601942 -6
      vertex -15.927050983124841 -12.146830451114539 -6
    endloop
  endfacet
  facet normal 0.24868988716485627 -0.9685831611286307 0
    outer loop
      vertex -15.562143943757174 -12.053138247813934 6
      vertex -15.927050983124841 -12.146830451114539 -6
      vertex -15.562143943757174 -12.053138247813934 -6
    endloop
  endfacet
  facet normal 0.12533323356430467 -0.9921147013144777 0
    outer loop
      vertex -15.18837155858794 -12.005919814715185 6
      vertex -15.562143943757174 -12.053138247813934 -6
      vertex -15.18837155858794 -12.005919814715185 -6
    endloop
  endfacet
  facet normal 0 -1 0
    outer loop
      vertex -14.81162844141206 -12.005919814715185 6
      vertex -15.18837155858794 -12.005919814715185 -6
      vertex -14.81162844141206 -12.005919814715185 -6
    endloop
  endfacet
  facet normal -0.12533323356430467 -0.9921147013144777 0
    outer loop
      vertex -14.437856056242826 -12.053138247813934 6
      vertex -14.81162844141206 -12.005919814715185 -6
      vertex -14.437856056242826 -12.053138247813934 -6
    endloop
  endfacet
  facet normal -0.24868988716485627 -0.9685831611286307 0
    outer loop
      vertex -14.072949016875159 -12.146830451114539 6
      vertex -14.437856056242826 -12.053138247813934 -6
      vertex -14.072949016875159 -12.146830451114539 -6
    endloop
  endfacet
  facet normal -0.8443279255020177 0.5358267949789924 0
    outer loop
      vertex -12.572949016875157 -16.76335575687742 6
      vertex -12.37107995986841 -16.445261022305147 -6
      vertex -12.572949016875157 -16.76335575687742 -6
    endloop
  endfacet
  facet normal -0.9048270524660187 0.4257792915650744 0
    outer loop
      vertex -12.37107995986841 -16.445261022305147 6
      vertex -12.210670542335247 -16.104373658054037 -6
      vertex -12.37107995986841 -16.445261022305147 -6
    endloop
  endfacet
  facet normal -0.9510565162951536 0.30901699437494695 0
    outer loop
      vertex -12.210670542335247 -16.104373658054037 6
      vertex -12.094250516614107 -15.746069661494563 -6
      vertex -12.210670542335247 -16.104373658054037 -6
    endloop
  endfacet
  facet normal -0.9822872507286888 0.1873813145857232 0
    outer loop
      vertex -12.094250516614107 -15.746069661494563 6
      vertex -12.023655896056567 -15.375999700692912 -6
      vertex -12.094250516614107 -15.746069661494563 -6
    endloop
  endfacet
  facet normal -0.9980267284282716 0.06279051952931582 0
    outer loop
      vertex -12.023655896056567 -15.375999700692912 6
      vertex -12 -15 -6
      vertex -12.023655896056567 -15.375999700692912 -6
    endloop
  endfacet
  facet normal -0.9980267284282716 -0.06279051952931582 0
    outer loop
      vertex -12 -15 6
      vertex -12.023655896056567 -14.624000299307088 -6
      vertex -12 -15 -6
    endloop
  endfacet
  facet normal -0.9822872507286892 -0.18738131458572235 0
    outer loop
      vertex -12.023655896056567 -14.624000299307088 6
      vertex -12.094250516614107 -14.253930338505436 -6
      vertex -12.023655896056567 -14.624000299307088 -6
    endloop
  endfacet
  facet normal -0.9510565162951538 -0.30901699437494684 0
    outer loop
      vertex -12.094250516614107 -14.253930338505436 6
      vertex -12.210670542335246 -13.895626341945967 -6
      vertex -12.094250516614107 -14.253930338505436 -6
    endloop
  endfacet
  facet normal -0.6845471059286878 -0.7289686274214121 0
    outer loop
      vertex -12.813094117735766 -12.946358682213933 6
      vertex -13.087728030753931 -12.688460271672632 -6
      vertex -12.813094117735766 -12.946358682213933 -6
    endloop
  endfacet
  facet normal -0.36812455268467775 -0.9297764858882515 0
    outer loop
      vertex -13.722662125304781 -12.285518842601942 6
      vertex -14.072949016875159 -12.146830451114539 -6
      vertex -13.722662125304781 -12.285518842601942 -6
    endloop
  endfacet
  facet normal -0.48175367410171616 -0.8763066800438631 0
    outer loop
      vertex -13.39251961506301 -12.467016223493955 6
      vertex -13.722662125304781 -12.285518842601942 -6
      vertex -13.39251961506301 -12.467016223493955 -6
    endloop
  endfacet
  facet normal -0.5877852522924724 -0.8090169943749479 0
    outer loop
      vertex -13.087728030753931 -12.688460271672632 6
      vertex -13.39251961506301 -12.467016223493955 -6
      vertex -13.087728030753931 -12.688460271672632 -6
    endloop
  endfacet
  facet normal -0.8443279255020156 -0.5358267949789959 0
    outer loop
      vertex -12.371079959868409 -13.554738977694853 6
      vertex -12.572949016875157 -13.23664424312258 -6
      vertex -12.371079959868409 -13.554738977694853 -6
    endloop
  endfacet
  facet normal -0.9048270524660202 -0.4257792915650707 0
    outer loop
      vertex -12.210670542335246 -13.895626341945967 6
      vertex -12.371079959868409 -13.554738977694853 -6
      vertex -12.210670542335246 -13.895626341945967 -6
    endloop
  endfacet
  facet normal -0.7705132427757877 -0.6374239897486915 0
    outer loop
      vertex -12.572949016875157 -13.23664424312258 6
      vertex -12.813094117735766 -12.946358682213933 -6
      vertex -12.572949016875157 -13.23664424312258 -6
    endloop
  endfacet
  facet normal 0.7705132427757877 0.6374239897486915 0
    outer loop
      vertex -17.427050983124843 -16.76335575687742 6
      vertex -17.186905882264234 -17.053641317786067 6
      vertex -17.186905882264234 -17.053641317786067 -6
    endloop
  endfacet
  facet normal 0.6845471059286903 0.72896862742141 0
    outer loop
      vertex -16.91227196924607 -17.311539728327368 6
      vertex -16.91227196924607 -17.311539728327368 -6
      vertex -17.186905882264234 -17.053641317786067 6
    endloop
  endfacet
  facet normal 0.9048270524660167 0.42577929156507843 0
    outer loop
      vertex -17.789329457664756 -16.104373658054033 6
      vertex -17.62892004013159 -16.445261022305147 6
      vertex -17.62892004013159 -16.445261022305147 -6
    endloop
  endfacet
  facet normal 0.9510565162951552 0.3090169943749426 0
    outer loop
      vertex -17.905749483385893 -15.746069661494564 6
      vertex -17.789329457664756 -16.104373658054033 6
      vertex -17.789329457664756 -16.104373658054033 -6
    endloop
  endfacet
  facet normal 0.9822872507286892 0.18738131458572235 0
    outer loop
      vertex -17.976344103943433 -15.375999700692912 6
      vertex -17.905749483385893 -15.746069661494564 6
      vertex -17.905749483385893 -15.746069661494564 -6
    endloop
  endfacet
  facet normal 0.8443279255020177 0.5358267949789924 0
    outer loop
      vertex -17.62892004013159 -16.445261022305147 6
      vertex -17.427050983124843 -16.76335575687742 6
      vertex -17.427050983124843 -16.76335575687742 -6
    endloop
  endfacet
  facet normal 0.9980267284282716 0.06279051952931582 0
    outer loop
      vertex -18 -15 6
      vertex -17.976344103943433 -15.375999700692912 6
      vertex -17.976344103943433 -15.375999700692912 -6
    endloop
  endfacet
  facet normal 0.9980267284282716 -0.06279051952931582 0
    outer loop
      vertex -17.976344103943433 -14.624000299307088 6
      vertex -18 -15 6
      vertex -18 -15 -6
    endloop
  endfacet
  facet normal 0.9822872507286892 -0.18738131458572235 0
    outer loop
      vertex -17.905749483385893 -14.253930338505436 6
      vertex -17.976344103943433 -14.624000299307088 6
      vertex -17.976344103943433 -14.624000299307088 -6
    endloop
  endfacet
  facet normal 0.9510565162951552 -0.3090169943749426 0
    outer loop
      vertex -17.789329457664756 -13.895626341945967 6
      vertex -17.905749483385893 -14.253930338505436 6
      vertex -17.905749483385893 -14.253930338505436 -6
    endloop
  endfacet
  facet normal 0.9048270524660167 -0.42577929156507843 0
    outer loop
      vertex -17.62892004013159 -13.554738977694853 6
      vertex -17.789329457664756 -13.895626341945967 6
      vertex -17.789329457664756 -13.895626341945967 -6
    endloop
  endfacet
  facet normal 0.8443279255020177 -0.5358267949789924 0
    outer loop
      vertex -17.427050983124843 -13.23664424312258 6
      vertex -17.62892004013159 -13.554738977694853 6
      vertex -17.62892004013159 -13.554738977694853 -6
    endloop
  endfacet
  facet normal 0.7705132427757877 -0.6374239897486915 0
    outer loop
      vertex -17.186905882264234 -12.946358682213933 6
      vertex -17.427050983124843 -13.23664424312258 6
      vertex -17.427050983124843 -13.23664424312258 -6
    endloop
  endfacet
  facet normal 0.6845471059286903 -0.72896862742141 0
    outer loop
      vertex -17.186905882264234 -12.946358682213933 6
      vertex -17.186905882264234 -12.946358682213933 -6
      vertex -16.91227196924607 -12.688460271672632 6
    endloop
  endfacet
  facet normal 0.48175367410171577 0.8763066800438633 0
    outer loop
      vertex -16.277337874695217 -17.71448115739806 6
      vertex -16.277337874695217 -17.71448115739806 -6
      vertex -16.60748038493699 -17.532983776506043 6
    endloop
  endfacet
  facet normal 0.5877852522924693 0.8090169943749502 0
    outer loop
      vertex -16.60748038493699 -17.532983776506043 6
      vertex -16.60748038493699 -17.532983776506043 -6
      vertex -16.91227196924607 -17.311539728327368 6
    endloop
  endfacet
  facet normal 0.3681245526846793 0.9297764858882508 0
    outer loop
      vertex -15.927050983124841 -17.85316954888546 6
      vertex -15.927050983124841 -17.85316954888546 -6
      vertex -16.277337874695217 -17.71448115739806 6
    endloop
  endfacet
  facet normal 0.24868988716485627 0.9685831611286307 0
    outer loop
      vertex -15.562143943757174 -17.946861752186066 6
      vertex -15.562143943757174 -17.946861752186066 -6
      vertex -15.927050983124841 -17.85316954888546 6
    endloop
  endfacet
  facet normal 0.12533323356430526 0.9921147013144777 0
    outer loop
      vertex -15.188371558587942 -17.994080185284815 6
      vertex -15.188371558587942 -17.994080185284815 -6
      vertex -15.562143943757174 -17.946861752186066 6
    endloop
  endfacet
  facet normal 0 1 0
    outer loop
      vertex -14.811628441412058 -17.994080185284815 6
      vertex -14.811628441412058 -17.994080185284815 -6
      vertex -15.188371558587942 -17.994080185284815 6
    endloop
  endfacet
  facet normal -0.12533323356430526 0.9921147013144777 0
    outer loop
      vertex -14.437856056242826 -17.946861752186066 6
      vertex -14.437856056242826 -17.946861752186066 -6
      vertex -14.811628441412058 -17.994080185284815 6
    endloop
  endfacet
  facet normal -0.24868988716485627 0.9685831611286307 0
    outer loop
      vertex -14.072949016875159 -17.85316954888546 6
      vertex -14.072949016875159 -17.85316954888546 -6
      vertex -14.437856056242826 -17.946861752186066 6
    endloop
  endfacet
  facet normal -0.3681245526846793 0.9297764858882508 0
    outer loop
      vertex -13.722662125304783 -17.71448115739806 6
      vertex -13.722662125304783 -17.71448115739806 -6
      vertex -14.072949016875159 -17.85316954888546 6
    endloop
  endfacet
  facet normal -0.4817536741017126 0.8763066800438651 0
    outer loop
      vertex -13.392519615063012 -17.532983776506047 6
      vertex -13.392519615063012 -17.532983776506047 -6
      vertex -13.722662125304783 -17.71448115739806 6
    endloop
  endfacet
  facet normal -0.5877852522924709 0.809016994374949 0
    outer loop
      vertex -13.08772803075393 -17.311539728327368 6
      vertex -13.08772803075393 -17.311539728327368 -6
      vertex -13.392519615063012 -17.532983776506047 6
    endloop
  endfacet
  facet normal -0.6845471059286903 0.72896862742141 0
    outer loop
      vertex -12.813094117735766 -17.053641317786067 6
      vertex -12.813094117735766 -17.053641317786067 -6
      vertex -13.08772803075393 -17.311539728327368 6
    endloop
  endfacet
  facet normal 0.5877852522924724 -0.8090169943749479 0
    outer loop
      vertex -16.91227196924607 -12.688460271672632 6
      vertex -16.91227196924607 -12.688460271672632 -6
      vertex -16.60748038493699 -12.467016223493955 6
    endloop
  endfacet
  facet normal 0.4817536741017122 -0.8763066800438652 0
    outer loop
      vertex -16.60748038493699 -12.467016223493955 6
      vertex -16.60748038493699 -12.467016223493955 -6
      vertex -16.277337874695217 -12.285518842601942 6
    endloop
  endfacet
  facet normal 0.3681245526846793 -0.9297764858882508 0
    outer loop
      vertex -16.277337874695217 -12.285518842601942 6
      vertex -16.277337874695217 -12.285518842601942 -6
      vertex -15.927050983124841 -12.146830451114539 6
    endloop
  endfacet
  facet normal 0.24868988716485627 -0.9685831611286307 0
    outer loop
      vertex -15.927050983124841 -12.146830451114539 6
      vertex -15.927050983124841 -12.146830451114539 -6
      vertex -15.562143943757174 -12.053138247813934 6
    endloop
  endfacet
  facet normal 0.12533323356430467 -0.9921147013144777 0
    outer loop
      vertex -15.562143943757174 -12.053138247813934 6
      vertex -15.562143943757174 -12.053138247813934 -6
      vertex -15.18837155858794 -12.005919814715185 6
    endloop
  endfacet
  facet normal 0 -1 0
    outer loop
      vertex -15.18837155858794 -12.005919814715185 6
      vertex -15.18837155858794 -12.005919814715185 -6
      vertex -14.81162844141206 -12.005919814715185 6
    endloop
  endfacet
  facet normal -0.12533323356430467 -0.9921147013144777 0
    outer loop
      vertex -14.81162844141206 -12.005919814715185 6
      vertex -14.81162844141206 -12.005919814715185 -6
      vertex -14.437856056242826 -12.053138247813934 6
    endloop
  endfacet
  facet normal -0.24868988716485627 -0.9685831611286307 0
    outer loop
      vertex -14.437856056242826 -12.053138247813934 6
      vertex -14.437856056242826 -12.053138247813934 -6
      vertex -14.072949016875159 -12.146830451114539 6
    endloop
  endfacet
  facet normal -0.7705132427757877 0.6374239897486915 0
    outer loop
      vertex -12.813094117735766 -17.053641317786067 6
      vertex -12.572949016875157 -16.76335575687742 6
      vertex -12.572949016875157 -16.76335575687742 -6
    endloop
  endfacet
  facet normal -0.8443279255020177 0.5358267949789924 0
    outer loop
      vertex -12.572949016875157 -16.76335575687742 6
      vertex -12.37107995986841 -16.445261022305147 6
      vertex -12.37107995986841 -16.445261022305147 -6
    endloop
  endfacet
  facet normal -0.9048270524660187 0.4257792915650744 0
    outer loop
      vertex -12.37107995986841 -16.445261022305147 6
      vertex -12.210670542335247 -16.104373658054037 6
      vertex -12.210670542335247 -16.104373658054037 -6
    endloop
  endfacet
  facet normal -0.9510565162951536 0.30901699437494695 0
    outer loop
      vertex -12.210670542335247 -16.104373658054037 6
      vertex -12.094250516614107 -15.746069661494563 6
      vertex -12.094250516614107 -15.746069661494563 -6
    endloop
  endfacet
  facet normal -0.9822872507286888 0.1873813145857232 0
    outer loop
      vertex -12.094250516614107 -15.746069661494563 6
      vertex -12.023655896056567 -15.375999700692912 6
      vertex -12.023655896056567 -15.375999700692912 -6
    endloop
  endfacet
  facet normal -0.9980267284282716 0.06279051952931582 0
    outer loop
      vertex -12.023655896056567 -15.375999700692912 6
      vertex -12 -15 6
      vertex -12 -15 -6
    endloop
  endfacet
  facet normal -0.9980267284282716 -0.06279051952931582 0
    outer loop
      vertex -12 -15 6
      vertex -12.023655896056567 -14.624000299307088 6
      vertex -12.023655896056567 -14.624000299307088 -6
    endloop
  endfacet
  facet normal -0.9822872507286892 -0.18738131458572235 0
    outer loop
      vertex -12.023655896056567 -14.624000299307088 6
      vertex -12.094250516614107 -14.253930338505436 6
      vertex -12.094250516614107 -14.253930338505436 -6
    endloop
  endfacet
  facet normal -0.7705132427757877 -0.6374239897486915 0
    outer loop
      vertex -12.572949016875157 -13.23664424312258 6
      vertex -12.813094117735766 -12.946358682213933 6
      vertex -12.813094117735766 -12.946358682213933 -6
    endloop
  endfacet
  facet normal -0.6845471059286878 -0.7289686274214121 0
    outer loop
      vertex -13.087728030753931 -12.688460271672632 6
      vertex -13.087728030753931 -12.688460271672632 -6
      vertex -12.813094117735766 -12.946358682213933 6
    endloop
  endfacet
  facet normal -0.36812455268467775 -0.9297764858882515 0
    outer loop
      vertex -14.072949016875159 -12.146830451114539 6
      vertex -14.072949016875159 -12.146830451114539 -6
      vertex -13.722662125304781 -12.285518842601942 6
    endloop
  endfacet
  facet normal -0.48175367410171616 -0.8763066800438631 0
    outer loop
      vertex -13.722662125304781 -12.285518842601942 6
      vertex -13.722662125304781 -12.285518842601942 -6
      vertex -13.39251961506301 -12.467016223493955 6
    endloop
  endfacet
  facet normal -0.5877852522924724 -0.8090169943749479 0
    outer loop
      vertex -13.39251961506301 -12.467016223493955 6
      vertex -13.39251961506301 -12.467016223493955 -6
      vertex -13.087728030753931 -12.688460271672632 6
    endloop
  endfacet
  facet normal -0.9048270524660202 -0.4257792915650707 0
    outer loop
      vertex -12.210670542335246 -13.895626341945967 6
      vertex -12.371079959868409 -13.554738977694853 6
      vertex -12.371079959868409 -13.554738977694853 -6
    endloop
  endfacet
  facet normal -0.9510565162951538 -0.30901699437494684 0
    outer loop
      vertex -12.094250516614107 -14.253930338505436 6
      vertex -12.210670542335246 -13.895626341945967 6
      vertex -12.210670542335246 -13.895626341945967 -6
    endloop
  endfacet
  facet normal -0.8443279255020156 -0.5358267949789959 0
    outer loop
      vertex -12.371079959868409 -13.554738977694853 6
      vertex -12.572949016875157 -13.23664424312258 6
      vertex -12.572949016875157 -13.23664424312258 -6
    endloop
  endfacet
  facet normal 0.9048270524660167 0.42577929156507843 0
    outer loop
      vertex -17.789329457664756 13.895626341945967 6
      vertex -17.62892004013159 13.554738977694853 -6
      vertex -17.789329457664756 13.895626341945967 -6
    endloop
  endfacet
  facet normal 0.7705132427757877 0.6374239897486915 0
    outer loop
      vertex -17.427050983124843 13.23664424312258 6
      vertex -17.186905882264234 12.946358682213933 -6
      vertex -17.427050983124843 13.23664424312258 -6
    endloop
  endfacet
  facet normal 0.6845471059286903 0.72896862742141 0
    outer loop
      vertex -16.91227196924607 12.688460271672632 -6
      vertex -17.186905882264234 12.946358682213933 -6
      vertex -17.186905882264234 12.946358682213933 6
    endloop
  endfacet
  facet normal 0.8443279255020177 0.5358267949789924 0
    outer loop
      vertex -17.62892004013159 13.554738977694853 6
      vertex -17.427050983124843 13.23664424312258 -6
      vertex -17.62892004013159 13.554738977694853 -6
    endloop
  endfacet
  facet normal 0.9822872507286892 0.18738131458572235 0
    outer loop
      vertex -17.976344103943433 14.624000299307088 6
      vertex -17.905749483385893 14.253930338505436 -6
      vertex -17.976344103943433 14.624000299307088 -6
    endloop
  endfacet
  facet normal 0.9510565162951552 0.3090169943749426 0
    outer loop
      vertex -17.905749483385893 14.253930338505436 6
      vertex -17.789329457664756 13.895626341945967 -6
      vertex -17.905749483385893 14.253930338505436 -6
    endloop
  endfacet
  facet normal 0.9980267284282716 0.06279051952931582 0
    outer loop
      vertex -18 15 6
      vertex -17.976344103943433 14.624000299307088 -6
      vertex -18 15 -6
    endloop
  endfacet
  facet normal 0.9980267284282716 -0.06279051952931582 0
    outer loop
      vertex -17.976344103943433 15.375999700692912 6
      vertex -18 15 -6
      vertex -17.976344103943433 15.375999700692912 -6
    endloop
  endfacet
  facet normal 0.9822872507286892 -0.18738131458572235 0
    outer loop
      vertex -17.905749483385893 15.746069661494564 6
      vertex -17.976344103943433 15.375999700692912 -6
      vertex -17.905749483385893 15.746069661494564 -6
    endloop
  endfacet
  facet normal 0.9510565162951552 -0.3090169943749426 0
    outer loop
      vertex -17.789329457664756 16.104373658054033 6
      vertex -17.905749483385893 15.746069661494564 -6
      vertex -17.789329457664756 16.104373658054033 -6
    endloop
  endfacet
  facet normal 0.9048270524660167 -0.42577929156507843 0
    outer loop
      vertex -17.62892004013159 16.445261022305147 6
      vertex -17.789329457664756 16.104373658054033 -6
      vertex -17.62892004013159 16.445261022305147 -6
    endloop
  endfacet
  facet normal 0.8443279255020177 -0.5358267949789924 0
    outer loop
      vertex -17.427050983124843 16.76335575687742 6
      vertex -17.62892004013159 16.445261022305147 -6
      vertex -17.427050983124843 16.76335575687742 -6
    endloop
  endfacet
  facet normal 0.7705132427757877 -0.6374239897486915 0
    outer loop
      vertex -17.186905882264234 17.053641317786067 6
      vertex -17.427050983124843 16.76335575687742 -6
      vertex -17.186905882264234 17.053641317786067 -6
    endloop
  endfacet
  facet normal 0.6845471059286903 -0.72896862742141 0
    outer loop
      vertex -16.91227196924607 17.311539728327368 -6
      vertex -16.91227196924607 17.311539728327368 6
      vertex -17.186905882264234 17.053641317786067 -6
    endloop
  endfacet
  facet normal 0.5877852522924724 0.8090169943749479 0
    outer loop
      vertex -16.91227196924607 12.688460271672632 6
      vertex -16.60748038493699 12.467016223493955 -6
      vertex -16.91227196924607 12.688460271672632 -6
    endloop
  endfacet
  facet normal 0.4817536741017122 0.8763066800438652 0
    outer loop
      vertex -16.60748038493699 12.467016223493955 6
      vertex -16.277337874695217 12.285518842601942 -6
      vertex -16.60748038493699 12.467016223493955 -6
    endloop
  endfacet
  facet normal 0.3681245526846793 0.9297764858882508 0
    outer loop
      vertex -16.277337874695217 12.285518842601942 6
      vertex -15.927050983124841 12.146830451114539 -6
      vertex -16.277337874695217 12.285518842601942 -6
    endloop
  endfacet
  facet normal 0.24868988716485627 0.9685831611286307 0
    outer loop
      vertex -15.927050983124841 12.146830451114539 6
      vertex -15.562143943757174 12.053138247813934 -6
      vertex -15.927050983124841 12.146830451114539 -6
    endloop
  endfacet
  facet normal 0.12533323356430526 0.9921147013144777 0
    outer loop
      vertex -15.562143943757174 12.053138247813934 6
      vertex -15.188371558587942 12.005919814715185 -6
      vertex -15.562143943757174 12.053138247813934 -6
    endloop
  endfacet
  facet normal 0 1 0
    outer loop
      vertex -15.188371558587942 12.005919814715185 6
      vertex -14.811628441412058 12.005919814715185 -6
      vertex -15.188371558587942 12.005919814715185 -6
    endloop
  endfacet
  facet normal -0.12533323356430526 0.9921147013144777 0
    outer loop
      vertex -14.811628441412058 12.005919814715185 6
      vertex -14.437856056242826 12.053138247813934 -6
      vertex -14.811628441412058 12.005919814715185 -6
    endloop
  endfacet
  facet normal -0.24868988716485627 0.9685831611286307 0
    outer loop
      vertex -14.437856056242826 12.053138247813934 6
      vertex -14.072949016875159 12.146830451114539 -6
      vertex -14.437856056242826 12.053138247813934 -6
    endloop
  endfacet
  facet normal -0.3681245526846793 0.9297764858882508 0
    outer loop
      vertex -14.072949016875159 12.146830451114539 6
      vertex -13.722662125304783 12.285518842601942 -6
      vertex -14.072949016875159 12.146830451114539 -6
    endloop
  endfacet
  facet normal -0.4817536741017126 0.8763066800438651 0
    outer loop
      vertex -13.722662125304783 12.285518842601942 6
      vertex -13.392519615063012 12.467016223493953 -6
      vertex -13.722662125304783 12.285518842601942 -6
    endloop
  endfacet
  facet normal -0.5877852522924709 0.809016994374949 0
    outer loop
      vertex -13.392519615063012 12.467016223493953 6
      vertex -13.08772803075393 12.688460271672632 -6
      vertex -13.392519615063012 12.467016223493953 -6
    endloop
  endfacet
  facet normal -0.6845471059286903 0.72896862742141 0
    outer loop
      vertex -13.08772803075393 12.688460271672632 6
      vertex -12.813094117735766 12.946358682213933 -6
      vertex -13.08772803075393 12.688460271672632 -6
    endloop
  endfacet
  facet normal -0.7705132427757877 0.6374239897486915 0
    outer loop
      vertex -12.813094117735766 12.946358682213933 -6
      vertex -12.813094117735766 12.946358682213933 6
      vertex -12.572949016875157 13.23664424312258 -6
    endloop
  endfacet
  facet normal -0.8443279255020177 0.5358267949789924 0
    outer loop
      vertex -12.37107995986841 13.554738977694853 -6
      vertex -12.572949016875157 13.23664424312258 -6
      vertex -12.572949016875157 13.23664424312258 6
    endloop
  endfacet
  facet normal -0.9048270524660197 0.4257792915650726 0
    outer loop
      vertex -12.210670542335247 13.895626341945965 -6
      vertex -12.37107995986841 13.554738977694853 -6
      vertex -12.37107995986841 13.554738977694853 6
    endloop
  endfacet
  facet normal -0.9510565162951532 0.30901699437494834 0
    outer loop
      vertex -12.094250516614107 14.253930338505437 -6
      vertex -12.210670542335247 13.895626341945965 -6
      vertex -12.210670542335247 13.895626341945965 6
    endloop
  endfacet
  facet normal -0.9822872507286888 0.1873813145857232 0
    outer loop
      vertex -12.023655896056567 14.624000299307088 -6
      vertex -12.094250516614107 14.253930338505437 -6
      vertex -12.094250516614107 14.253930338505437 6
    endloop
  endfacet
  facet normal -0.9980267284282716 0.06279051952931582 0
    outer loop
      vertex -12 15 -6
      vertex -12.023655896056567 14.624000299307088 -6
      vertex -12.023655896056567 14.624000299307088 6
    endloop
  endfacet
  facet normal -0.9980267284282716 -0.06279051952931582 0
    outer loop
      vertex -12.023655896056567 15.375999700692912 -6
      vertex -12 15 -6
      vertex -12 15 6
    endloop
  endfacet
  facet normal -0.9822872507286892 -0.18738131458572235 0
    outer loop
      vertex -12.094250516614107 15.746069661494564 -6
      vertex -12.023655896056567 15.375999700692912 -6
      vertex -12.023655896056567 15.375999700692912 6
    endloop
  endfacet
  facet normal -0.9510565162951538 -0.30901699437494684 0
    outer loop
      vertex -12.210670542335246 16.104373658054033 -6
      vertex -12.094250516614107 15.746069661494564 -6
      vertex -12.094250516614107 15.746069661494564 6
    endloop
  endfacet
  facet normal -0.7705132427757877 -0.6374239897486915 0
    outer loop
      vertex -12.813094117735766 17.053641317786067 -6
      vertex -12.572949016875157 16.76335575687742 -6
      vertex -12.572949016875157 16.76335575687742 6
    endloop
  endfacet
  facet normal -0.8443279255020156 -0.5358267949789959 0
    outer loop
      vertex -12.572949016875157 16.76335575687742 -6
      vertex -12.371079959868409 16.445261022305147 -6
      vertex -12.371079959868409 16.445261022305147 6
    endloop
  endfacet
  facet normal -0.9048270524660202 -0.4257792915650707 0
    outer loop
      vertex -12.371079959868409 16.445261022305147 -6
      vertex -12.210670542335246 16.104373658054033 -6
      vertex -12.210670542335246 16.104373658054033 6
    endloop
  endfacet
  facet normal 0.5877852522924693 -0.8090169943749502 0
    outer loop
      vertex -16.60748038493699 17.532983776506043 -6
      vertex -16.60748038493699 17.532983776506043 6
      vertex -16.91227196924607 17.311539728327368 -6
    endloop
  endfacet
  facet normal 0.48175367410171577 -0.8763066800438633 0
    outer loop
      vertex -16.277337874695217 17.71448115739806 -6
      vertex -16.277337874695217 17.71448115739806 6
      vertex -16.60748038493699 17.532983776506043 -6
    endloop
  endfacet
  facet normal 0.3681245526846793 -0.9297764858882508 0
    outer loop
      vertex -15.927050983124841 17.85316954888546 -6
      vertex -15.927050983124841 17.85316954888546 6
      vertex -16.277337874695217 17.71448115739806 -6
    endloop
  endfacet
  facet normal 0.24868988716485627 -0.9685831611286307 0
    outer loop
      vertex -15.562143943757174 17.946861752186066 -6
      vertex -15.562143943757174 17.946861752186066 6
      vertex -15.927050983124841 17.85316954888546 -6
    endloop
  endfacet
  facet normal 0.12533323356430467 -0.9921147013144777 0
    outer loop
      vertex -15.18837155858794 17.994080185284815 -6
      vertex -15.18837155858794 17.994080185284815 6
      vertex -15.562143943757174 17.946861752186066 -6
    endloop
  endfacet
  facet normal 0 -1 0
    outer loop
      vertex -14.81162844141206 17.994080185284815 -6
      vertex -14.81162844141206 17.994080185284815 6
      vertex -15.18837155858794 17.994080185284815 -6
    endloop
  endfacet
  facet normal -0.12533323356430467 -0.9921147013144777 0
    outer loop
      vertex -14.437856056242826 17.946861752186066 -6
      vertex -14.437856056242826 17.946861752186066 6
      vertex -14.81162844141206 17.994080185284815 -6
    endloop
  endfacet
  facet normal -0.24868988716485627 -0.9685831611286307 0
    outer loop
      vertex -14.072949016875159 17.85316954888546 -6
      vertex -14.072949016875159 17.85316954888546 6
      vertex -14.437856056242826 17.946861752186066 -6
    endloop
  endfacet
  facet normal -0.36812455268467775 -0.9297764858882515 0
    outer loop
      vertex -13.722662125304781 17.71448115739806 -6
      vertex -13.722662125304781 17.71448115739806 6
      vertex -14.072949016875159 17.85316954888546 -6
    endloop
  endfacet
  facet normal -0.4817536741017198 -0.8763066800438613 0
    outer loop
      vertex -13.39251961506301 17.532983776506043 -6
      vertex -13.39251961506301 17.532983776506043 6
      vertex -13.722662125304781 17.71448115739806 -6
    endloop
  endfacet
  facet normal -0.5877852522924693 -0.8090169943749502 0
    outer loop
      vertex -13.087728030753931 17.311539728327368 -6
      vertex -13.087728030753931 17.311539728327368 6
      vertex -13.39251961506301 17.532983776506043 -6
    endloop
  endfacet
  facet normal -0.6845471059286878 -0.7289686274214121 0
    outer loop
      vertex -13.087728030753931 17.311539728327368 -6
      vertex -12.813094117735766 17.053641317786067 -6
      vertex -12.813094117735766 17.053641317786067 6
    endloop
  endfacet
  facet normal 0.9048270524660167 0.42577929156507843 0
    outer loop
      vertex -17.789329457664756 13.895626341945967 6
      vertex -17.62892004013159 13.554738977694853 6
      vertex -17.62892004013159 13.554738977694853 -6
    endloop
  endfacet
  facet normal 0.9510565162951552 0.3090169943749426 0
    outer loop
      vertex -17.905749483385893 14.253930338505436 6
      vertex -17.789329457664756 13.895626341945967 6
      vertex -17.789329457664756 13.895626341945967 -6
    endloop
  endfacet
  facet normal 0.8443279255020177 0.5358267949789924 0
    outer loop
      vertex -17.62892004013159 13.554738977694853 6
      vertex -17.427050983124843 13.23664424312258 6
      vertex -17.427050983124843 13.23664424312258 -6
    endloop
  endfacet
  facet normal 0.7705132427757877 0.6374239897486915 0
    outer loop
      vertex -17.427050983124843 13.23664424312258 6
      vertex -17.186905882264234 12.946358682213933 6
      vertex -17.186905882264234 12.946358682213933 -6
    endloop
  endfacet
  facet normal 0.6845471059286903 0.72896862742141 0
    outer loop
      vertex -16.91227196924607 12.688460271672632 6
      vertex -16.91227196924607 12.688460271672632 -6
      vertex -17.186905882264234 12.946358682213933 6
    endloop
  endfacet
  facet normal 0.9980267284282716 0.06279051952931582 0
    outer loop
      vertex -18 15 6
      vertex -17.976344103943433 14.624000299307088 6
      vertex -17.976344103943433 14.624000299307088 -6
    endloop
  endfacet
  facet normal 0.9822872507286892 0.18738131458572235 0
    outer loop
      vertex -17.976344103943433 14.624000299307088 6
      vertex -17.905749483385893 14.253930338505436 6
      vertex -17.905749483385893 14.253930338505436 -6
    endloop
  endfacet
  facet normal 0.9980267284282716 -0.06279051952931582 0
    outer loop
      vertex -17.976344103943433 15.375999700692912 6
      vertex -18 15 6
      vertex -18 15 -6
    endloop
  endfacet
  facet normal 0.9822872507286892 -0.18738131458572235 0
    outer loop
      vertex -17.905749483385893 15.746069661494564 6
      vertex -17.976344103943433 15.375999700692912 6
      vertex -17.976344103943433 15.375999700692912 -6
    endloop
  endfacet
  facet normal 0.9510565162951552 -0.3090169943749426 0
    outer loop
      vertex -17.789329457664756 16.104373658054033 6
      vertex -17.905749483385893 15.746069661494564 6
      vertex -17.905749483385893 15.746069661494564 -6
    endloop
  endfacet
  facet normal 0.9048270524660167 -0.42577929156507843 0
    outer loop
      vertex -17.62892004013159 16.445261022305147 6
      vertex -17.789329457664756 16.104373658054033 6
      vertex -17.789329457664756 16.104373658054033 -6
    endloop
  endfacet
  facet normal 0.8443279255020177 -0.5358267949789924 0
    outer loop
      vertex -17.427050983124843 16.76335575687742 6
      vertex -17.62892004013159 16.445261022305147 6
      vertex -17.62892004013159 16.445261022305147 -6
    endloop
  endfacet
  facet normal 0.7705132427757877 -0.6374239897486915 0
    outer loop
      vertex -17.186905882264234 17.053641317786067 6
      vertex -17.427050983124843 16.76335575687742 6
      vertex -17.427050983124843 16.76335575687742 -6
    endloop
  endfacet
  facet normal 0.6845471059286903 -0.72896862742141 0
    outer loop
      vertex -17.186905882264234 17.053641317786067 -6
      vertex -16.91227196924607 17.311539728327368 6
      vertex -17.186905882264234 17.053641317786067 6
    endloop
  endfacet
  facet normal 0.5877852522924724 0.8090169943749479 0
    outer loop
      vertex -16.60748038493699 12.467016223493955 6
      vertex -16.60748038493699 12.467016223493955 -6
      vertex -16.91227196924607 12.688460271672632 6
    endloop
  endfacet
  facet normal 0.4817536741017122 0.8763066800438652 0
    outer loop
      vertex -16.277337874695217 12.285518842601942 6
      vertex -16.277337874695217 12.285518842601942 -6
      vertex -16.60748038493699 12.467016223493955 6
    endloop
  endfacet
  facet normal 0.3681245526846793 0.9297764858882508 0
    outer loop
      vertex -15.927050983124841 12.146830451114539 6
      vertex -15.927050983124841 12.146830451114539 -6
      vertex -16.277337874695217 12.285518842601942 6
    endloop
  endfacet
  facet normal 0.24868988716485627 0.9685831611286307 0
    outer loop
      vertex -15.562143943757174 12.053138247813934 6
      vertex -15.562143943757174 12.053138247813934 -6
      vertex -15.927050983124841 12.146830451114539 6
    endloop
  endfacet
  facet normal 0.12533323356430526 0.9921147013144777 0
    outer loop
      vertex -15.188371558587942 12.005919814715185 6
      vertex -15.188371558587942 12.005919814715185 -6
      vertex -15.562143943757174 12.053138247813934 6
    endloop
  endfacet
  facet normal 0 1 0
    outer loop
      vertex -14.811628441412058 12.005919814715185 6
      vertex -14.811628441412058 12.005919814715185 -6
      vertex -15.188371558587942 12.005919814715185 6
    endloop
  endfacet
  facet normal -0.12533323356430526 0.9921147013144777 0
    outer loop
      vertex -14.437856056242826 12.053138247813934 6
      vertex -14.437856056242826 12.053138247813934 -6
      vertex -14.811628441412058 12.005919814715185 6
    endloop
  endfacet
  facet normal -0.24868988716485627 0.9685831611286307 0
    outer loop
      vertex -14.072949016875159 12.146830451114539 6
      vertex -14.072949016875159 12.146830451114539 -6
      vertex -14.437856056242826 12.053138247813934 6
    endloop
  endfacet
  facet normal -0.3681245526846793 0.9297764858882508 0
    outer loop
      vertex -13.722662125304783 12.285518842601942 6
      vertex -13.722662125304783 12.285518842601942 -6
      vertex -14.072949016875159 12.146830451114539 6
    endloop
  endfacet
  facet normal -0.4817536741017126 0.8763066800438651 0
    outer loop
      vertex -13.392519615063012 12.467016223493953 6
      vertex -13.392519615063012 12.467016223493953 -6
      vertex -13.722662125304783 12.285518842601942 6
    endloop
  endfacet
  facet normal -0.5877852522924709 0.809016994374949 0
    outer loop
      vertex -13.08772803075393 12.688460271672632 6
      vertex -13.08772803075393 12.688460271672632 -6
      vertex -13.392519615063012 12.467016223493953 6
    endloop
  endfacet
  facet normal -0.6845471059286903 0.72896862742141 0
    outer loop
      vertex -12.813094117735766 12.946358682213933 -6
      vertex -13.08772803075393 12.688460271672632 6
      vertex -12.813094117735766 12.946358682213933 6
    endloop
  endfacet
  facet normal -0.7705132427757877 0.6374239897486915 0
    outer loop
      vertex -12.572949016875157 13.23664424312258 -6
      vertex -12.813094117735766 12.946358682213933 6
      vertex -12.572949016875157 13.23664424312258 6
    endloop
  endfacet
  facet normal -0.8443279255020177 0.5358267949789924 0
    outer loop
      vertex -12.37107995986841 13.554738977694853 -6
      vertex -12.572949016875157 13.23664424312258 6
      vertex -12.37107995986841 13.554738977694853 6
    endloop
  endfacet
  facet normal -0.9048270524660197 0.4257792915650726 0
    outer loop
      vertex -12.210670542335247 13.895626341945965 -6
      vertex -12.37107995986841 13.554738977694853 6
      vertex -12.210670542335247 13.895626341945965 6
    endloop
  endfacet
  facet normal -0.9510565162951532 0.30901699437494834 0
    outer loop
      vertex -12.094250516614107 14.253930338505437 -6
      vertex -12.210670542335247 13.895626341945965 6
      vertex -12.094250516614107 14.253930338505437 6
    endloop
  endfacet
  facet normal -0.9822872507286888 0.1873813145857232 0
    outer loop
      vertex -12.023655896056567 14.624000299307088 -6
      vertex -12.094250516614107 14.253930338505437 6
      vertex -12.023655896056567 14.624000299307088 6
    endloop
  endfacet
  facet normal -0.9980267284282716 0.06279051952931582 0
    outer loop
      vertex -12 15 -6
      vertex -12.023655896056567 14.624000299307088 6
      vertex -12 15 6
    endloop
  endfacet
  facet normal -0.9980267284282716 -0.06279051952931582 0
    outer loop
      vertex -12.023655896056567 15.375999700692912 -6
      vertex -12 15 6
      vertex -12.023655896056567 15.375999700692912 6
    endloop
  endfacet
  facet normal -0.9822872507286892 -0.18738131458572235 0
    outer loop
      vertex -12.094250516614107 15.746069661494564 -6
      vertex -12.023655896056567 15.375999700692912 6
      vertex -12.094250516614107 15.746069661494564 6
    endloop
  endfacet
  facet normal -0.9510565162951538 -0.30901699437494684 0
    outer loop
      vertex -12.210670542335246 16.104373658054033 -6
      vertex -12.094250516614107 15.746069661494564 6
      vertex -12.210670542335246 16.104373658054033 6
    endloop
  endfacet
  facet normal -0.9048270524660202 -0.4257792915650707 0
    outer loop
      vertex -12.371079959868409 16.445261022305147 -6
      vertex -12.210670542335246 16.104373658054033 6
      vertex -12.371079959868409 16.445261022305147 6
    endloop
  endfacet
  facet normal -0.8443279255020156 -0.5358267949789959 0
    outer loop
      vertex -12.572949016875157 16.76335575687742 -6
      vertex -12.371079959868409 16.445261022305147 6
      vertex -12.572949016875157 16.76335575687742 6
    endloop
  endfacet
  facet normal 0.5877852522924693 -0.8090169943749502 0
    outer loop
      vertex -16.91227196924607 17.311539728327368 -6
      vertex -16.60748038493699 17.532983776506043 6
      vertex -16.91227196924607 17.311539728327368 6
    endloop
  endfacet
  facet normal 0.48175367410171577 -0.8763066800438633 0
    outer loop
      vertex -16.60748038493699 17.532983776506043 -6
      vertex -16.277337874695217 17.71448115739806 6
      vertex -16.60748038493699 17.532983776506043 6
    endloop
  endfacet
  facet normal 0.3681245526846793 -0.9297764858882508 0
    outer loop
      vertex -16.277337874695217 17.71448115739806 -6
      vertex -15.927050983124841 17.85316954888546 6
      vertex -16.277337874695217 17.71448115739806 6
    endloop
  endfacet
  facet normal 0.24868988716485627 -0.9685831611286307 0
    outer loop
      vertex -15.927050983124841 17.85316954888546 -6
      vertex -15.562143943757174 17.946861752186066 6
      vertex -15.927050983124841 17.85316954888546 6
    endloop
  endfacet
  facet normal 0.12533323356430467 -0.9921147013144777 0
    outer loop
      vertex -15.562143943757174 17.946861752186066 -6
      vertex -15.18837155858794 17.994080185284815 6
      vertex -15.562143943757174 17.946861752186066 6
    endloop
  endfacet
  facet normal 0 -1 0
    outer loop
      vertex -15.18837155858794 17.994080185284815 -6
      vertex -14.81162844141206 17.994080185284815 6
      vertex -15.18837155858794 17.994080185284815 6
    endloop
  endfacet
  facet normal -0.12533323356430467 -0.9921147013144777 0
    outer loop
      vertex -14.81162844141206 17.994080185284815 -6
      vertex -14.437856056242826 17.946861752186066 6
      vertex -14.81162844141206 17.994080185284815 6
    endloop
  endfacet
  facet normal -0.24868988716485627 -0.9685831611286307 0
    outer loop
      vertex -14.437856056242826 17.946861752186066 -6
      vertex -14.072949016875159 17.85316954888546 6
      vertex -14.437856056242826 17.946861752186066 6
    endloop
  endfacet
  facet normal -0.36812455268467775 -0.9297764858882515 0
    outer loop
      vertex -14.072949016875159 17.85316954888546 -6
      vertex -13.722662125304781 17.71448115739806 6
      vertex -14.072949016875159 17.85316954888546 6
    endloop
  endfacet
  facet normal -0.4817536741017198 -0.8763066800438613 0
    outer loop
      vertex -13.722662125304781 17.71448115739806 -6
      vertex -13.39251961506301 17.532983776506043 6
      vertex -13.722662125304781 17.71448115739806 6
    endloop
  endfacet
  facet normal -0.5877852522924693 -0.8090169943749502 0
    outer loop
      vertex -13.39251961506301 17.532983776506043 -6
      vertex -13.087728030753931 17.311539728327368 6
      vertex -13.39251961506301 17.532983776506043 6
    endloop
  endfacet
  facet normal -0.7705132427757877 -0.6374239897486915 0
    outer loop
      vertex -12.813094117735766 17.053641317786067 -6
      vertex -12.572949016875157 16.76335575687742 6
      vertex -12.813094117735766 17.053641317786067 6
    endloop
  endfacet
  facet normal -0.6845471059286878 -0.7289686274214121 0
    outer loop
      vertex -13.087728030753931 17.311539728327368 -6
      vertex -12.813094117735766 17.053641317786067 6
      vertex -13.087728030753931 17.311539728327368 6
    endloop
  endfacet
  facet normal 0.6845471059286878 0.7289686274214121 0
    outer loop
      vertex 12.813094117735766 -17.053641317786067 6
      vertex 13.087728030753931 -17.311539728327368 -6
      vertex 12.813094117735766 -17.053641317786067 -6
    endloop
  endfacet
  facet normal 0.5877852522924693 0.8090169943749502 0
    outer loop
      vertex 13.087728030753931 -17.311539728327368 6
      vertex 13.39251961506301 -17.532983776506043 -6
      vertex 13.087728030753931 -17.311539728327368 -6
    endloop
  endfacet
  facet normal 0.48175367410171777 0.8763066800438621 0
    outer loop
      vertex 13.39251961506301 -17.532983776506043 6
      vertex 13.722662125304783 -17.71448115739806 -6
      vertex 13.39251961506301 -17.532983776506043 -6
    endloop
  endfacet
  facet normal 0.3681245526846793 0.9297764858882508 0
    outer loop
      vertex 13.722662125304783 -17.71448115739806 6
      vertex 14.072949016875159 -17.85316954888546 -6
      vertex 13.722662125304783 -17.71448115739806 -6
    endloop
  endfacet
  facet normal 0.24868988716485627 0.9685831611286307 0
    outer loop
      vertex 14.072949016875159 -17.85316954888546 6
      vertex 14.437856056242826 -17.946861752186066 -6
      vertex 14.072949016875159 -17.85316954888546 -6
    endloop
  endfacet
  facet normal 0.12533323356430526 0.9921147013144777 0
    outer loop
      vertex 14.437856056242826 -17.946861752186066 6
      vertex 14.811628441412058 -17.994080185284815 -6
      vertex 14.437856056242826 -17.946861752186066 -6
    endloop
  endfacet
  facet normal 0 1 0
    outer loop
      vertex 14.811628441412058 -17.994080185284815 6
      vertex 15.188371558587942 -17.994080185284815 -6
      vertex 14.811628441412058 -17.994080185284815 -6
    endloop
  endfacet
  facet normal -0.12533323356430526 0.9921147013144777 0
    outer loop
      vertex 15.188371558587942 -17.994080185284815 6
      vertex 15.562143943757174 -17.946861752186066 -6
      vertex 15.188371558587942 -17.994080185284815 -6
    endloop
  endfacet
  facet normal -0.24868988716485627 0.9685831611286307 0
    outer loop
      vertex 15.562143943757174 -17.946861752186066 6
      vertex 15.927050983124841 -17.85316954888546 -6
      vertex 15.562143943757174 -17.946861752186066 -6
    endloop
  endfacet
  facet normal -0.3681245526846793 0.9297764858882508 0
    outer loop
      vertex 15.927050983124841 -17.85316954888546 6
      vertex 16.277337874695217 -17.71448115739806 -6
      vertex 15.927050983124841 -17.85316954888546 -6
    endloop
  endfacet
  facet normal -0.4817536741017126 0.8763066800438651 0
    outer loop
      vertex 16.277337874695217 -17.71448115739806 6
      vertex 16.607480384936988 -17.532983776506047 -6
      vertex 16.277337874695217 -17.71448115739806 -6
    endloop
  endfacet
  facet normal -0.5877852522924709 0.809016994374949 0
    outer loop
      vertex 16.607480384936988 -17.532983776506047 6
      vertex 16.91227196924607 -17.311539728327368 -6
      vertex 16.607480384936988 -17.532983776506047 -6
    endloop
  endfacet
  facet normal 0.9048270524660185 0.4257792915650746 0
    outer loop
      vertex 12.210670542335246 -16.104373658054033 6
      vertex 12.37107995986841 -16.445261022305147 -6
      vertex 12.210670542335246 -16.104373658054033 -6
    endloop
  endfacet
  facet normal 0.8443279255020177 0.5358267949789924 0
    outer loop
      vertex 12.37107995986841 -16.445261022305147 6
      vertex 12.572949016875157 -16.76335575687742 -6
      vertex 12.37107995986841 -16.445261022305147 -6
    endloop
  endfacet
  facet normal 0.7705132427757877 0.6374239897486915 0
    outer loop
      vertex 12.572949016875157 -16.76335575687742 6
      vertex 12.813094117735766 -17.053641317786067 -6
      vertex 12.572949016875157 -16.76335575687742 -6
    endloop
  endfacet
  facet normal 0.9510565162951538 0.30901699437494684 0
    outer loop
      vertex 12.094250516614107 -15.746069661494564 6
      vertex 12.210670542335246 -16.104373658054033 -6
      vertex 12.094250516614107 -15.746069661494564 -6
    endloop
  endfacet
  facet normal 0.9822872507286892 0.18738131458572235 0
    outer loop
      vertex 12.023655896056567 -15.375999700692912 6
      vertex 12.094250516614107 -15.746069661494564 -6
      vertex 12.023655896056567 -15.375999700692912 -6
    endloop
  endfacet
  facet normal 0.9980267284282716 0.06279051952931582 0
    outer loop
      vertex 12 -15 6
      vertex 12.023655896056567 -15.375999700692912 -6
      vertex 12 -15 -6
    endloop
  endfacet
  facet normal 0.9980267284282716 -0.06279051952931582 0
    outer loop
      vertex 12.023655896056567 -14.624000299307088 6
      vertex 12 -15 -6
      vertex 12.023655896056567 -14.624000299307088 -6
    endloop
  endfacet
  facet normal 0.9822872507286892 -0.18738131458572235 0
    outer loop
      vertex 12.094250516614107 -14.253930338505436 6
      vertex 12.023655896056567 -14.624000299307088 -6
      vertex 12.094250516614107 -14.253930338505436 -6
    endloop
  endfacet
  facet normal 0.9510565162951538 -0.30901699437494684 0
    outer loop
      vertex 12.210670542335246 -13.895626341945967 6
      vertex 12.094250516614107 -14.253930338505436 -6
      vertex 12.210670542335246 -13.895626341945967 -6
    endloop
  endfacet
  facet normal 0.9048270524660185 -0.4257792915650746 0
    outer loop
      vertex 12.37107995986841 -13.554738977694853 6
      vertex 12.210670542335246 -13.895626341945967 -6
      vertex 12.37107995986841 -13.554738977694853 -6
    endloop
  endfacet
  facet normal 0.8443279255020177 -0.5358267949789924 0
    outer loop
      vertex 12.572949016875157 -13.23664424312258 6
      vertex 12.37107995986841 -13.554738977694853 -6
      vertex 12.572949016875157 -13.23664424312258 -6
    endloop
  endfacet
  facet normal 0.7705132427757877 -0.6374239897486915 0
    outer loop
      vertex 12.813094117735766 -12.946358682213933 6
      vertex 12.572949016875157 -13.23664424312258 -6
      vertex 12.813094117735766 -12.946358682213933 -6
    endloop
  endfacet
  facet normal 0.6845471059286878 -0.7289686274214121 0
    outer loop
      vertex 13.087728030753931 -12.688460271672632 -6
      vertex 13.087728030753931 -12.688460271672632 6
      vertex 12.813094117735766 -12.946358682213933 -6
    endloop
  endfacet
  facet normal 0.5877852522924724 -0.8090169943749479 0
    outer loop
      vertex 13.39251961506301 -12.467016223493955 -6
      vertex 13.39251961506301 -12.467016223493955 6
      vertex 13.087728030753931 -12.688460271672632 -6
    endloop
  endfacet
  facet normal 0.48175367410171616 -0.8763066800438631 0
    outer loop
      vertex 13.722662125304781 -12.285518842601942 -6
      vertex 13.722662125304781 -12.285518842601942 6
      vertex 13.39251961506301 -12.467016223493955 -6
    endloop
  endfacet
  facet normal 0.36812455268467775 -0.9297764858882515 0
    outer loop
      vertex 14.072949016875159 -12.146830451114539 -6
      vertex 14.072949016875159 -12.146830451114539 6
      vertex 13.722662125304781 -12.285518842601942 -6
    endloop
  endfacet
  facet normal 0.24868988716485627 -0.9685831611286307 0
    outer loop
      vertex 14.437856056242826 -12.053138247813934 -6
      vertex 14.437856056242826 -12.053138247813934 6
      vertex 14.072949016875159 -12.146830451114539 -6
    endloop
  endfacet
  facet normal 0.12533323356430467 -0.9921147013144777 0
    outer loop
      vertex 14.81162844141206 -12.005919814715185 -6
      vertex 14.81162844141206 -12.005919814715185 6
      vertex 14.437856056242826 -12.053138247813934 -6
    endloop
  endfacet
  facet normal 0 -1 0
    outer loop
      vertex 15.18837155858794 -12.005919814715185 -6
      vertex 15.18837155858794 -12.005919814715185 6
      vertex 14.81162844141206 -12.005919814715185 -6
    endloop
  endfacet
  facet normal -0.12533323356430467 -0.9921147013144777 0
    outer loop
      vertex 15.562143943757174 -12.053138247813934 -6
      vertex 15.562143943757174 -12.053138247813934 6
      vertex 15.18837155858794 -12.005919814715185 -6
    endloop
  endfacet
  facet normal -0.24868988716485627 -0.9685831611286307 0
    outer loop
      vertex 15.927050983124841 -12.146830451114539 -6
      vertex 15.927050983124841 -12.146830451114539 6
      vertex 15.562143943757174 -12.053138247813934 -6
    endloop
  endfacet
  facet normal -0.3681245526846793 -0.9297764858882508 0
    outer loop
      vertex 16.277337874695217 -12.285518842601942 -6
      vertex 16.277337874695217 -12.285518842601942 6
      vertex 15.927050983124841 -12.146830451114539 -6
    endloop
  endfacet
  facet normal -0.4817536741017122 -0.8763066800438652 0
    outer loop
      vertex 16.60748038493699 -12.467016223493955 -6
      vertex 16.60748038493699 -12.467016223493955 6
      vertex 16.277337874695217 -12.285518842601942 -6
    endloop
  endfacet
  facet normal -0.5877852522924724 -0.8090169943749479 0
    outer loop
      vertex 16.91227196924607 -12.688460271672632 -6
      vertex 16.91227196924607 -12.688460271672632 6
      vertex 16.60748038493699 -12.467016223493955 -6
    endloop
  endfacet
  facet normal -0.6845471059286903 0.72896862742141 0
    outer loop
      vertex 16.91227196924607 -17.311539728327368 6
      vertex 17.186905882264234 -17.053641317786067 -6
      vertex 16.91227196924607 -17.311539728327368 -6
    endloop
  endfacet
  facet normal -0.7705132427757877 0.6374239897486915 0
    outer loop
      vertex 17.186905882264234 -17.053641317786067 6
      vertex 17.427050983124843 -16.76335575687742 -6
      vertex 17.186905882264234 -17.053641317786067 -6
    endloop
  endfacet
  facet normal -0.8443279255020177 0.5358267949789924 0
    outer loop
      vertex 17.62892004013159 -16.445261022305147 -6
      vertex 17.427050983124843 -16.76335575687742 -6
      vertex 17.427050983124843 -16.76335575687742 6
    endloop
  endfacet
  facet normal -0.9048270524660187 0.4257792915650744 0
    outer loop
      vertex 17.789329457664753 -16.104373658054037 -6
      vertex 17.62892004013159 -16.445261022305147 -6
      vertex 17.62892004013159 -16.445261022305147 6
    endloop
  endfacet
  facet normal -0.9510565162951536 0.30901699437494695 0
    outer loop
      vertex 17.905749483385893 -15.746069661494563 -6
      vertex 17.789329457664753 -16.104373658054037 -6
      vertex 17.789329457664753 -16.104373658054037 6
    endloop
  endfacet
  facet normal -0.9822872507286888 0.1873813145857232 0
    outer loop
      vertex 17.976344103943433 -15.375999700692912 -6
      vertex 17.905749483385893 -15.746069661494563 -6
      vertex 17.905749483385893 -15.746069661494563 6
    endloop
  endfacet
  facet normal -0.9980267284282716 0.06279051952931582 0
    outer loop
      vertex 18 -15 -6
      vertex 17.976344103943433 -15.375999700692912 -6
      vertex 17.976344103943433 -15.375999700692912 6
    endloop
  endfacet
  facet normal -0.9980267284282716 -0.06279051952931582 0
    outer loop
      vertex 17.976344103943433 -14.624000299307088 -6
      vertex 18 -15 -6
      vertex 18 -15 6
    endloop
  endfacet
  facet normal -0.9510565162951522 -0.30901699437495106 0
    outer loop
      vertex 17.789329457664753 -13.895626341945967 -6
      vertex 17.905749483385893 -14.253930338505436 -6
      vertex 17.905749483385893 -14.253930338505436 6
    endloop
  endfacet
  facet normal -0.9822872507286892 -0.18738131458572235 0
    outer loop
      vertex 17.905749483385893 -14.253930338505436 -6
      vertex 17.976344103943433 -14.624000299307088 -6
      vertex 17.976344103943433 -14.624000299307088 6
    endloop
  endfacet
  facet normal -0.8443279255020177 -0.5358267949789924 0
    outer loop
      vertex 17.427050983124843 -13.23664424312258 -6
      vertex 17.62892004013159 -13.554738977694853 -6
      vertex 17.62892004013159 -13.554738977694853 6
    endloop
  endfacet
  facet normal -0.6845471059286903 -0.72896862742141 0
    outer loop
      vertex 17.186905882264234 -12.946358682213933 -6
      vertex 17.186905882264234 -12.946358682213933 6
      vertex 16.91227196924607 -12.688460271672632 -6
    endloop
  endfacet
  facet normal -0.7705132427757877 -0.6374239897486915 0
    outer loop
      vertex 17.186905882264234 -12.946358682213933 -6
      vertex 17.427050983124843 -13.23664424312258 -6
      vertex 17.427050983124843 -13.23664424312258 6
    endloop
  endfacet
  facet normal -0.9048270524660202 -0.4257792915650707 0
    outer loop
      vertex 17.62892004013159 -13.554738977694853 -6
      vertex 17.789329457664753 -13.895626341945967 -6
      vertex 17.789329457664753 -13.895626341945967 6
    endloop
  endfacet
  facet normal 0.6845471059286878 0.7289686274214121 0
    outer loop
      vertex 13.087728030753931 -17.311539728327368 6
      vertex 13.087728030753931 -17.311539728327368 -6
      vertex 12.813094117735766 -17.053641317786067 6
    endloop
  endfacet
  facet normal 0.7705132427757877 0.6374239897486915 0
    outer loop
      vertex 12.572949016875157 -16.76335575687742 6
      vertex 12.813094117735766 -17.053641317786067 6
      vertex 12.813094117735766 -17.053641317786067 -6
    endloop
  endfacet
  facet normal 0.5877852522924693 0.8090169943749502 0
    outer loop
      vertex 13.39251961506301 -17.532983776506043 6
      vertex 13.39251961506301 -17.532983776506043 -6
      vertex 13.087728030753931 -17.311539728327368 6
    endloop
  endfacet
  facet normal 0.48175367410171777 0.8763066800438621 0
    outer loop
      vertex 13.722662125304783 -17.71448115739806 6
      vertex 13.722662125304783 -17.71448115739806 -6
      vertex 13.39251961506301 -17.532983776506043 6
    endloop
  endfacet
  facet normal 0.3681245526846793 0.9297764858882508 0
    outer loop
      vertex 14.072949016875159 -17.85316954888546 6
      vertex 14.072949016875159 -17.85316954888546 -6
      vertex 13.722662125304783 -17.71448115739806 6
    endloop
  endfacet
  facet normal 0.24868988716485627 0.9685831611286307 0
    outer loop
      vertex 14.437856056242826 -17.946861752186066 6
      vertex 14.437856056242826 -17.946861752186066 -6
      vertex 14.072949016875159 -17.85316954888546 6
    endloop
  endfacet
  facet normal 0.12533323356430526 0.9921147013144777 0
    outer loop
      vertex 14.811628441412058 -17.994080185284815 6
      vertex 14.811628441412058 -17.994080185284815 -6
      vertex 14.437856056242826 -17.946861752186066 6
    endloop
  endfacet
  facet normal 0 1 0
    outer loop
      vertex 15.188371558587942 -17.994080185284815 6
      vertex 15.188371558587942 -17.994080185284815 -6
      vertex 14.811628441412058 -17.994080185284815 6
    endloop
  endfacet
  facet normal -0.12533323356430526 0.9921147013144777 0
    outer loop
      vertex 15.562143943757174 -17.946861752186066 6
      vertex 15.562143943757174 -17.946861752186066 -6
      vertex 15.188371558587942 -17.994080185284815 6
    endloop
  endfacet
  facet normal -0.24868988716485627 0.9685831611286307 0
    outer loop
      vertex 15.927050983124841 -17.85316954888546 6
      vertex 15.927050983124841 -17.85316954888546 -6
      vertex 15.562143943757174 -17.946861752186066 6
    endloop
  endfacet
  facet normal -0.3681245526846793 0.9297764858882508 0
    outer loop
      vertex 16.277337874695217 -17.71448115739806 6
      vertex 16.277337874695217 -17.71448115739806 -6
      vertex 15.927050983124841 -17.85316954888546 6
    endloop
  endfacet
  facet normal -0.4817536741017126 0.8763066800438651 0
    outer loop
      vertex 16.607480384936988 -17.532983776506047 6
      vertex 16.607480384936988 -17.532983776506047 -6
      vertex 16.277337874695217 -17.71448115739806 6
    endloop
  endfacet
  facet normal -0.5877852522924709 0.809016994374949 0
    outer loop
      vertex 16.91227196924607 -17.311539728327368 6
      vertex 16.91227196924607 -17.311539728327368 -6
      vertex 16.607480384936988 -17.532983776506047 6
    endloop
  endfacet
  facet normal 0.8443279255020177 0.5358267949789924 0
    outer loop
      vertex 12.37107995986841 -16.445261022305147 6
      vertex 12.572949016875157 -16.76335575687742 6
      vertex 12.572949016875157 -16.76335575687742 -6
    endloop
  endfacet
  facet normal 0.9048270524660185 0.4257792915650746 0
    outer loop
      vertex 12.210670542335246 -16.104373658054033 6
      vertex 12.37107995986841 -16.445261022305147 6
      vertex 12.37107995986841 -16.445261022305147 -6
    endloop
  endfacet
  facet normal 0.9510565162951538 0.30901699437494684 0
    outer loop
      vertex 12.094250516614107 -15.746069661494564 6
      vertex 12.210670542335246 -16.104373658054033 6
      vertex 12.210670542335246 -16.104373658054033 -6
    endloop
  endfacet
  facet normal 0.9822872507286892 0.18738131458572235 0
    outer loop
      vertex 12.023655896056567 -15.375999700692912 6
      vertex 12.094250516614107 -15.746069661494564 6
      vertex 12.094250516614107 -15.746069661494564 -6
    endloop
  endfacet
  facet normal 0.9980267284282716 0.06279051952931582 0
    outer loop
      vertex 12 -15 6
      vertex 12.023655896056567 -15.375999700692912 6
      vertex 12.023655896056567 -15.375999700692912 -6
    endloop
  endfacet
  facet normal 0.9980267284282716 -0.06279051952931582 0
    outer loop
      vertex 12.023655896056567 -14.624000299307088 6
      vertex 12 -15 6
      vertex 12 -15 -6
    endloop
  endfacet
  facet normal 0.9822872507286892 -0.18738131458572235 0
    outer loop
      vertex 12.094250516614107 -14.253930338505436 6
      vertex 12.023655896056567 -14.624000299307088 6
      vertex 12.023655896056567 -14.624000299307088 -6
    endloop
  endfacet
  facet normal 0.9510565162951538 -0.30901699437494684 0
    outer loop
      vertex 12.210670542335246 -13.895626341945967 6
      vertex 12.094250516614107 -14.253930338505436 6
      vertex 12.094250516614107 -14.253930338505436 -6
    endloop
  endfacet
  facet normal 0.9048270524660185 -0.4257792915650746 0
    outer loop
      vertex 12.37107995986841 -13.554738977694853 6
      vertex 12.210670542335246 -13.895626341945967 6
      vertex 12.210670542335246 -13.895626341945967 -6
    endloop
  endfacet
  facet normal 0.8443279255020177 -0.5358267949789924 0
    outer loop
      vertex 12.572949016875157 -13.23664424312258 6
      vertex 12.37107995986841 -13.554738977694853 6
      vertex 12.37107995986841 -13.554738977694853 -6
    endloop
  endfacet
  facet normal 0.7705132427757877 -0.6374239897486915 0
    outer loop
      vertex 12.813094117735766 -12.946358682213933 6
      vertex 12.572949016875157 -13.23664424312258 6
      vertex 12.572949016875157 -13.23664424312258 -6
    endloop
  endfacet
  facet normal 0.6845471059286878 -0.7289686274214121 0
    outer loop
      vertex 12.813094117735766 -12.946358682213933 6
      vertex 12.813094117735766 -12.946358682213933 -6
      vertex 13.087728030753931 -12.688460271672632 6
    endloop
  endfacet
  facet normal 0.5877852522924724 -0.8090169943749479 0
    outer loop
      vertex 13.087728030753931 -12.688460271672632 -6
      vertex 13.39251961506301 -12.467016223493955 6
      vertex 13.087728030753931 -12.688460271672632 6
    endloop
  endfacet
  facet normal 0.48175367410171616 -0.8763066800438631 0
    outer loop
      vertex 13.39251961506301 -12.467016223493955 -6
      vertex 13.722662125304781 -12.285518842601942 6
      vertex 13.39251961506301 -12.467016223493955 6
    endloop
  endfacet
  facet normal 0.36812455268467775 -0.9297764858882515 0
    outer loop
      vertex 13.722662125304781 -12.285518842601942 -6
      vertex 14.072949016875159 -12.146830451114539 6
      vertex 13.722662125304781 -12.285518842601942 6
    endloop
  endfacet
  facet normal 0.24868988716485627 -0.9685831611286307 0
    outer loop
      vertex 14.072949016875159 -12.146830451114539 -6
      vertex 14.437856056242826 -12.053138247813934 6
      vertex 14.072949016875159 -12.146830451114539 6
    endloop
  endfacet
  facet normal 0.12533323356430467 -0.9921147013144777 0
    outer loop
      vertex 14.437856056242826 -12.053138247813934 -6
      vertex 14.81162844141206 -12.005919814715185 6
      vertex 14.437856056242826 -12.053138247813934 6
    endloop
  endfacet
  facet normal 0 -1 0
    outer loop
      vertex 14.81162844141206 -12.005919814715185 -6
      vertex 15.18837155858794 -12.005919814715185 6
      vertex 14.81162844141206 -12.005919814715185 6
    endloop
  endfacet
  facet normal -0.12533323356430467 -0.9921147013144777 0
    outer loop
      vertex 15.18837155858794 -12.005919814715185 -6
      vertex 15.562143943757174 -12.053138247813934 6
      vertex 15.18837155858794 -12.005919814715185 6
    endloop
  endfacet
  facet normal -0.24868988716485627 -0.9685831611286307 0
    outer loop
      vertex 15.562143943757174 -12.053138247813934 -6
      vertex 15.927050983124841 -12.146830451114539 6
      vertex 15.562143943757174 -12.053138247813934 6
    endloop
  endfacet
  facet normal -0.3681245526846793 -0.9297764858882508 0
    outer loop
      vertex 15.927050983124841 -12.146830451114539 -6
      vertex 16.277337874695217 -12.285518842601942 6
      vertex 15.927050983124841 -12.146830451114539 6
    endloop
  endfacet
  facet normal -0.4817536741017122 -0.8763066800438652 0
    outer loop
      vertex 16.277337874695217 -12.285518842601942 -6
      vertex 16.60748038493699 -12.467016223493955 6
      vertex 16.277337874695217 -12.285518842601942 6
    endloop
  endfacet
  facet normal -0.5877852522924724 -0.8090169943749479 0
    outer loop
      vertex 16.60748038493699 -12.467016223493955 -6
      vertex 16.91227196924607 -12.688460271672632 6
      vertex 16.60748038493699 -12.467016223493955 6
    endloop
  endfacet
  facet normal -0.6845471059286903 0.72896862742141 0
    outer loop
      vertex 17.186905882264234 -17.053641317786067 6
      vertex 17.186905882264234 -17.053641317786067 -6
      vertex 16.91227196924607 -17.311539728327368 6
    endloop
  endfacet
  facet normal -0.7705132427757877 0.6374239897486915 0
    outer loop
      vertex 17.427050983124843 -16.76335575687742 -6
      vertex 17.186905882264234 -17.053641317786067 6
      vertex 17.427050983124843 -16.76335575687742 6
    endloop
  endfacet
  facet normal -0.8443279255020177 0.5358267949789924 0
    outer loop
      vertex 17.62892004013159 -16.445261022305147 -6
      vertex 17.427050983124843 -16.76335575687742 6
      vertex 17.62892004013159 -16.445261022305147 6
    endloop
  endfacet
  facet normal -0.9048270524660187 0.4257792915650744 0
    outer loop
      vertex 17.789329457664753 -16.104373658054037 -6
      vertex 17.62892004013159 -16.445261022305147 6
      vertex 17.789329457664753 -16.104373658054037 6
    endloop
  endfacet
  facet normal -0.9510565162951536 0.30901699437494695 0
    outer loop
      vertex 17.905749483385893 -15.746069661494563 -6
      vertex 17.789329457664753 -16.104373658054037 6
      vertex 17.905749483385893 -15.746069661494563 6
    endloop
  endfacet
  facet normal -0.9822872507286888 0.1873813145857232 0
    outer loop
      vertex 17.976344103943433 -15.375999700692912 -6
      vertex 17.905749483385893 -15.746069661494563 6
      vertex 17.976344103943433 -15.375999700692912 6
    endloop
  endfacet
  facet normal -0.9980267284282716 0.06279051952931582 0
    outer loop
      vertex 18 -15 -6
      vertex 17.976344103943433 -15.375999700692912 6
      vertex 18 -15 6
    endloop
  endfacet
  facet normal -0.9822872507286892 -0.18738131458572235 0
    outer loop
      vertex 17.905749483385893 -14.253930338505436 -6
      vertex 17.976344103943433 -14.624000299307088 6
      vertex 17.905749483385893 -14.253930338505436 6
    endloop
  endfacet
  facet normal -0.9980267284282716 -0.06279051952931582 0
    outer loop
      vertex 17.976344103943433 -14.624000299307088 -6
      vertex 18 -15 6
      vertex 17.976344103943433 -14.624000299307088 6
    endloop
  endfacet
  facet normal -0.6845471059286903 -0.72896862742141 0
    outer loop
      vertex 16.91227196924607 -12.688460271672632 -6
      vertex 17.186905882264234 -12.946358682213933 6
      vertex 16.91227196924607 -12.688460271672632 6
    endloop
  endfacet
  facet normal -0.7705132427757877 -0.6374239897486915 0
    outer loop
      vertex 17.186905882264234 -12.946358682213933 -6
      vertex 17.427050983124843 -13.23664424312258 6
      vertex 17.186905882264234 -12.946358682213933 6
    endloop
  endfacet
  facet normal -0.8443279255020177 -0.5358267949789924 0
    outer loop
      vertex 17.427050983124843 -13.23664424312258 -6
      vertex 17.62892004013159 -13.554738977694853 6
      vertex 17.427050983124843 -13.23664424312258 6
    endloop
  endfacet
  facet normal -0.9510565162951522 -0.30901699437495106 0
    outer loop
      vertex 17.789329457664753 -13.895626341945967 -6
      vertex 17.905749483385893 -14.253930338505436 6
      vertex 17.789329457664753 -13.895626341945967 6
    endloop
  endfacet
  facet normal -0.9048270524660202 -0.4257792915650707 0
    outer loop
      vertex 17.62892004013159 -13.554738977694853 -6
      vertex 17.789329457664753 -13.895626341945967 6
      vertex 17.62892004013159 -13.554738977694853 6
    endloop
  endfacet
  facet normal 0.7705132427757877 0.6374239897486915 0
    outer loop
      vertex 12.813094117735766 12.946358682213933 -6
      vertex 12.572949016875157 13.23664424312258 -6
      vertex 12.572949016875157 13.23664424312258 6
    endloop
  endfacet
  facet normal 0.9048270524660185 0.4257792915650746 0
    outer loop
      vertex 12.37107995986841 13.554738977694853 -6
      vertex 12.210670542335246 13.895626341945967 -6
      vertex 12.210670542335246 13.895626341945967 6
    endloop
  endfacet
  facet normal 0.8443279255020177 0.5358267949789924 0
    outer loop
      vertex 12.572949016875157 13.23664424312258 -6
      vertex 12.37107995986841 13.554738977694853 -6
      vertex 12.37107995986841 13.554738977694853 6
    endloop
  endfacet
  facet normal 0.5877852522924724 0.8090169943749479 0
    outer loop
      vertex 13.087728030753931 12.688460271672632 -6
      vertex 13.087728030753931 12.688460271672632 6
      vertex 13.39251961506301 12.467016223493955 -6
    endloop
  endfacet
  facet normal 0.48175367410171416 0.8763066800438643 0
    outer loop
      vertex 13.39251961506301 12.467016223493955 -6
      vertex 13.39251961506301 12.467016223493955 6
      vertex 13.722662125304783 12.285518842601942 -6
    endloop
  endfacet
  facet normal 0.3681245526846793 0.9297764858882508 0
    outer loop
      vertex 13.722662125304783 12.285518842601942 -6
      vertex 13.722662125304783 12.285518842601942 6
      vertex 14.072949016875159 12.146830451114539 -6
    endloop
  endfacet
  facet normal 0.6845471059286878 0.7289686274214121 0
    outer loop
      vertex 13.087728030753931 12.688460271672632 -6
      vertex 12.813094117735766 12.946358682213933 -6
      vertex 12.813094117735766 12.946358682213933 6
    endloop
  endfacet
  facet normal 0.9510565162951538 0.30901699437494684 0
    outer loop
      vertex 12.210670542335246 13.895626341945967 -6
      vertex 12.094250516614107 14.253930338505436 -6
      vertex 12.094250516614107 14.253930338505436 6
    endloop
  endfacet
  facet normal 0.9822872507286892 0.18738131458572235 0
    outer loop
      vertex 12.094250516614107 14.253930338505436 -6
      vertex 12.023655896056567 14.624000299307088 -6
      vertex 12.023655896056567 14.624000299307088 6
    endloop
  endfacet
  facet normal 0.9980267284282716 0.06279051952931582 0
    outer loop
      vertex 12.023655896056567 14.624000299307088 -6
      vertex 12 15 -6
      vertex 12 15 6
    endloop
  endfacet
  facet normal 0.9980267284282716 -0.06279051952931582 0
    outer loop
      vertex 12 15 -6
      vertex 12.023655896056567 15.375999700692912 -6
      vertex 12.023655896056567 15.375999700692912 6
    endloop
  endfacet
  facet normal 0.9822872507286892 -0.18738131458572235 0
    outer loop
      vertex 12.023655896056567 15.375999700692912 -6
      vertex 12.094250516614107 15.746069661494564 -6
      vertex 12.094250516614107 15.746069661494564 6
    endloop
  endfacet
  facet normal 0.9510565162951538 -0.30901699437494684 0
    outer loop
      vertex 12.094250516614107 15.746069661494564 -6
      vertex 12.210670542335246 16.104373658054033 -6
      vertex 12.210670542335246 16.104373658054033 6
    endloop
  endfacet
  facet normal 0.9048270524660185 -0.4257792915650746 0
    outer loop
      vertex 12.210670542335246 16.104373658054033 -6
      vertex 12.37107995986841 16.445261022305147 -6
      vertex 12.37107995986841 16.445261022305147 6
    endloop
  endfacet
  facet normal 0.8443279255020177 -0.5358267949789924 0
    outer loop
      vertex 12.37107995986841 16.445261022305147 -6
      vertex 12.572949016875157 16.76335575687742 -6
      vertex 12.572949016875157 16.76335575687742 6
    endloop
  endfacet
  facet normal 0.24868988716485627 0.9685831611286307 0
    outer loop
      vertex 14.072949016875159 12.146830451114539 -6
      vertex 14.072949016875159 12.146830451114539 6
      vertex 14.437856056242826 12.053138247813934 -6
    endloop
  endfacet
  facet normal 0.12533323356430526 0.9921147013144777 0
    outer loop
      vertex 14.437856056242826 12.053138247813934 -6
      vertex 14.437856056242826 12.053138247813934 6
      vertex 14.811628441412058 12.005919814715185 -6
    endloop
  endfacet
  facet normal 0 1 0
    outer loop
      vertex 14.811628441412058 12.005919814715185 -6
      vertex 14.811628441412058 12.005919814715185 6
      vertex 15.188371558587942 12.005919814715185 -6
    endloop
  endfacet
  facet normal -0.12533323356430526 0.9921147013144777 0
    outer loop
      vertex 15.188371558587942 12.005919814715185 -6
      vertex 15.188371558587942 12.005919814715185 6
      vertex 15.562143943757174 12.053138247813934 -6
    endloop
  endfacet
  facet normal -0.24868988716485627 0.9685831611286307 0
    outer loop
      vertex 15.562143943757174 12.053138247813934 -6
      vertex 15.562143943757174 12.053138247813934 6
      vertex 15.927050983124841 12.146830451114539 -6
    endloop
  endfacet
  facet normal -0.3681245526846793 0.9297764858882508 0
    outer loop
      vertex 15.927050983124841 12.146830451114539 -6
      vertex 15.927050983124841 12.146830451114539 6
      vertex 16.277337874695217 12.285518842601942 -6
    endloop
  endfacet
  facet normal -0.4817536741017126 0.8763066800438651 0
    outer loop
      vertex 16.277337874695217 12.285518842601942 -6
      vertex 16.277337874695217 12.285518842601942 6
      vertex 16.607480384936988 12.467016223493953 -6
    endloop
  endfacet
  facet normal -0.5877852522924709 0.809016994374949 0
    outer loop
      vertex 16.607480384936988 12.467016223493953 -6
      vertex 16.607480384936988 12.467016223493953 6
      vertex 16.91227196924607 12.688460271672632 -6
    endloop
  endfacet
  facet normal 0.7705132427757877 -0.6374239897486915 0
    outer loop
      vertex 12.572949016875157 16.76335575687742 -6
      vertex 12.813094117735766 17.053641317786067 -6
      vertex 12.813094117735766 17.053641317786067 6
    endloop
  endfacet
  facet normal 0.6845471059286878 -0.7289686274214121 0
    outer loop
      vertex 13.087728030753931 17.311539728327368 -6
      vertex 13.087728030753931 17.311539728327368 6
      vertex 12.813094117735766 17.053641317786067 -6
    endloop
  endfacet
  facet normal 0.5877852522924693 -0.8090169943749502 0
    outer loop
      vertex 13.39251961506301 17.532983776506043 -6
      vertex 13.39251961506301 17.532983776506043 6
      vertex 13.087728030753931 17.311539728327368 -6
    endloop
  endfacet
  facet normal 0.4817536741017198 -0.8763066800438613 0
    outer loop
      vertex 13.722662125304781 17.71448115739806 -6
      vertex 13.722662125304781 17.71448115739806 6
      vertex 13.39251961506301 17.532983776506043 -6
    endloop
  endfacet
  facet normal 0.36812455268467775 -0.9297764858882515 0
    outer loop
      vertex 14.072949016875159 17.85316954888546 -6
      vertex 14.072949016875159 17.85316954888546 6
      vertex 13.722662125304781 17.71448115739806 -6
    endloop
  endfacet
  facet normal 0.24868988716485627 -0.9685831611286307 0
    outer loop
      vertex 14.437856056242826 17.946861752186066 -6
      vertex 14.437856056242826 17.946861752186066 6
      vertex 14.072949016875159 17.85316954888546 -6
    endloop
  endfacet
  facet normal 0.12533323356430467 -0.9921147013144777 0
    outer loop
      vertex 14.81162844141206 17.994080185284815 -6
      vertex 14.81162844141206 17.994080185284815 6
      vertex 14.437856056242826 17.946861752186066 -6
    endloop
  endfacet
  facet normal 0 -1 0
    outer loop
      vertex 15.18837155858794 17.994080185284815 -6
      vertex 15.18837155858794 17.994080185284815 6
      vertex 14.81162844141206 17.994080185284815 -6
    endloop
  endfacet
  facet normal -0.12533323356430467 -0.9921147013144777 0
    outer loop
      vertex 15.562143943757174 17.946861752186066 -6
      vertex 15.562143943757174 17.946861752186066 6
      vertex 15.18837155858794 17.994080185284815 -6
    endloop
  endfacet
  facet normal -0.24868988716485627 -0.9685831611286307 0
    outer loop
      vertex 15.927050983124841 17.85316954888546 -6
      vertex 15.927050983124841 17.85316954888546 6
      vertex 15.562143943757174 17.946861752186066 -6
    endloop
  endfacet
  facet normal -0.3681245526846793 -0.9297764858882508 0
    outer loop
      vertex 16.277337874695217 17.71448115739806 -6
      vertex 16.277337874695217 17.71448115739806 6
      vertex 15.927050983124841 17.85316954888546 -6
    endloop
  endfacet
  facet normal -0.5877852522924693 -0.8090169943749502 0
    outer loop
      vertex 16.91227196924607 17.311539728327368 -6
      vertex 16.91227196924607 17.311539728327368 6
      vertex 16.60748038493699 17.532983776506043 -6
    endloop
  endfacet
  facet normal -0.48175367410171577 -0.8763066800438633 0
    outer loop
      vertex 16.60748038493699 17.532983776506043 -6
      vertex 16.60748038493699 17.532983776506043 6
      vertex 16.277337874695217 17.71448115739806 -6
    endloop
  endfacet
  facet normal -0.6845471059286903 0.72896862742141 0
    outer loop
      vertex 16.91227196924607 12.688460271672632 -6
      vertex 16.91227196924607 12.688460271672632 6
      vertex 17.186905882264234 12.946358682213933 -6
    endloop
  endfacet
  facet normal -0.7705132427757877 0.6374239897486915 0
    outer loop
      vertex 17.186905882264234 12.946358682213933 -6
      vertex 17.186905882264234 12.946358682213933 6
      vertex 17.427050983124843 13.23664424312258 -6
    endloop
  endfacet
  facet normal -0.8443279255020177 0.5358267949789924 0
    outer loop
      vertex 17.62892004013159 13.554738977694853 -6
      vertex 17.427050983124843 13.23664424312258 -6
      vertex 17.427050983124843 13.23664424312258 6
    endloop
  endfacet
  facet normal -0.9048270524660197 0.4257792915650726 0
    outer loop
      vertex 17.789329457664753 13.895626341945965 -6
      vertex 17.62892004013159 13.554738977694853 -6
      vertex 17.62892004013159 13.554738977694853 6
    endloop
  endfacet
  facet normal -0.9510565162951532 0.30901699437494834 0
    outer loop
      vertex 17.905749483385893 14.253930338505437 -6
      vertex 17.789329457664753 13.895626341945965 -6
      vertex 17.789329457664753 13.895626341945965 6
    endloop
  endfacet
  facet normal -0.9822872507286888 0.1873813145857232 0
    outer loop
      vertex 17.976344103943433 14.624000299307088 -6
      vertex 17.905749483385893 14.253930338505437 -6
      vertex 17.905749483385893 14.253930338505437 6
    endloop
  endfacet
  facet normal -0.9980267284282716 0.06279051952931582 0
    outer loop
      vertex 18 15 -6
      vertex 17.976344103943433 14.624000299307088 -6
      vertex 17.976344103943433 14.624000299307088 6
    endloop
  endfacet
  facet normal -0.9980267284282716 -0.06279051952931582 0
    outer loop
      vertex 17.976344103943433 15.375999700692912 -6
      vertex 18 15 -6
      vertex 18 15 6
    endloop
  endfacet
  facet normal -0.7705132427757877 -0.6374239897486915 0
    outer loop
      vertex 17.186905882264234 17.053641317786067 -6
      vertex 17.427050983124843 16.76335575687742 -6
      vertex 17.427050983124843 16.76335575687742 6
    endloop
  endfacet
  facet normal -0.8443279255020177 -0.5358267949789924 0
    outer loop
      vertex 17.427050983124843 16.76335575687742 -6
      vertex 17.62892004013159 16.445261022305147 -6
      vertex 17.62892004013159 16.445261022305147 6
    endloop
  endfacet
  facet normal -0.9510565162951522 -0.30901699437495106 0
    outer loop
      vertex 17.789329457664753 16.104373658054033 -6
      vertex 17.905749483385893 15.746069661494564 -6
      vertex 17.905749483385893 15.746069661494564 6
    endloop
  endfacet
  facet normal -0.9822872507286892 -0.18738131458572235 0
    outer loop
      vertex 17.905749483385893 15.746069661494564 -6
      vertex 17.976344103943433 15.375999700692912 -6
      vertex 17.976344103943433 15.375999700692912 6
    endloop
  endfacet
  facet normal -0.9048270524660202 -0.4257792915650707 0
    outer loop
      vertex 17.62892004013159 16.445261022305147 -6
      vertex 17.789329457664753 16.104373658054033 -6
      vertex 17.789329457664753 16.104373658054033 6
    endloop
  endfacet
  facet normal -0.6845471059286903 -0.72896862742141 0
    outer loop
      vertex 16.91227196924607 17.311539728327368 -6
      vertex 17.186905882264234 17.053641317786067 -6
      vertex 17.186905882264234 17.053641317786067 6
    endloop
  endfacet
  facet normal 0.8443279255020177 0.5358267949789924 0
    outer loop
      vertex 12.572949016875157 13.23664424312258 -6
      vertex 12.37107995986841 13.554738977694853 6
      vertex 12.572949016875157 13.23664424312258 6
    endloop
  endfacet
  facet normal 0.9510565162951538 0.30901699437494684 0
    outer loop
      vertex 12.210670542335246 13.895626341945967 -6
      vertex 12.094250516614107 14.253930338505436 6
      vertex 12.210670542335246 13.895626341945967 6
    endloop
  endfacet
  facet normal 0.9048270524660185 0.4257792915650746 0
    outer loop
      vertex 12.37107995986841 13.554738977694853 -6
      vertex 12.210670542335246 13.895626341945967 6
      vertex 12.37107995986841 13.554738977694853 6
    endloop
  endfacet
  facet normal 0.5877852522924724 0.8090169943749479 0
    outer loop
      vertex 13.39251961506301 12.467016223493955 -6
      vertex 13.087728030753931 12.688460271672632 6
      vertex 13.39251961506301 12.467016223493955 6
    endloop
  endfacet
  facet normal 0.48175367410171416 0.8763066800438643 0
    outer loop
      vertex 13.722662125304783 12.285518842601942 -6
      vertex 13.39251961506301 12.467016223493955 6
      vertex 13.722662125304783 12.285518842601942 6
    endloop
  endfacet
  facet normal 0.3681245526846793 0.9297764858882508 0
    outer loop
      vertex 14.072949016875159 12.146830451114539 -6
      vertex 13.722662125304783 12.285518842601942 6
      vertex 14.072949016875159 12.146830451114539 6
    endloop
  endfacet
  facet normal 0.6845471059286878 0.7289686274214121 0
    outer loop
      vertex 13.087728030753931 12.688460271672632 -6
      vertex 12.813094117735766 12.946358682213933 6
      vertex 13.087728030753931 12.688460271672632 6
    endloop
  endfacet
  facet normal 0.7705132427757877 0.6374239897486915 0
    outer loop
      vertex 12.813094117735766 12.946358682213933 -6
      vertex 12.572949016875157 13.23664424312258 6
      vertex 12.813094117735766 12.946358682213933 6
    endloop
  endfacet
  facet normal 0.9822872507286892 0.18738131458572235 0
    outer loop
      vertex 12.094250516614107 14.253930338505436 -6
      vertex 12.023655896056567 14.624000299307088 6
      vertex 12.094250516614107 14.253930338505436 6
    endloop
  endfacet
  facet normal 0.9980267284282716 0.06279051952931582 0
    outer loop
      vertex 12.023655896056567 14.624000299307088 -6
      vertex 12 15 6
      vertex 12.023655896056567 14.624000299307088 6
    endloop
  endfacet
  facet normal 0.9980267284282716 -0.06279051952931582 0
    outer loop
      vertex 12 15 -6
      vertex 12.023655896056567 15.375999700692912 6
      vertex 12 15 6
    endloop
  endfacet
  facet normal 0.9822872507286892 -0.18738131458572235 0
    outer loop
      vertex 12.023655896056567 15.375999700692912 -6
      vertex 12.094250516614107 15.746069661494564 6
      vertex 12.023655896056567 15.375999700692912 6
    endloop
  endfacet
  facet normal 0.9510565162951538 -0.30901699437494684 0
    outer loop
      vertex 12.094250516614107 15.746069661494564 -6
      vertex 12.210670542335246 16.104373658054033 6
      vertex 12.094250516614107 15.746069661494564 6
    endloop
  endfacet
  facet normal 0.9048270524660185 -0.4257792915650746 0
    outer loop
      vertex 12.210670542335246 16.104373658054033 -6
      vertex 12.37107995986841 16.445261022305147 6
      vertex 12.210670542335246 16.104373658054033 6
    endloop
  endfacet
  facet normal 0.8443279255020177 -0.5358267949789924 0
    outer loop
      vertex 12.37107995986841 16.445261022305147 -6
      vertex 12.572949016875157 16.76335575687742 6
      vertex 12.37107995986841 16.445261022305147 6
    endloop
  endfacet
  facet normal 0.7705132427757877 -0.6374239897486915 0
    outer loop
      vertex 12.572949016875157 16.76335575687742 -6
      vertex 12.813094117735766 17.053641317786067 6
      vertex 12.572949016875157 16.76335575687742 6
    endloop
  endfacet
  facet normal 0.24868988716485627 0.9685831611286307 0
    outer loop
      vertex 14.437856056242826 12.053138247813934 -6
      vertex 14.072949016875159 12.146830451114539 6
      vertex 14.437856056242826 12.053138247813934 6
    endloop
  endfacet
  facet normal 0.12533323356430526 0.9921147013144777 0
    outer loop
      vertex 14.811628441412058 12.005919814715185 -6
      vertex 14.437856056242826 12.053138247813934 6
      vertex 14.811628441412058 12.005919814715185 6
    endloop
  endfacet
  facet normal 0 1 0
    outer loop
      vertex 15.188371558587942 12.005919814715185 -6
      vertex 14.811628441412058 12.005919814715185 6
      vertex 15.188371558587942 12.005919814715185 6
    endloop
  endfacet
  facet normal -0.12533323356430526 0.9921147013144777 0
    outer loop
      vertex 15.562143943757174 12.053138247813934 -6
      vertex 15.188371558587942 12.005919814715185 6
      vertex 15.562143943757174 12.053138247813934 6
    endloop
  endfacet
  facet normal -0.24868988716485627 0.9685831611286307 0
    outer loop
      vertex 15.927050983124841 12.146830451114539 -6
      vertex 15.562143943757174 12.053138247813934 6
      vertex 15.927050983124841 12.146830451114539 6
    endloop
  endfacet
  facet normal -0.3681245526846793 0.9297764858882508 0
    outer loop
      vertex 16.277337874695217 12.285518842601942 -6
      vertex 15.927050983124841 12.146830451114539 6
      vertex 16.277337874695217 12.285518842601942 6
    endloop
  endfacet
  facet normal -0.4817536741017126 0.8763066800438651 0
    outer loop
      vertex 16.607480384936988 12.467016223493953 -6
      vertex 16.277337874695217 12.285518842601942 6
      vertex 16.607480384936988 12.467016223493953 6
    endloop
  endfacet
  facet normal -0.5877852522924709 0.809016994374949 0
    outer loop
      vertex 16.91227196924607 12.688460271672632 -6
      vertex 16.607480384936988 12.467016223493953 6
      vertex 16.91227196924607 12.688460271672632 6
    endloop
  endfacet
  facet normal 0.6845471059286878 -0.7289686274214121 0
    outer loop
      vertex 12.813094117735766 17.053641317786067 -6
      vertex 13.087728030753931 17.311539728327368 6
      vertex 12.813094117735766 17.053641317786067 6
    endloop
  endfacet
  facet normal 0.5877852522924693 -0.8090169943749502 0
    outer loop
      vertex 13.087728030753931 17.311539728327368 -6
      vertex 13.39251961506301 17.532983776506043 6
      vertex 13.087728030753931 17.311539728327368 6
    endloop
  endfacet
  facet normal 0.4817536741017198 -0.8763066800438613 0
    outer loop
      vertex 13.39251961506301 17.532983776506043 -6
      vertex 13.722662125304781 17.71448115739806 6
      vertex 13.39251961506301 17.532983776506043 6
    endloop
  endfacet
  facet normal 0.36812455268467775 -0.9297764858882515 0
    outer loop
      vertex 13.722662125304781 17.71448115739806 -6
      vertex 14.072949016875159 17.85316954888546 6
      vertex 13.722662125304781 17.71448115739806 6
    endloop
  endfacet
  facet normal 0.24868988716485627 -0.9685831611286307 0
    outer loop
      vertex 14.072949016875159 17.85316954888546 -6
      vertex 14.437856056242826 17.946861752186066 6
      vertex 14.072949016875159 17.85316954888546 6
    endloop
  endfacet
  facet normal 0.12533323356430467 -0.9921147013144777 0
    outer loop
      vertex 14.437856056242826 17.946861752186066 -6
      vertex 14.81162844141206 17.994080185284815 6
      vertex 14.437856056242826 17.946861752186066 6
    endloop
  endfacet
  facet normal 0 -1 0
    outer loop
      vertex 14.81162844141206 17.994080185284815 -6
      vertex 15.18837155858794 17.994080185284815 6
      vertex 14.81162844141206 17.994080185284815 6
    endloop
  endfacet
  facet normal -0.12533323356430467 -0.9921147013144777 0
    outer loop
      vertex 15.18837155858794 17.994080185284815 -6
      vertex 15.562143943757174 17.946861752186066 6
      vertex 15.18837155858794 17.994080185284815 6
    endloop
  endfacet
  facet normal -0.24868988716485627 -0.9685831611286307 0
    outer loop
      vertex 15.562143943757174 17.946861752186066 -6
      vertex 15.927050983124841 17.85316954888546 6
      vertex 15.562143943757174 17.946861752186066 6
    endloop
  endfacet
  facet normal -0.3681245526846793 -0.9297764858882508 0
    outer loop
      vertex 15.927050983124841 17.85316954888546 -6
      vertex 16.277337874695217 17.71448115739806 6
      vertex 15.927050983124841 17.85316954888546 6
    endloop
  endfacet
  facet normal -0.5877852522924693 -0.8090169943749502 0
    outer loop
      vertex 16.60748038493699 17.532983776506043 -6
      vertex 16.91227196924607 17.311539728327368 6
      vertex 16.60748038493699 17.532983776506043 6
    endloop
  endfacet
  facet normal -0.48175367410171577 -0.8763066800438633 0
    outer loop
      vertex 16.277337874695217 17.71448115739806 -6
      vertex 16.60748038493699 17.532983776506043 6
      vertex 16.277337874695217 17.71448115739806 6
    endloop
  endfacet
  facet normal -0.6845471059286903 0.72896862742141 0
    outer loop
      vertex 17.186905882264234 12.946358682213933 -6
      vertex 16.91227196924607 12.688460271672632 6
      vertex 17.186905882264234 12.946358682213933 6
    endloop
  endfacet
  facet normal -0.7705132427757877 0.6374239897486915 0
    outer loop
      vertex 17.427050983124843 13.23664424312258 -6
      vertex 17.186905882264234 12.946358682213933 6
      vertex 17.427050983124843 13.23664424312258 6
    endloop
  endfacet
  facet normal -0.8443279255020177 0.5358267949789924 0
    outer loop
      vertex 17.62892004013159 13.554738977694853 -6
      vertex 17.427050983124843 13.23664424312258 6
      vertex 17.62892004013159 13.554738977694853 6
    endloop
  endfacet
  facet normal -0.9048270524660197 0.4257792915650726 0
    outer loop
      vertex 17.789329457664753 13.895626341945965 -6
      vertex 17.62892004013159 13.554738977694853 6
      vertex 17.789329457664753 13.895626341945965 6
    endloop
  endfacet
  facet normal -0.9510565162951532 0.30901699437494834 0
    outer loop
      vertex 17.905749483385893 14.253930338505437 -6
      vertex 17.789329457664753 13.895626341945965 6
      vertex 17.905749483385893 14.253930338505437 6
    endloop
  endfacet
  facet normal -0.9822872507286888 0.1873813145857232 0
    outer loop
      vertex 17.976344103943433 14.624000299307088 -6
      vertex 17.905749483385893 14.253930338505437 6
      vertex 17.976344103943433 14.624000299307088 6
    endloop
  endfacet
  facet normal -0.9980267284282716 0.06279051952931582 0
    outer loop
      vertex 18 15 -6
      vertex 17.976344103943433 14.624000299307088 6
      vertex 18 15 6
    endloop
  endfacet
  facet normal -0.9980267284282716 -0.06279051952931582 0
    outer loop
      vertex 17.976344103943433 15.375999700692912 -6
      vertex 18 15 6
      vertex 17.976344103943433 15.375999700692912 6
    endloop
  endfacet
  facet normal -0.8443279255020177 -0.5358267949789924 0
    outer loop
      vertex 17.427050983124843 16.76335575687742 -6
      vertex 17.62892004013159 16.445261022305147 6
      vertex 17.427050983124843 16.76335575687742 6
    endloop
  endfacet
  facet normal -0.9822872507286892 -0.18738131458572235 0
    outer loop
      vertex 17.905749483385893 15.746069661494564 -6
      vertex 17.976344103943433 15.375999700692912 6
      vertex 17.905749483385893 15.746069661494564 6
    endloop
  endfacet
  facet normal -0.9510565162951522 -0.30901699437495106 0
    outer loop
      vertex 17.789329457664753 16.104373658054033 -6
      vertex 17.905749483385893 15.746069661494564 6
      vertex 17.789329457664753 16.104373658054033 6
    endloop
  endfacet
  facet normal -0.9048270524660202 -0.4257792915650707 0
    outer loop
      vertex 17.62892004013159 16.445261022305147 -6
      vertex 17.789329457664753 16.104373658054033 6
      vertex 17.62892004013159 16.445261022305147 6
    endloop
  endfacet
  facet normal -0.6845471059286903 -0.72896862742141 0
    outer loop
      vertex 16.91227196924607 17.311539728327368 -6
      vertex 17.186905882264234 17.053641317786067 6
      vertex 16.91227196924607 17.311539728327368 6
    endloop
  endfacet
  facet normal -0.7705132427757877 -0.6374239897486915 0
    outer loop
      vertex 17.186905882264234 17.053641317786067 -6
      vertex 17.427050983124843 16.76335575687742 6
      vertex 17.186905882264234 17.053641317786067 6
    endloop
  endfacet
  facet normal 0.9822872507286886 0.18738131458572463 0
    outer loop
      vertex 12.618924716845253 -0.3007997605543297 -3
      vertex 12.675400413291285 -0.5968557291956517 -6
      vertex 12.618924716845253 -0.3007997605543297 -6
    endloop
  endfacet
  facet normal 0.9980267284282714 0.0627905195293146 0
    outer loop
      vertex 12.6 0 -3
      vertex 12.618924716845253 -0.3007997605543297 -6
      vertex 12.6 0 -6
    endloop
  endfacet
  facet normal 0.7705132427757866 0.637423989748693 0
    outer loop
      vertex 13.058359213500125 -1.4106846055019355 -3
      vertex 13.250475294188613 -1.6429130542288524 -6
      vertex 13.058359213500125 -1.4106846055019355 -6
    endloop
  endfacet
  facet normal 0.48175367410171505 0.8763066800438638 0
    outer loop
      vertex 13.978129700243827 -2.171584925918447 -3
      vertex 13.978129700243827 -2.171584925918447 -6
      vertex 13.714015692050408 -2.026387021204836 -6
    endloop
  endfacet
  facet normal 0.6845471059286904 0.72896862742141 0
    outer loop
      vertex 13.470182424603145 -1.8492317826618945 -3
      vertex 13.470182424603145 -1.8492317826618945 -6
      vertex 13.250475294188613 -1.6429130542288524 -6
    endloop
  endfacet
  facet normal 0.5877852522924724 0.809016994374948 0
    outer loop
      vertex 13.714015692050408 -2.026387021204836 -3
      vertex 13.714015692050408 -2.026387021204836 -6
      vertex 13.470182424603145 -1.8492317826618945 -6
    endloop
  endfacet
  facet normal 0.8443279255020165 0.5358267949789943 0
    outer loop
      vertex 12.896863967894728 -1.1562088178441168 -3
      vertex 13.058359213500125 -1.4106846055019355 -6
      vertex 12.896863967894728 -1.1562088178441168 -6
    endloop
  endfacet
  facet normal 0.9048270524660181 0.4257792915650754 0
    outer loop
      vertex 12.768536433868196 -0.8834989264432268 -3
      vertex 12.896863967894728 -1.1562088178441168 -6
      vertex 12.768536433868196 -0.8834989264432268 -6
    endloop
  endfacet
  facet normal 0.9510565162951544 0.3090169943749448 0
    outer loop
      vertex 12.675400413291285 -0.5968557291956517 -3
      vertex 12.768536433868196 -0.8834989264432268 -6
      vertex 12.675400413291285 -0.5968557291956517 -6
    endloop
  endfacet
  facet normal 0.36812455268467725 0.9297764858882517 0
    outer loop
      vertex 14.258359213500126 -2.282535639108368 -3
      vertex 14.258359213500126 -2.282535639108368 -6
      vertex 13.978129700243827 -2.171584925918447 -6
    endloop
  endfacet
  facet normal 0.24868988716485543 0.968583161128631 0
    outer loop
      vertex 14.55028484499426 -2.3574894017488526 -3
      vertex 14.55028484499426 -2.3574894017488526 -6
      vertex 14.258359213500126 -2.282535639108368 -6
    endloop
  endfacet
  facet normal 0.12533323356430556 0.9921147013144777 0
    outer loop
      vertex 14.849302753129647 -2.395264148227852 -3
      vertex 14.849302753129647 -2.395264148227852 -6
      vertex 14.55028484499426 -2.3574894017488526 -6
    endloop
  endfacet
  facet normal 0 1 0
    outer loop
      vertex 15.150697246870353 -2.395264148227852 -3
      vertex 15.150697246870353 -2.395264148227852 -6
      vertex 14.849302753129647 -2.395264148227852 -6
    endloop
  endfacet
  facet normal -0.12533323356430556 0.9921147013144777 0
    outer loop
      vertex 15.44971515500574 -2.3574894017488526 -3
      vertex 15.44971515500574 -2.3574894017488526 -6
      vertex 15.150697246870353 -2.395264148227852 -6
    endloop
  endfacet
  facet normal -0.24868988716485543 0.968583161128631 0
    outer loop
      vertex 15.741640786499874 -2.282535639108368 -3
      vertex 15.741640786499874 -2.282535639108368 -6
      vertex 15.44971515500574 -2.3574894017488526 -6
    endloop
  endfacet
  facet normal -0.36812455268467725 0.9297764858882517 0
    outer loop
      vertex 16.021870299756173 -2.171584925918447 -3
      vertex 16.021870299756173 -2.171584925918447 -6
      vertex 15.741640786499874 -2.282535639108368 -6
    endloop
  endfacet
  facet normal -0.48175367410171527 0.8763066800438636 0
    outer loop
      vertex 16.28598430794959 -2.0263870212048367 -3
      vertex 16.28598430794959 -2.0263870212048367 -6
      vertex 16.021870299756173 -2.171584925918447 -6
    endloop
  endfacet
  facet normal -0.5877852522924734 0.8090169943749472 0
    outer loop
      vertex 16.529817575396855 -1.8492317826618936 -3
      vertex 16.529817575396855 -1.8492317826618936 -6
      vertex 16.28598430794959 -2.0263870212048367 -6
    endloop
  endfacet
  facet normal -0.6845471059286858 0.7289686274214141 0
    outer loop
      vertex 16.74952470581139 -1.6429130542288524 -3
      vertex 16.74952470581139 -1.6429130542288524 -6
      vertex 16.529817575396855 -1.8492317826618936 -6
    endloop
  endfacet
  facet normal -0.7705132427757895 0.6374239897486894 0
    outer loop
      vertex 16.74952470581139 -1.6429130542288524 -3
      vertex 16.941640786499875 -1.4106846055019355 -6
      vertex 16.74952470581139 -1.6429130542288524 -6
    endloop
  endfacet
  facet normal 0.9980267284282714 0.0627905195293146 0
    outer loop
      vertex 12.618924716845253 -0.3007997605543297 -3
      vertex 12.618924716845253 -0.3007997605543297 -6
      vertex 12.6 0 -3
    endloop
  endfacet
  facet normal 0.6845471059286904 0.72896862742141 0
    outer loop
      vertex 13.470182424603145 -1.8492317826618945 -3
      vertex 13.250475294188613 -1.6429130542288524 -6
      vertex 13.250475294188613 -1.6429130542288524 -3
    endloop
  endfacet
  facet normal 0.7705132427757866 0.637423989748693 0
    outer loop
      vertex 13.058359213500125 -1.4106846055019355 -3
      vertex 13.250475294188613 -1.6429130542288524 -3
      vertex 13.250475294188613 -1.6429130542288524 -6
    endloop
  endfacet
  facet normal 0.5877852522924724 0.809016994374948 0
    outer loop
      vertex 13.470182424603145 -1.8492317826618945 -3
      vertex 13.714015692050408 -2.026387021204836 -3
      vertex 13.470182424603145 -1.8492317826618945 -6
    endloop
  endfacet
  facet normal 0.48175367410171505 0.8763066800438638 0
    outer loop
      vertex 13.714015692050408 -2.026387021204836 -3
      vertex 13.978129700243827 -2.171584925918447 -3
      vertex 13.714015692050408 -2.026387021204836 -6
    endloop
  endfacet
  facet normal 0.8443279255020165 0.5358267949789943 0
    outer loop
      vertex 12.896863967894728 -1.1562088178441168 -3
      vertex 13.058359213500125 -1.4106846055019355 -3
      vertex 13.058359213500125 -1.4106846055019355 -6
    endloop
  endfacet
  facet normal 0.9048270524660181 0.4257792915650754 0
    outer loop
      vertex 12.896863967894728 -1.1562088178441168 -3
      vertex 12.896863967894728 -1.1562088178441168 -6
      vertex 12.768536433868196 -0.8834989264432268 -3
    endloop
  endfacet
  facet normal 0.9510565162951544 0.3090169943749448 0
    outer loop
      vertex 12.768536433868196 -0.8834989264432268 -3
      vertex 12.768536433868196 -0.8834989264432268 -6
      vertex 12.675400413291285 -0.5968557291956517 -3
    endloop
  endfacet
  facet normal 0.9822872507286886 0.18738131458572463 0
    outer loop
      vertex 12.675400413291285 -0.5968557291956517 -3
      vertex 12.675400413291285 -0.5968557291956517 -6
      vertex 12.618924716845253 -0.3007997605543297 -3
    endloop
  endfacet
  facet normal 0.36812455268467725 0.9297764858882517 0
    outer loop
      vertex 14.258359213500126 -2.282535639108368 -3
      vertex 13.978129700243827 -2.171584925918447 -6
      vertex 13.978129700243827 -2.171584925918447 -3
    endloop
  endfacet
  facet normal 0.24868988716485543 0.968583161128631 0
    outer loop
      vertex 14.258359213500126 -2.282535639108368 -3
      vertex 14.55028484499426 -2.3574894017488526 -3
      vertex 14.258359213500126 -2.282535639108368 -6
    endloop
  endfacet
  facet normal 0.12533323356430556 0.9921147013144777 0
    outer loop
      vertex 14.55028484499426 -2.3574894017488526 -3
      vertex 14.849302753129647 -2.395264148227852 -3
      vertex 14.55028484499426 -2.3574894017488526 -6
    endloop
  endfacet
  facet normal 0 1 0
    outer loop
      vertex 14.849302753129647 -2.395264148227852 -3
      vertex 15.150697246870353 -2.395264148227852 -3
      vertex 14.849302753129647 -2.395264148227852 -6
    endloop
  endfacet
  facet normal -0.12533323356430556 0.9921147013144777 0
    outer loop
      vertex 15.150697246870353 -2.395264148227852 -3
      vertex 15.44971515500574 -2.3574894017488526 -3
      vertex 15.150697246870353 -2.395264148227852 -6
    endloop
  endfacet
  facet normal -0.24868988716485543 0.968583161128631 0
    outer loop
      vertex 15.44971515500574 -2.3574894017488526 -3
      vertex 15.741640786499874 -2.282535639108368 -3
      vertex 15.44971515500574 -2.3574894017488526 -6
    endloop
  endfacet
  facet normal -0.36812455268467725 0.9297764858882517 0
    outer loop
      vertex 15.741640786499874 -2.282535639108368 -3
      vertex 16.021870299756173 -2.171584925918447 -3
      vertex 15.741640786499874 -2.282535639108368 -6
    endloop
  endfacet
  facet normal -0.48175367410171527 0.8763066800438636 0
    outer loop
      vertex 16.021870299756173 -2.171584925918447 -3
      vertex 16.28598430794959 -2.0263870212048367 -3
      vertex 16.021870299756173 -2.171584925918447 -6
    endloop
  endfacet
  facet normal -0.5877852522924734 0.8090169943749472 0
    outer loop
      vertex 16.28598430794959 -2.0263870212048367 -3
      vertex 16.529817575396855 -1.8492317826618936 -3
      vertex 16.28598430794959 -2.0263870212048367 -6
    endloop
  endfacet
  facet normal -0.6845471059286858 0.7289686274214141 0
    outer loop
      vertex 16.529817575396855 -1.8492317826618936 -3
      vertex 16.74952470581139 -1.6429130542288524 -3
      vertex 16.529817575396855 -1.8492317826618936 -6
    endloop
  endfacet
  facet normal -0.8443279255020165 0.5358267949789943 0
    outer loop
      vertex 16.941640786499875 -1.4106846055019355 -3
      vertex 17.103136032105272 -1.1562088178441168 -6
      vertex 16.941640786499875 -1.4106846055019355 -6
    endloop
  endfacet
  facet normal -0.9048270524660175 0.42577929156507693 0
    outer loop
      vertex 17.103136032105272 -1.1562088178441168 -3
      vertex 17.231463566131804 -0.883498926443228 -6
      vertex 17.103136032105272 -1.1562088178441168 -6
    endloop
  endfacet
  facet normal -0.9510565162951551 0.3090169943749426 0
    outer loop
      vertex 17.231463566131804 -0.883498926443228 -3
      vertex 17.324599586708715 -0.5968557291956507 -6
      vertex 17.231463566131804 -0.883498926443228 -6
    endloop
  endfacet
  facet normal -0.9822872507286886 0.18738131458572524 0
    outer loop
      vertex 17.324599586708715 -0.5968557291956507 -3
      vertex 17.381075283154747 -0.3007997605543297 -6
      vertex 17.324599586708715 -0.5968557291956507 -6
    endloop
  endfacet
  facet normal -0.9980267284282719 0.06279051952930872 0
    outer loop
      vertex 17.381075283154747 -0.3007997605543297 -3
      vertex 17.4 0 -6
      vertex 17.381075283154747 -0.3007997605543297 -6
    endloop
  endfacet
  facet normal -0.7705132427757895 0.6374239897486894 0
    outer loop
      vertex 16.74952470581139 -1.6429130542288524 -3
      vertex 16.941640786499875 -1.4106846055019355 -3
      vertex 16.941640786499875 -1.4106846055019355 -6
    endloop
  endfacet
  facet normal -0.8443279255020165 0.5358267949789943 0
    outer loop
      vertex 16.941640786499875 -1.4106846055019355 -3
      vertex 17.103136032105272 -1.1562088178441168 -3
      vertex 17.103136032105272 -1.1562088178441168 -6
    endloop
  endfacet
  facet normal -0.9048270524660175 0.42577929156507693 0
    outer loop
      vertex 17.103136032105272 -1.1562088178441168 -3
      vertex 17.231463566131804 -0.883498926443228 -3
      vertex 17.231463566131804 -0.883498926443228 -6
    endloop
  endfacet
  facet normal -0.9510565162951551 0.3090169943749426 0
    outer loop
      vertex 17.231463566131804 -0.883498926443228 -3
      vertex 17.324599586708715 -0.5968557291956507 -3
      vertex 17.324599586708715 -0.5968557291956507 -6
    endloop
  endfacet
  facet normal -0.9822872507286886 0.18738131458572524 0
    outer loop
      vertex 17.324599586708715 -0.5968557291956507 -3
      vertex 17.381075283154747 -0.3007997605543297 -3
      vertex 17.381075283154747 -0.3007997605543297 -6
    endloop
  endfacet
  facet normal -0.9980267284282719 0.06279051952930872 0
    outer loop
      vertex 17.381075283154747 -0.3007997605543297 -3
      vertex 17.4 0 -3
      vertex 17.4 0 -6
    endloop
  endfacet
  facet normal 0.9980267284282714 -0.0627905195293146 0
    outer loop
      vertex 12.618924716845253 0.3007997605543297 -3
      vertex 12.6 0 -6
      vertex 12.618924716845253 0.3007997605543297 -6
    endloop
  endfacet
  facet normal 0.9822872507286886 -0.18738131458572463 0
    outer loop
      vertex 12.675400413291285 0.5968557291956517 -3
      vertex 12.618924716845253 0.3007997605543297 -6
      vertex 12.675400413291285 0.5968557291956517 -6
    endloop
  endfacet
  facet normal 0.9510565162951544 -0.3090169943749448 0
    outer loop
      vertex 12.768536433868196 0.8834989264432268 -3
      vertex 12.675400413291285 0.5968557291956517 -6
      vertex 12.768536433868196 0.8834989264432268 -6
    endloop
  endfacet
  facet normal 0.9048270524660181 -0.4257792915650754 0
    outer loop
      vertex 12.896863967894728 1.1562088178441168 -3
      vertex 12.768536433868196 0.8834989264432268 -6
      vertex 12.896863967894728 1.1562088178441168 -6
    endloop
  endfacet
  facet normal 0.8443279255020165 -0.5358267949789943 0
    outer loop
      vertex 13.058359213500125 1.4106846055019355 -3
      vertex 12.896863967894728 1.1562088178441168 -6
      vertex 13.058359213500125 1.4106846055019355 -6
    endloop
  endfacet
  facet normal 0.7705132427757866 -0.637423989748693 0
    outer loop
      vertex 13.250475294188613 1.6429130542288524 -3
      vertex 13.058359213500125 1.4106846055019355 -6
      vertex 13.250475294188613 1.6429130542288524 -6
    endloop
  endfacet
  facet normal 0.6845471059286904 -0.72896862742141 0
    outer loop
      vertex 13.250475294188613 1.6429130542288524 -3
      vertex 13.250475294188613 1.6429130542288524 -6
      vertex 13.470182424603145 1.8492317826618945 -6
    endloop
  endfacet
  facet normal 0.5877852522924724 -0.809016994374948 0
    outer loop
      vertex 13.470182424603145 1.8492317826618945 -3
      vertex 13.470182424603145 1.8492317826618945 -6
      vertex 13.714015692050408 2.026387021204836 -6
    endloop
  endfacet
  facet normal 0.4817536741017139 -0.8763066800438643 0
    outer loop
      vertex 13.714015692050408 2.026387021204836 -3
      vertex 13.714015692050408 2.026387021204836 -6
      vertex 13.978129700243827 2.1715849259184465 -6
    endloop
  endfacet
  facet normal 0.36812455268467853 -0.9297764858882512 0
    outer loop
      vertex 13.978129700243827 2.1715849259184465 -3
      vertex 13.978129700243827 2.1715849259184465 -6
      vertex 14.258359213500126 2.282535639108368 -6
    endloop
  endfacet
  facet normal 0.24868988716485682 -0.9685831611286305 0
    outer loop
      vertex 14.258359213500126 2.282535639108368 -3
      vertex 14.258359213500126 2.282535639108368 -6
      vertex 14.55028484499426 2.357489401748853 -6
    endloop
  endfacet
  facet normal 0.12533323356430412 -0.9921147013144779 0
    outer loop
      vertex 14.55028484499426 2.357489401748853 -3
      vertex 14.55028484499426 2.357489401748853 -6
      vertex 14.849302753129647 2.395264148227852 -6
    endloop
  endfacet
  facet normal 0 -1 0
    outer loop
      vertex 14.849302753129647 2.395264148227852 -3
      vertex 14.849302753129647 2.395264148227852 -6
      vertex 15.150697246870353 2.395264148227852 -6
    endloop
  endfacet
  facet normal -0.12533323356430412 -0.9921147013144779 0
    outer loop
      vertex 15.150697246870353 2.395264148227852 -3
      vertex 15.150697246870353 2.395264148227852 -6
      vertex 15.44971515500574 2.357489401748853 -6
    endloop
  endfacet
  facet normal -0.24868988716485682 -0.9685831611286305 0
    outer loop
      vertex 15.44971515500574 2.357489401748853 -3
      vertex 15.44971515500574 2.357489401748853 -6
      vertex 15.741640786499874 2.282535639108368 -6
    endloop
  endfacet
  facet normal -0.36812455268467853 -0.9297764858882512 0
    outer loop
      vertex 15.741640786499874 2.282535639108368 -3
      vertex 15.741640786499874 2.282535639108368 -6
      vertex 16.021870299756173 2.1715849259184465 -6
    endloop
  endfacet
  facet normal -0.48175367410171527 -0.8763066800438636 0
    outer loop
      vertex 16.021870299756173 2.1715849259184465 -3
      vertex 16.021870299756173 2.1715849259184465 -6
      vertex 16.28598430794959 2.0263870212048363 -6
    endloop
  endfacet
  facet normal -0.587785252292472 -0.8090169943749483 0
    outer loop
      vertex 16.28598430794959 2.0263870212048363 -3
      vertex 16.28598430794959 2.0263870212048363 -6
      vertex 16.529817575396855 1.8492317826618938 -6
    endloop
  endfacet
  facet normal -0.6845471059286855 -0.7289686274214146 0
    outer loop
      vertex 16.529817575396855 1.8492317826618938 -3
      vertex 16.529817575396855 1.8492317826618938 -6
      vertex 16.74952470581139 1.6429130542288528 -6
    endloop
  endfacet
  facet normal 0.9980267284282714 -0.0627905195293146 0
    outer loop
      vertex 12.6 0 -3
      vertex 12.6 0 -6
      vertex 12.618924716845253 0.3007997605543297 -3
    endloop
  endfacet
  facet normal 0.9822872507286886 -0.18738131458572463 0
    outer loop
      vertex 12.618924716845253 0.3007997605543297 -3
      vertex 12.618924716845253 0.3007997605543297 -6
      vertex 12.675400413291285 0.5968557291956517 -3
    endloop
  endfacet
  facet normal 0.9510565162951544 -0.3090169943749448 0
    outer loop
      vertex 12.675400413291285 0.5968557291956517 -3
      vertex 12.675400413291285 0.5968557291956517 -6
      vertex 12.768536433868196 0.8834989264432268 -3
    endloop
  endfacet
  facet normal 0.9048270524660181 -0.4257792915650754 0
    outer loop
      vertex 12.768536433868196 0.8834989264432268 -3
      vertex 12.768536433868196 0.8834989264432268 -6
      vertex 12.896863967894728 1.1562088178441168 -3
    endloop
  endfacet
  facet normal 0.8443279255020165 -0.5358267949789943 0
    outer loop
      vertex 12.896863967894728 1.1562088178441168 -3
      vertex 12.896863967894728 1.1562088178441168 -6
      vertex 13.058359213500125 1.4106846055019355 -3
    endloop
  endfacet
  facet normal 0.7705132427757866 -0.637423989748693 0
    outer loop
      vertex 13.058359213500125 1.4106846055019355 -3
      vertex 13.058359213500125 1.4106846055019355 -6
      vertex 13.250475294188613 1.6429130542288524 -3
    endloop
  endfacet
  facet normal 0.6845471059286904 -0.72896862742141 0
    outer loop
      vertex 13.250475294188613 1.6429130542288524 -3
      vertex 13.470182424603145 1.8492317826618945 -6
      vertex 13.470182424603145 1.8492317826618945 -3
    endloop
  endfacet
  facet normal 0.5877852522924724 -0.809016994374948 0
    outer loop
      vertex 13.470182424603145 1.8492317826618945 -3
      vertex 13.714015692050408 2.026387021204836 -6
      vertex 13.714015692050408 2.026387021204836 -3
    endloop
  endfacet
  facet normal 0.4817536741017139 -0.8763066800438643 0
    outer loop
      vertex 13.714015692050408 2.026387021204836 -3
      vertex 13.978129700243827 2.1715849259184465 -6
      vertex 13.978129700243827 2.1715849259184465 -3
    endloop
  endfacet
  facet normal 0.36812455268467853 -0.9297764858882512 0
    outer loop
      vertex 13.978129700243827 2.1715849259184465 -3
      vertex 14.258359213500126 2.282535639108368 -6
      vertex 14.258359213500126 2.282535639108368 -3
    endloop
  endfacet
  facet normal 0.24868988716485682 -0.9685831611286305 0
    outer loop
      vertex 14.258359213500126 2.282535639108368 -3
      vertex 14.55028484499426 2.357489401748853 -6
      vertex 14.55028484499426 2.357489401748853 -3
    endloop
  endfacet
  facet normal 0.12533323356430412 -0.9921147013144779 0
    outer loop
      vertex 14.55028484499426 2.357489401748853 -3
      vertex 14.849302753129647 2.395264148227852 -6
      vertex 14.849302753129647 2.395264148227852 -3
    endloop
  endfacet
  facet normal 0 -1 0
    outer loop
      vertex 14.849302753129647 2.395264148227852 -3
      vertex 15.150697246870353 2.395264148227852 -6
      vertex 15.150697246870353 2.395264148227852 -3
    endloop
  endfacet
  facet normal -0.12533323356430412 -0.9921147013144779 0
    outer loop
      vertex 15.150697246870353 2.395264148227852 -3
      vertex 15.44971515500574 2.357489401748853 -6
      vertex 15.44971515500574 2.357489401748853 -3
    endloop
  endfacet
  facet normal -0.24868988716485682 -0.9685831611286305 0
    outer loop
      vertex 15.44971515500574 2.357489401748853 -3
      vertex 15.741640786499874 2.282535639108368 -6
      vertex 15.741640786499874 2.282535639108368 -3
    endloop
  endfacet
  facet normal -0.36812455268467853 -0.9297764858882512 0
    outer loop
      vertex 15.741640786499874 2.282535639108368 -3
      vertex 16.021870299756173 2.1715849259184465 -6
      vertex 16.021870299756173 2.1715849259184465 -3
    endloop
  endfacet
  facet normal -0.48175367410171527 -0.8763066800438636 0
    outer loop
      vertex 16.021870299756173 2.1715849259184465 -3
      vertex 16.28598430794959 2.0263870212048363 -6
      vertex 16.28598430794959 2.0263870212048363 -3
    endloop
  endfacet
  facet normal -0.587785252292472 -0.8090169943749483 0
    outer loop
      vertex 16.28598430794959 2.0263870212048363 -3
      vertex 16.529817575396855 1.8492317826618938 -6
      vertex 16.529817575396855 1.8492317826618938 -3
    endloop
  endfacet
  facet normal -0.6845471059286855 -0.7289686274214146 0
    outer loop
      vertex 16.74952470581139 1.6429130542288528 -3
      vertex 16.529817575396855 1.8492317826618938 -3
      vertex 16.74952470581139 1.6429130542288528 -6
    endloop
  endfacet
  facet normal -0.77051324277579 -0.6374239897486886 0
    outer loop
      vertex 16.74952470581139 1.6429130542288528 -3
      vertex 16.74952470581139 1.6429130542288528 -6
      vertex 16.941640786499875 1.4106846055019355 -3
    endloop
  endfacet
  facet normal -0.9980267284282719 -0.06279051952930861 0
    outer loop
      vertex 17.4 0 -3
      vertex 17.381075283154747 0.3007997605543302 -6
      vertex 17.4 0 -6
    endloop
  endfacet
  facet normal -0.9822872507286886 -0.18738131458572507 0
    outer loop
      vertex 17.381075283154747 0.3007997605543302 -3
      vertex 17.324599586708715 0.5968557291956514 -6
      vertex 17.381075283154747 0.3007997605543302 -6
    endloop
  endfacet
  facet normal -0.9510565162951546 -0.30901699437494423 0
    outer loop
      vertex 17.324599586708715 0.5968557291956514 -3
      vertex 17.231463566131804 0.8834989264432271 -6
      vertex 17.324599586708715 0.5968557291956514 -6
    endloop
  endfacet
  facet normal -0.904827052466018 -0.4257792915650758 0
    outer loop
      vertex 17.231463566131804 0.8834989264432271 -3
      vertex 17.103136032105272 1.1562088178441168 -6
      vertex 17.231463566131804 0.8834989264432271 -6
    endloop
  endfacet
  facet normal -0.8443279255020165 -0.5358267949789943 0
    outer loop
      vertex 17.103136032105272 1.1562088178441168 -3
      vertex 16.941640786499875 1.4106846055019355 -6
      vertex 17.103136032105272 1.1562088178441168 -6
    endloop
  endfacet
  facet normal -0.77051324277579 -0.6374239897486886 0
    outer loop
      vertex 16.941640786499875 1.4106846055019355 -3
      vertex 16.74952470581139 1.6429130542288528 -6
      vertex 16.941640786499875 1.4106846055019355 -6
    endloop
  endfacet
  facet normal -0.9980267284282719 -0.06279051952930861 0
    outer loop
      vertex 17.4 0 -3
      vertex 17.381075283154747 0.3007997605543302 -3
      vertex 17.381075283154747 0.3007997605543302 -6
    endloop
  endfacet
  facet normal -0.9822872507286886 -0.18738131458572507 0
    outer loop
      vertex 17.381075283154747 0.3007997605543302 -3
      vertex 17.324599586708715 0.5968557291956514 -3
      vertex 17.324599586708715 0.5968557291956514 -6
    endloop
  endfacet
  facet normal -0.8443279255020165 -0.5358267949789943 0
    outer loop
      vertex 17.103136032105272 1.1562088178441168 -3
      vertex 16.941640786499875 1.4106846055019355 -3
      vertex 16.941640786499875 1.4106846055019355 -6
    endloop
  endfacet
  facet normal -0.904827052466018 -0.4257792915650758 0
    outer loop
      vertex 17.231463566131804 0.8834989264432271 -3
      vertex 17.103136032105272 1.1562088178441168 -3
      vertex 17.103136032105272 1.1562088178441168 -6
    endloop
  endfacet
  facet normal -0.9510565162951546 -0.30901699437494423 0
    outer loop
      vertex 17.324599586708715 0.5968557291956514 -3
      vertex 17.231463566131804 0.8834989264432271 -3
      vertex 17.231463566131804 0.8834989264432271 -6
    endloop
  endfacet
  facet normal 0.9822872507286886 0.18738131458572463 0
    outer loop
      vertex 12.675400413291285 -0.5968557291956517 3
      vertex 12.618924716845253 -0.3007997605543297 3
      vertex 12.618924716845253 -0.3007997605543297 6
    endloop
  endfacet
  facet normal 0.9980267284282714 0.0627905195293146 0
    outer loop
      vertex 12.618924716845253 -0.3007997605543297 3
      vertex 12.6 0 3
      vertex 12.6 0 6
    endloop
  endfacet
  facet normal 0.7705132427757866 0.637423989748693 0
    outer loop
      vertex 13.058359213500125 -1.4106846055019355 3
      vertex 13.058359213500125 -1.4106846055019355 6
      vertex 13.250475294188613 -1.6429130542288524 3
    endloop
  endfacet
  facet normal 0.48175367410171505 0.8763066800438638 0
    outer loop
      vertex 13.714015692050408 -2.026387021204836 3
      vertex 13.978129700243827 -2.171584925918447 6
      vertex 13.978129700243827 -2.171584925918447 3
    endloop
  endfacet
  facet normal 0.6845471059286904 0.72896862742141 0
    outer loop
      vertex 13.470182424603145 -1.8492317826618945 3
      vertex 13.250475294188613 -1.6429130542288524 3
      vertex 13.470182424603145 -1.8492317826618945 6
    endloop
  endfacet
  facet normal 0.5877852522924724 0.809016994374948 0
    outer loop
      vertex 13.470182424603145 -1.8492317826618945 3
      vertex 13.714015692050408 -2.026387021204836 6
      vertex 13.714015692050408 -2.026387021204836 3
    endloop
  endfacet
  facet normal 0.8443279255020165 0.5358267949789943 0
    outer loop
      vertex 12.896863967894728 -1.1562088178441168 3
      vertex 12.896863967894728 -1.1562088178441168 6
      vertex 13.058359213500125 -1.4106846055019355 3
    endloop
  endfacet
  facet normal 0.9048270524660181 0.4257792915650754 0
    outer loop
      vertex 12.896863967894728 -1.1562088178441168 3
      vertex 12.768536433868196 -0.8834989264432268 3
      vertex 12.768536433868196 -0.8834989264432268 6
    endloop
  endfacet
  facet normal 0.9510565162951544 0.3090169943749448 0
    outer loop
      vertex 12.768536433868196 -0.8834989264432268 3
      vertex 12.675400413291285 -0.5968557291956517 3
      vertex 12.675400413291285 -0.5968557291956517 6
    endloop
  endfacet
  facet normal 0.36812455268467725 0.9297764858882517 0
    outer loop
      vertex 14.258359213500126 -2.282535639108368 3
      vertex 13.978129700243827 -2.171584925918447 3
      vertex 14.258359213500126 -2.282535639108368 6
    endloop
  endfacet
  facet normal 0.24868988716485543 0.968583161128631 0
    outer loop
      vertex 14.258359213500126 -2.282535639108368 3
      vertex 14.55028484499426 -2.3574894017488526 6
      vertex 14.55028484499426 -2.3574894017488526 3
    endloop
  endfacet
  facet normal 0.12533323356430556 0.9921147013144777 0
    outer loop
      vertex 14.55028484499426 -2.3574894017488526 3
      vertex 14.849302753129647 -2.395264148227852 6
      vertex 14.849302753129647 -2.395264148227852 3
    endloop
  endfacet
  facet normal 0 1 0
    outer loop
      vertex 14.849302753129647 -2.395264148227852 3
      vertex 15.150697246870353 -2.395264148227852 6
      vertex 15.150697246870353 -2.395264148227852 3
    endloop
  endfacet
  facet normal -0.12533323356430556 0.9921147013144777 0
    outer loop
      vertex 15.150697246870353 -2.395264148227852 3
      vertex 15.44971515500574 -2.3574894017488526 6
      vertex 15.44971515500574 -2.3574894017488526 3
    endloop
  endfacet
  facet normal -0.24868988716485543 0.968583161128631 0
    outer loop
      vertex 15.44971515500574 -2.3574894017488526 3
      vertex 15.741640786499874 -2.282535639108368 6
      vertex 15.741640786499874 -2.282535639108368 3
    endloop
  endfacet
  facet normal -0.36812455268467725 0.9297764858882517 0
    outer loop
      vertex 15.741640786499874 -2.282535639108368 3
      vertex 16.021870299756173 -2.171584925918447 6
      vertex 16.021870299756173 -2.171584925918447 3
    endloop
  endfacet
  facet normal -0.48175367410171527 0.8763066800438636 0
    outer loop
      vertex 16.021870299756173 -2.171584925918447 3
      vertex 16.28598430794959 -2.0263870212048367 6
      vertex 16.28598430794959 -2.0263870212048367 3
    endloop
  endfacet
  facet normal -0.5877852522924734 0.8090169943749472 0
    outer loop
      vertex 16.28598430794959 -2.0263870212048367 3
      vertex 16.529817575396855 -1.8492317826618936 6
      vertex 16.529817575396855 -1.8492317826618936 3
    endloop
  endfacet
  facet normal -0.6845471059286858 0.7289686274214141 0
    outer loop
      vertex 16.529817575396855 -1.8492317826618936 3
      vertex 16.74952470581139 -1.6429130542288524 6
      vertex 16.74952470581139 -1.6429130542288524 3
    endloop
  endfacet
  facet normal -0.7705132427757895 0.6374239897486894 0
    outer loop
      vertex 16.74952470581139 -1.6429130542288524 3
      vertex 16.74952470581139 -1.6429130542288524 6
      vertex 16.941640786499875 -1.4106846055019355 3
    endloop
  endfacet
  facet normal 0.9980267284282714 0.0627905195293146 0
    outer loop
      vertex 12.618924716845253 -0.3007997605543297 3
      vertex 12.6 0 6
      vertex 12.618924716845253 -0.3007997605543297 6
    endloop
  endfacet
  facet normal 0.6845471059286904 0.72896862742141 0
    outer loop
      vertex 13.250475294188613 -1.6429130542288524 3
      vertex 13.250475294188613 -1.6429130542288524 6
      vertex 13.470182424603145 -1.8492317826618945 6
    endloop
  endfacet
  facet normal 0.7705132427757866 0.637423989748693 0
    outer loop
      vertex 13.250475294188613 -1.6429130542288524 3
      vertex 13.058359213500125 -1.4106846055019355 6
      vertex 13.250475294188613 -1.6429130542288524 6
    endloop
  endfacet
  facet normal 0.5877852522924724 0.809016994374948 0
    outer loop
      vertex 13.470182424603145 -1.8492317826618945 3
      vertex 13.470182424603145 -1.8492317826618945 6
      vertex 13.714015692050408 -2.026387021204836 6
    endloop
  endfacet
  facet normal 0.48175367410171505 0.8763066800438638 0
    outer loop
      vertex 13.714015692050408 -2.026387021204836 3
      vertex 13.714015692050408 -2.026387021204836 6
      vertex 13.978129700243827 -2.171584925918447 6
    endloop
  endfacet
  facet normal 0.8443279255020165 0.5358267949789943 0
    outer loop
      vertex 13.058359213500125 -1.4106846055019355 3
      vertex 12.896863967894728 -1.1562088178441168 6
      vertex 13.058359213500125 -1.4106846055019355 6
    endloop
  endfacet
  facet normal 0.9048270524660181 0.4257792915650754 0
    outer loop
      vertex 12.896863967894728 -1.1562088178441168 3
      vertex 12.768536433868196 -0.8834989264432268 6
      vertex 12.896863967894728 -1.1562088178441168 6
    endloop
  endfacet
  facet normal 0.9510565162951544 0.3090169943749448 0
    outer loop
      vertex 12.768536433868196 -0.8834989264432268 3
      vertex 12.675400413291285 -0.5968557291956517 6
      vertex 12.768536433868196 -0.8834989264432268 6
    endloop
  endfacet
  facet normal 0.9822872507286886 0.18738131458572463 0
    outer loop
      vertex 12.675400413291285 -0.5968557291956517 3
      vertex 12.618924716845253 -0.3007997605543297 6
      vertex 12.675400413291285 -0.5968557291956517 6
    endloop
  endfacet
  facet normal 0.36812455268467725 0.9297764858882517 0
    outer loop
      vertex 13.978129700243827 -2.171584925918447 3
      vertex 13.978129700243827 -2.171584925918447 6
      vertex 14.258359213500126 -2.282535639108368 6
    endloop
  endfacet
  facet normal 0.24868988716485543 0.968583161128631 0
    outer loop
      vertex 14.258359213500126 -2.282535639108368 3
      vertex 14.258359213500126 -2.282535639108368 6
      vertex 14.55028484499426 -2.3574894017488526 6
    endloop
  endfacet
  facet normal 0.12533323356430556 0.9921147013144777 0
    outer loop
      vertex 14.55028484499426 -2.3574894017488526 3
      vertex 14.55028484499426 -2.3574894017488526 6
      vertex 14.849302753129647 -2.395264148227852 6
    endloop
  endfacet
  facet normal 0 1 0
    outer loop
      vertex 14.849302753129647 -2.395264148227852 3
      vertex 14.849302753129647 -2.395264148227852 6
      vertex 15.150697246870353 -2.395264148227852 6
    endloop
  endfacet
  facet normal -0.12533323356430556 0.9921147013144777 0
    outer loop
      vertex 15.150697246870353 -2.395264148227852 3
      vertex 15.150697246870353 -2.395264148227852 6
      vertex 15.44971515500574 -2.3574894017488526 6
    endloop
  endfacet
  facet normal -0.24868988716485543 0.968583161128631 0
    outer loop
      vertex 15.44971515500574 -2.3574894017488526 3
      vertex 15.44971515500574 -2.3574894017488526 6
      vertex 15.741640786499874 -2.282535639108368 6
    endloop
  endfacet
  facet normal -0.36812455268467725 0.9297764858882517 0
    outer loop
      vertex 15.741640786499874 -2.282535639108368 3
      vertex 15.741640786499874 -2.282535639108368 6
      vertex 16.021870299756173 -2.171584925918447 6
    endloop
  endfacet
  facet normal -0.48175367410171527 0.8763066800438636 0
    outer loop
      vertex 16.021870299756173 -2.171584925918447 3
      vertex 16.021870299756173 -2.171584925918447 6
      vertex 16.28598430794959 -2.0263870212048367 6
    endloop
  endfacet
  facet normal -0.5877852522924734 0.8090169943749472 0
    outer loop
      vertex 16.28598430794959 -2.0263870212048367 3
      vertex 16.28598430794959 -2.0263870212048367 6
      vertex 16.529817575396855 -1.8492317826618936 6
    endloop
  endfacet
  facet normal -0.6845471059286858 0.7289686274214141 0
    outer loop
      vertex 16.529817575396855 -1.8492317826618936 3
      vertex 16.529817575396855 -1.8492317826618936 6
      vertex 16.74952470581139 -1.6429130542288524 6
    endloop
  endfacet
  facet normal -0.8443279255020165 0.5358267949789943 0
    outer loop
      vertex 16.941640786499875 -1.4106846055019355 3
      vertex 16.941640786499875 -1.4106846055019355 6
      vertex 17.103136032105272 -1.1562088178441168 3
    endloop
  endfacet
  facet normal -0.9048270524660175 0.42577929156507693 0
    outer loop
      vertex 17.103136032105272 -1.1562088178441168 3
      vertex 17.103136032105272 -1.1562088178441168 6
      vertex 17.231463566131804 -0.883498926443228 3
    endloop
  endfacet
  facet normal -0.9510565162951551 0.3090169943749426 0
    outer loop
      vertex 17.231463566131804 -0.883498926443228 3
      vertex 17.231463566131804 -0.883498926443228 6
      vertex 17.324599586708715 -0.5968557291956507 3
    endloop
  endfacet
  facet normal -0.9822872507286886 0.18738131458572524 0
    outer loop
      vertex 17.324599586708715 -0.5968557291956507 3
      vertex 17.324599586708715 -0.5968557291956507 6
      vertex 17.381075283154747 -0.3007997605543297 3
    endloop
  endfacet
  facet normal -0.9980267284282719 0.06279051952930872 0
    outer loop
      vertex 17.381075283154747 -0.3007997605543297 3
      vertex 17.381075283154747 -0.3007997605543297 6
      vertex 17.4 0 3
    endloop
  endfacet
  facet normal -0.7705132427757895 0.6374239897486894 0
    outer loop
      vertex 16.941640786499875 -1.4106846055019355 3
      vertex 16.74952470581139 -1.6429130542288524 6
      vertex 16.941640786499875 -1.4106846055019355 6
    endloop
  endfacet
  facet normal -0.8443279255020165 0.5358267949789943 0
    outer loop
      vertex 17.103136032105272 -1.1562088178441168 3
      vertex 16.941640786499875 -1.4106846055019355 6
      vertex 17.103136032105272 -1.1562088178441168 6
    endloop
  endfacet
  facet normal -0.9048270524660175 0.42577929156507693 0
    outer loop
      vertex 17.231463566131804 -0.883498926443228 3
      vertex 17.103136032105272 -1.1562088178441168 6
      vertex 17.231463566131804 -0.883498926443228 6
    endloop
  endfacet
  facet normal -0.9510565162951551 0.3090169943749426 0
    outer loop
      vertex 17.324599586708715 -0.5968557291956507 3
      vertex 17.231463566131804 -0.883498926443228 6
      vertex 17.324599586708715 -0.5968557291956507 6
    endloop
  endfacet
  facet normal -0.9822872507286886 0.18738131458572524 0
    outer loop
      vertex 17.381075283154747 -0.3007997605543297 3
      vertex 17.324599586708715 -0.5968557291956507 6
      vertex 17.381075283154747 -0.3007997605543297 6
    endloop
  endfacet
  facet normal -0.9980267284282719 0.06279051952930872 0
    outer loop
      vertex 17.4 0 3
      vertex 17.381075283154747 -0.3007997605543297 6
      vertex 17.4 0 6
    endloop
  endfacet
  facet normal 0.9980267284282714 -0.0627905195293146 0
    outer loop
      vertex 12.6 0 3
      vertex 12.618924716845253 0.3007997605543297 3
      vertex 12.618924716845253 0.3007997605543297 6
    endloop
  endfacet
  facet normal 0.9822872507286886 -0.18738131458572463 0
    outer loop
      vertex 12.618924716845253 0.3007997605543297 3
      vertex 12.675400413291285 0.5968557291956517 3
      vertex 12.675400413291285 0.5968557291956517 6
    endloop
  endfacet
  facet normal 0.9510565162951544 -0.3090169943749448 0
    outer loop
      vertex 12.675400413291285 0.5968557291956517 3
      vertex 12.768536433868196 0.8834989264432268 3
      vertex 12.768536433868196 0.8834989264432268 6
    endloop
  endfacet
  facet normal 0.9048270524660181 -0.4257792915650754 0
    outer loop
      vertex 12.768536433868196 0.8834989264432268 3
      vertex 12.896863967894728 1.1562088178441168 3
      vertex 12.896863967894728 1.1562088178441168 6
    endloop
  endfacet
  facet normal 0.8443279255020165 -0.5358267949789943 0
    outer loop
      vertex 12.896863967894728 1.1562088178441168 3
      vertex 13.058359213500125 1.4106846055019355 3
      vertex 13.058359213500125 1.4106846055019355 6
    endloop
  endfacet
  facet normal 0.7705132427757866 -0.637423989748693 0
    outer loop
      vertex 13.058359213500125 1.4106846055019355 3
      vertex 13.250475294188613 1.6429130542288524 3
      vertex 13.250475294188613 1.6429130542288524 6
    endloop
  endfacet
  facet normal 0.6845471059286904 -0.72896862742141 0
    outer loop
      vertex 13.250475294188613 1.6429130542288524 3
      vertex 13.470182424603145 1.8492317826618945 3
      vertex 13.250475294188613 1.6429130542288524 6
    endloop
  endfacet
  facet normal 0.5877852522924724 -0.809016994374948 0
    outer loop
      vertex 13.470182424603145 1.8492317826618945 3
      vertex 13.714015692050408 2.026387021204836 3
      vertex 13.470182424603145 1.8492317826618945 6
    endloop
  endfacet
  facet normal 0.4817536741017139 -0.8763066800438643 0
    outer loop
      vertex 13.714015692050408 2.026387021204836 3
      vertex 13.978129700243827 2.1715849259184465 3
      vertex 13.714015692050408 2.026387021204836 6
    endloop
  endfacet
  facet normal 0.36812455268467853 -0.9297764858882512 0
    outer loop
      vertex 13.978129700243827 2.1715849259184465 3
      vertex 14.258359213500126 2.282535639108368 3
      vertex 13.978129700243827 2.1715849259184465 6
    endloop
  endfacet
  facet normal 0.24868988716485682 -0.9685831611286305 0
    outer loop
      vertex 14.258359213500126 2.282535639108368 3
      vertex 14.55028484499426 2.357489401748853 3
      vertex 14.258359213500126 2.282535639108368 6
    endloop
  endfacet
  facet normal 0.12533323356430412 -0.9921147013144779 0
    outer loop
      vertex 14.55028484499426 2.357489401748853 3
      vertex 14.849302753129647 2.395264148227852 3
      vertex 14.55028484499426 2.357489401748853 6
    endloop
  endfacet
  facet normal 0 -1 0
    outer loop
      vertex 14.849302753129647 2.395264148227852 3
      vertex 15.150697246870353 2.395264148227852 3
      vertex 14.849302753129647 2.395264148227852 6
    endloop
  endfacet
  facet normal -0.12533323356430412 -0.9921147013144779 0
    outer loop
      vertex 15.150697246870353 2.395264148227852 3
      vertex 15.44971515500574 2.357489401748853 3
      vertex 15.150697246870353 2.395264148227852 6
    endloop
  endfacet
  facet normal -0.24868988716485682 -0.9685831611286305 0
    outer loop
      vertex 15.44971515500574 2.357489401748853 3
      vertex 15.741640786499874 2.282535639108368 3
      vertex 15.44971515500574 2.357489401748853 6
    endloop
  endfacet
  facet normal -0.36812455268467853 -0.9297764858882512 0
    outer loop
      vertex 15.741640786499874 2.282535639108368 3
      vertex 16.021870299756173 2.1715849259184465 3
      vertex 15.741640786499874 2.282535639108368 6
    endloop
  endfacet
  facet normal -0.48175367410171527 -0.8763066800438636 0
    outer loop
      vertex 16.021870299756173 2.1715849259184465 3
      vertex 16.28598430794959 2.0263870212048363 3
      vertex 16.021870299756173 2.1715849259184465 6
    endloop
  endfacet
  facet normal -0.587785252292472 -0.8090169943749483 0
    outer loop
      vertex 16.28598430794959 2.0263870212048363 3
      vertex 16.529817575396855 1.8492317826618938 3
      vertex 16.28598430794959 2.0263870212048363 6
    endloop
  endfacet
  facet normal -0.6845471059286855 -0.7289686274214146 0
    outer loop
      vertex 16.74952470581139 1.6429130542288528 3
      vertex 16.529817575396855 1.8492317826618938 6
      vertex 16.529817575396855 1.8492317826618938 3
    endloop
  endfacet
  facet normal 0.9980267284282714 -0.0627905195293146 0
    outer loop
      vertex 12.6 0 3
      vertex 12.618924716845253 0.3007997605543297 6
      vertex 12.6 0 6
    endloop
  endfacet
  facet normal 0.9822872507286886 -0.18738131458572463 0
    outer loop
      vertex 12.618924716845253 0.3007997605543297 3
      vertex 12.675400413291285 0.5968557291956517 6
      vertex 12.618924716845253 0.3007997605543297 6
    endloop
  endfacet
  facet normal 0.9510565162951544 -0.3090169943749448 0
    outer loop
      vertex 12.675400413291285 0.5968557291956517 3
      vertex 12.768536433868196 0.8834989264432268 6
      vertex 12.675400413291285 0.5968557291956517 6
    endloop
  endfacet
  facet normal 0.9048270524660181 -0.4257792915650754 0
    outer loop
      vertex 12.768536433868196 0.8834989264432268 3
      vertex 12.896863967894728 1.1562088178441168 6
      vertex 12.768536433868196 0.8834989264432268 6
    endloop
  endfacet
  facet normal 0.8443279255020165 -0.5358267949789943 0
    outer loop
      vertex 12.896863967894728 1.1562088178441168 3
      vertex 13.058359213500125 1.4106846055019355 6
      vertex 12.896863967894728 1.1562088178441168 6
    endloop
  endfacet
  facet normal 0.7705132427757866 -0.637423989748693 0
    outer loop
      vertex 13.058359213500125 1.4106846055019355 3
      vertex 13.250475294188613 1.6429130542288524 6
      vertex 13.058359213500125 1.4106846055019355 6
    endloop
  endfacet
  facet normal 0.6845471059286904 -0.72896862742141 0
    outer loop
      vertex 13.470182424603145 1.8492317826618945 3
      vertex 13.470182424603145 1.8492317826618945 6
      vertex 13.250475294188613 1.6429130542288524 6
    endloop
  endfacet
  facet normal 0.5877852522924724 -0.809016994374948 0
    outer loop
      vertex 13.714015692050408 2.026387021204836 3
      vertex 13.714015692050408 2.026387021204836 6
      vertex 13.470182424603145 1.8492317826618945 6
    endloop
  endfacet
  facet normal 0.4817536741017139 -0.8763066800438643 0
    outer loop
      vertex 13.978129700243827 2.1715849259184465 3
      vertex 13.978129700243827 2.1715849259184465 6
      vertex 13.714015692050408 2.026387021204836 6
    endloop
  endfacet
  facet normal 0.36812455268467853 -0.9297764858882512 0
    outer loop
      vertex 14.258359213500126 2.282535639108368 3
      vertex 14.258359213500126 2.282535639108368 6
      vertex 13.978129700243827 2.1715849259184465 6
    endloop
  endfacet
  facet normal 0.24868988716485682 -0.9685831611286305 0
    outer loop
      vertex 14.55028484499426 2.357489401748853 3
      vertex 14.55028484499426 2.357489401748853 6
      vertex 14.258359213500126 2.282535639108368 6
    endloop
  endfacet
  facet normal 0.12533323356430412 -0.9921147013144779 0
    outer loop
      vertex 14.849302753129647 2.395264148227852 3
      vertex 14.849302753129647 2.395264148227852 6
      vertex 14.55028484499426 2.357489401748853 6
    endloop
  endfacet
  facet normal 0 -1 0
    outer loop
      vertex 15.150697246870353 2.395264148227852 3
      vertex 15.150697246870353 2.395264148227852 6
      vertex 14.849302753129647 2.395264148227852 6
    endloop
  endfacet
  facet normal -0.12533323356430412 -0.9921147013144779 0
    outer loop
      vertex 15.44971515500574 2.357489401748853 3
      vertex 15.44971515500574 2.357489401748853 6
      vertex 15.150697246870353 2.395264148227852 6
    endloop
  endfacet
  facet normal -0.24868988716485682 -0.9685831611286305 0
    outer loop
      vertex 15.741640786499874 2.282535639108368 3
      vertex 15.741640786499874 2.282535639108368 6
      vertex 15.44971515500574 2.357489401748853 6
    endloop
  endfacet
  facet normal -0.36812455268467853 -0.9297764858882512 0
    outer loop
      vertex 16.021870299756173 2.1715849259184465 3
      vertex 16.021870299756173 2.1715849259184465 6
      vertex 15.741640786499874 2.282535639108368 6
    endloop
  endfacet
  facet normal -0.48175367410171527 -0.8763066800438636 0
    outer loop
      vertex 16.28598430794959 2.0263870212048363 3
      vertex 16.28598430794959 2.0263870212048363 6
      vertex 16.021870299756173 2.1715849259184465 6
    endloop
  endfacet
  facet normal -0.587785252292472 -0.8090169943749483 0
    outer loop
      vertex 16.529817575396855 1.8492317826618938 3
      vertex 16.529817575396855 1.8492317826618938 6
      vertex 16.28598430794959 2.0263870212048363 6
    endloop
  endfacet
  facet normal -0.6845471059286855 -0.7289686274214146 0
    outer loop
      vertex 16.74952470581139 1.6429130542288528 3
      vertex 16.74952470581139 1.6429130542288528 6
      vertex 16.529817575396855 1.8492317826618938 6
    endloop
  endfacet
  facet normal -0.77051324277579 -0.6374239897486886 0
    outer loop
      vertex 16.74952470581139 1.6429130542288528 3
      vertex 16.941640786499875 1.4106846055019355 6
      vertex 16.74952470581139 1.6429130542288528 6
    endloop
  endfacet
  facet normal -0.9980267284282719 -0.06279051952930861 0
    outer loop
      vertex 17.4 0 3
      vertex 17.4 0 6
      vertex 17.381075283154747 0.3007997605543302 3
    endloop
  endfacet
  facet normal -0.9822872507286886 -0.18738131458572507 0
    outer loop
      vertex 17.381075283154747 0.3007997605543302 3
      vertex 17.381075283154747 0.3007997605543302 6
      vertex 17.324599586708715 0.5968557291956514 3
    endloop
  endfacet
  facet normal -0.9510565162951546 -0.30901699437494423 0
    outer loop
      vertex 17.324599586708715 0.5968557291956514 3
      vertex 17.324599586708715 0.5968557291956514 6
      vertex 17.231463566131804 0.8834989264432271 3
    endloop
  endfacet
  facet normal -0.904827052466018 -0.4257792915650758 0
    outer loop
      vertex 17.231463566131804 0.8834989264432271 3
      vertex 17.231463566131804 0.8834989264432271 6
      vertex 17.103136032105272 1.1562088178441168 3
    endloop
  endfacet
  facet normal -0.8443279255020165 -0.5358267949789943 0
    outer loop
      vertex 17.103136032105272 1.1562088178441168 3
      vertex 17.103136032105272 1.1562088178441168 6
      vertex 16.941640786499875 1.4106846055019355 3
    endloop
  endfacet
  facet normal -0.77051324277579 -0.6374239897486886 0
    outer loop
      vertex 16.74952470581139 1.6429130542288528 3
      vertex 16.941640786499875 1.4106846055019355 3
      vertex 16.941640786499875 1.4106846055019355 6
    endloop
  endfacet
  facet normal -0.9980267284282719 -0.06279051952930861 0
    outer loop
      vertex 17.381075283154747 0.3007997605543302 3
      vertex 17.4 0 6
      vertex 17.381075283154747 0.3007997605543302 6
    endloop
  endfacet
  facet normal -0.9822872507286886 -0.18738131458572507 0
    outer loop
      vertex 17.324599586708715 0.5968557291956514 3
      vertex 17.381075283154747 0.3007997605543302 6
      vertex 17.324599586708715 0.5968557291956514 6
    endloop
  endfacet
  facet normal -0.8443279255020165 -0.5358267949789943 0
    outer loop
      vertex 16.941640786499875 1.4106846055019355 3
      vertex 17.103136032105272 1.1562088178441168 6
      vertex 16.941640786499875 1.4106846055019355 6
    endloop
  endfacet
  facet normal -0.904827052466018 -0.4257792915650758 0
    outer loop
      vertex 17.103136032105272 1.1562088178441168 3
      vertex 17.231463566131804 0.8834989264432271 6
      vertex 17.103136032105272 1.1562088178441168 6
    endloop
  endfacet
  facet normal -0.9510565162951546 -0.30901699437494423 0
    outer loop
      vertex 17.231463566131804 0.8834989264432271 3
      vertex 17.324599586708715 0.5968557291956514 6
      vertex 17.231463566131804 0.8834989264432271 6
    endloop
  endfacet
  facet normal 0.5877852522924717 0.8090169943749485 0
    outer loop
      vertex -1.2859843079495923 -17.026387021204837 -3
      vertex -1.2859843079495923 -17.026387021204837 -6
      vertex -1.529817575396855 -16.849231782661896 -6
    endloop
  endfacet
  facet normal 0.4817536741017083 0.8763066800438676 0
    outer loop
      vertex -1.0218702997561737 -17.171584925918445 -3
      vertex -1.0218702997561737 -17.171584925918445 -6
      vertex -1.2859843079495923 -17.026387021204837 -6
    endloop
  endfacet
  facet normal 0.36812455268467975 0.9297764858882507 0
    outer loop
      vertex -0.7416407864998737 -17.282535639108367 -3
      vertex -0.7416407864998737 -17.282535639108367 -6
      vertex -1.0218702997561737 -17.171584925918445 -6
    endloop
  endfacet
  facet normal 0.24868988716486246 0.9685831611286293 0
    outer loop
      vertex -0.44971515500573955 -17.357489401748854 -3
      vertex -0.44971515500573955 -17.357489401748854 -6
      vertex -0.7416407864998737 -17.282535639108367 -6
    endloop
  endfacet
  facet normal 0.12533323356430265 0.992114701314478 0
    outer loop
      vertex -0.15069724687035302 -17.395264148227852 -3
      vertex -0.15069724687035302 -17.395264148227852 -6
      vertex -0.44971515500573955 -17.357489401748854 -6
    endloop
  endfacet
  facet normal 0.5877852522924717 0.8090169943749485 0
    outer loop
      vertex -1.2859843079495923 -17.026387021204837 -3
      vertex -1.529817575396855 -16.849231782661896 -6
      vertex -1.529817575396855 -16.849231782661896 -3
    endloop
  endfacet
  facet normal 0.4817536741017083 0.8763066800438676 0
    outer loop
      vertex -1.2859843079495923 -17.026387021204837 -3
      vertex -1.0218702997561737 -17.171584925918445 -3
      vertex -1.2859843079495923 -17.026387021204837 -6
    endloop
  endfacet
  facet normal 0.36812455268467975 0.9297764858882507 0
    outer loop
      vertex -1.0218702997561737 -17.171584925918445 -3
      vertex -0.7416407864998737 -17.282535639108367 -3
      vertex -1.0218702997561737 -17.171584925918445 -6
    endloop
  endfacet
  facet normal 0.24868988716486246 0.9685831611286293 0
    outer loop
      vertex -0.7416407864998737 -17.282535639108367 -3
      vertex -0.44971515500573955 -17.357489401748854 -3
      vertex -0.7416407864998737 -17.282535639108367 -6
    endloop
  endfacet
  facet normal 0.12533323356430265 0.992114701314478 0
    outer loop
      vertex -0.44971515500573955 -17.357489401748854 -3
      vertex -0.15069724687035302 -17.395264148227852 -3
      vertex -0.44971515500573955 -17.357489401748854 -6
    endloop
  endfacet
  facet normal 0 1 0
    outer loop
      vertex -0.15069724687035302 -17.395264148227852 -3
      vertex 0.15069724687035302 -17.395264148227852 -3
      vertex -0.15069724687035302 -17.395264148227852 -6
    endloop
  endfacet
  facet normal 0.9048270524660192 0.4257792915650731 0
    outer loop
      vertex -2.2314635661318034 -15.883498926443227 -3
      vertex -2.1031360321052723 -16.156208817844117 -6
      vertex -2.2314635661318034 -15.883498926443227 -6
    endloop
  endfacet
  facet normal 0.9510565162951539 0.30901699437494634 0
    outer loop
      vertex -2.3245995867087146 -15.596855729195651 -3
      vertex -2.2314635661318034 -15.883498926443227 -6
      vertex -2.3245995867087146 -15.596855729195651 -6
    endloop
  endfacet
  facet normal 0.844327925502014 0.5358267949789984 0
    outer loop
      vertex -2.1031360321052723 -16.156208817844117 -3
      vertex -1.9416407864998737 -16.410684605501935 -6
      vertex -2.1031360321052723 -16.156208817844117 -6
    endloop
  endfacet
  facet normal 0.7705132427757906 0.637423989748688 0
    outer loop
      vertex -1.9416407864998737 -16.410684605501935 -3
      vertex -1.7495247058113879 -16.642913054228853 -6
      vertex -1.9416407864998737 -16.410684605501935 -6
    endloop
  endfacet
  facet normal 0.6845471059286913 0.7289686274214092 0
    outer loop
      vertex -1.529817575396855 -16.849231782661896 -3
      vertex -1.529817575396855 -16.849231782661896 -6
      vertex -1.7495247058113879 -16.642913054228853 -6
    endloop
  endfacet
  facet normal 0.9822872507286886 0.18738131458572527 0
    outer loop
      vertex -2.381075283154747 -15.30079976055433 -3
      vertex -2.3245995867087146 -15.596855729195651 -6
      vertex -2.381075283154747 -15.30079976055433 -6
    endloop
  endfacet
  facet normal 0.9980267284282716 0.06279051952931301 0
    outer loop
      vertex -2.4 -15 -3
      vertex -2.381075283154747 -15.30079976055433 -6
      vertex -2.4 -15 -6
    endloop
  endfacet
  facet normal 0.9980267284282716 -0.06279051952931301 0
    outer loop
      vertex -2.381075283154747 -14.69920023944567 -3
      vertex -2.4 -15 -6
      vertex -2.381075283154747 -14.69920023944567 -6
    endloop
  endfacet
  facet normal 0.9822872507286886 -0.18738131458572527 0
    outer loop
      vertex -2.3245995867087146 -14.403144270804349 -3
      vertex -2.381075283154747 -14.69920023944567 -6
      vertex -2.3245995867087146 -14.403144270804349 -6
    endloop
  endfacet
  facet normal 0.9510565162951539 -0.30901699437494634 0
    outer loop
      vertex -2.2314635661318034 -14.116501073556773 -3
      vertex -2.3245995867087146 -14.403144270804349 -6
      vertex -2.2314635661318034 -14.116501073556773 -6
    endloop
  endfacet
  facet normal 0.9048270524660192 -0.4257792915650731 0
    outer loop
      vertex -2.1031360321052723 -13.843791182155883 -3
      vertex -2.2314635661318034 -14.116501073556773 -6
      vertex -2.1031360321052723 -13.843791182155883 -6
    endloop
  endfacet
  facet normal 0.844327925502014 -0.5358267949789984 0
    outer loop
      vertex -1.9416407864998737 -13.589315394498065 -3
      vertex -2.1031360321052723 -13.843791182155883 -6
      vertex -1.9416407864998737 -13.589315394498065 -6
    endloop
  endfacet
  facet normal 0.7705132427757906 -0.637423989748688 0
    outer loop
      vertex -1.7495247058113879 -13.357086945771147 -3
      vertex -1.9416407864998737 -13.589315394498065 -6
      vertex -1.7495247058113879 -13.357086945771147 -6
    endloop
  endfacet
  facet normal 0.6845471059286881 -0.7289686274214121 0
    outer loop
      vertex -1.7495247058113879 -13.357086945771147 -3
      vertex -1.7495247058113879 -13.357086945771147 -6
      vertex -1.529817575396855 -13.150768217338106 -6
    endloop
  endfacet
  facet normal 0.5877852522924756 -0.8090169943749457 0
    outer loop
      vertex -1.529817575396855 -13.150768217338106 -3
      vertex -1.529817575396855 -13.150768217338106 -6
      vertex -1.2859843079495923 -12.973612978795163 -6
    endloop
  endfacet
  facet normal 0.4817536741017137 -0.8763066800438645 0
    outer loop
      vertex -1.2859843079495923 -12.973612978795163 -3
      vertex -1.2859843079495923 -12.973612978795163 -6
      vertex -1.0218702997561744 -12.828415074081553 -6
    endloop
  endfacet
  facet normal 0.3681245526846739 -0.929776485888253 0
    outer loop
      vertex -1.0218702997561744 -12.828415074081553 -3
      vertex -1.0218702997561744 -12.828415074081553 -6
      vertex -0.7416407864998737 -12.717464360891633 -6
    endloop
  endfacet
  facet normal 0.24868988716486193 -0.9685831611286293 0
    outer loop
      vertex -0.7416407864998737 -12.717464360891633 -3
      vertex -0.7416407864998737 -12.717464360891633 -6
      vertex -0.44971515500573894 -12.642510598251146 -6
    endloop
  endfacet
  facet normal 0.12533323356430243 -0.992114701314478 0
    outer loop
      vertex -0.44971515500573894 -12.642510598251146 -3
      vertex -0.44971515500573894 -12.642510598251146 -6
      vertex -0.15069724687035185 -12.604735851772148 -6
    endloop
  endfacet
  facet normal 0 -1 0
    outer loop
      vertex -0.15069724687035185 -12.604735851772148 -3
      vertex -0.15069724687035185 -12.604735851772148 -6
      vertex 0.15069724687035185 -12.604735851772148 -6
    endloop
  endfacet
  facet normal 0.9048270524660192 0.4257792915650731 0
    outer loop
      vertex -2.1031360321052723 -16.156208817844117 -3
      vertex -2.1031360321052723 -16.156208817844117 -6
      vertex -2.2314635661318034 -15.883498926443227 -3
    endloop
  endfacet
  facet normal 0.9822872507286886 0.18738131458572527 0
    outer loop
      vertex -2.3245995867087146 -15.596855729195651 -3
      vertex -2.3245995867087146 -15.596855729195651 -6
      vertex -2.381075283154747 -15.30079976055433 -3
    endloop
  endfacet
  facet normal 0.9510565162951539 0.30901699437494634 0
    outer loop
      vertex -2.3245995867087146 -15.596855729195651 -3
      vertex -2.2314635661318034 -15.883498926443227 -3
      vertex -2.2314635661318034 -15.883498926443227 -6
    endloop
  endfacet
  facet normal 0.7705132427757906 0.637423989748688 0
    outer loop
      vertex -1.7495247058113879 -16.642913054228853 -3
      vertex -1.7495247058113879 -16.642913054228853 -6
      vertex -1.9416407864998737 -16.410684605501935 -3
    endloop
  endfacet
  facet normal 0.844327925502014 0.5358267949789984 0
    outer loop
      vertex -1.9416407864998737 -16.410684605501935 -3
      vertex -1.9416407864998737 -16.410684605501935 -6
      vertex -2.1031360321052723 -16.156208817844117 -3
    endloop
  endfacet
  facet normal 0.6845471059286913 0.7289686274214092 0
    outer loop
      vertex -1.7495247058113879 -16.642913054228853 -3
      vertex -1.529817575396855 -16.849231782661896 -3
      vertex -1.7495247058113879 -16.642913054228853 -6
    endloop
  endfacet
  facet normal 0.9980267284282716 0.06279051952931301 0
    outer loop
      vertex -2.381075283154747 -15.30079976055433 -3
      vertex -2.381075283154747 -15.30079976055433 -6
      vertex -2.4 -15 -3
    endloop
  endfacet
  facet normal 0.9980267284282716 -0.06279051952931301 0
    outer loop
      vertex -2.4 -15 -3
      vertex -2.4 -15 -6
      vertex -2.381075283154747 -14.69920023944567 -3
    endloop
  endfacet
  facet normal 0.9822872507286886 -0.18738131458572527 0
    outer loop
      vertex -2.381075283154747 -14.69920023944567 -3
      vertex -2.381075283154747 -14.69920023944567 -6
      vertex -2.3245995867087146 -14.403144270804349 -3
    endloop
  endfacet
  facet normal 0.9510565162951539 -0.30901699437494634 0
    outer loop
      vertex -2.3245995867087146 -14.403144270804349 -3
      vertex -2.3245995867087146 -14.403144270804349 -6
      vertex -2.2314635661318034 -14.116501073556773 -3
    endloop
  endfacet
  facet normal 0.9048270524660192 -0.4257792915650731 0
    outer loop
      vertex -2.2314635661318034 -14.116501073556773 -3
      vertex -2.2314635661318034 -14.116501073556773 -6
      vertex -2.1031360321052723 -13.843791182155883 -3
    endloop
  endfacet
  facet normal 0.844327925502014 -0.5358267949789984 0
    outer loop
      vertex -2.1031360321052723 -13.843791182155883 -3
      vertex -2.1031360321052723 -13.843791182155883 -6
      vertex -1.9416407864998737 -13.589315394498065 -3
    endloop
  endfacet
  facet normal 0.7705132427757906 -0.637423989748688 0
    outer loop
      vertex -1.9416407864998737 -13.589315394498065 -3
      vertex -1.9416407864998737 -13.589315394498065 -6
      vertex -1.7495247058113879 -13.357086945771147 -3
    endloop
  endfacet
  facet normal 0.6845471059286881 -0.7289686274214121 0
    outer loop
      vertex -1.7495247058113879 -13.357086945771147 -3
      vertex -1.529817575396855 -13.150768217338106 -6
      vertex -1.529817575396855 -13.150768217338106 -3
    endloop
  endfacet
  facet normal 0.5877852522924756 -0.8090169943749457 0
    outer loop
      vertex -1.529817575396855 -13.150768217338106 -3
      vertex -1.2859843079495923 -12.973612978795163 -6
      vertex -1.2859843079495923 -12.973612978795163 -3
    endloop
  endfacet
  facet normal 0.4817536741017137 -0.8763066800438645 0
    outer loop
      vertex -1.2859843079495923 -12.973612978795163 -3
      vertex -1.0218702997561744 -12.828415074081553 -6
      vertex -1.0218702997561744 -12.828415074081553 -3
    endloop
  endfacet
  facet normal 0.3681245526846739 -0.929776485888253 0
    outer loop
      vertex -1.0218702997561744 -12.828415074081553 -3
      vertex -0.7416407864998737 -12.717464360891633 -6
      vertex -0.7416407864998737 -12.717464360891633 -3
    endloop
  endfacet
  facet normal 0.24868988716486193 -0.9685831611286293 0
    outer loop
      vertex -0.7416407864998737 -12.717464360891633 -3
      vertex -0.44971515500573894 -12.642510598251146 -6
      vertex -0.44971515500573894 -12.642510598251146 -3
    endloop
  endfacet
  facet normal 0.12533323356430243 -0.992114701314478 0
    outer loop
      vertex -0.44971515500573894 -12.642510598251146 -3
      vertex -0.15069724687035185 -12.604735851772148 -6
      vertex -0.15069724687035185 -12.604735851772148 -3
    endloop
  endfacet
  facet normal 0 1 0
    outer loop
      vertex 0.15069724687035302 -17.395264148227852 -3
      vertex 0.15069724687035302 -17.395264148227852 -6
      vertex -0.15069724687035302 -17.395264148227852 -6
    endloop
  endfacet
  facet normal -0.12533323356430265 0.992114701314478 0
    outer loop
      vertex 0.44971515500573955 -17.357489401748854 -3
      vertex 0.44971515500573955 -17.357489401748854 -6
      vertex 0.15069724687035302 -17.395264148227852 -6
    endloop
  endfacet
  facet normal -0.24868988716486246 0.9685831611286293 0
    outer loop
      vertex 0.7416407864998737 -17.282535639108367 -3
      vertex 0.7416407864998737 -17.282535639108367 -6
      vertex 0.44971515500573955 -17.357489401748854 -6
    endloop
  endfacet
  facet normal -0.36812455268467975 0.9297764858882507 0
    outer loop
      vertex 1.0218702997561737 -17.171584925918445 -3
      vertex 1.0218702997561737 -17.171584925918445 -6
      vertex 0.7416407864998737 -17.282535639108367 -6
    endloop
  endfacet
  facet normal -0.4817536741017101 0.8763066800438665 0
    outer loop
      vertex 1.285984307949591 -17.026387021204837 -3
      vertex 1.285984307949591 -17.026387021204837 -6
      vertex 1.0218702997561737 -17.171584925918445 -6
    endloop
  endfacet
  facet normal -0.5877852522924759 0.8090169943749453 0
    outer loop
      vertex 1.529817575396856 -16.849231782661892 -3
      vertex 1.529817575396856 -16.849231782661892 -6
      vertex 1.285984307949591 -17.026387021204837 -6
    endloop
  endfacet
  facet normal -0.12533323356430265 0.992114701314478 0
    outer loop
      vertex 0.15069724687035302 -17.395264148227852 -3
      vertex 0.44971515500573955 -17.357489401748854 -3
      vertex 0.15069724687035302 -17.395264148227852 -6
    endloop
  endfacet
  facet normal -0.24868988716486246 0.9685831611286293 0
    outer loop
      vertex 0.44971515500573955 -17.357489401748854 -3
      vertex 0.7416407864998737 -17.282535639108367 -3
      vertex 0.44971515500573955 -17.357489401748854 -6
    endloop
  endfacet
  facet normal -0.36812455268467975 0.9297764858882507 0
    outer loop
      vertex 0.7416407864998737 -17.282535639108367 -3
      vertex 1.0218702997561737 -17.171584925918445 -3
      vertex 0.7416407864998737 -17.282535639108367 -6
    endloop
  endfacet
  facet normal -0.4817536741017101 0.8763066800438665 0
    outer loop
      vertex 1.0218702997561737 -17.171584925918445 -3
      vertex 1.285984307949591 -17.026387021204837 -3
      vertex 1.0218702997561737 -17.171584925918445 -6
    endloop
  endfacet
  facet normal -0.5877852522924759 0.8090169943749453 0
    outer loop
      vertex 1.285984307949591 -17.026387021204837 -3
      vertex 1.529817575396856 -16.849231782661892 -3
      vertex 1.285984307949591 -17.026387021204837 -6
    endloop
  endfacet
  facet normal -0.6845471059286864 0.7289686274214136 0
    outer loop
      vertex 1.7495247058113879 -16.642913054228853 -3
      vertex 1.7495247058113879 -16.642913054228853 -6
      vertex 1.529817575396856 -16.849231782661892 -6
    endloop
  endfacet
  facet normal -0.7705132427757906 0.637423989748688 0
    outer loop
      vertex 1.7495247058113879 -16.642913054228853 -3
      vertex 1.9416407864998737 -16.410684605501935 -6
      vertex 1.7495247058113879 -16.642913054228853 -6
    endloop
  endfacet
  facet normal -0.844327925502014 0.5358267949789984 0
    outer loop
      vertex 1.9416407864998737 -16.410684605501935 -3
      vertex 2.1031360321052723 -16.156208817844117 -6
      vertex 1.9416407864998737 -16.410684605501935 -6
    endloop
  endfacet
  facet normal -0.9048270524660199 0.42577929156507194 0
    outer loop
      vertex 2.1031360321052723 -16.156208817844117 -3
      vertex 2.231463566131803 -15.883498926443227 -6
      vertex 2.1031360321052723 -16.156208817844117 -6
    endloop
  endfacet
  facet normal -0.9510565162951534 0.3090169943749477 0
    outer loop
      vertex 2.231463566131803 -15.883498926443227 -3
      vertex 2.3245995867087146 -15.596855729195651 -6
      vertex 2.231463566131803 -15.883498926443227 -6
    endloop
  endfacet
  facet normal -0.9822872507286886 0.18738131458572527 0
    outer loop
      vertex 2.3245995867087146 -15.596855729195651 -3
      vertex 2.381075283154747 -15.30079976055433 -6
      vertex 2.3245995867087146 -15.596855729195651 -6
    endloop
  endfacet
  facet normal -0.9980267284282716 0.06279051952931301 0
    outer loop
      vertex 2.381075283154747 -15.30079976055433 -3
      vertex 2.4 -15 -6
      vertex 2.381075283154747 -15.30079976055433 -6
    endloop
  endfacet
  facet normal -0.9980267284282716 -0.06279051952931301 0
    outer loop
      vertex 2.4 -15 -3
      vertex 2.381075283154747 -14.69920023944567 -6
      vertex 2.4 -15 -6
    endloop
  endfacet
  facet normal -0.9822872507286886 -0.18738131458572527 0
    outer loop
      vertex 2.381075283154747 -14.69920023944567 -3
      vertex 2.3245995867087146 -14.403144270804349 -6
      vertex 2.381075283154747 -14.69920023944567 -6
    endloop
  endfacet
  facet normal -0.9510565162951534 -0.3090169943749477 0
    outer loop
      vertex 2.3245995867087146 -14.403144270804349 -3
      vertex 2.231463566131803 -14.116501073556773 -6
      vertex 2.3245995867087146 -14.403144270804349 -6
    endloop
  endfacet
  facet normal -0.24868988716486193 -0.9685831611286293 0
    outer loop
      vertex 0.44971515500573894 -12.642510598251146 -3
      vertex 0.44971515500573894 -12.642510598251146 -6
      vertex 0.7416407864998737 -12.717464360891633 -6
    endloop
  endfacet
  facet normal -0.3681245526846739 -0.929776485888253 0
    outer loop
      vertex 0.7416407864998737 -12.717464360891633 -3
      vertex 0.7416407864998737 -12.717464360891633 -6
      vertex 1.0218702997561744 -12.828415074081553 -6
    endloop
  endfacet
  facet normal -0.5877852522924745 -0.8090169943749463 0
    outer loop
      vertex 1.2859843079495918 -12.973612978795163 -3
      vertex 1.2859843079495918 -12.973612978795163 -6
      vertex 1.5298175753968553 -13.150768217338106 -6
    endloop
  endfacet
  facet normal -0.4817536741017143 -0.876306680043864 0
    outer loop
      vertex 1.0218702997561744 -12.828415074081553 -3
      vertex 1.0218702997561744 -12.828415074081553 -6
      vertex 1.2859843079495918 -12.973612978795163 -6
    endloop
  endfacet
  facet normal -0.12533323356430243 -0.992114701314478 0
    outer loop
      vertex 0.15069724687035185 -12.604735851772148 -3
      vertex 0.15069724687035185 -12.604735851772148 -6
      vertex 0.44971515500573894 -12.642510598251146 -6
    endloop
  endfacet
  facet normal -0.844327925502014 -0.5358267949789984 0
    outer loop
      vertex 2.1031360321052723 -13.843791182155883 -3
      vertex 1.9416407864998737 -13.589315394498065 -6
      vertex 2.1031360321052723 -13.843791182155883 -6
    endloop
  endfacet
  facet normal -0.7705132427757903 -0.6374239897486885 0
    outer loop
      vertex 1.9416407864998737 -13.589315394498065 -3
      vertex 1.7495247058113876 -13.357086945771147 -6
      vertex 1.9416407864998737 -13.589315394498065 -6
    endloop
  endfacet
  facet normal -0.6845471059286888 -0.7289686274214114 0
    outer loop
      vertex 1.5298175753968553 -13.150768217338106 -3
      vertex 1.5298175753968553 -13.150768217338106 -6
      vertex 1.7495247058113876 -13.357086945771147 -6
    endloop
  endfacet
  facet normal -0.9048270524660199 -0.42577929156507194 0
    outer loop
      vertex 2.231463566131803 -14.116501073556773 -3
      vertex 2.1031360321052723 -13.843791182155883 -6
      vertex 2.231463566131803 -14.116501073556773 -6
    endloop
  endfacet
  facet normal -0.6845471059286864 0.7289686274214136 0
    outer loop
      vertex 1.529817575396856 -16.849231782661892 -3
      vertex 1.7495247058113879 -16.642913054228853 -3
      vertex 1.529817575396856 -16.849231782661892 -6
    endloop
  endfacet
  facet normal -0.7705132427757906 0.637423989748688 0
    outer loop
      vertex 1.7495247058113879 -16.642913054228853 -3
      vertex 1.9416407864998737 -16.410684605501935 -3
      vertex 1.9416407864998737 -16.410684605501935 -6
    endloop
  endfacet
  facet normal -0.844327925502014 0.5358267949789984 0
    outer loop
      vertex 1.9416407864998737 -16.410684605501935 -3
      vertex 2.1031360321052723 -16.156208817844117 -3
      vertex 2.1031360321052723 -16.156208817844117 -6
    endloop
  endfacet
  facet normal -0.9048270524660199 0.42577929156507194 0
    outer loop
      vertex 2.1031360321052723 -16.156208817844117 -3
      vertex 2.231463566131803 -15.883498926443227 -3
      vertex 2.231463566131803 -15.883498926443227 -6
    endloop
  endfacet
  facet normal -0.9510565162951534 0.3090169943749477 0
    outer loop
      vertex 2.231463566131803 -15.883498926443227 -3
      vertex 2.3245995867087146 -15.596855729195651 -3
      vertex 2.3245995867087146 -15.596855729195651 -6
    endloop
  endfacet
  facet normal -0.9822872507286886 0.18738131458572527 0
    outer loop
      vertex 2.3245995867087146 -15.596855729195651 -3
      vertex 2.381075283154747 -15.30079976055433 -3
      vertex 2.381075283154747 -15.30079976055433 -6
    endloop
  endfacet
  facet normal -0.9980267284282716 0.06279051952931301 0
    outer loop
      vertex 2.381075283154747 -15.30079976055433 -3
      vertex 2.4 -15 -3
      vertex 2.4 -15 -6
    endloop
  endfacet
  facet normal -0.9980267284282716 -0.06279051952931301 0
    outer loop
      vertex 2.4 -15 -3
      vertex 2.381075283154747 -14.69920023944567 -3
      vertex 2.381075283154747 -14.69920023944567 -6
    endloop
  endfacet
  facet normal -0.9822872507286886 -0.18738131458572527 0
    outer loop
      vertex 2.381075283154747 -14.69920023944567 -3
      vertex 2.3245995867087146 -14.403144270804349 -3
      vertex 2.3245995867087146 -14.403144270804349 -6
    endloop
  endfacet
  facet normal -0.9510565162951534 -0.3090169943749477 0
    outer loop
      vertex 2.231463566131803 -14.116501073556773 -3
      vertex 2.231463566131803 -14.116501073556773 -6
      vertex 2.3245995867087146 -14.403144270804349 -3
    endloop
  endfacet
  facet normal -0.24868988716486193 -0.9685831611286293 0
    outer loop
      vertex 0.44971515500573894 -12.642510598251146 -3
      vertex 0.7416407864998737 -12.717464360891633 -6
      vertex 0.7416407864998737 -12.717464360891633 -3
    endloop
  endfacet
  facet normal -0.3681245526846739 -0.929776485888253 0
    outer loop
      vertex 0.7416407864998737 -12.717464360891633 -3
      vertex 1.0218702997561744 -12.828415074081553 -6
      vertex 1.0218702997561744 -12.828415074081553 -3
    endloop
  endfacet
  facet normal -0.4817536741017143 -0.876306680043864 0
    outer loop
      vertex 1.0218702997561744 -12.828415074081553 -3
      vertex 1.2859843079495918 -12.973612978795163 -6
      vertex 1.2859843079495918 -12.973612978795163 -3
    endloop
  endfacet
  facet normal 0 -1 0
    outer loop
      vertex -0.15069724687035185 -12.604735851772148 -3
      vertex 0.15069724687035185 -12.604735851772148 -6
      vertex 0.15069724687035185 -12.604735851772148 -3
    endloop
  endfacet
  facet normal -0.12533323356430243 -0.992114701314478 0
    outer loop
      vertex 0.15069724687035185 -12.604735851772148 -3
      vertex 0.44971515500573894 -12.642510598251146 -6
      vertex 0.44971515500573894 -12.642510598251146 -3
    endloop
  endfacet
  facet normal -0.7705132427757903 -0.6374239897486885 0
    outer loop
      vertex 1.9416407864998737 -13.589315394498065 -3
      vertex 1.7495247058113876 -13.357086945771147 -3
      vertex 1.7495247058113876 -13.357086945771147 -6
    endloop
  endfacet
  facet normal -0.844327925502014 -0.5358267949789984 0
    outer loop
      vertex 1.9416407864998737 -13.589315394498065 -3
      vertex 1.9416407864998737 -13.589315394498065 -6
      vertex 2.1031360321052723 -13.843791182155883 -3
    endloop
  endfacet
  facet normal -0.5877852522924745 -0.8090169943749463 0
    outer loop
      vertex 1.2859843079495918 -12.973612978795163 -3
      vertex 1.5298175753968553 -13.150768217338106 -6
      vertex 1.5298175753968553 -13.150768217338106 -3
    endloop
  endfacet
  facet normal -0.6845471059286888 -0.7289686274214114 0
    outer loop
      vertex 1.5298175753968553 -13.150768217338106 -3
      vertex 1.7495247058113876 -13.357086945771147 -6
      vertex 1.7495247058113876 -13.357086945771147 -3
    endloop
  endfacet
  facet normal -0.9048270524660199 -0.42577929156507194 0
    outer loop
      vertex 2.231463566131803 -14.116501073556773 -3
      vertex 2.1031360321052723 -13.843791182155883 -3
      vertex 2.1031360321052723 -13.843791182155883 -6
    endloop
  endfacet
  facet normal 0.5877852522924717 0.8090169943749485 0
    outer loop
      vertex -1.2859843079495923 -17.026387021204837 3
      vertex -1.529817575396855 -16.849231782661896 3
      vertex -1.2859843079495923 -17.026387021204837 6
    endloop
  endfacet
  facet normal 0.4817536741017083 0.8763066800438676 0
    outer loop
      vertex -1.2859843079495923 -17.026387021204837 3
      vertex -1.0218702997561737 -17.171584925918445 6
      vertex -1.0218702997561737 -17.171584925918445 3
    endloop
  endfacet
  facet normal 0.36812455268467975 0.9297764858882507 0
    outer loop
      vertex -1.0218702997561737 -17.171584925918445 3
      vertex -0.7416407864998737 -17.282535639108367 6
      vertex -0.7416407864998737 -17.282535639108367 3
    endloop
  endfacet
  facet normal 0.24868988716486246 0.9685831611286293 0
    outer loop
      vertex -0.7416407864998737 -17.282535639108367 3
      vertex -0.44971515500573955 -17.357489401748854 6
      vertex -0.44971515500573955 -17.357489401748854 3
    endloop
  endfacet
  facet normal 0.12533323356430265 0.992114701314478 0
    outer loop
      vertex -0.44971515500573955 -17.357489401748854 3
      vertex -0.15069724687035302 -17.395264148227852 6
      vertex -0.15069724687035302 -17.395264148227852 3
    endloop
  endfacet
  facet normal 0.5877852522924717 0.8090169943749485 0
    outer loop
      vertex -1.529817575396855 -16.849231782661896 3
      vertex -1.529817575396855 -16.849231782661896 6
      vertex -1.2859843079495923 -17.026387021204837 6
    endloop
  endfacet
  facet normal 0.4817536741017083 0.8763066800438676 0
    outer loop
      vertex -1.2859843079495923 -17.026387021204837 3
      vertex -1.2859843079495923 -17.026387021204837 6
      vertex -1.0218702997561737 -17.171584925918445 6
    endloop
  endfacet
  facet normal 0.36812455268467975 0.9297764858882507 0
    outer loop
      vertex -1.0218702997561737 -17.171584925918445 3
      vertex -1.0218702997561737 -17.171584925918445 6
      vertex -0.7416407864998737 -17.282535639108367 6
    endloop
  endfacet
  facet normal 0.24868988716486246 0.9685831611286293 0
    outer loop
      vertex -0.7416407864998737 -17.282535639108367 3
      vertex -0.7416407864998737 -17.282535639108367 6
      vertex -0.44971515500573955 -17.357489401748854 6
    endloop
  endfacet
  facet normal 0.12533323356430265 0.992114701314478 0
    outer loop
      vertex -0.44971515500573955 -17.357489401748854 3
      vertex -0.44971515500573955 -17.357489401748854 6
      vertex -0.15069724687035302 -17.395264148227852 6
    endloop
  endfacet
  facet normal 0 1 0
    outer loop
      vertex -0.15069724687035302 -17.395264148227852 3
      vertex -0.15069724687035302 -17.395264148227852 6
      vertex 0.15069724687035302 -17.395264148227852 6
    endloop
  endfacet
  facet normal 0.9048270524660192 0.4257792915650731 0
    outer loop
      vertex -2.1031360321052723 -16.156208817844117 3
      vertex -2.2314635661318034 -15.883498926443227 3
      vertex -2.2314635661318034 -15.883498926443227 6
    endloop
  endfacet
  facet normal 0.9510565162951539 0.30901699437494634 0
    outer loop
      vertex -2.3245995867087146 -15.596855729195651 3
      vertex -2.3245995867087146 -15.596855729195651 6
      vertex -2.2314635661318034 -15.883498926443227 3
    endloop
  endfacet
  facet normal 0.844327925502014 0.5358267949789984 0
    outer loop
      vertex -1.9416407864998737 -16.410684605501935 3
      vertex -2.1031360321052723 -16.156208817844117 3
      vertex -2.1031360321052723 -16.156208817844117 6
    endloop
  endfacet
  facet normal 0.7705132427757906 0.637423989748688 0
    outer loop
      vertex -1.7495247058113879 -16.642913054228853 3
      vertex -1.9416407864998737 -16.410684605501935 3
      vertex -1.9416407864998737 -16.410684605501935 6
    endloop
  endfacet
  facet normal 0.6845471059286913 0.7289686274214092 0
    outer loop
      vertex -1.7495247058113879 -16.642913054228853 3
      vertex -1.529817575396855 -16.849231782661896 6
      vertex -1.529817575396855 -16.849231782661896 3
    endloop
  endfacet
  facet normal 0.9822872507286886 0.18738131458572527 0
    outer loop
      vertex -2.3245995867087146 -15.596855729195651 3
      vertex -2.381075283154747 -15.30079976055433 3
      vertex -2.381075283154747 -15.30079976055433 6
    endloop
  endfacet
  facet normal 0.9980267284282716 0.06279051952931301 0
    outer loop
      vertex -2.381075283154747 -15.30079976055433 3
      vertex -2.4 -15 3
      vertex -2.4 -15 6
    endloop
  endfacet
  facet normal 0.9980267284282716 -0.06279051952931301 0
    outer loop
      vertex -2.4 -15 3
      vertex -2.381075283154747 -14.69920023944567 3
      vertex -2.381075283154747 -14.69920023944567 6
    endloop
  endfacet
  facet normal 0.9822872507286886 -0.18738131458572527 0
    outer loop
      vertex -2.381075283154747 -14.69920023944567 3
      vertex -2.3245995867087146 -14.403144270804349 3
      vertex -2.3245995867087146 -14.403144270804349 6
    endloop
  endfacet
  facet normal 0.9510565162951539 -0.30901699437494634 0
    outer loop
      vertex -2.3245995867087146 -14.403144270804349 3
      vertex -2.2314635661318034 -14.116501073556773 3
      vertex -2.2314635661318034 -14.116501073556773 6
    endloop
  endfacet
  facet normal 0.9048270524660192 -0.4257792915650731 0
    outer loop
      vertex -2.2314635661318034 -14.116501073556773 3
      vertex -2.1031360321052723 -13.843791182155883 3
      vertex -2.1031360321052723 -13.843791182155883 6
    endloop
  endfacet
  facet normal 0.844327925502014 -0.5358267949789984 0
    outer loop
      vertex -2.1031360321052723 -13.843791182155883 3
      vertex -1.9416407864998737 -13.589315394498065 3
      vertex -1.9416407864998737 -13.589315394498065 6
    endloop
  endfacet
  facet normal 0.7705132427757906 -0.637423989748688 0
    outer loop
      vertex -1.9416407864998737 -13.589315394498065 3
      vertex -1.7495247058113879 -13.357086945771147 3
      vertex -1.7495247058113879 -13.357086945771147 6
    endloop
  endfacet
  facet normal 0.6845471059286881 -0.7289686274214121 0
    outer loop
      vertex -1.7495247058113879 -13.357086945771147 3
      vertex -1.529817575396855 -13.150768217338106 3
      vertex -1.7495247058113879 -13.357086945771147 6
    endloop
  endfacet
  facet normal 0.5877852522924756 -0.8090169943749457 0
    outer loop
      vertex -1.529817575396855 -13.150768217338106 3
      vertex -1.2859843079495923 -12.973612978795163 3
      vertex -1.529817575396855 -13.150768217338106 6
    endloop
  endfacet
  facet normal 0.4817536741017137 -0.8763066800438645 0
    outer loop
      vertex -1.2859843079495923 -12.973612978795163 3
      vertex -1.0218702997561744 -12.828415074081553 3
      vertex -1.2859843079495923 -12.973612978795163 6
    endloop
  endfacet
  facet normal 0.3681245526846739 -0.929776485888253 0
    outer loop
      vertex -1.0218702997561744 -12.828415074081553 3
      vertex -0.7416407864998737 -12.717464360891633 3
      vertex -1.0218702997561744 -12.828415074081553 6
    endloop
  endfacet
  facet normal 0.24868988716486193 -0.9685831611286293 0
    outer loop
      vertex -0.7416407864998737 -12.717464360891633 3
      vertex -0.44971515500573894 -12.642510598251146 3
      vertex -0.7416407864998737 -12.717464360891633 6
    endloop
  endfacet
  facet normal 0.12533323356430243 -0.992114701314478 0
    outer loop
      vertex -0.44971515500573894 -12.642510598251146 3
      vertex -0.15069724687035185 -12.604735851772148 3
      vertex -0.44971515500573894 -12.642510598251146 6
    endloop
  endfacet
  facet normal 0 -1 0
    outer loop
      vertex -0.15069724687035185 -12.604735851772148 3
      vertex 0.15069724687035185 -12.604735851772148 3
      vertex -0.15069724687035185 -12.604735851772148 6
    endloop
  endfacet
  facet normal 0.9048270524660192 0.4257792915650731 0
    outer loop
      vertex -2.1031360321052723 -16.156208817844117 3
      vertex -2.2314635661318034 -15.883498926443227 6
      vertex -2.1031360321052723 -16.156208817844117 6
    endloop
  endfacet
  facet normal 0.9822872507286886 0.18738131458572527 0
    outer loop
      vertex -2.3245995867087146 -15.596855729195651 3
      vertex -2.381075283154747 -15.30079976055433 6
      vertex -2.3245995867087146 -15.596855729195651 6
    endloop
  endfacet
  facet normal 0.9510565162951539 0.30901699437494634 0
    outer loop
      vertex -2.2314635661318034 -15.883498926443227 3
      vertex -2.3245995867087146 -15.596855729195651 6
      vertex -2.2314635661318034 -15.883498926443227 6
    endloop
  endfacet
  facet normal 0.7705132427757906 0.637423989748688 0
    outer loop
      vertex -1.7495247058113879 -16.642913054228853 3
      vertex -1.9416407864998737 -16.410684605501935 6
      vertex -1.7495247058113879 -16.642913054228853 6
    endloop
  endfacet
  facet normal 0.844327925502014 0.5358267949789984 0
    outer loop
      vertex -1.9416407864998737 -16.410684605501935 3
      vertex -2.1031360321052723 -16.156208817844117 6
      vertex -1.9416407864998737 -16.410684605501935 6
    endloop
  endfacet
  facet normal 0.6845471059286913 0.7289686274214092 0
    outer loop
      vertex -1.7495247058113879 -16.642913054228853 3
      vertex -1.7495247058113879 -16.642913054228853 6
      vertex -1.529817575396855 -16.849231782661896 6
    endloop
  endfacet
  facet normal 0.9980267284282716 0.06279051952931301 0
    outer loop
      vertex -2.381075283154747 -15.30079976055433 3
      vertex -2.4 -15 6
      vertex -2.381075283154747 -15.30079976055433 6
    endloop
  endfacet
  facet normal 0.9980267284282716 -0.06279051952931301 0
    outer loop
      vertex -2.4 -15 3
      vertex -2.381075283154747 -14.69920023944567 6
      vertex -2.4 -15 6
    endloop
  endfacet
  facet normal 0.9822872507286886 -0.18738131458572527 0
    outer loop
      vertex -2.381075283154747 -14.69920023944567 3
      vertex -2.3245995867087146 -14.403144270804349 6
      vertex -2.381075283154747 -14.69920023944567 6
    endloop
  endfacet
  facet normal 0.9510565162951539 -0.30901699437494634 0
    outer loop
      vertex -2.3245995867087146 -14.403144270804349 3
      vertex -2.2314635661318034 -14.116501073556773 6
      vertex -2.3245995867087146 -14.403144270804349 6
    endloop
  endfacet
  facet normal 0.9048270524660192 -0.4257792915650731 0
    outer loop
      vertex -2.2314635661318034 -14.116501073556773 3
      vertex -2.1031360321052723 -13.843791182155883 6
      vertex -2.2314635661318034 -14.116501073556773 6
    endloop
  endfacet
  facet normal 0.844327925502014 -0.5358267949789984 0
    outer loop
      vertex -2.1031360321052723 -13.843791182155883 3
      vertex -1.9416407864998737 -13.589315394498065 6
      vertex -2.1031360321052723 -13.843791182155883 6
    endloop
  endfacet
  facet normal 0.7705132427757906 -0.637423989748688 0
    outer loop
      vertex -1.9416407864998737 -13.589315394498065 3
      vertex -1.7495247058113879 -13.357086945771147 6
      vertex -1.9416407864998737 -13.589315394498065 6
    endloop
  endfacet
  facet normal 0.6845471059286881 -0.7289686274214121 0
    outer loop
      vertex -1.529817575396855 -13.150768217338106 3
      vertex -1.529817575396855 -13.150768217338106 6
      vertex -1.7495247058113879 -13.357086945771147 6
    endloop
  endfacet
  facet normal 0.5877852522924756 -0.8090169943749457 0
    outer loop
      vertex -1.2859843079495923 -12.973612978795163 3
      vertex -1.2859843079495923 -12.973612978795163 6
      vertex -1.529817575396855 -13.150768217338106 6
    endloop
  endfacet
  facet normal 0.4817536741017137 -0.8763066800438645 0
    outer loop
      vertex -1.0218702997561744 -12.828415074081553 3
      vertex -1.0218702997561744 -12.828415074081553 6
      vertex -1.2859843079495923 -12.973612978795163 6
    endloop
  endfacet
  facet normal 0.3681245526846739 -0.929776485888253 0
    outer loop
      vertex -0.7416407864998737 -12.717464360891633 3
      vertex -0.7416407864998737 -12.717464360891633 6
      vertex -1.0218702997561744 -12.828415074081553 6
    endloop
  endfacet
  facet normal 0.24868988716486193 -0.9685831611286293 0
    outer loop
      vertex -0.44971515500573894 -12.642510598251146 3
      vertex -0.44971515500573894 -12.642510598251146 6
      vertex -0.7416407864998737 -12.717464360891633 6
    endloop
  endfacet
  facet normal 0.12533323356430243 -0.992114701314478 0
    outer loop
      vertex -0.15069724687035185 -12.604735851772148 3
      vertex -0.15069724687035185 -12.604735851772148 6
      vertex -0.44971515500573894 -12.642510598251146 6
    endloop
  endfacet
  facet normal 0 1 0
    outer loop
      vertex -0.15069724687035302 -17.395264148227852 3
      vertex 0.15069724687035302 -17.395264148227852 6
      vertex 0.15069724687035302 -17.395264148227852 3
    endloop
  endfacet
  facet normal -0.12533323356430265 0.992114701314478 0
    outer loop
      vertex 0.15069724687035302 -17.395264148227852 3
      vertex 0.44971515500573955 -17.357489401748854 6
      vertex 0.44971515500573955 -17.357489401748854 3
    endloop
  endfacet
  facet normal -0.24868988716486246 0.9685831611286293 0
    outer loop
      vertex 0.44971515500573955 -17.357489401748854 3
      vertex 0.7416407864998737 -17.282535639108367 6
      vertex 0.7416407864998737 -17.282535639108367 3
    endloop
  endfacet
  facet normal -0.36812455268467975 0.9297764858882507 0
    outer loop
      vertex 0.7416407864998737 -17.282535639108367 3
      vertex 1.0218702997561737 -17.171584925918445 6
      vertex 1.0218702997561737 -17.171584925918445 3
    endloop
  endfacet
  facet normal -0.4817536741017101 0.8763066800438665 0
    outer loop
      vertex 1.0218702997561737 -17.171584925918445 3
      vertex 1.285984307949591 -17.026387021204837 6
      vertex 1.285984307949591 -17.026387021204837 3
    endloop
  endfacet
  facet normal -0.5877852522924759 0.8090169943749453 0
    outer loop
      vertex 1.285984307949591 -17.026387021204837 3
      vertex 1.529817575396856 -16.849231782661892 6
      vertex 1.529817575396856 -16.849231782661892 3
    endloop
  endfacet
  facet normal -0.12533323356430265 0.992114701314478 0
    outer loop
      vertex 0.15069724687035302 -17.395264148227852 3
      vertex 0.15069724687035302 -17.395264148227852 6
      vertex 0.44971515500573955 -17.357489401748854 6
    endloop
  endfacet
  facet normal -0.24868988716486246 0.9685831611286293 0
    outer loop
      vertex 0.44971515500573955 -17.357489401748854 3
      vertex 0.44971515500573955 -17.357489401748854 6
      vertex 0.7416407864998737 -17.282535639108367 6
    endloop
  endfacet
  facet normal -0.36812455268467975 0.9297764858882507 0
    outer loop
      vertex 0.7416407864998737 -17.282535639108367 3
      vertex 0.7416407864998737 -17.282535639108367 6
      vertex 1.0218702997561737 -17.171584925918445 6
    endloop
  endfacet
  facet normal -0.4817536741017101 0.8763066800438665 0
    outer loop
      vertex 1.0218702997561737 -17.171584925918445 3
      vertex 1.0218702997561737 -17.171584925918445 6
      vertex 1.285984307949591 -17.026387021204837 6
    endloop
  endfacet
  facet normal -0.5877852522924759 0.8090169943749453 0
    outer loop
      vertex 1.285984307949591 -17.026387021204837 3
      vertex 1.285984307949591 -17.026387021204837 6
      vertex 1.529817575396856 -16.849231782661892 6
    endloop
  endfacet
  facet normal -0.6845471059286864 0.7289686274214136 0
    outer loop
      vertex 1.529817575396856 -16.849231782661892 3
      vertex 1.7495247058113879 -16.642913054228853 6
      vertex 1.7495247058113879 -16.642913054228853 3
    endloop
  endfacet
  facet normal -0.7705132427757906 0.637423989748688 0
    outer loop
      vertex 1.7495247058113879 -16.642913054228853 3
      vertex 1.7495247058113879 -16.642913054228853 6
      vertex 1.9416407864998737 -16.410684605501935 3
    endloop
  endfacet
  facet normal -0.844327925502014 0.5358267949789984 0
    outer loop
      vertex 1.9416407864998737 -16.410684605501935 3
      vertex 1.9416407864998737 -16.410684605501935 6
      vertex 2.1031360321052723 -16.156208817844117 3
    endloop
  endfacet
  facet normal -0.9048270524660199 0.42577929156507194 0
    outer loop
      vertex 2.1031360321052723 -16.156208817844117 3
      vertex 2.1031360321052723 -16.156208817844117 6
      vertex 2.231463566131803 -15.883498926443227 3
    endloop
  endfacet
  facet normal -0.9510565162951534 0.3090169943749477 0
    outer loop
      vertex 2.231463566131803 -15.883498926443227 3
      vertex 2.231463566131803 -15.883498926443227 6
      vertex 2.3245995867087146 -15.596855729195651 3
    endloop
  endfacet
  facet normal -0.9822872507286886 0.18738131458572527 0
    outer loop
      vertex 2.3245995867087146 -15.596855729195651 3
      vertex 2.3245995867087146 -15.596855729195651 6
      vertex 2.381075283154747 -15.30079976055433 3
    endloop
  endfacet
  facet normal -0.9980267284282716 0.06279051952931301 0
    outer loop
      vertex 2.381075283154747 -15.30079976055433 3
      vertex 2.381075283154747 -15.30079976055433 6
      vertex 2.4 -15 3
    endloop
  endfacet
  facet normal -0.9980267284282716 -0.06279051952931301 0
    outer loop
      vertex 2.4 -15 3
      vertex 2.4 -15 6
      vertex 2.381075283154747 -14.69920023944567 3
    endloop
  endfacet
  facet normal -0.9822872507286886 -0.18738131458572527 0
    outer loop
      vertex 2.381075283154747 -14.69920023944567 3
      vertex 2.381075283154747 -14.69920023944567 6
      vertex 2.3245995867087146 -14.403144270804349 3
    endloop
  endfacet
  facet normal -0.9510565162951534 -0.3090169943749477 0
    outer loop
      vertex 2.231463566131803 -14.116501073556773 3
      vertex 2.3245995867087146 -14.403144270804349 3
      vertex 2.3245995867087146 -14.403144270804349 6
    endloop
  endfacet
  facet normal -0.24868988716486193 -0.9685831611286293 0
    outer loop
      vertex 0.44971515500573894 -12.642510598251146 3
      vertex 0.7416407864998737 -12.717464360891633 3
      vertex 0.44971515500573894 -12.642510598251146 6
    endloop
  endfacet
  facet normal -0.3681245526846739 -0.929776485888253 0
    outer loop
      vertex 0.7416407864998737 -12.717464360891633 3
      vertex 1.0218702997561744 -12.828415074081553 3
      vertex 0.7416407864998737 -12.717464360891633 6
    endloop
  endfacet
  facet normal -0.5877852522924745 -0.8090169943749463 0
    outer loop
      vertex 1.2859843079495918 -12.973612978795163 3
      vertex 1.5298175753968553 -13.150768217338106 3
      vertex 1.2859843079495918 -12.973612978795163 6
    endloop
  endfacet
  facet normal -0.4817536741017143 -0.876306680043864 0
    outer loop
      vertex 1.0218702997561744 -12.828415074081553 3
      vertex 1.2859843079495918 -12.973612978795163 3
      vertex 1.0218702997561744 -12.828415074081553 6
    endloop
  endfacet
  facet normal -0.12533323356430243 -0.992114701314478 0
    outer loop
      vertex 0.15069724687035185 -12.604735851772148 3
      vertex 0.44971515500573894 -12.642510598251146 3
      vertex 0.15069724687035185 -12.604735851772148 6
    endloop
  endfacet
  facet normal -0.844327925502014 -0.5358267949789984 0
    outer loop
      vertex 1.9416407864998737 -13.589315394498065 3
      vertex 2.1031360321052723 -13.843791182155883 3
      vertex 2.1031360321052723 -13.843791182155883 6
    endloop
  endfacet
  facet normal -0.7705132427757903 -0.6374239897486885 0
    outer loop
      vertex 1.9416407864998737 -13.589315394498065 3
      vertex 1.9416407864998737 -13.589315394498065 6
      vertex 1.7495247058113876 -13.357086945771147 3
    endloop
  endfacet
  facet normal -0.6845471059286888 -0.7289686274214114 0
    outer loop
      vertex 1.5298175753968553 -13.150768217338106 3
      vertex 1.7495247058113876 -13.357086945771147 3
      vertex 1.5298175753968553 -13.150768217338106 6
    endloop
  endfacet
  facet normal -0.9048270524660199 -0.42577929156507194 0
    outer loop
      vertex 2.231463566131803 -14.116501073556773 3
      vertex 2.231463566131803 -14.116501073556773 6
      vertex 2.1031360321052723 -13.843791182155883 3
    endloop
  endfacet
  facet normal -0.6845471059286864 0.7289686274214136 0
    outer loop
      vertex 1.529817575396856 -16.849231782661892 3
      vertex 1.529817575396856 -16.849231782661892 6
      vertex 1.7495247058113879 -16.642913054228853 6
    endloop
  endfacet
  facet normal -0.7705132427757906 0.637423989748688 0
    outer loop
      vertex 1.9416407864998737 -16.410684605501935 3
      vertex 1.7495247058113879 -16.642913054228853 6
      vertex 1.9416407864998737 -16.410684605501935 6
    endloop
  endfacet
  facet normal -0.844327925502014 0.5358267949789984 0
    outer loop
      vertex 2.1031360321052723 -16.156208817844117 3
      vertex 1.9416407864998737 -16.410684605501935 6
      vertex 2.1031360321052723 -16.156208817844117 6
    endloop
  endfacet
  facet normal -0.9048270524660199 0.42577929156507194 0
    outer loop
      vertex 2.231463566131803 -15.883498926443227 3
      vertex 2.1031360321052723 -16.156208817844117 6
      vertex 2.231463566131803 -15.883498926443227 6
    endloop
  endfacet
  facet normal -0.9510565162951534 0.3090169943749477 0
    outer loop
      vertex 2.3245995867087146 -15.596855729195651 3
      vertex 2.231463566131803 -15.883498926443227 6
      vertex 2.3245995867087146 -15.596855729195651 6
    endloop
  endfacet
  facet normal -0.9822872507286886 0.18738131458572527 0
    outer loop
      vertex 2.381075283154747 -15.30079976055433 3
      vertex 2.3245995867087146 -15.596855729195651 6
      vertex 2.381075283154747 -15.30079976055433 6
    endloop
  endfacet
  facet normal -0.9980267284282716 0.06279051952931301 0
    outer loop
      vertex 2.4 -15 3
      vertex 2.381075283154747 -15.30079976055433 6
      vertex 2.4 -15 6
    endloop
  endfacet
  facet normal -0.9980267284282716 -0.06279051952931301 0
    outer loop
      vertex 2.381075283154747 -14.69920023944567 3
      vertex 2.4 -15 6
      vertex 2.381075283154747 -14.69920023944567 6
    endloop
  endfacet
  facet normal -0.9822872507286886 -0.18738131458572527 0
    outer loop
      vertex 2.3245995867087146 -14.403144270804349 3
      vertex 2.381075283154747 -14.69920023944567 6
      vertex 2.3245995867087146 -14.403144270804349 6
    endloop
  endfacet
  facet normal -0.9510565162951534 -0.3090169943749477 0
    outer loop
      vertex 2.231463566131803 -14.116501073556773 3
      vertex 2.3245995867087146 -14.403144270804349 6
      vertex 2.231463566131803 -14.116501073556773 6
    endloop
  endfacet
  facet normal -0.24868988716486193 -0.9685831611286293 0
    outer loop
      vertex 0.7416407864998737 -12.717464360891633 3
      vertex 0.7416407864998737 -12.717464360891633 6
      vertex 0.44971515500573894 -12.642510598251146 6
    endloop
  endfacet
  facet normal -0.3681245526846739 -0.929776485888253 0
    outer loop
      vertex 1.0218702997561744 -12.828415074081553 3
      vertex 1.0218702997561744 -12.828415074081553 6
      vertex 0.7416407864998737 -12.717464360891633 6
    endloop
  endfacet
  facet normal -0.4817536741017143 -0.876306680043864 0
    outer loop
      vertex 1.2859843079495918 -12.973612978795163 3
      vertex 1.2859843079495918 -12.973612978795163 6
      vertex 1.0218702997561744 -12.828415074081553 6
    endloop
  endfacet
  facet normal 0 -1 0
    outer loop
      vertex 0.15069724687035185 -12.604735851772148 3
      vertex 0.15069724687035185 -12.604735851772148 6
      vertex -0.15069724687035185 -12.604735851772148 6
    endloop
  endfacet
  facet normal -0.12533323356430243 -0.992114701314478 0
    outer loop
      vertex 0.44971515500573894 -12.642510598251146 3
      vertex 0.44971515500573894 -12.642510598251146 6
      vertex 0.15069724687035185 -12.604735851772148 6
    endloop
  endfacet
  facet normal -0.7705132427757903 -0.6374239897486885 0
    outer loop
      vertex 1.7495247058113876 -13.357086945771147 3
      vertex 1.9416407864998737 -13.589315394498065 6
      vertex 1.7495247058113876 -13.357086945771147 6
    endloop
  endfacet
  facet normal -0.844327925502014 -0.5358267949789984 0
    outer loop
      vertex 1.9416407864998737 -13.589315394498065 3
      vertex 2.1031360321052723 -13.843791182155883 6
      vertex 1.9416407864998737 -13.589315394498065 6
    endloop
  endfacet
  facet normal -0.5877852522924745 -0.8090169943749463 0
    outer loop
      vertex 1.5298175753968553 -13.150768217338106 3
      vertex 1.5298175753968553 -13.150768217338106 6
      vertex 1.2859843079495918 -12.973612978795163 6
    endloop
  endfacet
  facet normal -0.6845471059286888 -0.7289686274214114 0
    outer loop
      vertex 1.7495247058113876 -13.357086945771147 3
      vertex 1.7495247058113876 -13.357086945771147 6
      vertex 1.5298175753968553 -13.150768217338106 6
    endloop
  endfacet
  facet normal -0.9048270524660199 -0.42577929156507194 0
    outer loop
      vertex 2.1031360321052723 -13.843791182155883 3
      vertex 2.231463566131803 -14.116501073556773 6
      vertex 2.1031360321052723 -13.843791182155883 6
    endloop
  endfacet
  facet normal 0.7705132427757895 0.6374239897486894 0
    outer loop
      vertex -16.941640786499875 -1.4106846055019355 -3
      vertex -16.74952470581139 -1.6429130542288524 -6
      vertex -16.941640786499875 -1.4106846055019355 -6
    endloop
  endfacet
  facet normal 0.8443279255020165 0.5358267949789943 0
    outer loop
      vertex -17.103136032105272 -1.1562088178441168 -3
      vertex -16.941640786499875 -1.4106846055019355 -6
      vertex -17.103136032105272 -1.1562088178441168 -6
    endloop
  endfacet
  facet normal 0.9048270524660181 0.4257792915650754 0
    outer loop
      vertex -17.231463566131804 -0.8834989264432268 -3
      vertex -17.103136032105272 -1.1562088178441168 -6
      vertex -17.231463566131804 -0.8834989264432268 -6
    endloop
  endfacet
  facet normal 0.9510565162951544 0.3090169943749448 0
    outer loop
      vertex -17.324599586708715 -0.5968557291956517 -3
      vertex -17.231463566131804 -0.8834989264432268 -6
      vertex -17.324599586708715 -0.5968557291956517 -6
    endloop
  endfacet
  facet normal 0.9822872507286886 0.18738131458572463 0
    outer loop
      vertex -17.381075283154747 -0.3007997605543297 -3
      vertex -17.324599586708715 -0.5968557291956517 -6
      vertex -17.381075283154747 -0.3007997605543297 -6
    endloop
  endfacet
  facet normal 0.9980267284282719 0.06279051952930872 0
    outer loop
      vertex -17.4 0 -3
      vertex -17.381075283154747 -0.3007997605543297 -6
      vertex -17.4 0 -6
    endloop
  endfacet
  facet normal 0.9510565162951544 0.3090169943749448 0
    outer loop
      vertex -17.231463566131804 -0.8834989264432268 -3
      vertex -17.231463566131804 -0.8834989264432268 -6
      vertex -17.324599586708715 -0.5968557291956517 -3
    endloop
  endfacet
  facet normal 0.9048270524660181 0.4257792915650754 0
    outer loop
      vertex -17.103136032105272 -1.1562088178441168 -3
      vertex -17.103136032105272 -1.1562088178441168 -6
      vertex -17.231463566131804 -0.8834989264432268 -3
    endloop
  endfacet
  facet normal 0.8443279255020165 0.5358267949789943 0
    outer loop
      vertex -16.941640786499875 -1.4106846055019355 -3
      vertex -16.941640786499875 -1.4106846055019355 -6
      vertex -17.103136032105272 -1.1562088178441168 -3
    endloop
  endfacet
  facet normal 0.9822872507286886 0.18738131458572463 0
    outer loop
      vertex -17.324599586708715 -0.5968557291956517 -3
      vertex -17.324599586708715 -0.5968557291956517 -6
      vertex -17.381075283154747 -0.3007997605543297 -3
    endloop
  endfacet
  facet normal 0.9980267284282719 0.06279051952930872 0
    outer loop
      vertex -17.381075283154747 -0.3007997605543297 -3
      vertex -17.381075283154747 -0.3007997605543297 -6
      vertex -17.4 0 -3
    endloop
  endfacet
  facet normal 0.6845471059286874 0.7289686274214127 0
    outer loop
      vertex -16.529817575396855 -1.8492317826618945 -3
      vertex -16.529817575396855 -1.8492317826618945 -6
      vertex -16.74952470581139 -1.6429130542288524 -6
    endloop
  endfacet
  facet normal 0.5877852522924751 0.8090169943749459 0
    outer loop
      vertex -16.285984307949594 -2.026387021204836 -3
      vertex -16.285984307949594 -2.026387021204836 -6
      vertex -16.529817575396855 -1.8492317826618945 -6
    endloop
  endfacet
  facet normal 0.4817536741017126 0.8763066800438651 0
    outer loop
      vertex -16.021870299756173 -2.171584925918447 -3
      vertex -16.021870299756173 -2.171584925918447 -6
      vertex -16.285984307949594 -2.026387021204836 -6
    endloop
  endfacet
  facet normal 0.36812455268467725 0.9297764858882517 0
    outer loop
      vertex -15.741640786499874 -2.282535639108368 -3
      vertex -15.741640786499874 -2.282535639108368 -6
      vertex -16.021870299756173 -2.171584925918447 -6
    endloop
  endfacet
  facet normal 0.24868988716485543 0.968583161128631 0
    outer loop
      vertex -15.44971515500574 -2.3574894017488526 -3
      vertex -15.44971515500574 -2.3574894017488526 -6
      vertex -15.741640786499874 -2.282535639108368 -6
    endloop
  endfacet
  facet normal 0.12533323356430556 0.9921147013144777 0
    outer loop
      vertex -15.150697246870353 -2.395264148227852 -3
      vertex -15.150697246870353 -2.395264148227852 -6
      vertex -15.44971515500574 -2.3574894017488526 -6
    endloop
  endfacet
  facet normal 0 1 0
    outer loop
      vertex -14.849302753129647 -2.395264148227852 -3
      vertex -14.849302753129647 -2.395264148227852 -6
      vertex -15.150697246870353 -2.395264148227852 -6
    endloop
  endfacet
  facet normal -0.12533323356430556 0.9921147013144777 0
    outer loop
      vertex -14.55028484499426 -2.3574894017488526 -3
      vertex -14.55028484499426 -2.3574894017488526 -6
      vertex -14.849302753129647 -2.395264148227852 -6
    endloop
  endfacet
  facet normal -0.24868988716485543 0.968583161128631 0
    outer loop
      vertex -14.258359213500126 -2.282535639108368 -3
      vertex -14.258359213500126 -2.282535639108368 -6
      vertex -14.55028484499426 -2.3574894017488526 -6
    endloop
  endfacet
  facet normal -0.36812455268467725 0.9297764858882517 0
    outer loop
      vertex -13.978129700243827 -2.171584925918447 -3
      vertex -13.978129700243827 -2.171584925918447 -6
      vertex -14.258359213500126 -2.282535639108368 -6
    endloop
  endfacet
  facet normal -0.48175367410171527 0.8763066800438636 0
    outer loop
      vertex -13.71401569205041 -2.0263870212048367 -3
      vertex -13.71401569205041 -2.0263870212048367 -6
      vertex -13.978129700243827 -2.171584925918447 -6
    endloop
  endfacet
  facet normal -0.5877852522924734 0.8090169943749472 0
    outer loop
      vertex -13.470182424603145 -1.8492317826618936 -3
      vertex -13.470182424603145 -1.8492317826618936 -6
      vertex -13.71401569205041 -2.0263870212048367 -6
    endloop
  endfacet
  facet normal -0.6845471059286887 0.7289686274214113 0
    outer loop
      vertex -13.250475294188613 -1.6429130542288524 -3
      vertex -13.250475294188613 -1.6429130542288524 -6
      vertex -13.470182424603145 -1.8492317826618936 -6
    endloop
  endfacet
  facet normal -0.7705132427757866 0.637423989748693 0
    outer loop
      vertex -13.250475294188613 -1.6429130542288524 -3
      vertex -13.058359213500125 -1.4106846055019355 -6
      vertex -13.250475294188613 -1.6429130542288524 -6
    endloop
  endfacet
  facet normal -0.8443279255020165 0.5358267949789943 0
    outer loop
      vertex -13.058359213500125 -1.4106846055019355 -3
      vertex -12.896863967894728 -1.1562088178441168 -6
      vertex -13.058359213500125 -1.4106846055019355 -6
    endloop
  endfacet
  facet normal -0.9048270524660198 0.42577929156507216 0
    outer loop
      vertex -12.896863967894728 -1.1562088178441168 -3
      vertex -12.768536433868197 -0.883498926443228 -6
      vertex -12.896863967894728 -1.1562088178441168 -6
    endloop
  endfacet
  facet normal -0.9510565162951534 0.30901699437494795 0
    outer loop
      vertex -12.768536433868197 -0.883498926443228 -3
      vertex -12.675400413291285 -0.5968557291956507 -6
      vertex -12.768536433868197 -0.883498926443228 -6
    endloop
  endfacet
  facet normal -0.9822872507286886 0.18738131458572524 0
    outer loop
      vertex -12.675400413291285 -0.5968557291956507 -3
      vertex -12.618924716845253 -0.3007997605543297 -6
      vertex -12.675400413291285 -0.5968557291956507 -6
    endloop
  endfacet
  facet normal -0.9980267284282714 0.0627905195293146 0
    outer loop
      vertex -12.618924716845253 -0.3007997605543297 -3
      vertex -12.6 0 -6
      vertex -12.618924716845253 -0.3007997605543297 -6
    endloop
  endfacet
  facet normal 0.7705132427757895 0.6374239897486894 0
    outer loop
      vertex -16.941640786499875 -1.4106846055019355 -3
      vertex -16.74952470581139 -1.6429130542288524 -3
      vertex -16.74952470581139 -1.6429130542288524 -6
    endloop
  endfacet
  facet normal 0.6845471059286874 0.7289686274214127 0
    outer loop
      vertex -16.529817575396855 -1.8492317826618945 -3
      vertex -16.74952470581139 -1.6429130542288524 -6
      vertex -16.74952470581139 -1.6429130542288524 -3
    endloop
  endfacet
  facet normal 0.5877852522924751 0.8090169943749459 0
    outer loop
      vertex -16.529817575396855 -1.8492317826618945 -3
      vertex -16.285984307949594 -2.026387021204836 -3
      vertex -16.529817575396855 -1.8492317826618945 -6
    endloop
  endfacet
  facet normal 0.4817536741017126 0.8763066800438651 0
    outer loop
      vertex -16.285984307949594 -2.026387021204836 -3
      vertex -16.021870299756173 -2.171584925918447 -3
      vertex -16.285984307949594 -2.026387021204836 -6
    endloop
  endfacet
  facet normal 0.36812455268467725 0.9297764858882517 0
    outer loop
      vertex -16.021870299756173 -2.171584925918447 -3
      vertex -15.741640786499874 -2.282535639108368 -3
      vertex -16.021870299756173 -2.171584925918447 -6
    endloop
  endfacet
  facet normal 0.24868988716485543 0.968583161128631 0
    outer loop
      vertex -15.741640786499874 -2.282535639108368 -3
      vertex -15.44971515500574 -2.3574894017488526 -3
      vertex -15.741640786499874 -2.282535639108368 -6
    endloop
  endfacet
  facet normal 0.12533323356430556 0.9921147013144777 0
    outer loop
      vertex -15.44971515500574 -2.3574894017488526 -3
      vertex -15.150697246870353 -2.395264148227852 -3
      vertex -15.44971515500574 -2.3574894017488526 -6
    endloop
  endfacet
  facet normal 0 1 0
    outer loop
      vertex -15.150697246870353 -2.395264148227852 -3
      vertex -14.849302753129647 -2.395264148227852 -3
      vertex -15.150697246870353 -2.395264148227852 -6
    endloop
  endfacet
  facet normal -0.12533323356430556 0.9921147013144777 0
    outer loop
      vertex -14.849302753129647 -2.395264148227852 -3
      vertex -14.55028484499426 -2.3574894017488526 -3
      vertex -14.849302753129647 -2.395264148227852 -6
    endloop
  endfacet
  facet normal -0.24868988716485543 0.968583161128631 0
    outer loop
      vertex -14.55028484499426 -2.3574894017488526 -3
      vertex -14.258359213500126 -2.282535639108368 -3
      vertex -14.55028484499426 -2.3574894017488526 -6
    endloop
  endfacet
  facet normal -0.36812455268467725 0.9297764858882517 0
    outer loop
      vertex -14.258359213500126 -2.282535639108368 -3
      vertex -13.978129700243827 -2.171584925918447 -3
      vertex -14.258359213500126 -2.282535639108368 -6
    endloop
  endfacet
  facet normal -0.48175367410171527 0.8763066800438636 0
    outer loop
      vertex -13.978129700243827 -2.171584925918447 -3
      vertex -13.71401569205041 -2.0263870212048367 -3
      vertex -13.978129700243827 -2.171584925918447 -6
    endloop
  endfacet
  facet normal -0.5877852522924734 0.8090169943749472 0
    outer loop
      vertex -13.71401569205041 -2.0263870212048367 -3
      vertex -13.470182424603145 -1.8492317826618936 -3
      vertex -13.71401569205041 -2.0263870212048367 -6
    endloop
  endfacet
  facet normal -0.6845471059286887 0.7289686274214113 0
    outer loop
      vertex -13.470182424603145 -1.8492317826618936 -3
      vertex -13.250475294188613 -1.6429130542288524 -3
      vertex -13.470182424603145 -1.8492317826618936 -6
    endloop
  endfacet
  facet normal -0.7705132427757866 0.637423989748693 0
    outer loop
      vertex -13.250475294188613 -1.6429130542288524 -3
      vertex -13.058359213500125 -1.4106846055019355 -3
      vertex -13.058359213500125 -1.4106846055019355 -6
    endloop
  endfacet
  facet normal -0.8443279255020165 0.5358267949789943 0
    outer loop
      vertex -13.058359213500125 -1.4106846055019355 -3
      vertex -12.896863967894728 -1.1562088178441168 -3
      vertex -12.896863967894728 -1.1562088178441168 -6
    endloop
  endfacet
  facet normal -0.9048270524660198 0.42577929156507216 0
    outer loop
      vertex -12.896863967894728 -1.1562088178441168 -3
      vertex -12.768536433868197 -0.883498926443228 -3
      vertex -12.768536433868197 -0.883498926443228 -6
    endloop
  endfacet
  facet normal -0.9510565162951534 0.30901699437494795 0
    outer loop
      vertex -12.768536433868197 -0.883498926443228 -3
      vertex -12.675400413291285 -0.5968557291956507 -3
      vertex -12.675400413291285 -0.5968557291956507 -6
    endloop
  endfacet
  facet normal -0.9822872507286886 0.18738131458572524 0
    outer loop
      vertex -12.675400413291285 -0.5968557291956507 -3
      vertex -12.618924716845253 -0.3007997605543297 -3
      vertex -12.618924716845253 -0.3007997605543297 -6
    endloop
  endfacet
  facet normal -0.9980267284282714 0.0627905195293146 0
    outer loop
      vertex -12.618924716845253 -0.3007997605543297 -3
      vertex -12.6 0 -3
      vertex -12.6 0 -6
    endloop
  endfacet
  facet normal 0.9980267284282719 -0.06279051952930872 0
    outer loop
      vertex -17.381075283154747 0.3007997605543297 -3
      vertex -17.4 0 -6
      vertex -17.381075283154747 0.3007997605543297 -6
    endloop
  endfacet
  facet normal 0.9822872507286886 -0.18738131458572463 0
    outer loop
      vertex -17.324599586708715 0.5968557291956517 -3
      vertex -17.381075283154747 0.3007997605543297 -6
      vertex -17.324599586708715 0.5968557291956517 -6
    endloop
  endfacet
  facet normal 0.9510565162951544 -0.3090169943749448 0
    outer loop
      vertex -17.231463566131804 0.8834989264432268 -3
      vertex -17.324599586708715 0.5968557291956517 -6
      vertex -17.231463566131804 0.8834989264432268 -6
    endloop
  endfacet
  facet normal 0.9048270524660181 -0.4257792915650754 0
    outer loop
      vertex -17.103136032105272 1.1562088178441168 -3
      vertex -17.231463566131804 0.8834989264432268 -6
      vertex -17.103136032105272 1.1562088178441168 -6
    endloop
  endfacet
  facet normal 0.8443279255020165 -0.5358267949789943 0
    outer loop
      vertex -16.941640786499875 1.4106846055019355 -3
      vertex -17.103136032105272 1.1562088178441168 -6
      vertex -16.941640786499875 1.4106846055019355 -6
    endloop
  endfacet
  facet normal 0.9980267284282719 -0.06279051952930872 0
    outer loop
      vertex -17.4 0 -3
      vertex -17.4 0 -6
      vertex -17.381075283154747 0.3007997605543297 -3
    endloop
  endfacet
  facet normal 0.9822872507286886 -0.18738131458572463 0
    outer loop
      vertex -17.381075283154747 0.3007997605543297 -3
      vertex -17.381075283154747 0.3007997605543297 -6
      vertex -17.324599586708715 0.5968557291956517 -3
    endloop
  endfacet
  facet normal 0.9510565162951544 -0.3090169943749448 0
    outer loop
      vertex -17.324599586708715 0.5968557291956517 -3
      vertex -17.324599586708715 0.5968557291956517 -6
      vertex -17.231463566131804 0.8834989264432268 -3
    endloop
  endfacet
  facet normal 0.9048270524660181 -0.4257792915650754 0
    outer loop
      vertex -17.231463566131804 0.8834989264432268 -3
      vertex -17.231463566131804 0.8834989264432268 -6
      vertex -17.103136032105272 1.1562088178441168 -3
    endloop
  endfacet
  facet normal 0.8443279255020165 -0.5358267949789943 0
    outer loop
      vertex -17.103136032105272 1.1562088178441168 -3
      vertex -17.103136032105272 1.1562088178441168 -6
      vertex -16.941640786499875 1.4106846055019355 -3
    endloop
  endfacet
  facet normal 0.7705132427757895 -0.6374239897486894 0
    outer loop
      vertex -16.941640786499875 1.4106846055019355 -3
      vertex -16.941640786499875 1.4106846055019355 -6
      vertex -16.74952470581139 1.6429130542288524 -3
    endloop
  endfacet
  facet normal 0.7705132427757895 -0.6374239897486894 0
    outer loop
      vertex -16.74952470581139 1.6429130542288524 -3
      vertex -16.941640786499875 1.4106846055019355 -6
      vertex -16.74952470581139 1.6429130542288524 -6
    endloop
  endfacet
  facet normal 0.6845471059286874 -0.7289686274214127 0
    outer loop
      vertex -16.74952470581139 1.6429130542288524 -3
      vertex -16.74952470581139 1.6429130542288524 -6
      vertex -16.529817575396855 1.8492317826618945 -6
    endloop
  endfacet
  facet normal 0.5877852522924751 -0.8090169943749459 0
    outer loop
      vertex -16.529817575396855 1.8492317826618945 -3
      vertex -16.529817575396855 1.8492317826618945 -6
      vertex -16.285984307949594 2.026387021204836 -6
    endloop
  endfacet
  facet normal 0.4817536741017114 -0.8763066800438657 0
    outer loop
      vertex -16.285984307949594 2.026387021204836 -3
      vertex -16.285984307949594 2.026387021204836 -6
      vertex -16.021870299756173 2.1715849259184465 -6
    endloop
  endfacet
  facet normal 0.36812455268467853 -0.9297764858882512 0
    outer loop
      vertex -16.021870299756173 2.1715849259184465 -3
      vertex -16.021870299756173 2.1715849259184465 -6
      vertex -15.741640786499874 2.282535639108368 -6
    endloop
  endfacet
  facet normal 0.24868988716485682 -0.9685831611286305 0
    outer loop
      vertex -15.741640786499874 2.282535639108368 -3
      vertex -15.741640786499874 2.282535639108368 -6
      vertex -15.44971515500574 2.357489401748853 -6
    endloop
  endfacet
  facet normal 0.12533323356430412 -0.9921147013144779 0
    outer loop
      vertex -15.44971515500574 2.357489401748853 -3
      vertex -15.44971515500574 2.357489401748853 -6
      vertex -15.150697246870353 2.395264148227852 -6
    endloop
  endfacet
  facet normal 0 -1 0
    outer loop
      vertex -15.150697246870353 2.395264148227852 -3
      vertex -15.150697246870353 2.395264148227852 -6
      vertex -14.849302753129647 2.395264148227852 -6
    endloop
  endfacet
  facet normal -0.12533323356430412 -0.9921147013144779 0
    outer loop
      vertex -14.849302753129647 2.395264148227852 -3
      vertex -14.849302753129647 2.395264148227852 -6
      vertex -14.55028484499426 2.357489401748853 -6
    endloop
  endfacet
  facet normal -0.24868988716485682 -0.9685831611286305 0
    outer loop
      vertex -14.55028484499426 2.357489401748853 -3
      vertex -14.55028484499426 2.357489401748853 -6
      vertex -14.258359213500126 2.282535639108368 -6
    endloop
  endfacet
  facet normal -0.36812455268467853 -0.9297764858882512 0
    outer loop
      vertex -14.258359213500126 2.282535639108368 -3
      vertex -14.258359213500126 2.282535639108368 -6
      vertex -13.978129700243827 2.1715849259184465 -6
    endloop
  endfacet
  facet normal -0.9510565162951529 -0.30901699437494956 0
    outer loop
      vertex -12.675400413291285 0.5968557291956514 -3
      vertex -12.768536433868197 0.8834989264432271 -6
      vertex -12.675400413291285 0.5968557291956514 -6
    endloop
  endfacet
  facet normal -0.9048270524660202 -0.425779291565071 0
    outer loop
      vertex -12.768536433868197 0.8834989264432271 -3
      vertex -12.896863967894728 1.1562088178441168 -6
      vertex -12.768536433868197 0.8834989264432271 -6
    endloop
  endfacet
  facet normal -0.8443279255020165 -0.5358267949789943 0
    outer loop
      vertex -12.896863967894728 1.1562088178441168 -3
      vertex -13.058359213500125 1.4106846055019355 -6
      vertex -12.896863967894728 1.1562088178441168 -6
    endloop
  endfacet
  facet normal -0.5877852522924748 -0.8090169943749462 0
    outer loop
      vertex -13.714015692050408 2.0263870212048363 -3
      vertex -13.714015692050408 2.0263870212048363 -6
      vertex -13.470182424603145 1.8492317826618938 -6
    endloop
  endfacet
  facet normal -0.6845471059286884 -0.7289686274214118 0
    outer loop
      vertex -13.470182424603145 1.8492317826618938 -3
      vertex -13.470182424603145 1.8492317826618938 -6
      vertex -13.250475294188613 1.6429130542288528 -6
    endloop
  endfacet
  facet normal -0.48175367410171277 -0.8763066800438649 0
    outer loop
      vertex -13.978129700243827 2.1715849259184465 -3
      vertex -13.978129700243827 2.1715849259184465 -6
      vertex -13.714015692050408 2.0263870212048363 -6
    endloop
  endfacet
  facet normal -0.7705132427757873 -0.6374239897486922 0
    outer loop
      vertex -13.058359213500125 1.4106846055019355 -3
      vertex -13.250475294188613 1.6429130542288528 -6
      vertex -13.058359213500125 1.4106846055019355 -6
    endloop
  endfacet
  facet normal -0.9980267284282714 -0.06279051952931448 0
    outer loop
      vertex -12.6 0 -3
      vertex -12.618924716845253 0.3007997605543302 -6
      vertex -12.6 0 -6
    endloop
  endfacet
  facet normal -0.9822872507286886 -0.18738131458572507 0
    outer loop
      vertex -12.618924716845253 0.3007997605543302 -3
      vertex -12.675400413291285 0.5968557291956514 -6
      vertex -12.618924716845253 0.3007997605543302 -6
    endloop
  endfacet
  facet normal 0.6845471059286874 -0.7289686274214127 0
    outer loop
      vertex -16.74952470581139 1.6429130542288524 -3
      vertex -16.529817575396855 1.8492317826618945 -6
      vertex -16.529817575396855 1.8492317826618945 -3
    endloop
  endfacet
  facet normal 0.5877852522924751 -0.8090169943749459 0
    outer loop
      vertex -16.529817575396855 1.8492317826618945 -3
      vertex -16.285984307949594 2.026387021204836 -6
      vertex -16.285984307949594 2.026387021204836 -3
    endloop
  endfacet
  facet normal 0.4817536741017114 -0.8763066800438657 0
    outer loop
      vertex -16.285984307949594 2.026387021204836 -3
      vertex -16.021870299756173 2.1715849259184465 -6
      vertex -16.021870299756173 2.1715849259184465 -3
    endloop
  endfacet
  facet normal 0.36812455268467853 -0.9297764858882512 0
    outer loop
      vertex -16.021870299756173 2.1715849259184465 -3
      vertex -15.741640786499874 2.282535639108368 -6
      vertex -15.741640786499874 2.282535639108368 -3
    endloop
  endfacet
  facet normal 0.24868988716485682 -0.9685831611286305 0
    outer loop
      vertex -15.741640786499874 2.282535639108368 -3
      vertex -15.44971515500574 2.357489401748853 -6
      vertex -15.44971515500574 2.357489401748853 -3
    endloop
  endfacet
  facet normal 0.12533323356430412 -0.9921147013144779 0
    outer loop
      vertex -15.44971515500574 2.357489401748853 -3
      vertex -15.150697246870353 2.395264148227852 -6
      vertex -15.150697246870353 2.395264148227852 -3
    endloop
  endfacet
  facet normal 0 -1 0
    outer loop
      vertex -15.150697246870353 2.395264148227852 -3
      vertex -14.849302753129647 2.395264148227852 -6
      vertex -14.849302753129647 2.395264148227852 -3
    endloop
  endfacet
  facet normal -0.12533323356430412 -0.9921147013144779 0
    outer loop
      vertex -14.849302753129647 2.395264148227852 -3
      vertex -14.55028484499426 2.357489401748853 -6
      vertex -14.55028484499426 2.357489401748853 -3
    endloop
  endfacet
  facet normal -0.24868988716485682 -0.9685831611286305 0
    outer loop
      vertex -14.55028484499426 2.357489401748853 -3
      vertex -14.258359213500126 2.282535639108368 -6
      vertex -14.258359213500126 2.282535639108368 -3
    endloop
  endfacet
  facet normal -0.36812455268467853 -0.9297764858882512 0
    outer loop
      vertex -13.978129700243827 2.1715849259184465 -3
      vertex -14.258359213500126 2.282535639108368 -3
      vertex -13.978129700243827 2.1715849259184465 -6
    endloop
  endfacet
  facet normal -0.9822872507286886 -0.18738131458572507 0
    outer loop
      vertex -12.618924716845253 0.3007997605543302 -3
      vertex -12.675400413291285 0.5968557291956514 -3
      vertex -12.675400413291285 0.5968557291956514 -6
    endloop
  endfacet
  facet normal -0.9510565162951529 -0.30901699437494956 0
    outer loop
      vertex -12.675400413291285 0.5968557291956514 -3
      vertex -12.768536433868197 0.8834989264432271 -3
      vertex -12.768536433868197 0.8834989264432271 -6
    endloop
  endfacet
  facet normal -0.9048270524660202 -0.425779291565071 0
    outer loop
      vertex -12.768536433868197 0.8834989264432271 -3
      vertex -12.896863967894728 1.1562088178441168 -3
      vertex -12.896863967894728 1.1562088178441168 -6
    endloop
  endfacet
  facet normal -0.8443279255020165 -0.5358267949789943 0
    outer loop
      vertex -13.058359213500125 1.4106846055019355 -3
      vertex -13.058359213500125 1.4106846055019355 -6
      vertex -12.896863967894728 1.1562088178441168 -3
    endloop
  endfacet
  facet normal -0.48175367410171277 -0.8763066800438649 0
    outer loop
      vertex -13.978129700243827 2.1715849259184465 -3
      vertex -13.714015692050408 2.0263870212048363 -6
      vertex -13.714015692050408 2.0263870212048363 -3
    endloop
  endfacet
  facet normal -0.5877852522924748 -0.8090169943749462 0
    outer loop
      vertex -13.714015692050408 2.0263870212048363 -3
      vertex -13.470182424603145 1.8492317826618938 -6
      vertex -13.470182424603145 1.8492317826618938 -3
    endloop
  endfacet
  facet normal -0.7705132427757873 -0.6374239897486922 0
    outer loop
      vertex -13.250475294188613 1.6429130542288528 -3
      vertex -13.250475294188613 1.6429130542288528 -6
      vertex -13.058359213500125 1.4106846055019355 -3
    endloop
  endfacet
  facet normal -0.6845471059286884 -0.7289686274214118 0
    outer loop
      vertex -13.250475294188613 1.6429130542288528 -3
      vertex -13.470182424603145 1.8492317826618938 -3
      vertex -13.250475294188613 1.6429130542288528 -6
    endloop
  endfacet
  facet normal -0.9980267284282714 -0.06279051952931448 0
    outer loop
      vertex -12.6 0 -3
      vertex -12.618924716845253 0.3007997605543302 -3
      vertex -12.618924716845253 0.3007997605543302 -6
    endloop
  endfacet
  facet normal 0.7705132427757895 0.6374239897486894 0
    outer loop
      vertex -16.941640786499875 -1.4106846055019355 3
      vertex -16.941640786499875 -1.4106846055019355 6
      vertex -16.74952470581139 -1.6429130542288524 3
    endloop
  endfacet
  facet normal 0.8443279255020165 0.5358267949789943 0
    outer loop
      vertex -16.941640786499875 -1.4106846055019355 3
      vertex -17.103136032105272 -1.1562088178441168 3
      vertex -17.103136032105272 -1.1562088178441168 6
    endloop
  endfacet
  facet normal 0.9048270524660181 0.4257792915650754 0
    outer loop
      vertex -17.103136032105272 -1.1562088178441168 3
      vertex -17.231463566131804 -0.8834989264432268 3
      vertex -17.231463566131804 -0.8834989264432268 6
    endloop
  endfacet
  facet normal 0.9510565162951544 0.3090169943749448 0
    outer loop
      vertex -17.231463566131804 -0.8834989264432268 3
      vertex -17.324599586708715 -0.5968557291956517 3
      vertex -17.324599586708715 -0.5968557291956517 6
    endloop
  endfacet
  facet normal 0.9822872507286886 0.18738131458572463 0
    outer loop
      vertex -17.324599586708715 -0.5968557291956517 3
      vertex -17.381075283154747 -0.3007997605543297 3
      vertex -17.381075283154747 -0.3007997605543297 6
    endloop
  endfacet
  facet normal 0.9980267284282719 0.06279051952930872 0
    outer loop
      vertex -17.381075283154747 -0.3007997605543297 3
      vertex -17.4 0 3
      vertex -17.4 0 6
    endloop
  endfacet
  facet normal 0.9510565162951544 0.3090169943749448 0
    outer loop
      vertex -17.231463566131804 -0.8834989264432268 3
      vertex -17.324599586708715 -0.5968557291956517 6
      vertex -17.231463566131804 -0.8834989264432268 6
    endloop
  endfacet
  facet normal 0.9048270524660181 0.4257792915650754 0
    outer loop
      vertex -17.103136032105272 -1.1562088178441168 3
      vertex -17.231463566131804 -0.8834989264432268 6
      vertex -17.103136032105272 -1.1562088178441168 6
    endloop
  endfacet
  facet normal 0.8443279255020165 0.5358267949789943 0
    outer loop
      vertex -16.941640786499875 -1.4106846055019355 3
      vertex -17.103136032105272 -1.1562088178441168 6
      vertex -16.941640786499875 -1.4106846055019355 6
    endloop
  endfacet
  facet normal 0.9822872507286886 0.18738131458572463 0
    outer loop
      vertex -17.324599586708715 -0.5968557291956517 3
      vertex -17.381075283154747 -0.3007997605543297 6
      vertex -17.324599586708715 -0.5968557291956517 6
    endloop
  endfacet
  facet normal 0.9980267284282719 0.06279051952930872 0
    outer loop
      vertex -17.381075283154747 -0.3007997605543297 3
      vertex -17.4 0 6
      vertex -17.381075283154747 -0.3007997605543297 6
    endloop
  endfacet
  facet normal 0.6845471059286874 0.7289686274214127 0
    outer loop
      vertex -16.529817575396855 -1.8492317826618945 3
      vertex -16.74952470581139 -1.6429130542288524 3
      vertex -16.529817575396855 -1.8492317826618945 6
    endloop
  endfacet
  facet normal 0.5877852522924751 0.8090169943749459 0
    outer loop
      vertex -16.529817575396855 -1.8492317826618945 3
      vertex -16.285984307949594 -2.026387021204836 6
      vertex -16.285984307949594 -2.026387021204836 3
    endloop
  endfacet
  facet normal 0.4817536741017126 0.8763066800438651 0
    outer loop
      vertex -16.285984307949594 -2.026387021204836 3
      vertex -16.021870299756173 -2.171584925918447 6
      vertex -16.021870299756173 -2.171584925918447 3
    endloop
  endfacet
  facet normal 0.36812455268467725 0.9297764858882517 0
    outer loop
      vertex -16.021870299756173 -2.171584925918447 3
      vertex -15.741640786499874 -2.282535639108368 6
      vertex -15.741640786499874 -2.282535639108368 3
    endloop
  endfacet
  facet normal 0.24868988716485543 0.968583161128631 0
    outer loop
      vertex -15.741640786499874 -2.282535639108368 3
      vertex -15.44971515500574 -2.3574894017488526 6
      vertex -15.44971515500574 -2.3574894017488526 3
    endloop
  endfacet
  facet normal 0.12533323356430556 0.9921147013144777 0
    outer loop
      vertex -15.44971515500574 -2.3574894017488526 3
      vertex -15.150697246870353 -2.395264148227852 6
      vertex -15.150697246870353 -2.395264148227852 3
    endloop
  endfacet
  facet normal 0 1 0
    outer loop
      vertex -15.150697246870353 -2.395264148227852 3
      vertex -14.849302753129647 -2.395264148227852 6
      vertex -14.849302753129647 -2.395264148227852 3
    endloop
  endfacet
  facet normal -0.12533323356430556 0.9921147013144777 0
    outer loop
      vertex -14.849302753129647 -2.395264148227852 3
      vertex -14.55028484499426 -2.3574894017488526 6
      vertex -14.55028484499426 -2.3574894017488526 3
    endloop
  endfacet
  facet normal -0.24868988716485543 0.968583161128631 0
    outer loop
      vertex -14.55028484499426 -2.3574894017488526 3
      vertex -14.258359213500126 -2.282535639108368 6
      vertex -14.258359213500126 -2.282535639108368 3
    endloop
  endfacet
  facet normal -0.36812455268467725 0.9297764858882517 0
    outer loop
      vertex -14.258359213500126 -2.282535639108368 3
      vertex -13.978129700243827 -2.171584925918447 6
      vertex -13.978129700243827 -2.171584925918447 3
    endloop
  endfacet
  facet normal -0.48175367410171527 0.8763066800438636 0
    outer loop
      vertex -13.978129700243827 -2.171584925918447 3
      vertex -13.71401569205041 -2.0263870212048367 6
      vertex -13.71401569205041 -2.0263870212048367 3
    endloop
  endfacet
  facet normal -0.5877852522924734 0.8090169943749472 0
    outer loop
      vertex -13.71401569205041 -2.0263870212048367 3
      vertex -13.470182424603145 -1.8492317826618936 6
      vertex -13.470182424603145 -1.8492317826618936 3
    endloop
  endfacet
  facet normal -0.6845471059286887 0.7289686274214113 0
    outer loop
      vertex -13.470182424603145 -1.8492317826618936 3
      vertex -13.250475294188613 -1.6429130542288524 6
      vertex -13.250475294188613 -1.6429130542288524 3
    endloop
  endfacet
  facet normal -0.7705132427757866 0.637423989748693 0
    outer loop
      vertex -13.250475294188613 -1.6429130542288524 3
      vertex -13.250475294188613 -1.6429130542288524 6
      vertex -13.058359213500125 -1.4106846055019355 3
    endloop
  endfacet
  facet normal -0.8443279255020165 0.5358267949789943 0
    outer loop
      vertex -13.058359213500125 -1.4106846055019355 3
      vertex -13.058359213500125 -1.4106846055019355 6
      vertex -12.896863967894728 -1.1562088178441168 3
    endloop
  endfacet
  facet normal -0.9048270524660198 0.42577929156507216 0
    outer loop
      vertex -12.896863967894728 -1.1562088178441168 3
      vertex -12.896863967894728 -1.1562088178441168 6
      vertex -12.768536433868197 -0.883498926443228 3
    endloop
  endfacet
  facet normal -0.9510565162951534 0.30901699437494795 0
    outer loop
      vertex -12.768536433868197 -0.883498926443228 3
      vertex -12.768536433868197 -0.883498926443228 6
      vertex -12.675400413291285 -0.5968557291956507 3
    endloop
  endfacet
  facet normal -0.9822872507286886 0.18738131458572524 0
    outer loop
      vertex -12.675400413291285 -0.5968557291956507 3
      vertex -12.675400413291285 -0.5968557291956507 6
      vertex -12.618924716845253 -0.3007997605543297 3
    endloop
  endfacet
  facet normal -0.9980267284282714 0.0627905195293146 0
    outer loop
      vertex -12.618924716845253 -0.3007997605543297 3
      vertex -12.618924716845253 -0.3007997605543297 6
      vertex -12.6 0 3
    endloop
  endfacet
  facet normal 0.7705132427757895 0.6374239897486894 0
    outer loop
      vertex -16.74952470581139 -1.6429130542288524 3
      vertex -16.941640786499875 -1.4106846055019355 6
      vertex -16.74952470581139 -1.6429130542288524 6
    endloop
  endfacet
  facet normal 0.6845471059286874 0.7289686274214127 0
    outer loop
      vertex -16.74952470581139 -1.6429130542288524 3
      vertex -16.74952470581139 -1.6429130542288524 6
      vertex -16.529817575396855 -1.8492317826618945 6
    endloop
  endfacet
  facet normal 0.5877852522924751 0.8090169943749459 0
    outer loop
      vertex -16.529817575396855 -1.8492317826618945 3
      vertex -16.529817575396855 -1.8492317826618945 6
      vertex -16.285984307949594 -2.026387021204836 6
    endloop
  endfacet
  facet normal 0.4817536741017126 0.8763066800438651 0
    outer loop
      vertex -16.285984307949594 -2.026387021204836 3
      vertex -16.285984307949594 -2.026387021204836 6
      vertex -16.021870299756173 -2.171584925918447 6
    endloop
  endfacet
  facet normal 0.36812455268467725 0.9297764858882517 0
    outer loop
      vertex -16.021870299756173 -2.171584925918447 3
      vertex -16.021870299756173 -2.171584925918447 6
      vertex -15.741640786499874 -2.282535639108368 6
    endloop
  endfacet
  facet normal 0.24868988716485543 0.968583161128631 0
    outer loop
      vertex -15.741640786499874 -2.282535639108368 3
      vertex -15.741640786499874 -2.282535639108368 6
      vertex -15.44971515500574 -2.3574894017488526 6
    endloop
  endfacet
  facet normal 0.12533323356430556 0.9921147013144777 0
    outer loop
      vertex -15.44971515500574 -2.3574894017488526 3
      vertex -15.44971515500574 -2.3574894017488526 6
      vertex -15.150697246870353 -2.395264148227852 6
    endloop
  endfacet
  facet normal 0 1 0
    outer loop
      vertex -15.150697246870353 -2.395264148227852 3
      vertex -15.150697246870353 -2.395264148227852 6
      vertex -14.849302753129647 -2.395264148227852 6
    endloop
  endfacet
  facet normal -0.12533323356430556 0.9921147013144777 0
    outer loop
      vertex -14.849302753129647 -2.395264148227852 3
      vertex -14.849302753129647 -2.395264148227852 6
      vertex -14.55028484499426 -2.3574894017488526 6
    endloop
  endfacet
  facet normal -0.24868988716485543 0.968583161128631 0
    outer loop
      vertex -14.55028484499426 -2.3574894017488526 3
      vertex -14.55028484499426 -2.3574894017488526 6
      vertex -14.258359213500126 -2.282535639108368 6
    endloop
  endfacet
  facet normal -0.36812455268467725 0.9297764858882517 0
    outer loop
      vertex -14.258359213500126 -2.282535639108368 3
      vertex -14.258359213500126 -2.282535639108368 6
      vertex -13.978129700243827 -2.171584925918447 6
    endloop
  endfacet
  facet normal -0.48175367410171527 0.8763066800438636 0
    outer loop
      vertex -13.978129700243827 -2.171584925918447 3
      vertex -13.978129700243827 -2.171584925918447 6
      vertex -13.71401569205041 -2.0263870212048367 6
    endloop
  endfacet
  facet normal -0.5877852522924734 0.8090169943749472 0
    outer loop
      vertex -13.71401569205041 -2.0263870212048367 3
      vertex -13.71401569205041 -2.0263870212048367 6
      vertex -13.470182424603145 -1.8492317826618936 6
    endloop
  endfacet
  facet normal -0.6845471059286887 0.7289686274214113 0
    outer loop
      vertex -13.470182424603145 -1.8492317826618936 3
      vertex -13.470182424603145 -1.8492317826618936 6
      vertex -13.250475294188613 -1.6429130542288524 6
    endloop
  endfacet
  facet normal -0.7705132427757866 0.637423989748693 0
    outer loop
      vertex -13.058359213500125 -1.4106846055019355 3
      vertex -13.250475294188613 -1.6429130542288524 6
      vertex -13.058359213500125 -1.4106846055019355 6
    endloop
  endfacet
  facet normal -0.8443279255020165 0.5358267949789943 0
    outer loop
      vertex -12.896863967894728 -1.1562088178441168 3
      vertex -13.058359213500125 -1.4106846055019355 6
      vertex -12.896863967894728 -1.1562088178441168 6
    endloop
  endfacet
  facet normal -0.9048270524660198 0.42577929156507216 0
    outer loop
      vertex -12.768536433868197 -0.883498926443228 3
      vertex -12.896863967894728 -1.1562088178441168 6
      vertex -12.768536433868197 -0.883498926443228 6
    endloop
  endfacet
  facet normal -0.9510565162951534 0.30901699437494795 0
    outer loop
      vertex -12.675400413291285 -0.5968557291956507 3
      vertex -12.768536433868197 -0.883498926443228 6
      vertex -12.675400413291285 -0.5968557291956507 6
    endloop
  endfacet
  facet normal -0.9822872507286886 0.18738131458572524 0
    outer loop
      vertex -12.618924716845253 -0.3007997605543297 3
      vertex -12.675400413291285 -0.5968557291956507 6
      vertex -12.618924716845253 -0.3007997605543297 6
    endloop
  endfacet
  facet normal -0.9980267284282714 0.0627905195293146 0
    outer loop
      vertex -12.6 0 3
      vertex -12.618924716845253 -0.3007997605543297 6
      vertex -12.6 0 6
    endloop
  endfacet
  facet normal 0.9980267284282719 -0.06279051952930872 0
    outer loop
      vertex -17.4 0 3
      vertex -17.381075283154747 0.3007997605543297 3
      vertex -17.381075283154747 0.3007997605543297 6
    endloop
  endfacet
  facet normal 0.9822872507286886 -0.18738131458572463 0
    outer loop
      vertex -17.381075283154747 0.3007997605543297 3
      vertex -17.324599586708715 0.5968557291956517 3
      vertex -17.324599586708715 0.5968557291956517 6
    endloop
  endfacet
  facet normal 0.9510565162951544 -0.3090169943749448 0
    outer loop
      vertex -17.324599586708715 0.5968557291956517 3
      vertex -17.231463566131804 0.8834989264432268 3
      vertex -17.231463566131804 0.8834989264432268 6
    endloop
  endfacet
  facet normal 0.9048270524660181 -0.4257792915650754 0
    outer loop
      vertex -17.231463566131804 0.8834989264432268 3
      vertex -17.103136032105272 1.1562088178441168 3
      vertex -17.103136032105272 1.1562088178441168 6
    endloop
  endfacet
  facet normal 0.8443279255020165 -0.5358267949789943 0
    outer loop
      vertex -17.103136032105272 1.1562088178441168 3
      vertex -16.941640786499875 1.4106846055019355 3
      vertex -16.941640786499875 1.4106846055019355 6
    endloop
  endfacet
  facet normal 0.9980267284282719 -0.06279051952930872 0
    outer loop
      vertex -17.4 0 3
      vertex -17.381075283154747 0.3007997605543297 6
      vertex -17.4 0 6
    endloop
  endfacet
  facet normal 0.9822872507286886 -0.18738131458572463 0
    outer loop
      vertex -17.381075283154747 0.3007997605543297 3
      vertex -17.324599586708715 0.5968557291956517 6
      vertex -17.381075283154747 0.3007997605543297 6
    endloop
  endfacet
  facet normal 0.9510565162951544 -0.3090169943749448 0
    outer loop
      vertex -17.324599586708715 0.5968557291956517 3
      vertex -17.231463566131804 0.8834989264432268 6
      vertex -17.324599586708715 0.5968557291956517 6
    endloop
  endfacet
  facet normal 0.9048270524660181 -0.4257792915650754 0
    outer loop
      vertex -17.231463566131804 0.8834989264432268 3
      vertex -17.103136032105272 1.1562088178441168 6
      vertex -17.231463566131804 0.8834989264432268 6
    endloop
  endfacet
  facet normal 0.8443279255020165 -0.5358267949789943 0
    outer loop
      vertex -17.103136032105272 1.1562088178441168 3
      vertex -16.941640786499875 1.4106846055019355 6
      vertex -17.103136032105272 1.1562088178441168 6
    endloop
  endfacet
  facet normal 0.7705132427757895 -0.6374239897486894 0
    outer loop
      vertex -16.941640786499875 1.4106846055019355 3
      vertex -16.74952470581139 1.6429130542288524 6
      vertex -16.941640786499875 1.4106846055019355 6
    endloop
  endfacet
  facet normal 0.7705132427757895 -0.6374239897486894 0
    outer loop
      vertex -16.941640786499875 1.4106846055019355 3
      vertex -16.74952470581139 1.6429130542288524 3
      vertex -16.74952470581139 1.6429130542288524 6
    endloop
  endfacet
  facet normal 0.6845471059286874 -0.7289686274214127 0
    outer loop
      vertex -16.74952470581139 1.6429130542288524 3
      vertex -16.529817575396855 1.8492317826618945 3
      vertex -16.74952470581139 1.6429130542288524 6
    endloop
  endfacet
  facet normal 0.5877852522924751 -0.8090169943749459 0
    outer loop
      vertex -16.529817575396855 1.8492317826618945 3
      vertex -16.285984307949594 2.026387021204836 3
      vertex -16.529817575396855 1.8492317826618945 6
    endloop
  endfacet
  facet normal 0.4817536741017114 -0.8763066800438657 0
    outer loop
      vertex -16.285984307949594 2.026387021204836 3
      vertex -16.021870299756173 2.1715849259184465 3
      vertex -16.285984307949594 2.026387021204836 6
    endloop
  endfacet
  facet normal 0.36812455268467853 -0.9297764858882512 0
    outer loop
      vertex -16.021870299756173 2.1715849259184465 3
      vertex -15.741640786499874 2.282535639108368 3
      vertex -16.021870299756173 2.1715849259184465 6
    endloop
  endfacet
  facet normal 0.24868988716485682 -0.9685831611286305 0
    outer loop
      vertex -15.741640786499874 2.282535639108368 3
      vertex -15.44971515500574 2.357489401748853 3
      vertex -15.741640786499874 2.282535639108368 6
    endloop
  endfacet
  facet normal 0.12533323356430412 -0.9921147013144779 0
    outer loop
      vertex -15.44971515500574 2.357489401748853 3
      vertex -15.150697246870353 2.395264148227852 3
      vertex -15.44971515500574 2.357489401748853 6
    endloop
  endfacet
  facet normal 0 -1 0
    outer loop
      vertex -15.150697246870353 2.395264148227852 3
      vertex -14.849302753129647 2.395264148227852 3
      vertex -15.150697246870353 2.395264148227852 6
    endloop
  endfacet
  facet normal -0.12533323356430412 -0.9921147013144779 0
    outer loop
      vertex -14.849302753129647 2.395264148227852 3
      vertex -14.55028484499426 2.357489401748853 3
      vertex -14.849302753129647 2.395264148227852 6
    endloop
  endfacet
  facet normal -0.24868988716485682 -0.9685831611286305 0
    outer loop
      vertex -14.55028484499426 2.357489401748853 3
      vertex -14.258359213500126 2.282535639108368 3
      vertex -14.55028484499426 2.357489401748853 6
    endloop
  endfacet
  facet normal -0.36812455268467853 -0.9297764858882512 0
    outer loop
      vertex -13.978129700243827 2.1715849259184465 3
      vertex -14.258359213500126 2.282535639108368 6
      vertex -14.258359213500126 2.282535639108368 3
    endloop
  endfacet
  facet normal -0.9510565162951529 -0.30901699437494956 0
    outer loop
      vertex -12.675400413291285 0.5968557291956514 3
      vertex -12.675400413291285 0.5968557291956514 6
      vertex -12.768536433868197 0.8834989264432271 3
    endloop
  endfacet
  facet normal -0.9048270524660202 -0.425779291565071 0
    outer loop
      vertex -12.768536433868197 0.8834989264432271 3
      vertex -12.768536433868197 0.8834989264432271 6
      vertex -12.896863967894728 1.1562088178441168 3
    endloop
  endfacet
  facet normal -0.8443279255020165 -0.5358267949789943 0
    outer loop
      vertex -13.058359213500125 1.4106846055019355 3
      vertex -12.896863967894728 1.1562088178441168 3
      vertex -12.896863967894728 1.1562088178441168 6
    endloop
  endfacet
  facet normal -0.5877852522924748 -0.8090169943749462 0
    outer loop
      vertex -13.714015692050408 2.0263870212048363 3
      vertex -13.470182424603145 1.8492317826618938 3
      vertex -13.714015692050408 2.0263870212048363 6
    endloop
  endfacet
  facet normal -0.6845471059286884 -0.7289686274214118 0
    outer loop
      vertex -13.250475294188613 1.6429130542288528 3
      vertex -13.470182424603145 1.8492317826618938 6
      vertex -13.470182424603145 1.8492317826618938 3
    endloop
  endfacet
  facet normal -0.48175367410171277 -0.8763066800438649 0
    outer loop
      vertex -13.978129700243827 2.1715849259184465 3
      vertex -13.714015692050408 2.0263870212048363 3
      vertex -13.978129700243827 2.1715849259184465 6
    endloop
  endfacet
  facet normal -0.7705132427757873 -0.6374239897486922 0
    outer loop
      vertex -13.250475294188613 1.6429130542288528 3
      vertex -13.058359213500125 1.4106846055019355 3
      vertex -13.058359213500125 1.4106846055019355 6
    endloop
  endfacet
  facet normal -0.9980267284282714 -0.06279051952931448 0
    outer loop
      vertex -12.6 0 3
      vertex -12.6 0 6
      vertex -12.618924716845253 0.3007997605543302 3
    endloop
  endfacet
  facet normal -0.9822872507286886 -0.18738131458572507 0
    outer loop
      vertex -12.618924716845253 0.3007997605543302 3
      vertex -12.618924716845253 0.3007997605543302 6
      vertex -12.675400413291285 0.5968557291956514 3
    endloop
  endfacet
  facet normal 0.6845471059286874 -0.7289686274214127 0
    outer loop
      vertex -16.529817575396855 1.8492317826618945 3
      vertex -16.529817575396855 1.8492317826618945 6
      vertex -16.74952470581139 1.6429130542288524 6
    endloop
  endfacet
  facet normal 0.5877852522924751 -0.8090169943749459 0
    outer loop
      vertex -16.285984307949594 2.026387021204836 3
      vertex -16.285984307949594 2.026387021204836 6
      vertex -16.529817575396855 1.8492317826618945 6
    endloop
  endfacet
  facet normal 0.4817536741017114 -0.8763066800438657 0
    outer loop
      vertex -16.021870299756173 2.1715849259184465 3
      vertex -16.021870299756173 2.1715849259184465 6
      vertex -16.285984307949594 2.026387021204836 6
    endloop
  endfacet
  facet normal 0.36812455268467853 -0.9297764858882512 0
    outer loop
      vertex -15.741640786499874 2.282535639108368 3
      vertex -15.741640786499874 2.282535639108368 6
      vertex -16.021870299756173 2.1715849259184465 6
    endloop
  endfacet
  facet normal 0.24868988716485682 -0.9685831611286305 0
    outer loop
      vertex -15.44971515500574 2.357489401748853 3
      vertex -15.44971515500574 2.357489401748853 6
      vertex -15.741640786499874 2.282535639108368 6
    endloop
  endfacet
  facet normal 0.12533323356430412 -0.9921147013144779 0
    outer loop
      vertex -15.150697246870353 2.395264148227852 3
      vertex -15.150697246870353 2.395264148227852 6
      vertex -15.44971515500574 2.357489401748853 6
    endloop
  endfacet
  facet normal 0 -1 0
    outer loop
      vertex -14.849302753129647 2.395264148227852 3
      vertex -14.849302753129647 2.395264148227852 6
      vertex -15.150697246870353 2.395264148227852 6
    endloop
  endfacet
  facet normal -0.12533323356430412 -0.9921147013144779 0
    outer loop
      vertex -14.55028484499426 2.357489401748853 3
      vertex -14.55028484499426 2.357489401748853 6
      vertex -14.849302753129647 2.395264148227852 6
    endloop
  endfacet
  facet normal -0.24868988716485682 -0.9685831611286305 0
    outer loop
      vertex -14.258359213500126 2.282535639108368 3
      vertex -14.258359213500126 2.282535639108368 6
      vertex -14.55028484499426 2.357489401748853 6
    endloop
  endfacet
  facet normal -0.36812455268467853 -0.9297764858882512 0
    outer loop
      vertex -13.978129700243827 2.1715849259184465 3
      vertex -13.978129700243827 2.1715849259184465 6
      vertex -14.258359213500126 2.282535639108368 6
    endloop
  endfacet
  facet normal -0.9822872507286886 -0.18738131458572507 0
    outer loop
      vertex -12.675400413291285 0.5968557291956514 3
      vertex -12.618924716845253 0.3007997605543302 6
      vertex -12.675400413291285 0.5968557291956514 6
    endloop
  endfacet
  facet normal -0.9510565162951529 -0.30901699437494956 0
    outer loop
      vertex -12.768536433868197 0.8834989264432271 3
      vertex -12.675400413291285 0.5968557291956514 6
      vertex -12.768536433868197 0.8834989264432271 6
    endloop
  endfacet
  facet normal -0.9048270524660202 -0.425779291565071 0
    outer loop
      vertex -12.896863967894728 1.1562088178441168 3
      vertex -12.768536433868197 0.8834989264432271 6
      vertex -12.896863967894728 1.1562088178441168 6
    endloop
  endfacet
  facet normal -0.8443279255020165 -0.5358267949789943 0
    outer loop
      vertex -13.058359213500125 1.4106846055019355 3
      vertex -12.896863967894728 1.1562088178441168 6
      vertex -13.058359213500125 1.4106846055019355 6
    endloop
  endfacet
  facet normal -0.48175367410171277 -0.8763066800438649 0
    outer loop
      vertex -13.714015692050408 2.0263870212048363 3
      vertex -13.714015692050408 2.0263870212048363 6
      vertex -13.978129700243827 2.1715849259184465 6
    endloop
  endfacet
  facet normal -0.5877852522924748 -0.8090169943749462 0
    outer loop
      vertex -13.470182424603145 1.8492317826618938 3
      vertex -13.470182424603145 1.8492317826618938 6
      vertex -13.714015692050408 2.0263870212048363 6
    endloop
  endfacet
  facet normal -0.7705132427757873 -0.6374239897486922 0
    outer loop
      vertex -13.250475294188613 1.6429130542288528 3
      vertex -13.058359213500125 1.4106846055019355 6
      vertex -13.250475294188613 1.6429130542288528 6
    endloop
  endfacet
  facet normal -0.6845471059286884 -0.7289686274214118 0
    outer loop
      vertex -13.250475294188613 1.6429130542288528 3
      vertex -13.250475294188613 1.6429130542288528 6
      vertex -13.470182424603145 1.8492317826618938 6
    endloop
  endfacet
  facet normal -0.9980267284282714 -0.06279051952931448 0
    outer loop
      vertex -12.618924716845253 0.3007997605543302 3
      vertex -12.6 0 6
      vertex -12.618924716845253 0.3007997605543302 6
    endloop
  endfacet
  facet normal 0.9048270524660192 0.4257792915650731 0
    outer loop
      vertex -2.2314635661318034 14.116501073556773 -3
      vertex -2.1031360321052723 13.843791182155883 -6
      vertex -2.2314635661318034 14.116501073556773 -6
    endloop
  endfacet
  facet normal 0.6845471059286881 0.7289686274214121 0
    outer loop
      vertex -1.529817575396855 13.150768217338106 -3
      vertex -1.529817575396855 13.150768217338106 -6
      vertex -1.7495247058113879 13.357086945771147 -6
    endloop
  endfacet
  facet normal 0.7705132427757906 0.637423989748688 0
    outer loop
      vertex -1.9416407864998737 13.589315394498065 -3
      vertex -1.7495247058113879 13.357086945771147 -6
      vertex -1.9416407864998737 13.589315394498065 -6
    endloop
  endfacet
  facet normal 0.844327925502014 0.5358267949789984 0
    outer loop
      vertex -2.1031360321052723 13.843791182155883 -3
      vertex -1.9416407864998737 13.589315394498065 -6
      vertex -2.1031360321052723 13.843791182155883 -6
    endloop
  endfacet
  facet normal 0.12533323356430845 0.9921147013144773 0
    outer loop
      vertex -0.15069724687035302 12.604735851772148 -3
      vertex -0.15069724687035302 12.604735851772148 -6
      vertex -0.44971515500573955 12.642510598251148 -6
    endloop
  endfacet
  facet normal 0.48175367410171277 0.8763066800438649 0
    outer loop
      vertex -1.0218702997561737 12.828415074081553 -3
      vertex -1.0218702997561737 12.828415074081553 -6
      vertex -1.2859843079495923 12.973612978795163 -6
    endloop
  endfacet
  facet normal 0.5877852522924756 0.8090169943749457 0
    outer loop
      vertex -1.2859843079495923 12.973612978795163 -3
      vertex -1.2859843079495923 12.973612978795163 -6
      vertex -1.529817575396855 13.150768217338106 -6
    endloop
  endfacet
  facet normal 0.3681245526846747 0.9297764858882528 0
    outer loop
      vertex -0.7416407864998737 12.717464360891633 -3
      vertex -0.7416407864998737 12.717464360891633 -6
      vertex -1.0218702997561737 12.828415074081553 -6
    endloop
  endfacet
  facet normal 0.2486898871648569 0.9685831611286305 0
    outer loop
      vertex -0.44971515500573955 12.642510598251148 -3
      vertex -0.44971515500573955 12.642510598251148 -6
      vertex -0.7416407864998737 12.717464360891633 -6
    endloop
  endfacet
  facet normal 0.9510565162951539 0.30901699437494634 0
    outer loop
      vertex -2.3245995867087146 14.403144270804349 -3
      vertex -2.2314635661318034 14.116501073556773 -6
      vertex -2.3245995867087146 14.403144270804349 -6
    endloop
  endfacet
  facet normal 0.9822872507286886 0.18738131458572527 0
    outer loop
      vertex -2.381075283154747 14.69920023944567 -3
      vertex -2.3245995867087146 14.403144270804349 -6
      vertex -2.381075283154747 14.69920023944567 -6
    endloop
  endfacet
  facet normal 0.9980267284282716 0.06279051952931301 0
    outer loop
      vertex -2.4 15 -3
      vertex -2.381075283154747 14.69920023944567 -6
      vertex -2.4 15 -6
    endloop
  endfacet
  facet normal 0.9980267284282716 -0.06279051952931301 0
    outer loop
      vertex -2.381075283154747 15.30079976055433 -3
      vertex -2.4 15 -6
      vertex -2.381075283154747 15.30079976055433 -6
    endloop
  endfacet
  facet normal 0.9822872507286886 -0.18738131458572527 0
    outer loop
      vertex -2.3245995867087146 15.596855729195651 -3
      vertex -2.381075283154747 15.30079976055433 -6
      vertex -2.3245995867087146 15.596855729195651 -6
    endloop
  endfacet
  facet normal 0.9510565162951539 -0.30901699437494634 0
    outer loop
      vertex -2.2314635661318034 15.883498926443227 -3
      vertex -2.3245995867087146 15.596855729195651 -6
      vertex -2.2314635661318034 15.883498926443227 -6
    endloop
  endfacet
  facet normal 0.9048270524660192 -0.4257792915650731 0
    outer loop
      vertex -2.1031360321052723 16.156208817844117 -3
      vertex -2.2314635661318034 15.883498926443227 -6
      vertex -2.1031360321052723 16.156208817844117 -6
    endloop
  endfacet
  facet normal 0.844327925502014 -0.5358267949789984 0
    outer loop
      vertex -1.9416407864998737 16.410684605501935 -3
      vertex -2.1031360321052723 16.156208817844117 -6
      vertex -1.9416407864998737 16.410684605501935 -6
    endloop
  endfacet
  facet normal 0.7705132427757906 -0.637423989748688 0
    outer loop
      vertex -1.7495247058113879 16.642913054228853 -3
      vertex -1.9416407864998737 16.410684605501935 -6
      vertex -1.7495247058113879 16.642913054228853 -6
    endloop
  endfacet
  facet normal 0.6845471059286913 -0.7289686274214092 0
    outer loop
      vertex -1.7495247058113879 16.642913054228853 -3
      vertex -1.7495247058113879 16.642913054228853 -6
      vertex -1.529817575396855 16.849231782661896 -6
    endloop
  endfacet
  facet normal 0.9048270524660192 0.4257792915650731 0
    outer loop
      vertex -2.1031360321052723 13.843791182155883 -3
      vertex -2.1031360321052723 13.843791182155883 -6
      vertex -2.2314635661318034 14.116501073556773 -3
    endloop
  endfacet
  facet normal 0.6845471059286881 0.7289686274214121 0
    outer loop
      vertex -1.7495247058113879 13.357086945771147 -3
      vertex -1.529817575396855 13.150768217338106 -3
      vertex -1.7495247058113879 13.357086945771147 -6
    endloop
  endfacet
  facet normal 0.5877852522924756 0.8090169943749457 0
    outer loop
      vertex -1.529817575396855 13.150768217338106 -3
      vertex -1.2859843079495923 12.973612978795163 -3
      vertex -1.529817575396855 13.150768217338106 -6
    endloop
  endfacet
  facet normal 0.844327925502014 0.5358267949789984 0
    outer loop
      vertex -2.1031360321052723 13.843791182155883 -3
      vertex -1.9416407864998737 13.589315394498065 -3
      vertex -1.9416407864998737 13.589315394498065 -6
    endloop
  endfacet
  facet normal 0.7705132427757906 0.637423989748688 0
    outer loop
      vertex -1.7495247058113879 13.357086945771147 -3
      vertex -1.7495247058113879 13.357086945771147 -6
      vertex -1.9416407864998737 13.589315394498065 -3
    endloop
  endfacet
  facet normal 0.12533323356430845 0.9921147013144773 0
    outer loop
      vertex -0.44971515500573955 12.642510598251148 -3
      vertex -0.15069724687035302 12.604735851772148 -3
      vertex -0.44971515500573955 12.642510598251148 -6
    endloop
  endfacet
  facet normal 0 1 0
    outer loop
      vertex -0.15069724687035302 12.604735851772148 -3
      vertex 0.15069724687035302 12.604735851772148 -3
      vertex -0.15069724687035302 12.604735851772148 -6
    endloop
  endfacet
  facet normal 0.48175367410171277 0.8763066800438649 0
    outer loop
      vertex -1.2859843079495923 12.973612978795163 -3
      vertex -1.0218702997561737 12.828415074081553 -3
      vertex -1.2859843079495923 12.973612978795163 -6
    endloop
  endfacet
  facet normal 0.3681245526846747 0.9297764858882528 0
    outer loop
      vertex -1.0218702997561737 12.828415074081553 -3
      vertex -0.7416407864998737 12.717464360891633 -3
      vertex -1.0218702997561737 12.828415074081553 -6
    endloop
  endfacet
  facet normal 0.2486898871648569 0.9685831611286305 0
    outer loop
      vertex -0.7416407864998737 12.717464360891633 -3
      vertex -0.44971515500573955 12.642510598251148 -3
      vertex -0.7416407864998737 12.717464360891633 -6
    endloop
  endfacet
  facet normal 0.9510565162951539 0.30901699437494634 0
    outer loop
      vertex -2.3245995867087146 14.403144270804349 -3
      vertex -2.2314635661318034 14.116501073556773 -3
      vertex -2.2314635661318034 14.116501073556773 -6
    endloop
  endfacet
  facet normal 0.9822872507286886 0.18738131458572527 0
    outer loop
      vertex -2.3245995867087146 14.403144270804349 -3
      vertex -2.3245995867087146 14.403144270804349 -6
      vertex -2.381075283154747 14.69920023944567 -3
    endloop
  endfacet
  facet normal 0.9980267284282716 0.06279051952931301 0
    outer loop
      vertex -2.381075283154747 14.69920023944567 -3
      vertex -2.381075283154747 14.69920023944567 -6
      vertex -2.4 15 -3
    endloop
  endfacet
  facet normal 0.9980267284282716 -0.06279051952931301 0
    outer loop
      vertex -2.4 15 -3
      vertex -2.4 15 -6
      vertex -2.381075283154747 15.30079976055433 -3
    endloop
  endfacet
  facet normal 0.9822872507286886 -0.18738131458572527 0
    outer loop
      vertex -2.381075283154747 15.30079976055433 -3
      vertex -2.381075283154747 15.30079976055433 -6
      vertex -2.3245995867087146 15.596855729195651 -3
    endloop
  endfacet
  facet normal 0.9510565162951539 -0.30901699437494634 0
    outer loop
      vertex -2.3245995867087146 15.596855729195651 -3
      vertex -2.3245995867087146 15.596855729195651 -6
      vertex -2.2314635661318034 15.883498926443227 -3
    endloop
  endfacet
  facet normal 0.9048270524660192 -0.4257792915650731 0
    outer loop
      vertex -2.2314635661318034 15.883498926443227 -3
      vertex -2.2314635661318034 15.883498926443227 -6
      vertex -2.1031360321052723 16.156208817844117 -3
    endloop
  endfacet
  facet normal 0.844327925502014 -0.5358267949789984 0
    outer loop
      vertex -2.1031360321052723 16.156208817844117 -3
      vertex -2.1031360321052723 16.156208817844117 -6
      vertex -1.9416407864998737 16.410684605501935 -3
    endloop
  endfacet
  facet normal 0.7705132427757906 -0.637423989748688 0
    outer loop
      vertex -1.9416407864998737 16.410684605501935 -3
      vertex -1.9416407864998737 16.410684605501935 -6
      vertex -1.7495247058113879 16.642913054228853 -3
    endloop
  endfacet
  facet normal 0.6845471059286913 -0.7289686274214092 0
    outer loop
      vertex -1.7495247058113879 16.642913054228853 -3
      vertex -1.529817575396855 16.849231782661896 -6
      vertex -1.529817575396855 16.849231782661896 -3
    endloop
  endfacet
  facet normal 0.5877852522924717 -0.8090169943749485 0
    outer loop
      vertex -1.529817575396855 16.849231782661896 -3
      vertex -1.529817575396855 16.849231782661896 -6
      vertex -1.2859843079495923 17.026387021204837 -6
    endloop
  endfacet
  facet normal 0.48175367410170916 -0.8763066800438669 0
    outer loop
      vertex -1.2859843079495923 17.026387021204837 -3
      vertex -1.2859843079495923 17.026387021204837 -6
      vertex -1.0218702997561744 17.171584925918445 -6
    endloop
  endfacet
  facet normal 0.36812455268467903 -0.929776485888251 0
    outer loop
      vertex -1.0218702997561744 17.171584925918445 -3
      vertex -1.0218702997561744 17.171584925918445 -6
      vertex -0.7416407864998737 17.282535639108367 -6
    endloop
  endfacet
  facet normal 0.24868988716486193 -0.9685831611286293 0
    outer loop
      vertex -0.7416407864998737 17.282535639108367 -3
      vertex -0.7416407864998737 17.282535639108367 -6
      vertex -0.44971515500573894 17.357489401748854 -6
    endloop
  endfacet
  facet normal 0.12533323356430243 -0.992114701314478 0
    outer loop
      vertex -0.44971515500573894 17.357489401748854 -3
      vertex -0.44971515500573894 17.357489401748854 -6
      vertex -0.15069724687035185 17.395264148227852 -6
    endloop
  endfacet
  facet normal 0 -1 0
    outer loop
      vertex -0.15069724687035185 17.395264148227852 -3
      vertex -0.15069724687035185 17.395264148227852 -6
      vertex 0.15069724687035185 17.395264148227852 -6
    endloop
  endfacet
  facet normal 0.5877852522924717 -0.8090169943749485 0
    outer loop
      vertex -1.529817575396855 16.849231782661896 -3
      vertex -1.2859843079495923 17.026387021204837 -6
      vertex -1.2859843079495923 17.026387021204837 -3
    endloop
  endfacet
  facet normal 0.48175367410170916 -0.8763066800438669 0
    outer loop
      vertex -1.2859843079495923 17.026387021204837 -3
      vertex -1.0218702997561744 17.171584925918445 -6
      vertex -1.0218702997561744 17.171584925918445 -3
    endloop
  endfacet
  facet normal 0.36812455268467903 -0.929776485888251 0
    outer loop
      vertex -1.0218702997561744 17.171584925918445 -3
      vertex -0.7416407864998737 17.282535639108367 -6
      vertex -0.7416407864998737 17.282535639108367 -3
    endloop
  endfacet
  facet normal 0.24868988716486193 -0.9685831611286293 0
    outer loop
      vertex -0.7416407864998737 17.282535639108367 -3
      vertex -0.44971515500573894 17.357489401748854 -6
      vertex -0.44971515500573894 17.357489401748854 -3
    endloop
  endfacet
  facet normal 0.12533323356430243 -0.992114701314478 0
    outer loop
      vertex -0.44971515500573894 17.357489401748854 -3
      vertex -0.15069724687035185 17.395264148227852 -6
      vertex -0.15069724687035185 17.395264148227852 -3
    endloop
  endfacet
  facet normal 0 1 0
    outer loop
      vertex 0.15069724687035302 12.604735851772148 -3
      vertex 0.15069724687035302 12.604735851772148 -6
      vertex -0.15069724687035302 12.604735851772148 -6
    endloop
  endfacet
  facet normal -0.12533323356430845 0.9921147013144773 0
    outer loop
      vertex 0.44971515500573955 12.642510598251148 -3
      vertex 0.44971515500573955 12.642510598251148 -6
      vertex 0.15069724687035302 12.604735851772148 -6
    endloop
  endfacet
  facet normal -0.2486898871648569 0.9685831611286305 0
    outer loop
      vertex 0.7416407864998737 12.717464360891633 -3
      vertex 0.7416407864998737 12.717464360891633 -6
      vertex 0.44971515500573955 12.642510598251148 -6
    endloop
  endfacet
  facet normal -0.3681245526846747 0.9297764858882528 0
    outer loop
      vertex 1.0218702997561737 12.828415074081553 -3
      vertex 1.0218702997561737 12.828415074081553 -6
      vertex 0.7416407864998737 12.717464360891633 -6
    endloop
  endfacet
  facet normal -0.48175367410171466 0.876306680043864 0
    outer loop
      vertex 1.285984307949591 12.973612978795163 -3
      vertex 1.285984307949591 12.973612978795163 -6
      vertex 1.0218702997561737 12.828415074081553 -6
    endloop
  endfacet
  facet normal -0.587785252292472 0.8090169943749481 0
    outer loop
      vertex 1.529817575396856 13.150768217338106 -3
      vertex 1.529817575396856 13.150768217338106 -6
      vertex 1.285984307949591 12.973612978795163 -6
    endloop
  endfacet
  facet normal -0.6845471059286896 0.7289686274214108 0
    outer loop
      vertex 1.7495247058113879 13.357086945771147 -3
      vertex 1.7495247058113879 13.357086945771147 -6
      vertex 1.529817575396856 13.150768217338106 -6
    endloop
  endfacet
  facet normal -0.7705132427757906 0.637423989748688 0
    outer loop
      vertex 1.7495247058113879 13.357086945771147 -3
      vertex 1.9416407864998737 13.589315394498065 -6
      vertex 1.7495247058113879 13.357086945771147 -6
    endloop
  endfacet
  facet normal -0.844327925502014 0.5358267949789984 0
    outer loop
      vertex 1.9416407864998737 13.589315394498065 -3
      vertex 2.1031360321052723 13.843791182155883 -6
      vertex 1.9416407864998737 13.589315394498065 -6
    endloop
  endfacet
  facet normal -0.9048270524660199 0.42577929156507194 0
    outer loop
      vertex 2.1031360321052723 13.843791182155883 -3
      vertex 2.231463566131803 14.116501073556773 -6
      vertex 2.1031360321052723 13.843791182155883 -6
    endloop
  endfacet
  facet normal -0.9510565162951534 0.3090169943749477 0
    outer loop
      vertex 2.231463566131803 14.116501073556773 -3
      vertex 2.3245995867087146 14.403144270804349 -6
      vertex 2.231463566131803 14.116501073556773 -6
    endloop
  endfacet
  facet normal -0.9822872507286886 0.18738131458572527 0
    outer loop
      vertex 2.3245995867087146 14.403144270804349 -3
      vertex 2.381075283154747 14.69920023944567 -6
      vertex 2.3245995867087146 14.403144270804349 -6
    endloop
  endfacet
  facet normal -0.9980267284282716 0.06279051952931301 0
    outer loop
      vertex 2.381075283154747 14.69920023944567 -3
      vertex 2.4 15 -6
      vertex 2.381075283154747 14.69920023944567 -6
    endloop
  endfacet
  facet normal -0.9980267284282716 -0.06279051952931301 0
    outer loop
      vertex 2.4 15 -3
      vertex 2.381075283154747 15.30079976055433 -6
      vertex 2.4 15 -6
    endloop
  endfacet
  facet normal -0.9822872507286886 -0.18738131458572527 0
    outer loop
      vertex 2.381075283154747 15.30079976055433 -3
      vertex 2.3245995867087146 15.596855729195651 -6
      vertex 2.381075283154747 15.30079976055433 -6
    endloop
  endfacet
  facet normal -0.6845471059286857 -0.7289686274214143 0
    outer loop
      vertex 1.5298175753968553 16.849231782661892 -3
      vertex 1.5298175753968553 16.849231782661892 -6
      vertex 1.7495247058113876 16.642913054228853 -6
    endloop
  endfacet
  facet normal -0.7705132427757903 -0.6374239897486885 0
    outer loop
      vertex 1.9416407864998737 16.410684605501935 -3
      vertex 1.7495247058113876 16.642913054228853 -6
      vertex 1.9416407864998737 16.410684605501935 -6
    endloop
  endfacet
  facet normal -0.844327925502014 -0.5358267949789984 0
    outer loop
      vertex 2.1031360321052723 16.156208817844117 -3
      vertex 1.9416407864998737 16.410684605501935 -6
      vertex 2.1031360321052723 16.156208817844117 -6
    endloop
  endfacet
  facet normal -0.9510565162951534 -0.3090169943749477 0
    outer loop
      vertex 2.3245995867087146 15.596855729195651 -3
      vertex 2.231463566131803 15.883498926443227 -6
      vertex 2.3245995867087146 15.596855729195651 -6
    endloop
  endfacet
  facet normal -0.9048270524660199 -0.42577929156507194 0
    outer loop
      vertex 2.231463566131803 15.883498926443227 -3
      vertex 2.1031360321052723 16.156208817844117 -6
      vertex 2.231463566131803 15.883498926443227 -6
    endloop
  endfacet
  facet normal -0.12533323356430845 0.9921147013144773 0
    outer loop
      vertex 0.15069724687035302 12.604735851772148 -3
      vertex 0.44971515500573955 12.642510598251148 -3
      vertex 0.15069724687035302 12.604735851772148 -6
    endloop
  endfacet
  facet normal -0.2486898871648569 0.9685831611286305 0
    outer loop
      vertex 0.44971515500573955 12.642510598251148 -3
      vertex 0.7416407864998737 12.717464360891633 -3
      vertex 0.44971515500573955 12.642510598251148 -6
    endloop
  endfacet
  facet normal -0.3681245526846747 0.9297764858882528 0
    outer loop
      vertex 0.7416407864998737 12.717464360891633 -3
      vertex 1.0218702997561737 12.828415074081553 -3
      vertex 0.7416407864998737 12.717464360891633 -6
    endloop
  endfacet
  facet normal -0.48175367410171466 0.876306680043864 0
    outer loop
      vertex 1.0218702997561737 12.828415074081553 -3
      vertex 1.285984307949591 12.973612978795163 -3
      vertex 1.0218702997561737 12.828415074081553 -6
    endloop
  endfacet
  facet normal -0.587785252292472 0.8090169943749481 0
    outer loop
      vertex 1.285984307949591 12.973612978795163 -3
      vertex 1.529817575396856 13.150768217338106 -3
      vertex 1.285984307949591 12.973612978795163 -6
    endloop
  endfacet
  facet normal -0.6845471059286896 0.7289686274214108 0
    outer loop
      vertex 1.529817575396856 13.150768217338106 -3
      vertex 1.7495247058113879 13.357086945771147 -3
      vertex 1.529817575396856 13.150768217338106 -6
    endloop
  endfacet
  facet normal -0.7705132427757906 0.637423989748688 0
    outer loop
      vertex 1.7495247058113879 13.357086945771147 -3
      vertex 1.9416407864998737 13.589315394498065 -3
      vertex 1.9416407864998737 13.589315394498065 -6
    endloop
  endfacet
  facet normal -0.844327925502014 0.5358267949789984 0
    outer loop
      vertex 1.9416407864998737 13.589315394498065 -3
      vertex 2.1031360321052723 13.843791182155883 -3
      vertex 2.1031360321052723 13.843791182155883 -6
    endloop
  endfacet
  facet normal -0.9048270524660199 0.42577929156507194 0
    outer loop
      vertex 2.1031360321052723 13.843791182155883 -3
      vertex 2.231463566131803 14.116501073556773 -3
      vertex 2.231463566131803 14.116501073556773 -6
    endloop
  endfacet
  facet normal -0.9510565162951534 0.3090169943749477 0
    outer loop
      vertex 2.231463566131803 14.116501073556773 -3
      vertex 2.3245995867087146 14.403144270804349 -3
      vertex 2.3245995867087146 14.403144270804349 -6
    endloop
  endfacet
  facet normal -0.9822872507286886 0.18738131458572527 0
    outer loop
      vertex 2.3245995867087146 14.403144270804349 -3
      vertex 2.381075283154747 14.69920023944567 -3
      vertex 2.381075283154747 14.69920023944567 -6
    endloop
  endfacet
  facet normal -0.9980267284282716 0.06279051952931301 0
    outer loop
      vertex 2.381075283154747 14.69920023944567 -3
      vertex 2.4 15 -3
      vertex 2.4 15 -6
    endloop
  endfacet
  facet normal -0.9980267284282716 -0.06279051952931301 0
    outer loop
      vertex 2.4 15 -3
      vertex 2.381075283154747 15.30079976055433 -3
      vertex 2.381075283154747 15.30079976055433 -6
    endloop
  endfacet
  facet normal -0.6845471059286857 -0.7289686274214143 0
    outer loop
      vertex 1.5298175753968553 16.849231782661892 -3
      vertex 1.7495247058113876 16.642913054228853 -6
      vertex 1.7495247058113876 16.642913054228853 -3
    endloop
  endfacet
  facet normal -0.844327925502014 -0.5358267949789984 0
    outer loop
      vertex 2.1031360321052723 16.156208817844117 -3
      vertex 1.9416407864998737 16.410684605501935 -3
      vertex 1.9416407864998737 16.410684605501935 -6
    endloop
  endfacet
  facet normal -0.7705132427757903 -0.6374239897486885 0
    outer loop
      vertex 1.9416407864998737 16.410684605501935 -3
      vertex 1.7495247058113876 16.642913054228853 -3
      vertex 1.7495247058113876 16.642913054228853 -6
    endloop
  endfacet
  facet normal -0.9510565162951534 -0.3090169943749477 0
    outer loop
      vertex 2.231463566131803 15.883498926443227 -3
      vertex 2.231463566131803 15.883498926443227 -6
      vertex 2.3245995867087146 15.596855729195651 -3
    endloop
  endfacet
  facet normal -0.9822872507286886 -0.18738131458572527 0
    outer loop
      vertex 2.381075283154747 15.30079976055433 -3
      vertex 2.3245995867087146 15.596855729195651 -3
      vertex 2.3245995867087146 15.596855729195651 -6
    endloop
  endfacet
  facet normal -0.9048270524660199 -0.42577929156507194 0
    outer loop
      vertex 2.231463566131803 15.883498926443227 -3
      vertex 2.1031360321052723 16.156208817844117 -3
      vertex 2.1031360321052723 16.156208817844117 -6
    endloop
  endfacet
  facet normal -0.12533323356430243 -0.992114701314478 0
    outer loop
      vertex 0.15069724687035185 17.395264148227852 -3
      vertex 0.15069724687035185 17.395264148227852 -6
      vertex 0.44971515500573894 17.357489401748854 -6
    endloop
  endfacet
  facet normal -0.24868988716486193 -0.9685831611286293 0
    outer loop
      vertex 0.44971515500573894 17.357489401748854 -3
      vertex 0.44971515500573894 17.357489401748854 -6
      vertex 0.7416407864998737 17.282535639108367 -6
    endloop
  endfacet
  facet normal -0.36812455268467903 -0.929776485888251 0
    outer loop
      vertex 0.7416407864998737 17.282535639108367 -3
      vertex 0.7416407864998737 17.282535639108367 -6
      vertex 1.0218702997561744 17.171584925918445 -6
    endloop
  endfacet
  facet normal -0.4817536741017098 -0.8763066800438666 0
    outer loop
      vertex 1.0218702997561744 17.171584925918445 -3
      vertex 1.0218702997561744 17.171584925918445 -6
      vertex 1.2859843079495918 17.026387021204837 -6
    endloop
  endfacet
  facet normal -0.5877852522924784 -0.8090169943749436 0
    outer loop
      vertex 1.2859843079495918 17.026387021204837 -3
      vertex 1.2859843079495918 17.026387021204837 -6
      vertex 1.5298175753968553 16.849231782661892 -6
    endloop
  endfacet
  facet normal 0 -1 0
    outer loop
      vertex -0.15069724687035185 17.395264148227852 -3
      vertex 0.15069724687035185 17.395264148227852 -6
      vertex 0.15069724687035185 17.395264148227852 -3
    endloop
  endfacet
  facet normal -0.12533323356430243 -0.992114701314478 0
    outer loop
      vertex 0.15069724687035185 17.395264148227852 -3
      vertex 0.44971515500573894 17.357489401748854 -6
      vertex 0.44971515500573894 17.357489401748854 -3
    endloop
  endfacet
  facet normal -0.24868988716486193 -0.9685831611286293 0
    outer loop
      vertex 0.44971515500573894 17.357489401748854 -3
      vertex 0.7416407864998737 17.282535639108367 -6
      vertex 0.7416407864998737 17.282535639108367 -3
    endloop
  endfacet
  facet normal -0.36812455268467903 -0.929776485888251 0
    outer loop
      vertex 0.7416407864998737 17.282535639108367 -3
      vertex 1.0218702997561744 17.171584925918445 -6
      vertex 1.0218702997561744 17.171584925918445 -3
    endloop
  endfacet
  facet normal -0.4817536741017098 -0.8763066800438666 0
    outer loop
      vertex 1.0218702997561744 17.171584925918445 -3
      vertex 1.2859843079495918 17.026387021204837 -6
      vertex 1.2859843079495918 17.026387021204837 -3
    endloop
  endfacet
  facet normal -0.5877852522924784 -0.8090169943749436 0
    outer loop
      vertex 1.5298175753968553 16.849231782661892 -3
      vertex 1.2859843079495918 17.026387021204837 -3
      vertex 1.5298175753968553 16.849231782661892 -6
    endloop
  endfacet
  facet normal 0.9048270524660192 0.4257792915650731 0
    outer loop
      vertex -2.1031360321052723 13.843791182155883 3
      vertex -2.2314635661318034 14.116501073556773 3
      vertex -2.2314635661318034 14.116501073556773 6
    endloop
  endfacet
  facet normal 0.6845471059286881 0.7289686274214121 0
    outer loop
      vertex -1.7495247058113879 13.357086945771147 3
      vertex -1.529817575396855 13.150768217338106 6
      vertex -1.529817575396855 13.150768217338106 3
    endloop
  endfacet
  facet normal 0.7705132427757906 0.637423989748688 0
    outer loop
      vertex -1.7495247058113879 13.357086945771147 3
      vertex -1.9416407864998737 13.589315394498065 3
      vertex -1.9416407864998737 13.589315394498065 6
    endloop
  endfacet
  facet normal 0.844327925502014 0.5358267949789984 0
    outer loop
      vertex -2.1031360321052723 13.843791182155883 3
      vertex -2.1031360321052723 13.843791182155883 6
      vertex -1.9416407864998737 13.589315394498065 3
    endloop
  endfacet
  facet normal 0.12533323356430845 0.9921147013144773 0
    outer loop
      vertex -0.44971515500573955 12.642510598251148 3
      vertex -0.15069724687035302 12.604735851772148 6
      vertex -0.15069724687035302 12.604735851772148 3
    endloop
  endfacet
  facet normal 0.48175367410171277 0.8763066800438649 0
    outer loop
      vertex -1.2859843079495923 12.973612978795163 3
      vertex -1.0218702997561737 12.828415074081553 6
      vertex -1.0218702997561737 12.828415074081553 3
    endloop
  endfacet
  facet normal 0.5877852522924756 0.8090169943749457 0
    outer loop
      vertex -1.529817575396855 13.150768217338106 3
      vertex -1.2859843079495923 12.973612978795163 6
      vertex -1.2859843079495923 12.973612978795163 3
    endloop
  endfacet
  facet normal 0.3681245526846747 0.9297764858882528 0
    outer loop
      vertex -1.0218702997561737 12.828415074081553 3
      vertex -0.7416407864998737 12.717464360891633 6
      vertex -0.7416407864998737 12.717464360891633 3
    endloop
  endfacet
  facet normal 0.2486898871648569 0.9685831611286305 0
    outer loop
      vertex -0.7416407864998737 12.717464360891633 3
      vertex -0.44971515500573955 12.642510598251148 6
      vertex -0.44971515500573955 12.642510598251148 3
    endloop
  endfacet
  facet normal 0.9510565162951539 0.30901699437494634 0
    outer loop
      vertex -2.3245995867087146 14.403144270804349 3
      vertex -2.3245995867087146 14.403144270804349 6
      vertex -2.2314635661318034 14.116501073556773 3
    endloop
  endfacet
  facet normal 0.9822872507286886 0.18738131458572527 0
    outer loop
      vertex -2.3245995867087146 14.403144270804349 3
      vertex -2.381075283154747 14.69920023944567 3
      vertex -2.381075283154747 14.69920023944567 6
    endloop
  endfacet
  facet normal 0.9980267284282716 0.06279051952931301 0
    outer loop
      vertex -2.381075283154747 14.69920023944567 3
      vertex -2.4 15 3
      vertex -2.4 15 6
    endloop
  endfacet
  facet normal 0.9980267284282716 -0.06279051952931301 0
    outer loop
      vertex -2.4 15 3
      vertex -2.381075283154747 15.30079976055433 3
      vertex -2.381075283154747 15.30079976055433 6
    endloop
  endfacet
  facet normal 0.9822872507286886 -0.18738131458572527 0
    outer loop
      vertex -2.381075283154747 15.30079976055433 3
      vertex -2.3245995867087146 15.596855729195651 3
      vertex -2.3245995867087146 15.596855729195651 6
    endloop
  endfacet
  facet normal 0.9510565162951539 -0.30901699437494634 0
    outer loop
      vertex -2.3245995867087146 15.596855729195651 3
      vertex -2.2314635661318034 15.883498926443227 3
      vertex -2.2314635661318034 15.883498926443227 6
    endloop
  endfacet
  facet normal 0.9048270524660192 -0.4257792915650731 0
    outer loop
      vertex -2.2314635661318034 15.883498926443227 3
      vertex -2.1031360321052723 16.156208817844117 3
      vertex -2.1031360321052723 16.156208817844117 6
    endloop
  endfacet
  facet normal 0.844327925502014 -0.5358267949789984 0
    outer loop
      vertex -2.1031360321052723 16.156208817844117 3
      vertex -1.9416407864998737 16.410684605501935 3
      vertex -1.9416407864998737 16.410684605501935 6
    endloop
  endfacet
  facet normal 0.7705132427757906 -0.637423989748688 0
    outer loop
      vertex -1.9416407864998737 16.410684605501935 3
      vertex -1.7495247058113879 16.642913054228853 3
      vertex -1.7495247058113879 16.642913054228853 6
    endloop
  endfacet
  facet normal 0.6845471059286913 -0.7289686274214092 0
    outer loop
      vertex -1.7495247058113879 16.642913054228853 3
      vertex -1.529817575396855 16.849231782661896 3
      vertex -1.7495247058113879 16.642913054228853 6
    endloop
  endfacet
  facet normal 0.9048270524660192 0.4257792915650731 0
    outer loop
      vertex -2.1031360321052723 13.843791182155883 3
      vertex -2.2314635661318034 14.116501073556773 6
      vertex -2.1031360321052723 13.843791182155883 6
    endloop
  endfacet
  facet normal 0.6845471059286881 0.7289686274214121 0
    outer loop
      vertex -1.7495247058113879 13.357086945771147 3
      vertex -1.7495247058113879 13.357086945771147 6
      vertex -1.529817575396855 13.150768217338106 6
    endloop
  endfacet
  facet normal 0.5877852522924756 0.8090169943749457 0
    outer loop
      vertex -1.529817575396855 13.150768217338106 3
      vertex -1.529817575396855 13.150768217338106 6
      vertex -1.2859843079495923 12.973612978795163 6
    endloop
  endfacet
  facet normal 0.844327925502014 0.5358267949789984 0
    outer loop
      vertex -1.9416407864998737 13.589315394498065 3
      vertex -2.1031360321052723 13.843791182155883 6
      vertex -1.9416407864998737 13.589315394498065 6
    endloop
  endfacet
  facet normal 0.7705132427757906 0.637423989748688 0
    outer loop
      vertex -1.7495247058113879 13.357086945771147 3
      vertex -1.9416407864998737 13.589315394498065 6
      vertex -1.7495247058113879 13.357086945771147 6
    endloop
  endfacet
  facet normal 0.12533323356430845 0.9921147013144773 0
    outer loop
      vertex -0.44971515500573955 12.642510598251148 3
      vertex -0.44971515500573955 12.642510598251148 6
      vertex -0.15069724687035302 12.604735851772148 6
    endloop
  endfacet
  facet normal 0 1 0
    outer loop
      vertex -0.15069724687035302 12.604735851772148 3
      vertex -0.15069724687035302 12.604735851772148 6
      vertex 0.15069724687035302 12.604735851772148 6
    endloop
  endfacet
  facet normal 0.48175367410171277 0.8763066800438649 0
    outer loop
      vertex -1.2859843079495923 12.973612978795163 3
      vertex -1.2859843079495923 12.973612978795163 6
      vertex -1.0218702997561737 12.828415074081553 6
    endloop
  endfacet
  facet normal 0.3681245526846747 0.9297764858882528 0
    outer loop
      vertex -1.0218702997561737 12.828415074081553 3
      vertex -1.0218702997561737 12.828415074081553 6
      vertex -0.7416407864998737 12.717464360891633 6
    endloop
  endfacet
  facet normal 0.2486898871648569 0.9685831611286305 0
    outer loop
      vertex -0.7416407864998737 12.717464360891633 3
      vertex -0.7416407864998737 12.717464360891633 6
      vertex -0.44971515500573955 12.642510598251148 6
    endloop
  endfacet
  facet normal 0.9510565162951539 0.30901699437494634 0
    outer loop
      vertex -2.2314635661318034 14.116501073556773 3
      vertex -2.3245995867087146 14.403144270804349 6
      vertex -2.2314635661318034 14.116501073556773 6
    endloop
  endfacet
  facet normal 0.9822872507286886 0.18738131458572527 0
    outer loop
      vertex -2.3245995867087146 14.403144270804349 3
      vertex -2.381075283154747 14.69920023944567 6
      vertex -2.3245995867087146 14.403144270804349 6
    endloop
  endfacet
  facet normal 0.9980267284282716 0.06279051952931301 0
    outer loop
      vertex -2.381075283154747 14.69920023944567 3
      vertex -2.4 15 6
      vertex -2.381075283154747 14.69920023944567 6
    endloop
  endfacet
  facet normal 0.9980267284282716 -0.06279051952931301 0
    outer loop
      vertex -2.4 15 3
      vertex -2.381075283154747 15.30079976055433 6
      vertex -2.4 15 6
    endloop
  endfacet
  facet normal 0.9822872507286886 -0.18738131458572527 0
    outer loop
      vertex -2.381075283154747 15.30079976055433 3
      vertex -2.3245995867087146 15.596855729195651 6
      vertex -2.381075283154747 15.30079976055433 6
    endloop
  endfacet
  facet normal 0.9510565162951539 -0.30901699437494634 0
    outer loop
      vertex -2.3245995867087146 15.596855729195651 3
      vertex -2.2314635661318034 15.883498926443227 6
      vertex -2.3245995867087146 15.596855729195651 6
    endloop
  endfacet
  facet normal 0.9048270524660192 -0.4257792915650731 0
    outer loop
      vertex -2.2314635661318034 15.883498926443227 3
      vertex -2.1031360321052723 16.156208817844117 6
      vertex -2.2314635661318034 15.883498926443227 6
    endloop
  endfacet
  facet normal 0.844327925502014 -0.5358267949789984 0
    outer loop
      vertex -2.1031360321052723 16.156208817844117 3
      vertex -1.9416407864998737 16.410684605501935 6
      vertex -2.1031360321052723 16.156208817844117 6
    endloop
  endfacet
  facet normal 0.7705132427757906 -0.637423989748688 0
    outer loop
      vertex -1.9416407864998737 16.410684605501935 3
      vertex -1.7495247058113879 16.642913054228853 6
      vertex -1.9416407864998737 16.410684605501935 6
    endloop
  endfacet
  facet normal 0.6845471059286913 -0.7289686274214092 0
    outer loop
      vertex -1.529817575396855 16.849231782661896 3
      vertex -1.529817575396855 16.849231782661896 6
      vertex -1.7495247058113879 16.642913054228853 6
    endloop
  endfacet
  facet normal 0.5877852522924717 -0.8090169943749485 0
    outer loop
      vertex -1.529817575396855 16.849231782661896 3
      vertex -1.2859843079495923 17.026387021204837 3
      vertex -1.529817575396855 16.849231782661896 6
    endloop
  endfacet
  facet normal 0.48175367410170916 -0.8763066800438669 0
    outer loop
      vertex -1.2859843079495923 17.026387021204837 3
      vertex -1.0218702997561744 17.171584925918445 3
      vertex -1.2859843079495923 17.026387021204837 6
    endloop
  endfacet
  facet normal 0.36812455268467903 -0.929776485888251 0
    outer loop
      vertex -1.0218702997561744 17.171584925918445 3
      vertex -0.7416407864998737 17.282535639108367 3
      vertex -1.0218702997561744 17.171584925918445 6
    endloop
  endfacet
  facet normal 0.24868988716486193 -0.9685831611286293 0
    outer loop
      vertex -0.7416407864998737 17.282535639108367 3
      vertex -0.44971515500573894 17.357489401748854 3
      vertex -0.7416407864998737 17.282535639108367 6
    endloop
  endfacet
  facet normal 0.12533323356430243 -0.992114701314478 0
    outer loop
      vertex -0.44971515500573894 17.357489401748854 3
      vertex -0.15069724687035185 17.395264148227852 3
      vertex -0.44971515500573894 17.357489401748854 6
    endloop
  endfacet
  facet normal 0 -1 0
    outer loop
      vertex -0.15069724687035185 17.395264148227852 3
      vertex 0.15069724687035185 17.395264148227852 3
      vertex -0.15069724687035185 17.395264148227852 6
    endloop
  endfacet
  facet normal 0.5877852522924717 -0.8090169943749485 0
    outer loop
      vertex -1.2859843079495923 17.026387021204837 3
      vertex -1.2859843079495923 17.026387021204837 6
      vertex -1.529817575396855 16.849231782661896 6
    endloop
  endfacet
  facet normal 0.48175367410170916 -0.8763066800438669 0
    outer loop
      vertex -1.0218702997561744 17.171584925918445 3
      vertex -1.0218702997561744 17.171584925918445 6
      vertex -1.2859843079495923 17.026387021204837 6
    endloop
  endfacet
  facet normal 0.36812455268467903 -0.929776485888251 0
    outer loop
      vertex -0.7416407864998737 17.282535639108367 3
      vertex -0.7416407864998737 17.282535639108367 6
      vertex -1.0218702997561744 17.171584925918445 6
    endloop
  endfacet
  facet normal 0.24868988716486193 -0.9685831611286293 0
    outer loop
      vertex -0.44971515500573894 17.357489401748854 3
      vertex -0.44971515500573894 17.357489401748854 6
      vertex -0.7416407864998737 17.282535639108367 6
    endloop
  endfacet
  facet normal 0.12533323356430243 -0.992114701314478 0
    outer loop
      vertex -0.15069724687035185 17.395264148227852 3
      vertex -0.15069724687035185 17.395264148227852 6
      vertex -0.44971515500573894 17.357489401748854 6
    endloop
  endfacet
  facet normal 0 1 0
    outer loop
      vertex -0.15069724687035302 12.604735851772148 3
      vertex 0.15069724687035302 12.604735851772148 6
      vertex 0.15069724687035302 12.604735851772148 3
    endloop
  endfacet
  facet normal -0.12533323356430845 0.9921147013144773 0
    outer loop
      vertex 0.15069724687035302 12.604735851772148 3
      vertex 0.44971515500573955 12.642510598251148 6
      vertex 0.44971515500573955 12.642510598251148 3
    endloop
  endfacet
  facet normal -0.2486898871648569 0.9685831611286305 0
    outer loop
      vertex 0.44971515500573955 12.642510598251148 3
      vertex 0.7416407864998737 12.717464360891633 6
      vertex 0.7416407864998737 12.717464360891633 3
    endloop
  endfacet
  facet normal -0.3681245526846747 0.9297764858882528 0
    outer loop
      vertex 0.7416407864998737 12.717464360891633 3
      vertex 1.0218702997561737 12.828415074081553 6
      vertex 1.0218702997561737 12.828415074081553 3
    endloop
  endfacet
  facet normal -0.48175367410171466 0.876306680043864 0
    outer loop
      vertex 1.0218702997561737 12.828415074081553 3
      vertex 1.285984307949591 12.973612978795163 6
      vertex 1.285984307949591 12.973612978795163 3
    endloop
  endfacet
  facet normal -0.587785252292472 0.8090169943749481 0
    outer loop
      vertex 1.285984307949591 12.973612978795163 3
      vertex 1.529817575396856 13.150768217338106 6
      vertex 1.529817575396856 13.150768217338106 3
    endloop
  endfacet
  facet normal -0.6845471059286896 0.7289686274214108 0
    outer loop
      vertex 1.529817575396856 13.150768217338106 3
      vertex 1.7495247058113879 13.357086945771147 6
      vertex 1.7495247058113879 13.357086945771147 3
    endloop
  endfacet
  facet normal -0.7705132427757906 0.637423989748688 0
    outer loop
      vertex 1.7495247058113879 13.357086945771147 3
      vertex 1.7495247058113879 13.357086945771147 6
      vertex 1.9416407864998737 13.589315394498065 3
    endloop
  endfacet
  facet normal -0.844327925502014 0.5358267949789984 0
    outer loop
      vertex 1.9416407864998737 13.589315394498065 3
      vertex 1.9416407864998737 13.589315394498065 6
      vertex 2.1031360321052723 13.843791182155883 3
    endloop
  endfacet
  facet normal -0.9048270524660199 0.42577929156507194 0
    outer loop
      vertex 2.1031360321052723 13.843791182155883 3
      vertex 2.1031360321052723 13.843791182155883 6
      vertex 2.231463566131803 14.116501073556773 3
    endloop
  endfacet
  facet normal -0.9510565162951534 0.3090169943749477 0
    outer loop
      vertex 2.231463566131803 14.116501073556773 3
      vertex 2.231463566131803 14.116501073556773 6
      vertex 2.3245995867087146 14.403144270804349 3
    endloop
  endfacet
  facet normal -0.9822872507286886 0.18738131458572527 0
    outer loop
      vertex 2.3245995867087146 14.403144270804349 3
      vertex 2.3245995867087146 14.403144270804349 6
      vertex 2.381075283154747 14.69920023944567 3
    endloop
  endfacet
  facet normal -0.9980267284282716 0.06279051952931301 0
    outer loop
      vertex 2.381075283154747 14.69920023944567 3
      vertex 2.381075283154747 14.69920023944567 6
      vertex 2.4 15 3
    endloop
  endfacet
  facet normal -0.9980267284282716 -0.06279051952931301 0
    outer loop
      vertex 2.4 15 3
      vertex 2.4 15 6
      vertex 2.381075283154747 15.30079976055433 3
    endloop
  endfacet
  facet normal -0.9822872507286886 -0.18738131458572527 0
    outer loop
      vertex 2.381075283154747 15.30079976055433 3
      vertex 2.381075283154747 15.30079976055433 6
      vertex 2.3245995867087146 15.596855729195651 3
    endloop
  endfacet
  facet normal -0.6845471059286857 -0.7289686274214143 0
    outer loop
      vertex 1.5298175753968553 16.849231782661892 3
      vertex 1.7495247058113876 16.642913054228853 3
      vertex 1.5298175753968553 16.849231782661892 6
    endloop
  endfacet
  facet normal -0.7705132427757903 -0.6374239897486885 0
    outer loop
      vertex 1.9416407864998737 16.410684605501935 3
      vertex 1.9416407864998737 16.410684605501935 6
      vertex 1.7495247058113876 16.642913054228853 3
    endloop
  endfacet
  facet normal -0.844327925502014 -0.5358267949789984 0
    outer loop
      vertex 2.1031360321052723 16.156208817844117 3
      vertex 2.1031360321052723 16.156208817844117 6
      vertex 1.9416407864998737 16.410684605501935 3
    endloop
  endfacet
  facet normal -0.9510565162951534 -0.3090169943749477 0
    outer loop
      vertex 2.231463566131803 15.883498926443227 3
      vertex 2.3245995867087146 15.596855729195651 3
      vertex 2.3245995867087146 15.596855729195651 6
    endloop
  endfacet
  facet normal -0.9048270524660199 -0.42577929156507194 0
    outer loop
      vertex 2.231463566131803 15.883498926443227 3
      vertex 2.231463566131803 15.883498926443227 6
      vertex 2.1031360321052723 16.156208817844117 3
    endloop
  endfacet
  facet normal -0.12533323356430845 0.9921147013144773 0
    outer loop
      vertex 0.15069724687035302 12.604735851772148 3
      vertex 0.15069724687035302 12.604735851772148 6
      vertex 0.44971515500573955 12.642510598251148 6
    endloop
  endfacet
  facet normal -0.2486898871648569 0.9685831611286305 0
    outer loop
      vertex 0.44971515500573955 12.642510598251148 3
      vertex 0.44971515500573955 12.642510598251148 6
      vertex 0.7416407864998737 12.717464360891633 6
    endloop
  endfacet
  facet normal -0.3681245526846747 0.9297764858882528 0
    outer loop
      vertex 0.7416407864998737 12.717464360891633 3
      vertex 0.7416407864998737 12.717464360891633 6
      vertex 1.0218702997561737 12.828415074081553 6
    endloop
  endfacet
  facet normal -0.48175367410171466 0.876306680043864 0
    outer loop
      vertex 1.0218702997561737 12.828415074081553 3
      vertex 1.0218702997561737 12.828415074081553 6
      vertex 1.285984307949591 12.973612978795163 6
    endloop
  endfacet
  facet normal -0.587785252292472 0.8090169943749481 0
    outer loop
      vertex 1.285984307949591 12.973612978795163 3
      vertex 1.285984307949591 12.973612978795163 6
      vertex 1.529817575396856 13.150768217338106 6
    endloop
  endfacet
  facet normal -0.6845471059286896 0.7289686274214108 0
    outer loop
      vertex 1.529817575396856 13.150768217338106 3
      vertex 1.529817575396856 13.150768217338106 6
      vertex 1.7495247058113879 13.357086945771147 6
    endloop
  endfacet
  facet normal -0.7705132427757906 0.637423989748688 0
    outer loop
      vertex 1.9416407864998737 13.589315394498065 3
      vertex 1.7495247058113879 13.357086945771147 6
      vertex 1.9416407864998737 13.589315394498065 6
    endloop
  endfacet
  facet normal -0.844327925502014 0.5358267949789984 0
    outer loop
      vertex 2.1031360321052723 13.843791182155883 3
      vertex 1.9416407864998737 13.589315394498065 6
      vertex 2.1031360321052723 13.843791182155883 6
    endloop
  endfacet
  facet normal -0.9048270524660199 0.42577929156507194 0
    outer loop
      vertex 2.231463566131803 14.116501073556773 3
      vertex 2.1031360321052723 13.843791182155883 6
      vertex 2.231463566131803 14.116501073556773 6
    endloop
  endfacet
  facet normal -0.9510565162951534 0.3090169943749477 0
    outer loop
      vertex 2.3245995867087146 14.403144270804349 3
      vertex 2.231463566131803 14.116501073556773 6
      vertex 2.3245995867087146 14.403144270804349 6
    endloop
  endfacet
  facet normal -0.9822872507286886 0.18738131458572527 0
    outer loop
      vertex 2.381075283154747 14.69920023944567 3
      vertex 2.3245995867087146 14.403144270804349 6
      vertex 2.381075283154747 14.69920023944567 6
    endloop
  endfacet
  facet normal -0.9980267284282716 0.06279051952931301 0
    outer loop
      vertex 2.4 15 3
      vertex 2.381075283154747 14.69920023944567 6
      vertex 2.4 15 6
    endloop
  endfacet
  facet normal -0.9980267284282716 -0.06279051952931301 0
    outer loop
      vertex 2.381075283154747 15.30079976055433 3
      vertex 2.4 15 6
      vertex 2.381075283154747 15.30079976055433 6
    endloop
  endfacet
  facet normal -0.6845471059286857 -0.7289686274214143 0
    outer loop
      vertex 1.7495247058113876 16.642913054228853 3
      vertex 1.7495247058113876 16.642913054228853 6
      vertex 1.5298175753968553 16.849231782661892 6
    endloop
  endfacet
  facet normal -0.844327925502014 -0.5358267949789984 0
    outer loop
      vertex 1.9416407864998737 16.410684605501935 3
      vertex 2.1031360321052723 16.156208817844117 6
      vertex 1.9416407864998737 16.410684605501935 6
    endloop
  endfacet
  facet normal -0.7705132427757903 -0.6374239897486885 0
    outer loop
      vertex 1.7495247058113876 16.642913054228853 3
      vertex 1.9416407864998737 16.410684605501935 6
      vertex 1.7495247058113876 16.642913054228853 6
    endloop
  endfacet
  facet normal -0.9510565162951534 -0.3090169943749477 0
    outer loop
      vertex 2.231463566131803 15.883498926443227 3
      vertex 2.3245995867087146 15.596855729195651 6
      vertex 2.231463566131803 15.883498926443227 6
    endloop
  endfacet
  facet normal -0.9822872507286886 -0.18738131458572527 0
    outer loop
      vertex 2.3245995867087146 15.596855729195651 3
      vertex 2.381075283154747 15.30079976055433 6
      vertex 2.3245995867087146 15.596855729195651 6
    endloop
  endfacet
  facet normal -0.9048270524660199 -0.42577929156507194 0
    outer loop
      vertex 2.1031360321052723 16.156208817844117 3
      vertex 2.231463566131803 15.883498926443227 6
      vertex 2.1031360321052723 16.156208817844117 6
    endloop
  endfacet
  facet normal -0.12533323356430243 -0.992114701314478 0
    outer loop
      vertex 0.15069724687035185 17.395264148227852 3
      vertex 0.44971515500573894 17.357489401748854 3
      vertex 0.15069724687035185 17.395264148227852 6
    endloop
  endfacet
  facet normal -0.24868988716486193 -0.9685831611286293 0
    outer loop
      vertex 0.44971515500573894 17.357489401748854 3
      vertex 0.7416407864998737 17.282535639108367 3
      vertex 0.44971515500573894 17.357489401748854 6
    endloop
  endfacet
  facet normal -0.36812455268467903 -0.929776485888251 0
    outer loop
      vertex 0.7416407864998737 17.282535639108367 3
      vertex 1.0218702997561744 17.171584925918445 3
      vertex 0.7416407864998737 17.282535639108367 6
    endloop
  endfacet
  facet normal -0.4817536741017098 -0.8763066800438666 0
    outer loop
      vertex 1.0218702997561744 17.171584925918445 3
      vertex 1.2859843079495918 17.026387021204837 3
      vertex 1.0218702997561744 17.171584925918445 6
    endloop
  endfacet
  facet normal -0.5877852522924784 -0.8090169943749436 0
    outer loop
      vertex 1.5298175753968553 16.849231782661892 3
      vertex 1.2859843079495918 17.026387021204837 6
      vertex 1.2859843079495918 17.026387021204837 3
    endloop
  endfacet
  facet normal 0 -1 0
    outer loop
      vertex 0.15069724687035185 17.395264148227852 3
      vertex 0.15069724687035185 17.395264148227852 6
      vertex -0.15069724687035185 17.395264148227852 6
    endloop
  endfacet
  facet normal -0.12533323356430243 -0.992114701314478 0
    outer loop
      vertex 0.44971515500573894 17.357489401748854 3
      vertex 0.44971515500573894 17.357489401748854 6
      vertex 0.15069724687035185 17.395264148227852 6
    endloop
  endfacet
  facet normal -0.24868988716486193 -0.9685831611286293 0
    outer loop
      vertex 0.7416407864998737 17.282535639108367 3
      vertex 0.7416407864998737 17.282535639108367 6
      vertex 0.44971515500573894 17.357489401748854 6
    endloop
  endfacet
  facet normal -0.36812455268467903 -0.929776485888251 0
    outer loop
      vertex 1.0218702997561744 17.171584925918445 3
      vertex 1.0218702997561744 17.171584925918445 6
      vertex 0.7416407864998737 17.282535639108367 6
    endloop
  endfacet
  facet normal -0.4817536741017098 -0.8763066800438666 0
    outer loop
      vertex 1.2859843079495918 17.026387021204837 3
      vertex 1.2859843079495918 17.026387021204837 6
      vertex 1.0218702997561744 17.171584925918445 6
    endloop
  endfacet
  facet normal -0.5877852522924784 -0.8090169943749436 0
    outer loop
      vertex 1.5298175753968553 16.849231782661892 3
      vertex 1.5298175753968553 16.849231782661892 6
      vertex 1.2859843079495918 17.026387021204837 6
    endloop
  endfacet
  facet normal 0.9510565162951538 0.30901699437494684 0
    outer loop
      vertex -2.9057494833858932 -0.7460696614945646 -3
      vertex -2.7893294576647545 -1.1043736580540335 -6
      vertex -2.9057494833858932 -0.7460696614945646 -6
    endloop
  endfacet
  facet normal 0.9822872507286886 0.18738131458572468 0
    outer loop
      vertex -2.9763441039434335 -0.3759997006929122 -3
      vertex -2.9057494833858932 -0.7460696614945646 -6
      vertex -2.9763441039434335 -0.3759997006929122 -6
    endloop
  endfacet
  facet normal 0.9980267284282716 0.0627905195293134 0
    outer loop
      vertex -3 0 -3
      vertex -2.9763441039434335 -0.3759997006929122 -6
      vertex -3 0 -6
    endloop
  endfacet
  facet normal 0.24868988716485477 0.9685831611286312 0
    outer loop
      vertex -0.9270509831248421 -2.8531695488854605 -3
      vertex -0.5621439437571745 -2.9468617521860656 -6
      vertex -0.9270509831248421 -2.8531695488854605 -6
    endloop
  endfacet
  facet normal 0.12533323356430498 0.9921147013144777 0
    outer loop
      vertex -0.5621439437571745 -2.9468617521860656 -3
      vertex -0.1883715585879413 -2.9940801852848145 -6
      vertex -0.5621439437571745 -2.9468617521860656 -6
    endloop
  endfacet
  facet normal 0 1 0
    outer loop
      vertex -0.1883715585879413 -2.9940801852848145 -3
      vertex 0.1883715585879413 -2.9940801852848145 -6
      vertex -0.1883715585879413 -2.9940801852848145 -6
    endloop
  endfacet
  facet normal 0.8443279255020155 0.5358267949789961 0
    outer loop
      vertex -2.6289200401315904 -1.445261022305146 -3
      vertex -2.4270509831248424 -1.7633557568774194 -6
      vertex -2.6289200401315904 -1.445261022305146 -6
    endloop
  endfacet
  facet normal 0.7705132427757893 0.6374239897486897 0
    outer loop
      vertex -2.4270509831248424 -1.7633557568774194 -3
      vertex -2.186905882264235 -2.0536413177860657 -6
      vertex -2.4270509831248424 -1.7633557568774194 -6
    endloop
  endfacet
  facet normal 0.6845471059286886 0.7289686274214116 0
    outer loop
      vertex -2.186905882264235 -2.0536413177860657 -3
      vertex -1.9122719692460688 -2.311539728327368 -6
      vertex -2.186905882264235 -2.0536413177860657 -6
    endloop
  endfacet
  facet normal 0.5877852522924731 0.8090169943749473 0
    outer loop
      vertex -1.9122719692460688 -2.311539728327368 -3
      vertex -1.6074803849369903 -2.532983776506045 -6
      vertex -1.9122719692460688 -2.311539728327368 -6
    endloop
  endfacet
  facet normal 0.4817536741017149 0.8763066800438639 0
    outer loop
      vertex -1.6074803849369903 -2.532983776506045 -3
      vertex -1.2773378746952173 -2.7144811573980587 -6
      vertex -1.6074803849369903 -2.532983776506045 -6
    endloop
  endfacet
  facet normal 0.9048270524660192 0.4257792915650734 0
    outer loop
      vertex -2.7893294576647545 -1.1043736580540335 -3
      vertex -2.6289200401315904 -1.445261022305146 -6
      vertex -2.7893294576647545 -1.1043736580540335 -6
    endloop
  endfacet
  facet normal 0.36812455268467753 0.9297764858882516 0
    outer loop
      vertex -1.2773378746952173 -2.7144811573980587 -3
      vertex -0.9270509831248421 -2.8531695488854605 -6
      vertex -1.2773378746952173 -2.7144811573980587 -6
    endloop
  endfacet
  facet normal 0.9510565162951538 0.30901699437494684 0
    outer loop
      vertex -2.9057494833858932 -0.7460696614945646 -3
      vertex -2.7893294576647545 -1.1043736580540335 -3
      vertex -2.7893294576647545 -1.1043736580540335 -6
    endloop
  endfacet
  facet normal 0.9822872507286886 0.18738131458572468 0
    outer loop
      vertex -2.9057494833858932 -0.7460696614945646 -3
      vertex -2.9057494833858932 -0.7460696614945646 -6
      vertex -2.9763441039434335 -0.3759997006929122 -3
    endloop
  endfacet
  facet normal 0.9980267284282716 0.0627905195293134 0
    outer loop
      vertex -2.9763441039434335 -0.3759997006929122 -3
      vertex -2.9763441039434335 -0.3759997006929122 -6
      vertex -3 0 -3
    endloop
  endfacet
  facet normal 0.24868988716485477 0.9685831611286312 0
    outer loop
      vertex -0.9270509831248421 -2.8531695488854605 -3
      vertex -0.5621439437571745 -2.9468617521860656 -3
      vertex -0.5621439437571745 -2.9468617521860656 -6
    endloop
  endfacet
  facet normal 0.12533323356430498 0.9921147013144777 0
    outer loop
      vertex -0.5621439437571745 -2.9468617521860656 -3
      vertex -0.1883715585879413 -2.9940801852848145 -3
      vertex -0.1883715585879413 -2.9940801852848145 -6
    endloop
  endfacet
  facet normal 0.8443279255020155 0.5358267949789961 0
    outer loop
      vertex -2.4270509831248424 -1.7633557568774194 -3
      vertex -2.4270509831248424 -1.7633557568774194 -6
      vertex -2.6289200401315904 -1.445261022305146 -3
    endloop
  endfacet
  facet normal 0.7705132427757893 0.6374239897486897 0
    outer loop
      vertex -2.4270509831248424 -1.7633557568774194 -3
      vertex -2.186905882264235 -2.0536413177860657 -3
      vertex -2.186905882264235 -2.0536413177860657 -6
    endloop
  endfacet
  facet normal 0.6845471059286886 0.7289686274214116 0
    outer loop
      vertex -1.9122719692460688 -2.311539728327368 -3
      vertex -1.9122719692460688 -2.311539728327368 -6
      vertex -2.186905882264235 -2.0536413177860657 -3
    endloop
  endfacet
  facet normal 0.5877852522924731 0.8090169943749473 0
    outer loop
      vertex -1.9122719692460688 -2.311539728327368 -3
      vertex -1.6074803849369903 -2.532983776506045 -3
      vertex -1.6074803849369903 -2.532983776506045 -6
    endloop
  endfacet
  facet normal 0.9048270524660192 0.4257792915650734 0
    outer loop
      vertex -2.6289200401315904 -1.445261022305146 -3
      vertex -2.6289200401315904 -1.445261022305146 -6
      vertex -2.7893294576647545 -1.1043736580540335 -3
    endloop
  endfacet
  facet normal 0.4817536741017149 0.8763066800438639 0
    outer loop
      vertex -1.6074803849369903 -2.532983776506045 -3
      vertex -1.2773378746952173 -2.7144811573980587 -3
      vertex -1.2773378746952173 -2.7144811573980587 -6
    endloop
  endfacet
  facet normal 0.36812455268467753 0.9297764858882516 0
    outer loop
      vertex -1.2773378746952173 -2.7144811573980587 -3
      vertex -0.9270509831248421 -2.8531695488854605 -3
      vertex -0.9270509831248421 -2.8531695488854605 -6
    endloop
  endfacet
  facet normal 0.9510565162951538 0.30901699437494684 0
    outer loop
      vertex -2.9057494833858932 -0.7460696614945646 3
      vertex -2.9057494833858932 -0.7460696614945646 6
      vertex -2.7893294576647545 -1.1043736580540335 3
    endloop
  endfacet
  facet normal 0.9822872507286886 0.18738131458572468 0
    outer loop
      vertex -2.9057494833858932 -0.7460696614945646 3
      vertex -2.9763441039434335 -0.3759997006929122 3
      vertex -2.9763441039434335 -0.3759997006929122 6
    endloop
  endfacet
  facet normal 0.9980267284282716 0.0627905195293134 0
    outer loop
      vertex -2.9763441039434335 -0.3759997006929122 3
      vertex -3 0 3
      vertex -3 0 6
    endloop
  endfacet
  facet normal 0.24868988716485477 0.9685831611286312 0
    outer loop
      vertex -0.9270509831248421 -2.8531695488854605 3
      vertex -0.9270509831248421 -2.8531695488854605 6
      vertex -0.5621439437571745 -2.9468617521860656 3
    endloop
  endfacet
  facet normal 0.12533323356430498 0.9921147013144777 0
    outer loop
      vertex -0.5621439437571745 -2.9468617521860656 3
      vertex -0.5621439437571745 -2.9468617521860656 6
      vertex -0.1883715585879413 -2.9940801852848145 3
    endloop
  endfacet
  facet normal 0 1 0
    outer loop
      vertex -0.1883715585879413 -2.9940801852848145 3
      vertex -0.1883715585879413 -2.9940801852848145 6
      vertex 0.1883715585879413 -2.9940801852848145 3
    endloop
  endfacet
  facet normal 0.8443279255020155 0.5358267949789961 0
    outer loop
      vertex -2.4270509831248424 -1.7633557568774194 3
      vertex -2.6289200401315904 -1.445261022305146 3
      vertex -2.6289200401315904 -1.445261022305146 6
    endloop
  endfacet
  facet normal 0.7705132427757893 0.6374239897486897 0
    outer loop
      vertex -2.4270509831248424 -1.7633557568774194 3
      vertex -2.4270509831248424 -1.7633557568774194 6
      vertex -2.186905882264235 -2.0536413177860657 3
    endloop
  endfacet
  facet normal 0.6845471059286886 0.7289686274214116 0
    outer loop
      vertex -1.9122719692460688 -2.311539728327368 3
      vertex -2.186905882264235 -2.0536413177860657 3
      vertex -2.186905882264235 -2.0536413177860657 6
    endloop
  endfacet
  facet normal 0.5877852522924731 0.8090169943749473 0
    outer loop
      vertex -1.9122719692460688 -2.311539728327368 3
      vertex -1.9122719692460688 -2.311539728327368 6
      vertex -1.6074803849369903 -2.532983776506045 3
    endloop
  endfacet
  facet normal 0.4817536741017149 0.8763066800438639 0
    outer loop
      vertex -1.6074803849369903 -2.532983776506045 3
      vertex -1.6074803849369903 -2.532983776506045 6
      vertex -1.2773378746952173 -2.7144811573980587 3
    endloop
  endfacet
  facet normal 0.9048270524660192 0.4257792915650734 0
    outer loop
      vertex -2.6289200401315904 -1.445261022305146 3
      vertex -2.7893294576647545 -1.1043736580540335 3
      vertex -2.7893294576647545 -1.1043736580540335 6
    endloop
  endfacet
  facet normal 0.36812455268467753 0.9297764858882516 0
    outer loop
      vertex -1.2773378746952173 -2.7144811573980587 3
      vertex -1.2773378746952173 -2.7144811573980587 6
      vertex -0.9270509831248421 -2.8531695488854605 3
    endloop
  endfacet
  facet normal 0.9510565162951538 0.30901699437494684 0
    outer loop
      vertex -2.7893294576647545 -1.1043736580540335 3
      vertex -2.9057494833858932 -0.7460696614945646 6
      vertex -2.7893294576647545 -1.1043736580540335 6
    endloop
  endfacet
  facet normal 0.9822872507286886 0.18738131458572468 0
    outer loop
      vertex -2.9057494833858932 -0.7460696614945646 3
      vertex -2.9763441039434335 -0.3759997006929122 6
      vertex -2.9057494833858932 -0.7460696614945646 6
    endloop
  endfacet
  facet normal 0.9980267284282716 0.0627905195293134 0
    outer loop
      vertex -2.9763441039434335 -0.3759997006929122 3
      vertex -3 0 6
      vertex -2.9763441039434335 -0.3759997006929122 6
    endloop
  endfacet
  facet normal 0.24868988716485477 0.9685831611286312 0
    outer loop
      vertex -0.5621439437571745 -2.9468617521860656 3
      vertex -0.9270509831248421 -2.8531695488854605 6
      vertex -0.5621439437571745 -2.9468617521860656 6
    endloop
  endfacet
  facet normal 0.12533323356430498 0.9921147013144777 0
    outer loop
      vertex -0.1883715585879413 -2.9940801852848145 3
      vertex -0.5621439437571745 -2.9468617521860656 6
      vertex -0.1883715585879413 -2.9940801852848145 6
    endloop
  endfacet
  facet normal 0.8443279255020155 0.5358267949789961 0
    outer loop
      vertex -2.4270509831248424 -1.7633557568774194 3
      vertex -2.6289200401315904 -1.445261022305146 6
      vertex -2.4270509831248424 -1.7633557568774194 6
    endloop
  endfacet
  facet normal 0.7705132427757893 0.6374239897486897 0
    outer loop
      vertex -2.186905882264235 -2.0536413177860657 3
      vertex -2.4270509831248424 -1.7633557568774194 6
      vertex -2.186905882264235 -2.0536413177860657 6
    endloop
  endfacet
  facet normal 0.6845471059286886 0.7289686274214116 0
    outer loop
      vertex -1.9122719692460688 -2.311539728327368 3
      vertex -2.186905882264235 -2.0536413177860657 6
      vertex -1.9122719692460688 -2.311539728327368 6
    endloop
  endfacet
  facet normal 0.5877852522924731 0.8090169943749473 0
    outer loop
      vertex -1.6074803849369903 -2.532983776506045 3
      vertex -1.9122719692460688 -2.311539728327368 6
      vertex -1.6074803849369903 -2.532983776506045 6
    endloop
  endfacet
  facet normal 0.9048270524660192 0.4257792915650734 0
    outer loop
      vertex -2.6289200401315904 -1.445261022305146 3
      vertex -2.7893294576647545 -1.1043736580540335 6
      vertex -2.6289200401315904 -1.445261022305146 6
    endloop
  endfacet
  facet normal 0.4817536741017149 0.8763066800438639 0
    outer loop
      vertex -1.2773378746952173 -2.7144811573980587 3
      vertex -1.6074803849369903 -2.532983776506045 6
      vertex -1.2773378746952173 -2.7144811573980587 6
    endloop
  endfacet
  facet normal 0.36812455268467753 0.9297764858882516 0
    outer loop
      vertex -0.9270509831248421 -2.8531695488854605 3
      vertex -1.2773378746952173 -2.7144811573980587 6
      vertex -0.9270509831248421 -2.8531695488854605 6
    endloop
  endfacet
  facet normal 0.9980267284282716 -0.0627905195293134 0
    outer loop
      vertex -2.9763441039434335 0.3759997006929122 -3
      vertex -3 0 -6
      vertex -2.9763441039434335 0.3759997006929122 -6
    endloop
  endfacet
  facet normal 0.9822872507286886 -0.18738131458572468 0
    outer loop
      vertex -2.9057494833858932 0.7460696614945646 -3
      vertex -2.9763441039434335 0.3759997006929122 -6
      vertex -2.9057494833858932 0.7460696614945646 -6
    endloop
  endfacet
  facet normal 0.9510565162951538 -0.30901699437494684 0
    outer loop
      vertex -2.7893294576647545 1.1043736580540335 -3
      vertex -2.9057494833858932 0.7460696614945646 -6
      vertex -2.7893294576647545 1.1043736580540335 -6
    endloop
  endfacet
  facet normal 0.9048270524660192 -0.4257792915650734 0
    outer loop
      vertex -2.6289200401315904 1.445261022305146 -3
      vertex -2.7893294576647545 1.1043736580540335 -6
      vertex -2.6289200401315904 1.445261022305146 -6
    endloop
  endfacet
  facet normal 0.8443279255020155 -0.5358267949789961 0
    outer loop
      vertex -2.4270509831248424 1.7633557568774194 -3
      vertex -2.6289200401315904 1.445261022305146 -6
      vertex -2.4270509831248424 1.7633557568774194 -6
    endloop
  endfacet
  facet normal 0.7705132427757893 -0.6374239897486897 0
    outer loop
      vertex -2.186905882264235 2.0536413177860657 -3
      vertex -2.4270509831248424 1.7633557568774194 -6
      vertex -2.186905882264235 2.0536413177860657 -6
    endloop
  endfacet
  facet normal 0.6845471059286886 -0.7289686274214116 0
    outer loop
      vertex -1.9122719692460688 2.311539728327368 -3
      vertex -2.186905882264235 2.0536413177860657 -6
      vertex -1.9122719692460688 2.311539728327368 -6
    endloop
  endfacet
  facet normal 0.5877852522924731 -0.8090169943749473 0
    outer loop
      vertex -1.6074803849369903 2.532983776506045 -3
      vertex -1.9122719692460688 2.311539728327368 -6
      vertex -1.6074803849369903 2.532983776506045 -6
    endloop
  endfacet
  facet normal 0.48175367410171493 -0.8763066800438638 0
    outer loop
      vertex -1.2773378746952182 2.7144811573980583 -3
      vertex -1.6074803849369903 2.532983776506045 -6
      vertex -1.2773378746952182 2.7144811573980583 -6
    endloop
  endfacet
  facet normal 0.3681245526846777 -0.9297764858882515 0
    outer loop
      vertex -0.9270509831248421 2.8531695488854605 -3
      vertex -1.2773378746952182 2.7144811573980583 -6
      vertex -0.9270509831248421 2.8531695488854605 -6
    endloop
  endfacet
  facet normal 0.24868988716485535 -0.9685831611286311 0
    outer loop
      vertex -0.5621439437571737 2.946861752186066 -3
      vertex -0.9270509831248421 2.8531695488854605 -6
      vertex -0.5621439437571737 2.946861752186066 -6
    endloop
  endfacet
  facet normal 0.1253332335643036 -0.9921147013144779 0
    outer loop
      vertex -0.18837155858793983 2.9940801852848145 -3
      vertex -0.5621439437571737 2.946861752186066 -6
      vertex -0.18837155858793983 2.9940801852848145 -6
    endloop
  endfacet
  facet normal 0.9980267284282716 -0.0627905195293134 0
    outer loop
      vertex -3 0 -3
      vertex -3 0 -6
      vertex -2.9763441039434335 0.3759997006929122 -3
    endloop
  endfacet
  facet normal 0.9822872507286886 -0.18738131458572468 0
    outer loop
      vertex -2.9763441039434335 0.3759997006929122 -3
      vertex -2.9763441039434335 0.3759997006929122 -6
      vertex -2.9057494833858932 0.7460696614945646 -3
    endloop
  endfacet
  facet normal 0.9510565162951538 -0.30901699437494684 0
    outer loop
      vertex -2.9057494833858932 0.7460696614945646 -3
      vertex -2.9057494833858932 0.7460696614945646 -6
      vertex -2.7893294576647545 1.1043736580540335 -3
    endloop
  endfacet
  facet normal 0.9048270524660192 -0.4257792915650734 0
    outer loop
      vertex -2.7893294576647545 1.1043736580540335 -3
      vertex -2.7893294576647545 1.1043736580540335 -6
      vertex -2.6289200401315904 1.445261022305146 -3
    endloop
  endfacet
  facet normal 0.8443279255020155 -0.5358267949789961 0
    outer loop
      vertex -2.6289200401315904 1.445261022305146 -3
      vertex -2.6289200401315904 1.445261022305146 -6
      vertex -2.4270509831248424 1.7633557568774194 -3
    endloop
  endfacet
  facet normal 0.7705132427757893 -0.6374239897486897 0
    outer loop
      vertex -2.4270509831248424 1.7633557568774194 -3
      vertex -2.4270509831248424 1.7633557568774194 -6
      vertex -2.186905882264235 2.0536413177860657 -3
    endloop
  endfacet
  facet normal 0.6845471059286886 -0.7289686274214116 0
    outer loop
      vertex -2.186905882264235 2.0536413177860657 -3
      vertex -2.186905882264235 2.0536413177860657 -6
      vertex -1.9122719692460688 2.311539728327368 -3
    endloop
  endfacet
  facet normal 0.5877852522924731 -0.8090169943749473 0
    outer loop
      vertex -1.9122719692460688 2.311539728327368 -3
      vertex -1.9122719692460688 2.311539728327368 -6
      vertex -1.6074803849369903 2.532983776506045 -3
    endloop
  endfacet
  facet normal 0.48175367410171493 -0.8763066800438638 0
    outer loop
      vertex -1.6074803849369903 2.532983776506045 -3
      vertex -1.6074803849369903 2.532983776506045 -6
      vertex -1.2773378746952182 2.7144811573980583 -3
    endloop
  endfacet
  facet normal 0.3681245526846777 -0.9297764858882515 0
    outer loop
      vertex -1.2773378746952182 2.7144811573980583 -3
      vertex -1.2773378746952182 2.7144811573980583 -6
      vertex -0.9270509831248421 2.8531695488854605 -3
    endloop
  endfacet
  facet normal 0.24868988716485535 -0.9685831611286311 0
    outer loop
      vertex -0.9270509831248421 2.8531695488854605 -3
      vertex -0.9270509831248421 2.8531695488854605 -6
      vertex -0.5621439437571737 2.946861752186066 -3
    endloop
  endfacet
  facet normal 0.1253332335643036 -0.9921147013144779 0
    outer loop
      vertex -0.5621439437571737 2.946861752186066 -3
      vertex -0.5621439437571737 2.946861752186066 -6
      vertex -0.18837155858793983 2.9940801852848145 -3
    endloop
  endfacet
  facet normal 0 -1 0
    outer loop
      vertex -0.18837155858793983 2.9940801852848145 -3
      vertex -0.18837155858793983 2.9940801852848145 -6
      vertex 0.18837155858793983 2.9940801852848145 -3
    endloop
  endfacet
  facet normal 0.9980267284282716 -0.0627905195293134 0
    outer loop
      vertex -3 0 3
      vertex -2.9763441039434335 0.3759997006929122 3
      vertex -2.9763441039434335 0.3759997006929122 6
    endloop
  endfacet
  facet normal 0.9822872507286886 -0.18738131458572468 0
    outer loop
      vertex -2.9763441039434335 0.3759997006929122 3
      vertex -2.9057494833858932 0.7460696614945646 3
      vertex -2.9057494833858932 0.7460696614945646 6
    endloop
  endfacet
  facet normal 0.9510565162951538 -0.30901699437494684 0
    outer loop
      vertex -2.9057494833858932 0.7460696614945646 3
      vertex -2.7893294576647545 1.1043736580540335 3
      vertex -2.7893294576647545 1.1043736580540335 6
    endloop
  endfacet
  facet normal 0.9048270524660192 -0.4257792915650734 0
    outer loop
      vertex -2.7893294576647545 1.1043736580540335 3
      vertex -2.6289200401315904 1.445261022305146 3
      vertex -2.6289200401315904 1.445261022305146 6
    endloop
  endfacet
  facet normal 0.8443279255020155 -0.5358267949789961 0
    outer loop
      vertex -2.6289200401315904 1.445261022305146 3
      vertex -2.4270509831248424 1.7633557568774194 3
      vertex -2.4270509831248424 1.7633557568774194 6
    endloop
  endfacet
  facet normal 0.7705132427757893 -0.6374239897486897 0
    outer loop
      vertex -2.4270509831248424 1.7633557568774194 3
      vertex -2.186905882264235 2.0536413177860657 3
      vertex -2.186905882264235 2.0536413177860657 6
    endloop
  endfacet
  facet normal 0.6845471059286886 -0.7289686274214116 0
    outer loop
      vertex -2.186905882264235 2.0536413177860657 3
      vertex -1.9122719692460688 2.311539728327368 3
      vertex -1.9122719692460688 2.311539728327368 6
    endloop
  endfacet
  facet normal 0.5877852522924731 -0.8090169943749473 0
    outer loop
      vertex -1.9122719692460688 2.311539728327368 3
      vertex -1.6074803849369903 2.532983776506045 3
      vertex -1.6074803849369903 2.532983776506045 6
    endloop
  endfacet
  facet normal 0.48175367410171493 -0.8763066800438638 0
    outer loop
      vertex -1.6074803849369903 2.532983776506045 3
      vertex -1.2773378746952182 2.7144811573980583 3
      vertex -1.2773378746952182 2.7144811573980583 6
    endloop
  endfacet
  facet normal 0.3681245526846777 -0.9297764858882515 0
    outer loop
      vertex -1.2773378746952182 2.7144811573980583 3
      vertex -0.9270509831248421 2.8531695488854605 3
      vertex -0.9270509831248421 2.8531695488854605 6
    endloop
  endfacet
  facet normal 0.24868988716485535 -0.9685831611286311 0
    outer loop
      vertex -0.9270509831248421 2.8531695488854605 3
      vertex -0.5621439437571737 2.946861752186066 3
      vertex -0.5621439437571737 2.946861752186066 6
    endloop
  endfacet
  facet normal 0.1253332335643036 -0.9921147013144779 0
    outer loop
      vertex -0.5621439437571737 2.946861752186066 3
      vertex -0.18837155858793983 2.9940801852848145 3
      vertex -0.18837155858793983 2.9940801852848145 6
    endloop
  endfacet
  facet normal 0.9980267284282716 -0.0627905195293134 0
    outer loop
      vertex -3 0 3
      vertex -2.9763441039434335 0.3759997006929122 6
      vertex -3 0 6
    endloop
  endfacet
  facet normal 0.9822872507286886 -0.18738131458572468 0
    outer loop
      vertex -2.9763441039434335 0.3759997006929122 3
      vertex -2.9057494833858932 0.7460696614945646 6
      vertex -2.9763441039434335 0.3759997006929122 6
    endloop
  endfacet
  facet normal 0.9510565162951538 -0.30901699437494684 0
    outer loop
      vertex -2.9057494833858932 0.7460696614945646 3
      vertex -2.7893294576647545 1.1043736580540335 6
      vertex -2.9057494833858932 0.7460696614945646 6
    endloop
  endfacet
  facet normal 0.9048270524660192 -0.4257792915650734 0
    outer loop
      vertex -2.7893294576647545 1.1043736580540335 3
      vertex -2.6289200401315904 1.445261022305146 6
      vertex -2.7893294576647545 1.1043736580540335 6
    endloop
  endfacet
  facet normal 0.8443279255020155 -0.5358267949789961 0
    outer loop
      vertex -2.6289200401315904 1.445261022305146 3
      vertex -2.4270509831248424 1.7633557568774194 6
      vertex -2.6289200401315904 1.445261022305146 6
    endloop
  endfacet
  facet normal 0.7705132427757893 -0.6374239897486897 0
    outer loop
      vertex -2.4270509831248424 1.7633557568774194 3
      vertex -2.186905882264235 2.0536413177860657 6
      vertex -2.4270509831248424 1.7633557568774194 6
    endloop
  endfacet
  facet normal 0.6845471059286886 -0.7289686274214116 0
    outer loop
      vertex -2.186905882264235 2.0536413177860657 3
      vertex -1.9122719692460688 2.311539728327368 6
      vertex -2.186905882264235 2.0536413177860657 6
    endloop
  endfacet
  facet normal 0.5877852522924731 -0.8090169943749473 0
    outer loop
      vertex -1.9122719692460688 2.311539728327368 3
      vertex -1.6074803849369903 2.532983776506045 6
      vertex -1.9122719692460688 2.311539728327368 6
    endloop
  endfacet
  facet normal 0.48175367410171493 -0.8763066800438638 0
    outer loop
      vertex -1.6074803849369903 2.532983776506045 3
      vertex -1.2773378746952182 2.7144811573980583 6
      vertex -1.6074803849369903 2.532983776506045 6
    endloop
  endfacet
  facet normal 0.3681245526846777 -0.9297764858882515 0
    outer loop
      vertex -1.2773378746952182 2.7144811573980583 3
      vertex -0.9270509831248421 2.8531695488854605 6
      vertex -1.2773378746952182 2.7144811573980583 6
    endloop
  endfacet
  facet normal 0.24868988716485535 -0.9685831611286311 0
    outer loop
      vertex -0.9270509831248421 2.8531695488854605 3
      vertex -0.5621439437571737 2.946861752186066 6
      vertex -0.9270509831248421 2.8531695488854605 6
    endloop
  endfacet
  facet normal 0.1253332335643036 -0.9921147013144779 0
    outer loop
      vertex -0.5621439437571737 2.946861752186066 3
      vertex -0.18837155858793983 2.9940801852848145 6
      vertex -0.5621439437571737 2.946861752186066 6
    endloop
  endfacet
  facet normal 0 -1 0
    outer loop
      vertex -0.18837155858793983 2.9940801852848145 3
      vertex 0.18837155858793983 2.9940801852848145 6
      vertex -0.18837155858793983 2.9940801852848145 6
    endloop
  endfacet
  facet normal -0.12533323356430498 0.9921147013144777 0
    outer loop
      vertex 0.1883715585879413 -2.9940801852848145 -3
      vertex 0.5621439437571745 -2.9468617521860656 -6
      vertex 0.1883715585879413 -2.9940801852848145 -6
    endloop
  endfacet
  facet normal -0.24868988716485477 0.9685831611286312 0
    outer loop
      vertex 0.5621439437571745 -2.9468617521860656 -3
      vertex 0.9270509831248421 -2.8531695488854605 -6
      vertex 0.5621439437571745 -2.9468617521860656 -6
    endloop
  endfacet
  facet normal -0.36812455268467753 0.9297764858882516 0
    outer loop
      vertex 0.9270509831248421 -2.8531695488854605 -3
      vertex 1.2773378746952173 -2.7144811573980587 -6
      vertex 0.9270509831248421 -2.8531695488854605 -6
    endloop
  endfacet
  facet normal -0.4817536741017147 0.8763066800438638 0
    outer loop
      vertex 1.2773378746952173 -2.7144811573980587 -3
      vertex 1.6074803849369887 -2.532983776506046 -6
      vertex 1.2773378746952173 -2.7144811573980587 -6
    endloop
  endfacet
  facet normal -0.5877852522924729 0.8090169943749476 0
    outer loop
      vertex 1.6074803849369887 -2.532983776506046 -3
      vertex 1.91227196924607 -2.311539728327367 -6
      vertex 1.6074803849369887 -2.532983776506046 -6
    endloop
  endfacet
  facet normal -0.684547105928689 0.7289686274214114 0
    outer loop
      vertex 1.91227196924607 -2.311539728327367 -3
      vertex 2.186905882264235 -2.0536413177860657 -6
      vertex 1.91227196924607 -2.311539728327367 -6
    endloop
  endfacet
  facet normal -0.7705132427757893 0.6374239897486897 0
    outer loop
      vertex 2.186905882264235 -2.0536413177860657 -3
      vertex 2.4270509831248424 -1.7633557568774194 -6
      vertex 2.186905882264235 -2.0536413177860657 -6
    endloop
  endfacet
  facet normal -0.8443279255020155 0.5358267949789961 0
    outer loop
      vertex 2.4270509831248424 -1.7633557568774194 -3
      vertex 2.6289200401315904 -1.445261022305146 -6
      vertex 2.4270509831248424 -1.7633557568774194 -6
    endloop
  endfacet
  facet normal -0.9048270524660194 0.42577929156507305 0
    outer loop
      vertex 2.6289200401315904 -1.445261022305146 -3
      vertex 2.7893294576647536 -1.104373658054035 -6
      vertex 2.6289200401315904 -1.445261022305146 -6
    endloop
  endfacet
  facet normal -0.9510565162951533 0.30901699437494784 0
    outer loop
      vertex 2.7893294576647536 -1.104373658054035 -3
      vertex 2.9057494833858937 -0.7460696614945633 -6
      vertex 2.7893294576647536 -1.104373658054035 -6
    endloop
  endfacet
  facet normal -0.9822872507286889 0.18738131458572416 0
    outer loop
      vertex 2.9057494833858937 -0.7460696614945633 -3
      vertex 2.9763441039434335 -0.3759997006929122 -6
      vertex 2.9057494833858937 -0.7460696614945633 -6
    endloop
  endfacet
  facet normal -0.9980267284282716 0.0627905195293134 0
    outer loop
      vertex 2.9763441039434335 -0.3759997006929122 -3
      vertex 3 0 -6
      vertex 2.9763441039434335 -0.3759997006929122 -6
    endloop
  endfacet
  facet normal 0 1 0
    outer loop
      vertex -0.1883715585879413 -2.9940801852848145 -3
      vertex 0.1883715585879413 -2.9940801852848145 -3
      vertex 0.1883715585879413 -2.9940801852848145 -6
    endloop
  endfacet
  facet normal -0.12533323356430498 0.9921147013144777 0
    outer loop
      vertex 0.1883715585879413 -2.9940801852848145 -3
      vertex 0.5621439437571745 -2.9468617521860656 -3
      vertex 0.5621439437571745 -2.9468617521860656 -6
    endloop
  endfacet
  facet normal -0.24868988716485477 0.9685831611286312 0
    outer loop
      vertex 0.5621439437571745 -2.9468617521860656 -3
      vertex 0.9270509831248421 -2.8531695488854605 -3
      vertex 0.9270509831248421 -2.8531695488854605 -6
    endloop
  endfacet
  facet normal -0.36812455268467753 0.9297764858882516 0
    outer loop
      vertex 0.9270509831248421 -2.8531695488854605 -3
      vertex 1.2773378746952173 -2.7144811573980587 -3
      vertex 1.2773378746952173 -2.7144811573980587 -6
    endloop
  endfacet
  facet normal -0.4817536741017147 0.8763066800438638 0
    outer loop
      vertex 1.2773378746952173 -2.7144811573980587 -3
      vertex 1.6074803849369887 -2.532983776506046 -3
      vertex 1.6074803849369887 -2.532983776506046 -6
    endloop
  endfacet
  facet normal -0.5877852522924729 0.8090169943749476 0
    outer loop
      vertex 1.6074803849369887 -2.532983776506046 -3
      vertex 1.91227196924607 -2.311539728327367 -3
      vertex 1.91227196924607 -2.311539728327367 -6
    endloop
  endfacet
  facet normal -0.684547105928689 0.7289686274214114 0
    outer loop
      vertex 1.91227196924607 -2.311539728327367 -3
      vertex 2.186905882264235 -2.0536413177860657 -3
      vertex 2.186905882264235 -2.0536413177860657 -6
    endloop
  endfacet
  facet normal -0.7705132427757893 0.6374239897486897 0
    outer loop
      vertex 2.186905882264235 -2.0536413177860657 -3
      vertex 2.4270509831248424 -1.7633557568774194 -3
      vertex 2.4270509831248424 -1.7633557568774194 -6
    endloop
  endfacet
  facet normal -0.8443279255020155 0.5358267949789961 0
    outer loop
      vertex 2.4270509831248424 -1.7633557568774194 -3
      vertex 2.6289200401315904 -1.445261022305146 -3
      vertex 2.6289200401315904 -1.445261022305146 -6
    endloop
  endfacet
  facet normal -0.9048270524660194 0.42577929156507305 0
    outer loop
      vertex 2.6289200401315904 -1.445261022305146 -3
      vertex 2.7893294576647536 -1.104373658054035 -3
      vertex 2.7893294576647536 -1.104373658054035 -6
    endloop
  endfacet
  facet normal -0.9510565162951533 0.30901699437494784 0
    outer loop
      vertex 2.7893294576647536 -1.104373658054035 -3
      vertex 2.9057494833858937 -0.7460696614945633 -3
      vertex 2.9057494833858937 -0.7460696614945633 -6
    endloop
  endfacet
  facet normal -0.9822872507286889 0.18738131458572416 0
    outer loop
      vertex 2.9057494833858937 -0.7460696614945633 -3
      vertex 2.9763441039434335 -0.3759997006929122 -3
      vertex 2.9763441039434335 -0.3759997006929122 -6
    endloop
  endfacet
  facet normal -0.9980267284282716 0.0627905195293134 0
    outer loop
      vertex 2.9763441039434335 -0.3759997006929122 -3
      vertex 3 0 -3
      vertex 3 0 -6
    endloop
  endfacet
  facet normal -0.12533323356430498 0.9921147013144777 0
    outer loop
      vertex 0.1883715585879413 -2.9940801852848145 3
      vertex 0.1883715585879413 -2.9940801852848145 6
      vertex 0.5621439437571745 -2.9468617521860656 3
    endloop
  endfacet
  facet normal -0.24868988716485477 0.9685831611286312 0
    outer loop
      vertex 0.5621439437571745 -2.9468617521860656 3
      vertex 0.5621439437571745 -2.9468617521860656 6
      vertex 0.9270509831248421 -2.8531695488854605 3
    endloop
  endfacet
  facet normal -0.36812455268467753 0.9297764858882516 0
    outer loop
      vertex 0.9270509831248421 -2.8531695488854605 3
      vertex 0.9270509831248421 -2.8531695488854605 6
      vertex 1.2773378746952173 -2.7144811573980587 3
    endloop
  endfacet
  facet normal -0.4817536741017147 0.8763066800438638 0
    outer loop
      vertex 1.2773378746952173 -2.7144811573980587 3
      vertex 1.2773378746952173 -2.7144811573980587 6
      vertex 1.6074803849369887 -2.532983776506046 3
    endloop
  endfacet
  facet normal -0.5877852522924729 0.8090169943749476 0
    outer loop
      vertex 1.6074803849369887 -2.532983776506046 3
      vertex 1.6074803849369887 -2.532983776506046 6
      vertex 1.91227196924607 -2.311539728327367 3
    endloop
  endfacet
  facet normal -0.684547105928689 0.7289686274214114 0
    outer loop
      vertex 1.91227196924607 -2.311539728327367 3
      vertex 1.91227196924607 -2.311539728327367 6
      vertex 2.186905882264235 -2.0536413177860657 3
    endloop
  endfacet
  facet normal -0.7705132427757893 0.6374239897486897 0
    outer loop
      vertex 2.186905882264235 -2.0536413177860657 3
      vertex 2.186905882264235 -2.0536413177860657 6
      vertex 2.4270509831248424 -1.7633557568774194 3
    endloop
  endfacet
  facet normal -0.8443279255020155 0.5358267949789961 0
    outer loop
      vertex 2.4270509831248424 -1.7633557568774194 3
      vertex 2.4270509831248424 -1.7633557568774194 6
      vertex 2.6289200401315904 -1.445261022305146 3
    endloop
  endfacet
  facet normal -0.9048270524660194 0.42577929156507305 0
    outer loop
      vertex 2.6289200401315904 -1.445261022305146 3
      vertex 2.6289200401315904 -1.445261022305146 6
      vertex 2.7893294576647536 -1.104373658054035 3
    endloop
  endfacet
  facet normal -0.9510565162951533 0.30901699437494784 0
    outer loop
      vertex 2.7893294576647536 -1.104373658054035 3
      vertex 2.7893294576647536 -1.104373658054035 6
      vertex 2.9057494833858937 -0.7460696614945633 3
    endloop
  endfacet
  facet normal -0.9822872507286889 0.18738131458572416 0
    outer loop
      vertex 2.9057494833858937 -0.7460696614945633 3
      vertex 2.9057494833858937 -0.7460696614945633 6
      vertex 2.9763441039434335 -0.3759997006929122 3
    endloop
  endfacet
  facet normal -0.9980267284282716 0.0627905195293134 0
    outer loop
      vertex 2.9763441039434335 -0.3759997006929122 3
      vertex 2.9763441039434335 -0.3759997006929122 6
      vertex 3 0 3
    endloop
  endfacet
  facet normal 0 1 0
    outer loop
      vertex 0.1883715585879413 -2.9940801852848145 3
      vertex -0.1883715585879413 -2.9940801852848145 6
      vertex 0.1883715585879413 -2.9940801852848145 6
    endloop
  endfacet
  facet normal -0.12533323356430498 0.9921147013144777 0
    outer loop
      vertex 0.5621439437571745 -2.9468617521860656 3
      vertex 0.1883715585879413 -2.9940801852848145 6
      vertex 0.5621439437571745 -2.9468617521860656 6
    endloop
  endfacet
  facet normal -0.24868988716485477 0.9685831611286312 0
    outer loop
      vertex 0.9270509831248421 -2.8531695488854605 3
      vertex 0.5621439437571745 -2.9468617521860656 6
      vertex 0.9270509831248421 -2.8531695488854605 6
    endloop
  endfacet
  facet normal -0.36812455268467753 0.9297764858882516 0
    outer loop
      vertex 1.2773378746952173 -2.7144811573980587 3
      vertex 0.9270509831248421 -2.8531695488854605 6
      vertex 1.2773378746952173 -2.7144811573980587 6
    endloop
  endfacet
  facet normal -0.4817536741017147 0.8763066800438638 0
    outer loop
      vertex 1.6074803849369887 -2.532983776506046 3
      vertex 1.2773378746952173 -2.7144811573980587 6
      vertex 1.6074803849369887 -2.532983776506046 6
    endloop
  endfacet
  facet normal -0.5877852522924729 0.8090169943749476 0
    outer loop
      vertex 1.91227196924607 -2.311539728327367 3
      vertex 1.6074803849369887 -2.532983776506046 6
      vertex 1.91227196924607 -2.311539728327367 6
    endloop
  endfacet
  facet normal -0.684547105928689 0.7289686274214114 0
    outer loop
      vertex 2.186905882264235 -2.0536413177860657 3
      vertex 1.91227196924607 -2.311539728327367 6
      vertex 2.186905882264235 -2.0536413177860657 6
    endloop
  endfacet
  facet normal -0.7705132427757893 0.6374239897486897 0
    outer loop
      vertex 2.4270509831248424 -1.7633557568774194 3
      vertex 2.186905882264235 -2.0536413177860657 6
      vertex 2.4270509831248424 -1.7633557568774194 6
    endloop
  endfacet
  facet normal -0.8443279255020155 0.5358267949789961 0
    outer loop
      vertex 2.6289200401315904 -1.445261022305146 3
      vertex 2.4270509831248424 -1.7633557568774194 6
      vertex 2.6289200401315904 -1.445261022305146 6
    endloop
  endfacet
  facet normal -0.9048270524660194 0.42577929156507305 0
    outer loop
      vertex 2.7893294576647536 -1.104373658054035 3
      vertex 2.6289200401315904 -1.445261022305146 6
      vertex 2.7893294576647536 -1.104373658054035 6
    endloop
  endfacet
  facet normal -0.9510565162951533 0.30901699437494784 0
    outer loop
      vertex 2.9057494833858937 -0.7460696614945633 3
      vertex 2.7893294576647536 -1.104373658054035 6
      vertex 2.9057494833858937 -0.7460696614945633 6
    endloop
  endfacet
  facet normal -0.9822872507286889 0.18738131458572416 0
    outer loop
      vertex 2.9763441039434335 -0.3759997006929122 3
      vertex 2.9057494833858937 -0.7460696614945633 6
      vertex 2.9763441039434335 -0.3759997006929122 6
    endloop
  endfacet
  facet normal -0.9980267284282716 0.0627905195293134 0
    outer loop
      vertex 3 0 3
      vertex 2.9763441039434335 -0.3759997006929122 6
      vertex 3 0 6
    endloop
  endfacet
  facet normal -0.3681245526846777 -0.9297764858882515 0
    outer loop
      vertex 1.2773378746952182 2.7144811573980583 -3
      vertex 0.9270509831248421 2.8531695488854605 -6
      vertex 1.2773378746952182 2.7144811573980583 -6
    endloop
  endfacet
  facet normal -0.9048270524660198 -0.4257792915650719 0
    outer loop
      vertex 2.789329457664754 1.104373658054034 -3
      vertex 2.628920040131591 1.445261022305146 -6
      vertex 2.789329457664754 1.104373658054034 -6
    endloop
  endfacet
  facet normal -0.48175367410171516 -0.8763066800438636 0
    outer loop
      vertex 1.60748038493699 2.532983776506045 -3
      vertex 1.2773378746952182 2.7144811573980583 -6
      vertex 1.60748038493699 2.532983776506045 -6
    endloop
  endfacet
  facet normal -0.5877852522924731 -0.8090169943749475 0
    outer loop
      vertex 1.9122719692460692 2.3115397283273675 -3
      vertex 1.60748038493699 2.532983776506045 -6
      vertex 1.9122719692460692 2.3115397283273675 -6
    endloop
  endfacet
  facet normal -0.6845471059286885 -0.7289686274214117 0
    outer loop
      vertex 2.1869058822642344 2.053641317786066 -3
      vertex 1.9122719692460692 2.3115397283273675 -6
      vertex 2.1869058822642344 2.053641317786066 -6
    endloop
  endfacet
  facet normal -0.770513242775789 -0.6374239897486899 0
    outer loop
      vertex 2.4270509831248424 1.7633557568774194 -3
      vertex 2.1869058822642344 2.053641317786066 -6
      vertex 2.4270509831248424 1.7633557568774194 -6
    endloop
  endfacet
  facet normal -0.8443279255020149 -0.5358267949789969 0
    outer loop
      vertex 2.628920040131591 1.445261022305146 -3
      vertex 2.4270509831248424 1.7633557568774194 -6
      vertex 2.628920040131591 1.445261022305146 -6
    endloop
  endfacet
  facet normal 0 -1 0
    outer loop
      vertex 0.18837155858793983 2.9940801852848145 -3
      vertex -0.18837155858793983 2.9940801852848145 -6
      vertex 0.18837155858793983 2.9940801852848145 -6
    endloop
  endfacet
  facet normal -0.1253332335643036 -0.9921147013144779 0
    outer loop
      vertex 0.5621439437571737 2.946861752186066 -3
      vertex 0.18837155858793983 2.9940801852848145 -6
      vertex 0.5621439437571737 2.946861752186066 -6
    endloop
  endfacet
  facet normal -0.24868988716485535 -0.9685831611286311 0
    outer loop
      vertex 0.9270509831248421 2.8531695488854605 -3
      vertex 0.5621439437571737 2.946861752186066 -6
      vertex 0.9270509831248421 2.8531695488854605 -6
    endloop
  endfacet
  facet normal -0.9980267284282716 -0.0627905195293133 0
    outer loop
      vertex 3 0 -3
      vertex 2.9763441039434335 0.3759997006929128 -6
      vertex 3 0 -6
    endloop
  endfacet
  facet normal -0.9822872507286885 -0.18738131458572505 0
    outer loop
      vertex 2.9763441039434335 0.3759997006929128 -3
      vertex 2.9057494833858932 0.7460696614945643 -6
      vertex 2.9763441039434335 0.3759997006929128 -6
    endloop
  endfacet
  facet normal -0.9510565162951536 -0.30901699437494745 0
    outer loop
      vertex 2.9057494833858932 0.7460696614945643 -3
      vertex 2.789329457664754 1.104373658054034 -6
      vertex 2.9057494833858932 0.7460696614945643 -6
    endloop
  endfacet
  facet normal -0.3681245526846777 -0.9297764858882515 0
    outer loop
      vertex 0.9270509831248421 2.8531695488854605 -3
      vertex 0.9270509831248421 2.8531695488854605 -6
      vertex 1.2773378746952182 2.7144811573980583 -3
    endloop
  endfacet
  facet normal -0.48175367410171516 -0.8763066800438636 0
    outer loop
      vertex 1.2773378746952182 2.7144811573980583 -3
      vertex 1.2773378746952182 2.7144811573980583 -6
      vertex 1.60748038493699 2.532983776506045 -3
    endloop
  endfacet
  facet normal -0.9048270524660198 -0.4257792915650719 0
    outer loop
      vertex 2.789329457664754 1.104373658054034 -3
      vertex 2.628920040131591 1.445261022305146 -3
      vertex 2.628920040131591 1.445261022305146 -6
    endloop
  endfacet
  facet normal -0.5877852522924731 -0.8090169943749475 0
    outer loop
      vertex 1.60748038493699 2.532983776506045 -3
      vertex 1.60748038493699 2.532983776506045 -6
      vertex 1.9122719692460692 2.3115397283273675 -3
    endloop
  endfacet
  facet normal -0.6845471059286885 -0.7289686274214117 0
    outer loop
      vertex 2.1869058822642344 2.053641317786066 -3
      vertex 1.9122719692460692 2.3115397283273675 -3
      vertex 1.9122719692460692 2.3115397283273675 -6
    endloop
  endfacet
  facet normal -0.770513242775789 -0.6374239897486899 0
    outer loop
      vertex 2.1869058822642344 2.053641317786066 -3
      vertex 2.1869058822642344 2.053641317786066 -6
      vertex 2.4270509831248424 1.7633557568774194 -3
    endloop
  endfacet
  facet normal -0.8443279255020149 -0.5358267949789969 0
    outer loop
      vertex 2.628920040131591 1.445261022305146 -3
      vertex 2.4270509831248424 1.7633557568774194 -3
      vertex 2.4270509831248424 1.7633557568774194 -6
    endloop
  endfacet
  facet normal -0.1253332335643036 -0.9921147013144779 0
    outer loop
      vertex 0.18837155858793983 2.9940801852848145 -3
      vertex 0.18837155858793983 2.9940801852848145 -6
      vertex 0.5621439437571737 2.946861752186066 -3
    endloop
  endfacet
  facet normal -0.24868988716485535 -0.9685831611286311 0
    outer loop
      vertex 0.5621439437571737 2.946861752186066 -3
      vertex 0.5621439437571737 2.946861752186066 -6
      vertex 0.9270509831248421 2.8531695488854605 -3
    endloop
  endfacet
  facet normal -0.9980267284282716 -0.0627905195293133 0
    outer loop
      vertex 3 0 -3
      vertex 2.9763441039434335 0.3759997006929128 -3
      vertex 2.9763441039434335 0.3759997006929128 -6
    endloop
  endfacet
  facet normal -0.9822872507286885 -0.18738131458572505 0
    outer loop
      vertex 2.9763441039434335 0.3759997006929128 -3
      vertex 2.9057494833858932 0.7460696614945643 -3
      vertex 2.9057494833858932 0.7460696614945643 -6
    endloop
  endfacet
  facet normal -0.9510565162951536 -0.30901699437494745 0
    outer loop
      vertex 2.789329457664754 1.104373658054034 -3
      vertex 2.789329457664754 1.104373658054034 -6
      vertex 2.9057494833858932 0.7460696614945643 -3
    endloop
  endfacet
  facet normal -0.3681245526846777 -0.9297764858882515 0
    outer loop
      vertex 0.9270509831248421 2.8531695488854605 3
      vertex 1.2773378746952182 2.7144811573980583 3
      vertex 1.2773378746952182 2.7144811573980583 6
    endloop
  endfacet
  facet normal -0.9048270524660198 -0.4257792915650719 0
    outer loop
      vertex 2.789329457664754 1.104373658054034 3
      vertex 2.789329457664754 1.104373658054034 6
      vertex 2.628920040131591 1.445261022305146 3
    endloop
  endfacet
  facet normal -0.48175367410171516 -0.8763066800438636 0
    outer loop
      vertex 1.2773378746952182 2.7144811573980583 3
      vertex 1.60748038493699 2.532983776506045 3
      vertex 1.60748038493699 2.532983776506045 6
    endloop
  endfacet
  facet normal -0.5877852522924731 -0.8090169943749475 0
    outer loop
      vertex 1.60748038493699 2.532983776506045 3
      vertex 1.9122719692460692 2.3115397283273675 3
      vertex 1.9122719692460692 2.3115397283273675 6
    endloop
  endfacet
  facet normal -0.6845471059286885 -0.7289686274214117 0
    outer loop
      vertex 2.1869058822642344 2.053641317786066 3
      vertex 2.1869058822642344 2.053641317786066 6
      vertex 1.9122719692460692 2.3115397283273675 3
    endloop
  endfacet
  facet normal -0.770513242775789 -0.6374239897486899 0
    outer loop
      vertex 2.1869058822642344 2.053641317786066 3
      vertex 2.4270509831248424 1.7633557568774194 3
      vertex 2.4270509831248424 1.7633557568774194 6
    endloop
  endfacet
  facet normal -0.8443279255020149 -0.5358267949789969 0
    outer loop
      vertex 2.628920040131591 1.445261022305146 3
      vertex 2.628920040131591 1.445261022305146 6
      vertex 2.4270509831248424 1.7633557568774194 3
    endloop
  endfacet
  facet normal 0 -1 0
    outer loop
      vertex -0.18837155858793983 2.9940801852848145 3
      vertex 0.18837155858793983 2.9940801852848145 3
      vertex 0.18837155858793983 2.9940801852848145 6
    endloop
  endfacet
  facet normal -0.1253332335643036 -0.9921147013144779 0
    outer loop
      vertex 0.18837155858793983 2.9940801852848145 3
      vertex 0.5621439437571737 2.946861752186066 3
      vertex 0.5621439437571737 2.946861752186066 6
    endloop
  endfacet
  facet normal -0.24868988716485535 -0.9685831611286311 0
    outer loop
      vertex 0.5621439437571737 2.946861752186066 3
      vertex 0.9270509831248421 2.8531695488854605 3
      vertex 0.9270509831248421 2.8531695488854605 6
    endloop
  endfacet
  facet normal -0.9980267284282716 -0.0627905195293133 0
    outer loop
      vertex 3 0 3
      vertex 3 0 6
      vertex 2.9763441039434335 0.3759997006929128 3
    endloop
  endfacet
  facet normal -0.9822872507286885 -0.18738131458572505 0
    outer loop
      vertex 2.9763441039434335 0.3759997006929128 3
      vertex 2.9763441039434335 0.3759997006929128 6
      vertex 2.9057494833858932 0.7460696614945643 3
    endloop
  endfacet
  facet normal -0.9510565162951536 -0.30901699437494745 0
    outer loop
      vertex 2.789329457664754 1.104373658054034 3
      vertex 2.9057494833858932 0.7460696614945643 3
      vertex 2.9057494833858932 0.7460696614945643 6
    endloop
  endfacet
  facet normal -0.3681245526846777 -0.9297764858882515 0
    outer loop
      vertex 0.9270509831248421 2.8531695488854605 3
      vertex 1.2773378746952182 2.7144811573980583 6
      vertex 0.9270509831248421 2.8531695488854605 6
    endloop
  endfacet
  facet normal -0.48175367410171516 -0.8763066800438636 0
    outer loop
      vertex 1.2773378746952182 2.7144811573980583 3
      vertex 1.60748038493699 2.532983776506045 6
      vertex 1.2773378746952182 2.7144811573980583 6
    endloop
  endfacet
  facet normal -0.9048270524660198 -0.4257792915650719 0
    outer loop
      vertex 2.628920040131591 1.445261022305146 3
      vertex 2.789329457664754 1.104373658054034 6
      vertex 2.628920040131591 1.445261022305146 6
    endloop
  endfacet
  facet normal -0.5877852522924731 -0.8090169943749475 0
    outer loop
      vertex 1.60748038493699 2.532983776506045 3
      vertex 1.9122719692460692 2.3115397283273675 6
      vertex 1.60748038493699 2.532983776506045 6
    endloop
  endfacet
  facet normal -0.6845471059286885 -0.7289686274214117 0
    outer loop
      vertex 1.9122719692460692 2.3115397283273675 3
      vertex 2.1869058822642344 2.053641317786066 6
      vertex 1.9122719692460692 2.3115397283273675 6
    endloop
  endfacet
  facet normal -0.770513242775789 -0.6374239897486899 0
    outer loop
      vertex 2.1869058822642344 2.053641317786066 3
      vertex 2.4270509831248424 1.7633557568774194 6
      vertex 2.1869058822642344 2.053641317786066 6
    endloop
  endfacet
  facet normal -0.8443279255020149 -0.5358267949789969 0
    outer loop
      vertex 2.4270509831248424 1.7633557568774194 3
      vertex 2.628920040131591 1.445261022305146 6
      vertex 2.4270509831248424 1.7633557568774194 6
    endloop
  endfacet
  facet normal -0.1253332335643036 -0.9921147013144779 0
    outer loop
      vertex 0.18837155858793983 2.9940801852848145 3
      vertex 0.5621439437571737 2.946861752186066 6
      vertex 0.18837155858793983 2.9940801852848145 6
    endloop
  endfacet
  facet normal -0.24868988716485535 -0.9685831611286311 0
    outer loop
      vertex 0.5621439437571737 2.946861752186066 3
      vertex 0.9270509831248421 2.8531695488854605 6
      vertex 0.5621439437571737 2.946861752186066 6
    endloop
  endfacet
  facet normal -0.9980267284282716 -0.0627905195293133 0
    outer loop
      vertex 2.9763441039434335 0.3759997006929128 3
      vertex 3 0 6
      vertex 2.9763441039434335 0.3759997006929128 6
    endloop
  endfacet
  facet normal -0.9822872507286885 -0.18738131458572505 0
    outer loop
      vertex 2.9057494833858932 0.7460696614945643 3
      vertex 2.9763441039434335 0.3759997006929128 6
      vertex 2.9057494833858932 0.7460696614945643 6
    endloop
  endfacet
  facet normal -0.9510565162951536 -0.30901699437494745 0
    outer loop
      vertex 2.789329457664754 1.104373658054034 3
      vertex 2.9057494833858932 0.7460696614945643 6
      vertex 2.789329457664754 1.104373658054034 6
    endloop
  endfacet
endsolid OpenSCAD_Model
