solid OpenSCAD_Model
  facet normal 0 0 -1
    outer loop
      vertex -10.077991274101016 -9.463863739464118 7.8
      vertex -11.184659947233648 -8.12613111294344 7.8
      vertex -10.953833500548294 -6.021920926271442 7.8
    endloop
  endfacet
  facet normal 0 0 -1
    outer loop
      vertex -10.077991274101016 -9.463863739464118 7.8
      vertex -10.953833500548294 -6.021920926271442 7.8
      vertex -10.112712429686843 -7.347315653655914 7.8
    endloop
  endfacet
  facet normal 0 0 -1
    outer loop
      vertex -7.40780544058463 -11.672833570065356 7.8
      vertex -8.812386658275633 -10.652345581375288 7.8
      vertex -7.96779987185862 -9.631415534697368 7.8
    endloop
  endfacet
  facet normal 0 0 -1
    outer loop
      vertex -7.40780544058463 -11.672833570065356 7.8
      vertex -7.96779987185862 -9.631415534697368 7.8
      vertex -6.6978349372374595 -10.554099068775187 7.8
    endloop
  endfacet
  facet normal 0 0 -1
    outer loop
      vertex -10.077991274101016 -9.463863739464118 7.8
      vertex -9.112107842767646 -8.556838824108606 7.8
      vertex -8.812386658275633 -10.652345581375288 7.8
    endloop
  endfacet
  facet normal 0 0 -1
    outer loop
      vertex -10.077991274101016 -9.463863739464118 7.8
      vertex -10.112712429686843 -7.347315653655914 7.8
      vertex -9.112107842767646 -8.556838824108606 7.8
    endloop
  endfacet
  facet normal 0 0 -1
    outer loop
      vertex -8.812386658275633 -10.652345581375288 7.8
      vertex -9.112107842767646 -8.556838824108606 7.8
      vertex -7.96779987185862 -9.631415534697368 7.8
    endloop
  endfacet
  facet normal 0 0 -1
    outer loop
      vertex -12.854159917405076 -5.089321940865672 7.8
      vertex -12.5 0 7.8
      vertex -12.114939851606412 -6.660244544456215 7.8
    endloop
  endfacet
  facet normal 0 0 -1
    outer loop
      vertex -11.622206073603143 -4.601556908558473 7.8
      vertex -10.953833500548294 -6.021920926271442 7.8
      vertex -11.184659947233648 -8.12613111294344 7.8
    endloop
  endfacet
  facet normal 0 0 -1
    outer loop
      vertex -12.114939851606412 -6.660244544456215 7.8
      vertex -12.401433766430973 -1.5666654195538008 7.8
      vertex -11.184659947233648 -8.12613111294344 7.8
    endloop
  endfacet
  facet normal 0 0 -1
    outer loop
      vertex -11.622206073603143 -4.601556908558473 7.8
      vertex -11.184659947233648 -8.12613111294344 7.8
      vertex -12.107289514107888 -3.1086235895606857 7.8
    endloop
  endfacet
  facet normal 0 0 -1
    outer loop
      vertex -11.184659947233648 -8.12613111294344 7.8
      vertex -12.401433766430973 -1.5666654195538008 7.8
      vertex -12.107289514107888 -3.1086235895606857 7.8
    endloop
  endfacet
  facet normal 0 0 -1
    outer loop
      vertex -12.854159917405076 -5.089321940865672 7.8
      vertex -13.390662202603323 -3.438137690054118 7.8
      vertex -13.715985745672656 1.7327319540265036 7.8
    endloop
  endfacet
  facet normal 0 0 -1
    outer loop
      vertex -12.114939851606412 -6.660244544456215 7.8
      vertex -12.5 0 7.8
      vertex -12.401433766430973 -1.5666654195538008 7.8
    endloop
  endfacet
  facet normal 0 0 -1
    outer loop
      vertex -13.715985745672656 -1.7327319540265036 7.8
      vertex -13.825 0 7.8
      vertex -13.390662202603323 -3.438137690054118 7.8
    endloop
  endfacet
  facet normal 0 0 -1
    outer loop
      vertex -13.390662202603323 -3.438137690054118 7.8
      vertex -13.825 0 7.8
      vertex -13.715985745672656 1.7327319540265036 7.8
    endloop
  endfacet
  facet normal 0 0 -1
    outer loop
      vertex -12.854159917405076 -5.089321940865672 7.8
      vertex -13.390662202603323 3.438137690054118 7.8
      vertex -12.5 0 7.8
    endloop
  endfacet
  facet normal 0 0 -1
    outer loop
      vertex -7.40780544058463 -11.672833570065356 7.8
      vertex -6.6978349372374595 -10.554099068775187 7.8
      vertex -5.886398705887126 -12.50923400034272 7.8
    endloop
  endfacet
  facet normal 0 0 -1
    outer loop
      vertex -5.886398705887126 -12.50923400034272 7.8
      vertex -6.6978349372374595 -10.554099068775187 7.8
      vertex -5.322241144563406 -11.310338155825244 7.8
    endloop
  endfacet
  facet normal 0 0 -1
    outer loop
      vertex -5.886398705887126 -12.50923400034272 7.8
      vertex -5.322241144563406 -11.310338155825244 7.8
      vertex -4.272159947233647 -13.148356337780497 7.8
    endloop
  endfacet
  facet normal 0 0 -1
    outer loop
      vertex -5.322241144563406 -11.310338155825244 7.8
      vertex -3.8627124296868423 -11.888206453689419 7.8
      vertex -4.272159947233647 -13.148356337780497 7.8
    endloop
  endfacet
  facet normal 0 0 -1
    outer loop
      vertex -4.272159947233647 -13.148356337780497 7.8
      vertex -3.8627124296868423 -11.888206453689419 7.8
      vertex -2.5905466741476455 -13.58012124132412 7.8
    endloop
  endfacet
  facet normal 0 0 -1
    outer loop
      vertex -3.8627124296868423 -11.888206453689419 7.8
      vertex -2.3422664323215603 -12.278590634108607 7.8
      vertex -2.5905466741476455 -13.58012124132412 7.8
    endloop
  endfacet
  facet normal 0 0 -1
    outer loop
      vertex -0.8680789324927627 -13.797719520520854 7.8
      vertex -2.5905466741476455 -13.58012124132412 7.8
      vertex -2.3422664323215603 -12.278590634108607 7.8
    endloop
  endfacet
  facet normal 0 0 -1
    outer loop
      vertex -0.8680789324927627 -13.797719520520854 7.8
      vertex -2.3422664323215603 -12.278590634108607 7.8
      vertex -0.784881494116422 -12.475334105353394 7.8
    endloop
  endfacet
  facet normal 0 0 -1
    outer loop
      vertex -0.8680789324927627 -13.797719520520854 7.8
      vertex -0.784881494116422 -12.475334105353394 7.8
      vertex 0.8680789324927627 -13.797719520520854 7.8
    endloop
  endfacet
  facet normal 0 0 -1
    outer loop
      vertex -12.854159917405076 -5.089321940865672 7.8
      vertex -13.715985745672656 1.7327319540265036 7.8
      vertex -13.390662202603323 3.438137690054118 7.8
    endloop
  endfacet
  facet normal 0 0 -1
    outer loop
      vertex -12.5 0 7.8
      vertex -12.854159917405076 5.089321940865672 7.8
      vertex -12.401433766430973 1.5666654195538008 7.8
    endloop
  endfacet
  facet normal 0 0 -1
    outer loop
      vertex -12.5 0 7.8
      vertex -13.390662202603323 3.438137690054118 7.8
      vertex -12.854159917405076 5.089321940865672 7.8
    endloop
  endfacet
  facet normal 0 0 -1
    outer loop
      vertex -12.401433766430973 1.5666654195538008 7.8
      vertex -12.854159917405076 5.089321940865672 7.8
      vertex -12.107289514107888 3.1086235895606857 7.8
    endloop
  endfacet
  facet normal 0 0 -1
    outer loop
      vertex -12.107289514107888 3.1086235895606857 7.8
      vertex -12.854159917405076 5.089321940865672 7.8
      vertex -11.622206073603143 4.601556908558473 7.8
    endloop
  endfacet
  facet normal 0 0 -1
    outer loop
      vertex -12.854159917405076 5.089321940865672 7.8
      vertex -12.114939851606412 6.660244544456215 7.8
      vertex -11.622206073603143 4.601556908558473 7.8
    endloop
  endfacet
  facet normal 0 0 -1
    outer loop
      vertex -11.622206073603143 4.601556908558473 7.8
      vertex -12.114939851606412 6.660244544456215 7.8
      vertex -10.953833500548294 6.021920926271442 7.8
    endloop
  endfacet
  facet normal 0 0 -1
    outer loop
      vertex -12.114939851606412 6.660244544456215 7.8
      vertex -10.112712429686843 7.347315653655914 7.8
      vertex -10.953833500548294 6.021920926271442 7.8
    endloop
  endfacet
  facet normal 0 0 -1
    outer loop
      vertex -12.114939851606412 6.660244544456215 7.8
      vertex -11.184659947233648 8.12613111294344 7.8
      vertex -10.112712429686843 7.347315653655914 7.8
    endloop
  endfacet
  facet normal 0 0 -1
    outer loop
      vertex -11.184659947233648 8.12613111294344 7.8
      vertex -9.112107842767646 8.556838824108606 7.8
      vertex -10.112712429686843 7.347315653655914 7.8
    endloop
  endfacet
  facet normal 0 0 -1
    outer loop
      vertex -11.184659947233648 8.12613111294344 7.8
      vertex -10.077991274101016 9.463863739464118 7.8
      vertex -9.112107842767646 8.556838824108606 7.8
    endloop
  endfacet
  facet normal 0 0 -1
    outer loop
      vertex -10.077991274101016 9.463863739464118 7.8
      vertex -7.96779987185862 9.631415534697368 7.8
      vertex -9.112107842767646 8.556838824108606 7.8
    endloop
  endfacet
  facet normal 0 0 -1
    outer loop
      vertex -10.077991274101016 9.463863739464118 7.8
      vertex -8.812386658275633 10.652345581375288 7.8
      vertex -7.96779987185862 9.631415534697368 7.8
    endloop
  endfacet
  facet normal 0 0 -1
    outer loop
      vertex -8.812386658275633 10.652345581375288 7.8
      vertex -6.6978349372374595 10.554099068775187 7.8
      vertex -7.96779987185862 9.631415534697368 7.8
    endloop
  endfacet
  facet normal 0 0 -1
    outer loop
      vertex -8.812386658275633 10.652345581375288 7.8
      vertex -7.40780544058463 11.672833570065356 7.8
      vertex -6.6978349372374595 10.554099068775187 7.8
    endloop
  endfacet
  facet normal 0 0 -1
    outer loop
      vertex -7.40780544058463 11.672833570065356 7.8
      vertex -5.322241144563409 11.310338155825244 7.8
      vertex -6.6978349372374595 10.554099068775187 7.8
    endloop
  endfacet
  facet normal 0 0 -1
    outer loop
      vertex -7.40780544058463 11.672833570065356 7.8
      vertex -5.88639870588713 12.509234000342719 7.8
      vertex -5.322241144563409 11.310338155825244 7.8
    endloop
  endfacet
  facet normal 0 0 -1
    outer loop
      vertex -5.322241144563409 11.310338155825244 7.8
      vertex -5.88639870588713 12.509234000342719 7.8
      vertex -3.8627124296868423 11.888206453689419 7.8
    endloop
  endfacet
  facet normal 0 0 -1
    outer loop
      vertex -5.88639870588713 12.509234000342719 7.8
      vertex -4.272159947233647 13.148356337780497 7.8
      vertex -3.8627124296868423 11.888206453689419 7.8
    endloop
  endfacet
  facet normal 0 0 -1
    outer loop
      vertex -3.8627124296868423 11.888206453689419 7.8
      vertex -4.272159947233647 13.148356337780497 7.8
      vertex -2.342266432321557 12.278590634108609 7.8
    endloop
  endfacet
  facet normal 0 0 -1
    outer loop
      vertex -4.272159947233647 13.148356337780497 7.8
      vertex -2.5905466741476424 13.580121241324122 7.8
      vertex -2.342266432321557 12.278590634108609 7.8
    endloop
  endfacet
  facet normal 0 0 -1
    outer loop
      vertex -2.342266432321557 12.278590634108609 7.8
      vertex -2.5905466741476424 13.580121241324122 7.8
      vertex -0.784881494116415 12.475334105353394 7.8
    endloop
  endfacet
  facet normal 0 0 -1
    outer loop
      vertex -2.5905466741476424 13.580121241324122 7.8
      vertex -0.8680789324927559 13.797719520520854 7.8
      vertex -0.784881494116415 12.475334105353394 7.8
    endloop
  endfacet
  facet normal 0 0 -1
    outer loop
      vertex -0.784881494116415 12.475334105353394 7.8
      vertex -0.8680789324927559 13.797719520520854 7.8
      vertex 0.784881494116416 12.475334105353394 7.8
    endloop
  endfacet
  facet normal 0 0 -1
    outer loop
      vertex -0.784881494116422 -12.475334105353394 7.8
      vertex 0.784881494116422 -12.475334105353394 7.8
      vertex 0.8680789324927627 -13.797719520520854 7.8
    endloop
  endfacet
  facet normal 0 0 -1
    outer loop
      vertex 0.8680789324927627 -13.797719520520854 7.8
      vertex 0.784881494116422 -12.475334105353394 7.8
      vertex 2.590546674147646 -13.58012124132412 7.8
    endloop
  endfacet
  facet normal 0 0 -1
    outer loop
      vertex 0.784881494116422 -12.475334105353394 7.8
      vertex 2.3422664323215603 -12.278590634108607 7.8
      vertex 2.590546674147646 -13.58012124132412 7.8
    endloop
  endfacet
  facet normal 0 0 -1
    outer loop
      vertex 2.590546674147646 -13.58012124132412 7.8
      vertex 2.3422664323215603 -12.278590634108607 7.8
      vertex 4.272159947233647 -13.148356337780497 7.8
    endloop
  endfacet
  facet normal 0 0 -1
    outer loop
      vertex 2.3422664323215603 -12.278590634108607 7.8
      vertex 3.8627124296868423 -11.888206453689419 7.8
      vertex 4.272159947233647 -13.148356337780497 7.8
    endloop
  endfacet
  facet normal 0 0 -1
    outer loop
      vertex 4.272159947233647 -13.148356337780497 7.8
      vertex 3.8627124296868423 -11.888206453689419 7.8
      vertex 5.886398705887126 -12.50923400034272 7.8
    endloop
  endfacet
  facet normal 0 0 -1
    outer loop
      vertex 3.8627124296868423 -11.888206453689419 7.8
      vertex 5.322241144563406 -11.310338155825244 7.8
      vertex 5.886398705887126 -12.50923400034272 7.8
    endloop
  endfacet
  facet normal 0 0 -1
    outer loop
      vertex 5.886398705887126 -12.50923400034272 7.8
      vertex 5.322241144563406 -11.310338155825244 7.8
      vertex 7.407805440584622 -11.672833570065361 7.8
    endloop
  endfacet
  facet normal 0 0 -1
    outer loop
      vertex 5.322241144563406 -11.310338155825244 7.8
      vertex 6.697834937237452 -10.55409906877519 7.8
      vertex 7.407805440584622 -11.672833570065361 7.8
    endloop
  endfacet
  facet normal 0 0 -1
    outer loop
      vertex 6.697834937237452 -10.55409906877519 7.8
      vertex 8.812386658275638 -10.652345581375283 7.8
      vertex 7.407805440584622 -11.672833570065361 7.8
    endloop
  endfacet
  facet normal 0 0 -1
    outer loop
      vertex 6.697834937237452 -10.55409906877519 7.8
      vertex 7.967799871858625 -9.631415534697362 7.8
      vertex 8.812386658275638 -10.652345581375283 7.8
    endloop
  endfacet
  facet normal 0 0 -1
    outer loop
      vertex 7.967799871858625 -9.631415534697362 7.8
      vertex 10.077991274101016 -9.463863739464118 7.8
      vertex 8.812386658275638 -10.652345581375283 7.8
    endloop
  endfacet
  facet normal 0 0 -1
    outer loop
      vertex 7.967799871858625 -9.631415534697362 7.8
      vertex 9.112107842767646 -8.556838824108606 7.8
      vertex 10.077991274101016 -9.463863739464118 7.8
    endloop
  endfacet
  facet normal 0 0 -1
    outer loop
      vertex 9.112107842767646 -8.556838824108606 7.8
      vertex 11.184659947233648 -8.12613111294344 7.8
      vertex 10.077991274101016 -9.463863739464118 7.8
    endloop
  endfacet
  facet normal 0 0 -1
    outer loop
      vertex 9.112107842767646 -8.556838824108606 7.8
      vertex 10.112712429686843 -7.347315653655914 7.8
      vertex 11.184659947233648 -8.12613111294344 7.8
    endloop
  endfacet
  facet normal 0 0 -1
    outer loop
      vertex 10.112712429686843 -7.347315653655914 7.8
      vertex 12.114939851606412 -6.660244544456215 7.8
      vertex 11.184659947233648 -8.12613111294344 7.8
    endloop
  endfacet
  facet normal 0 0 -1
    outer loop
      vertex 10.112712429686843 -7.347315653655914 7.8
      vertex 10.953833500548294 -6.021920926271442 7.8
      vertex 12.114939851606412 -6.660244544456215 7.8
    endloop
  endfacet
  facet normal 0 0 -1
    outer loop
      vertex 10.953833500548294 -6.021920926271442 7.8
      vertex 11.62220607360314 -4.6015569085584795 7.8
      vertex 12.114939851606412 -6.660244544456215 7.8
    endloop
  endfacet
  facet normal 0 0 -1
    outer loop
      vertex 12.114939851606412 -6.660244544456215 7.8
      vertex 11.62220607360314 -4.6015569085584795 7.8
      vertex 12.854159917405072 -5.089321940865678 7.8
    endloop
  endfacet
  facet normal 0 0 -1
    outer loop
      vertex 11.62220607360314 -4.6015569085584795 7.8
      vertex 12.10728951410789 -3.1086235895606804 7.8
      vertex 12.854159917405072 -5.089321940865678 7.8
    endloop
  endfacet
  facet normal 0 0 -1
    outer loop
      vertex 12.854159917405072 -5.089321940865678 7.8
      vertex 12.10728951410789 -3.1086235895606804 7.8
      vertex 12.401433766430973 -1.5666654195538008 7.8
    endloop
  endfacet
  facet normal 0 0 -1
    outer loop
      vertex 12.854159917405072 -5.089321940865678 7.8
      vertex 12.5 0 7.8
      vertex 13.390662202603325 -3.4381376900541123 7.8
    endloop
  endfacet
  facet normal 0 0 -1
    outer loop
      vertex 12.854159917405072 -5.089321940865678 7.8
      vertex 12.401433766430973 -1.5666654195538008 7.8
      vertex 12.5 0 7.8
    endloop
  endfacet
  facet normal 0 0 -1
    outer loop
      vertex 13.390662202603325 -3.4381376900541123 7.8
      vertex 12.854159917405074 5.0893219408656725 7.8
      vertex 13.715985745672656 -1.7327319540265036 7.8
    endloop
  endfacet
  facet normal 0 0 -1
    outer loop
      vertex -0.8680789324927559 13.797719520520854 7.8
      vertex 0.8680789324927559 13.797719520520854 7.8
      vertex 0.784881494116416 12.475334105353394 7.8
    endloop
  endfacet
  facet normal 0 0 -1
    outer loop
      vertex 0.784881494116416 12.475334105353394 7.8
      vertex 0.8680789324927559 13.797719520520854 7.8
      vertex 2.342266432321557 12.278590634108609 7.8
    endloop
  endfacet
  facet normal 0 0 -1
    outer loop
      vertex 2.342266432321557 12.278590634108609 7.8
      vertex 0.8680789324927559 13.797719520520854 7.8
      vertex 2.590546674147642 13.580121241324122 7.8
    endloop
  endfacet
  facet normal 0 0 -1
    outer loop
      vertex 2.342266432321557 12.278590634108609 7.8
      vertex 2.590546674147642 13.580121241324122 7.8
      vertex 3.8627124296868423 11.888206453689419 7.8
    endloop
  endfacet
  facet normal 0 0 -1
    outer loop
      vertex 2.590546674147642 13.580121241324122 7.8
      vertex 4.272159947233647 13.148356337780497 7.8
      vertex 3.8627124296868423 11.888206453689419 7.8
    endloop
  endfacet
  facet normal 0 0 -1
    outer loop
      vertex 3.8627124296868423 11.888206453689419 7.8
      vertex 4.272159947233647 13.148356337780497 7.8
      vertex 5.322241144563409 11.310338155825244 7.8
    endloop
  endfacet
  facet normal 0 0 -1
    outer loop
      vertex 4.272159947233647 13.148356337780497 7.8
      vertex 5.88639870588713 12.509234000342719 7.8
      vertex 5.322241144563409 11.310338155825244 7.8
    endloop
  endfacet
  facet normal 0 0 -1
    outer loop
      vertex 5.322241144563409 11.310338155825244 7.8
      vertex 5.88639870588713 12.509234000342719 7.8
      vertex 6.697834937237459 10.554099068775189 7.8
    endloop
  endfacet
  facet normal 0 0 -1
    outer loop
      vertex 6.697834937237459 10.554099068775189 7.8
      vertex 5.88639870588713 12.509234000342719 7.8
      vertex 7.407805440584628 11.672833570065357 7.8
    endloop
  endfacet
  facet normal 0 0 -1
    outer loop
      vertex 13.390662202603325 -3.4381376900541123 7.8
      vertex 12.5 0 7.8
      vertex 12.854159917405074 5.0893219408656725 7.8
    endloop
  endfacet
  facet normal 0 0 -1
    outer loop
      vertex 13.715985745672656 -1.7327319540265036 7.8
      vertex 13.390662202603323 3.438137690054117 7.8
      vertex 13.825 0 7.8
    endloop
  endfacet
  facet normal 0 0 -1
    outer loop
      vertex 13.390662202603323 3.438137690054117 7.8
      vertex 13.715985745672656 1.7327319540265063 7.8
      vertex 13.825 0 7.8
    endloop
  endfacet
  facet normal 0 0 -1
    outer loop
      vertex 12.5 0 7.8
      vertex 12.401433766430973 1.5666654195538032 7.8
      vertex 12.114939851606414 6.660244544456214 7.8
    endloop
  endfacet
  facet normal 0 0 -1
    outer loop
      vertex 13.715985745672656 -1.7327319540265036 7.8
      vertex 12.854159917405074 5.0893219408656725 7.8
      vertex 13.390662202603323 3.438137690054117 7.8
    endloop
  endfacet
  facet normal 0 0 -1
    outer loop
      vertex 12.401433766430973 1.5666654195538032 7.8
      vertex 12.107289514107888 3.108623589560685 7.8
      vertex 11.184659947233648 8.12613111294344 7.8
    endloop
  endfacet
  facet normal 0 0 -1
    outer loop
      vertex 12.107289514107888 3.108623589560685 7.8
      vertex 11.622206073603142 4.601556908558475 7.8
      vertex 11.184659947233648 8.12613111294344 7.8
    endloop
  endfacet
  facet normal 0 0 -1
    outer loop
      vertex 12.401433766430973 1.5666654195538032 7.8
      vertex 11.184659947233648 8.12613111294344 7.8
      vertex 12.114939851606414 6.660244544456214 7.8
    endloop
  endfacet
  facet normal 0 0 -1
    outer loop
      vertex 10.953833500548296 6.0219209262714415 7.8
      vertex 11.184659947233648 8.12613111294344 7.8
      vertex 11.622206073603142 4.601556908558475 7.8
    endloop
  endfacet
  facet normal 0 0 -1
    outer loop
      vertex 12.5 0 7.8
      vertex 12.114939851606414 6.660244544456214 7.8
      vertex 12.854159917405074 5.0893219408656725 7.8
    endloop
  endfacet
  facet normal 0 0 -1
    outer loop
      vertex 9.112107842767644 8.55683882410861 7.8
      vertex 7.967799871858622 9.631415534697364 7.8
      vertex 8.812386658275635 10.652345581375284 7.8
    endloop
  endfacet
  facet normal 0 0 -1
    outer loop
      vertex 9.112107842767644 8.55683882410861 7.8
      vertex 10.077991274101015 9.463863739464122 7.8
      vertex 10.112712429686843 7.347315653655914 7.8
    endloop
  endfacet
  facet normal 0 0 -1
    outer loop
      vertex 9.112107842767644 8.55683882410861 7.8
      vertex 8.812386658275635 10.652345581375284 7.8
      vertex 10.077991274101015 9.463863739464122 7.8
    endloop
  endfacet
  facet normal 0 0 -1
    outer loop
      vertex 6.697834937237459 10.554099068775189 7.8
      vertex 7.407805440584628 11.672833570065357 7.8
      vertex 7.967799871858622 9.631415534697364 7.8
    endloop
  endfacet
  facet normal 0 0 -1
    outer loop
      vertex 7.967799871858622 9.631415534697364 7.8
      vertex 7.407805440584628 11.672833570065357 7.8
      vertex 8.812386658275635 10.652345581375284 7.8
    endloop
  endfacet
  facet normal 0 0 -1
    outer loop
      vertex 10.953833500548296 6.0219209262714415 7.8
      vertex 10.112712429686843 7.347315653655914 7.8
      vertex 10.077991274101015 9.463863739464122 7.8
    endloop
  endfacet
  facet normal 0 0 -1
    outer loop
      vertex 10.953833500548296 6.0219209262714415 7.8
      vertex 10.077991274101015 9.463863739464122 7.8
      vertex 11.184659947233648 8.12613111294344 7.8
    endloop
  endfacet
  facet normal -0.8443279255020152 -0.5358267949789965 0
    outer loop
      vertex -10.112712429686843 -7.347315653655914 1.2000000000000002
      vertex -10.953833500548294 -6.021920926271442 0
      vertex -10.112712429686843 -7.347315653655914 0
    endloop
  endfacet
  facet normal -0.6845471059286893 -0.7289686274214109 0
    outer loop
      vertex -7.96779987185862 -9.631415534697368 1.2000000000000002
      vertex -9.112107842767646 -8.556838824108606 1.2000000000000002
      vertex -9.112107842767646 -8.556838824108606 0
    endloop
  endfacet
  facet normal -0.7705132427757891 -0.6374239897486897 0
    outer loop
      vertex -9.112107842767646 -8.556838824108606 1.2000000000000002
      vertex -10.112712429686843 -7.347315653655914 0
      vertex -9.112107842767646 -8.556838824108606 0
    endloop
  endfacet
  facet normal -0.7705132427757891 -0.6374239897486897 0
    outer loop
      vertex -10.112712429686843 -7.347315653655914 1.2000000000000002
      vertex -10.112712429686843 -7.347315653655914 0
      vertex -9.112107842767646 -8.556838824108606 1.2000000000000002
    endloop
  endfacet
  facet normal -0.6845471059286893 -0.7289686274214109 0
    outer loop
      vertex -7.96779987185862 -9.631415534697368 1.2000000000000002
      vertex -9.112107842767646 -8.556838824108606 0
      vertex -7.96779987185862 -9.631415534697368 0
    endloop
  endfacet
  facet normal -0.5877852522924725 -0.8090169943749478 0
    outer loop
      vertex -6.6978349372374595 -10.554099068775187 1.2000000000000002
      vertex -7.96779987185862 -9.631415534697368 0
      vertex -6.6978349372374595 -10.554099068775187 0
    endloop
  endfacet
  facet normal -0.5877852522924725 -0.8090169943749478 0
    outer loop
      vertex -7.96779987185862 -9.631415534697368 1.2000000000000002
      vertex -7.96779987185862 -9.631415534697368 0
      vertex -6.6978349372374595 -10.554099068775187 1.2000000000000002
    endloop
  endfacet
  facet normal -0.9048270524660194 -0.42577929156507294 0
    outer loop
      vertex -10.953833500548294 -6.021920926271442 1.2000000000000002
      vertex -11.622206073603143 -4.601556908558473 0
      vertex -10.953833500548294 -6.021920926271442 0
    endloop
  endfacet
  facet normal -0.8443279255020152 -0.5358267949789965 0
    outer loop
      vertex -10.112712429686843 -7.347315653655914 1.2000000000000002
      vertex -10.953833500548294 -6.021920926271442 1.2000000000000002
      vertex -10.953833500548294 -6.021920926271442 0
    endloop
  endfacet
  facet normal -0.9510565162951536 -0.309016994374947 0
    outer loop
      vertex -11.622206073603143 -4.601556908558473 1.2000000000000002
      vertex -12.107289514107888 -3.1086235895606857 0
      vertex -11.622206073603143 -4.601556908558473 0
    endloop
  endfacet
  facet normal -0.9048270524660194 -0.42577929156507294 0
    outer loop
      vertex -11.622206073603143 -4.601556908558473 1.2000000000000002
      vertex -11.622206073603143 -4.601556908558473 0
      vertex -10.953833500548294 -6.021920926271442 1.2000000000000002
    endloop
  endfacet
  facet normal -0.9510565162951536 -0.309016994374947 0
    outer loop
      vertex -11.622206073603143 -4.601556908558473 1.2000000000000002
      vertex -12.107289514107888 -3.1086235895606857 1.2000000000000002
      vertex -12.107289514107888 -3.1086235895606857 0
    endloop
  endfacet
  facet normal -0.9822872507286887 -0.18738131458572457 0
    outer loop
      vertex -12.107289514107888 -3.1086235895606857 1.2000000000000002
      vertex -12.401433766430973 -1.5666654195538008 0
      vertex -12.107289514107888 -3.1086235895606857 0
    endloop
  endfacet
  facet normal -0.9822872507286887 -0.18738131458572457 0
    outer loop
      vertex -12.107289514107888 -3.1086235895606857 1.2000000000000002
      vertex -12.401433766430973 -1.5666654195538008 1.2000000000000002
      vertex -12.401433766430973 -1.5666654195538008 0
    endloop
  endfacet
  facet normal -0.9980267284282716 -0.0627905195293135 0
    outer loop
      vertex -12.401433766430973 -1.5666654195538008 1.2000000000000002
      vertex -12.5 0 0
      vertex -12.401433766430973 -1.5666654195538008 0
    endloop
  endfacet
  facet normal -0.9980267284282716 -0.0627905195293135 0
    outer loop
      vertex -12.401433766430973 -1.5666654195538008 1.2000000000000002
      vertex -12.5 0 1.2000000000000002
      vertex -12.5 0 0
    endloop
  endfacet
  facet normal -0.48175367410171477 -0.8763066800438639 0
    outer loop
      vertex -6.6978349372374595 -10.554099068775187 1.2000000000000002
      vertex -6.6978349372374595 -10.554099068775187 0
      vertex -5.322241144563406 -11.310338155825244 0
    endloop
  endfacet
  facet normal -0.48175367410171477 -0.8763066800438639 0
    outer loop
      vertex -6.6978349372374595 -10.554099068775187 1.2000000000000002
      vertex -5.322241144563406 -11.310338155825244 0
      vertex -5.322241144563406 -11.310338155825244 1.2000000000000002
    endloop
  endfacet
  facet normal -0.3681245526846779 -0.9297764858882515 0
    outer loop
      vertex -3.8627124296868423 -11.888206453689419 1.2000000000000002
      vertex -5.322241144563406 -11.310338155825244 0
      vertex -3.8627124296868423 -11.888206453689419 0
    endloop
  endfacet
  facet normal -0.3681245526846779 -0.9297764858882515 0
    outer loop
      vertex -5.322241144563406 -11.310338155825244 1.2000000000000002
      vertex -5.322241144563406 -11.310338155825244 0
      vertex -3.8627124296868423 -11.888206453689419 1.2000000000000002
    endloop
  endfacet
  facet normal -0.24868988716485482 -0.9685831611286312 0
    outer loop
      vertex -2.3422664323215603 -12.278590634108607 1.2000000000000002
      vertex -3.8627124296868423 -11.888206453689419 0
      vertex -2.3422664323215603 -12.278590634108607 0
    endloop
  endfacet
  facet normal -0.12533323356430495 -0.9921147013144777 0
    outer loop
      vertex -2.3422664323215603 -12.278590634108607 1.2000000000000002
      vertex -2.3422664323215603 -12.278590634108607 0
      vertex -0.784881494116422 -12.475334105353394 1.2000000000000002
    endloop
  endfacet
  facet normal -0.24868988716485482 -0.9685831611286312 0
    outer loop
      vertex -3.8627124296868423 -11.888206453689419 1.2000000000000002
      vertex -3.8627124296868423 -11.888206453689419 0
      vertex -2.3422664323215603 -12.278590634108607 1.2000000000000002
    endloop
  endfacet
  facet normal -0.125333233564305 -0.9921147013144778 4.6382613884604623e-17
    outer loop
      vertex -0.784881494116422 -12.475334105353394 1.2000000000000002
      vertex -2.3422664323215603 -12.278590634108607 0
      vertex -0.7848814941164225 -12.475334105353394 0
    endloop
  endfacet
  facet normal 0 -1 0
    outer loop
      vertex -0.784881494116422 -12.475334105353394 1.2000000000000002
      vertex -0.7848814941164225 -12.475334105353394 0
      vertex 0.784881494116422 -12.475334105353394 1.2000000000000002
    endloop
  endfacet
  facet normal -0.9980267284282716 0.0627905195293135 0
    outer loop
      vertex -12.5 0 1.2000000000000002
      vertex -12.401433766430973 1.5666654195538008 0
      vertex -12.5 0 0
    endloop
  endfacet
  facet normal -0.9980267284282716 0.0627905195293135 0
    outer loop
      vertex -12.5 0 1.2000000000000002
      vertex -12.401433766430973 1.5666654195538008 1.2000000000000002
      vertex -12.401433766430973 1.5666654195538008 0
    endloop
  endfacet
  facet normal -0.9822872507286887 0.18738131458572457 0
    outer loop
      vertex -12.401433766430973 1.5666654195538008 1.2000000000000002
      vertex -12.107289514107888 3.1086235895606857 0
      vertex -12.401433766430973 1.5666654195538008 0
    endloop
  endfacet
  facet normal -0.9822872507286888 0.18738131458572432 -3.1826483668324097e-16
    outer loop
      vertex -12.401433766430973 1.5666654195538008 1.2000000000000002
      vertex -12.156313556161736 2.851630561226205 1.2000000000000002
      vertex -12.107289514107888 3.1086235895606857 0
    endloop
  endfacet
  facet normal -0.9822872507286886 0.18738131458572427 6.011669137350111e-16
    outer loop
      vertex -12.401433766430973 1.5666654195538008 1.2000000000000002
      vertex -12.352409724377125 1.8236584478882816 1.7999999999999998
      vertex -12.156313556161736 2.851630561226205 1.2000000000000002
    endloop
  endfacet
  facet normal -0.9822872507286885 0.18738131458572585 0
    outer loop
      vertex -12.156313556161736 2.851630561226205 1.2000000000000002
      vertex -12.107289514107888 3.1086235895606857 1.2000000000000002
      vertex -12.107289514107888 3.1086235895606857 0
    endloop
  endfacet
  facet normal -0.9822872507286888 0.18738131458572432 7.072551926294249e-16
    outer loop
      vertex -12.352409724377125 1.8236584478882816 1.7999999999999998
      vertex -12.107289514107888 3.1086235895606857 1.7999999999999998
      vertex -12.156313556161736 2.851630561226205 1.2000000000000002
    endloop
  endfacet
  facet normal -0.9510565162951536 0.309016994374947 0
    outer loop
      vertex -12.107289514107888 3.1086235895606857 1.2000000000000002
      vertex -11.622206073603143 4.601556908558473 0
      vertex -12.107289514107888 3.1086235895606857 0
    endloop
  endfacet
  facet normal -0.9048270524660194 0.42577929156507294 0
    outer loop
      vertex -11.622206073603143 4.601556908558473 1.2000000000000002
      vertex -10.953833500548294 6.021920926271442 0
      vertex -11.622206073603143 4.601556908558473 0
    endloop
  endfacet
  facet normal -0.9510565162951536 0.309016994374947 0
    outer loop
      vertex -12.107289514107888 3.1086235895606857 1.2000000000000002
      vertex -11.622206073603143 4.601556908558473 1.2000000000000002
      vertex -11.622206073603143 4.601556908558473 0
    endloop
  endfacet
  facet normal -0.8443279255020152 0.5358267949789965 0
    outer loop
      vertex -10.953833500548294 6.021920926271442 1.2000000000000002
      vertex -10.112712429686843 7.347315653655914 0
      vertex -10.953833500548294 6.021920926271442 0
    endloop
  endfacet
  facet normal -0.9048270524660194 0.42577929156507294 0
    outer loop
      vertex -11.622206073603143 4.601556908558473 1.2000000000000002
      vertex -10.953833500548294 6.021920926271442 1.2000000000000002
      vertex -10.953833500548294 6.021920926271442 0
    endloop
  endfacet
  facet normal -0.8443279255020149 0.5358267949789971 -1.3437848659959115e-15
    outer loop
      vertex -10.953833500548294 6.021920926271442 1.2000000000000002
      vertex -10.81364665540472 6.242820047502188 1.7999999999999998
      vertex -10.112712429686843 7.347315653655914 1.7999999999999998
    endloop
  endfacet
  facet normal -0.8443279255020152 0.5358267949789965 0
    outer loop
      vertex -10.953833500548294 6.021920926271442 1.2000000000000002
      vertex -10.112712429686843 7.347315653655914 1.2000000000000002
      vertex -10.112712429686843 7.347315653655914 0
    endloop
  endfacet
  facet normal -0.8443279255020151 0.5358267949789965 0
    outer loop
      vertex -10.112712429686843 7.347315653655914 1.2000000000000002
      vertex -10.953833500548294 6.021920926271442 1.2000000000000002
      vertex -10.112712429686843 7.347315653655914 1.7999999999999998
    endloop
  endfacet
  facet normal -0.7705132427757891 0.6374239897486897 0
    outer loop
      vertex -10.112712429686843 7.347315653655914 1.2000000000000002
      vertex -9.112107842767646 8.556838824108606 0
      vertex -10.112712429686843 7.347315653655914 0
    endloop
  endfacet
  facet normal -0.7705132427757891 0.6374239897486897 0
    outer loop
      vertex -10.112712429686843 7.347315653655914 1.2000000000000002
      vertex -9.112107842767646 8.556838824108606 1.2000000000000002
      vertex -9.112107842767646 8.556838824108606 0
    endloop
  endfacet
  facet normal -0.6845471059286893 0.7289686274214109 0
    outer loop
      vertex -9.112107842767646 8.556838824108606 1.2000000000000002
      vertex -7.96779987185862 9.631415534697368 0
      vertex -9.112107842767646 8.556838824108606 0
    endloop
  endfacet
  facet normal -0.6845471059286893 0.728968627421411 3.536275963147118e-17
    outer loop
      vertex -9.112107842767646 8.556838824108606 1.2000000000000002
      vertex -8.921389847616142 8.735934942540066 1.7999999999999998
      vertex -8.158517867010124 9.452319416265908 1.2000000000000002
    endloop
  endfacet
  facet normal -0.5877852522924725 0.8090169943749478 0
    outer loop
      vertex -7.96779987185862 9.631415534697368 1.2000000000000002
      vertex -6.6978349372374595 10.554099068775187 0
      vertex -7.96779987185862 9.631415534697368 0
    endloop
  endfacet
  facet normal -0.6845471059286893 0.7289686274214109 0
    outer loop
      vertex -9.112107842767646 8.556838824108606 1.2000000000000002
      vertex -8.158517867010124 9.452319416265908 1.2000000000000002
      vertex -7.96779987185862 9.631415534697368 0
    endloop
  endfacet
  facet normal -0.6845471059286893 0.728968627421411 0
    outer loop
      vertex -8.158517867010124 9.452319416265908 1.2000000000000002
      vertex -7.96779987185862 9.631415534697368 1.2000000000000002
      vertex -7.96779987185862 9.631415534697368 0
    endloop
  endfacet
  facet normal -0.5877852522924725 0.8090169943749478 0
    outer loop
      vertex -7.96779987185862 9.631415534697368 1.2000000000000002
      vertex -6.6978349372374595 10.554099068775187 1.2000000000000002
      vertex -6.6978349372374595 10.554099068775187 0
    endloop
  endfacet
  facet normal -0.6845471059286893 0.728968627421411 0
    outer loop
      vertex -8.921389847616142 8.735934942540066 1.7999999999999998
      vertex -7.96779987185862 9.631415534697368 1.7999999999999998
      vertex -8.158517867010124 9.452319416265908 1.2000000000000002
    endloop
  endfacet
  facet normal -0.4817536741017157 0.8763066800438634 0
    outer loop
      vertex -6.6978349372374595 10.554099068775187 1.2000000000000002
      vertex -5.322241144563409 11.310338155825244 0
      vertex -6.6978349372374595 10.554099068775187 0
    endloop
  endfacet
  facet normal -0.48175367410171555 0.8763066800438635 -3.889903559461843e-16
    outer loop
      vertex -6.6978349372374595 10.554099068775187 1.2000000000000002
      vertex -6.468569305125118 10.680138916616864 1.7999999999999998
      vertex -5.551506776675751 11.184298307983568 1.2000000000000002
    endloop
  endfacet
  facet normal -0.4817536741017156 0.8763066800438634 2.1217655778882762e-16
    outer loop
      vertex -6.6978349372374595 10.554099068775187 1.2000000000000002
      vertex -5.551506776675751 11.184298307983568 1.2000000000000002
      vertex -5.322241144563409 11.310338155825244 0
    endloop
  endfacet
  facet normal -0.4817536741017164 0.876306680043863 0
    outer loop
      vertex -5.551506776675751 11.184298307983568 1.2000000000000002
      vertex -5.322241144563409 11.310338155825244 1.2000000000000002
      vertex -5.322241144563409 11.310338155825244 0
    endloop
  endfacet
  facet normal -0.36812455268467714 0.9297764858882517 0
    outer loop
      vertex -5.322241144563409 11.310338155825244 1.2000000000000002
      vertex -3.8627124296868423 11.888206453689419 0
      vertex -5.322241144563409 11.310338155825244 0
    endloop
  endfacet
  facet normal -0.36812455268467714 0.9297764858882517 0
    outer loop
      vertex -5.322241144563409 11.310338155825244 1.2000000000000002
      vertex -3.8627124296868423 11.888206453689419 1.2000000000000002
      vertex -3.8627124296868423 11.888206453689419 0
    endloop
  endfacet
  facet normal -0.48175367410171555 0.8763066800438635 -2.8290207705177036e-16
    outer loop
      vertex -6.468569305125118 10.680138916616864 1.7999999999999998
      vertex -5.322241144563409 11.310338155825244 1.7999999999999998
      vertex -5.551506776675751 11.184298307983568 1.2000000000000002
    endloop
  endfacet
  facet normal -0.24868988716485538 0.968583161128631 0
    outer loop
      vertex -3.8627124296868423 11.888206453689419 1.2000000000000002
      vertex -2.342266432321557 12.278590634108609 1.2000000000000002
      vertex -3.8627124296868423 11.888206453689419 0
    endloop
  endfacet
  facet normal -0.24868988716485538 0.968583161128631 0
    outer loop
      vertex -2.342266432321557 12.278590634108609 1.2000000000000002
      vertex -2.342266432321557 12.278590634108609 0
      vertex -3.8627124296868423 11.888206453689419 0
    endloop
  endfacet
  facet normal -0.12533323356430362 0.9921147013144779 0
    outer loop
      vertex -2.342266432321557 12.278590634108609 1.2000000000000002
      vertex -0.784881494116416 12.475334105353394 0
      vertex -2.342266432321557 12.278590634108609 0
    endloop
  endfacet
  facet normal 0 1 0
    outer loop
      vertex -0.784881494116416 12.475334105353394 1.2000000000000002
      vertex 0.7848814941164155 12.475334105353394 0
      vertex -0.784881494116416 12.475334105353394 0
    endloop
  endfacet
  facet normal -0.12533323356430362 0.9921147013144779 0
    outer loop
      vertex -2.342266432321557 12.278590634108609 1.2000000000000002
      vertex -0.784881494116416 12.475334105353394 1.2000000000000002
      vertex -0.784881494116416 12.475334105353394 0
    endloop
  endfacet
  facet normal 0 -1 0
    outer loop
      vertex 0.784881494116422 -12.475334105353394 1.2000000000000002
      vertex -0.7848814941164225 -12.475334105353394 0
      vertex 0.784881494116422 -12.475334105353394 0
    endloop
  endfacet
  facet normal 0.12533323356430495 -0.9921147013144777 0
    outer loop
      vertex 0.784881494116422 -12.475334105353394 1.2000000000000002
      vertex 0.784881494116422 -12.475334105353394 0
      vertex 2.3422664323215603 -12.278590634108607 1.2000000000000002
    endloop
  endfacet
  facet normal 0.12533323356430495 -0.9921147013144777 0
    outer loop
      vertex 2.3422664323215603 -12.278590634108607 1.2000000000000002
      vertex 0.784881494116422 -12.475334105353394 0
      vertex 2.3422664323215603 -12.278590634108607 0
    endloop
  endfacet
  facet normal 0.24868988716485482 -0.9685831611286312 0
    outer loop
      vertex 2.3422664323215603 -12.278590634108607 1.2000000000000002
      vertex 2.3422664323215603 -12.278590634108607 0
      vertex 3.8627124296868423 -11.888206453689419 0
    endloop
  endfacet
  facet normal 0.24868988716485482 -0.9685831611286312 0
    outer loop
      vertex 2.3422664323215603 -12.278590634108607 1.2000000000000002
      vertex 3.8627124296868423 -11.888206453689419 0
      vertex 3.8627124296868423 -11.888206453689419 1.2000000000000002
    endloop
  endfacet
  facet normal 0.3681245526846779 -0.9297764858882515 0
    outer loop
      vertex 5.322241144563406 -11.310338155825244 1.2000000000000002
      vertex 3.8627124296868423 -11.888206453689419 0
      vertex 5.322241144563406 -11.310338155825244 0
    endloop
  endfacet
  facet normal 0.3681245526846779 -0.9297764858882515 0
    outer loop
      vertex 3.8627124296868423 -11.888206453689419 1.2000000000000002
      vertex 3.8627124296868423 -11.888206453689419 0
      vertex 5.322241144563406 -11.310338155825244 1.2000000000000002
    endloop
  endfacet
  facet normal 0.4817536741017149 -0.8763066800438637 0
    outer loop
      vertex 6.697834937237452 -10.55409906877519 1.2000000000000002
      vertex 5.322241144563406 -11.310338155825244 0
      vertex 6.697834937237452 -10.55409906877519 0
    endloop
  endfacet
  facet normal 0.4817536741017149 -0.8763066800438637 0
    outer loop
      vertex 5.322241144563406 -11.310338155825244 1.2000000000000002
      vertex 5.322241144563406 -11.310338155825244 0
      vertex 6.697834937237452 -10.55409906877519 1.2000000000000002
    endloop
  endfacet
  facet normal 0.5877852522924727 -0.8090169943749478 0
    outer loop
      vertex 7.967799871858625 -9.631415534697362 1.2000000000000002
      vertex 6.697834937237452 -10.55409906877519 0
      vertex 7.967799871858625 -9.631415534697362 0
    endloop
  endfacet
  facet normal 0.5877852522924727 -0.8090169943749478 0
    outer loop
      vertex 6.697834937237452 -10.55409906877519 1.2000000000000002
      vertex 6.697834937237452 -10.55409906877519 0
      vertex 7.967799871858625 -9.631415534697362 1.2000000000000002
    endloop
  endfacet
  facet normal 0.684547105928689 -0.7289686274214112 0
    outer loop
      vertex 7.967799871858625 -9.631415534697362 1.2000000000000002
      vertex 7.967799871858625 -9.631415534697362 0
      vertex 9.112107842767646 -8.556838824108606 1.2000000000000002
    endloop
  endfacet
  facet normal 0.684547105928689 -0.7289686274214112 0
    outer loop
      vertex 9.112107842767646 -8.556838824108606 1.2000000000000002
      vertex 7.967799871858625 -9.631415534697362 0
      vertex 9.112107842767646 -8.556838824108606 0
    endloop
  endfacet
  facet normal 0.7705132427757891 -0.6374239897486897 0
    outer loop
      vertex 10.112712429686843 -7.347315653655914 1.2000000000000002
      vertex 9.112107842767646 -8.556838824108606 0
      vertex 10.112712429686843 -7.347315653655914 0
    endloop
  endfacet
  facet normal 0.7705132427757891 -0.6374239897486897 0
    outer loop
      vertex 9.112107842767646 -8.556838824108606 1.2000000000000002
      vertex 9.112107842767646 -8.556838824108606 0
      vertex 10.112712429686843 -7.347315653655914 1.2000000000000002
    endloop
  endfacet
  facet normal 0.8443279255020152 -0.5358267949789965 0
    outer loop
      vertex 10.112712429686843 -7.347315653655914 1.2000000000000002
      vertex 10.112712429686843 -7.347315653655914 0
      vertex 10.953833500548294 -6.021920926271442 1.2000000000000002
    endloop
  endfacet
  facet normal 0.8443279255020152 -0.5358267949789965 0
    outer loop
      vertex 10.953833500548294 -6.021920926271442 1.2000000000000002
      vertex 10.112712429686843 -7.347315653655914 0
      vertex 10.953833500548294 -6.021920926271442 0
    endloop
  endfacet
  facet normal 0.9048270524660195 -0.42577929156507266 0
    outer loop
      vertex 10.953833500548294 -6.021920926271442 1.2000000000000002
      vertex 10.953833500548294 -6.021920926271442 0
      vertex 11.62220607360314 -4.6015569085584795 1.2000000000000002
    endloop
  endfacet
  facet normal 0.9048270524660195 -0.42577929156507266 0
    outer loop
      vertex 11.62220607360314 -4.6015569085584795 1.2000000000000002
      vertex 10.953833500548294 -6.021920926271442 0
      vertex 11.62220607360314 -4.6015569085584795 0
    endloop
  endfacet
  facet normal 0.9510565162951534 -0.30901699437494795 0
    outer loop
      vertex 12.10728951410789 -3.1086235895606804 1.2000000000000002
      vertex 11.62220607360314 -4.6015569085584795 0
      vertex 12.10728951410789 -3.1086235895606804 0
    endloop
  endfacet
  facet normal 0.9510565162951534 -0.30901699437494795 0
    outer loop
      vertex 11.62220607360314 -4.6015569085584795 1.2000000000000002
      vertex 11.62220607360314 -4.6015569085584795 0
      vertex 12.10728951410789 -3.1086235895606804 1.2000000000000002
    endloop
  endfacet
  facet normal 0.9822872507286887 -0.18738131458572407 0
    outer loop
      vertex 12.401433766430973 -1.5666654195538008 1.2000000000000002
      vertex 12.10728951410789 -3.1086235895606804 0
      vertex 12.401433766430973 -1.5666654195538008 0
    endloop
  endfacet
  facet normal 0.9822872507286887 -0.18738131458572407 0
    outer loop
      vertex 12.10728951410789 -3.1086235895606804 1.2000000000000002
      vertex 12.10728951410789 -3.1086235895606804 0
      vertex 12.401433766430973 -1.5666654195538008 1.2000000000000002
    endloop
  endfacet
  facet normal 0.9980267284282716 -0.0627905195293135 0
    outer loop
      vertex 12.5 0 1.2000000000000002
      vertex 12.401433766430973 -1.5666654195538008 0
      vertex 12.5 0 0
    endloop
  endfacet
  facet normal 0.9980267284282716 -0.0627905195293135 0
    outer loop
      vertex 12.401433766430973 -1.5666654195538008 1.2000000000000002
      vertex 12.401433766430973 -1.5666654195538008 0
      vertex 12.5 0 1.2000000000000002
    endloop
  endfacet
  facet normal 0.12533323356430356 0.9921147013144779 5.797826735575512e-17
    outer loop
      vertex 0.784881494116415 12.475334105353394 1.2000000000000002
      vertex 2.342266432321557 12.278590634108609 0
      vertex 0.7848814941164155 12.475334105353394 0
    endloop
  endfacet
  facet normal 0 1 0
    outer loop
      vertex -0.784881494116416 12.475334105353394 1.2000000000000002
      vertex 0.784881494116415 12.475334105353394 1.2000000000000002
      vertex 0.7848814941164155 12.475334105353394 0
    endloop
  endfacet
  facet normal 0.24868988716485538 0.968583161128631 0
    outer loop
      vertex 2.342266432321557 12.278590634108609 1.2000000000000002
      vertex 3.8627124296868423 11.888206453689419 1.2000000000000002
      vertex 3.8627124296868423 11.888206453689419 0
    endloop
  endfacet
  facet normal 0.24868988716485538 0.968583161128631 0
    outer loop
      vertex 2.342266432321557 12.278590634108609 1.2000000000000002
      vertex 3.8627124296868423 11.888206453689419 0
      vertex 2.342266432321557 12.278590634108609 0
    endloop
  endfacet
  facet normal 0.1253332335643035 0.9921147013144779 0
    outer loop
      vertex 0.784881494116415 12.475334105353394 1.2000000000000002
      vertex 2.342266432321557 12.278590634108609 1.2000000000000002
      vertex 2.342266432321557 12.278590634108609 0
    endloop
  endfacet
  facet normal 0.36812455268467714 0.9297764858882517 0
    outer loop
      vertex 3.8627124296868423 11.888206453689419 1.2000000000000002
      vertex 5.322241144563409 11.310338155825244 0
      vertex 3.8627124296868423 11.888206453689419 0
    endloop
  endfacet
  facet normal 0.36812455268467714 0.9297764858882517 0
    outer loop
      vertex 3.8627124296868423 11.888206453689419 1.2000000000000002
      vertex 5.322241144563409 11.310338155825244 1.2000000000000002
      vertex 5.322241144563409 11.310338155825244 0
    endloop
  endfacet
  facet normal 0.4817536741017151 0.8763066800438637 0
    outer loop
      vertex 5.322241144563409 11.310338155825244 1.2000000000000002
      vertex 6.697834937237459 10.554099068775189 0
      vertex 5.322241144563409 11.310338155825244 0
    endloop
  endfacet
  facet normal 0.4817536741017151 0.8763066800438637 0
    outer loop
      vertex 5.322241144563409 11.310338155825244 1.2000000000000002
      vertex 6.697834937237459 10.554099068775189 1.2000000000000002
      vertex 6.697834937237459 10.554099068775189 0
    endloop
  endfacet
  facet normal 0.9980267284282716 0.0627905195293134 0
    outer loop
      vertex 12.401433766430973 1.5666654195538032 1.2000000000000002
      vertex 12.5 0 0
      vertex 12.401433766430973 1.5666654195538032 0
    endloop
  endfacet
  facet normal 0.9980267284282716 0.06279051952931343 0
    outer loop
      vertex 12.5 0 1.2000000000000002
      vertex 12.5 0 0
      vertex 12.483572294405162 0.2611109032589671 1.2000000000000002
    endloop
  endfacet
  facet normal 0.9980267284282716 0.0627905195293134 6.630517430900866e-18
    outer loop
      vertex 12.483572294405162 0.2611109032589671 1.2000000000000002
      vertex 12.5 0 0
      vertex 12.401433766430973 1.5666654195538032 1.2000000000000002
    endloop
  endfacet
  facet normal 0.9980267284282716 0.0627905195293134 -1.7681379815735657e-17
    outer loop
      vertex 12.483572294405162 0.2611109032589671 1.2000000000000002
      vertex 12.401433766430973 1.5666654195538032 1.2000000000000002
      vertex 12.41786147202581 1.305554516294836 1.7999999999999998
    endloop
  endfacet
  facet normal 0.9822872507286886 0.18738131458572496 0
    outer loop
      vertex 12.107289514107888 3.108623589560685 1.2000000000000002
      vertex 12.401433766430973 1.5666654195538032 0
      vertex 12.107289514107888 3.108623589560685 0
    endloop
  endfacet
  facet normal 0.9822872507286886 0.18738131458572496 0
    outer loop
      vertex 12.401433766430973 1.5666654195538032 1.2000000000000002
      vertex 12.401433766430973 1.5666654195538032 0
      vertex 12.107289514107888 3.108623589560685 1.2000000000000002
    endloop
  endfacet
  facet normal 0.9980267284282716 0.0627905195293134 -1.7681379815735657e-17
    outer loop
      vertex 12.483572294405162 0.2611109032589671 1.2000000000000002
      vertex 12.41786147202581 1.305554516294836 1.7999999999999998
      vertex 12.5 0 1.7999999999999998
    endloop
  endfacet
  facet normal 0.9510565162951536 0.30901699437494756 0
    outer loop
      vertex 11.622206073603142 4.601556908558475 1.2000000000000002
      vertex 12.107289514107888 3.108623589560685 0
      vertex 11.622206073603142 4.601556908558475 0
    endloop
  endfacet
  facet normal 0.9510565162951536 0.30901699437494756 0
    outer loop
      vertex 12.107289514107888 3.108623589560685 1.2000000000000002
      vertex 12.107289514107888 3.108623589560685 0
      vertex 11.622206073603142 4.601556908558475 1.2000000000000002
    endloop
  endfacet
  facet normal 0.9048270524660199 0.42577929156507177 0
    outer loop
      vertex 10.953833500548296 6.0219209262714415 1.2000000000000002
      vertex 11.622206073603142 4.601556908558475 1.2000000000000002
      vertex 11.622206073603142 4.601556908558475 0
    endloop
  endfacet
  facet normal 0.9048270524660199 0.42577929156507177 0
    outer loop
      vertex 10.953833500548296 6.0219209262714415 1.2000000000000002
      vertex 11.622206073603142 4.601556908558475 0
      vertex 10.953833500548296 6.0219209262714415 0
    endloop
  endfacet
  facet normal 0.8443279255020147 0.5358267949789971 0
    outer loop
      vertex 10.953833500548296 6.0219209262714415 1.2000000000000002
      vertex 10.953833500548296 6.0219209262714415 0
      vertex 10.112712429686843 7.347315653655914 1.2000000000000002
    endloop
  endfacet
  facet normal 0.5877852522924739 0.8090169943749468 0
    outer loop
      vertex 6.697834937237459 10.554099068775189 1.2000000000000002
      vertex 7.967799871858622 9.631415534697364 0
      vertex 6.697834937237459 10.554099068775189 0
    endloop
  endfacet
  facet normal 0.684547105928688 0.7289686274214121 0
    outer loop
      vertex 7.967799871858622 9.631415534697364 1.2000000000000002
      vertex 9.112107842767644 8.55683882410861 0
      vertex 7.967799871858622 9.631415534697364 0
    endloop
  endfacet
  facet normal 0.5877852522924739 0.8090169943749468 0
    outer loop
      vertex 6.697834937237459 10.554099068775189 1.2000000000000002
      vertex 7.967799871858622 9.631415534697364 1.2000000000000002
      vertex 7.967799871858622 9.631415534697364 0
    endloop
  endfacet
  facet normal 0.6845471059286878 0.7289686274214123 8.487062311553131e-16
    outer loop
      vertex 8.92138984761614 8.73593494254007 1.2000000000000002
      vertex 7.967799871858622 9.631415534697364 1.2000000000000002
      vertex 8.158517867010126 9.452319416265905 1.7999999999999998
    endloop
  endfacet
  facet normal 0.7705132427757895 0.6374239897486893 0
    outer loop
      vertex 9.112107842767644 8.55683882410861 1.2000000000000002
      vertex 10.112712429686843 7.347315653655914 0
      vertex 9.112107842767644 8.55683882410861 0
    endloop
  endfacet
  facet normal 0.6845471059286893 0.728968627421411 0
    outer loop
      vertex 8.92138984761614 8.73593494254007 1.2000000000000002
      vertex 9.112107842767644 8.55683882410861 1.2000000000000002
      vertex 9.112107842767644 8.55683882410861 0
    endloop
  endfacet
  facet normal 0.7705132427757895 0.6374239897486893 0
    outer loop
      vertex 9.112107842767644 8.55683882410861 1.2000000000000002
      vertex 10.112712429686843 7.347315653655914 1.2000000000000002
      vertex 10.112712429686843 7.347315653655914 0
    endloop
  endfacet
  facet normal 0.684547105928688 0.7289686274214124 -4.420344953933919e-16
    outer loop
      vertex 8.92138984761614 8.73593494254007 1.2000000000000002
      vertex 9.112107842767644 8.55683882410861 0
      vertex 7.967799871858622 9.631415534697364 1.2000000000000002
    endloop
  endfacet
  facet normal 0.6845471059286878 0.7289686274214123 8.487062311553131e-16
    outer loop
      vertex 8.92138984761614 8.73593494254007 1.2000000000000002
      vertex 8.158517867010126 9.452319416265905 1.7999999999999998
      vertex 9.112107842767644 8.55683882410861 1.7999999999999998
    endloop
  endfacet
  facet normal 0.8443279255020147 0.5358267949789971 0
    outer loop
      vertex 10.112712429686843 7.347315653655914 1.2000000000000002
      vertex 10.953833500548296 6.0219209262714415 0
      vertex 10.112712429686843 7.347315653655914 0
    endloop
  endfacet
  facet normal -0.8443279255020151 -0.5358267949789965 0
    outer loop
      vertex -10.112712429686843 -7.347315653655914 4.2
      vertex -10.112712429686843 -7.347315653655914 4.8
      vertex -10.953833500548294 -6.021920926271442 7.8
    endloop
  endfacet
  facet normal -0.587785252292471 -0.809016994374949 0
    outer loop
      vertex -7.75613904942176 -9.785196123710337 4.2
      vertex -7.96779987185862 -9.631415534697368 4.8
      vertex -7.96779987185862 -9.631415534697368 4.2
    endloop
  endfacet
  facet normal -0.7705132427757891 -0.6374239897486897 0
    outer loop
      vertex -10.112712429686843 -7.347315653655914 4.8
      vertex -9.112107842767646 -8.556838824108606 4.8
      vertex -9.112107842767646 -8.556838824108606 7.8
    endloop
  endfacet
  facet normal -0.6845471059286893 -0.7289686274214109 0
    outer loop
      vertex -7.96779987185862 -9.631415534697368 4.8
      vertex -7.96779987185862 -9.631415534697368 7.8
      vertex -9.112107842767646 -8.556838824108606 4.8
    endloop
  endfacet
  facet normal -0.5877852522924728 -0.8090169943749477 0
    outer loop
      vertex -6.90949575967432 -10.400318479762218 4.8
      vertex -7.96779987185862 -9.631415534697368 7.8
      vertex -7.96779987185862 -9.631415534697368 4.8
    endloop
  endfacet
  facet normal -0.8443279255020149 -0.535826794978997 1.2730593467329686e-15
    outer loop
      vertex -10.112712429686843 -7.347315653655914 4.2
      vertex -10.953833500548294 -6.021920926271442 4.8
      vertex -10.81364665540472 -6.242820047502188 4.2
    endloop
  endfacet
  facet normal -0.8443279255020152 -0.5358267949789965 0
    outer loop
      vertex -10.112712429686843 -7.347315653655914 4.2
      vertex -10.953833500548294 -6.021920926271442 7.8
      vertex -10.953833500548294 -6.021920926271442 4.8
    endloop
  endfacet
  facet normal -0.9048270524660194 -0.42577929156507294 0
    outer loop
      vertex -11.622206073603143 -4.601556908558473 4.8
      vertex -10.953833500548294 -6.021920926271442 4.8
      vertex -10.953833500548294 -6.021920926271442 7.8
    endloop
  endfacet
  facet normal -0.9510565162951538 -0.309016994374947 0
    outer loop
      vertex -11.622206073603143 -4.601556908558473 4.8
      vertex -11.622206073603143 -4.601556908558473 7.8
      vertex -12.107289514107888 -3.1086235895606857 4.8
    endloop
  endfacet
  facet normal -0.9822872507286887 -0.18738131458572457 0
    outer loop
      vertex -12.107289514107888 -3.1086235895606857 4.2
      vertex -12.401433766430973 -1.5666654195538008 4.8
      vertex -12.401433766430973 -1.5666654195538008 4.2
    endloop
  endfacet
  facet normal -0.9822872507286887 -0.18738131458572457 0
    outer loop
      vertex -12.107289514107888 -3.1086235895606857 4.2
      vertex -12.107289514107888 -3.1086235895606857 4.8
      vertex -12.401433766430973 -1.5666654195538008 7.8
    endloop
  endfacet
  facet normal -0.9822872507286888 -0.1873813145857246 0
    outer loop
      vertex -12.107289514107888 -3.1086235895606857 4.2
      vertex -12.401433766430973 -1.5666654195538008 7.8
      vertex -12.401433766430973 -1.5666654195538008 4.8
    endloop
  endfacet
  facet normal -0.9980267284282716 -0.0627905195293135 0
    outer loop
      vertex -12.401433766430973 -1.5666654195538008 4.8
      vertex -12.401433766430973 -1.5666654195538008 7.8
      vertex -12.5 0 4.8
    endloop
  endfacet
  facet normal -0.587785252292471 -0.809016994374949 0
    outer loop
      vertex -6.90949575967432 -10.400318479762218 4.8
      vertex -6.6978349372374595 -10.554099068775187 4.2
      vertex -6.6978349372374595 -10.554099068775187 4.8
    endloop
  endfacet
  facet normal -0.587785252292471 -0.809016994374949 0
    outer loop
      vertex -6.90949575967432 -10.400318479762218 4.8
      vertex -6.6978349372374595 -10.554099068775187 4.8
      vertex -6.6978349372374595 -10.554099068775187 7.8
    endloop
  endfacet
  facet normal -0.48175367410171477 -0.8763066800438639 0
    outer loop
      vertex -6.6978349372374595 -10.554099068775187 4.8
      vertex -5.322241144563406 -11.310338155825244 4.8
      vertex -5.322241144563406 -11.310338155825244 7.8
    endloop
  endfacet
  facet normal -0.368124552684678 -0.9297764858882516 0
    outer loop
      vertex -5.322241144563406 -11.310338155825244 4.8
      vertex -3.8627124296868423 -11.888206453689419 4.8
      vertex -3.8627124296868423 -11.888206453689419 7.8
    endloop
  endfacet
  facet normal -0.24868988716485482 -0.9685831611286312 0
    outer loop
      vertex -3.8627124296868423 -11.888206453689419 4.2
      vertex -2.3422664323215603 -12.278590634108607 4.2
      vertex -3.8627124296868423 -11.888206453689419 4.8
    endloop
  endfacet
  facet normal 0 -1 0
    outer loop
      vertex -0.784881494116422 -12.475334105353394 4.8
      vertex -0.523254329410948 -12.475334105353394 4.2
      vertex 0.784881494116422 -12.475334105353394 4.2
    endloop
  endfacet
  facet normal -0.24868988716485482 -0.9685831611286312 0
    outer loop
      vertex -2.3422664323215603 -12.278590634108607 4.2
      vertex -2.3422664323215603 -12.278590634108607 4.8
      vertex -3.8627124296868423 -11.888206453689419 7.8
    endloop
  endfacet
  facet normal -0.24868988716485482 -0.9685831611286312 0
    outer loop
      vertex -3.8627124296868423 -11.888206453689419 4.8
      vertex -2.3422664323215603 -12.278590634108607 4.2
      vertex -3.8627124296868423 -11.888206453689419 7.8
    endloop
  endfacet
  facet normal -0.12533323356430498 -0.9921147013144779 0
    outer loop
      vertex -2.3422664323215603 -12.278590634108607 4.8
      vertex -0.784881494116422 -12.475334105353394 4.8
      vertex -0.784881494116422 -12.475334105353394 7.8
    endloop
  endfacet
  facet normal 0 -1 0
    outer loop
      vertex -0.784881494116422 -12.475334105353394 4.8
      vertex 0.784881494116422 -12.475334105353394 4.2
      vertex -0.784881494116422 -12.475334105353394 7.8
    endloop
  endfacet
  facet normal -0.8443279255020151 -0.5358267949789965 0
    outer loop
      vertex -10.112712429686843 -7.347315653655914 4.8
      vertex -10.112712429686843 -7.347315653655914 7.8
      vertex -10.953833500548294 -6.021920926271442 7.8
    endloop
  endfacet
  facet normal -0.6845471059286893 -0.7289686274214109 0
    outer loop
      vertex -9.112107842767646 -8.556838824108606 4.8
      vertex -7.96779987185862 -9.631415534697368 7.8
      vertex -9.112107842767646 -8.556838824108606 7.8
    endloop
  endfacet
  facet normal -0.7705132427757891 -0.6374239897486897 0
    outer loop
      vertex -10.112712429686843 -7.347315653655914 4.8
      vertex -9.112107842767646 -8.556838824108606 7.8
      vertex -10.112712429686843 -7.347315653655914 7.8
    endloop
  endfacet
  facet normal -0.5877852522924725 -0.8090169943749479 1.6502621161353317e-16
    outer loop
      vertex -6.90949575967432 -10.400318479762218 4.8
      vertex -6.6978349372374595 -10.554099068775187 7.8
      vertex -7.96779987185862 -9.631415534697368 7.8
    endloop
  endfacet
  facet normal -0.9048270524660194 -0.42577929156507294 0
    outer loop
      vertex -11.622206073603143 -4.601556908558473 4.8
      vertex -10.953833500548294 -6.021920926271442 7.8
      vertex -11.622206073603143 -4.601556908558473 7.8
    endloop
  endfacet
  facet normal -0.9510565162951538 -0.309016994374947 0
    outer loop
      vertex -12.107289514107888 -3.1086235895606857 4.8
      vertex -11.622206073603143 -4.601556908558473 7.8
      vertex -12.107289514107888 -3.1086235895606857 7.8
    endloop
  endfacet
  facet normal -0.9822872507286888 -0.1873813145857246 0
    outer loop
      vertex -12.107289514107888 -3.1086235895606857 4.8
      vertex -12.107289514107888 -3.1086235895606857 7.8
      vertex -12.401433766430973 -1.5666654195538008 7.8
    endloop
  endfacet
  facet normal -0.9980267284282716 -0.0627905195293135 0
    outer loop
      vertex -12.401433766430973 -1.5666654195538008 7.8
      vertex -12.5 0 7.8
      vertex -12.5 0 4.8
    endloop
  endfacet
  facet normal -0.48175367410171477 -0.8763066800438639 0
    outer loop
      vertex -6.6978349372374595 -10.554099068775187 4.8
      vertex -5.322241144563406 -11.310338155825244 7.8
      vertex -6.6978349372374595 -10.554099068775187 7.8
    endloop
  endfacet
  facet normal -0.368124552684678 -0.9297764858882516 0
    outer loop
      vertex -5.322241144563406 -11.310338155825244 4.8
      vertex -3.8627124296868423 -11.888206453689419 7.8
      vertex -5.322241144563406 -11.310338155825244 7.8
    endloop
  endfacet
  facet normal -0.24868988716485482 -0.9685831611286312 0
    outer loop
      vertex -2.3422664323215603 -12.278590634108607 4.8
      vertex -2.3422664323215603 -12.278590634108607 7.8
      vertex -3.8627124296868423 -11.888206453689419 7.8
    endloop
  endfacet
  facet normal -0.12533323356430498 -0.9921147013144779 0
    outer loop
      vertex -2.3422664323215603 -12.278590634108607 4.8
      vertex -0.784881494116422 -12.475334105353394 7.8
      vertex -2.3422664323215603 -12.278590634108607 7.8
    endloop
  endfacet
  facet normal -0.9822872507286885 0.18738131458572552 0
    outer loop
      vertex -12.156313556161736 2.8516305612262047 4.2
      vertex -12.107289514107888 3.1086235895606857 4.8
      vertex -12.107289514107888 3.1086235895606857 4.2
    endloop
  endfacet
  facet normal -0.9980267284282716 0.0627905195293135 0
    outer loop
      vertex -12.5 0 4.8
      vertex -12.5 0 7.8
      vertex -12.401433766430973 1.5666654195538008 4.8
    endloop
  endfacet
  facet normal -0.9822872507286888 0.1873813145857246 0
    outer loop
      vertex -12.401433766430973 1.5666654195538008 4.8
      vertex -12.401433766430973 1.5666654195538008 7.8
      vertex -12.107289514107888 3.1086235895606857 4.8
    endloop
  endfacet
  facet normal -0.9510565162951538 0.309016994374947 0
    outer loop
      vertex -12.107289514107888 3.1086235895606857 4.8
      vertex -12.107289514107888 3.1086235895606857 7.8
      vertex -11.622206073603143 4.601556908558473 4.8
    endloop
  endfacet
  facet normal -0.9048270524660194 0.42577929156507294 0
    outer loop
      vertex -11.622206073603143 4.601556908558473 4.8
      vertex -11.622206073603143 4.601556908558473 7.8
      vertex -10.953833500548294 6.021920926271442 4.8
    endloop
  endfacet
  facet normal -0.8443279255020151 0.5358267949789965 0
    outer loop
      vertex -10.953833500548294 6.021920926271442 4.8
      vertex -10.953833500548294 6.021920926271442 7.8
      vertex -10.112712429686843 7.347315653655914 4.8
    endloop
  endfacet
  facet normal -0.7705132427757891 0.6374239897486897 0
    outer loop
      vertex -10.112712429686843 7.347315653655914 4.8
      vertex -10.112712429686843 7.347315653655914 7.8
      vertex -9.112107842767646 8.556838824108606 4.8
    endloop
  endfacet
  facet normal -0.6845471059286893 0.7289686274214109 0
    outer loop
      vertex -9.112107842767646 8.556838824108606 4.8
      vertex -9.112107842767646 8.556838824108606 7.8
      vertex -7.96779987185862 9.631415534697368 4.8
    endloop
  endfacet
  facet normal -0.5877852522924725 0.8090169943749479 0
    outer loop
      vertex -7.96779987185862 9.631415534697368 4.8
      vertex -7.96779987185862 9.631415534697368 7.8
      vertex -6.6978349372374595 10.554099068775187 4.8
    endloop
  endfacet
  facet normal -0.48175367410171566 0.8763066800438634 0
    outer loop
      vertex -6.6978349372374595 10.554099068775187 4.8
      vertex -6.6978349372374595 10.554099068775187 7.8
      vertex -5.322241144563409 11.310338155825244 4.8
    endloop
  endfacet
  facet normal -0.36812455268467714 0.9297764858882517 0
    outer loop
      vertex -5.322241144563409 11.310338155825244 4.8
      vertex -5.322241144563409 11.310338155825244 7.8
      vertex -3.8627124296868423 11.888206453689419 4.8
    endloop
  endfacet
  facet normal -0.24868988716485538 0.968583161128631 0
    outer loop
      vertex -3.8627124296868423 11.888206453689419 4.2
      vertex -2.342266432321557 12.278590634108609 4.8
      vertex -2.342266432321557 12.278590634108609 4.2
    endloop
  endfacet
  facet normal -0.24868988716485538 0.968583161128631 0
    outer loop
      vertex -3.8627124296868423 11.888206453689419 4.2
      vertex -3.8627124296868423 11.888206453689419 4.8
      vertex -2.342266432321557 12.278590634108609 7.8
    endloop
  endfacet
  facet normal -0.24868988716485538 0.9685831611286311 0
    outer loop
      vertex -3.8627124296868423 11.888206453689419 4.2
      vertex -2.342266432321557 12.278590634108609 7.8
      vertex -2.342266432321557 12.278590634108609 4.8
    endloop
  endfacet
  facet normal -0.12533323356430354 0.9921147013144779 0
    outer loop
      vertex -2.342266432321557 12.278590634108609 4.8
      vertex -2.342266432321557 12.278590634108609 7.8
      vertex -0.784881494116415 12.475334105353394 4.8
    endloop
  endfacet
  facet normal 0 1 0
    outer loop
      vertex -0.784881494116415 12.475334105353394 4.8
      vertex -0.784881494116415 12.475334105353394 7.8
      vertex 0.784881494116416 12.475334105353394 4.8
    endloop
  endfacet
  facet normal -0.9980267284282716 0.0627905195293135 0
    outer loop
      vertex -12.401433766430973 1.5666654195538008 4.8
      vertex -12.5 0 7.8
      vertex -12.401433766430973 1.5666654195538008 7.8
    endloop
  endfacet
  facet normal -0.9822872507286888 0.1873813145857246 0
    outer loop
      vertex -12.107289514107888 3.1086235895606857 4.8
      vertex -12.401433766430973 1.5666654195538008 7.8
      vertex -12.107289514107888 3.1086235895606857 7.8
    endloop
  endfacet
  facet normal -0.9510565162951538 0.309016994374947 0
    outer loop
      vertex -11.622206073603143 4.601556908558473 4.8
      vertex -12.107289514107888 3.1086235895606857 7.8
      vertex -11.622206073603143 4.601556908558473 7.8
    endloop
  endfacet
  facet normal -0.9048270524660194 0.42577929156507294 0
    outer loop
      vertex -10.953833500548294 6.021920926271442 4.8
      vertex -11.622206073603143 4.601556908558473 7.8
      vertex -10.953833500548294 6.021920926271442 7.8
    endloop
  endfacet
  facet normal -0.8443279255020151 0.5358267949789965 0
    outer loop
      vertex -10.112712429686843 7.347315653655914 4.8
      vertex -10.953833500548294 6.021920926271442 7.8
      vertex -10.112712429686843 7.347315653655914 7.8
    endloop
  endfacet
  facet normal -0.7705132427757891 0.6374239897486897 0
    outer loop
      vertex -9.112107842767646 8.556838824108606 4.8
      vertex -10.112712429686843 7.347315653655914 7.8
      vertex -9.112107842767646 8.556838824108606 7.8
    endloop
  endfacet
  facet normal -0.6845471059286893 0.7289686274214109 0
    outer loop
      vertex -7.96779987185862 9.631415534697368 4.8
      vertex -9.112107842767646 8.556838824108606 7.8
      vertex -7.96779987185862 9.631415534697368 7.8
    endloop
  endfacet
  facet normal -0.5877852522924725 0.8090169943749479 0
    outer loop
      vertex -6.6978349372374595 10.554099068775187 4.8
      vertex -7.96779987185862 9.631415534697368 7.8
      vertex -6.6978349372374595 10.554099068775187 7.8
    endloop
  endfacet
  facet normal -0.48175367410171566 0.8763066800438634 0
    outer loop
      vertex -5.322241144563409 11.310338155825244 4.8
      vertex -6.6978349372374595 10.554099068775187 7.8
      vertex -5.322241144563409 11.310338155825244 7.8
    endloop
  endfacet
  facet normal -0.36812455268467714 0.9297764858882517 0
    outer loop
      vertex -3.8627124296868423 11.888206453689419 4.8
      vertex -5.322241144563409 11.310338155825244 7.8
      vertex -3.8627124296868423 11.888206453689419 7.8
    endloop
  endfacet
  facet normal -0.24868988716485538 0.9685831611286311 0
    outer loop
      vertex -3.8627124296868423 11.888206453689419 4.8
      vertex -3.8627124296868423 11.888206453689419 7.8
      vertex -2.342266432321557 12.278590634108609 7.8
    endloop
  endfacet
  facet normal -0.12533323356430354 0.9921147013144779 0
    outer loop
      vertex -0.784881494116415 12.475334105353394 4.8
      vertex -2.342266432321557 12.278590634108609 7.8
      vertex -0.784881494116415 12.475334105353394 7.8
    endloop
  endfacet
  facet normal 0 -1 0
    outer loop
      vertex -0.784881494116422 -12.475334105353394 7.8
      vertex 0.784881494116422 -12.475334105353394 4.2
      vertex 0.784881494116422 -12.475334105353394 4.8
    endloop
  endfacet
  facet normal 0.12533323356430498 -0.9921147013144779 0
    outer loop
      vertex 0.784881494116422 -12.475334105353394 4.8
      vertex 2.3422664323215603 -12.278590634108607 4.8
      vertex 2.3422664323215603 -12.278590634108607 7.8
    endloop
  endfacet
  facet normal 0.24868988716485482 -0.9685831611286312 0
    outer loop
      vertex 2.3422664323215603 -12.278590634108607 4.8
      vertex 3.8627124296868423 -11.888206453689419 4.8
      vertex 3.8627124296868423 -11.888206453689419 7.8
    endloop
  endfacet
  facet normal 0.368124552684678 -0.9297764858882516 0
    outer loop
      vertex 3.8627124296868423 -11.888206453689419 4.8
      vertex 5.322241144563406 -11.310338155825244 4.8
      vertex 5.322241144563406 -11.310338155825244 7.8
    endloop
  endfacet
  facet normal 0.4817536741017149 -0.8763066800438637 0
    outer loop
      vertex 5.322241144563406 -11.310338155825244 4.8
      vertex 6.697834937237452 -10.55409906877519 4.8
      vertex 6.697834937237452 -10.55409906877519 7.8
    endloop
  endfacet
  facet normal 0.5877852522924727 -0.8090169943749477 3.182648366832397e-16
    outer loop
      vertex 6.697834937237452 -10.55409906877519 4.8
      vertex 6.909495759674314 -10.40031847976222 4.2
      vertex 7.967799871858625 -9.631415534697362 4.2
    endloop
  endfacet
  facet normal 0.5877852522924727 -0.8090169943749478 0
    outer loop
      vertex 6.697834937237452 -10.55409906877519 4.8
      vertex 7.967799871858625 -9.631415534697362 4.2
      vertex 6.697834937237452 -10.55409906877519 7.8
    endloop
  endfacet
  facet normal 0.5877852522924727 -0.8090169943749478 0
    outer loop
      vertex 7.967799871858625 -9.631415534697362 4.2
      vertex 7.967799871858625 -9.631415534697362 4.8
      vertex 6.697834937237452 -10.55409906877519 7.8
    endloop
  endfacet
  facet normal 0.6845471059286888 -0.7289686274214112 0
    outer loop
      vertex 7.967799871858625 -9.631415534697362 4.8
      vertex 9.112107842767646 -8.556838824108606 4.8
      vertex 9.112107842767646 -8.556838824108606 7.8
    endloop
  endfacet
  facet normal 0.7705132427757891 -0.6374239897486897 0
    outer loop
      vertex 9.112107842767646 -8.556838824108606 4.8
      vertex 10.112712429686843 -7.347315653655914 4.8
      vertex 10.112712429686843 -7.347315653655914 7.8
    endloop
  endfacet
  facet normal 0.8443279255020151 -0.5358267949789965 0
    outer loop
      vertex 10.112712429686843 -7.347315653655914 4.8
      vertex 10.953833500548294 -6.021920926271442 4.8
      vertex 10.953833500548294 -6.021920926271442 7.8
    endloop
  endfacet
  facet normal 0.9048270524660196 -0.42577929156507266 0
    outer loop
      vertex 10.953833500548294 -6.021920926271442 4.8
      vertex 11.62220607360314 -4.6015569085584795 4.8
      vertex 11.62220607360314 -4.6015569085584795 7.8
    endloop
  endfacet
  facet normal 0.9510565162951534 -0.30901699437494795 0
    outer loop
      vertex 11.62220607360314 -4.6015569085584795 4.8
      vertex 12.10728951410789 -3.1086235895606804 4.8
      vertex 12.10728951410789 -3.1086235895606804 7.8
    endloop
  endfacet
  facet normal 0.9822872507286887 -0.1873813145857241 0
    outer loop
      vertex 12.10728951410789 -3.1086235895606804 4.8
      vertex 12.401433766430973 -1.5666654195538008 4.8
      vertex 12.401433766430973 -1.5666654195538008 7.8
    endloop
  endfacet
  facet normal 0.9980267284282716 -0.0627905195293135 0
    outer loop
      vertex 12.401433766430973 -1.5666654195538008 4.8
      vertex 12.5 0 4.8
      vertex 12.5 0 7.8
    endloop
  endfacet
  facet normal 0 -1 0
    outer loop
      vertex -0.784881494116422 -12.475334105353394 7.8
      vertex 0.784881494116422 -12.475334105353394 4.8
      vertex 0.784881494116422 -12.475334105353394 7.8
    endloop
  endfacet
  facet normal 0.12533323356430498 -0.9921147013144779 0
    outer loop
      vertex 0.784881494116422 -12.475334105353394 4.8
      vertex 2.3422664323215603 -12.278590634108607 7.8
      vertex 0.784881494116422 -12.475334105353394 7.8
    endloop
  endfacet
  facet normal 0.24868988716485482 -0.9685831611286312 0
    outer loop
      vertex 2.3422664323215603 -12.278590634108607 4.8
      vertex 3.8627124296868423 -11.888206453689419 7.8
      vertex 2.3422664323215603 -12.278590634108607 7.8
    endloop
  endfacet
  facet normal 0.368124552684678 -0.9297764858882516 0
    outer loop
      vertex 3.8627124296868423 -11.888206453689419 4.8
      vertex 5.322241144563406 -11.310338155825244 7.8
      vertex 3.8627124296868423 -11.888206453689419 7.8
    endloop
  endfacet
  facet normal 0.4817536741017149 -0.8763066800438637 0
    outer loop
      vertex 5.322241144563406 -11.310338155825244 4.8
      vertex 6.697834937237452 -10.55409906877519 7.8
      vertex 5.322241144563406 -11.310338155825244 7.8
    endloop
  endfacet
  facet normal 0.5877852522924727 -0.8090169943749478 0
    outer loop
      vertex 7.967799871858625 -9.631415534697362 4.8
      vertex 7.967799871858625 -9.631415534697362 7.8
      vertex 6.697834937237452 -10.55409906877519 7.8
    endloop
  endfacet
  facet normal 0.6845471059286888 -0.7289686274214112 0
    outer loop
      vertex 7.967799871858625 -9.631415534697362 4.8
      vertex 9.112107842767646 -8.556838824108606 7.8
      vertex 7.967799871858625 -9.631415534697362 7.8
    endloop
  endfacet
  facet normal 0.7705132427757891 -0.6374239897486897 0
    outer loop
      vertex 9.112107842767646 -8.556838824108606 4.8
      vertex 10.112712429686843 -7.347315653655914 7.8
      vertex 9.112107842767646 -8.556838824108606 7.8
    endloop
  endfacet
  facet normal 0.8443279255020151 -0.5358267949789965 0
    outer loop
      vertex 10.112712429686843 -7.347315653655914 4.8
      vertex 10.953833500548294 -6.021920926271442 7.8
      vertex 10.112712429686843 -7.347315653655914 7.8
    endloop
  endfacet
  facet normal 0.9048270524660196 -0.42577929156507266 0
    outer loop
      vertex 10.953833500548294 -6.021920926271442 4.8
      vertex 11.62220607360314 -4.6015569085584795 7.8
      vertex 10.953833500548294 -6.021920926271442 7.8
    endloop
  endfacet
  facet normal 0.9510565162951534 -0.30901699437494795 0
    outer loop
      vertex 11.62220607360314 -4.6015569085584795 4.8
      vertex 12.10728951410789 -3.1086235895606804 7.8
      vertex 11.62220607360314 -4.6015569085584795 7.8
    endloop
  endfacet
  facet normal 0.9822872507286887 -0.1873813145857241 0
    outer loop
      vertex 12.10728951410789 -3.1086235895606804 4.8
      vertex 12.401433766430973 -1.5666654195538008 7.8
      vertex 12.10728951410789 -3.1086235895606804 7.8
    endloop
  endfacet
  facet normal 0.9980267284282716 -0.0627905195293135 0
    outer loop
      vertex 12.401433766430973 -1.5666654195538008 4.8
      vertex 12.5 0 7.8
      vertex 12.401433766430973 -1.5666654195538008 7.8
    endloop
  endfacet
  facet normal 0.12533323356430362 0.9921147013144779 0
    outer loop
      vertex 0.784881494116416 12.475334105353394 4.8
      vertex 0.784881494116416 12.475334105353394 7.8
      vertex 2.342266432321557 12.278590634108609 4.8
    endloop
  endfacet
  facet normal 0.24868988716485538 0.9685831611286311 0
    outer loop
      vertex 2.342266432321557 12.278590634108609 4.8
      vertex 2.342266432321557 12.278590634108609 7.8
      vertex 3.8627124296868423 11.888206453689419 4.8
    endloop
  endfacet
  facet normal 0.36812455268467714 0.9297764858882517 0
    outer loop
      vertex 3.8627124296868423 11.888206453689419 4.8
      vertex 3.8627124296868423 11.888206453689419 7.8
      vertex 5.322241144563409 11.310338155825244 4.8
    endloop
  endfacet
  facet normal 0.4817536741017151 0.8763066800438637 0
    outer loop
      vertex 5.322241144563409 11.310338155825244 4.8
      vertex 5.322241144563409 11.310338155825244 7.8
      vertex 6.697834937237459 10.554099068775189 4.8
    endloop
  endfacet
  facet normal 0.9980267284282716 0.0627905195293134 0
    outer loop
      vertex 12.5 0 4.8
      vertex 12.401433766430973 1.5666654195538032 4.8
      vertex 12.401433766430973 1.5666654195538032 7.8
    endloop
  endfacet
  facet normal 0.9822872507286886 0.18738131458572493 0
    outer loop
      vertex 12.401433766430973 1.5666654195538032 4.8
      vertex 12.107289514107888 3.108623589560685 4.8
      vertex 12.107289514107888 3.108623589560685 7.8
    endloop
  endfacet
  facet normal 0.9510565162951535 0.30901699437494756 0
    outer loop
      vertex 12.107289514107888 3.108623589560685 4.8
      vertex 11.622206073603142 4.601556908558475 4.8
      vertex 11.622206073603142 4.601556908558475 7.8
    endloop
  endfacet
  facet normal 0.90482705246602 0.42577929156507177 0
    outer loop
      vertex 10.953833500548296 6.0219209262714415 4.8
      vertex 10.953833500548296 6.0219209262714415 7.8
      vertex 11.622206073603142 4.601556908558475 4.8
    endloop
  endfacet
  facet normal 0.5877852522924739 0.8090169943749468 0
    outer loop
      vertex 6.697834937237459 10.554099068775189 4.8
      vertex 6.697834937237459 10.554099068775189 7.8
      vertex 7.967799871858622 9.631415534697364 4.8
    endloop
  endfacet
  facet normal 0.6845471059286882 0.7289686274214122 0
    outer loop
      vertex 9.112107842767644 8.55683882410861 4.8
      vertex 7.967799871858622 9.631415534697364 4.8
      vertex 7.967799871858622 9.631415534697364 7.8
    endloop
  endfacet
  facet normal 0.7705132427757895 0.6374239897486893 0
    outer loop
      vertex 9.112107842767644 8.55683882410861 4.8
      vertex 9.112107842767644 8.55683882410861 7.8
      vertex 10.112712429686843 7.347315653655914 4.8
    endloop
  endfacet
  facet normal 0.8443279255020147 0.5358267949789971 0
    outer loop
      vertex 10.953833500548296 6.0219209262714415 4.8
      vertex 10.112712429686843 7.347315653655914 4.8
      vertex 10.112712429686843 7.347315653655914 7.8
    endloop
  endfacet
  facet normal 0 1 0
    outer loop
      vertex -0.784881494116415 12.475334105353394 7.8
      vertex 0.784881494116416 12.475334105353394 7.8
      vertex 0.784881494116416 12.475334105353394 4.8
    endloop
  endfacet
  facet normal 0.24868988716485538 0.9685831611286311 0
    outer loop
      vertex 3.8627124296868423 11.888206453689419 4.8
      vertex 2.342266432321557 12.278590634108609 7.8
      vertex 3.8627124296868423 11.888206453689419 7.8
    endloop
  endfacet
  facet normal 0.12533323356430362 0.9921147013144779 0
    outer loop
      vertex 2.342266432321557 12.278590634108609 4.8
      vertex 0.784881494116416 12.475334105353394 7.8
      vertex 2.342266432321557 12.278590634108609 7.8
    endloop
  endfacet
  facet normal 0.36812455268467714 0.9297764858882517 0
    outer loop
      vertex 5.322241144563409 11.310338155825244 4.8
      vertex 3.8627124296868423 11.888206453689419 7.8
      vertex 5.322241144563409 11.310338155825244 7.8
    endloop
  endfacet
  facet normal 0.4817536741017151 0.8763066800438637 0
    outer loop
      vertex 6.697834937237459 10.554099068775189 4.8
      vertex 5.322241144563409 11.310338155825244 7.8
      vertex 6.697834937237459 10.554099068775189 7.8
    endloop
  endfacet
  facet normal 0.9980267284282716 0.0627905195293134 0
    outer loop
      vertex 12.5 0 4.8
      vertex 12.401433766430973 1.5666654195538032 7.8
      vertex 12.5 0 7.8
    endloop
  endfacet
  facet normal 0.9822872507286886 0.18738131458572493 0
    outer loop
      vertex 12.401433766430973 1.5666654195538032 4.8
      vertex 12.107289514107888 3.108623589560685 7.8
      vertex 12.401433766430973 1.5666654195538032 7.8
    endloop
  endfacet
  facet normal 0.9510565162951535 0.30901699437494756 0
    outer loop
      vertex 12.107289514107888 3.108623589560685 4.8
      vertex 11.622206073603142 4.601556908558475 7.8
      vertex 12.107289514107888 3.108623589560685 7.8
    endloop
  endfacet
  facet normal 0.90482705246602 0.42577929156507177 0
    outer loop
      vertex 11.622206073603142 4.601556908558475 4.8
      vertex 10.953833500548296 6.0219209262714415 7.8
      vertex 11.622206073603142 4.601556908558475 7.8
    endloop
  endfacet
  facet normal 0.8443279255020147 0.5358267949789971 0
    outer loop
      vertex 10.953833500548296 6.0219209262714415 4.8
      vertex 10.112712429686843 7.347315653655914 7.8
      vertex 10.953833500548296 6.0219209262714415 7.8
    endloop
  endfacet
  facet normal 0.5877852522924739 0.8090169943749468 0
    outer loop
      vertex 7.967799871858622 9.631415534697364 4.8
      vertex 6.697834937237459 10.554099068775189 7.8
      vertex 7.967799871858622 9.631415534697364 7.8
    endloop
  endfacet
  facet normal 0.7705132427757895 0.6374239897486893 0
    outer loop
      vertex 10.112712429686843 7.347315653655914 4.8
      vertex 9.112107842767644 8.55683882410861 7.8
      vertex 10.112712429686843 7.347315653655914 7.8
    endloop
  endfacet
  facet normal 0.6845471059286882 0.7289686274214122 0
    outer loop
      vertex 9.112107842767644 8.55683882410861 4.8
      vertex 7.967799871858622 9.631415534697364 7.8
      vertex 9.112107842767644 8.55683882410861 7.8
    endloop
  endfacet
  facet normal -0.6845471059286893 -0.728968627421411 0
    outer loop
      vertex -7.96779987185862 -9.631415534697368 1.2000000000000002
      vertex -9.112107842767646 -8.556838824108606 4.8
      vertex -9.112107842767646 -8.556838824108606 1.2000000000000002
    endloop
  endfacet
  facet normal -0.7705132427757891 -0.6374239897486897 0
    outer loop
      vertex -10.112712429686843 -7.347315653655914 1.2000000000000002
      vertex -9.112107842767646 -8.556838824108606 1.2000000000000002
      vertex -10.112712429686843 -7.347315653655914 4.2
    endloop
  endfacet
  facet normal -0.5877852522924725 -0.8090169943749479 1.6502621161353317e-16
    outer loop
      vertex -7.75613904942176 -9.785196123710337 4.2
      vertex -7.96779987185862 -9.631415534697368 1.2000000000000002
      vertex -6.6978349372374595 -10.554099068775187 1.2000000000000002
    endloop
  endfacet
  facet normal -0.8443279255020149 -0.535826794978997 0
    outer loop
      vertex -10.112712429686843 -7.347315653655914 1.2000000000000002
      vertex -10.112712429686843 -7.347315653655914 4.2
      vertex -10.81364665540472 -6.242820047502188 4.2
    endloop
  endfacet
  facet normal -0.7705132427757891 -0.6374239897486897 0
    outer loop
      vertex -10.112712429686843 -7.347315653655914 4.2
      vertex -9.112107842767646 -8.556838824108606 1.2000000000000002
      vertex -10.112712429686843 -7.347315653655914 4.8
    endloop
  endfacet
  facet normal -0.7705132427757893 -0.6374239897486897 0
    outer loop
      vertex -10.112712429686843 -7.347315653655914 4.8
      vertex -9.112107842767646 -8.556838824108606 1.2000000000000002
      vertex -9.112107842767646 -8.556838824108606 4.8
    endloop
  endfacet
  facet normal -0.587785252292471 -0.809016994374949 0
    outer loop
      vertex -7.75613904942176 -9.785196123710337 4.2
      vertex -7.96779987185862 -9.631415534697368 4.2
      vertex -7.96779987185862 -9.631415534697368 1.2000000000000002
    endloop
  endfacet
  facet normal -0.6845471059286893 -0.7289686274214109 0
    outer loop
      vertex -7.96779987185862 -9.631415534697368 1.2000000000000002
      vertex -7.96779987185862 -9.631415534697368 4.2
      vertex -9.112107842767646 -8.556838824108606 4.8
    endloop
  endfacet
  facet normal -0.5877852522924728 -0.8090169943749477 0
    outer loop
      vertex -7.75613904942176 -9.785196123710337 4.2
      vertex -6.6978349372374595 -10.554099068775187 1.2000000000000002
      vertex -6.6978349372374595 -10.554099068775187 4.2
    endloop
  endfacet
  facet normal -0.5877852522924728 -0.8090169943749476 -9.54794510049728e-16
    outer loop
      vertex -6.90949575967432 -10.400318479762218 4.8
      vertex -7.75613904942176 -9.785196123710337 4.2
      vertex -6.6978349372374595 -10.554099068775187 4.2
    endloop
  endfacet
  facet normal -0.6845471059286893 -0.7289686274214109 0
    outer loop
      vertex -7.96779987185862 -9.631415534697368 4.2
      vertex -7.96779987185862 -9.631415534697368 4.8
      vertex -9.112107842767646 -8.556838824108606 4.8
    endloop
  endfacet
  facet normal -0.5877852522924727 -0.8090169943749477 -8.487062311553137e-16
    outer loop
      vertex -6.90949575967432 -10.400318479762218 4.8
      vertex -7.96779987185862 -9.631415534697368 4.8
      vertex -7.75613904942176 -9.785196123710337 4.2
    endloop
  endfacet
  facet normal -0.8443279255020151 -0.5358267949789965 -2.1217655778882797e-16
    outer loop
      vertex -10.112712429686843 -7.347315653655914 1.2000000000000002
      vertex -10.81364665540472 -6.242820047502188 4.2
      vertex -10.953833500548294 -6.021920926271442 1.2000000000000002
    endloop
  endfacet
  facet normal -0.9510565162951538 -0.309016994374947 0
    outer loop
      vertex -11.622206073603143 -4.601556908558473 1.2000000000000002
      vertex -12.107289514107888 -3.1086235895606857 4.2
      vertex -12.107289514107888 -3.1086235895606857 1.2000000000000002
    endloop
  endfacet
  facet normal -0.9048270524660194 -0.4257792915650729 0
    outer loop
      vertex -11.622206073603143 -4.601556908558473 1.2000000000000002
      vertex -10.953833500548294 -6.021920926271442 1.2000000000000002
      vertex -11.622206073603143 -4.601556908558473 4.8
    endloop
  endfacet
  facet normal -0.9822872507286888 -0.1873813145857246 0
    outer loop
      vertex -12.107289514107888 -3.1086235895606857 1.2000000000000002
      vertex -12.401433766430973 -1.5666654195538008 4.2
      vertex -12.401433766430973 -1.5666654195538008 1.2000000000000002
    endloop
  endfacet
  facet normal -0.9980267284282716 -0.0627905195293135 0
    outer loop
      vertex -12.401433766430973 -1.5666654195538008 1.2000000000000002
      vertex -12.5 0 4.8
      vertex -12.5 0 1.2000000000000002
    endloop
  endfacet
  facet normal -0.8443279255020164 -0.5358267949789944 0
    outer loop
      vertex -10.953833500548294 -6.021920926271442 1.2000000000000002
      vertex -10.81364665540472 -6.242820047502188 4.2
      vertex -10.953833500548294 -6.021920926271442 4.8
    endloop
  endfacet
  facet normal -0.9048270524660194 -0.4257792915650729 0
    outer loop
      vertex -11.622206073603143 -4.601556908558473 4.8
      vertex -10.953833500548294 -6.021920926271442 1.2000000000000002
      vertex -10.953833500548294 -6.021920926271442 4.8
    endloop
  endfacet
  facet normal -0.9510565162951538 -0.309016994374947 0
    outer loop
      vertex -11.622206073603143 -4.601556908558473 1.2000000000000002
      vertex -11.622206073603143 -4.601556908558473 4.8
      vertex -12.107289514107888 -3.1086235895606857 4.8
    endloop
  endfacet
  facet normal -0.9510565162951538 -0.3090169943749472 0
    outer loop
      vertex -11.622206073603143 -4.601556908558473 1.2000000000000002
      vertex -12.107289514107888 -3.1086235895606857 4.8
      vertex -12.107289514107888 -3.1086235895606857 4.2
    endloop
  endfacet
  facet normal -0.9822872507286888 -0.1873813145857246 0
    outer loop
      vertex -12.107289514107888 -3.1086235895606857 1.2000000000000002
      vertex -12.107289514107888 -3.1086235895606857 4.2
      vertex -12.401433766430973 -1.5666654195538008 4.2
    endloop
  endfacet
  facet normal -0.9980267284282716 -0.0627905195293135 0
    outer loop
      vertex -12.401433766430973 -1.5666654195538008 1.2000000000000002
      vertex -12.401433766430973 -1.5666654195538008 4.2
      vertex -12.5 0 4.8
    endloop
  endfacet
  facet normal -0.9980267284282716 -0.0627905195293135 0
    outer loop
      vertex -12.401433766430973 -1.5666654195538008 4.2
      vertex -12.401433766430973 -1.5666654195538008 4.8
      vertex -12.5 0 4.8
    endloop
  endfacet
  facet normal -0.48175367410171477 -0.8763066800438639 0
    outer loop
      vertex -6.6978349372374595 -10.554099068775187 1.2000000000000002
      vertex -5.322241144563406 -11.310338155825244 1.2000000000000002
      vertex -6.6978349372374595 -10.554099068775187 4.2
    endloop
  endfacet
  facet normal -0.368124552684678 -0.9297764858882515 0
    outer loop
      vertex -5.322241144563406 -11.310338155825244 1.2000000000000002
      vertex -3.8627124296868423 -11.888206453689419 1.2000000000000002
      vertex -5.322241144563406 -11.310338155825244 4.8
    endloop
  endfacet
  facet normal -0.12533323356430498 -0.9921147013144779 0
    outer loop
      vertex -2.3422664323215603 -12.278590634108607 1.2000000000000002
      vertex -0.784881494116422 -12.475334105353394 1.2000000000000002
      vertex -2.3422664323215603 -12.278590634108607 4.2
    endloop
  endfacet
  facet normal -0.24868988716485482 -0.9685831611286312 0
    outer loop
      vertex -3.8627124296868423 -11.888206453689419 1.2000000000000002
      vertex -2.3422664323215603 -12.278590634108607 1.2000000000000002
      vertex -3.8627124296868423 -11.888206453689419 4.2
    endloop
  endfacet
  facet normal 0 -1 0
    outer loop
      vertex -0.784881494116422 -12.475334105353394 1.2000000000000002
      vertex 0.784881494116422 -12.475334105353394 1.2000000000000002
      vertex -0.523254329410948 -12.475334105353394 4.2
    endloop
  endfacet
  facet normal -0.4817536741017147 -0.8763066800438639 0
    outer loop
      vertex -6.6978349372374595 -10.554099068775187 4.2
      vertex -5.322241144563406 -11.310338155825244 1.2000000000000002
      vertex -6.6978349372374595 -10.554099068775187 4.8
    endloop
  endfacet
  facet normal -0.4817536741017147 -0.8763066800438639 0
    outer loop
      vertex -6.6978349372374595 -10.554099068775187 4.8
      vertex -5.322241144563406 -11.310338155825244 1.2000000000000002
      vertex -5.322241144563406 -11.310338155825244 4.8
    endloop
  endfacet
  facet normal -0.36812455268467803 -0.9297764858882516 0
    outer loop
      vertex -5.322241144563406 -11.310338155825244 4.8
      vertex -3.8627124296868423 -11.888206453689419 1.2000000000000002
      vertex -3.8627124296868423 -11.888206453689419 4.2
    endloop
  endfacet
  facet normal -0.3681245526846779 -0.9297764858882515 0
    outer loop
      vertex -5.322241144563406 -11.310338155825244 4.8
      vertex -3.8627124296868423 -11.888206453689419 4.2
      vertex -3.8627124296868423 -11.888206453689419 4.8
    endloop
  endfacet
  facet normal -0.24868988716485482 -0.9685831611286312 0
    outer loop
      vertex -3.8627124296868423 -11.888206453689419 4.2
      vertex -2.3422664323215603 -12.278590634108607 1.2000000000000002
      vertex -2.3422664323215603 -12.278590634108607 4.2
    endloop
  endfacet
  facet normal -0.12533323356430495 -0.9921147013144777 0
    outer loop
      vertex -2.3422664323215603 -12.278590634108607 4.2
      vertex -0.784881494116422 -12.475334105353394 1.2000000000000002
      vertex -2.3422664323215603 -12.278590634108607 4.8
    endloop
  endfacet
  facet normal -0.12533323356430495 -0.9921147013144778 0
    outer loop
      vertex -2.3422664323215603 -12.278590634108607 4.8
      vertex -0.784881494116422 -12.475334105353394 1.2000000000000002
      vertex -0.784881494116422 -12.475334105353394 4.8
    endloop
  endfacet
  facet normal 0 -1 0
    outer loop
      vertex -0.784881494116422 -12.475334105353394 1.2000000000000002
      vertex -0.523254329410948 -12.475334105353394 4.2
      vertex -0.784881494116422 -12.475334105353394 4.8
    endloop
  endfacet
  facet normal -0.9822872507286885 0.18738131458572585 0
    outer loop
      vertex -12.156313556161736 2.851630561226205 1.2000000000000002
      vertex -12.107289514107888 3.1086235895606857 1.7999999999999998
      vertex -12.107289514107888 3.1086235895606857 1.2000000000000002
    endloop
  endfacet
  facet normal -0.9980267284282716 0.0627905195293135 0
    outer loop
      vertex -12.5 0 1.2000000000000002
      vertex -12.401433766430973 1.5666654195538008 4.8
      vertex -12.401433766430973 1.5666654195538008 1.2000000000000002
    endloop
  endfacet
  facet normal -0.9822872507286884 0.18738131458572568 0
    outer loop
      vertex -12.401433766430973 1.5666654195538008 1.2000000000000002
      vertex -12.401433766430973 1.5666654195538008 4.8
      vertex -12.352409724377125 1.8236584478882816 1.7999999999999998
    endloop
  endfacet
  facet normal -0.9822872507286888 0.18738131458572435 -1.4145103852588488e-16
    outer loop
      vertex -12.352409724377125 1.8236584478882816 1.7999999999999998
      vertex -12.156313556161736 2.8516305612262047 4.2
      vertex -12.107289514107888 3.1086235895606857 1.7999999999999998
    endloop
  endfacet
  facet normal -0.9510565162951538 0.309016994374947 0
    outer loop
      vertex -12.107289514107888 3.1086235895606857 1.2000000000000002
      vertex -12.107289514107888 3.1086235895606857 1.7999999999999998
      vertex -11.622206073603143 4.601556908558473 4.8
    endloop
  endfacet
  facet normal -0.9510565162951538 0.309016994374947 0
    outer loop
      vertex -12.107289514107888 3.1086235895606857 1.2000000000000002
      vertex -11.622206073603143 4.601556908558473 4.8
      vertex -11.622206073603143 4.601556908558473 1.2000000000000002
    endloop
  endfacet
  facet normal -0.9048270524660194 0.4257792915650729 0
    outer loop
      vertex -11.622206073603143 4.601556908558473 1.2000000000000002
      vertex -10.953833500548294 6.021920926271442 4.8
      vertex -10.953833500548294 6.021920926271442 1.2000000000000002
    endloop
  endfacet
  facet normal -0.8443279255020164 0.5358267949789944 0
    outer loop
      vertex -10.953833500548294 6.021920926271442 1.2000000000000002
      vertex -10.953833500548294 6.021920926271442 4.8
      vertex -10.81364665540472 6.242820047502188 1.7999999999999998
    endloop
  endfacet
  facet normal -0.9980267284282716 0.0627905195293135 0
    outer loop
      vertex -12.5 0 1.2000000000000002
      vertex -12.5 0 4.8
      vertex -12.401433766430973 1.5666654195538008 4.8
    endloop
  endfacet
  facet normal -0.9822872507286887 0.18738131458572432 -1.2155948623318236e-16
    outer loop
      vertex -12.401433766430973 1.5666654195538008 4.8
      vertex -12.156313556161736 2.8516305612262047 4.2
      vertex -12.352409724377125 1.8236584478882816 1.7999999999999998
    endloop
  endfacet
  facet normal -0.9822872507286885 0.18738131458572552 0
    outer loop
      vertex -12.107289514107888 3.1086235895606857 1.7999999999999998
      vertex -12.156313556161736 2.8516305612262047 4.2
      vertex -12.107289514107888 3.1086235895606857 4.2
    endloop
  endfacet
  facet normal -0.9822872507286887 0.18738131458572457 4.125655290338312e-16
    outer loop
      vertex -12.401433766430973 1.5666654195538008 4.8
      vertex -12.107289514107888 3.1086235895606857 4.8
      vertex -12.156313556161736 2.8516305612262047 4.2
    endloop
  endfacet
  facet normal -0.9510565162951536 0.309016994374947 0
    outer loop
      vertex -12.107289514107888 3.1086235895606857 1.7999999999999998
      vertex -12.107289514107888 3.1086235895606857 4.2
      vertex -11.622206073603143 4.601556908558473 4.8
    endloop
  endfacet
  facet normal -0.9048270524660194 0.4257792915650729 0
    outer loop
      vertex -11.622206073603143 4.601556908558473 1.2000000000000002
      vertex -11.622206073603143 4.601556908558473 4.8
      vertex -10.953833500548294 6.021920926271442 4.8
    endloop
  endfacet
  facet normal -0.8443279255020151 0.5358267949789965 2.2396414433265177e-16
    outer loop
      vertex -10.953833500548294 6.021920926271442 4.8
      vertex -10.112712429686843 7.347315653655914 4.8
      vertex -10.81364665540472 6.242820047502188 1.7999999999999998
    endloop
  endfacet
  facet normal -0.9510565162951538 0.309016994374947 0
    outer loop
      vertex -12.107289514107888 3.1086235895606857 4.2
      vertex -12.107289514107888 3.1086235895606857 4.8
      vertex -11.622206073603143 4.601556908558473 4.8
    endloop
  endfacet
  facet normal -0.6845471059286893 0.728968627421411 0
    outer loop
      vertex -8.158517867010124 9.452319416265908 1.2000000000000002
      vertex -7.96779987185862 9.631415534697368 1.7999999999999998
      vertex -7.96779987185862 9.631415534697368 1.2000000000000002
    endloop
  endfacet
  facet normal -0.7705132427757891 0.6374239897486897 0
    outer loop
      vertex -10.112712429686843 7.347315653655914 1.2000000000000002
      vertex -10.112712429686843 7.347315653655914 1.7999999999999998
      vertex -9.112107842767646 8.556838824108606 4.8
    endloop
  endfacet
  facet normal -0.8443279255020149 0.535826794978997 0
    outer loop
      vertex -10.81364665540472 6.242820047502188 1.7999999999999998
      vertex -10.112712429686843 7.347315653655914 4.8
      vertex -10.112712429686843 7.347315653655914 1.7999999999999998
    endloop
  endfacet
  facet normal -0.7705132427757893 0.6374239897486897 0
    outer loop
      vertex -10.112712429686843 7.347315653655914 1.2000000000000002
      vertex -9.112107842767646 8.556838824108606 4.8
      vertex -9.112107842767646 8.556838824108606 1.2000000000000002
    endloop
  endfacet
  facet normal -0.6845471059286893 0.728968627421411 0
    outer loop
      vertex -9.112107842767646 8.556838824108606 1.2000000000000002
      vertex -9.112107842767646 8.556838824108606 4.8
      vertex -8.921389847616142 8.735934942540066 1.7999999999999998
    endloop
  endfacet
  facet normal -0.6845471059286893 0.7289686274214109 0
    outer loop
      vertex -8.921389847616142 8.735934942540066 1.7999999999999998
      vertex -7.96779987185862 9.631415534697368 4.8
      vertex -7.96779987185862 9.631415534697368 1.7999999999999998
    endloop
  endfacet
  facet normal -0.5877852522924725 0.8090169943749479 0
    outer loop
      vertex -7.96779987185862 9.631415534697368 1.2000000000000002
      vertex -7.96779987185862 9.631415534697368 1.7999999999999998
      vertex -6.6978349372374595 10.554099068775187 4.8
    endloop
  endfacet
  facet normal -0.5877852522924725 0.809016994374948 0
    outer loop
      vertex -7.96779987185862 9.631415534697368 1.2000000000000002
      vertex -6.6978349372374595 10.554099068775187 4.8
      vertex -6.6978349372374595 10.554099068775187 1.2000000000000002
    endloop
  endfacet
  facet normal -0.7705132427757891 0.6374239897486897 0
    outer loop
      vertex -10.112712429686843 7.347315653655914 1.7999999999999998
      vertex -10.112712429686843 7.347315653655914 4.8
      vertex -9.112107842767646 8.556838824108606 4.8
    endloop
  endfacet
  facet normal -0.6845471059286893 0.7289686274214109 -5.893793271911863e-18
    outer loop
      vertex -8.921389847616142 8.735934942540066 1.7999999999999998
      vertex -9.112107842767646 8.556838824108606 4.8
      vertex -7.96779987185862 9.631415534697368 4.8
    endloop
  endfacet
  facet normal -0.5877852522924725 0.8090169943749479 0
    outer loop
      vertex -7.96779987185862 9.631415534697368 1.7999999999999998
      vertex -7.96779987185862 9.631415534697368 4.8
      vertex -6.6978349372374595 10.554099068775187 4.8
    endloop
  endfacet
  facet normal -0.4817536741017164 0.8763066800438629 0
    outer loop
      vertex -5.551506776675751 11.184298307983568 1.2000000000000002
      vertex -5.322241144563409 11.310338155825244 1.7999999999999998
      vertex -5.322241144563409 11.310338155825244 1.2000000000000002
    endloop
  endfacet
  facet normal -0.4817536741017163 0.876306680043863 0
    outer loop
      vertex -6.6978349372374595 10.554099068775187 1.2000000000000002
      vertex -6.6978349372374595 10.554099068775187 4.8
      vertex -6.468569305125118 10.680138916616864 1.7999999999999998
    endloop
  endfacet
  facet normal -0.4817536741017156 0.8763066800438635 0
    outer loop
      vertex -6.468569305125118 10.680138916616864 1.7999999999999998
      vertex -5.322241144563409 11.310338155825244 4.8
      vertex -5.322241144563409 11.310338155825244 1.7999999999999998
    endloop
  endfacet
  facet normal -0.36812455268467714 0.9297764858882517 0
    outer loop
      vertex -5.322241144563409 11.310338155825244 1.2000000000000002
      vertex -3.8627124296868423 11.888206453689419 4.2
      vertex -3.8627124296868423 11.888206453689419 1.2000000000000002
    endloop
  endfacet
  facet normal -0.3681245526846771 0.9297764858882518 0
    outer loop
      vertex -5.322241144563409 11.310338155825244 1.2000000000000002
      vertex -5.322241144563409 11.310338155825244 1.7999999999999998
      vertex -3.8627124296868423 11.888206453689419 4.8
    endloop
  endfacet
  facet normal -0.24868988716485538 0.9685831611286311 0
    outer loop
      vertex -3.8627124296868423 11.888206453689419 1.2000000000000002
      vertex -2.342266432321557 12.278590634108609 4.2
      vertex -2.342266432321557 12.278590634108609 1.2000000000000002
    endloop
  endfacet
  facet normal -0.12533323356430362 0.9921147013144779 3.929195514607921e-17
    outer loop
      vertex -2.342266432321557 12.278590634108609 1.2000000000000002
      vertex -0.784881494116415 12.475334105353394 4.8
      vertex -0.784881494116416 12.475334105353394 1.2000000000000002
    endloop
  endfacet
  facet normal -0.48175367410171566 0.8763066800438634 6.483172599103065e-17
    outer loop
      vertex -6.468569305125118 10.680138916616864 1.7999999999999998
      vertex -6.6978349372374595 10.554099068775187 4.8
      vertex -5.322241144563409 11.310338155825244 4.8
    endloop
  endfacet
  facet normal -0.3681245526846771 0.9297764858882517 0
    outer loop
      vertex -5.322241144563409 11.310338155825244 1.2000000000000002
      vertex -3.8627124296868423 11.888206453689419 4.8
      vertex -3.8627124296868423 11.888206453689419 4.2
    endloop
  endfacet
  facet normal -0.36812455268467714 0.9297764858882517 0
    outer loop
      vertex -5.322241144563409 11.310338155825244 1.7999999999999998
      vertex -5.322241144563409 11.310338155825244 4.8
      vertex -3.8627124296868423 11.888206453689419 4.8
    endloop
  endfacet
  facet normal -0.24868988716485538 0.9685831611286311 0
    outer loop
      vertex -3.8627124296868423 11.888206453689419 1.2000000000000002
      vertex -3.8627124296868423 11.888206453689419 4.2
      vertex -2.342266432321557 12.278590634108609 4.2
    endloop
  endfacet
  facet normal -0.12533323356430354 0.9921147013144779 0
    outer loop
      vertex -2.342266432321557 12.278590634108609 1.2000000000000002
      vertex -2.342266432321557 12.278590634108609 4.2
      vertex -0.784881494116415 12.475334105353394 4.8
    endloop
  endfacet
  facet normal 0 1 0
    outer loop
      vertex -0.784881494116416 12.475334105353394 1.2000000000000002
      vertex -0.784881494116415 12.475334105353394 4.8
      vertex 0.784881494116416 12.475334105353394 4.8
    endloop
  endfacet
  facet normal -0.12533323356430354 0.9921147013144779 0
    outer loop
      vertex -2.342266432321557 12.278590634108609 4.2
      vertex -2.342266432321557 12.278590634108609 4.8
      vertex -0.784881494116415 12.475334105353394 4.8
    endloop
  endfacet
  facet normal 0.12533323356430498 -0.9921147013144779 0
    outer loop
      vertex 0.784881494116422 -12.475334105353394 1.2000000000000002
      vertex 2.3422664323215603 -12.278590634108607 1.2000000000000002
      vertex 0.784881494116422 -12.475334105353394 4.2
    endloop
  endfacet
  facet normal 0.24868988716485477 -0.9685831611286311 0
    outer loop
      vertex 2.3422664323215603 -12.278590634108607 1.2000000000000002
      vertex 3.8627124296868423 -11.888206453689419 1.2000000000000002
      vertex 2.3422664323215603 -12.278590634108607 4.8
    endloop
  endfacet
  facet normal 0.368124552684678 -0.9297764858882515 0
    outer loop
      vertex 3.8627124296868423 -11.888206453689419 1.2000000000000002
      vertex 5.322241144563406 -11.310338155825244 1.2000000000000002
      vertex 3.8627124296868423 -11.888206453689419 4.8
    endloop
  endfacet
  facet normal 0.48175367410171493 -0.8763066800438637 0
    outer loop
      vertex 5.322241144563406 -11.310338155825244 1.2000000000000002
      vertex 6.697834937237452 -10.55409906877519 1.2000000000000002
      vertex 5.322241144563406 -11.310338155825244 4.8
    endloop
  endfacet
  facet normal 0 -1 0
    outer loop
      vertex -0.523254329410948 -12.475334105353394 4.2
      vertex 0.784881494116422 -12.475334105353394 1.2000000000000002
      vertex 0.784881494116422 -12.475334105353394 4.2
    endloop
  endfacet
  facet normal 0.12533323356430495 -0.9921147013144777 0
    outer loop
      vertex 0.784881494116422 -12.475334105353394 4.2
      vertex 2.3422664323215603 -12.278590634108607 1.2000000000000002
      vertex 0.784881494116422 -12.475334105353394 4.8
    endloop
  endfacet
  facet normal 0.12533323356430495 -0.9921147013144778 0
    outer loop
      vertex 0.784881494116422 -12.475334105353394 4.8
      vertex 2.3422664323215603 -12.278590634108607 1.2000000000000002
      vertex 2.3422664323215603 -12.278590634108607 4.8
    endloop
  endfacet
  facet normal 0.24868988716485477 -0.9685831611286311 0
    outer loop
      vertex 2.3422664323215603 -12.278590634108607 4.8
      vertex 3.8627124296868423 -11.888206453689419 1.2000000000000002
      vertex 3.8627124296868423 -11.888206453689419 4.8
    endloop
  endfacet
  facet normal 0.368124552684678 -0.9297764858882515 0
    outer loop
      vertex 3.8627124296868423 -11.888206453689419 4.8
      vertex 5.322241144563406 -11.310338155825244 1.2000000000000002
      vertex 5.322241144563406 -11.310338155825244 4.8
    endloop
  endfacet
  facet normal 0.48175367410171493 -0.8763066800438637 0
    outer loop
      vertex 5.322241144563406 -11.310338155825244 4.8
      vertex 6.697834937237452 -10.55409906877519 1.2000000000000002
      vertex 6.697834937237452 -10.55409906877519 4.8
    endloop
  endfacet
  facet normal 0.5877852522924721 -0.809016994374948 0
    outer loop
      vertex 6.697834937237452 -10.55409906877519 1.2000000000000002
      vertex 6.909495759674314 -10.40031847976222 4.2
      vertex 6.697834937237452 -10.55409906877519 4.8
    endloop
  endfacet
  facet normal 0.5877852522924727 -0.8090169943749478 -5.3044139447206604e-17
    outer loop
      vertex 6.697834937237452 -10.55409906877519 1.2000000000000002
      vertex 7.967799871858625 -9.631415534697362 1.2000000000000002
      vertex 6.909495759674314 -10.40031847976222 4.2
    endloop
  endfacet
  facet normal 0.6845471059286888 -0.7289686274214112 0
    outer loop
      vertex 7.967799871858625 -9.631415534697362 1.2000000000000002
      vertex 9.112107842767646 -8.556838824108606 1.2000000000000002
      vertex 7.967799871858625 -9.631415534697362 4.2
    endloop
  endfacet
  facet normal 0.7705132427757893 -0.6374239897486897 0
    outer loop
      vertex 9.112107842767646 -8.556838824108606 1.2000000000000002
      vertex 10.112712429686843 -7.347315653655914 1.2000000000000002
      vertex 9.112107842767646 -8.556838824108606 4.8
    endloop
  endfacet
  facet normal 0.8443279255020151 -0.5358267949789965 0
    outer loop
      vertex 10.112712429686843 -7.347315653655914 1.2000000000000002
      vertex 10.953833500548294 -6.021920926271442 1.2000000000000002
      vertex 10.112712429686843 -7.347315653655914 4.8
    endloop
  endfacet
  facet normal 0.5877852522924728 -0.8090169943749477 0
    outer loop
      vertex 6.909495759674314 -10.40031847976222 4.2
      vertex 7.967799871858625 -9.631415534697362 1.2000000000000002
      vertex 7.967799871858625 -9.631415534697362 4.2
    endloop
  endfacet
  facet normal 0.684547105928689 -0.7289686274214113 0
    outer loop
      vertex 7.967799871858625 -9.631415534697362 4.2
      vertex 9.112107842767646 -8.556838824108606 1.2000000000000002
      vertex 7.967799871858625 -9.631415534697362 4.8
    endloop
  endfacet
  facet normal 0.684547105928689 -0.7289686274214113 0
    outer loop
      vertex 7.967799871858625 -9.631415534697362 4.8
      vertex 9.112107842767646 -8.556838824108606 1.2000000000000002
      vertex 9.112107842767646 -8.556838824108606 4.8
    endloop
  endfacet
  facet normal 0.7705132427757893 -0.6374239897486897 0
    outer loop
      vertex 9.112107842767646 -8.556838824108606 4.8
      vertex 10.112712429686843 -7.347315653655914 1.2000000000000002
      vertex 10.112712429686843 -7.347315653655914 4.8
    endloop
  endfacet
  facet normal 0.9048270524660196 -0.4257792915650727 0
    outer loop
      vertex 10.953833500548294 -6.021920926271442 1.2000000000000002
      vertex 11.62220607360314 -4.6015569085584795 1.2000000000000002
      vertex 10.953833500548294 -6.021920926271442 4.8
    endloop
  endfacet
  facet normal 0.9510565162951535 -0.3090169943749479 0
    outer loop
      vertex 11.62220607360314 -4.6015569085584795 1.2000000000000002
      vertex 12.10728951410789 -3.1086235895606804 1.2000000000000002
      vertex 11.62220607360314 -4.6015569085584795 4.8
    endloop
  endfacet
  facet normal 0.9822872507286888 -0.18738131458572407 0
    outer loop
      vertex 12.10728951410789 -3.1086235895606804 1.2000000000000002
      vertex 12.401433766430973 -1.5666654195538008 1.2000000000000002
      vertex 12.10728951410789 -3.1086235895606804 4.8
    endloop
  endfacet
  facet normal 0.9980267284282716 -0.0627905195293135 0
    outer loop
      vertex 12.401433766430973 -1.5666654195538008 1.2000000000000002
      vertex 12.5 0 1.2000000000000002
      vertex 12.401433766430973 -1.5666654195538008 4.8
    endloop
  endfacet
  facet normal 0.9980267284282716 -0.06279051952931351 0
    outer loop
      vertex 12.401433766430973 -1.5666654195538008 4.8
      vertex 12.5 0 1.2000000000000002
      vertex 12.5 0 1.7999999999999998
    endloop
  endfacet
  facet normal 0.8443279255020151 -0.5358267949789965 0
    outer loop
      vertex 10.112712429686843 -7.347315653655914 4.8
      vertex 10.953833500548294 -6.021920926271442 1.2000000000000002
      vertex 10.953833500548294 -6.021920926271442 4.8
    endloop
  endfacet
  facet normal 0.9048270524660196 -0.4257792915650727 0
    outer loop
      vertex 10.953833500548294 -6.021920926271442 4.8
      vertex 11.62220607360314 -4.6015569085584795 1.2000000000000002
      vertex 11.62220607360314 -4.6015569085584795 4.8
    endloop
  endfacet
  facet normal 0.9510565162951535 -0.3090169943749479 0
    outer loop
      vertex 11.62220607360314 -4.6015569085584795 4.8
      vertex 12.10728951410789 -3.1086235895606804 1.2000000000000002
      vertex 12.10728951410789 -3.1086235895606804 4.8
    endloop
  endfacet
  facet normal 0.9822872507286888 -0.18738131458572407 0
    outer loop
      vertex 12.10728951410789 -3.1086235895606804 4.8
      vertex 12.401433766430973 -1.5666654195538008 1.2000000000000002
      vertex 12.401433766430973 -1.5666654195538008 4.8
    endloop
  endfacet
  facet normal 0.9980267284282716 -0.0627905195293135 0
    outer loop
      vertex 12.401433766430973 -1.5666654195538008 4.8
      vertex 12.5 0 1.7999999999999998
      vertex 12.5 0 4.8
    endloop
  endfacet
  facet normal 0 1 0
    outer loop
      vertex -0.784881494116416 12.475334105353394 1.2000000000000002
      vertex 0.784881494116416 12.475334105353394 4.8
      vertex 0.784881494116415 12.475334105353394 1.2000000000000002
    endloop
  endfacet
  facet normal 0.24868988716485538 0.968583161128631 0
    outer loop
      vertex 2.342266432321557 12.278590634108609 1.2000000000000002
      vertex 3.8627124296868423 11.888206453689419 4.8
      vertex 3.8627124296868423 11.888206453689419 1.2000000000000002
    endloop
  endfacet
  facet normal 0.12533323356430354 0.9921147013144779 0
    outer loop
      vertex 0.784881494116415 12.475334105353394 1.2000000000000002
      vertex 2.342266432321557 12.278590634108609 4.8
      vertex 2.342266432321557 12.278590634108609 1.2000000000000002
    endloop
  endfacet
  facet normal 0.36812455268467714 0.9297764858882518 0
    outer loop
      vertex 3.8627124296868423 11.888206453689419 1.2000000000000002
      vertex 5.322241144563409 11.310338155825244 4.8
      vertex 5.322241144563409 11.310338155825244 1.2000000000000002
    endloop
  endfacet
  facet normal 0.48175367410171505 0.8763066800438637 0
    outer loop
      vertex 5.322241144563409 11.310338155825244 1.2000000000000002
      vertex 6.697834937237459 10.554099068775189 4.8
      vertex 6.697834937237459 10.554099068775189 1.2000000000000002
    endloop
  endfacet
  facet normal 0.12533323356430362 0.9921147013144779 -3.478696041345309e-17
    outer loop
      vertex 0.784881494116415 12.475334105353394 1.2000000000000002
      vertex 0.784881494116416 12.475334105353394 4.8
      vertex 2.342266432321557 12.278590634108609 4.8
    endloop
  endfacet
  facet normal 0.24868988716485538 0.968583161128631 0
    outer loop
      vertex 2.342266432321557 12.278590634108609 1.2000000000000002
      vertex 2.342266432321557 12.278590634108609 4.8
      vertex 3.8627124296868423 11.888206453689419 4.8
    endloop
  endfacet
  facet normal 0.36812455268467714 0.9297764858882518 0
    outer loop
      vertex 3.8627124296868423 11.888206453689419 1.2000000000000002
      vertex 3.8627124296868423 11.888206453689419 4.8
      vertex 5.322241144563409 11.310338155825244 4.8
    endloop
  endfacet
  facet normal 0.48175367410171505 0.8763066800438637 0
    outer loop
      vertex 5.322241144563409 11.310338155825244 1.2000000000000002
      vertex 5.322241144563409 11.310338155825244 4.8
      vertex 6.697834937237459 10.554099068775189 4.8
    endloop
  endfacet
  facet normal 0.9980267284282716 0.06279051952931343 0
    outer loop
      vertex 12.5 0 1.2000000000000002
      vertex 12.483572294405162 0.2611109032589671 1.2000000000000002
      vertex 12.5 0 1.7999999999999998
    endloop
  endfacet
  facet normal 0.9980267284282716 0.0627905195293134 0
    outer loop
      vertex 12.5 0 1.7999999999999998
      vertex 12.41786147202581 1.305554516294836 1.7999999999999998
      vertex 12.5 0 4.8
    endloop
  endfacet
  facet normal 0.9980267284282716 0.06279051952931342 0
    outer loop
      vertex 12.41786147202581 1.305554516294836 1.7999999999999998
      vertex 12.401433766430973 1.5666654195538032 1.2000000000000002
      vertex 12.401433766430973 1.5666654195538032 4.8
    endloop
  endfacet
  facet normal 0.9822872507286885 0.18738131458572493 0
    outer loop
      vertex 12.401433766430973 1.5666654195538032 1.2000000000000002
      vertex 12.107289514107888 3.108623589560685 1.2000000000000002
      vertex 12.401433766430973 1.5666654195538032 4.8
    endloop
  endfacet
  facet normal 0.9510565162951535 0.3090169943749475 0
    outer loop
      vertex 12.107289514107888 3.108623589560685 1.2000000000000002
      vertex 11.622206073603142 4.601556908558475 1.2000000000000002
      vertex 12.107289514107888 3.108623589560685 4.8
    endloop
  endfacet
  facet normal 0.9048270524660199 0.42577929156507177 0
    outer loop
      vertex 10.953833500548296 6.0219209262714415 1.2000000000000002
      vertex 11.622206073603142 4.601556908558475 4.8
      vertex 11.622206073603142 4.601556908558475 1.2000000000000002
    endloop
  endfacet
  facet normal 0.8443279255020146 0.5358267949789971 0
    outer loop
      vertex 10.953833500548296 6.0219209262714415 1.2000000000000002
      vertex 10.112712429686843 7.347315653655914 1.2000000000000002
      vertex 10.953833500548296 6.0219209262714415 4.8
    endloop
  endfacet
  facet normal 0.9980267284282716 0.0627905195293134 0
    outer loop
      vertex 12.5 0 4.8
      vertex 12.41786147202581 1.305554516294836 1.7999999999999998
      vertex 12.401433766430973 1.5666654195538032 4.8
    endloop
  endfacet
  facet normal 0.9822872507286885 0.18738131458572493 0
    outer loop
      vertex 12.401433766430973 1.5666654195538032 4.8
      vertex 12.107289514107888 3.108623589560685 1.2000000000000002
      vertex 12.107289514107888 3.108623589560685 4.8
    endloop
  endfacet
  facet normal 0.9510565162951535 0.3090169943749475 0
    outer loop
      vertex 12.107289514107888 3.108623589560685 4.8
      vertex 11.622206073603142 4.601556908558475 1.2000000000000002
      vertex 11.622206073603142 4.601556908558475 4.8
    endloop
  endfacet
  facet normal 0.9048270524660199 0.42577929156507177 0
    outer loop
      vertex 10.953833500548296 6.0219209262714415 1.2000000000000002
      vertex 10.953833500548296 6.0219209262714415 4.8
      vertex 11.622206073603142 4.601556908558475 4.8
    endloop
  endfacet
  facet normal 0.6845471059286893 0.728968627421411 0
    outer loop
      vertex 8.92138984761614 8.73593494254007 1.2000000000000002
      vertex 9.112107842767644 8.55683882410861 1.7999999999999998
      vertex 9.112107842767644 8.55683882410861 1.2000000000000002
    endloop
  endfacet
  facet normal 0.5877852522924739 0.8090169943749469 0
    outer loop
      vertex 6.697834937237459 10.554099068775189 1.2000000000000002
      vertex 7.967799871858622 9.631415534697364 4.8
      vertex 7.967799871858622 9.631415534697364 1.2000000000000002
    endloop
  endfacet
  facet normal 0.6845471059286893 0.728968627421411 0
    outer loop
      vertex 7.967799871858622 9.631415534697364 1.2000000000000002
      vertex 7.967799871858622 9.631415534697364 4.8
      vertex 8.158517867010126 9.452319416265905 1.7999999999999998
    endloop
  endfacet
  facet normal 0.7705132427757896 0.6374239897486893 0
    outer loop
      vertex 9.112107842767644 8.55683882410861 1.2000000000000002
      vertex 9.112107842767644 8.55683882410861 1.7999999999999998
      vertex 10.112712429686843 7.347315653655914 4.8
    endloop
  endfacet
  facet normal 0.7705132427757896 0.6374239897486893 0
    outer loop
      vertex 9.112107842767644 8.55683882410861 1.2000000000000002
      vertex 10.112712429686843 7.347315653655914 4.8
      vertex 10.112712429686843 7.347315653655914 1.2000000000000002
    endloop
  endfacet
  facet normal 0.6845471059286877 0.7289686274214123 0
    outer loop
      vertex 9.112107842767644 8.55683882410861 1.7999999999999998
      vertex 8.158517867010126 9.452319416265905 1.7999999999999998
      vertex 9.112107842767644 8.55683882410861 4.8
    endloop
  endfacet
  facet normal 0.5877852522924739 0.8090169943749469 0
    outer loop
      vertex 6.697834937237459 10.554099068775189 1.2000000000000002
      vertex 6.697834937237459 10.554099068775189 4.8
      vertex 7.967799871858622 9.631415534697364 4.8
    endloop
  endfacet
  facet normal 0.6845471059286882 0.7289686274214122 -1.414510385258854e-16
    outer loop
      vertex 9.112107842767644 8.55683882410861 4.8
      vertex 8.158517867010126 9.452319416265905 1.7999999999999998
      vertex 7.967799871858622 9.631415534697364 4.8
    endloop
  endfacet
  facet normal 0.7705132427757895 0.6374239897486893 0
    outer loop
      vertex 9.112107842767644 8.55683882410861 1.7999999999999998
      vertex 9.112107842767644 8.55683882410861 4.8
      vertex 10.112712429686843 7.347315653655914 4.8
    endloop
  endfacet
  facet normal 0.8443279255020146 0.5358267949789971 0
    outer loop
      vertex 10.953833500548296 6.0219209262714415 4.8
      vertex 10.112712429686843 7.347315653655914 1.2000000000000002
      vertex 10.112712429686843 7.347315653655914 4.8
    endloop
  endfacet
  facet normal -0.7705132427757895 -0.6374239897486894 0
    outer loop
      vertex -10.077991274101016 -9.463863739464118 7.8
      vertex -10.077991274101016 -9.463863739464118 12
      vertex -11.184659947233648 -8.12613111294344 7.8
    endloop
  endfacet
  facet normal -0.8443279255020153 -0.5358267949789962 0
    outer loop
      vertex -12.114939851606412 -6.660244544456215 7.8
      vertex -11.184659947233648 -8.12613111294344 7.8
      vertex -11.184659947233648 -8.12613111294344 12
    endloop
  endfacet
  facet normal -0.8443279255020153 -0.5358267949789962 0
    outer loop
      vertex -12.114939851606412 -6.660244544456215 7.8
      vertex -11.184659947233648 -8.12613111294344 12
      vertex -12.114939851606412 -6.660244544456215 12
    endloop
  endfacet
  facet normal -0.7705132427757895 -0.6374239897486894 0
    outer loop
      vertex -11.184659947233648 -8.12613111294344 7.8
      vertex -10.077991274101016 -9.463863739464118 12
      vertex -11.184659947233648 -8.12613111294344 12
    endloop
  endfacet
  facet normal -0.5877852522924724 -0.8090169943749479 0
    outer loop
      vertex -7.40780544058463 -11.672833570065356 7.8
      vertex -7.40780544058463 -11.672833570065356 12
      vertex -8.812386658275633 -10.652345581375288 7.8
    endloop
  endfacet
  facet normal -0.5877852522924724 -0.8090169943749479 0
    outer loop
      vertex -8.812386658275633 -10.652345581375288 7.8
      vertex -7.40780544058463 -11.672833570065356 12
      vertex -8.812386658275633 -10.652345581375288 12
    endloop
  endfacet
  facet normal -0.6845471059286888 -0.7289686274214114 0
    outer loop
      vertex -10.077991274101016 -9.463863739464118 7.8
      vertex -8.812386658275633 -10.652345581375288 7.8
      vertex -8.812386658275633 -10.652345581375288 12
    endloop
  endfacet
  facet normal -0.6845471059286888 -0.7289686274214114 0
    outer loop
      vertex -10.077991274101016 -9.463863739464118 7.8
      vertex -8.812386658275633 -10.652345581375288 12
      vertex -10.077991274101016 -9.463863739464118 12
    endloop
  endfacet
  facet normal -0.9048270524660194 -0.4257792915650732 0
    outer loop
      vertex -12.854159917405076 -5.089321940865672 7.8
      vertex -12.114939851606412 -6.660244544456215 7.8
      vertex -12.114939851606412 -6.660244544456215 12
    endloop
  endfacet
  facet normal -0.9510565162951539 -0.3090169943749468 0
    outer loop
      vertex -12.854159917405076 -5.089321940865672 7.8
      vertex -12.854159917405076 -5.089321940865672 12
      vertex -13.390662202603323 -3.438137690054118 7.8
    endloop
  endfacet
  facet normal -0.9048270524660194 -0.4257792915650732 0
    outer loop
      vertex -12.854159917405076 -5.089321940865672 7.8
      vertex -12.114939851606412 -6.660244544456215 12
      vertex -12.854159917405076 -5.089321940865672 12
    endloop
  endfacet
  facet normal -0.9510565162951539 -0.3090169943749468 0
    outer loop
      vertex -13.390662202603323 -3.438137690054118 7.8
      vertex -12.854159917405076 -5.089321940865672 12
      vertex -13.390662202603323 -3.438137690054118 12
    endloop
  endfacet
  facet normal -0.9822872507286885 -0.1873813145857253 0
    outer loop
      vertex -13.715985745672656 -1.7327319540265036 7.8
      vertex -13.390662202603323 -3.438137690054118 7.8
      vertex -13.390662202603323 -3.438137690054118 12
    endloop
  endfacet
  facet normal -0.9980267284282716 -0.0627905195293131 0
    outer loop
      vertex -13.715985745672656 -1.7327319540265036 7.8
      vertex -13.715985745672656 -1.7327319540265036 12
      vertex -13.825 0 7.8
    endloop
  endfacet
  facet normal -0.9822872507286885 -0.1873813145857253 0
    outer loop
      vertex -13.715985745672656 -1.7327319540265036 7.8
      vertex -13.390662202603323 -3.438137690054118 12
      vertex -13.715985745672656 -1.7327319540265036 12
    endloop
  endfacet
  facet normal -0.9980267284282716 -0.0627905195293131 0
    outer loop
      vertex -13.825 0 7.8
      vertex -13.715985745672656 -1.7327319540265036 12
      vertex -13.825 0 12
    endloop
  endfacet
  facet normal -0.48175367410171577 -0.8763066800438634 0
    outer loop
      vertex -7.40780544058463 -11.672833570065356 7.8
      vertex -5.886398705887126 -12.50923400034272 7.8
      vertex -5.886398705887126 -12.50923400034272 12
    endloop
  endfacet
  facet normal -0.3681245526846773 -0.9297764858882517 0
    outer loop
      vertex -5.886398705887126 -12.50923400034272 7.8
      vertex -4.272159947233647 -13.148356337780497 7.8
      vertex -4.272159947233647 -13.148356337780497 12
    endloop
  endfacet
  facet normal -0.3681245526846773 -0.9297764858882517 0
    outer loop
      vertex -5.886398705887126 -12.50923400034272 7.8
      vertex -4.272159947233647 -13.148356337780497 12
      vertex -5.886398705887126 -12.50923400034272 12
    endloop
  endfacet
  facet normal -0.48175367410171577 -0.8763066800438634 0
    outer loop
      vertex -7.40780544058463 -11.672833570065356 7.8
      vertex -5.886398705887126 -12.50923400034272 12
      vertex -7.40780544058463 -11.672833570065356 12
    endloop
  endfacet
  facet normal -0.24868988716485546 -0.968583161128631 0
    outer loop
      vertex -4.272159947233647 -13.148356337780497 7.8
      vertex -2.5905466741476455 -13.58012124132412 12
      vertex -4.272159947233647 -13.148356337780497 12
    endloop
  endfacet
  facet normal -0.24868988716485546 -0.968583161128631 0
    outer loop
      vertex -4.272159947233647 -13.148356337780497 7.8
      vertex -2.5905466741476455 -13.58012124132412 7.8
      vertex -2.5905466741476455 -13.58012124132412 12
    endloop
  endfacet
  facet normal -0.12533323356430476 -0.9921147013144777 0
    outer loop
      vertex -0.8680789324927627 -13.797719520520854 7.8
      vertex -0.8680789324927627 -13.797719520520854 12
      vertex -2.5905466741476455 -13.58012124132412 7.8
    endloop
  endfacet
  facet normal -0.12533323356430476 -0.9921147013144777 0
    outer loop
      vertex -2.5905466741476455 -13.58012124132412 7.8
      vertex -0.8680789324927627 -13.797719520520854 12
      vertex -2.5905466741476455 -13.58012124132412 12
    endloop
  endfacet
  facet normal 0 -1 0
    outer loop
      vertex -0.8680789324927627 -13.797719520520854 7.8
      vertex 0.8680789324927629 -13.797719520520854 12
      vertex -0.8680789324927627 -13.797719520520854 12
    endloop
  endfacet
  facet normal -0.9980267284282716 0.0627905195293131 0
    outer loop
      vertex -13.825 0 7.8
      vertex -13.825 0 12
      vertex -13.715985745672656 1.7327319540265036 7.8
    endloop
  endfacet
  facet normal -0.9822872507286885 0.1873813145857253 0
    outer loop
      vertex -13.715985745672656 1.7327319540265036 7.8
      vertex -13.715985745672656 1.7327319540265036 12
      vertex -13.390662202603323 3.438137690054118 7.8
    endloop
  endfacet
  facet normal -0.9980267284282716 0.0627905195293131 0
    outer loop
      vertex -13.715985745672656 1.7327319540265036 7.8
      vertex -13.825 0 12
      vertex -13.715985745672656 1.7327319540265036 12
    endloop
  endfacet
  facet normal -0.9822872507286885 0.1873813145857253 0
    outer loop
      vertex -13.390662202603323 3.438137690054118 7.8
      vertex -13.715985745672656 1.7327319540265036 12
      vertex -13.390662202603323 3.438137690054118 12
    endloop
  endfacet
  facet normal -0.9510565162951539 0.3090169943749468 0
    outer loop
      vertex -13.390662202603323 3.438137690054118 7.8
      vertex -13.390662202603323 3.438137690054118 12
      vertex -12.854159917405076 5.089321940865672 7.8
    endloop
  endfacet
  facet normal -0.9048270524660194 0.4257792915650732 0
    outer loop
      vertex -12.854159917405076 5.089321940865672 7.8
      vertex -12.854159917405076 5.089321940865672 12
      vertex -12.114939851606412 6.660244544456215 7.8
    endloop
  endfacet
  facet normal -0.9510565162951539 0.3090169943749468 0
    outer loop
      vertex -12.854159917405076 5.089321940865672 7.8
      vertex -13.390662202603323 3.438137690054118 12
      vertex -12.854159917405076 5.089321940865672 12
    endloop
  endfacet
  facet normal -0.9048270524660194 0.4257792915650732 0
    outer loop
      vertex -12.114939851606412 6.660244544456215 7.8
      vertex -12.854159917405076 5.089321940865672 12
      vertex -12.114939851606412 6.660244544456215 12
    endloop
  endfacet
  facet normal -0.8443279255020153 0.5358267949789962 0
    outer loop
      vertex -12.114939851606412 6.660244544456215 7.8
      vertex -12.114939851606412 6.660244544456215 12
      vertex -11.184659947233648 8.12613111294344 7.8
    endloop
  endfacet
  facet normal -0.7705132427757895 0.6374239897486894 0
    outer loop
      vertex -11.184659947233648 8.12613111294344 7.8
      vertex -11.184659947233648 8.12613111294344 12
      vertex -10.077991274101016 9.463863739464118 7.8
    endloop
  endfacet
  facet normal -0.8443279255020153 0.5358267949789962 0
    outer loop
      vertex -11.184659947233648 8.12613111294344 7.8
      vertex -12.114939851606412 6.660244544456215 12
      vertex -11.184659947233648 8.12613111294344 12
    endloop
  endfacet
  facet normal -0.7705132427757895 0.6374239897486894 0
    outer loop
      vertex -10.077991274101016 9.463863739464118 7.8
      vertex -11.184659947233648 8.12613111294344 12
      vertex -10.077991274101016 9.463863739464118 12
    endloop
  endfacet
  facet normal -0.6845471059286888 0.7289686274214114 0
    outer loop
      vertex -10.077991274101016 9.463863739464118 7.8
      vertex -10.077991274101016 9.463863739464118 12
      vertex -8.812386658275633 10.652345581375288 7.8
    endloop
  endfacet
  facet normal -0.6845471059286888 0.7289686274214114 0
    outer loop
      vertex -8.812386658275633 10.652345581375288 7.8
      vertex -10.077991274101016 9.463863739464118 12
      vertex -8.812386658275633 10.652345581375288 12
    endloop
  endfacet
  facet normal -0.5877852522924724 0.8090169943749479 0
    outer loop
      vertex -8.812386658275633 10.652345581375288 7.8
      vertex -8.812386658275633 10.652345581375288 12
      vertex -7.40780544058463 11.672833570065356 7.8
    endloop
  endfacet
  facet normal -0.5877852522924724 0.8090169943749479 0
    outer loop
      vertex -7.40780544058463 11.672833570065356 7.8
      vertex -8.812386658275633 10.652345581375288 12
      vertex -7.40780544058463 11.672833570065356 12
    endloop
  endfacet
  facet normal -0.48175367410171577 0.8763066800438634 0
    outer loop
      vertex -7.40780544058463 11.672833570065356 7.8
      vertex -7.40780544058463 11.672833570065356 12
      vertex -5.88639870588713 12.509234000342719 7.8
    endloop
  endfacet
  facet normal -0.3681245526846775 0.9297764858882516 0
    outer loop
      vertex -5.88639870588713 12.509234000342719 7.8
      vertex -5.88639870588713 12.509234000342719 12
      vertex -4.272159947233647 13.148356337780497 7.8
    endloop
  endfacet
  facet normal -0.248689887164856 0.9685831611286307 0
    outer loop
      vertex -4.272159947233647 13.148356337780497 7.8
      vertex -4.272159947233647 13.148356337780497 12
      vertex -2.5905466741476424 13.580121241324122 7.8
    endloop
  endfacet
  facet normal -0.48175367410171577 0.8763066800438634 0
    outer loop
      vertex -5.88639870588713 12.509234000342719 7.8
      vertex -7.40780544058463 11.672833570065356 12
      vertex -5.88639870588713 12.509234000342719 12
    endloop
  endfacet
  facet normal -0.3681245526846775 0.9297764858882516 0
    outer loop
      vertex -4.272159947233647 13.148356337780497 7.8
      vertex -5.88639870588713 12.509234000342719 12
      vertex -4.272159947233647 13.148356337780497 12
    endloop
  endfacet
  facet normal -0.1253332335643035 0.992114701314478 0
    outer loop
      vertex -2.5905466741476424 13.580121241324122 7.8
      vertex -2.5905466741476424 13.580121241324122 12
      vertex -0.8680789324927559 13.797719520520854 7.8
    endloop
  endfacet
  facet normal 0 1 0
    outer loop
      vertex -0.8680789324927559 13.797719520520854 7.8
      vertex -0.8680789324927559 13.797719520520854 12
      vertex 0.8680789324927559 13.797719520520854 7.8
    endloop
  endfacet
  facet normal -0.248689887164856 0.9685831611286307 0
    outer loop
      vertex -2.5905466741476424 13.580121241324122 7.8
      vertex -4.272159947233647 13.148356337780497 12
      vertex -2.5905466741476424 13.580121241324122 12
    endloop
  endfacet
  facet normal -0.1253332335643035 0.992114701314478 0
    outer loop
      vertex -0.8680789324927559 13.797719520520854 7.8
      vertex -2.5905466741476424 13.580121241324122 12
      vertex -0.8680789324927559 13.797719520520854 12
    endloop
  endfacet
  facet normal 0 -1 0
    outer loop
      vertex -0.8680789324927627 -13.797719520520854 7.8
      vertex 0.8680789324927627 -13.797719520520854 7.8
      vertex 0.8680789324927629 -13.797719520520854 12
    endloop
  endfacet
  facet normal 0.12533323356430476 -0.9921147013144778 0
    outer loop
      vertex 0.8680789324927627 -13.797719520520854 7.8
      vertex 2.590546674147646 -13.58012124132412 7.8
      vertex 2.590546674147646 -13.58012124132412 12
    endloop
  endfacet
  facet normal 0.12533323356430476 -0.9921147013144778 -6.6260876978006486e-18
    outer loop
      vertex 0.8680789324927627 -13.797719520520854 7.8
      vertex 2.590546674147646 -13.58012124132412 12
      vertex 0.8680789324927629 -13.797719520520854 12
    endloop
  endfacet
  facet normal 0.24868988716485552 -0.968583161128631 0
    outer loop
      vertex 2.590546674147646 -13.58012124132412 7.8
      vertex 4.272159947233647 -13.148356337780497 12
      vertex 2.590546674147646 -13.58012124132412 12
    endloop
  endfacet
  facet normal 0.24868988716485552 -0.968583161128631 0
    outer loop
      vertex 2.590546674147646 -13.58012124132412 7.8
      vertex 4.272159947233647 -13.148356337780497 7.8
      vertex 4.272159947233647 -13.148356337780497 12
    endloop
  endfacet
  facet normal 0.3681245526846773 -0.9297764858882517 0
    outer loop
      vertex 4.272159947233647 -13.148356337780497 7.8
      vertex 5.886398705887126 -12.50923400034272 7.8
      vertex 5.886398705887126 -12.50923400034272 12
    endloop
  endfacet
  facet normal 0.48175367410171527 -0.8763066800438636 0
    outer loop
      vertex 5.886398705887126 -12.50923400034272 7.8
      vertex 7.407805440584622 -11.672833570065361 7.8
      vertex 7.407805440584622 -11.672833570065361 12
    endloop
  endfacet
  facet normal 0.3681245526846773 -0.9297764858882517 0
    outer loop
      vertex 4.272159947233647 -13.148356337780497 7.8
      vertex 5.886398705887126 -12.50923400034272 12
      vertex 4.272159947233647 -13.148356337780497 12
    endloop
  endfacet
  facet normal 0.48175367410171527 -0.8763066800438636 0
    outer loop
      vertex 5.886398705887126 -12.50923400034272 7.8
      vertex 7.407805440584622 -11.672833570065361 12
      vertex 5.886398705887126 -12.50923400034272 12
    endloop
  endfacet
  facet normal 0.5877852522924728 -0.8090169943749477 0
    outer loop
      vertex 7.407805440584622 -11.672833570065361 7.8
      vertex 8.812386658275638 -10.652345581375283 7.8
      vertex 8.812386658275638 -10.652345581375283 12
    endloop
  endfacet
  facet normal 0.5877852522924728 -0.8090169943749477 0
    outer loop
      vertex 7.407805440584622 -11.672833570065361 7.8
      vertex 8.812386658275638 -10.652345581375283 12
      vertex 7.407805440584622 -11.672833570065361 12
    endloop
  endfacet
  facet normal 0.6845471059286886 -0.7289686274214116 0
    outer loop
      vertex 8.812386658275638 -10.652345581375283 7.8
      vertex 10.077991274101016 -9.463863739464118 7.8
      vertex 10.077991274101016 -9.463863739464118 12
    endloop
  endfacet
  facet normal 0.6845471059286886 -0.7289686274214116 0
    outer loop
      vertex 8.812386658275638 -10.652345581375283 7.8
      vertex 10.077991274101016 -9.463863739464118 12
      vertex 8.812386658275638 -10.652345581375283 12
    endloop
  endfacet
  facet normal 0.7705132427757895 -0.6374239897486894 0
    outer loop
      vertex 10.077991274101016 -9.463863739464118 7.8
      vertex 11.184659947233648 -8.12613111294344 7.8
      vertex 11.184659947233648 -8.12613111294344 12
    endloop
  endfacet
  facet normal 0.8443279255020153 -0.5358267949789962 0
    outer loop
      vertex 11.184659947233648 -8.12613111294344 7.8
      vertex 12.114939851606412 -6.660244544456215 7.8
      vertex 12.114939851606412 -6.660244544456215 12
    endloop
  endfacet
  facet normal 0.7705132427757895 -0.6374239897486894 0
    outer loop
      vertex 10.077991274101016 -9.463863739464118 7.8
      vertex 11.184659947233648 -8.12613111294344 12
      vertex 10.077991274101016 -9.463863739464118 12
    endloop
  endfacet
  facet normal 0.8443279255020153 -0.5358267949789962 0
    outer loop
      vertex 11.184659947233648 -8.12613111294344 7.8
      vertex 12.114939851606412 -6.660244544456215 12
      vertex 11.184659947233648 -8.12613111294344 12
    endloop
  endfacet
  facet normal 0.9048270524660194 -0.4257792915650729 0
    outer loop
      vertex 12.114939851606412 -6.660244544456215 7.8
      vertex 12.854159917405072 -5.089321940865678 7.8
      vertex 12.854159917405072 -5.089321940865678 12
    endloop
  endfacet
  facet normal 0.9510565162951536 -0.3090169943749475 0
    outer loop
      vertex 12.854159917405072 -5.089321940865678 7.8
      vertex 13.390662202603325 -3.4381376900541123 7.8
      vertex 13.390662202603325 -3.4381376900541123 12
    endloop
  endfacet
  facet normal 0.9048270524660194 -0.4257792915650729 0
    outer loop
      vertex 12.114939851606412 -6.660244544456215 7.8
      vertex 12.854159917405072 -5.089321940865678 12
      vertex 12.114939851606412 -6.660244544456215 12
    endloop
  endfacet
  facet normal 0.9510565162951536 -0.3090169943749475 0
    outer loop
      vertex 12.854159917405072 -5.089321940865678 7.8
      vertex 13.390662202603325 -3.4381376900541123 12
      vertex 12.854159917405072 -5.089321940865678 12
    endloop
  endfacet
  facet normal 0.9822872507286887 -0.18738131458572496 0
    outer loop
      vertex 13.390662202603325 -3.4381376900541123 7.8
      vertex 13.715985745672656 -1.7327319540265036 7.8
      vertex 13.715985745672656 -1.7327319540265036 12
    endloop
  endfacet
  facet normal 0.9980267284282716 -0.0627905195293131 0
    outer loop
      vertex 13.715985745672656 -1.7327319540265036 7.8
      vertex 13.825 0 7.8
      vertex 13.825 0 12
    endloop
  endfacet
  facet normal 0.9822872507286887 -0.18738131458572496 0
    outer loop
      vertex 13.390662202603325 -3.4381376900541123 7.8
      vertex 13.715985745672656 -1.7327319540265036 12
      vertex 13.390662202603325 -3.4381376900541123 12
    endloop
  endfacet
  facet normal 0.9980267284282716 -0.0627905195293131 0
    outer loop
      vertex 13.715985745672656 -1.7327319540265036 7.8
      vertex 13.825 0 12
      vertex 13.715985745672656 -1.7327319540265036 12
    endloop
  endfacet
  facet normal 0.12533323356430354 0.992114701314478 0
    outer loop
      vertex 2.590546674147642 13.580121241324122 7.8
      vertex 0.8680789324927559 13.797719520520854 7.8
      vertex 0.8680789324927559 13.797719520520854 12
    endloop
  endfacet
  facet normal 0.24868988716485593 0.9685831611286307 0
    outer loop
      vertex 2.590546674147642 13.580121241324122 7.8
      vertex 2.590546674147642 13.580121241324122 12
      vertex 4.272159947233647 13.148356337780497 7.8
    endloop
  endfacet
  facet normal 0 1 0
    outer loop
      vertex 0.8680789324927559 13.797719520520854 7.8
      vertex -0.8680789324927559 13.797719520520854 12
      vertex 0.8680789324927559 13.797719520520854 12
    endloop
  endfacet
  facet normal 0.12533323356430354 0.992114701314478 0
    outer loop
      vertex 2.590546674147642 13.580121241324122 7.8
      vertex 0.8680789324927559 13.797719520520854 12
      vertex 2.590546674147642 13.580121241324122 12
    endloop
  endfacet
  facet normal 0.3681245526846775 0.9297764858882516 0
    outer loop
      vertex 4.272159947233647 13.148356337780497 7.8
      vertex 4.272159947233647 13.148356337780497 12
      vertex 5.88639870588713 12.509234000342719 7.8
    endloop
  endfacet
  facet normal 0.4817536741017155 0.8763066800438635 0
    outer loop
      vertex 5.88639870588713 12.509234000342719 7.8
      vertex 5.88639870588713 12.509234000342719 12
      vertex 7.407805440584628 11.672833570065357 7.8
    endloop
  endfacet
  facet normal 0.24868988716485593 0.9685831611286307 0
    outer loop
      vertex 4.272159947233647 13.148356337780497 7.8
      vertex 2.590546674147642 13.580121241324122 12
      vertex 4.272159947233647 13.148356337780497 12
    endloop
  endfacet
  facet normal 0.4817536741017155 0.8763066800438635 0
    outer loop
      vertex 7.407805440584628 11.672833570065357 7.8
      vertex 5.88639870588713 12.509234000342719 12
      vertex 7.407805440584628 11.672833570065357 12
    endloop
  endfacet
  facet normal 0.3681245526846775 0.9297764858882516 0
    outer loop
      vertex 5.88639870588713 12.509234000342719 7.8
      vertex 4.272159947233647 13.148356337780497 12
      vertex 5.88639870588713 12.509234000342719 12
    endloop
  endfacet
  facet normal 0.9980267284282717 0.06279051952931301 0
    outer loop
      vertex 13.825 0 7.8
      vertex 13.715985745672656 1.7327319540265063 7.8
      vertex 13.715985745672656 1.7327319540265063 12
    endloop
  endfacet
  facet normal 0.9822872507286885 0.18738131458572568 0
    outer loop
      vertex 13.390662202603323 3.438137690054117 7.8
      vertex 13.390662202603323 3.438137690054117 12
      vertex 13.715985745672656 1.7327319540265063 7.8
    endloop
  endfacet
  facet normal 0.9980267284282717 0.06279051952931301 0
    outer loop
      vertex 13.825 0 7.8
      vertex 13.715985745672656 1.7327319540265063 12
      vertex 13.825 0 12
    endloop
  endfacet
  facet normal 0.9822872507286885 0.18738131458572568 0
    outer loop
      vertex 13.715985745672656 1.7327319540265063 7.8
      vertex 13.390662202603323 3.438137690054117 12
      vertex 13.715985745672656 1.7327319540265063 12
    endloop
  endfacet
  facet normal 0.9510565162951535 0.3090169943749474 0
    outer loop
      vertex 13.390662202603323 3.438137690054117 7.8
      vertex 12.854159917405074 5.0893219408656725 7.8
      vertex 12.854159917405074 5.0893219408656725 12
    endloop
  endfacet
  facet normal 0.9048270524660199 0.4257792915650719 0
    outer loop
      vertex 12.114939851606414 6.660244544456214 7.8
      vertex 12.114939851606414 6.660244544456214 12
      vertex 12.854159917405074 5.0893219408656725 7.8
    endloop
  endfacet
  facet normal 0.9510565162951535 0.3090169943749474 0
    outer loop
      vertex 13.390662202603323 3.438137690054117 7.8
      vertex 12.854159917405074 5.0893219408656725 12
      vertex 13.390662202603323 3.438137690054117 12
    endloop
  endfacet
  facet normal 0.9048270524660199 0.4257792915650719 0
    outer loop
      vertex 12.854159917405074 5.0893219408656725 7.8
      vertex 12.114939851606414 6.660244544456214 12
      vertex 12.854159917405074 5.0893219408656725 12
    endloop
  endfacet
  facet normal 0.6845471059286876 0.7289686274214124 0
    outer loop
      vertex 8.812386658275635 10.652345581375284 7.8
      vertex 8.812386658275635 10.652345581375284 12
      vertex 10.077991274101015 9.463863739464122 7.8
    endloop
  endfacet
  facet normal 0.6845471059286876 0.7289686274214124 0
    outer loop
      vertex 10.077991274101015 9.463863739464122 7.8
      vertex 8.812386658275635 10.652345581375284 12
      vertex 10.077991274101015 9.463863739464122 12
    endloop
  endfacet
  facet normal 0.5877852522924735 0.8090169943749472 0
    outer loop
      vertex 8.812386658275635 10.652345581375284 7.8
      vertex 7.407805440584628 11.672833570065357 7.8
      vertex 7.407805440584628 11.672833570065357 12
    endloop
  endfacet
  facet normal 0.5877852522924735 0.8090169943749472 0
    outer loop
      vertex 8.812386658275635 10.652345581375284 7.8
      vertex 7.407805440584628 11.672833570065357 12
      vertex 8.812386658275635 10.652345581375284 12
    endloop
  endfacet
  facet normal 0.844327925502015 0.5358267949789967 0
    outer loop
      vertex 11.184659947233648 8.12613111294344 7.8
      vertex 11.184659947233648 8.12613111294344 12
      vertex 12.114939851606414 6.660244544456214 7.8
    endloop
  endfacet
  facet normal 0.7705132427757897 0.6374239897486891 0
    outer loop
      vertex 11.184659947233648 8.12613111294344 7.8
      vertex 10.077991274101015 9.463863739464122 7.8
      vertex 10.077991274101015 9.463863739464122 12
    endloop
  endfacet
  facet normal 0.7705132427757897 0.6374239897486891 0
    outer loop
      vertex 11.184659947233648 8.12613111294344 7.8
      vertex 10.077991274101015 9.463863739464122 12
      vertex 11.184659947233648 8.12613111294344 12
    endloop
  endfacet
  facet normal 0.844327925502015 0.5358267949789967 0
    outer loop
      vertex 12.114939851606414 6.660244544456214 7.8
      vertex 11.184659947233648 8.12613111294344 12
      vertex 12.114939851606414 6.660244544456214 12
    endloop
  endfacet
  facet normal 0.8443279255020154 0.5358267949789962 0
    outer loop
      vertex -9.252613360087727 -0.9635073482034308 6
      vertex -9.118033988749895 -1.1755705045849463 0
      vertex -9.252613360087727 -0.9635073482034308 0
    endloop
  endfacet
  facet normal 0.6845471059286873 0.7289686274214127 0
    outer loop
      vertex -8.774847979497379 -1.5410264855515787 6
      vertex -8.774847979497379 -1.5410264855515787 0
      vertex -8.957937254842824 -1.369094211857377 0
    endloop
  endfacet
  facet normal 0.7705132427757896 0.6374239897486894 0
    outer loop
      vertex -9.118033988749895 -1.1755705045849463 6
      vertex -8.957937254842824 -1.369094211857377 0
      vertex -9.118033988749895 -1.1755705045849463 0
    endloop
  endfacet
  facet normal 0.9048270524660182 0.4257792915650753 0
    outer loop
      vertex -9.359552971776504 -0.7362491053693557 6
      vertex -9.252613360087727 -0.9635073482034308 0
      vertex -9.359552971776504 -0.7362491053693557 0
    endloop
  endfacet
  facet normal 0.9510565162951545 0.30901699437494473 0
    outer loop
      vertex -9.437166322257262 -0.4973797743297097 6
      vertex -9.359552971776504 -0.7362491053693557 0
      vertex -9.437166322257262 -0.4973797743297097 0
    endloop
  endfacet
  facet normal 0.982287250728689 0.1873813145857224 0
    outer loop
      vertex -9.484229402628955 -0.25066646712860813 6
      vertex -9.437166322257262 -0.4973797743297097 0
      vertex -9.484229402628955 -0.25066646712860813 0
    endloop
  endfacet
  facet normal 0.9980267284282713 0.06279051952931575 0
    outer loop
      vertex -9.5 0 6
      vertex -9.484229402628955 -0.25066646712860813 0
      vertex -9.5 0 0
    endloop
  endfacet
  facet normal 0.48175367410171727 0.8763066800438624 0
    outer loop
      vertex -8.351558583130146 -1.8096541049320392 6
      vertex -8.351558583130146 -1.8096541049320392 0
      vertex -8.571653589957993 -1.68865585100403 0
    endloop
  endfacet
  facet normal 0.3681245526846768 0.9297764858882519 0
    outer loop
      vertex -8.118033988749895 -1.902113032590307 6
      vertex -8.118033988749895 -1.902113032590307 0
      vertex -8.351558583130146 -1.8096541049320392 0
    endloop
  endfacet
  facet normal 0.24868988716485488 0.9685831611286311 0
    outer loop
      vertex -7.87476262917145 -1.9645745014573772 6
      vertex -7.87476262917145 -1.9645745014573772 0
      vertex -8.118033988749895 -1.902113032590307 0
    endloop
  endfacet
  facet normal 0.12533323356430512 0.9921147013144777 0
    outer loop
      vertex -7.625581039058628 -1.9960534568565431 6
      vertex -7.625581039058628 -1.9960534568565431 0
      vertex -7.87476262917145 -1.9645745014573772 0
    endloop
  endfacet
  facet normal 0 1 0
    outer loop
      vertex -7.374418960941372 -1.9960534568565431 6
      vertex -7.374418960941372 -1.9960534568565431 0
      vertex -7.625581039058628 -1.9960534568565431 0
    endloop
  endfacet
  facet normal -0.12533323356430512 0.9921147013144777 0
    outer loop
      vertex -7.12523737082855 -1.9645745014573772 6
      vertex -7.12523737082855 -1.9645745014573772 0
      vertex -7.374418960941372 -1.9960534568565431 0
    endloop
  endfacet
  facet normal -0.24868988716485488 0.9685831611286311 0
    outer loop
      vertex -6.881966011250105 -1.902113032590307 6
      vertex -6.881966011250105 -1.902113032590307 0
      vertex -7.12523737082855 -1.9645745014573772 0
    endloop
  endfacet
  facet normal 0.5877852522924731 0.8090169943749475 0
    outer loop
      vertex -8.571653589957993 -1.68865585100403 6
      vertex -8.571653589957993 -1.68865585100403 0
      vertex -8.774847979497379 -1.5410264855515787 0
    endloop
  endfacet
  facet normal 0.8443279255020154 0.5358267949789962 0
    outer loop
      vertex -9.252613360087727 -0.9635073482034308 6
      vertex -9.118033988749895 -1.1755705045849463 6
      vertex -9.118033988749895 -1.1755705045849463 0
    endloop
  endfacet
  facet normal 0.9048270524660182 0.4257792915650753 0
    outer loop
      vertex -9.252613360087727 -0.9635073482034308 6
      vertex -9.252613360087727 -0.9635073482034308 0
      vertex -9.359552971776504 -0.7362491053693557 6
    endloop
  endfacet
  facet normal 0.7705132427757896 0.6374239897486894 0
    outer loop
      vertex -9.118033988749895 -1.1755705045849463 6
      vertex -8.957937254842824 -1.369094211857377 6
      vertex -8.957937254842824 -1.369094211857377 0
    endloop
  endfacet
  facet normal 0.6845471059286873 0.7289686274214127 0
    outer loop
      vertex -8.957937254842824 -1.369094211857377 6
      vertex -8.774847979497379 -1.5410264855515787 6
      vertex -8.957937254842824 -1.369094211857377 0
    endloop
  endfacet
  facet normal 0.5877852522924731 0.8090169943749475 0
    outer loop
      vertex -8.774847979497379 -1.5410264855515787 6
      vertex -8.571653589957993 -1.68865585100403 6
      vertex -8.774847979497379 -1.5410264855515787 0
    endloop
  endfacet
  facet normal 0.9510565162951545 0.30901699437494473 0
    outer loop
      vertex -9.359552971776504 -0.7362491053693557 6
      vertex -9.359552971776504 -0.7362491053693557 0
      vertex -9.437166322257262 -0.4973797743297097 6
    endloop
  endfacet
  facet normal 0.982287250728689 0.1873813145857224 0
    outer loop
      vertex -9.437166322257262 -0.4973797743297097 6
      vertex -9.437166322257262 -0.4973797743297097 0
      vertex -9.484229402628955 -0.25066646712860813 6
    endloop
  endfacet
  facet normal 0.9980267284282713 0.06279051952931575 0
    outer loop
      vertex -9.484229402628955 -0.25066646712860813 6
      vertex -9.484229402628955 -0.25066646712860813 0
      vertex -9.5 0 6
    endloop
  endfacet
  facet normal 0.48175367410171727 0.8763066800438624 0
    outer loop
      vertex -8.571653589957993 -1.68865585100403 6
      vertex -8.351558583130146 -1.8096541049320392 6
      vertex -8.571653589957993 -1.68865585100403 0
    endloop
  endfacet
  facet normal 0.3681245526846768 0.9297764858882519 0
    outer loop
      vertex -8.351558583130146 -1.8096541049320392 6
      vertex -8.118033988749895 -1.902113032590307 6
      vertex -8.351558583130146 -1.8096541049320392 0
    endloop
  endfacet
  facet normal 0.24868988716485488 0.9685831611286311 0
    outer loop
      vertex -8.118033988749895 -1.902113032590307 6
      vertex -7.87476262917145 -1.9645745014573772 6
      vertex -8.118033988749895 -1.902113032590307 0
    endloop
  endfacet
  facet normal 0.12533323356430512 0.9921147013144777 0
    outer loop
      vertex -7.87476262917145 -1.9645745014573772 6
      vertex -7.625581039058628 -1.9960534568565431 6
      vertex -7.87476262917145 -1.9645745014573772 0
    endloop
  endfacet
  facet normal 0 1 0
    outer loop
      vertex -7.625581039058628 -1.9960534568565431 6
      vertex -7.374418960941372 -1.9960534568565431 6
      vertex -7.625581039058628 -1.9960534568565431 0
    endloop
  endfacet
  facet normal -0.12533323356430512 0.9921147013144777 0
    outer loop
      vertex -7.374418960941372 -1.9960534568565431 6
      vertex -7.12523737082855 -1.9645745014573772 6
      vertex -7.374418960941372 -1.9960534568565431 0
    endloop
  endfacet
  facet normal -0.24868988716485488 0.9685831611286311 0
    outer loop
      vertex -7.12523737082855 -1.9645745014573772 6
      vertex -6.881966011250105 -1.902113032590307 6
      vertex -7.12523737082855 -1.9645745014573772 0
    endloop
  endfacet
  facet normal -0.368124552684678 0.9297764858882513 0
    outer loop
      vertex -6.648441416869855 -1.8096541049320392 6
      vertex -6.648441416869855 -1.8096541049320392 0
      vertex -6.881966011250105 -1.902113032590307 0
    endloop
  endfacet
  facet normal -0.48175367410171527 0.8763066800438636 0
    outer loop
      vertex -6.428346410042008 -1.6886558510040306 6
      vertex -6.428346410042008 -1.6886558510040306 0
      vertex -6.648441416869855 -1.8096541049320392 0
    endloop
  endfacet
  facet normal -0.5877852522924715 0.8090169943749486 0
    outer loop
      vertex -6.22515202050262 -1.541026485551578 6
      vertex -6.22515202050262 -1.541026485551578 0
      vertex -6.428346410042008 -1.6886558510040306 0
    endloop
  endfacet
  facet normal -0.6845471059286894 0.7289686274214108 0
    outer loop
      vertex -6.0420627451571765 -1.369094211857377 6
      vertex -6.0420627451571765 -1.369094211857377 0
      vertex -6.22515202050262 -1.541026485551578 0
    endloop
  endfacet
  facet normal -0.7705132427757896 0.6374239897486894 0
    outer loop
      vertex -6.0420627451571765 -1.369094211857377 6
      vertex -5.881966011250105 -1.1755705045849463 0
      vertex -6.0420627451571765 -1.369094211857377 0
    endloop
  endfacet
  facet normal -0.8443279255020154 0.5358267949789962 0
    outer loop
      vertex -5.881966011250105 -1.1755705045849463 6
      vertex -5.747386639912273 -0.9635073482034308 0
      vertex -5.881966011250105 -1.1755705045849463 0
    endloop
  endfacet
  facet normal -0.904827052466019 0.425779291565074 0
    outer loop
      vertex -5.747386639912273 -0.9635073482034308 6
      vertex -5.640447028223497 -0.7362491053693567 0
      vertex -5.747386639912273 -0.9635073482034308 0
    endloop
  endfacet
  facet normal -0.9510565162951541 0.30901699437494573 0
    outer loop
      vertex -5.640447028223497 -0.7362491053693567 6
      vertex -5.562833677742738 -0.49737977432970887 0
      vertex -5.640447028223497 -0.7362491053693567 0
    endloop
  endfacet
  facet normal -0.9822872507286884 0.18738131458572643 0
    outer loop
      vertex -5.562833677742738 -0.49737977432970887 6
      vertex -5.515770597371044 -0.25066646712860813 0
      vertex -5.562833677742738 -0.49737977432970887 0
    endloop
  endfacet
  facet normal -0.9980267284282717 0.06279051952931222 0
    outer loop
      vertex -5.515770597371044 -0.25066646712860813 6
      vertex -5.5 0 0
      vertex -5.515770597371044 -0.25066646712860813 0
    endloop
  endfacet
  facet normal -0.368124552684678 0.9297764858882513 0
    outer loop
      vertex -6.881966011250105 -1.902113032590307 6
      vertex -6.648441416869855 -1.8096541049320392 6
      vertex -6.881966011250105 -1.902113032590307 0
    endloop
  endfacet
  facet normal -0.48175367410171527 0.8763066800438636 0
    outer loop
      vertex -6.648441416869855 -1.8096541049320392 6
      vertex -6.428346410042008 -1.6886558510040306 6
      vertex -6.648441416869855 -1.8096541049320392 0
    endloop
  endfacet
  facet normal -0.5877852522924715 0.8090169943749486 0
    outer loop
      vertex -6.428346410042008 -1.6886558510040306 6
      vertex -6.22515202050262 -1.541026485551578 6
      vertex -6.428346410042008 -1.6886558510040306 0
    endloop
  endfacet
  facet normal -0.6845471059286894 0.7289686274214108 0
    outer loop
      vertex -6.22515202050262 -1.541026485551578 6
      vertex -6.0420627451571765 -1.369094211857377 6
      vertex -6.22515202050262 -1.541026485551578 0
    endloop
  endfacet
  facet normal -0.7705132427757896 0.6374239897486894 0
    outer loop
      vertex -6.0420627451571765 -1.369094211857377 6
      vertex -5.881966011250105 -1.1755705045849463 6
      vertex -5.881966011250105 -1.1755705045849463 0
    endloop
  endfacet
  facet normal -0.8443279255020154 0.5358267949789962 0
    outer loop
      vertex -5.881966011250105 -1.1755705045849463 6
      vertex -5.747386639912273 -0.9635073482034308 6
      vertex -5.747386639912273 -0.9635073482034308 0
    endloop
  endfacet
  facet normal -0.904827052466019 0.425779291565074 0
    outer loop
      vertex -5.747386639912273 -0.9635073482034308 6
      vertex -5.640447028223497 -0.7362491053693567 6
      vertex -5.640447028223497 -0.7362491053693567 0
    endloop
  endfacet
  facet normal -0.9510565162951541 0.30901699437494573 0
    outer loop
      vertex -5.640447028223497 -0.7362491053693567 6
      vertex -5.562833677742738 -0.49737977432970887 6
      vertex -5.562833677742738 -0.49737977432970887 0
    endloop
  endfacet
  facet normal -0.9822872507286884 0.18738131458572643 0
    outer loop
      vertex -5.562833677742738 -0.49737977432970887 6
      vertex -5.515770597371044 -0.25066646712860813 6
      vertex -5.515770597371044 -0.25066646712860813 0
    endloop
  endfacet
  facet normal -0.9980267284282717 0.06279051952931222 0
    outer loop
      vertex -5.515770597371044 -0.25066646712860813 6
      vertex -5.5 0 6
      vertex -5.5 0 0
    endloop
  endfacet
  facet normal 0 0 -1
    outer loop
      vertex -9.252613360087727 -0.9635073482034308 6
      vertex -9.077352024078955 -0.8671566133830877 6
      vertex -9.118033988749895 -1.1755705045849463 6
    endloop
  endfacet
  facet normal 0 0 -1
    outer loop
      vertex -8.957937254842824 -1.369094211857377 6
      vertex -8.647363181547641 -1.386923836996421 6
      vertex -8.774847979497379 -1.5410264855515787 6
    endloop
  endfacet
  facet normal 0 0 -1
    outer loop
      vertex -8.957937254842824 -1.369094211857377 6
      vertex -8.812143529358542 -1.2321847906716394 6
      vertex -8.647363181547641 -1.386923836996421 6
    endloop
  endfacet
  facet normal 0 0 -1
    outer loop
      vertex -9.118033988749895 -1.1755705045849463 6
      vertex -8.956230589874906 -1.0580134541264516 6
      vertex -8.957937254842824 -1.369094211857377 6
    endloop
  endfacet
  facet normal 0 0 -1
    outer loop
      vertex -8.957937254842824 -1.369094211857377 6
      vertex -8.956230589874906 -1.0580134541264516 6
      vertex -8.812143529358542 -1.2321847906716394 6
    endloop
  endfacet
  facet normal 0 0 -1
    outer loop
      vertex -9.118033988749895 -1.1755705045849463 6
      vertex -9.077352024078955 -0.8671566133830877 6
      vertex -8.956230589874906 -1.0580134541264516 6
    endloop
  endfacet
  facet normal 0 0 -1
    outer loop
      vertex -9.252613360087727 -0.9635073482034308 6
      vertex -9.243449690031536 -0.4476417968967387 6
      vertex -9.173597674598852 -0.6626241948324202 6
    endloop
  endfacet
  facet normal 0 0 -1
    outer loop
      vertex -9.252613360087727 -0.9635073482034308 6
      vertex -9.173597674598852 -0.6626241948324202 6
      vertex -9.077352024078955 -0.8671566133830877 6
    endloop
  endfacet
  facet normal 0 0 -1
    outer loop
      vertex -9.252613360087727 -0.9635073482034308 6
      vertex -9.285806462366061 -0.22559982041574733 6
      vertex -9.243449690031536 -0.4476417968967387 6
    endloop
  endfacet
  facet normal 0 0 -1
    outer loop
      vertex -9.359552971776504 -0.7362491053693557 6
      vertex -9.437166322257262 -0.4973797743297097 6
      vertex -9.437166322257262 0.4973797743297097 6
    endloop
  endfacet
  facet normal 0 0 -1
    outer loop
      vertex -9.252613360087727 -0.9635073482034308 6
      vertex -9.359552971776504 -0.7362491053693557 6
      vertex -9.359552971776504 0.7362491053693557 6
    endloop
  endfacet
  facet normal 0 0 -1
    outer loop
      vertex -9.437166322257262 -0.4973797743297097 6
      vertex -9.484229402628955 -0.25066646712860813 6
      vertex -9.484229402628955 0.25066646712860813 6
    endloop
  endfacet
  facet normal 0 0 -1
    outer loop
      vertex -9.252613360087727 -0.9635073482034308 6
      vertex -9.359552971776504 0.7362491053693557 6
      vertex -9.285806462366061 -0.22559982041574733 6
    endloop
  endfacet
  facet normal 0 0 -1
    outer loop
      vertex -8.351558583130146 -1.8096541049320392 6
      vertex -8.056230589874906 -1.7119017293312764 6
      vertex -8.118033988749895 -1.902113032590307 6
    endloop
  endfacet
  facet normal 0 0 -1
    outer loop
      vertex -8.118033988749895 -1.902113032590307 6
      vertex -8.056230589874906 -1.7119017293312764 6
      vertex -7.837286366254305 -1.7681170513116395 6
    endloop
  endfacet
  facet normal 0 0 -1
    outer loop
      vertex -8.118033988749895 -1.902113032590307 6
      vertex -7.837286366254305 -1.7681170513116395 6
      vertex -7.87476262917145 -1.9645745014573772 6
    endloop
  endfacet
  facet normal 0 0 -1
    outer loop
      vertex -7.87476262917145 -1.9645745014573772 6
      vertex -7.837286366254305 -1.7681170513116395 6
      vertex -7.613022935152765 -1.7964481111708888 6
    endloop
  endfacet
  facet normal 0 0 -1
    outer loop
      vertex -7.87476262917145 -1.9645745014573772 6
      vertex -7.613022935152765 -1.7964481111708888 6
      vertex -7.625581039058628 -1.9960534568565431 6
    endloop
  endfacet
  facet normal 0 0 -1
    outer loop
      vertex -7.625581039058628 -1.9960534568565431 6
      vertex -7.613022935152765 -1.7964481111708888 6
      vertex -7.386977064847235 -1.7964481111708888 6
    endloop
  endfacet
  facet normal 0 0 -1
    outer loop
      vertex -7.625581039058628 -1.9960534568565431 6
      vertex -7.386977064847235 -1.7964481111708888 6
      vertex -7.374418960941372 -1.9960534568565431 6
    endloop
  endfacet
  facet normal 0 0 -1
    outer loop
      vertex -7.374418960941372 -1.9960534568565431 6
      vertex -7.386977064847235 -1.7964481111708888 6
      vertex -7.162713633745695 -1.7681170513116395 6
    endloop
  endfacet
  facet normal 0 0 -1
    outer loop
      vertex -7.374418960941372 -1.9960534568565431 6
      vertex -7.162713633745695 -1.7681170513116395 6
      vertex -7.12523737082855 -1.9645745014573772 6
    endloop
  endfacet
  facet normal 0 0 -1
    outer loop
      vertex -7.162713633745695 -1.7681170513116395 6
      vertex -6.943769410125094 -1.7119017293312764 6
      vertex -7.12523737082855 -1.9645745014573772 6
    endloop
  endfacet
  facet normal 0 0 -1
    outer loop
      vertex -7.12523737082855 -1.9645745014573772 6
      vertex -6.943769410125094 -1.7119017293312764 6
      vertex -6.881966011250105 -1.902113032590307 6
    endloop
  endfacet
  facet normal 0 0 -1
    outer loop
      vertex -8.774847979497379 -1.5410264855515787 6
      vertex -8.464488230962194 -1.5197902659036269 6
      vertex -8.571653589957993 -1.68865585100403 6
    endloop
  endfacet
  facet normal 0 0 -1
    outer loop
      vertex -8.571653589957993 -1.68865585100403 6
      vertex -8.464488230962194 -1.5197902659036269 6
      vertex -8.26640272481713 -1.6286886944388352 6
    endloop
  endfacet
  facet normal 0 0 -1
    outer loop
      vertex -8.774847979497379 -1.5410264855515787 6
      vertex -8.647363181547641 -1.386923836996421 6
      vertex -8.464488230962194 -1.5197902659036269 6
    endloop
  endfacet
  facet normal 0 0 -1
    outer loop
      vertex -8.571653589957993 -1.68865585100403 6
      vertex -8.26640272481713 -1.6286886944388352 6
      vertex -8.351558583130146 -1.8096541049320392 6
    endloop
  endfacet
  facet normal 0 0 -1
    outer loop
      vertex -8.351558583130146 -1.8096541049320392 6
      vertex -8.26640272481713 -1.6286886944388352 6
      vertex -8.056230589874906 -1.7119017293312764 6
    endloop
  endfacet
  facet normal 0 0 -1
    outer loop
      vertex -6.881966011250105 -1.902113032590307 6
      vertex -6.943769410125094 -1.7119017293312764 6
      vertex -6.73359727518287 -1.6286886944388352 6
    endloop
  endfacet
  facet normal 0 0 -1
    outer loop
      vertex -6.881966011250105 -1.902113032590307 6
      vertex -6.73359727518287 -1.6286886944388352 6
      vertex -6.648441416869855 -1.8096541049320392 6
    endloop
  endfacet
  facet normal 0 0 -1
    outer loop
      vertex -6.648441416869855 -1.8096541049320392 6
      vertex -6.73359727518287 -1.6286886944388352 6
      vertex -6.535511769037807 -1.5197902659036275 6
    endloop
  endfacet
  facet normal 0 0 -1
    outer loop
      vertex -6.648441416869855 -1.8096541049320392 6
      vertex -6.535511769037807 -1.5197902659036275 6
      vertex -6.428346410042008 -1.6886558510040306 6
    endloop
  endfacet
  facet normal 0 0 -1
    outer loop
      vertex -6.428346410042008 -1.6886558510040306 6
      vertex -6.535511769037807 -1.5197902659036275 6
      vertex -6.352636818452358 -1.3869238369964203 6
    endloop
  endfacet
  facet normal 0 0 -1
    outer loop
      vertex -6.428346410042008 -1.6886558510040306 6
      vertex -6.352636818452358 -1.3869238369964203 6
      vertex -6.22515202050262 -1.541026485551578 6
    endloop
  endfacet
  facet normal 0 0 -1
    outer loop
      vertex -6.352636818452358 -1.3869238369964203 6
      vertex -6.187856470641459 -1.2321847906716394 6
      vertex -6.22515202050262 -1.541026485551578 6
    endloop
  endfacet
  facet normal 0 0 -1
    outer loop
      vertex -6.22515202050262 -1.541026485551578 6
      vertex -6.187856470641459 -1.2321847906716394 6
      vertex -6.0420627451571765 -1.369094211857377 6
    endloop
  endfacet
  facet normal 0 0 -1
    outer loop
      vertex -6.187856470641459 -1.2321847906716394 6
      vertex -6.043769410125094 -1.0580134541264516 6
      vertex -6.0420627451571765 -1.369094211857377 6
    endloop
  endfacet
  facet normal 0 0 -1
    outer loop
      vertex -6.0420627451571765 -1.369094211857377 6
      vertex -6.043769410125094 -1.0580134541264516 6
      vertex -5.922647975921046 -0.8671566133830877 6
    endloop
  endfacet
  facet normal 0 0 -1
    outer loop
      vertex -6.0420627451571765 -1.369094211857377 6
      vertex -5.922647975921046 -0.8671566133830877 6
      vertex -5.881966011250105 -1.1755705045849463 6
    endloop
  endfacet
  facet normal 0 0 -1
    outer loop
      vertex -5.881966011250105 -1.1755705045849463 6
      vertex -5.922647975921046 -0.8671566133830877 6
      vertex -5.826402325401148 -0.6626241948324211 6
    endloop
  endfacet
  facet normal 0 0 -1
    outer loop
      vertex -5.881966011250105 -1.1755705045849463 6
      vertex -5.826402325401148 -0.6626241948324211 6
      vertex -5.747386639912273 -0.9635073482034308 6
    endloop
  endfacet
  facet normal 0 0 -1
    outer loop
      vertex -5.747386639912273 -0.9635073482034308 6
      vertex -5.826402325401148 -0.6626241948324211 6
      vertex -5.756550309968464 -0.447641796896738 6
    endloop
  endfacet
  facet normal 0 0 -1
    outer loop
      vertex -5.747386639912273 -0.9635073482034308 6
      vertex -5.756550309968464 -0.447641796896738 6
      vertex -5.71419353763394 -0.22559982041574733 6
    endloop
  endfacet
  facet normal 0 0 -1
    outer loop
      vertex -5.747386639912273 -0.9635073482034308 6
      vertex -5.71419353763394 -0.22559982041574733 6
      vertex -5.640447028223497 -0.7362491053693567 6
    endloop
  endfacet
  facet normal 0 0 -1
    outer loop
      vertex -5.71419353763394 -0.22559982041574733 6
      vertex -5.7 0 6
      vertex -5.640447028223497 -0.7362491053693567 6
    endloop
  endfacet
  facet normal 0 0 -1
    outer loop
      vertex -5.640447028223497 -0.7362491053693567 6
      vertex -5.640447028223497 0.736249105369356 6
      vertex -5.562833677742738 -0.49737977432970887 6
    endloop
  endfacet
  facet normal 0 0 -1
    outer loop
      vertex -5.562833677742738 -0.49737977432970887 6
      vertex -5.562833677742738 0.4973797743297096 6
      vertex -5.515770597371044 -0.25066646712860813 6
    endloop
  endfacet
  facet normal 0.9980267284282713 -0.06279051952931575 0
    outer loop
      vertex -9.484229402628955 0.25066646712860813 6
      vertex -9.5 0 0
      vertex -9.484229402628955 0.25066646712860813 0
    endloop
  endfacet
  facet normal 0.982287250728689 -0.1873813145857224 0
    outer loop
      vertex -9.437166322257262 0.4973797743297097 6
      vertex -9.484229402628955 0.25066646712860813 0
      vertex -9.437166322257262 0.4973797743297097 0
    endloop
  endfacet
  facet normal 0.9510565162951545 -0.30901699437494473 0
    outer loop
      vertex -9.359552971776504 0.7362491053693557 6
      vertex -9.437166322257262 0.4973797743297097 0
      vertex -9.359552971776504 0.7362491053693557 0
    endloop
  endfacet
  facet normal 0.9048270524660182 -0.4257792915650753 0
    outer loop
      vertex -9.252613360087727 0.9635073482034308 6
      vertex -9.359552971776504 0.7362491053693557 0
      vertex -9.252613360087727 0.9635073482034308 0
    endloop
  endfacet
  facet normal 0.8443279255020154 -0.5358267949789962 0
    outer loop
      vertex -9.118033988749895 1.1755705045849463 6
      vertex -9.252613360087727 0.9635073482034308 0
      vertex -9.118033988749895 1.1755705045849463 0
    endloop
  endfacet
  facet normal 0.7705132427757896 -0.6374239897486894 0
    outer loop
      vertex -8.957937254842824 1.369094211857377 6
      vertex -9.118033988749895 1.1755705045849463 0
      vertex -8.957937254842824 1.369094211857377 0
    endloop
  endfacet
  facet normal 0.6845471059286873 -0.7289686274214127 0
    outer loop
      vertex -8.957937254842824 1.369094211857377 6
      vertex -8.957937254842824 1.369094211857377 0
      vertex -8.774847979497379 1.5410264855515787 0
    endloop
  endfacet
  facet normal 0.5877852522924731 -0.8090169943749475 0
    outer loop
      vertex -8.774847979497379 1.5410264855515787 6
      vertex -8.774847979497379 1.5410264855515787 0
      vertex -8.571653589957993 1.68865585100403 0
    endloop
  endfacet
  facet normal 0.4817536741017166 -0.8763066800438628 0
    outer loop
      vertex -8.571653589957993 1.68865585100403 6
      vertex -8.571653589957993 1.68865585100403 0
      vertex -8.351558583130146 1.809654104932039 0
    endloop
  endfacet
  facet normal 0.3681245526846776 -0.9297764858882517 0
    outer loop
      vertex -8.351558583130146 1.809654104932039 6
      vertex -8.351558583130146 1.809654104932039 0
      vertex -8.118033988749895 1.902113032590307 0
    endloop
  endfacet
  facet normal 0.24868988716485485 -0.968583161128631 0
    outer loop
      vertex -8.118033988749895 1.902113032590307 6
      vertex -8.118033988749895 1.902113032590307 0
      vertex -7.874762629171449 1.9645745014573774 0
    endloop
  endfacet
  facet normal 0.12533323356430426 -0.9921147013144778 0
    outer loop
      vertex -7.874762629171449 1.9645745014573774 6
      vertex -7.874762629171449 1.9645745014573774 0
      vertex -7.625581039058627 1.9960534568565431 0
    endloop
  endfacet
  facet normal 0 -1 0
    outer loop
      vertex -7.625581039058627 1.9960534568565431 6
      vertex -7.625581039058627 1.9960534568565431 0
      vertex -7.374418960941373 1.9960534568565431 0
    endloop
  endfacet
  facet normal -0.12533323356430426 -0.9921147013144778 0
    outer loop
      vertex -7.374418960941373 1.9960534568565431 6
      vertex -7.374418960941373 1.9960534568565431 0
      vertex -7.125237370828551 1.9645745014573774 0
    endloop
  endfacet
  facet normal -0.24868988716485485 -0.968583161128631 0
    outer loop
      vertex -7.125237370828551 1.9645745014573774 6
      vertex -7.125237370828551 1.9645745014573774 0
      vertex -6.881966011250105 1.902113032590307 0
    endloop
  endfacet
  facet normal 0.9980267284282713 -0.06279051952931575 0
    outer loop
      vertex -9.5 0 6
      vertex -9.5 0 0
      vertex -9.484229402628955 0.25066646712860813 6
    endloop
  endfacet
  facet normal 0.982287250728689 -0.1873813145857224 0
    outer loop
      vertex -9.484229402628955 0.25066646712860813 6
      vertex -9.484229402628955 0.25066646712860813 0
      vertex -9.437166322257262 0.4973797743297097 6
    endloop
  endfacet
  facet normal 0.9510565162951545 -0.30901699437494473 0
    outer loop
      vertex -9.437166322257262 0.4973797743297097 6
      vertex -9.437166322257262 0.4973797743297097 0
      vertex -9.359552971776504 0.7362491053693557 6
    endloop
  endfacet
  facet normal 0.9048270524660182 -0.4257792915650753 0
    outer loop
      vertex -9.359552971776504 0.7362491053693557 6
      vertex -9.359552971776504 0.7362491053693557 0
      vertex -9.252613360087727 0.9635073482034308 6
    endloop
  endfacet
  facet normal 0.8443279255020154 -0.5358267949789962 0
    outer loop
      vertex -9.252613360087727 0.9635073482034308 6
      vertex -9.252613360087727 0.9635073482034308 0
      vertex -9.118033988749895 1.1755705045849463 6
    endloop
  endfacet
  facet normal 0.7705132427757896 -0.6374239897486894 0
    outer loop
      vertex -9.118033988749895 1.1755705045849463 6
      vertex -9.118033988749895 1.1755705045849463 0
      vertex -8.957937254842824 1.369094211857377 6
    endloop
  endfacet
  facet normal 0.6845471059286873 -0.7289686274214127 0
    outer loop
      vertex -8.957937254842824 1.369094211857377 6
      vertex -8.774847979497379 1.5410264855515787 0
      vertex -8.774847979497379 1.5410264855515787 6
    endloop
  endfacet
  facet normal 0.5877852522924731 -0.8090169943749475 0
    outer loop
      vertex -8.774847979497379 1.5410264855515787 6
      vertex -8.571653589957993 1.68865585100403 0
      vertex -8.571653589957993 1.68865585100403 6
    endloop
  endfacet
  facet normal 0.4817536741017166 -0.8763066800438628 0
    outer loop
      vertex -8.571653589957993 1.68865585100403 6
      vertex -8.351558583130146 1.809654104932039 0
      vertex -8.351558583130146 1.809654104932039 6
    endloop
  endfacet
  facet normal 0.3681245526846776 -0.9297764858882517 0
    outer loop
      vertex -8.351558583130146 1.809654104932039 6
      vertex -8.118033988749895 1.902113032590307 0
      vertex -8.118033988749895 1.902113032590307 6
    endloop
  endfacet
  facet normal 0.24868988716485485 -0.968583161128631 0
    outer loop
      vertex -8.118033988749895 1.902113032590307 6
      vertex -7.874762629171449 1.9645745014573774 0
      vertex -7.874762629171449 1.9645745014573774 6
    endloop
  endfacet
  facet normal 0.12533323356430426 -0.9921147013144778 0
    outer loop
      vertex -7.874762629171449 1.9645745014573774 6
      vertex -7.625581039058627 1.9960534568565431 0
      vertex -7.625581039058627 1.9960534568565431 6
    endloop
  endfacet
  facet normal 0 -1 0
    outer loop
      vertex -7.625581039058627 1.9960534568565431 6
      vertex -7.374418960941373 1.9960534568565431 0
      vertex -7.374418960941373 1.9960534568565431 6
    endloop
  endfacet
  facet normal -0.12533323356430426 -0.9921147013144778 0
    outer loop
      vertex -7.374418960941373 1.9960534568565431 6
      vertex -7.125237370828551 1.9645745014573774 0
      vertex -7.125237370828551 1.9645745014573774 6
    endloop
  endfacet
  facet normal -0.24868988716485485 -0.968583161128631 0
    outer loop
      vertex -7.125237370828551 1.9645745014573774 6
      vertex -6.881966011250105 1.902113032590307 0
      vertex -6.881966011250105 1.902113032590307 6
    endloop
  endfacet
  facet normal -0.5877852522924731 -0.8090169943749475 0
    outer loop
      vertex -6.428346410042007 1.6886558510040302 6
      vertex -6.428346410042007 1.6886558510040302 0
      vertex -6.2251520205026205 1.5410264855515783 0
    endloop
  endfacet
  facet normal -0.6845471059286872 -0.7289686274214129 0
    outer loop
      vertex -6.2251520205026205 1.5410264855515783 6
      vertex -6.2251520205026205 1.5410264855515783 0
      vertex -6.0420627451571765 1.3690942118573775 0
    endloop
  endfacet
  facet normal -0.9048270524660194 -0.4257792915650729 0
    outer loop
      vertex -5.640447028223497 0.736249105369356 6
      vertex -5.747386639912273 0.9635073482034306 0
      vertex -5.640447028223497 0.736249105369356 0
    endloop
  endfacet
  facet normal -0.9980267284282717 -0.06279051952931214 0
    outer loop
      vertex -5.5 0 6
      vertex -5.515770597371044 0.2506664671286085 0
      vertex -5.5 0 0
    endloop
  endfacet
  facet normal -0.9822872507286883 -0.18738131458572616 0
    outer loop
      vertex -5.515770597371044 0.2506664671286085 6
      vertex -5.562833677742738 0.4973797743297096 0
      vertex -5.515770597371044 0.2506664671286085 0
    endloop
  endfacet
  facet normal -0.9510565162951536 -0.3090169943749475 0
    outer loop
      vertex -5.562833677742738 0.4973797743297096 6
      vertex -5.640447028223497 0.736249105369356 0
      vertex -5.562833677742738 0.4973797743297096 0
    endloop
  endfacet
  facet normal -0.7705132427757903 -0.6374239897486884 0
    outer loop
      vertex -5.881966011250105 1.1755705045849463 6
      vertex -6.0420627451571765 1.3690942118573775 0
      vertex -5.881966011250105 1.1755705045849463 0
    endloop
  endfacet
  facet normal -0.8443279255020155 -0.535826794978996 0
    outer loop
      vertex -5.747386639912273 0.9635073482034306 6
      vertex -5.881966011250105 1.1755705045849463 0
      vertex -5.747386639912273 0.9635073482034306 0
    endloop
  endfacet
  facet normal -0.3681245526846776 -0.9297764858882517 0
    outer loop
      vertex -6.881966011250105 1.902113032590307 6
      vertex -6.881966011250105 1.902113032590307 0
      vertex -6.648441416869854 1.809654104932039 0
    endloop
  endfacet
  facet normal -0.48175367410171593 -0.8763066800438631 0
    outer loop
      vertex -6.648441416869854 1.809654104932039 6
      vertex -6.648441416869854 1.809654104932039 0
      vertex -6.428346410042007 1.6886558510040302 0
    endloop
  endfacet
  facet normal -0.5877852522924731 -0.8090169943749475 0
    outer loop
      vertex -6.428346410042007 1.6886558510040302 6
      vertex -6.2251520205026205 1.5410264855515783 0
      vertex -6.2251520205026205 1.5410264855515783 6
    endloop
  endfacet
  facet normal -0.6845471059286872 -0.7289686274214129 0
    outer loop
      vertex -6.0420627451571765 1.3690942118573775 6
      vertex -6.2251520205026205 1.5410264855515783 6
      vertex -6.0420627451571765 1.3690942118573775 0
    endloop
  endfacet
  facet normal -0.9980267284282717 -0.06279051952931214 0
    outer loop
      vertex -5.5 0 6
      vertex -5.515770597371044 0.2506664671286085 6
      vertex -5.515770597371044 0.2506664671286085 0
    endloop
  endfacet
  facet normal -0.9822872507286883 -0.18738131458572616 0
    outer loop
      vertex -5.515770597371044 0.2506664671286085 6
      vertex -5.562833677742738 0.4973797743297096 6
      vertex -5.562833677742738 0.4973797743297096 0
    endloop
  endfacet
  facet normal -0.9510565162951536 -0.3090169943749475 0
    outer loop
      vertex -5.562833677742738 0.4973797743297096 6
      vertex -5.640447028223497 0.736249105369356 6
      vertex -5.640447028223497 0.736249105369356 0
    endloop
  endfacet
  facet normal -0.8443279255020155 -0.535826794978996 0
    outer loop
      vertex -5.747386639912273 0.9635073482034306 6
      vertex -5.881966011250105 1.1755705045849463 6
      vertex -5.881966011250105 1.1755705045849463 0
    endloop
  endfacet
  facet normal -0.9048270524660194 -0.4257792915650729 0
    outer loop
      vertex -5.747386639912273 0.9635073482034306 6
      vertex -5.747386639912273 0.9635073482034306 0
      vertex -5.640447028223497 0.736249105369356 6
    endloop
  endfacet
  facet normal -0.7705132427757903 -0.6374239897486884 0
    outer loop
      vertex -6.0420627451571765 1.3690942118573775 6
      vertex -6.0420627451571765 1.3690942118573775 0
      vertex -5.881966011250105 1.1755705045849463 6
    endloop
  endfacet
  facet normal -0.3681245526846776 -0.9297764858882517 0
    outer loop
      vertex -6.881966011250105 1.902113032590307 6
      vertex -6.648441416869854 1.809654104932039 0
      vertex -6.648441416869854 1.809654104932039 6
    endloop
  endfacet
  facet normal -0.48175367410171593 -0.8763066800438631 0
    outer loop
      vertex -6.428346410042007 1.6886558510040302 6
      vertex -6.648441416869854 1.809654104932039 6
      vertex -6.428346410042007 1.6886558510040302 0
    endloop
  endfacet
  facet normal 0 0 -1
    outer loop
      vertex -9.484229402628955 -0.25066646712860813 6
      vertex -9.5 0 6
      vertex -9.484229402628955 0.25066646712860813 6
    endloop
  endfacet
  facet normal 0 0 -1
    outer loop
      vertex -9.437166322257262 -0.4973797743297097 6
      vertex -9.484229402628955 0.25066646712860813 6
      vertex -9.437166322257262 0.4973797743297097 6
    endloop
  endfacet
  facet normal 0 0 -1
    outer loop
      vertex -9.359552971776504 -0.7362491053693557 6
      vertex -9.437166322257262 0.4973797743297097 6
      vertex -9.359552971776504 0.7362491053693557 6
    endloop
  endfacet
  facet normal 0 0 -1
    outer loop
      vertex -9.285806462366061 -0.22559982041574733 6
      vertex -9.359552971776504 0.7362491053693557 6
      vertex -9.3 0 6
    endloop
  endfacet
  facet normal 0 0 -1
    outer loop
      vertex -9.3 0 6
      vertex -9.359552971776504 0.7362491053693557 6
      vertex -9.285806462366061 0.22559982041574733 6
    endloop
  endfacet
  facet normal 0 0 -1
    outer loop
      vertex -9.285806462366061 0.22559982041574733 6
      vertex -9.359552971776504 0.7362491053693557 6
      vertex -9.252613360087727 0.9635073482034308 6
    endloop
  endfacet
  facet normal 0 0 -1
    outer loop
      vertex -9.285806462366061 0.22559982041574733 6
      vertex -9.252613360087727 0.9635073482034308 6
      vertex -9.243449690031536 0.4476417968967387 6
    endloop
  endfacet
  facet normal 0 0 -1
    outer loop
      vertex -9.243449690031536 0.4476417968967387 6
      vertex -9.252613360087727 0.9635073482034308 6
      vertex -9.173597674598852 0.6626241948324202 6
    endloop
  endfacet
  facet normal 0 0 -1
    outer loop
      vertex -9.173597674598852 0.6626241948324202 6
      vertex -9.252613360087727 0.9635073482034308 6
      vertex -9.118033988749895 1.1755705045849463 6
    endloop
  endfacet
  facet normal 0 0 -1
    outer loop
      vertex -9.173597674598852 0.6626241948324202 6
      vertex -9.118033988749895 1.1755705045849463 6
      vertex -9.077352024078955 0.8671566133830877 6
    endloop
  endfacet
  facet normal 0 0 -1
    outer loop
      vertex -9.077352024078955 0.8671566133830877 6
      vertex -9.118033988749895 1.1755705045849463 6
      vertex -8.957937254842824 1.369094211857377 6
    endloop
  endfacet
  facet normal 0 0 -1
    outer loop
      vertex -9.077352024078955 0.8671566133830877 6
      vertex -8.957937254842824 1.369094211857377 6
      vertex -8.956230589874906 1.0580134541264516 6
    endloop
  endfacet
  facet normal 0 0 -1
    outer loop
      vertex -8.956230589874906 1.0580134541264516 6
      vertex -8.957937254842824 1.369094211857377 6
      vertex -8.812143529358542 1.2321847906716394 6
    endloop
  endfacet
  facet normal 0 0 -1
    outer loop
      vertex -8.957937254842824 1.369094211857377 6
      vertex -8.774847979497379 1.5410264855515787 6
      vertex -8.812143529358542 1.2321847906716394 6
    endloop
  endfacet
  facet normal 0 0 -1
    outer loop
      vertex -8.812143529358542 1.2321847906716394 6
      vertex -8.774847979497379 1.5410264855515787 6
      vertex -8.647363181547641 1.386923836996421 6
    endloop
  endfacet
  facet normal 0 0 -1
    outer loop
      vertex -8.647363181547641 1.386923836996421 6
      vertex -8.774847979497379 1.5410264855515787 6
      vertex -8.571653589957993 1.68865585100403 6
    endloop
  endfacet
  facet normal 0 0 -1
    outer loop
      vertex -8.647363181547641 1.386923836996421 6
      vertex -8.571653589957993 1.68865585100403 6
      vertex -8.464488230962194 1.5197902659036269 6
    endloop
  endfacet
  facet normal 0 0 -1
    outer loop
      vertex -8.571653589957993 1.68865585100403 6
      vertex -8.351558583130146 1.809654104932039 6
      vertex -8.464488230962194 1.5197902659036269 6
    endloop
  endfacet
  facet normal 0 0 -1
    outer loop
      vertex -8.464488230962194 1.5197902659036269 6
      vertex -8.351558583130146 1.809654104932039 6
      vertex -8.26640272481713 1.628688694438835 6
    endloop
  endfacet
  facet normal 0 0 -1
    outer loop
      vertex -8.26640272481713 1.628688694438835 6
      vertex -8.351558583130146 1.809654104932039 6
      vertex -8.118033988749895 1.902113032590307 6
    endloop
  endfacet
  facet normal 0 0 -1
    outer loop
      vertex -8.26640272481713 1.628688694438835 6
      vertex -8.118033988749895 1.902113032590307 6
      vertex -8.056230589874906 1.7119017293312764 6
    endloop
  endfacet
  facet normal 0 0 -1
    outer loop
      vertex -8.056230589874906 1.7119017293312764 6
      vertex -8.118033988749895 1.902113032590307 6
      vertex -7.874762629171449 1.9645745014573774 6
    endloop
  endfacet
  facet normal 0 0 -1
    outer loop
      vertex -8.056230589874906 1.7119017293312764 6
      vertex -7.874762629171449 1.9645745014573774 6
      vertex -7.837286366254304 1.7681170513116398 6
    endloop
  endfacet
  facet normal 0 0 -1
    outer loop
      vertex -7.874762629171449 1.9645745014573774 6
      vertex -7.625581039058627 1.9960534568565431 6
      vertex -7.837286366254304 1.7681170513116398 6
    endloop
  endfacet
  facet normal 0 0 -1
    outer loop
      vertex -7.837286366254304 1.7681170513116398 6
      vertex -7.625581039058627 1.9960534568565431 6
      vertex -7.613022935152764 1.7964481111708888 6
    endloop
  endfacet
  facet normal 0 0 -1
    outer loop
      vertex -7.613022935152764 1.7964481111708888 6
      vertex -7.625581039058627 1.9960534568565431 6
      vertex -7.374418960941373 1.9960534568565431 6
    endloop
  endfacet
  facet normal 0 0 -1
    outer loop
      vertex -7.613022935152764 1.7964481111708888 6
      vertex -7.374418960941373 1.9960534568565431 6
      vertex -7.386977064847236 1.7964481111708888 6
    endloop
  endfacet
  facet normal 0 0 -1
    outer loop
      vertex -7.386977064847236 1.7964481111708888 6
      vertex -7.374418960941373 1.9960534568565431 6
      vertex -7.125237370828551 1.9645745014573774 6
    endloop
  endfacet
  facet normal 0 0 -1
    outer loop
      vertex -7.386977064847236 1.7964481111708888 6
      vertex -7.125237370828551 1.9645745014573774 6
      vertex -7.162713633745696 1.7681170513116398 6
    endloop
  endfacet
  facet normal 0 0 -1
    outer loop
      vertex -7.162713633745696 1.7681170513116398 6
      vertex -7.125237370828551 1.9645745014573774 6
      vertex -6.881966011250105 1.902113032590307 6
    endloop
  endfacet
  facet normal 0 0 -1
    outer loop
      vertex -7.162713633745696 1.7681170513116398 6
      vertex -6.881966011250105 1.902113032590307 6
      vertex -6.943769410125094 1.7119017293312764 6
    endloop
  endfacet
  facet normal 0 0 -1
    outer loop
      vertex -6.943769410125094 1.7119017293312764 6
      vertex -6.648441416869854 1.809654104932039 6
      vertex -6.733597275182869 1.628688694438835 6
    endloop
  endfacet
  facet normal 0 0 -1
    outer loop
      vertex -6.733597275182869 1.628688694438835 6
      vertex -6.648441416869854 1.809654104932039 6
      vertex -6.428346410042007 1.6886558510040302 6
    endloop
  endfacet
  facet normal 0 0 -1
    outer loop
      vertex -6.733597275182869 1.628688694438835 6
      vertex -6.428346410042007 1.6886558510040302 6
      vertex -6.5355117690378055 1.519790265903627 6
    endloop
  endfacet
  facet normal 0 0 -1
    outer loop
      vertex -6.043769410125094 1.0580134541264516 6
      vertex -6.187856470641459 1.2321847906716397 6
      vertex -6.0420627451571765 1.3690942118573775 6
    endloop
  endfacet
  facet normal 0 0 -1
    outer loop
      vertex -6.352636818452359 1.3869238369964205 6
      vertex -6.5355117690378055 1.519790265903627 6
      vertex -6.2251520205026205 1.5410264855515783 6
    endloop
  endfacet
  facet normal 0 0 -1
    outer loop
      vertex -6.5355117690378055 1.519790265903627 6
      vertex -6.428346410042007 1.6886558510040302 6
      vertex -6.2251520205026205 1.5410264855515783 6
    endloop
  endfacet
  facet normal 0 0 -1
    outer loop
      vertex -6.352636818452359 1.3869238369964205 6
      vertex -6.0420627451571765 1.3690942118573775 6
      vertex -6.187856470641459 1.2321847906716397 6
    endloop
  endfacet
  facet normal 0 0 -1
    outer loop
      vertex -6.352636818452359 1.3869238369964205 6
      vertex -6.2251520205026205 1.5410264855515783 6
      vertex -6.0420627451571765 1.3690942118573775 6
    endloop
  endfacet
  facet normal 0 0 -1
    outer loop
      vertex -5.640447028223497 -0.7362491053693567 6
      vertex -5.7 0 6
      vertex -5.747386639912273 0.9635073482034306 6
    endloop
  endfacet
  facet normal 0 0 -1
    outer loop
      vertex -5.640447028223497 -0.7362491053693567 6
      vertex -5.747386639912273 0.9635073482034306 6
      vertex -5.640447028223497 0.736249105369356 6
    endloop
  endfacet
  facet normal 0 0 -1
    outer loop
      vertex -5.71419353763394 0.22559982041574766 6
      vertex -5.747386639912273 0.9635073482034306 6
      vertex -5.7 0 6
    endloop
  endfacet
  facet normal 0 0 -1
    outer loop
      vertex -5.71419353763394 0.22559982041574766 6
      vertex -5.756550309968464 0.44764179689673866 6
      vertex -5.747386639912273 0.9635073482034306 6
    endloop
  endfacet
  facet normal 0 0 -1
    outer loop
      vertex -5.756550309968464 0.44764179689673866 6
      vertex -5.826402325401148 0.6626241948324204 6
      vertex -5.747386639912273 0.9635073482034306 6
    endloop
  endfacet
  facet normal 0 0 -1
    outer loop
      vertex -5.826402325401148 0.6626241948324204 6
      vertex -5.922647975921046 0.8671566133830876 6
      vertex -5.747386639912273 0.9635073482034306 6
    endloop
  endfacet
  facet normal 0 0 -1
    outer loop
      vertex -5.515770597371044 -0.25066646712860813 6
      vertex -5.515770597371044 0.2506664671286085 6
      vertex -5.5 0 6
    endloop
  endfacet
  facet normal 0 0 -1
    outer loop
      vertex -5.515770597371044 -0.25066646712860813 6
      vertex -5.562833677742738 0.4973797743297096 6
      vertex -5.515770597371044 0.2506664671286085 6
    endloop
  endfacet
  facet normal 0 0 -1
    outer loop
      vertex -5.562833677742738 -0.49737977432970887 6
      vertex -5.640447028223497 0.736249105369356 6
      vertex -5.562833677742738 0.4973797743297096 6
    endloop
  endfacet
  facet normal 0 0 -1
    outer loop
      vertex -6.043769410125094 1.0580134541264516 6
      vertex -5.881966011250105 1.1755705045849463 6
      vertex -5.922647975921046 0.8671566133830876 6
    endloop
  endfacet
  facet normal 0 0 -1
    outer loop
      vertex -5.922647975921046 0.8671566133830876 6
      vertex -5.881966011250105 1.1755705045849463 6
      vertex -5.747386639912273 0.9635073482034306 6
    endloop
  endfacet
  facet normal 0 0 -1
    outer loop
      vertex -6.043769410125094 1.0580134541264516 6
      vertex -6.0420627451571765 1.3690942118573775 6
      vertex -5.881966011250105 1.1755705045849463 6
    endloop
  endfacet
  facet normal 0 0 -1
    outer loop
      vertex -6.943769410125094 1.7119017293312764 6
      vertex -6.881966011250105 1.902113032590307 6
      vertex -6.648441416869854 1.809654104932039 6
    endloop
  endfacet
  facet normal 0.7705132427757897 0.637423989748689 0
    outer loop
      vertex -8.812143529358542 -1.2321847906716394 6
      vertex -8.956230589874906 -1.0580134541264516 6
      vertex -8.956230589874906 -1.0580134541264516 12
    endloop
  endfacet
  facet normal 0.8443279255020147 0.5358267949789973 0
    outer loop
      vertex -9.077352024078955 -0.8671566133830877 6
      vertex -9.077352024078955 -0.8671566133830877 12
      vertex -8.956230589874906 -1.0580134541264516 6
    endloop
  endfacet
  facet normal 0.6845471059286872 0.7289686274214128 0
    outer loop
      vertex -8.812143529358542 -1.2321847906716394 6
      vertex -8.812143529358542 -1.2321847906716394 12
      vertex -8.647363181547641 -1.386923836996421 6
    endloop
  endfacet
  facet normal 0.9048270524660214 0.42577929156506894 0
    outer loop
      vertex -9.173597674598852 -0.6626241948324202 6
      vertex -9.173597674598852 -0.6626241948324202 12
      vertex -9.077352024078955 -0.8671566133830877 6
    endloop
  endfacet
  facet normal 0.9510565162951534 0.30901699437494823 0
    outer loop
      vertex -9.173597674598852 -0.6626241948324202 6
      vertex -9.243449690031536 -0.4476417968967387 6
      vertex -9.243449690031536 -0.4476417968967387 12
    endloop
  endfacet
  facet normal 0.9980267284282716 0.06279051952931261 0
    outer loop
      vertex -9.285806462366061 -0.22559982041574733 6
      vertex -9.3 0 6
      vertex -9.3 0 12
    endloop
  endfacet
  facet normal 0.9822872507286879 0.18738131458572846 0
    outer loop
      vertex -9.243449690031536 -0.4476417968967387 6
      vertex -9.285806462366061 -0.22559982041574733 6
      vertex -9.285806462366061 -0.22559982041574733 12
    endloop
  endfacet
  facet normal 0.248689887164855 0.9685831611286311 0
    outer loop
      vertex -8.056230589874906 -1.7119017293312764 6
      vertex -8.056230589874906 -1.7119017293312764 12
      vertex -7.837286366254305 -1.7681170513116395 6
    endloop
  endfacet
  facet normal 0.1253332335643046 0.9921147013144778 0
    outer loop
      vertex -7.837286366254305 -1.7681170513116395 6
      vertex -7.837286366254305 -1.7681170513116395 12
      vertex -7.613022935152765 -1.7964481111708888 6
    endloop
  endfacet
  facet normal 0 1 0
    outer loop
      vertex -7.613022935152765 -1.7964481111708888 6
      vertex -7.613022935152765 -1.7964481111708888 12
      vertex -7.386977064847235 -1.7964481111708888 6
    endloop
  endfacet
  facet normal -0.1253332335643046 0.9921147013144778 0
    outer loop
      vertex -7.386977064847235 -1.7964481111708888 6
      vertex -7.386977064847235 -1.7964481111708888 12
      vertex -7.162713633745695 -1.7681170513116395 6
    endloop
  endfacet
  facet normal -0.248689887164855 0.9685831611286311 0
    outer loop
      vertex -7.162713633745695 -1.7681170513116395 6
      vertex -7.162713633745695 -1.7681170513116395 12
      vertex -6.943769410125094 -1.7119017293312764 6
    endloop
  endfacet
  facet normal 0.587785252292473 0.8090169943749476 0
    outer loop
      vertex -8.647363181547641 -1.386923836996421 6
      vertex -8.647363181547641 -1.386923836996421 12
      vertex -8.464488230962194 -1.5197902659036269 6
    endloop
  endfacet
  facet normal 0.4817536741017142 0.8763066800438641 0
    outer loop
      vertex -8.464488230962194 -1.5197902659036269 6
      vertex -8.464488230962194 -1.5197902659036269 12
      vertex -8.26640272481713 -1.6286886944388352 6
    endloop
  endfacet
  facet normal 0.36812455268467875 0.9297764858882511 0
    outer loop
      vertex -8.056230589874906 -1.7119017293312764 6
      vertex -8.26640272481713 -1.6286886944388352 6
      vertex -8.26640272481713 -1.6286886944388352 12
    endloop
  endfacet
  facet normal 0.6845471059286872 0.7289686274214128 0
    outer loop
      vertex -8.647363181547641 -1.386923836996421 6
      vertex -8.812143529358542 -1.2321847906716394 12
      vertex -8.647363181547641 -1.386923836996421 12
    endloop
  endfacet
  facet normal 0.7705132427757897 0.637423989748689 0
    outer loop
      vertex -8.812143529358542 -1.2321847906716394 6
      vertex -8.956230589874906 -1.0580134541264516 12
      vertex -8.812143529358542 -1.2321847906716394 12
    endloop
  endfacet
  facet normal 0.8443279255020147 0.5358267949789973 0
    outer loop
      vertex -8.956230589874906 -1.0580134541264516 6
      vertex -9.077352024078955 -0.8671566133830877 12
      vertex -8.956230589874906 -1.0580134541264516 12
    endloop
  endfacet
  facet normal 0.9048270524660214 0.42577929156506894 0
    outer loop
      vertex -9.077352024078955 -0.8671566133830877 6
      vertex -9.173597674598852 -0.6626241948324202 12
      vertex -9.077352024078955 -0.8671566133830877 12
    endloop
  endfacet
  facet normal 0.9510565162951534 0.30901699437494823 0
    outer loop
      vertex -9.173597674598852 -0.6626241948324202 6
      vertex -9.243449690031536 -0.4476417968967387 12
      vertex -9.173597674598852 -0.6626241948324202 12
    endloop
  endfacet
  facet normal 0.9980267284282716 0.06279051952931261 0
    outer loop
      vertex -9.285806462366061 -0.22559982041574733 6
      vertex -9.3 0 12
      vertex -9.285806462366061 -0.22559982041574733 12
    endloop
  endfacet
  facet normal 0.9822872507286879 0.18738131458572846 0
    outer loop
      vertex -9.243449690031536 -0.4476417968967387 6
      vertex -9.285806462366061 -0.22559982041574733 12
      vertex -9.243449690031536 -0.4476417968967387 12
    endloop
  endfacet
  facet normal 0.248689887164855 0.9685831611286311 0
    outer loop
      vertex -7.837286366254305 -1.7681170513116395 6
      vertex -8.056230589874906 -1.7119017293312764 12
      vertex -7.837286366254305 -1.7681170513116395 12
    endloop
  endfacet
  facet normal 0.1253332335643046 0.9921147013144778 0
    outer loop
      vertex -7.613022935152765 -1.7964481111708888 6
      vertex -7.837286366254305 -1.7681170513116395 12
      vertex -7.613022935152765 -1.7964481111708888 12
    endloop
  endfacet
  facet normal 0 1 0
    outer loop
      vertex -7.386977064847235 -1.7964481111708888 6
      vertex -7.613022935152765 -1.7964481111708888 12
      vertex -7.386977064847235 -1.7964481111708888 12
    endloop
  endfacet
  facet normal -0.1253332335643046 0.9921147013144778 0
    outer loop
      vertex -7.162713633745695 -1.7681170513116395 6
      vertex -7.386977064847235 -1.7964481111708888 12
      vertex -7.162713633745695 -1.7681170513116395 12
    endloop
  endfacet
  facet normal -0.248689887164855 0.9685831611286311 0
    outer loop
      vertex -6.943769410125094 -1.7119017293312764 6
      vertex -7.162713633745695 -1.7681170513116395 12
      vertex -6.943769410125094 -1.7119017293312764 12
    endloop
  endfacet
  facet normal 0.587785252292473 0.8090169943749476 0
    outer loop
      vertex -8.464488230962194 -1.5197902659036269 6
      vertex -8.647363181547641 -1.386923836996421 12
      vertex -8.464488230962194 -1.5197902659036269 12
    endloop
  endfacet
  facet normal 0.4817536741017142 0.8763066800438641 0
    outer loop
      vertex -8.26640272481713 -1.6286886944388352 6
      vertex -8.464488230962194 -1.5197902659036269 12
      vertex -8.26640272481713 -1.6286886944388352 12
    endloop
  endfacet
  facet normal 0.36812455268467875 0.9297764858882511 0
    outer loop
      vertex -8.056230589874906 -1.7119017293312764 6
      vertex -8.26640272481713 -1.6286886944388352 12
      vertex -8.056230589874906 -1.7119017293312764 12
    endloop
  endfacet
  facet normal -0.36812455268467875 0.9297764858882511 0
    outer loop
      vertex -6.943769410125094 -1.7119017293312764 6
      vertex -6.943769410125094 -1.7119017293312764 12
      vertex -6.73359727518287 -1.6286886944388352 6
    endloop
  endfacet
  facet normal -0.48175367410171527 0.8763066800438637 0
    outer loop
      vertex -6.73359727518287 -1.6286886944388352 6
      vertex -6.73359727518287 -1.6286886944388352 12
      vertex -6.535511769037807 -1.5197902659036275 6
    endloop
  endfacet
  facet normal -0.5877852522924712 0.8090169943749488 0
    outer loop
      vertex -6.535511769037807 -1.5197902659036275 6
      vertex -6.535511769037807 -1.5197902659036275 12
      vertex -6.352636818452358 -1.3869238369964203 6
    endloop
  endfacet
  facet normal -0.6845471059286896 0.7289686274214107 0
    outer loop
      vertex -6.352636818452358 -1.3869238369964203 6
      vertex -6.352636818452358 -1.3869238369964203 12
      vertex -6.187856470641459 -1.2321847906716394 6
    endloop
  endfacet
  facet normal -0.7705132427757878 0.6374239897486914 0
    outer loop
      vertex -6.187856470641459 -1.2321847906716394 6
      vertex -6.187856470641459 -1.2321847906716394 12
      vertex -6.043769410125094 -1.0580134541264516 6
    endloop
  endfacet
  facet normal -0.8443279255020164 0.5358267949789944 0
    outer loop
      vertex -6.043769410125094 -1.0580134541264516 6
      vertex -6.043769410125094 -1.0580134541264516 12
      vertex -5.922647975921046 -0.8671566133830877 6
    endloop
  endfacet
  facet normal -0.904827052466019 0.42577929156507366 0
    outer loop
      vertex -5.922647975921046 -0.8671566133830877 6
      vertex -5.922647975921046 -0.8671566133830877 12
      vertex -5.826402325401148 -0.6626241948324211 6
    endloop
  endfacet
  facet normal -0.951056516295154 0.30901699437494606 0
    outer loop
      vertex -5.826402325401148 -0.6626241948324211 6
      vertex -5.826402325401148 -0.6626241948324211 12
      vertex -5.756550309968464 -0.447641796896738 6
    endloop
  endfacet
  facet normal -0.9822872507286886 0.1873813145857253 0
    outer loop
      vertex -5.756550309968464 -0.447641796896738 6
      vertex -5.756550309968464 -0.447641796896738 12
      vertex -5.71419353763394 -0.22559982041574733 6
    endloop
  endfacet
  facet normal -0.9980267284282716 0.06279051952931261 0
    outer loop
      vertex -5.71419353763394 -0.22559982041574733 6
      vertex -5.71419353763394 -0.22559982041574733 12
      vertex -5.7 0 6
    endloop
  endfacet
  facet normal -0.36812455268467875 0.9297764858882511 0
    outer loop
      vertex -6.73359727518287 -1.6286886944388352 6
      vertex -6.943769410125094 -1.7119017293312764 12
      vertex -6.73359727518287 -1.6286886944388352 12
    endloop
  endfacet
  facet normal -0.48175367410171527 0.8763066800438637 0
    outer loop
      vertex -6.535511769037807 -1.5197902659036275 6
      vertex -6.73359727518287 -1.6286886944388352 12
      vertex -6.535511769037807 -1.5197902659036275 12
    endloop
  endfacet
  facet normal -0.5877852522924712 0.8090169943749488 0
    outer loop
      vertex -6.352636818452358 -1.3869238369964203 6
      vertex -6.535511769037807 -1.5197902659036275 12
      vertex -6.352636818452358 -1.3869238369964203 12
    endloop
  endfacet
  facet normal -0.6845471059286896 0.7289686274214107 0
    outer loop
      vertex -6.187856470641459 -1.2321847906716394 6
      vertex -6.352636818452358 -1.3869238369964203 12
      vertex -6.187856470641459 -1.2321847906716394 12
    endloop
  endfacet
  facet normal -0.7705132427757878 0.6374239897486914 0
    outer loop
      vertex -6.043769410125094 -1.0580134541264516 6
      vertex -6.187856470641459 -1.2321847906716394 12
      vertex -6.043769410125094 -1.0580134541264516 12
    endloop
  endfacet
  facet normal -0.8443279255020164 0.5358267949789944 0
    outer loop
      vertex -5.922647975921046 -0.8671566133830877 6
      vertex -6.043769410125094 -1.0580134541264516 12
      vertex -5.922647975921046 -0.8671566133830877 12
    endloop
  endfacet
  facet normal -0.904827052466019 0.42577929156507366 0
    outer loop
      vertex -5.826402325401148 -0.6626241948324211 6
      vertex -5.922647975921046 -0.8671566133830877 12
      vertex -5.826402325401148 -0.6626241948324211 12
    endloop
  endfacet
  facet normal -0.951056516295154 0.30901699437494606 0
    outer loop
      vertex -5.756550309968464 -0.447641796896738 6
      vertex -5.826402325401148 -0.6626241948324211 12
      vertex -5.756550309968464 -0.447641796896738 12
    endloop
  endfacet
  facet normal -0.9822872507286886 0.1873813145857253 0
    outer loop
      vertex -5.71419353763394 -0.22559982041574733 6
      vertex -5.756550309968464 -0.447641796896738 12
      vertex -5.71419353763394 -0.22559982041574733 12
    endloop
  endfacet
  facet normal -0.9980267284282716 0.06279051952931261 0
    outer loop
      vertex -5.7 0 6
      vertex -5.71419353763394 -0.22559982041574733 12
      vertex -5.7 0 12
    endloop
  endfacet
  facet normal 0.9980267284282716 -0.06279051952931261 0
    outer loop
      vertex -9.3 0 6
      vertex -9.285806462366061 0.22559982041574733 6
      vertex -9.285806462366061 0.22559982041574733 12
    endloop
  endfacet
  facet normal 0.9822872507286879 -0.18738131458572846 0
    outer loop
      vertex -9.285806462366061 0.22559982041574733 6
      vertex -9.243449690031536 0.4476417968967387 6
      vertex -9.243449690031536 0.4476417968967387 12
    endloop
  endfacet
  facet normal 0.9510565162951534 -0.30901699437494823 0
    outer loop
      vertex -9.243449690031536 0.4476417968967387 6
      vertex -9.173597674598852 0.6626241948324202 6
      vertex -9.173597674598852 0.6626241948324202 12
    endloop
  endfacet
  facet normal 0.9048270524660214 -0.42577929156506894 0
    outer loop
      vertex -9.173597674598852 0.6626241948324202 6
      vertex -9.077352024078955 0.8671566133830877 6
      vertex -9.077352024078955 0.8671566133830877 12
    endloop
  endfacet
  facet normal 0.8443279255020147 -0.5358267949789973 0
    outer loop
      vertex -9.077352024078955 0.8671566133830877 6
      vertex -8.956230589874906 1.0580134541264516 6
      vertex -8.956230589874906 1.0580134541264516 12
    endloop
  endfacet
  facet normal 0.7705132427757897 -0.637423989748689 0
    outer loop
      vertex -8.956230589874906 1.0580134541264516 6
      vertex -8.812143529358542 1.2321847906716394 6
      vertex -8.812143529358542 1.2321847906716394 12
    endloop
  endfacet
  facet normal 0.6845471059286872 -0.7289686274214128 0
    outer loop
      vertex -8.812143529358542 1.2321847906716394 6
      vertex -8.647363181547641 1.386923836996421 6
      vertex -8.647363181547641 1.386923836996421 12
    endloop
  endfacet
  facet normal 0.587785252292473 -0.8090169943749476 0
    outer loop
      vertex -8.647363181547641 1.386923836996421 6
      vertex -8.464488230962194 1.5197902659036269 6
      vertex -8.464488230962194 1.5197902659036269 12
    endloop
  endfacet
  facet normal 0.4817536741017135 -0.8763066800438646 0
    outer loop
      vertex -8.464488230962194 1.5197902659036269 6
      vertex -8.26640272481713 1.628688694438835 6
      vertex -8.26640272481713 1.628688694438835 12
    endloop
  endfacet
  facet normal 0.3681245526846796 -0.9297764858882508 0
    outer loop
      vertex -8.26640272481713 1.628688694438835 6
      vertex -8.056230589874906 1.7119017293312764 6
      vertex -8.056230589874906 1.7119017293312764 12
    endloop
  endfacet
  facet normal 0.24868988716485496 -0.9685831611286311 0
    outer loop
      vertex -8.056230589874906 1.7119017293312764 6
      vertex -7.837286366254304 1.7681170513116398 6
      vertex -7.837286366254304 1.7681170513116398 12
    endloop
  endfacet
  facet normal 0.12533323356430362 -0.992114701314478 0
    outer loop
      vertex -7.837286366254304 1.7681170513116398 6
      vertex -7.613022935152764 1.7964481111708888 6
      vertex -7.613022935152764 1.7964481111708888 12
    endloop
  endfacet
  facet normal 0 -1 0
    outer loop
      vertex -7.613022935152764 1.7964481111708888 6
      vertex -7.386977064847236 1.7964481111708888 6
      vertex -7.386977064847236 1.7964481111708888 12
    endloop
  endfacet
  facet normal -0.12533323356430362 -0.992114701314478 0
    outer loop
      vertex -7.386977064847236 1.7964481111708888 6
      vertex -7.162713633745696 1.7681170513116398 6
      vertex -7.162713633745696 1.7681170513116398 12
    endloop
  endfacet
  facet normal -0.24868988716485496 -0.9685831611286311 0
    outer loop
      vertex -7.162713633745696 1.7681170513116398 6
      vertex -6.943769410125094 1.7119017293312764 6
      vertex -6.943769410125094 1.7119017293312764 12
    endloop
  endfacet
  facet normal 0.9980267284282716 -0.06279051952931261 0
    outer loop
      vertex -9.3 0 6
      vertex -9.285806462366061 0.22559982041574733 12
      vertex -9.3 0 12
    endloop
  endfacet
  facet normal 0.9822872507286879 -0.18738131458572846 0
    outer loop
      vertex -9.285806462366061 0.22559982041574733 6
      vertex -9.243449690031536 0.4476417968967387 12
      vertex -9.285806462366061 0.22559982041574733 12
    endloop
  endfacet
  facet normal 0.9510565162951534 -0.30901699437494823 0
    outer loop
      vertex -9.243449690031536 0.4476417968967387 6
      vertex -9.173597674598852 0.6626241948324202 12
      vertex -9.243449690031536 0.4476417968967387 12
    endloop
  endfacet
  facet normal 0.9048270524660214 -0.42577929156506894 0
    outer loop
      vertex -9.173597674598852 0.6626241948324202 6
      vertex -9.077352024078955 0.8671566133830877 12
      vertex -9.173597674598852 0.6626241948324202 12
    endloop
  endfacet
  facet normal 0.8443279255020147 -0.5358267949789973 0
    outer loop
      vertex -9.077352024078955 0.8671566133830877 6
      vertex -8.956230589874906 1.0580134541264516 12
      vertex -9.077352024078955 0.8671566133830877 12
    endloop
  endfacet
  facet normal 0.7705132427757897 -0.637423989748689 0
    outer loop
      vertex -8.956230589874906 1.0580134541264516 6
      vertex -8.812143529358542 1.2321847906716394 12
      vertex -8.956230589874906 1.0580134541264516 12
    endloop
  endfacet
  facet normal 0.6845471059286872 -0.7289686274214128 0
    outer loop
      vertex -8.812143529358542 1.2321847906716394 6
      vertex -8.647363181547641 1.386923836996421 12
      vertex -8.812143529358542 1.2321847906716394 12
    endloop
  endfacet
  facet normal 0.587785252292473 -0.8090169943749476 0
    outer loop
      vertex -8.647363181547641 1.386923836996421 6
      vertex -8.464488230962194 1.5197902659036269 12
      vertex -8.647363181547641 1.386923836996421 12
    endloop
  endfacet
  facet normal 0.4817536741017135 -0.8763066800438646 0
    outer loop
      vertex -8.464488230962194 1.5197902659036269 6
      vertex -8.26640272481713 1.628688694438835 12
      vertex -8.464488230962194 1.5197902659036269 12
    endloop
  endfacet
  facet normal 0.3681245526846796 -0.9297764858882508 0
    outer loop
      vertex -8.26640272481713 1.628688694438835 6
      vertex -8.056230589874906 1.7119017293312764 12
      vertex -8.26640272481713 1.628688694438835 12
    endloop
  endfacet
  facet normal 0.24868988716485496 -0.9685831611286311 0
    outer loop
      vertex -8.056230589874906 1.7119017293312764 6
      vertex -7.837286366254304 1.7681170513116398 12
      vertex -8.056230589874906 1.7119017293312764 12
    endloop
  endfacet
  facet normal 0.12533323356430362 -0.992114701314478 0
    outer loop
      vertex -7.837286366254304 1.7681170513116398 6
      vertex -7.613022935152764 1.7964481111708888 12
      vertex -7.837286366254304 1.7681170513116398 12
    endloop
  endfacet
  facet normal 0 -1 0
    outer loop
      vertex -7.613022935152764 1.7964481111708888 6
      vertex -7.386977064847236 1.7964481111708888 12
      vertex -7.613022935152764 1.7964481111708888 12
    endloop
  endfacet
  facet normal -0.12533323356430362 -0.992114701314478 0
    outer loop
      vertex -7.386977064847236 1.7964481111708888 6
      vertex -7.162713633745696 1.7681170513116398 12
      vertex -7.386977064847236 1.7964481111708888 12
    endloop
  endfacet
  facet normal -0.24868988716485496 -0.9685831611286311 0
    outer loop
      vertex -7.162713633745696 1.7681170513116398 6
      vertex -6.943769410125094 1.7119017293312764 12
      vertex -7.162713633745696 1.7681170513116398 12
    endloop
  endfacet
  facet normal -0.3681245526846783 -0.9297764858882513 0
    outer loop
      vertex -6.943769410125094 1.7119017293312764 6
      vertex -6.733597275182869 1.628688694438835 6
      vertex -6.733597275182869 1.628688694438835 12
    endloop
  endfacet
  facet normal -0.4817536741017144 -0.8763066800438641 0
    outer loop
      vertex -6.733597275182869 1.628688694438835 6
      vertex -6.5355117690378055 1.519790265903627 6
      vertex -6.5355117690378055 1.519790265903627 12
    endloop
  endfacet
  facet normal -0.6845471059286877 -0.7289686274214126 0
    outer loop
      vertex -6.352636818452359 1.3869238369964205 6
      vertex -6.187856470641459 1.2321847906716397 6
      vertex -6.187856470641459 1.2321847906716397 12
    endloop
  endfacet
  facet normal -0.7705132427757883 -0.637423989748691 0
    outer loop
      vertex -6.043769410125094 1.0580134541264516 6
      vertex -6.043769410125094 1.0580134541264516 12
      vertex -6.187856470641459 1.2321847906716397 6
    endloop
  endfacet
  facet normal -0.5877852522924749 -0.8090169943749461 0
    outer loop
      vertex -6.352636818452359 1.3869238369964205 6
      vertex -6.352636818452359 1.3869238369964205 12
      vertex -6.5355117690378055 1.519790265903627 6
    endloop
  endfacet
  facet normal -0.9980267284282716 -0.06279051952931253 0
    outer loop
      vertex -5.71419353763394 0.22559982041574766 6
      vertex -5.7 0 6
      vertex -5.7 0 12
    endloop
  endfacet
  facet normal -0.9822872507286887 -0.18738131458572502 0
    outer loop
      vertex -5.71419353763394 0.22559982041574766 6
      vertex -5.71419353763394 0.22559982041574766 12
      vertex -5.756550309968464 0.44764179689673866 6
    endloop
  endfacet
  facet normal -0.9048270524660196 -0.42577929156507277 0
    outer loop
      vertex -5.826402325401148 0.6626241948324204 6
      vertex -5.826402325401148 0.6626241948324204 12
      vertex -5.922647975921046 0.8671566133830876 6
    endloop
  endfacet
  facet normal -0.9510565162951535 -0.30901699437494784 0
    outer loop
      vertex -5.756550309968464 0.44764179689673866 6
      vertex -5.756550309968464 0.44764179689673866 12
      vertex -5.826402325401148 0.6626241948324204 6
    endloop
  endfacet
  facet normal -0.8443279255020166 -0.5358267949789943 0
    outer loop
      vertex -6.043769410125094 1.0580134541264516 6
      vertex -5.922647975921046 0.8671566133830876 6
      vertex -5.922647975921046 0.8671566133830876 12
    endloop
  endfacet
  facet normal -0.3681245526846783 -0.9297764858882513 0
    outer loop
      vertex -6.943769410125094 1.7119017293312764 6
      vertex -6.733597275182869 1.628688694438835 12
      vertex -6.943769410125094 1.7119017293312764 12
    endloop
  endfacet
  facet normal -0.4817536741017144 -0.8763066800438641 0
    outer loop
      vertex -6.733597275182869 1.628688694438835 6
      vertex -6.5355117690378055 1.519790265903627 12
      vertex -6.733597275182869 1.628688694438835 12
    endloop
  endfacet
  facet normal -0.7705132427757883 -0.637423989748691 0
    outer loop
      vertex -6.187856470641459 1.2321847906716397 6
      vertex -6.043769410125094 1.0580134541264516 12
      vertex -6.187856470641459 1.2321847906716397 12
    endloop
  endfacet
  facet normal -0.5877852522924749 -0.8090169943749461 0
    outer loop
      vertex -6.5355117690378055 1.519790265903627 6
      vertex -6.352636818452359 1.3869238369964205 12
      vertex -6.5355117690378055 1.519790265903627 12
    endloop
  endfacet
  facet normal -0.6845471059286877 -0.7289686274214126 0
    outer loop
      vertex -6.352636818452359 1.3869238369964205 6
      vertex -6.187856470641459 1.2321847906716397 12
      vertex -6.352636818452359 1.3869238369964205 12
    endloop
  endfacet
  facet normal -0.9980267284282716 -0.06279051952931253 0
    outer loop
      vertex -5.71419353763394 0.22559982041574766 6
      vertex -5.7 0 12
      vertex -5.71419353763394 0.22559982041574766 12
    endloop
  endfacet
  facet normal -0.9822872507286887 -0.18738131458572502 0
    outer loop
      vertex -5.756550309968464 0.44764179689673866 6
      vertex -5.71419353763394 0.22559982041574766 12
      vertex -5.756550309968464 0.44764179689673866 12
    endloop
  endfacet
  facet normal -0.9048270524660196 -0.42577929156507277 0
    outer loop
      vertex -5.922647975921046 0.8671566133830876 6
      vertex -5.826402325401148 0.6626241948324204 12
      vertex -5.922647975921046 0.8671566133830876 12
    endloop
  endfacet
  facet normal -0.9510565162951535 -0.30901699437494784 0
    outer loop
      vertex -5.826402325401148 0.6626241948324204 6
      vertex -5.756550309968464 0.44764179689673866 12
      vertex -5.826402325401148 0.6626241948324204 12
    endloop
  endfacet
  facet normal -0.8443279255020166 -0.5358267949789943 0
    outer loop
      vertex -6.043769410125094 1.0580134541264516 6
      vertex -5.922647975921046 0.8671566133830876 12
      vertex -6.043769410125094 1.0580134541264516 12
    endloop
  endfacet
  facet normal 0.48175367410171577 0.8763066800438633 0
    outer loop
      vertex 6.648441416869855 -1.8096541049320392 6
      vertex 6.648441416869855 -1.8096541049320392 0
      vertex 6.428346410042007 -1.68865585100403 0
    endloop
  endfacet
  facet normal 0.368124552684678 0.9297764858882513 0
    outer loop
      vertex 6.881966011250105 -1.902113032590307 6
      vertex 6.881966011250105 -1.902113032590307 0
      vertex 6.648441416869855 -1.8096541049320392 0
    endloop
  endfacet
  facet normal 0.8443279255020154 0.5358267949789962 0
    outer loop
      vertex 5.747386639912273 -0.9635073482034308 6
      vertex 5.881966011250105 -1.1755705045849463 0
      vertex 5.747386639912273 -0.9635073482034308 0
    endloop
  endfacet
  facet normal 0.7705132427757896 0.6374239897486894 0
    outer loop
      vertex 5.881966011250105 -1.1755705045849463 6
      vertex 6.0420627451571765 -1.369094211857377 0
      vertex 5.881966011250105 -1.1755705045849463 0
    endloop
  endfacet
  facet normal 0.9510565162951534 0.3090169943749479 0
    outer loop
      vertex 5.562833677742738 -0.4973797743297097 6
      vertex 5.640447028223497 -0.7362491053693557 0
      vertex 5.562833677742738 -0.4973797743297097 0
    endloop
  endfacet
  facet normal 0.9822872507286885 0.18738131458572582 0
    outer loop
      vertex 5.515770597371044 -0.25066646712860813 6
      vertex 5.562833677742738 -0.4973797743297097 0
      vertex 5.515770597371044 -0.25066646712860813 0
    endloop
  endfacet
  facet normal 0.9980267284282717 0.06279051952931222 0
    outer loop
      vertex 5.5 0 6
      vertex 5.515770597371044 -0.25066646712860813 0
      vertex 5.5 0 0
    endloop
  endfacet
  facet normal 0.9048270524660196 0.4257792915650724 0
    outer loop
      vertex 5.640447028223497 -0.7362491053693557 6
      vertex 5.747386639912273 -0.9635073482034308 0
      vertex 5.640447028223497 -0.7362491053693557 0
    endloop
  endfacet
  facet normal 0.6845471059286891 0.7289686274214111 0
    outer loop
      vertex 6.2251520205026205 -1.5410264855515787 6
      vertex 6.2251520205026205 -1.5410264855515787 0
      vertex 6.0420627451571765 -1.369094211857377 0
    endloop
  endfacet
  facet normal 0.5877852522924715 0.8090169943749488 0
    outer loop
      vertex 6.428346410042007 -1.68865585100403 6
      vertex 6.428346410042007 -1.68865585100403 0
      vertex 6.2251520205026205 -1.5410264855515787 0
    endloop
  endfacet
  facet normal 0.48175367410171577 0.8763066800438633 0
    outer loop
      vertex 6.648441416869855 -1.8096541049320392 6
      vertex 6.428346410042007 -1.68865585100403 0
      vertex 6.428346410042007 -1.68865585100403 6
    endloop
  endfacet
  facet normal 0.368124552684678 0.9297764858882513 0
    outer loop
      vertex 6.648441416869855 -1.8096541049320392 6
      vertex 6.881966011250105 -1.902113032590307 6
      vertex 6.648441416869855 -1.8096541049320392 0
    endloop
  endfacet
  facet normal 0.7705132427757896 0.6374239897486894 0
    outer loop
      vertex 5.881966011250105 -1.1755705045849463 6
      vertex 6.0420627451571765 -1.369094211857377 6
      vertex 6.0420627451571765 -1.369094211857377 0
    endloop
  endfacet
  facet normal 0.9048270524660196 0.4257792915650724 0
    outer loop
      vertex 5.640447028223497 -0.7362491053693557 6
      vertex 5.747386639912273 -0.9635073482034308 6
      vertex 5.747386639912273 -0.9635073482034308 0
    endloop
  endfacet
  facet normal 0.8443279255020154 0.5358267949789962 0
    outer loop
      vertex 5.881966011250105 -1.1755705045849463 6
      vertex 5.881966011250105 -1.1755705045849463 0
      vertex 5.747386639912273 -0.9635073482034308 6
    endloop
  endfacet
  facet normal 0.9510565162951534 0.3090169943749479 0
    outer loop
      vertex 5.640447028223497 -0.7362491053693557 6
      vertex 5.640447028223497 -0.7362491053693557 0
      vertex 5.562833677742738 -0.4973797743297097 6
    endloop
  endfacet
  facet normal 0.9822872507286885 0.18738131458572582 0
    outer loop
      vertex 5.562833677742738 -0.4973797743297097 6
      vertex 5.562833677742738 -0.4973797743297097 0
      vertex 5.515770597371044 -0.25066646712860813 6
    endloop
  endfacet
  facet normal 0.9980267284282717 0.06279051952931222 0
    outer loop
      vertex 5.515770597371044 -0.25066646712860813 6
      vertex 5.515770597371044 -0.25066646712860813 0
      vertex 5.5 0 6
    endloop
  endfacet
  facet normal 0.6845471059286891 0.7289686274214111 0
    outer loop
      vertex 6.2251520205026205 -1.5410264855515787 6
      vertex 6.0420627451571765 -1.369094211857377 0
      vertex 6.0420627451571765 -1.369094211857377 6
    endloop
  endfacet
  facet normal 0.5877852522924715 0.8090169943749488 0
    outer loop
      vertex 6.2251520205026205 -1.5410264855515787 6
      vertex 6.428346410042007 -1.68865585100403 6
      vertex 6.2251520205026205 -1.5410264855515787 0
    endloop
  endfacet
  facet normal 0.24868988716485488 0.9685831611286311 0
    outer loop
      vertex 7.12523737082855 -1.9645745014573772 6
      vertex 7.12523737082855 -1.9645745014573772 0
      vertex 6.881966011250105 -1.902113032590307 0
    endloop
  endfacet
  facet normal 0.12533323356430512 0.9921147013144777 0
    outer loop
      vertex 7.374418960941372 -1.9960534568565431 6
      vertex 7.374418960941372 -1.9960534568565431 0
      vertex 7.12523737082855 -1.9645745014573772 0
    endloop
  endfacet
  facet normal 0 1 0
    outer loop
      vertex 7.625581039058628 -1.9960534568565431 6
      vertex 7.625581039058628 -1.9960534568565431 0
      vertex 7.374418960941372 -1.9960534568565431 0
    endloop
  endfacet
  facet normal -0.12533323356430512 0.9921147013144777 0
    outer loop
      vertex 7.87476262917145 -1.9645745014573772 6
      vertex 7.87476262917145 -1.9645745014573772 0
      vertex 7.625581039058628 -1.9960534568565431 0
    endloop
  endfacet
  facet normal -0.24868988716485488 0.9685831611286311 0
    outer loop
      vertex 8.118033988749895 -1.902113032590307 6
      vertex 8.118033988749895 -1.902113032590307 0
      vertex 7.87476262917145 -1.9645745014573772 0
    endloop
  endfacet
  facet normal -0.3681245526846768 0.9297764858882519 0
    outer loop
      vertex 8.351558583130146 -1.8096541049320392 6
      vertex 8.351558583130146 -1.8096541049320392 0
      vertex 8.118033988749895 -1.902113032590307 0
    endloop
  endfacet
  facet normal -0.48175367410171527 0.8763066800438636 0
    outer loop
      vertex 8.571653589957993 -1.6886558510040306 6
      vertex 8.571653589957993 -1.6886558510040306 0
      vertex 8.351558583130146 -1.8096541049320392 0
    endloop
  endfacet
  facet normal -0.5877852522924731 0.8090169943749472 0
    outer loop
      vertex 8.77484797949738 -1.541026485551578 6
      vertex 8.77484797949738 -1.541026485551578 0
      vertex 8.571653589957993 -1.6886558510040306 0
    endloop
  endfacet
  facet normal -0.6845471059286894 0.7289686274214108 0
    outer loop
      vertex 8.957937254842824 -1.369094211857377 6
      vertex 8.957937254842824 -1.369094211857377 0
      vertex 8.77484797949738 -1.541026485551578 0
    endloop
  endfacet
  facet normal -0.7705132427757896 0.6374239897486894 0
    outer loop
      vertex 8.957937254842824 -1.369094211857377 6
      vertex 9.118033988749895 -1.1755705045849463 0
      vertex 8.957937254842824 -1.369094211857377 0
    endloop
  endfacet
  facet normal -0.8443279255020154 0.5358267949789962 0
    outer loop
      vertex 9.118033988749895 -1.1755705045849463 6
      vertex 9.252613360087727 -0.9635073482034308 0
      vertex 9.118033988749895 -1.1755705045849463 0
    endloop
  endfacet
  facet normal -0.9048270524660204 0.42577929156507105 0
    outer loop
      vertex 9.252613360087727 -0.9635073482034308 6
      vertex 9.359552971776502 -0.7362491053693567 0
      vertex 9.252613360087727 -0.9635073482034308 0
    endloop
  endfacet
  facet normal -0.9510565162951531 0.30901699437494895 0
    outer loop
      vertex 9.359552971776502 -0.7362491053693567 6
      vertex 9.437166322257262 -0.49737977432970887 0
      vertex 9.359552971776502 -0.7362491053693567 0
    endloop
  endfacet
  facet normal -0.982287250728689 0.18738131458572302 0
    outer loop
      vertex 9.437166322257262 -0.49737977432970887 6
      vertex 9.484229402628955 -0.25066646712860813 0
      vertex 9.437166322257262 -0.49737977432970887 0
    endloop
  endfacet
  facet normal -0.9980267284282713 0.06279051952931575 0
    outer loop
      vertex 9.484229402628955 -0.25066646712860813 6
      vertex 9.5 0 0
      vertex 9.484229402628955 -0.25066646712860813 0
    endloop
  endfacet
  facet normal 0.24868988716485488 0.9685831611286311 0
    outer loop
      vertex 6.881966011250105 -1.902113032590307 6
      vertex 7.12523737082855 -1.9645745014573772 6
      vertex 6.881966011250105 -1.902113032590307 0
    endloop
  endfacet
  facet normal 0.12533323356430512 0.9921147013144777 0
    outer loop
      vertex 7.12523737082855 -1.9645745014573772 6
      vertex 7.374418960941372 -1.9960534568565431 6
      vertex 7.12523737082855 -1.9645745014573772 0
    endloop
  endfacet
  facet normal 0 1 0
    outer loop
      vertex 7.374418960941372 -1.9960534568565431 6
      vertex 7.625581039058628 -1.9960534568565431 6
      vertex 7.374418960941372 -1.9960534568565431 0
    endloop
  endfacet
  facet normal -0.12533323356430512 0.9921147013144777 0
    outer loop
      vertex 7.625581039058628 -1.9960534568565431 6
      vertex 7.87476262917145 -1.9645745014573772 6
      vertex 7.625581039058628 -1.9960534568565431 0
    endloop
  endfacet
  facet normal -0.24868988716485488 0.9685831611286311 0
    outer loop
      vertex 7.87476262917145 -1.9645745014573772 6
      vertex 8.118033988749895 -1.902113032590307 6
      vertex 7.87476262917145 -1.9645745014573772 0
    endloop
  endfacet
  facet normal -0.3681245526846768 0.9297764858882519 0
    outer loop
      vertex 8.118033988749895 -1.902113032590307 6
      vertex 8.351558583130146 -1.8096541049320392 6
      vertex 8.118033988749895 -1.902113032590307 0
    endloop
  endfacet
  facet normal -0.48175367410171527 0.8763066800438636 0
    outer loop
      vertex 8.351558583130146 -1.8096541049320392 6
      vertex 8.571653589957993 -1.6886558510040306 6
      vertex 8.351558583130146 -1.8096541049320392 0
    endloop
  endfacet
  facet normal -0.5877852522924731 0.8090169943749472 0
    outer loop
      vertex 8.571653589957993 -1.6886558510040306 6
      vertex 8.77484797949738 -1.541026485551578 6
      vertex 8.571653589957993 -1.6886558510040306 0
    endloop
  endfacet
  facet normal -0.6845471059286894 0.7289686274214108 0
    outer loop
      vertex 8.77484797949738 -1.541026485551578 6
      vertex 8.957937254842824 -1.369094211857377 6
      vertex 8.77484797949738 -1.541026485551578 0
    endloop
  endfacet
  facet normal -0.7705132427757896 0.6374239897486894 0
    outer loop
      vertex 8.957937254842824 -1.369094211857377 6
      vertex 9.118033988749895 -1.1755705045849463 6
      vertex 9.118033988749895 -1.1755705045849463 0
    endloop
  endfacet
  facet normal -0.8443279255020154 0.5358267949789962 0
    outer loop
      vertex 9.118033988749895 -1.1755705045849463 6
      vertex 9.252613360087727 -0.9635073482034308 6
      vertex 9.252613360087727 -0.9635073482034308 0
    endloop
  endfacet
  facet normal -0.9048270524660204 0.42577929156507105 0
    outer loop
      vertex 9.252613360087727 -0.9635073482034308 6
      vertex 9.359552971776502 -0.7362491053693567 6
      vertex 9.359552971776502 -0.7362491053693567 0
    endloop
  endfacet
  facet normal -0.9510565162951531 0.30901699437494895 0
    outer loop
      vertex 9.359552971776502 -0.7362491053693567 6
      vertex 9.437166322257262 -0.49737977432970887 6
      vertex 9.437166322257262 -0.49737977432970887 0
    endloop
  endfacet
  facet normal -0.982287250728689 0.18738131458572302 0
    outer loop
      vertex 9.437166322257262 -0.49737977432970887 6
      vertex 9.484229402628955 -0.25066646712860813 6
      vertex 9.484229402628955 -0.25066646712860813 0
    endloop
  endfacet
  facet normal -0.9980267284282713 0.06279051952931575 0
    outer loop
      vertex 9.484229402628955 -0.25066646712860813 6
      vertex 9.5 0 6
      vertex 9.5 0 0
    endloop
  endfacet
  facet normal 0 0 -1
    outer loop
      vertex 6.648441416869855 -1.8096541049320392 6
      vertex 6.943769410125094 -1.7119017293312764 6
      vertex 6.881966011250105 -1.902113032590307 6
    endloop
  endfacet
  facet normal 0 0 -1
    outer loop
      vertex 5.881966011250105 -1.1755705045849463 6
      vertex 6.043769410125094 -1.0580134541264516 6
      vertex 6.0420627451571765 -1.369094211857377 6
    endloop
  endfacet
  facet normal 0 0 -1
    outer loop
      vertex 5.881966011250105 -1.1755705045849463 6
      vertex 5.747386639912273 -0.9635073482034308 6
      vertex 5.922647975921046 -0.8671566133830877 6
    endloop
  endfacet
  facet normal 0 0 -1
    outer loop
      vertex 5.881966011250105 -1.1755705045849463 6
      vertex 5.922647975921046 -0.8671566133830877 6
      vertex 6.043769410125094 -1.0580134541264516 6
    endloop
  endfacet
  facet normal 0 0 -1
    outer loop
      vertex 5.640447028223497 -0.7362491053693557 6
      vertex 5.562833677742738 -0.4973797743297097 6
      vertex 5.562833677742738 0.4973797743297097 6
    endloop
  endfacet
  facet normal 0 0 -1
    outer loop
      vertex 5.562833677742738 -0.4973797743297097 6
      vertex 5.515770597371044 -0.25066646712860813 6
      vertex 5.515770597371044 0.25066646712860813 6
    endloop
  endfacet
  facet normal 0 0 -1
    outer loop
      vertex 5.747386639912273 -0.9635073482034308 6
      vertex 5.826402325401148 -0.6626241948324202 6
      vertex 5.922647975921046 -0.8671566133830877 6
    endloop
  endfacet
  facet normal 0 0 -1
    outer loop
      vertex 5.747386639912273 -0.9635073482034308 6
      vertex 5.756550309968464 -0.4476417968967387 6
      vertex 5.826402325401148 -0.6626241948324202 6
    endloop
  endfacet
  facet normal 0 0 -1
    outer loop
      vertex 5.747386639912273 -0.9635073482034308 6
      vertex 5.71419353763394 -0.22559982041574733 6
      vertex 5.756550309968464 -0.4476417968967387 6
    endloop
  endfacet
  facet normal 0 0 -1
    outer loop
      vertex 5.747386639912273 -0.9635073482034308 6
      vertex 5.7 0 6
      vertex 5.71419353763394 -0.22559982041574733 6
    endloop
  endfacet
  facet normal 0 0 -1
    outer loop
      vertex 5.640447028223497 -0.7362491053693557 6
      vertex 5.640447028223497 0.7362491053693557 6
      vertex 5.747386639912273 -0.9635073482034308 6
    endloop
  endfacet
  facet normal 0 0 -1
    outer loop
      vertex 5.747386639912273 -0.9635073482034308 6
      vertex 5.640447028223497 0.7362491053693557 6
      vertex 5.7 0 6
    endloop
  endfacet
  facet normal 0 0 -1
    outer loop
      vertex 6.2251520205026205 -1.5410264855515787 6
      vertex 6.0420627451571765 -1.369094211857377 6
      vertex 6.352636818452359 -1.386923836996421 6
    endloop
  endfacet
  facet normal 0 0 -1
    outer loop
      vertex 6.0420627451571765 -1.369094211857377 6
      vertex 6.187856470641459 -1.2321847906716394 6
      vertex 6.352636818452359 -1.386923836996421 6
    endloop
  endfacet
  facet normal 0 0 -1
    outer loop
      vertex 6.2251520205026205 -1.5410264855515787 6
      vertex 6.5355117690378055 -1.5197902659036269 6
      vertex 6.428346410042007 -1.68865585100403 6
    endloop
  endfacet
  facet normal 0 0 -1
    outer loop
      vertex 6.2251520205026205 -1.5410264855515787 6
      vertex 6.352636818452359 -1.386923836996421 6
      vertex 6.5355117690378055 -1.5197902659036269 6
    endloop
  endfacet
  facet normal 0 0 -1
    outer loop
      vertex 6.0420627451571765 -1.369094211857377 6
      vertex 6.043769410125094 -1.0580134541264516 6
      vertex 6.187856470641459 -1.2321847906716394 6
    endloop
  endfacet
  facet normal 0 0 -1
    outer loop
      vertex 6.428346410042007 -1.68865585100403 6
      vertex 6.5355117690378055 -1.5197902659036269 6
      vertex 6.73359727518287 -1.6286886944388352 6
    endloop
  endfacet
  facet normal 0 0 -1
    outer loop
      vertex 6.648441416869855 -1.8096541049320392 6
      vertex 6.428346410042007 -1.68865585100403 6
      vertex 6.73359727518287 -1.6286886944388352 6
    endloop
  endfacet
  facet normal 0 0 -1
    outer loop
      vertex 6.648441416869855 -1.8096541049320392 6
      vertex 6.73359727518287 -1.6286886944388352 6
      vertex 6.943769410125094 -1.7119017293312764 6
    endloop
  endfacet
  facet normal 0 0 -1
    outer loop
      vertex 6.881966011250105 -1.902113032590307 6
      vertex 6.943769410125094 -1.7119017293312764 6
      vertex 7.162713633745695 -1.7681170513116395 6
    endloop
  endfacet
  facet normal 0 0 -1
    outer loop
      vertex 6.881966011250105 -1.902113032590307 6
      vertex 7.162713633745695 -1.7681170513116395 6
      vertex 7.12523737082855 -1.9645745014573772 6
    endloop
  endfacet
  facet normal 0 0 -1
    outer loop
      vertex 7.12523737082855 -1.9645745014573772 6
      vertex 7.162713633745695 -1.7681170513116395 6
      vertex 7.386977064847235 -1.7964481111708888 6
    endloop
  endfacet
  facet normal 0 0 -1
    outer loop
      vertex 7.12523737082855 -1.9645745014573772 6
      vertex 7.386977064847235 -1.7964481111708888 6
      vertex 7.374418960941372 -1.9960534568565431 6
    endloop
  endfacet
  facet normal 0 0 -1
    outer loop
      vertex 7.374418960941372 -1.9960534568565431 6
      vertex 7.386977064847235 -1.7964481111708888 6
      vertex 7.613022935152765 -1.7964481111708888 6
    endloop
  endfacet
  facet normal 0 0 -1
    outer loop
      vertex 7.374418960941372 -1.9960534568565431 6
      vertex 7.613022935152765 -1.7964481111708888 6
      vertex 7.625581039058628 -1.9960534568565431 6
    endloop
  endfacet
  facet normal 0 0 -1
    outer loop
      vertex 7.625581039058628 -1.9960534568565431 6
      vertex 7.613022935152765 -1.7964481111708888 6
      vertex 7.837286366254305 -1.7681170513116395 6
    endloop
  endfacet
  facet normal 0 0 -1
    outer loop
      vertex 7.625581039058628 -1.9960534568565431 6
      vertex 7.837286366254305 -1.7681170513116395 6
      vertex 7.87476262917145 -1.9645745014573772 6
    endloop
  endfacet
  facet normal 0 0 -1
    outer loop
      vertex 7.837286366254305 -1.7681170513116395 6
      vertex 8.056230589874906 -1.7119017293312764 6
      vertex 7.87476262917145 -1.9645745014573772 6
    endloop
  endfacet
  facet normal 0 0 -1
    outer loop
      vertex 7.87476262917145 -1.9645745014573772 6
      vertex 8.056230589874906 -1.7119017293312764 6
      vertex 8.118033988749895 -1.902113032590307 6
    endloop
  endfacet
  facet normal 0 0 -1
    outer loop
      vertex 8.118033988749895 -1.902113032590307 6
      vertex 8.056230589874906 -1.7119017293312764 6
      vertex 8.26640272481713 -1.6286886944388352 6
    endloop
  endfacet
  facet normal 0 0 -1
    outer loop
      vertex 8.118033988749895 -1.902113032590307 6
      vertex 8.26640272481713 -1.6286886944388352 6
      vertex 8.351558583130146 -1.8096541049320392 6
    endloop
  endfacet
  facet normal 0 0 -1
    outer loop
      vertex 8.351558583130146 -1.8096541049320392 6
      vertex 8.26640272481713 -1.6286886944388352 6
      vertex 8.464488230962193 -1.5197902659036275 6
    endloop
  endfacet
  facet normal 0 0 -1
    outer loop
      vertex 8.351558583130146 -1.8096541049320392 6
      vertex 8.464488230962193 -1.5197902659036275 6
      vertex 8.571653589957993 -1.6886558510040306 6
    endloop
  endfacet
  facet normal 0 0 -1
    outer loop
      vertex 8.464488230962193 -1.5197902659036275 6
      vertex 8.647363181547641 -1.3869238369964203 6
      vertex 8.571653589957993 -1.6886558510040306 6
    endloop
  endfacet
  facet normal 0 0 -1
    outer loop
      vertex 8.571653589957993 -1.6886558510040306 6
      vertex 8.647363181547641 -1.3869238369964203 6
      vertex 8.77484797949738 -1.541026485551578 6
    endloop
  endfacet
  facet normal 0 0 -1
    outer loop
      vertex 8.77484797949738 -1.541026485551578 6
      vertex 8.647363181547641 -1.3869238369964203 6
      vertex 8.812143529358542 -1.2321847906716394 6
    endloop
  endfacet
  facet normal 0 0 -1
    outer loop
      vertex 8.77484797949738 -1.541026485551578 6
      vertex 8.812143529358542 -1.2321847906716394 6
      vertex 8.957937254842824 -1.369094211857377 6
    endloop
  endfacet
  facet normal 0 0 -1
    outer loop
      vertex 8.812143529358542 -1.2321847906716394 6
      vertex 8.956230589874906 -1.0580134541264516 6
      vertex 8.957937254842824 -1.369094211857377 6
    endloop
  endfacet
  facet normal 0 0 -1
    outer loop
      vertex 8.957937254842824 -1.369094211857377 6
      vertex 8.956230589874906 -1.0580134541264516 6
      vertex 9.077352024078955 -0.8671566133830877 6
    endloop
  endfacet
  facet normal 0 0 -1
    outer loop
      vertex 8.957937254842824 -1.369094211857377 6
      vertex 9.077352024078955 -0.8671566133830877 6
      vertex 9.118033988749895 -1.1755705045849463 6
    endloop
  endfacet
  facet normal 0 0 -1
    outer loop
      vertex 9.118033988749895 -1.1755705045849463 6
      vertex 9.077352024078955 -0.8671566133830877 6
      vertex 9.173597674598852 -0.6626241948324211 6
    endloop
  endfacet
  facet normal 0 0 -1
    outer loop
      vertex 9.118033988749895 -1.1755705045849463 6
      vertex 9.173597674598852 -0.6626241948324211 6
      vertex 9.252613360087727 -0.9635073482034308 6
    endloop
  endfacet
  facet normal 0 0 -1
    outer loop
      vertex 9.252613360087727 -0.9635073482034308 6
      vertex 9.173597674598852 -0.6626241948324211 6
      vertex 9.243449690031536 -0.447641796896738 6
    endloop
  endfacet
  facet normal 0 0 -1
    outer loop
      vertex 9.252613360087727 -0.9635073482034308 6
      vertex 9.243449690031536 -0.447641796896738 6
      vertex 9.285806462366061 -0.22559982041574733 6
    endloop
  endfacet
  facet normal 0 0 -1
    outer loop
      vertex 9.252613360087727 -0.9635073482034308 6
      vertex 9.285806462366061 -0.22559982041574733 6
      vertex 9.359552971776502 -0.7362491053693567 6
    endloop
  endfacet
  facet normal 0 0 -1
    outer loop
      vertex 9.359552971776502 -0.7362491053693567 6
      vertex 9.285806462366061 -0.22559982041574733 6
      vertex 9.3 0 6
    endloop
  endfacet
  facet normal 0 0 -1
    outer loop
      vertex 9.359552971776502 -0.7362491053693567 6
      vertex 9.3 0 6
      vertex 9.285806462366061 0.22559982041574766 6
    endloop
  endfacet
  facet normal 0 0 -1
    outer loop
      vertex 9.359552971776502 -0.7362491053693567 6
      vertex 9.359552971776502 0.736249105369356 6
      vertex 9.437166322257262 -0.49737977432970887 6
    endloop
  endfacet
  facet normal 0 0 -1
    outer loop
      vertex 9.437166322257262 -0.49737977432970887 6
      vertex 9.437166322257262 0.4973797743297096 6
      vertex 9.484229402628955 -0.25066646712860813 6
    endloop
  endfacet
  facet normal 0.9980267284282717 -0.06279051952931222 0
    outer loop
      vertex 5.515770597371044 0.25066646712860813 6
      vertex 5.5 0 0
      vertex 5.515770597371044 0.25066646712860813 0
    endloop
  endfacet
  facet normal 0.9822872507286885 -0.18738131458572582 0
    outer loop
      vertex 5.562833677742738 0.4973797743297097 6
      vertex 5.515770597371044 0.25066646712860813 0
      vertex 5.562833677742738 0.4973797743297097 0
    endloop
  endfacet
  facet normal 0.9510565162951534 -0.3090169943749479 0
    outer loop
      vertex 5.640447028223497 0.7362491053693557 6
      vertex 5.562833677742738 0.4973797743297097 0
      vertex 5.640447028223497 0.7362491053693557 0
    endloop
  endfacet
  facet normal 0.9048270524660196 -0.4257792915650724 0
    outer loop
      vertex 5.747386639912273 0.9635073482034308 6
      vertex 5.640447028223497 0.7362491053693557 0
      vertex 5.747386639912273 0.9635073482034308 0
    endloop
  endfacet
  facet normal 0.8443279255020154 -0.5358267949789962 0
    outer loop
      vertex 5.881966011250105 1.1755705045849463 6
      vertex 5.747386639912273 0.9635073482034308 0
      vertex 5.881966011250105 1.1755705045849463 0
    endloop
  endfacet
  facet normal 0.7705132427757896 -0.6374239897486894 0
    outer loop
      vertex 6.0420627451571765 1.369094211857377 6
      vertex 5.881966011250105 1.1755705045849463 0
      vertex 6.0420627451571765 1.369094211857377 0
    endloop
  endfacet
  facet normal 0.6845471059286891 -0.7289686274214111 0
    outer loop
      vertex 6.0420627451571765 1.369094211857377 6
      vertex 6.0420627451571765 1.369094211857377 0
      vertex 6.2251520205026205 1.5410264855515787 0
    endloop
  endfacet
  facet normal 0.5877852522924715 -0.8090169943749488 0
    outer loop
      vertex 6.2251520205026205 1.5410264855515787 6
      vertex 6.2251520205026205 1.5410264855515787 0
      vertex 6.428346410042007 1.68865585100403 0
    endloop
  endfacet
  facet normal 0.4817536741017166 -0.8763066800438628 0
    outer loop
      vertex 6.428346410042007 1.68865585100403 6
      vertex 6.428346410042007 1.68865585100403 0
      vertex 6.648441416869854 1.809654104932039 0
    endloop
  endfacet
  facet normal 0.3681245526846776 -0.9297764858882517 0
    outer loop
      vertex 6.648441416869854 1.809654104932039 6
      vertex 6.648441416869854 1.809654104932039 0
      vertex 6.881966011250105 1.902113032590307 0
    endloop
  endfacet
  facet normal 0.9980267284282717 -0.06279051952931222 0
    outer loop
      vertex 5.5 0 6
      vertex 5.5 0 0
      vertex 5.515770597371044 0.25066646712860813 6
    endloop
  endfacet
  facet normal 0.9822872507286885 -0.18738131458572582 0
    outer loop
      vertex 5.515770597371044 0.25066646712860813 6
      vertex 5.515770597371044 0.25066646712860813 0
      vertex 5.562833677742738 0.4973797743297097 6
    endloop
  endfacet
  facet normal 0.9510565162951534 -0.3090169943749479 0
    outer loop
      vertex 5.562833677742738 0.4973797743297097 6
      vertex 5.562833677742738 0.4973797743297097 0
      vertex 5.640447028223497 0.7362491053693557 6
    endloop
  endfacet
  facet normal 0.9048270524660196 -0.4257792915650724 0
    outer loop
      vertex 5.640447028223497 0.7362491053693557 6
      vertex 5.640447028223497 0.7362491053693557 0
      vertex 5.747386639912273 0.9635073482034308 6
    endloop
  endfacet
  facet normal 0.8443279255020154 -0.5358267949789962 0
    outer loop
      vertex 5.747386639912273 0.9635073482034308 6
      vertex 5.747386639912273 0.9635073482034308 0
      vertex 5.881966011250105 1.1755705045849463 6
    endloop
  endfacet
  facet normal 0.7705132427757896 -0.6374239897486894 0
    outer loop
      vertex 5.881966011250105 1.1755705045849463 6
      vertex 5.881966011250105 1.1755705045849463 0
      vertex 6.0420627451571765 1.369094211857377 6
    endloop
  endfacet
  facet normal 0.6845471059286891 -0.7289686274214111 0
    outer loop
      vertex 6.0420627451571765 1.369094211857377 6
      vertex 6.2251520205026205 1.5410264855515787 0
      vertex 6.2251520205026205 1.5410264855515787 6
    endloop
  endfacet
  facet normal 0.5877852522924715 -0.8090169943749488 0
    outer loop
      vertex 6.2251520205026205 1.5410264855515787 6
      vertex 6.428346410042007 1.68865585100403 0
      vertex 6.428346410042007 1.68865585100403 6
    endloop
  endfacet
  facet normal 0.4817536741017166 -0.8763066800438628 0
    outer loop
      vertex 6.428346410042007 1.68865585100403 6
      vertex 6.648441416869854 1.809654104932039 0
      vertex 6.648441416869854 1.809654104932039 6
    endloop
  endfacet
  facet normal 0.3681245526846776 -0.9297764858882517 0
    outer loop
      vertex 6.648441416869854 1.809654104932039 6
      vertex 6.881966011250105 1.902113032590307 0
      vertex 6.881966011250105 1.902113032590307 6
    endloop
  endfacet
  facet normal -0.5877852522924715 -0.8090169943749486 0
    outer loop
      vertex 8.571653589957993 1.6886558510040302 6
      vertex 8.571653589957993 1.6886558510040302 0
      vertex 8.77484797949738 1.5410264855515783 0
    endloop
  endfacet
  facet normal 0.24868988716485485 -0.968583161128631 0
    outer loop
      vertex 6.881966011250105 1.902113032590307 6
      vertex 6.881966011250105 1.902113032590307 0
      vertex 7.125237370828551 1.9645745014573774 0
    endloop
  endfacet
  facet normal 0.12533323356430426 -0.9921147013144778 0
    outer loop
      vertex 7.125237370828551 1.9645745014573774 6
      vertex 7.125237370828551 1.9645745014573774 0
      vertex 7.374418960941373 1.9960534568565431 0
    endloop
  endfacet
  facet normal 0 -1 0
    outer loop
      vertex 7.374418960941373 1.9960534568565431 6
      vertex 7.374418960941373 1.9960534568565431 0
      vertex 7.625581039058627 1.9960534568565431 0
    endloop
  endfacet
  facet normal -0.12533323356430426 -0.9921147013144778 0
    outer loop
      vertex 7.625581039058627 1.9960534568565431 6
      vertex 7.625581039058627 1.9960534568565431 0
      vertex 7.874762629171449 1.9645745014573774 0
    endloop
  endfacet
  facet normal -0.24868988716485485 -0.968583161128631 0
    outer loop
      vertex 7.874762629171449 1.9645745014573774 6
      vertex 7.874762629171449 1.9645745014573774 0
      vertex 8.118033988749895 1.902113032590307 0
    endloop
  endfacet
  facet normal -0.3681245526846776 -0.9297764858882517 0
    outer loop
      vertex 8.118033988749895 1.902113032590307 6
      vertex 8.118033988749895 1.902113032590307 0
      vertex 8.351558583130146 1.809654104932039 0
    endloop
  endfacet
  facet normal -0.48175367410171593 -0.8763066800438631 0
    outer loop
      vertex 8.351558583130146 1.809654104932039 6
      vertex 8.351558583130146 1.809654104932039 0
      vertex 8.571653589957993 1.6886558510040302 0
    endloop
  endfacet
  facet normal -0.9980267284282713 -0.06279051952931565 0
    outer loop
      vertex 9.5 0 6
      vertex 9.484229402628955 0.2506664671286085 0
      vertex 9.5 0 0
    endloop
  endfacet
  facet normal -0.982287250728689 -0.18738131458572277 0
    outer loop
      vertex 9.484229402628955 0.2506664671286085 6
      vertex 9.437166322257262 0.4973797743297096 0
      vertex 9.484229402628955 0.2506664671286085 0
    endloop
  endfacet
  facet normal -0.9510565162951525 -0.30901699437495067 0
    outer loop
      vertex 9.437166322257262 0.4973797743297096 6
      vertex 9.359552971776502 0.736249105369356 0
      vertex 9.437166322257262 0.4973797743297096 0
    endloop
  endfacet
  facet normal -0.9048270524660208 -0.42577929156507005 0
    outer loop
      vertex 9.359552971776502 0.736249105369356 6
      vertex 9.252613360087727 0.9635073482034306 0
      vertex 9.359552971776502 0.736249105369356 0
    endloop
  endfacet
  facet normal -0.7705132427757903 -0.6374239897486884 0
    outer loop
      vertex 9.118033988749895 1.1755705045849463 6
      vertex 8.957937254842824 1.3690942118573775 0
      vertex 9.118033988749895 1.1755705045849463 0
    endloop
  endfacet
  facet normal -0.684547105928689 -0.7289686274214112 0
    outer loop
      vertex 8.77484797949738 1.5410264855515783 6
      vertex 8.77484797949738 1.5410264855515783 0
      vertex 8.957937254842824 1.3690942118573775 0
    endloop
  endfacet
  facet normal -0.8443279255020155 -0.535826794978996 0
    outer loop
      vertex 9.252613360087727 0.9635073482034306 6
      vertex 9.118033988749895 1.1755705045849463 0
      vertex 9.252613360087727 0.9635073482034306 0
    endloop
  endfacet
  facet normal 0.24868988716485485 -0.968583161128631 0
    outer loop
      vertex 6.881966011250105 1.902113032590307 6
      vertex 7.125237370828551 1.9645745014573774 0
      vertex 7.125237370828551 1.9645745014573774 6
    endloop
  endfacet
  facet normal 0.12533323356430426 -0.9921147013144778 0
    outer loop
      vertex 7.125237370828551 1.9645745014573774 6
      vertex 7.374418960941373 1.9960534568565431 0
      vertex 7.374418960941373 1.9960534568565431 6
    endloop
  endfacet
  facet normal 0 -1 0
    outer loop
      vertex 7.374418960941373 1.9960534568565431 6
      vertex 7.625581039058627 1.9960534568565431 0
      vertex 7.625581039058627 1.9960534568565431 6
    endloop
  endfacet
  facet normal -0.12533323356430426 -0.9921147013144778 0
    outer loop
      vertex 7.625581039058627 1.9960534568565431 6
      vertex 7.874762629171449 1.9645745014573774 0
      vertex 7.874762629171449 1.9645745014573774 6
    endloop
  endfacet
  facet normal -0.24868988716485485 -0.968583161128631 0
    outer loop
      vertex 7.874762629171449 1.9645745014573774 6
      vertex 8.118033988749895 1.902113032590307 0
      vertex 8.118033988749895 1.902113032590307 6
    endloop
  endfacet
  facet normal -0.3681245526846776 -0.9297764858882517 0
    outer loop
      vertex 8.118033988749895 1.902113032590307 6
      vertex 8.351558583130146 1.809654104932039 0
      vertex 8.351558583130146 1.809654104932039 6
    endloop
  endfacet
  facet normal -0.48175367410171593 -0.8763066800438631 0
    outer loop
      vertex 8.351558583130146 1.809654104932039 6
      vertex 8.571653589957993 1.6886558510040302 0
      vertex 8.571653589957993 1.6886558510040302 6
    endloop
  endfacet
  facet normal -0.9980267284282713 -0.06279051952931565 0
    outer loop
      vertex 9.5 0 6
      vertex 9.484229402628955 0.2506664671286085 6
      vertex 9.484229402628955 0.2506664671286085 0
    endloop
  endfacet
  facet normal -0.982287250728689 -0.18738131458572277 0
    outer loop
      vertex 9.484229402628955 0.2506664671286085 6
      vertex 9.437166322257262 0.4973797743297096 6
      vertex 9.437166322257262 0.4973797743297096 0
    endloop
  endfacet
  facet normal -0.9510565162951525 -0.30901699437495067 0
    outer loop
      vertex 9.437166322257262 0.4973797743297096 6
      vertex 9.359552971776502 0.736249105369356 6
      vertex 9.359552971776502 0.736249105369356 0
    endloop
  endfacet
  facet normal -0.5877852522924715 -0.8090169943749486 0
    outer loop
      vertex 8.571653589957993 1.6886558510040302 6
      vertex 8.77484797949738 1.5410264855515783 0
      vertex 8.77484797949738 1.5410264855515783 6
    endloop
  endfacet
  facet normal -0.684547105928689 -0.7289686274214112 0
    outer loop
      vertex 8.77484797949738 1.5410264855515783 6
      vertex 8.957937254842824 1.3690942118573775 0
      vertex 8.957937254842824 1.3690942118573775 6
    endloop
  endfacet
  facet normal -0.7705132427757903 -0.6374239897486884 0
    outer loop
      vertex 8.957937254842824 1.3690942118573775 6
      vertex 8.957937254842824 1.3690942118573775 0
      vertex 9.118033988749895 1.1755705045849463 6
    endloop
  endfacet
  facet normal -0.9048270524660208 -0.42577929156507005 0
    outer loop
      vertex 9.359552971776502 0.736249105369356 6
      vertex 9.252613360087727 0.9635073482034306 6
      vertex 9.252613360087727 0.9635073482034306 0
    endloop
  endfacet
  facet normal -0.8443279255020155 -0.535826794978996 0
    outer loop
      vertex 9.118033988749895 1.1755705045849463 6
      vertex 9.118033988749895 1.1755705045849463 0
      vertex 9.252613360087727 0.9635073482034306 6
    endloop
  endfacet
  facet normal 0 0 -1
    outer loop
      vertex 5.515770597371044 -0.25066646712860813 6
      vertex 5.5 0 6
      vertex 5.515770597371044 0.25066646712860813 6
    endloop
  endfacet
  facet normal 0 0 -1
    outer loop
      vertex 5.562833677742738 -0.4973797743297097 6
      vertex 5.515770597371044 0.25066646712860813 6
      vertex 5.562833677742738 0.4973797743297097 6
    endloop
  endfacet
  facet normal 0 0 -1
    outer loop
      vertex 5.640447028223497 -0.7362491053693557 6
      vertex 5.562833677742738 0.4973797743297097 6
      vertex 5.640447028223497 0.7362491053693557 6
    endloop
  endfacet
  facet normal 0 0 -1
    outer loop
      vertex 5.7 0 6
      vertex 5.640447028223497 0.7362491053693557 6
      vertex 5.71419353763394 0.22559982041574733 6
    endloop
  endfacet
  facet normal 0 0 -1
    outer loop
      vertex 5.640447028223497 0.7362491053693557 6
      vertex 5.747386639912273 0.9635073482034308 6
      vertex 5.71419353763394 0.22559982041574733 6
    endloop
  endfacet
  facet normal 0 0 -1
    outer loop
      vertex 5.71419353763394 0.22559982041574733 6
      vertex 5.747386639912273 0.9635073482034308 6
      vertex 5.756550309968464 0.4476417968967387 6
    endloop
  endfacet
  facet normal 0 0 -1
    outer loop
      vertex 5.756550309968464 0.4476417968967387 6
      vertex 5.747386639912273 0.9635073482034308 6
      vertex 5.826402325401148 0.6626241948324202 6
    endloop
  endfacet
  facet normal 0 0 -1
    outer loop
      vertex 5.826402325401148 0.6626241948324202 6
      vertex 5.747386639912273 0.9635073482034308 6
      vertex 5.881966011250105 1.1755705045849463 6
    endloop
  endfacet
  facet normal 0 0 -1
    outer loop
      vertex 5.826402325401148 0.6626241948324202 6
      vertex 5.881966011250105 1.1755705045849463 6
      vertex 5.922647975921046 0.8671566133830877 6
    endloop
  endfacet
  facet normal 0 0 -1
    outer loop
      vertex 5.922647975921046 0.8671566133830877 6
      vertex 5.881966011250105 1.1755705045849463 6
      vertex 6.0420627451571765 1.369094211857377 6
    endloop
  endfacet
  facet normal 0 0 -1
    outer loop
      vertex 5.922647975921046 0.8671566133830877 6
      vertex 6.0420627451571765 1.369094211857377 6
      vertex 6.043769410125094 1.0580134541264516 6
    endloop
  endfacet
  facet normal 0 0 -1
    outer loop
      vertex 6.043769410125094 1.0580134541264516 6
      vertex 6.0420627451571765 1.369094211857377 6
      vertex 6.187856470641459 1.2321847906716394 6
    endloop
  endfacet
  facet normal 0 0 -1
    outer loop
      vertex 6.0420627451571765 1.369094211857377 6
      vertex 6.2251520205026205 1.5410264855515787 6
      vertex 6.187856470641459 1.2321847906716394 6
    endloop
  endfacet
  facet normal 0 0 -1
    outer loop
      vertex 6.187856470641459 1.2321847906716394 6
      vertex 6.2251520205026205 1.5410264855515787 6
      vertex 6.352636818452359 1.386923836996421 6
    endloop
  endfacet
  facet normal 0 0 -1
    outer loop
      vertex 6.2251520205026205 1.5410264855515787 6
      vertex 6.428346410042007 1.68865585100403 6
      vertex 6.352636818452359 1.386923836996421 6
    endloop
  endfacet
  facet normal 0 0 -1
    outer loop
      vertex 6.352636818452359 1.386923836996421 6
      vertex 6.428346410042007 1.68865585100403 6
      vertex 6.5355117690378055 1.5197902659036269 6
    endloop
  endfacet
  facet normal 0 0 -1
    outer loop
      vertex 6.5355117690378055 1.5197902659036269 6
      vertex 6.428346410042007 1.68865585100403 6
      vertex 6.648441416869854 1.809654104932039 6
    endloop
  endfacet
  facet normal 0 0 -1
    outer loop
      vertex 6.5355117690378055 1.5197902659036269 6
      vertex 6.648441416869854 1.809654104932039 6
      vertex 6.733597275182869 1.628688694438835 6
    endloop
  endfacet
  facet normal 0 0 -1
    outer loop
      vertex 6.733597275182869 1.628688694438835 6
      vertex 6.648441416869854 1.809654104932039 6
      vertex 6.881966011250105 1.902113032590307 6
    endloop
  endfacet
  facet normal 0 0 -1
    outer loop
      vertex 6.733597275182869 1.628688694438835 6
      vertex 6.881966011250105 1.902113032590307 6
      vertex 6.943769410125094 1.7119017293312764 6
    endloop
  endfacet
  facet normal 0 0 -1
    outer loop
      vertex 8.26640272481713 1.628688694438835 6
      vertex 8.056230589874906 1.7119017293312764 6
      vertex 8.351558583130146 1.809654104932039 6
    endloop
  endfacet
  facet normal 0 0 -1
    outer loop
      vertex 8.26640272481713 1.628688694438835 6
      vertex 8.351558583130146 1.809654104932039 6
      vertex 8.571653589957993 1.6886558510040302 6
    endloop
  endfacet
  facet normal 0 0 -1
    outer loop
      vertex 8.464488230962194 1.519790265903627 6
      vertex 8.77484797949738 1.5410264855515783 6
      vertex 8.647363181547641 1.3869238369964205 6
    endloop
  endfacet
  facet normal 0 0 -1
    outer loop
      vertex 8.26640272481713 1.628688694438835 6
      vertex 8.571653589957993 1.6886558510040302 6
      vertex 8.464488230962194 1.519790265903627 6
    endloop
  endfacet
  facet normal 0 0 -1
    outer loop
      vertex 8.464488230962194 1.519790265903627 6
      vertex 8.571653589957993 1.6886558510040302 6
      vertex 8.77484797949738 1.5410264855515783 6
    endloop
  endfacet
  facet normal 0 0 -1
    outer loop
      vertex 6.943769410125094 1.7119017293312764 6
      vertex 6.881966011250105 1.902113032590307 6
      vertex 7.125237370828551 1.9645745014573774 6
    endloop
  endfacet
  facet normal 0 0 -1
    outer loop
      vertex 6.943769410125094 1.7119017293312764 6
      vertex 7.125237370828551 1.9645745014573774 6
      vertex 7.162713633745696 1.7681170513116398 6
    endloop
  endfacet
  facet normal 0 0 -1
    outer loop
      vertex 7.125237370828551 1.9645745014573774 6
      vertex 7.374418960941373 1.9960534568565431 6
      vertex 7.162713633745696 1.7681170513116398 6
    endloop
  endfacet
  facet normal 0 0 -1
    outer loop
      vertex 7.162713633745696 1.7681170513116398 6
      vertex 7.374418960941373 1.9960534568565431 6
      vertex 7.386977064847236 1.7964481111708888 6
    endloop
  endfacet
  facet normal 0 0 -1
    outer loop
      vertex 7.386977064847236 1.7964481111708888 6
      vertex 7.374418960941373 1.9960534568565431 6
      vertex 7.625581039058627 1.9960534568565431 6
    endloop
  endfacet
  facet normal 0 0 -1
    outer loop
      vertex 7.386977064847236 1.7964481111708888 6
      vertex 7.625581039058627 1.9960534568565431 6
      vertex 7.613022935152764 1.7964481111708888 6
    endloop
  endfacet
  facet normal 0 0 -1
    outer loop
      vertex 7.613022935152764 1.7964481111708888 6
      vertex 7.625581039058627 1.9960534568565431 6
      vertex 7.874762629171449 1.9645745014573774 6
    endloop
  endfacet
  facet normal 0 0 -1
    outer loop
      vertex 7.613022935152764 1.7964481111708888 6
      vertex 7.874762629171449 1.9645745014573774 6
      vertex 7.837286366254304 1.7681170513116398 6
    endloop
  endfacet
  facet normal 0 0 -1
    outer loop
      vertex 7.837286366254304 1.7681170513116398 6
      vertex 7.874762629171449 1.9645745014573774 6
      vertex 8.118033988749895 1.902113032590307 6
    endloop
  endfacet
  facet normal 0 0 -1
    outer loop
      vertex 7.837286366254304 1.7681170513116398 6
      vertex 8.118033988749895 1.902113032590307 6
      vertex 8.056230589874906 1.7119017293312764 6
    endloop
  endfacet
  facet normal 0 0 -1
    outer loop
      vertex 8.056230589874906 1.7119017293312764 6
      vertex 8.118033988749895 1.902113032590307 6
      vertex 8.351558583130146 1.809654104932039 6
    endloop
  endfacet
  facet normal 0 0 -1
    outer loop
      vertex 9.359552971776502 -0.7362491053693567 6
      vertex 9.285806462366061 0.22559982041574766 6
      vertex 9.252613360087727 0.9635073482034306 6
    endloop
  endfacet
  facet normal 0 0 -1
    outer loop
      vertex 9.484229402628955 -0.25066646712860813 6
      vertex 9.484229402628955 0.2506664671286085 6
      vertex 9.5 0 6
    endloop
  endfacet
  facet normal 0 0 -1
    outer loop
      vertex 9.484229402628955 -0.25066646712860813 6
      vertex 9.437166322257262 0.4973797743297096 6
      vertex 9.484229402628955 0.2506664671286085 6
    endloop
  endfacet
  facet normal 0 0 -1
    outer loop
      vertex 9.359552971776502 -0.7362491053693567 6
      vertex 9.252613360087727 0.9635073482034306 6
      vertex 9.359552971776502 0.736249105369356 6
    endloop
  endfacet
  facet normal 0 0 -1
    outer loop
      vertex 9.437166322257262 -0.49737977432970887 6
      vertex 9.359552971776502 0.736249105369356 6
      vertex 9.437166322257262 0.4973797743297096 6
    endloop
  endfacet
  facet normal 0 0 -1
    outer loop
      vertex 9.285806462366061 0.22559982041574766 6
      vertex 9.243449690031536 0.44764179689673866 6
      vertex 9.252613360087727 0.9635073482034306 6
    endloop
  endfacet
  facet normal 0 0 -1
    outer loop
      vertex 9.077352024078955 0.8671566133830876 6
      vertex 9.252613360087727 0.9635073482034306 6
      vertex 9.173597674598852 0.6626241948324204 6
    endloop
  endfacet
  facet normal 0 0 -1
    outer loop
      vertex 9.243449690031536 0.44764179689673866 6
      vertex 9.173597674598852 0.6626241948324204 6
      vertex 9.252613360087727 0.9635073482034306 6
    endloop
  endfacet
  facet normal 0 0 -1
    outer loop
      vertex 8.956230589874906 1.0580134541264516 6
      vertex 9.118033988749895 1.1755705045849463 6
      vertex 9.077352024078955 0.8671566133830876 6
    endloop
  endfacet
  facet normal 0 0 -1
    outer loop
      vertex 8.956230589874906 1.0580134541264516 6
      vertex 8.81214352935854 1.2321847906716397 6
      vertex 8.957937254842824 1.3690942118573775 6
    endloop
  endfacet
  facet normal 0 0 -1
    outer loop
      vertex 8.956230589874906 1.0580134541264516 6
      vertex 8.957937254842824 1.3690942118573775 6
      vertex 9.118033988749895 1.1755705045849463 6
    endloop
  endfacet
  facet normal 0 0 -1
    outer loop
      vertex 8.647363181547641 1.3869238369964205 6
      vertex 8.957937254842824 1.3690942118573775 6
      vertex 8.81214352935854 1.2321847906716397 6
    endloop
  endfacet
  facet normal 0 0 -1
    outer loop
      vertex 8.647363181547641 1.3869238369964205 6
      vertex 8.77484797949738 1.5410264855515783 6
      vertex 8.957937254842824 1.3690942118573775 6
    endloop
  endfacet
  facet normal 0 0 -1
    outer loop
      vertex 9.077352024078955 0.8671566133830876 6
      vertex 9.118033988749895 1.1755705045849463 6
      vertex 9.252613360087727 0.9635073482034306 6
    endloop
  endfacet
  facet normal 0.8443279255020164 0.5358267949789944 0
    outer loop
      vertex 5.922647975921046 -0.8671566133830877 6
      vertex 5.922647975921046 -0.8671566133830877 12
      vertex 6.043769410125094 -1.0580134541264516 6
    endloop
  endfacet
  facet normal 0.9510565162951534 0.30901699437494823 0
    outer loop
      vertex 5.826402325401148 -0.6626241948324202 6
      vertex 5.756550309968464 -0.4476417968967387 6
      vertex 5.756550309968464 -0.4476417968967387 12
    endloop
  endfacet
  facet normal 0.9048270524660197 0.4257792915650721 0
    outer loop
      vertex 5.922647975921046 -0.8671566133830877 6
      vertex 5.826402325401148 -0.6626241948324202 6
      vertex 5.826402325401148 -0.6626241948324202 12
    endloop
  endfacet
  facet normal 0.9822872507286887 0.18738131458572468 0
    outer loop
      vertex 5.756550309968464 -0.4476417968967387 6
      vertex 5.71419353763394 -0.22559982041574733 6
      vertex 5.71419353763394 -0.22559982041574733 12
    endloop
  endfacet
  facet normal 0.9980267284282716 0.06279051952931261 0
    outer loop
      vertex 5.71419353763394 -0.22559982041574733 6
      vertex 5.7 0 6
      vertex 5.7 0 12
    endloop
  endfacet
  facet normal 0.587785252292473 0.8090169943749476 0
    outer loop
      vertex 6.5355117690378055 -1.5197902659036269 6
      vertex 6.352636818452359 -1.386923836996421 6
      vertex 6.352636818452359 -1.386923836996421 12
    endloop
  endfacet
  facet normal 0.7705132427757878 0.6374239897486914 0
    outer loop
      vertex 6.187856470641459 -1.2321847906716394 6
      vertex 6.043769410125094 -1.0580134541264516 6
      vertex 6.043769410125094 -1.0580134541264516 12
    endloop
  endfacet
  facet normal 0.6845471059286893 0.728968627421411 0
    outer loop
      vertex 6.187856470641459 -1.2321847906716394 6
      vertex 6.187856470641459 -1.2321847906716394 12
      vertex 6.352636818452359 -1.386923836996421 6
    endloop
  endfacet
  facet normal 0.4817536741017142 0.8763066800438641 0
    outer loop
      vertex 6.5355117690378055 -1.5197902659036269 6
      vertex 6.5355117690378055 -1.5197902659036269 12
      vertex 6.73359727518287 -1.6286886944388352 6
    endloop
  endfacet
  facet normal 0.36812455268467875 0.9297764858882511 0
    outer loop
      vertex 6.73359727518287 -1.6286886944388352 6
      vertex 6.73359727518287 -1.6286886944388352 12
      vertex 6.943769410125094 -1.7119017293312764 6
    endloop
  endfacet
  facet normal 0.8443279255020164 0.5358267949789944 0
    outer loop
      vertex 6.043769410125094 -1.0580134541264516 6
      vertex 5.922647975921046 -0.8671566133830877 12
      vertex 6.043769410125094 -1.0580134541264516 12
    endloop
  endfacet
  facet normal 0.9510565162951534 0.30901699437494823 0
    outer loop
      vertex 5.826402325401148 -0.6626241948324202 6
      vertex 5.756550309968464 -0.4476417968967387 12
      vertex 5.826402325401148 -0.6626241948324202 12
    endloop
  endfacet
  facet normal 0.9048270524660197 0.4257792915650721 0
    outer loop
      vertex 5.922647975921046 -0.8671566133830877 6
      vertex 5.826402325401148 -0.6626241948324202 12
      vertex 5.922647975921046 -0.8671566133830877 12
    endloop
  endfacet
  facet normal 0.9822872507286887 0.18738131458572468 0
    outer loop
      vertex 5.756550309968464 -0.4476417968967387 6
      vertex 5.71419353763394 -0.22559982041574733 12
      vertex 5.756550309968464 -0.4476417968967387 12
    endloop
  endfacet
  facet normal 0.9980267284282716 0.06279051952931261 0
    outer loop
      vertex 5.71419353763394 -0.22559982041574733 6
      vertex 5.7 0 12
      vertex 5.71419353763394 -0.22559982041574733 12
    endloop
  endfacet
  facet normal 0.6845471059286893 0.728968627421411 0
    outer loop
      vertex 6.352636818452359 -1.386923836996421 6
      vertex 6.187856470641459 -1.2321847906716394 12
      vertex 6.352636818452359 -1.386923836996421 12
    endloop
  endfacet
  facet normal 0.587785252292473 0.8090169943749476 0
    outer loop
      vertex 6.5355117690378055 -1.5197902659036269 6
      vertex 6.352636818452359 -1.386923836996421 12
      vertex 6.5355117690378055 -1.5197902659036269 12
    endloop
  endfacet
  facet normal 0.7705132427757878 0.6374239897486914 0
    outer loop
      vertex 6.187856470641459 -1.2321847906716394 6
      vertex 6.043769410125094 -1.0580134541264516 12
      vertex 6.187856470641459 -1.2321847906716394 12
    endloop
  endfacet
  facet normal 0.4817536741017142 0.8763066800438641 0
    outer loop
      vertex 6.73359727518287 -1.6286886944388352 6
      vertex 6.5355117690378055 -1.5197902659036269 12
      vertex 6.73359727518287 -1.6286886944388352 12
    endloop
  endfacet
  facet normal 0.36812455268467875 0.9297764858882511 0
    outer loop
      vertex 6.943769410125094 -1.7119017293312764 6
      vertex 6.73359727518287 -1.6286886944388352 12
      vertex 6.943769410125094 -1.7119017293312764 12
    endloop
  endfacet
  facet normal 0.248689887164855 0.9685831611286311 0
    outer loop
      vertex 6.943769410125094 -1.7119017293312764 6
      vertex 6.943769410125094 -1.7119017293312764 12
      vertex 7.162713633745695 -1.7681170513116395 6
    endloop
  endfacet
  facet normal 0.1253332335643046 0.9921147013144778 0
    outer loop
      vertex 7.162713633745695 -1.7681170513116395 6
      vertex 7.162713633745695 -1.7681170513116395 12
      vertex 7.386977064847235 -1.7964481111708888 6
    endloop
  endfacet
  facet normal 0 1 0
    outer loop
      vertex 7.386977064847235 -1.7964481111708888 6
      vertex 7.386977064847235 -1.7964481111708888 12
      vertex 7.613022935152765 -1.7964481111708888 6
    endloop
  endfacet
  facet normal -0.1253332335643046 0.9921147013144778 0
    outer loop
      vertex 7.613022935152765 -1.7964481111708888 6
      vertex 7.613022935152765 -1.7964481111708888 12
      vertex 7.837286366254305 -1.7681170513116395 6
    endloop
  endfacet
  facet normal -0.248689887164855 0.9685831611286311 0
    outer loop
      vertex 7.837286366254305 -1.7681170513116395 6
      vertex 7.837286366254305 -1.7681170513116395 12
      vertex 8.056230589874906 -1.7119017293312764 6
    endloop
  endfacet
  facet normal -0.36812455268467875 0.9297764858882511 0
    outer loop
      vertex 8.056230589874906 -1.7119017293312764 6
      vertex 8.056230589874906 -1.7119017293312764 12
      vertex 8.26640272481713 -1.6286886944388352 6
    endloop
  endfacet
  facet normal -0.48175367410171527 0.8763066800438637 0
    outer loop
      vertex 8.26640272481713 -1.6286886944388352 6
      vertex 8.26640272481713 -1.6286886944388352 12
      vertex 8.464488230962193 -1.5197902659036275 6
    endloop
  endfacet
  facet normal -0.5877852522924731 0.8090169943749475 0
    outer loop
      vertex 8.464488230962193 -1.5197902659036275 6
      vertex 8.464488230962193 -1.5197902659036275 12
      vertex 8.647363181547641 -1.3869238369964203 6
    endloop
  endfacet
  facet normal -0.6845471059286857 0.7289686274214143 0
    outer loop
      vertex 8.647363181547641 -1.3869238369964203 6
      vertex 8.647363181547641 -1.3869238369964203 12
      vertex 8.812143529358542 -1.2321847906716394 6
    endloop
  endfacet
  facet normal -0.7705132427757897 0.637423989748689 0
    outer loop
      vertex 8.812143529358542 -1.2321847906716394 6
      vertex 8.812143529358542 -1.2321847906716394 12
      vertex 8.956230589874906 -1.0580134541264516 6
    endloop
  endfacet
  facet normal -0.8443279255020147 0.5358267949789973 0
    outer loop
      vertex 8.956230589874906 -1.0580134541264516 6
      vertex 8.956230589874906 -1.0580134541264516 12
      vertex 9.077352024078955 -0.8671566133830877 6
    endloop
  endfacet
  facet normal -0.9048270524660206 0.42577929156507044 0
    outer loop
      vertex 9.077352024078955 -0.8671566133830877 6
      vertex 9.077352024078955 -0.8671566133830877 12
      vertex 9.173597674598852 -0.6626241948324211 6
    endloop
  endfacet
  facet normal -0.951056516295154 0.30901699437494606 0
    outer loop
      vertex 9.173597674598852 -0.6626241948324211 6
      vertex 9.173597674598852 -0.6626241948324211 12
      vertex 9.243449690031536 -0.447641796896738 6
    endloop
  endfacet
  facet normal -0.9822872507286878 0.18738131458572907 0
    outer loop
      vertex 9.243449690031536 -0.447641796896738 6
      vertex 9.243449690031536 -0.447641796896738 12
      vertex 9.285806462366061 -0.22559982041574733 6
    endloop
  endfacet
  facet normal -0.9980267284282716 0.06279051952931261 0
    outer loop
      vertex 9.285806462366061 -0.22559982041574733 6
      vertex 9.285806462366061 -0.22559982041574733 12
      vertex 9.3 0 6
    endloop
  endfacet
  facet normal 0.248689887164855 0.9685831611286311 0
    outer loop
      vertex 7.162713633745695 -1.7681170513116395 6
      vertex 6.943769410125094 -1.7119017293312764 12
      vertex 7.162713633745695 -1.7681170513116395 12
    endloop
  endfacet
  facet normal 0.1253332335643046 0.9921147013144778 0
    outer loop
      vertex 7.386977064847235 -1.7964481111708888 6
      vertex 7.162713633745695 -1.7681170513116395 12
      vertex 7.386977064847235 -1.7964481111708888 12
    endloop
  endfacet
  facet normal 0 1 0
    outer loop
      vertex 7.613022935152765 -1.7964481111708888 6
      vertex 7.386977064847235 -1.7964481111708888 12
      vertex 7.613022935152765 -1.7964481111708888 12
    endloop
  endfacet
  facet normal -0.1253332335643046 0.9921147013144778 0
    outer loop
      vertex 7.837286366254305 -1.7681170513116395 6
      vertex 7.613022935152765 -1.7964481111708888 12
      vertex 7.837286366254305 -1.7681170513116395 12
    endloop
  endfacet
  facet normal -0.248689887164855 0.9685831611286311 0
    outer loop
      vertex 8.056230589874906 -1.7119017293312764 6
      vertex 7.837286366254305 -1.7681170513116395 12
      vertex 8.056230589874906 -1.7119017293312764 12
    endloop
  endfacet
  facet normal -0.36812455268467875 0.9297764858882511 0
    outer loop
      vertex 8.26640272481713 -1.6286886944388352 6
      vertex 8.056230589874906 -1.7119017293312764 12
      vertex 8.26640272481713 -1.6286886944388352 12
    endloop
  endfacet
  facet normal -0.48175367410171527 0.8763066800438637 0
    outer loop
      vertex 8.464488230962193 -1.5197902659036275 6
      vertex 8.26640272481713 -1.6286886944388352 12
      vertex 8.464488230962193 -1.5197902659036275 12
    endloop
  endfacet
  facet normal -0.5877852522924731 0.8090169943749475 0
    outer loop
      vertex 8.647363181547641 -1.3869238369964203 6
      vertex 8.464488230962193 -1.5197902659036275 12
      vertex 8.647363181547641 -1.3869238369964203 12
    endloop
  endfacet
  facet normal -0.6845471059286857 0.7289686274214143 0
    outer loop
      vertex 8.812143529358542 -1.2321847906716394 6
      vertex 8.647363181547641 -1.3869238369964203 12
      vertex 8.812143529358542 -1.2321847906716394 12
    endloop
  endfacet
  facet normal -0.7705132427757897 0.637423989748689 0
    outer loop
      vertex 8.956230589874906 -1.0580134541264516 6
      vertex 8.812143529358542 -1.2321847906716394 12
      vertex 8.956230589874906 -1.0580134541264516 12
    endloop
  endfacet
  facet normal -0.8443279255020147 0.5358267949789973 0
    outer loop
      vertex 9.077352024078955 -0.8671566133830877 6
      vertex 8.956230589874906 -1.0580134541264516 12
      vertex 9.077352024078955 -0.8671566133830877 12
    endloop
  endfacet
  facet normal -0.9048270524660206 0.42577929156507044 0
    outer loop
      vertex 9.173597674598852 -0.6626241948324211 6
      vertex 9.077352024078955 -0.8671566133830877 12
      vertex 9.173597674598852 -0.6626241948324211 12
    endloop
  endfacet
  facet normal -0.951056516295154 0.30901699437494606 0
    outer loop
      vertex 9.243449690031536 -0.447641796896738 6
      vertex 9.173597674598852 -0.6626241948324211 12
      vertex 9.243449690031536 -0.447641796896738 12
    endloop
  endfacet
  facet normal -0.9822872507286878 0.18738131458572907 0
    outer loop
      vertex 9.285806462366061 -0.22559982041574733 6
      vertex 9.243449690031536 -0.447641796896738 12
      vertex 9.285806462366061 -0.22559982041574733 12
    endloop
  endfacet
  facet normal -0.9980267284282716 0.06279051952931261 0
    outer loop
      vertex 9.3 0 6
      vertex 9.285806462366061 -0.22559982041574733 12
      vertex 9.3 0 12
    endloop
  endfacet
  facet normal 0.9980267284282716 -0.06279051952931261 0
    outer loop
      vertex 5.7 0 6
      vertex 5.71419353763394 0.22559982041574733 6
      vertex 5.71419353763394 0.22559982041574733 12
    endloop
  endfacet
  facet normal 0.9822872507286887 -0.18738131458572468 0
    outer loop
      vertex 5.71419353763394 0.22559982041574733 6
      vertex 5.756550309968464 0.4476417968967387 6
      vertex 5.756550309968464 0.4476417968967387 12
    endloop
  endfacet
  facet normal 0.9510565162951534 -0.30901699437494823 0
    outer loop
      vertex 5.756550309968464 0.4476417968967387 6
      vertex 5.826402325401148 0.6626241948324202 6
      vertex 5.826402325401148 0.6626241948324202 12
    endloop
  endfacet
  facet normal 0.9048270524660197 -0.4257792915650721 0
    outer loop
      vertex 5.826402325401148 0.6626241948324202 6
      vertex 5.922647975921046 0.8671566133830877 6
      vertex 5.922647975921046 0.8671566133830877 12
    endloop
  endfacet
  facet normal 0.8443279255020164 -0.5358267949789944 0
    outer loop
      vertex 5.922647975921046 0.8671566133830877 6
      vertex 6.043769410125094 1.0580134541264516 6
      vertex 6.043769410125094 1.0580134541264516 12
    endloop
  endfacet
  facet normal 0.7705132427757878 -0.6374239897486914 0
    outer loop
      vertex 6.043769410125094 1.0580134541264516 6
      vertex 6.187856470641459 1.2321847906716394 6
      vertex 6.187856470641459 1.2321847906716394 12
    endloop
  endfacet
  facet normal 0.6845471059286893 -0.728968627421411 0
    outer loop
      vertex 6.187856470641459 1.2321847906716394 6
      vertex 6.352636818452359 1.386923836996421 6
      vertex 6.352636818452359 1.386923836996421 12
    endloop
  endfacet
  facet normal 0.587785252292473 -0.8090169943749476 0
    outer loop
      vertex 6.352636818452359 1.386923836996421 6
      vertex 6.5355117690378055 1.5197902659036269 6
      vertex 6.5355117690378055 1.5197902659036269 12
    endloop
  endfacet
  facet normal 0.4817536741017151 -0.8763066800438637 0
    outer loop
      vertex 6.5355117690378055 1.5197902659036269 6
      vertex 6.733597275182869 1.628688694438835 6
      vertex 6.733597275182869 1.628688694438835 12
    endloop
  endfacet
  facet normal 0.3681245526846783 -0.9297764858882513 0
    outer loop
      vertex 6.733597275182869 1.628688694438835 6
      vertex 6.943769410125094 1.7119017293312764 6
      vertex 6.943769410125094 1.7119017293312764 12
    endloop
  endfacet
  facet normal 0.9980267284282716 -0.06279051952931261 0
    outer loop
      vertex 5.7 0 6
      vertex 5.71419353763394 0.22559982041574733 12
      vertex 5.7 0 12
    endloop
  endfacet
  facet normal 0.9822872507286887 -0.18738131458572468 0
    outer loop
      vertex 5.71419353763394 0.22559982041574733 6
      vertex 5.756550309968464 0.4476417968967387 12
      vertex 5.71419353763394 0.22559982041574733 12
    endloop
  endfacet
  facet normal 0.9510565162951534 -0.30901699437494823 0
    outer loop
      vertex 5.756550309968464 0.4476417968967387 6
      vertex 5.826402325401148 0.6626241948324202 12
      vertex 5.756550309968464 0.4476417968967387 12
    endloop
  endfacet
  facet normal 0.9048270524660197 -0.4257792915650721 0
    outer loop
      vertex 5.826402325401148 0.6626241948324202 6
      vertex 5.922647975921046 0.8671566133830877 12
      vertex 5.826402325401148 0.6626241948324202 12
    endloop
  endfacet
  facet normal 0.8443279255020164 -0.5358267949789944 0
    outer loop
      vertex 5.922647975921046 0.8671566133830877 6
      vertex 6.043769410125094 1.0580134541264516 12
      vertex 5.922647975921046 0.8671566133830877 12
    endloop
  endfacet
  facet normal 0.7705132427757878 -0.6374239897486914 0
    outer loop
      vertex 6.043769410125094 1.0580134541264516 6
      vertex 6.187856470641459 1.2321847906716394 12
      vertex 6.043769410125094 1.0580134541264516 12
    endloop
  endfacet
  facet normal 0.6845471059286893 -0.728968627421411 0
    outer loop
      vertex 6.187856470641459 1.2321847906716394 6
      vertex 6.352636818452359 1.386923836996421 12
      vertex 6.187856470641459 1.2321847906716394 12
    endloop
  endfacet
  facet normal 0.587785252292473 -0.8090169943749476 0
    outer loop
      vertex 6.352636818452359 1.386923836996421 6
      vertex 6.5355117690378055 1.5197902659036269 12
      vertex 6.352636818452359 1.386923836996421 12
    endloop
  endfacet
  facet normal 0.4817536741017151 -0.8763066800438637 0
    outer loop
      vertex 6.5355117690378055 1.5197902659036269 6
      vertex 6.733597275182869 1.628688694438835 12
      vertex 6.5355117690378055 1.5197902659036269 12
    endloop
  endfacet
  facet normal 0.3681245526846783 -0.9297764858882513 0
    outer loop
      vertex 6.733597275182869 1.628688694438835 6
      vertex 6.943769410125094 1.7119017293312764 12
      vertex 6.733597275182869 1.628688694438835 12
    endloop
  endfacet
  facet normal -0.3681245526846796 -0.9297764858882508 0
    outer loop
      vertex 8.26640272481713 1.628688694438835 6
      vertex 8.26640272481713 1.628688694438835 12
      vertex 8.056230589874906 1.7119017293312764 6
    endloop
  endfacet
  facet normal -0.4817536741017127 -0.876306680043865 0
    outer loop
      vertex 8.26640272481713 1.628688694438835 6
      vertex 8.464488230962194 1.519790265903627 6
      vertex 8.464488230962194 1.519790265903627 12
    endloop
  endfacet
  facet normal -0.5877852522924749 -0.8090169943749461 0
    outer loop
      vertex 8.464488230962194 1.519790265903627 6
      vertex 8.647363181547641 1.3869238369964205 6
      vertex 8.647363181547641 1.3869238369964205 12
    endloop
  endfacet
  facet normal 0.24868988716485496 -0.9685831611286311 0
    outer loop
      vertex 6.943769410125094 1.7119017293312764 6
      vertex 7.162713633745696 1.7681170513116398 6
      vertex 7.162713633745696 1.7681170513116398 12
    endloop
  endfacet
  facet normal 0.12533323356430362 -0.992114701314478 0
    outer loop
      vertex 7.162713633745696 1.7681170513116398 6
      vertex 7.386977064847236 1.7964481111708888 6
      vertex 7.386977064847236 1.7964481111708888 12
    endloop
  endfacet
  facet normal 0 -1 0
    outer loop
      vertex 7.386977064847236 1.7964481111708888 6
      vertex 7.613022935152764 1.7964481111708888 6
      vertex 7.613022935152764 1.7964481111708888 12
    endloop
  endfacet
  facet normal -0.12533323356430362 -0.992114701314478 0
    outer loop
      vertex 7.613022935152764 1.7964481111708888 6
      vertex 7.837286366254304 1.7681170513116398 6
      vertex 7.837286366254304 1.7681170513116398 12
    endloop
  endfacet
  facet normal -0.24868988716485496 -0.9685831611286311 0
    outer loop
      vertex 7.837286366254304 1.7681170513116398 6
      vertex 8.056230589874906 1.7119017293312764 6
      vertex 8.056230589874906 1.7119017293312764 12
    endloop
  endfacet
  facet normal -0.9822872507286878 -0.1873813145857288 0
    outer loop
      vertex 9.285806462366061 0.22559982041574766 6
      vertex 9.285806462366061 0.22559982041574766 12
      vertex 9.243449690031536 0.44764179689673866 6
    endloop
  endfacet
  facet normal -0.9980267284282716 -0.06279051952931253 0
    outer loop
      vertex 9.3 0 6
      vertex 9.3 0 12
      vertex 9.285806462366061 0.22559982041574766 6
    endloop
  endfacet
  facet normal -0.9510565162951535 -0.30901699437494784 0
    outer loop
      vertex 9.243449690031536 0.44764179689673866 6
      vertex 9.243449690031536 0.44764179689673866 12
      vertex 9.173597674598852 0.6626241948324204 6
    endloop
  endfacet
  facet normal -0.9048270524660211 -0.4257792915650695 0
    outer loop
      vertex 9.077352024078955 0.8671566133830876 6
      vertex 9.173597674598852 0.6626241948324204 6
      vertex 9.173597674598852 0.6626241948324204 12
    endloop
  endfacet
  facet normal -0.6845471059286896 -0.7289686274214107 0
    outer loop
      vertex 8.647363181547641 1.3869238369964205 6
      vertex 8.81214352935854 1.2321847906716397 6
      vertex 8.81214352935854 1.2321847906716397 12
    endloop
  endfacet
  facet normal -0.8443279255020149 -0.5358267949789971 0
    outer loop
      vertex 8.956230589874906 1.0580134541264516 6
      vertex 9.077352024078955 0.8671566133830876 6
      vertex 9.077352024078955 0.8671566133830876 12
    endloop
  endfacet
  facet normal -0.7705132427757863 -0.6374239897486932 0
    outer loop
      vertex 8.956230589874906 1.0580134541264516 6
      vertex 8.956230589874906 1.0580134541264516 12
      vertex 8.81214352935854 1.2321847906716397 6
    endloop
  endfacet
  facet normal -0.3681245526846796 -0.9297764858882508 0
    outer loop
      vertex 8.056230589874906 1.7119017293312764 6
      vertex 8.26640272481713 1.628688694438835 12
      vertex 8.056230589874906 1.7119017293312764 12
    endloop
  endfacet
  facet normal -0.4817536741017127 -0.876306680043865 0
    outer loop
      vertex 8.26640272481713 1.628688694438835 6
      vertex 8.464488230962194 1.519790265903627 12
      vertex 8.26640272481713 1.628688694438835 12
    endloop
  endfacet
  facet normal -0.5877852522924749 -0.8090169943749461 0
    outer loop
      vertex 8.464488230962194 1.519790265903627 6
      vertex 8.647363181547641 1.3869238369964205 12
      vertex 8.464488230962194 1.519790265903627 12
    endloop
  endfacet
  facet normal 0.24868988716485496 -0.9685831611286311 0
    outer loop
      vertex 6.943769410125094 1.7119017293312764 6
      vertex 7.162713633745696 1.7681170513116398 12
      vertex 6.943769410125094 1.7119017293312764 12
    endloop
  endfacet
  facet normal 0.12533323356430362 -0.992114701314478 0
    outer loop
      vertex 7.162713633745696 1.7681170513116398 6
      vertex 7.386977064847236 1.7964481111708888 12
      vertex 7.162713633745696 1.7681170513116398 12
    endloop
  endfacet
  facet normal 0 -1 0
    outer loop
      vertex 7.386977064847236 1.7964481111708888 6
      vertex 7.613022935152764 1.7964481111708888 12
      vertex 7.386977064847236 1.7964481111708888 12
    endloop
  endfacet
  facet normal -0.12533323356430362 -0.992114701314478 0
    outer loop
      vertex 7.613022935152764 1.7964481111708888 6
      vertex 7.837286366254304 1.7681170513116398 12
      vertex 7.613022935152764 1.7964481111708888 12
    endloop
  endfacet
  facet normal -0.24868988716485496 -0.9685831611286311 0
    outer loop
      vertex 7.837286366254304 1.7681170513116398 6
      vertex 8.056230589874906 1.7119017293312764 12
      vertex 7.837286366254304 1.7681170513116398 12
    endloop
  endfacet
  facet normal -0.9822872507286878 -0.1873813145857288 0
    outer loop
      vertex 9.243449690031536 0.44764179689673866 6
      vertex 9.285806462366061 0.22559982041574766 12
      vertex 9.243449690031536 0.44764179689673866 12
    endloop
  endfacet
  facet normal -0.9980267284282716 -0.06279051952931253 0
    outer loop
      vertex 9.285806462366061 0.22559982041574766 6
      vertex 9.3 0 12
      vertex 9.285806462366061 0.22559982041574766 12
    endloop
  endfacet
  facet normal -0.9510565162951535 -0.30901699437494784 0
    outer loop
      vertex 9.173597674598852 0.6626241948324204 6
      vertex 9.243449690031536 0.44764179689673866 12
      vertex 9.173597674598852 0.6626241948324204 12
    endloop
  endfacet
  facet normal -0.9048270524660211 -0.4257792915650695 0
    outer loop
      vertex 9.077352024078955 0.8671566133830876 6
      vertex 9.173597674598852 0.6626241948324204 12
      vertex 9.077352024078955 0.8671566133830876 12
    endloop
  endfacet
  facet normal -0.8443279255020149 -0.5358267949789971 0
    outer loop
      vertex 8.956230589874906 1.0580134541264516 6
      vertex 9.077352024078955 0.8671566133830876 12
      vertex 8.956230589874906 1.0580134541264516 12
    endloop
  endfacet
  facet normal -0.7705132427757863 -0.6374239897486932 0
    outer loop
      vertex 8.81214352935854 1.2321847906716397 6
      vertex 8.956230589874906 1.0580134541264516 12
      vertex 8.81214352935854 1.2321847906716397 12
    endloop
  endfacet
  facet normal -0.6845471059286896 -0.7289686274214107 0
    outer loop
      vertex 8.647363181547641 1.3869238369964205 6
      vertex 8.81214352935854 1.2321847906716397 12
      vertex 8.647363181547641 1.3869238369964205 12
    endloop
  endfacet
  facet normal 0.9822872507286887 0.18738131458572452 0
    outer loop
      vertex -3.5220071896663963 -0.4449329791532794 6.599999999999999
      vertex -3.4384702220066403 -0.8828490994352347 0
      vertex -3.5220071896663963 -0.4449329791532794 0
    endloop
  endfacet
  facet normal 0.9980267284282717 0.06279051952931318 0
    outer loop
      vertex -3.55 0 6.599999999999999
      vertex -3.5220071896663963 -0.4449329791532794 0
      vertex -3.55 0 0
    endloop
  endfacet
  facet normal 0.2486898871648554 0.968583161128631 4.183352101846283e-18
    outer loop
      vertex -0.6652036667793231 -3.4871197400868446 6.599999999999999
      vertex -0.665203666779323 -3.4871197400868446 0
      vertex -1.0970103300310632 -3.376250632847795 0
    endloop
  endfacet
  facet normal 0.1253332335643048 0.9921147013144778 1.0541503155591947e-18
    outer loop
      vertex -0.22290634432906384 -3.542994885920364 6.599999999999999
      vertex -0.22290634432906378 -3.542994885920364 0
      vertex -0.665203666779323 -3.4871197400868446 0
    endloop
  endfacet
  facet normal 0.8443279255020153 0.5358267949789962 0
    outer loop
      vertex -3.110888714155715 -1.7102255430610895 6.599999999999999
      vertex -2.8720103300310633 -2.0866376456382794 0
      vertex -3.110888714155715 -1.7102255430610895 0
    endloop
  endfacet
  facet normal 0.7705132427757891 0.6374239897486899 0
    outer loop
      vertex -2.8720103300310633 -2.0866376456382794 6.599999999999999
      vertex -2.5878386273460112 -2.430142226046844 0
      vertex -2.8720103300310633 -2.0866376456382794 0
    endloop
  endfacet
  facet normal 0.6845471059286894 0.728968627421411 0
    outer loop
      vertex -2.262855163607848 -2.735322011854052 6.599999999999999
      vertex -2.262855163607848 -2.735322011854052 0
      vertex -2.5878386273460112 -2.430142226046844 0
    endloop
  endfacet
  facet normal 0.5877852522924725 0.809016994374948 0
    outer loop
      vertex -1.9021851221754384 -2.9973641355321528 6.599999999999999
      vertex -1.9021851221754384 -2.9973641355321528 0
      vertex -2.262855163607848 -2.735322011854052 0
    endloop
  endfacet
  facet normal 0.9048270524660195 0.4257792915650728 0
    outer loop
      vertex -3.3007065249032923 -1.3068421620306063 6.599999999999999
      vertex -3.110888714155715 -1.7102255430610895 0
      vertex -3.3007065249032923 -1.3068421620306063 0
    endloop
  endfacet
  facet normal 0.9510565162951535 0.3090169943749479 0
    outer loop
      vertex -3.4384702220066403 -0.8828490994352347 6.599999999999999
      vertex -3.3007065249032923 -1.3068421620306063 0
      vertex -3.4384702220066403 -0.8828490994352347 0
    endloop
  endfacet
  facet normal 0.4817536741017155 0.8763066800438635 0
    outer loop
      vertex -1.511516485056007 -3.2121360362543694 6.599999999999999
      vertex -1.511516485056007 -3.2121360362543694 0
      vertex -1.9021851221754384 -2.9973641355321528 0
    endloop
  endfacet
  facet normal 0.3681245526846777 0.9297764858882516 0
    outer loop
      vertex -1.0970103300310632 -3.376250632847795 6.599999999999999
      vertex -1.0970103300310632 -3.376250632847795 0
      vertex -1.511516485056007 -3.2121360362543694 0
    endloop
  endfacet
  facet normal 0.9822872507286887 0.18738131458572452 0
    outer loop
      vertex -3.4384702220066403 -0.8828490994352347 6.599999999999999
      vertex -3.4384702220066403 -0.8828490994352347 0
      vertex -3.5220071896663963 -0.4449329791532794 6.599999999999999
    endloop
  endfacet
  facet normal 0.9980267284282717 0.06279051952931318 0
    outer loop
      vertex -3.5220071896663963 -0.4449329791532794 6.599999999999999
      vertex -3.5220071896663963 -0.4449329791532794 0
      vertex -3.55 0 6.599999999999999
    endloop
  endfacet
  facet normal 0.12533323356430479 0.9921147013144778 2.108300631118389e-18
    outer loop
      vertex -0.6652036667793231 -3.4871197400868446 6.599999999999999
      vertex -0.22290634432906384 -3.542994885920364 6.599999999999999
      vertex -0.665203666779323 -3.4871197400868446 0
    endloop
  endfacet
  facet normal 0 1 0
    outer loop
      vertex -0.22290634432906384 -3.542994885920364 6.599999999999999
      vertex 0.22290634432906384 -3.542994885920364 6.599999999999999
      vertex -0.22290634432906378 -3.542994885920364 0
    endloop
  endfacet
  facet normal 0.7705132427757891 0.6374239897486899 0
    outer loop
      vertex -2.5878386273460112 -2.430142226046844 6.599999999999999
      vertex -2.5878386273460112 -2.430142226046844 0
      vertex -2.8720103300310633 -2.0866376456382794 6.599999999999999
    endloop
  endfacet
  facet normal 0.8443279255020153 0.5358267949789962 0
    outer loop
      vertex -2.8720103300310633 -2.0866376456382794 6.599999999999999
      vertex -2.8720103300310633 -2.0866376456382794 0
      vertex -3.110888714155715 -1.7102255430610895 6.599999999999999
    endloop
  endfacet
  facet normal 0.4817536741017155 0.8763066800438635 0
    outer loop
      vertex -1.9021851221754384 -2.9973641355321528 6.599999999999999
      vertex -1.511516485056007 -3.2121360362543694 6.599999999999999
      vertex -1.9021851221754384 -2.9973641355321528 0
    endloop
  endfacet
  facet normal 0.5877852522924725 0.809016994374948 0
    outer loop
      vertex -1.9021851221754384 -2.9973641355321528 6.599999999999999
      vertex -2.262855163607848 -2.735322011854052 0
      vertex -2.262855163607848 -2.735322011854052 6.599999999999999
    endloop
  endfacet
  facet normal 0.6845471059286894 0.728968627421411 0
    outer loop
      vertex -2.5878386273460112 -2.430142226046844 6.599999999999999
      vertex -2.262855163607848 -2.735322011854052 6.599999999999999
      vertex -2.5878386273460112 -2.430142226046844 0
    endloop
  endfacet
  facet normal 0.9048270524660195 0.4257792915650728 0
    outer loop
      vertex -3.3007065249032923 -1.3068421620306063 6.599999999999999
      vertex -3.110888714155715 -1.7102255430610895 6.599999999999999
      vertex -3.110888714155715 -1.7102255430610895 0
    endloop
  endfacet
  facet normal 0.9510565162951535 0.3090169943749479 0
    outer loop
      vertex -3.4384702220066403 -0.8828490994352347 6.599999999999999
      vertex -3.3007065249032923 -1.3068421620306063 6.599999999999999
      vertex -3.3007065249032923 -1.3068421620306063 0
    endloop
  endfacet
  facet normal 0.3681245526846777 0.9297764858882516 0
    outer loop
      vertex -1.511516485056007 -3.2121360362543694 6.599999999999999
      vertex -1.0970103300310632 -3.376250632847795 6.599999999999999
      vertex -1.511516485056007 -3.2121360362543694 0
    endloop
  endfacet
  facet normal 0.2486898871648555 0.968583161128631 0
    outer loop
      vertex -0.6652036667793231 -3.4871197400868446 6.599999999999999
      vertex -1.0970103300310632 -3.376250632847795 0
      vertex -1.0970103300310632 -3.376250632847795 6.599999999999999
    endloop
  endfacet
  facet normal 0 0 -1
    outer loop
      vertex -3.4384702220066403 -0.8828490994352347 6.599999999999999
      vertex -3.5220071896663963 -0.4449329791532794 6.599999999999999
      vertex -3.5220071896663963 0.4449329791532794 6.599999999999999
    endloop
  endfacet
  facet normal 0 0 -1
    outer loop
      vertex -2.5878386273460112 -2.430142226046844 6.599999999999999
      vertex -2.5 -1.5 6.599999999999999
      vertex -1.5 -1.5 6.599999999999999
    endloop
  endfacet
  facet normal 0 0 -1
    outer loop
      vertex -2.5878386273460112 -2.430142226046844 6.599999999999999
      vertex -1.5 -1.5 6.599999999999999
      vertex -2.262855163607848 -2.735322011854052 6.599999999999999
    endloop
  endfacet
  facet normal 0 0 -1
    outer loop
      vertex -1.9021851221754384 -2.9973641355321528 6.599999999999999
      vertex -2.262855163607848 -2.735322011854052 6.599999999999999
      vertex -1.5 -1.5 6.599999999999999
    endloop
  endfacet
  facet normal 0 0 -1
    outer loop
      vertex -3.4384702220066403 -0.8828490994352347 6.599999999999999
      vertex -3.4384702220066403 0.8828490994352347 6.599999999999999
      vertex -3.3007065249032923 -1.3068421620306063 6.599999999999999
    endloop
  endfacet
  facet normal 0 0 -1
    outer loop
      vertex -2.8720103300310633 -2.0866376456382794 6.599999999999999
      vertex -3.110888714155715 -1.7102255430610895 6.599999999999999
      vertex -3.110888714155715 1.7102255430610895 6.599999999999999
    endloop
  endfacet
  facet normal 0 0 -1
    outer loop
      vertex -3.3007065249032923 -1.3068421620306063 6.599999999999999
      vertex -3.3007065249032923 1.3068421620306063 6.599999999999999
      vertex -3.110888714155715 -1.7102255430610895 6.599999999999999
    endloop
  endfacet
  facet normal 0 0 -1
    outer loop
      vertex -2.5878386273460112 -2.430142226046844 6.599999999999999
      vertex -2.8720103300310633 -2.0866376456382794 6.599999999999999
      vertex -2.8720103300310633 2.0866376456382794 6.599999999999999
    endloop
  endfacet
  facet normal 0 0 -1
    outer loop
      vertex -2.5878386273460112 -2.430142226046844 6.599999999999999
      vertex -2.5878386273460112 2.430142226046844 6.599999999999999
      vertex -2.5 -1.5 6.599999999999999
    endloop
  endfacet
  facet normal 0 0 -1
    outer loop
      vertex -1.9021851221754384 -2.9973641355321528 6.599999999999999
      vertex -1.5 -1.5 6.599999999999999
      vertex -1.511516485056007 -3.2121360362543694 6.599999999999999
    endloop
  endfacet
  facet normal 0 0 -1
    outer loop
      vertex -1.511516485056007 -3.2121360362543694 6.599999999999999
      vertex -1.5 -1.5 6.599999999999999
      vertex -1.5 -2.5 6.599999999999999
    endloop
  endfacet
  facet normal 0 0 -1
    outer loop
      vertex -1.511516485056007 -3.2121360362543694 6.599999999999999
      vertex -1.5 -2.5 6.599999999999999
      vertex 1.5 -2.5 6.599999999999999
    endloop
  endfacet
  facet normal 0 0 -1
    outer loop
      vertex -1.511516485056007 -3.2121360362543694 6.599999999999999
      vertex 1.5 -2.5 6.599999999999999
      vertex -1.0970103300310632 -3.376250632847795 6.599999999999999
    endloop
  endfacet
  facet normal 0 0 -1
    outer loop
      vertex -0.6652036667793231 -3.4871197400868446 6.599999999999999
      vertex -1.0970103300310632 -3.376250632847795 6.599999999999999
      vertex 1.5 -2.5 6.599999999999999
    endloop
  endfacet
  facet normal 0.9980267284282717 -0.06279051952931318 0
    outer loop
      vertex -3.5220071896663963 0.4449329791532794 6.599999999999999
      vertex -3.55 0 0
      vertex -3.5220071896663963 0.4449329791532794 0
    endloop
  endfacet
  facet normal 0.9822872507286887 -0.18738131458572452 0
    outer loop
      vertex -3.4384702220066403 0.8828490994352347 6.599999999999999
      vertex -3.5220071896663963 0.4449329791532794 0
      vertex -3.4384702220066403 0.8828490994352347 0
    endloop
  endfacet
  facet normal 0.9510565162951535 -0.3090169943749479 0
    outer loop
      vertex -3.3007065249032923 1.3068421620306063 6.599999999999999
      vertex -3.4384702220066403 0.8828490994352347 0
      vertex -3.3007065249032923 1.3068421620306063 0
    endloop
  endfacet
  facet normal 0.9048270524660195 -0.4257792915650728 0
    outer loop
      vertex -3.110888714155715 1.7102255430610895 6.599999999999999
      vertex -3.3007065249032923 1.3068421620306063 0
      vertex -3.110888714155715 1.7102255430610895 0
    endloop
  endfacet
  facet normal 0.8443279255020153 -0.5358267949789962 0
    outer loop
      vertex -2.8720103300310633 2.0866376456382794 6.599999999999999
      vertex -3.110888714155715 1.7102255430610895 0
      vertex -2.8720103300310633 2.0866376456382794 0
    endloop
  endfacet
  facet normal 0.7705132427757891 -0.6374239897486899 0
    outer loop
      vertex -2.5878386273460112 2.430142226046844 6.599999999999999
      vertex -2.8720103300310633 2.0866376456382794 0
      vertex -2.5878386273460112 2.430142226046844 0
    endloop
  endfacet
  facet normal 0.6845471059286894 -0.728968627421411 0
    outer loop
      vertex -2.5878386273460112 2.430142226046844 6.599999999999999
      vertex -2.5878386273460112 2.430142226046844 0
      vertex -2.262855163607848 2.735322011854052 0
    endloop
  endfacet
  facet normal 0.5877852522924725 -0.809016994374948 0
    outer loop
      vertex -2.262855163607848 2.735322011854052 6.599999999999999
      vertex -2.262855163607848 2.735322011854052 0
      vertex -1.9021851221754384 2.9973641355321528 0
    endloop
  endfacet
  facet normal 0.48175367410171566 -0.8763066800438634 0
    outer loop
      vertex -1.9021851221754384 2.9973641355321528 6.599999999999999
      vertex -1.9021851221754384 2.9973641355321528 0
      vertex -1.511516485056008 3.212136036254369 0
    endloop
  endfacet
  facet normal 0.36812455268467764 -0.9297764858882516 0
    outer loop
      vertex -1.511516485056008 3.212136036254369 6.599999999999999
      vertex -1.511516485056008 3.212136036254369 0
      vertex -1.0970103300310632 3.376250632847795 0
    endloop
  endfacet
  facet normal 0.24868988716485593 -0.9685831611286307 0
    outer loop
      vertex -1.0970103300310632 3.376250632847795 6.599999999999999
      vertex -1.0970103300310632 3.376250632847795 0
      vertex -0.6652036667793223 3.487119740086845 0
    endloop
  endfacet
  facet normal 0.12533323356430356 -0.992114701314478 -2.1083006311183687e-18
    outer loop
      vertex -0.6652036667793222 3.487119740086845 6.599999999999999
      vertex -0.6652036667793223 3.487119740086845 0
      vertex -0.22290634432906217 3.542994885920364 0
    endloop
  endfacet
  facet normal 0 -1 0
    outer loop
      vertex -0.22290634432906212 3.542994885920364 6.599999999999999
      vertex -0.22290634432906217 3.542994885920364 0
      vertex 0.2229063443290596 3.542994885920364 0
    endloop
  endfacet
  facet normal 0.9980267284282717 -0.06279051952931318 0
    outer loop
      vertex -3.55 0 6.599999999999999
      vertex -3.55 0 0
      vertex -3.5220071896663963 0.4449329791532794 6.599999999999999
    endloop
  endfacet
  facet normal 0.9822872507286887 -0.18738131458572452 0
    outer loop
      vertex -3.5220071896663963 0.4449329791532794 6.599999999999999
      vertex -3.5220071896663963 0.4449329791532794 0
      vertex -3.4384702220066403 0.8828490994352347 6.599999999999999
    endloop
  endfacet
  facet normal 0.9510565162951535 -0.3090169943749479 0
    outer loop
      vertex -3.4384702220066403 0.8828490994352347 6.599999999999999
      vertex -3.4384702220066403 0.8828490994352347 0
      vertex -3.3007065249032923 1.3068421620306063 6.599999999999999
    endloop
  endfacet
  facet normal 0.9048270524660195 -0.4257792915650728 0
    outer loop
      vertex -3.3007065249032923 1.3068421620306063 6.599999999999999
      vertex -3.3007065249032923 1.3068421620306063 0
      vertex -3.110888714155715 1.7102255430610895 6.599999999999999
    endloop
  endfacet
  facet normal 0.8443279255020153 -0.5358267949789962 0
    outer loop
      vertex -3.110888714155715 1.7102255430610895 6.599999999999999
      vertex -3.110888714155715 1.7102255430610895 0
      vertex -2.8720103300310633 2.0866376456382794 6.599999999999999
    endloop
  endfacet
  facet normal 0.7705132427757891 -0.6374239897486899 0
    outer loop
      vertex -2.8720103300310633 2.0866376456382794 6.599999999999999
      vertex -2.8720103300310633 2.0866376456382794 0
      vertex -2.5878386273460112 2.430142226046844 6.599999999999999
    endloop
  endfacet
  facet normal 0.6845471059286894 -0.728968627421411 0
    outer loop
      vertex -2.5878386273460112 2.430142226046844 6.599999999999999
      vertex -2.262855163607848 2.735322011854052 0
      vertex -2.262855163607848 2.735322011854052 6.599999999999999
    endloop
  endfacet
  facet normal 0.5877852522924725 -0.809016994374948 0
    outer loop
      vertex -2.262855163607848 2.735322011854052 6.599999999999999
      vertex -1.9021851221754384 2.9973641355321528 0
      vertex -1.9021851221754384 2.9973641355321528 6.599999999999999
    endloop
  endfacet
  facet normal 0.48175367410171566 -0.8763066800438634 0
    outer loop
      vertex -1.9021851221754384 2.9973641355321528 6.599999999999999
      vertex -1.511516485056008 3.212136036254369 0
      vertex -1.511516485056008 3.212136036254369 6.599999999999999
    endloop
  endfacet
  facet normal 0.36812455268467764 -0.9297764858882516 0
    outer loop
      vertex -1.511516485056008 3.212136036254369 6.599999999999999
      vertex -1.0970103300310632 3.376250632847795 0
      vertex -1.0970103300310632 3.376250632847795 6.599999999999999
    endloop
  endfacet
  facet normal 0.2486898871648559 -0.9685831611286307 -4.716543911581211e-18
    outer loop
      vertex -1.0970103300310632 3.376250632847795 6.599999999999999
      vertex -0.6652036667793223 3.487119740086845 0
      vertex -0.6652036667793222 3.487119740086845 6.599999999999999
    endloop
  endfacet
  facet normal 0.12533323356430356 -0.992114701314478 -2.358271955790606e-18
    outer loop
      vertex -0.6652036667793222 3.487119740086845 6.599999999999999
      vertex -0.22290634432906217 3.542994885920364 0
      vertex -0.22290634432906212 3.542994885920364 6.599999999999999
    endloop
  endfacet
  facet normal 0 0 -1
    outer loop
      vertex -3.5220071896663963 -0.4449329791532794 6.599999999999999
      vertex -3.55 0 6.599999999999999
      vertex -3.5220071896663963 0.4449329791532794 6.599999999999999
    endloop
  endfacet
  facet normal 0 0 -1
    outer loop
      vertex -3.4384702220066403 -0.8828490994352347 6.599999999999999
      vertex -3.5220071896663963 0.4449329791532794 6.599999999999999
      vertex -3.4384702220066403 0.8828490994352347 6.599999999999999
    endloop
  endfacet
  facet normal 0 0 -1
    outer loop
      vertex -3.3007065249032923 -1.3068421620306063 6.599999999999999
      vertex -3.4384702220066403 0.8828490994352347 6.599999999999999
      vertex -3.3007065249032923 1.3068421620306063 6.599999999999999
    endloop
  endfacet
  facet normal 0 0 -1
    outer loop
      vertex -3.110888714155715 -1.7102255430610895 6.599999999999999
      vertex -3.3007065249032923 1.3068421620306063 6.599999999999999
      vertex -3.110888714155715 1.7102255430610895 6.599999999999999
    endloop
  endfacet
  facet normal 0 0 -1
    outer loop
      vertex -2.8720103300310633 -2.0866376456382794 6.599999999999999
      vertex -3.110888714155715 1.7102255430610895 6.599999999999999
      vertex -2.8720103300310633 2.0866376456382794 6.599999999999999
    endloop
  endfacet
  facet normal 0 0 -1
    outer loop
      vertex -2.5878386273460112 -2.430142226046844 6.599999999999999
      vertex -2.8720103300310633 2.0866376456382794 6.599999999999999
      vertex -2.5878386273460112 2.430142226046844 6.599999999999999
    endloop
  endfacet
  facet normal 0 0 -1
    outer loop
      vertex -2.5 -1.5 6.599999999999999
      vertex -2.5878386273460112 2.430142226046844 6.599999999999999
      vertex -2.5 1.5 6.599999999999999
    endloop
  endfacet
  facet normal 0 0 -1
    outer loop
      vertex -2.5 1.5 6.599999999999999
      vertex -2.5878386273460112 2.430142226046844 6.599999999999999
      vertex -2.262855163607848 2.735322011854052 6.599999999999999
    endloop
  endfacet
  facet normal 0 0 -1
    outer loop
      vertex -2.5 1.5 6.599999999999999
      vertex -2.262855163607848 2.735322011854052 6.599999999999999
      vertex -1.9021851221754384 2.9973641355321528 6.599999999999999
    endloop
  endfacet
  facet normal 0 0 -1
    outer loop
      vertex -2.5 1.5 6.599999999999999
      vertex -1.511516485056008 3.212136036254369 6.599999999999999
      vertex -1.5 1.5 6.599999999999999
    endloop
  endfacet
  facet normal 0 0 -1
    outer loop
      vertex -2.5 1.5 6.599999999999999
      vertex -1.9021851221754384 2.9973641355321528 6.599999999999999
      vertex -1.511516485056008 3.212136036254369 6.599999999999999
    endloop
  endfacet
  facet normal 0 0 -1
    outer loop
      vertex -1.5 1.5 6.599999999999999
      vertex -1.511516485056008 3.212136036254369 6.599999999999999
      vertex -1.5 2.5 6.599999999999999
    endloop
  endfacet
  facet normal 0 0 -1
    outer loop
      vertex -1.5 2.5 6.599999999999999
      vertex -1.511516485056008 3.212136036254369 6.599999999999999
      vertex -1.0970103300310632 3.376250632847795 6.599999999999999
    endloop
  endfacet
  facet normal 0 0 -1
    outer loop
      vertex -1.5 2.5 6.599999999999999
      vertex -1.0970103300310632 3.376250632847795 6.599999999999999
      vertex -0.6652036667793222 3.487119740086845 6.599999999999999
    endloop
  endfacet
  facet normal 0 0 -1
    outer loop
      vertex -1.5 2.5 6.599999999999999
      vertex -0.6652036667793222 3.487119740086845 6.599999999999999
      vertex -0.22290634432906212 3.542994885920364 6.599999999999999
    endloop
  endfacet
  facet normal 0 0 -1
    outer loop
      vertex -1.5 2.5 6.599999999999999
      vertex -0.22290634432906212 3.542994885920364 6.599999999999999
      vertex 0.22290634432906212 3.542994885920364 6.599999999999999
    endloop
  endfacet
  facet normal 0 0 -1
    outer loop
      vertex -1.5 2.5 6.599999999999999
      vertex 0.22290634432906212 3.542994885920364 6.599999999999999
      vertex 0.6652036667793222 3.487119740086845 6.599999999999999
    endloop
  endfacet
  facet normal 0 1 0
    outer loop
      vertex 0.22290634432906384 -3.542994885920364 6.599999999999999
      vertex 0.2229063443290639 -3.542994885920364 0
      vertex -0.22290634432906378 -3.542994885920364 0
    endloop
  endfacet
  facet normal -0.12533323356430476 0.9921147013144778 -2.1083006311183883e-18
    outer loop
      vertex 0.6652036667793231 -3.4871197400868446 6.599999999999999
      vertex 0.6652036667793232 -3.4871197400868446 0
      vertex 0.2229063443290639 -3.542994885920364 0
    endloop
  endfacet
  facet normal -0.24868988716485557 0.968583161128631 0
    outer loop
      vertex 1.0970103300310632 -3.376250632847795 6.599999999999999
      vertex 1.0970103300310632 -3.376250632847795 0
      vertex 0.6652036667793232 -3.4871197400868446 0
    endloop
  endfacet
  facet normal -0.3681245526846777 0.9297764858882516 0
    outer loop
      vertex 1.511516485056007 -3.2121360362543694 6.599999999999999
      vertex 1.511516485056007 -3.2121360362543694 0
      vertex 1.0970103300310632 -3.376250632847795 0
    endloop
  endfacet
  facet normal -0.481753674101715 0.8763066800438638 0
    outer loop
      vertex 1.9021851221754364 -2.997364135532154 6.599999999999999
      vertex 1.9021851221754364 -2.997364135532154 0
      vertex 1.511516485056007 -3.2121360362543694 0
    endloop
  endfacet
  facet normal -0.5877852522924726 0.8090169943749478 0
    outer loop
      vertex 2.262855163607849 -2.735322011854051 6.599999999999999
      vertex 2.262855163607849 -2.735322011854051 0
      vertex 1.9021851221754364 -2.997364135532154 0
    endloop
  endfacet
  facet normal -0.6845471059286892 0.7289686274214109 0
    outer loop
      vertex 2.5878386273460112 -2.430142226046844 6.599999999999999
      vertex 2.5878386273460112 -2.430142226046844 0
      vertex 2.262855163607849 -2.735322011854051 0
    endloop
  endfacet
  facet normal -0.7705132427757891 0.6374239897486899 0
    outer loop
      vertex 2.5878386273460112 -2.430142226046844 6.599999999999999
      vertex 2.8720103300310633 -2.0866376456382794 0
      vertex 2.5878386273460112 -2.430142226046844 0
    endloop
  endfacet
  facet normal -0.8443279255020153 0.5358267949789962 0
    outer loop
      vertex 2.8720103300310633 -2.0866376456382794 6.599999999999999
      vertex 3.110888714155715 -1.7102255430610895 0
      vertex 2.8720103300310633 -2.0866376456382794 0
    endloop
  endfacet
  facet normal -0.904827052466019 0.42577929156507355 0
    outer loop
      vertex 3.110888714155715 -1.7102255430610895 6.599999999999999
      vertex 3.300706524903292 -1.306842162030608 0
      vertex 3.110888714155715 -1.7102255430610895 0
    endloop
  endfacet
  facet normal -0.9510565162951535 0.3090169943749475 0
    outer loop
      vertex 3.300706524903292 -1.306842162030608 6.599999999999999
      vertex 3.4384702220066408 -0.8828490994352332 0
      vertex 3.300706524903292 -1.306842162030608 0
    endloop
  endfacet
  facet normal -0.9822872507286886 0.18738131458572413 0
    outer loop
      vertex 3.4384702220066408 -0.8828490994352332 6.599999999999999
      vertex 3.5220071896663963 -0.4449329791532794 0
      vertex 3.4384702220066408 -0.8828490994352332 0
    endloop
  endfacet
  facet normal -0.9980267284282717 0.06279051952931318 0
    outer loop
      vertex 3.5220071896663963 -0.4449329791532794 6.599999999999999
      vertex 3.55 0 0
      vertex 3.5220071896663963 -0.4449329791532794 0
    endloop
  endfacet
  facet normal -0.12533323356430479 0.9921147013144778 -1.0541503155591945e-18
    outer loop
      vertex 0.22290634432906384 -3.542994885920364 6.599999999999999
      vertex 0.6652036667793231 -3.4871197400868446 6.599999999999999
      vertex 0.2229063443290639 -3.542994885920364 0
    endloop
  endfacet
  facet normal -0.2486898871648555 0.968583161128631 -4.183352101846285e-18
    outer loop
      vertex 0.6652036667793231 -3.4871197400868446 6.599999999999999
      vertex 1.0970103300310632 -3.376250632847795 6.599999999999999
      vertex 0.6652036667793232 -3.4871197400868446 0
    endloop
  endfacet
  facet normal -0.3681245526846777 0.9297764858882516 0
    outer loop
      vertex 1.0970103300310632 -3.376250632847795 6.599999999999999
      vertex 1.511516485056007 -3.2121360362543694 6.599999999999999
      vertex 1.0970103300310632 -3.376250632847795 0
    endloop
  endfacet
  facet normal -0.481753674101715 0.8763066800438638 0
    outer loop
      vertex 1.511516485056007 -3.2121360362543694 6.599999999999999
      vertex 1.9021851221754364 -2.997364135532154 6.599999999999999
      vertex 1.511516485056007 -3.2121360362543694 0
    endloop
  endfacet
  facet normal -0.5877852522924726 0.8090169943749478 0
    outer loop
      vertex 1.9021851221754364 -2.997364135532154 6.599999999999999
      vertex 2.262855163607849 -2.735322011854051 6.599999999999999
      vertex 1.9021851221754364 -2.997364135532154 0
    endloop
  endfacet
  facet normal -0.6845471059286892 0.7289686274214109 0
    outer loop
      vertex 2.262855163607849 -2.735322011854051 6.599999999999999
      vertex 2.5878386273460112 -2.430142226046844 6.599999999999999
      vertex 2.262855163607849 -2.735322011854051 0
    endloop
  endfacet
  facet normal -0.7705132427757891 0.6374239897486899 0
    outer loop
      vertex 2.5878386273460112 -2.430142226046844 6.599999999999999
      vertex 2.8720103300310633 -2.0866376456382794 6.599999999999999
      vertex 2.8720103300310633 -2.0866376456382794 0
    endloop
  endfacet
  facet normal -0.8443279255020153 0.5358267949789962 0
    outer loop
      vertex 2.8720103300310633 -2.0866376456382794 6.599999999999999
      vertex 3.110888714155715 -1.7102255430610895 6.599999999999999
      vertex 3.110888714155715 -1.7102255430610895 0
    endloop
  endfacet
  facet normal -0.904827052466019 0.42577929156507355 0
    outer loop
      vertex 3.110888714155715 -1.7102255430610895 6.599999999999999
      vertex 3.300706524903292 -1.306842162030608 6.599999999999999
      vertex 3.300706524903292 -1.306842162030608 0
    endloop
  endfacet
  facet normal -0.9510565162951535 0.3090169943749475 0
    outer loop
      vertex 3.300706524903292 -1.306842162030608 6.599999999999999
      vertex 3.4384702220066408 -0.8828490994352332 6.599999999999999
      vertex 3.4384702220066408 -0.8828490994352332 0
    endloop
  endfacet
  facet normal -0.9822872507286886 0.18738131458572413 0
    outer loop
      vertex 3.4384702220066408 -0.8828490994352332 6.599999999999999
      vertex 3.5220071896663963 -0.4449329791532794 6.599999999999999
      vertex 3.5220071896663963 -0.4449329791532794 0
    endloop
  endfacet
  facet normal -0.9980267284282717 0.06279051952931318 0
    outer loop
      vertex 3.5220071896663963 -0.4449329791532794 6.599999999999999
      vertex 3.55 0 6.599999999999999
      vertex 3.55 0 0
    endloop
  endfacet
  facet normal 0 0 -1
    outer loop
      vertex -0.6652036667793231 -3.4871197400868446 6.599999999999999
      vertex 1.5 -2.5 6.599999999999999
      vertex -0.22290634432906384 -3.542994885920364 6.599999999999999
    endloop
  endfacet
  facet normal 0 0 -1
    outer loop
      vertex -0.22290634432906384 -3.542994885920364 6.599999999999999
      vertex 1.5 -2.5 6.599999999999999
      vertex 0.22290634432906384 -3.542994885920364 6.599999999999999
    endloop
  endfacet
  facet normal 0 0 -1
    outer loop
      vertex 0.22290634432906384 -3.542994885920364 6.599999999999999
      vertex 1.5 -2.5 6.599999999999999
      vertex 0.6652036667793231 -3.4871197400868446 6.599999999999999
    endloop
  endfacet
  facet normal 0 0 -1
    outer loop
      vertex 0.6652036667793231 -3.4871197400868446 6.599999999999999
      vertex 1.5 -2.5 6.599999999999999
      vertex 1.0970103300310632 -3.376250632847795 6.599999999999999
    endloop
  endfacet
  facet normal 0 0 -1
    outer loop
      vertex 1.0970103300310632 -3.376250632847795 6.599999999999999
      vertex 1.5 -2.5 6.599999999999999
      vertex 1.511516485056007 -3.2121360362543694 6.599999999999999
    endloop
  endfacet
  facet normal 0 0 -1
    outer loop
      vertex 1.511516485056007 -3.2121360362543694 6.599999999999999
      vertex 1.5 -2.5 6.599999999999999
      vertex 1.5 -1.5 6.599999999999999
    endloop
  endfacet
  facet normal 0 0 -1
    outer loop
      vertex 1.511516485056007 -3.2121360362543694 6.599999999999999
      vertex 2.5 -1.5 6.599999999999999
      vertex 1.9021851221754364 -2.997364135532154 6.599999999999999
    endloop
  endfacet
  facet normal 0 0 -1
    outer loop
      vertex 1.511516485056007 -3.2121360362543694 6.599999999999999
      vertex 1.5 -1.5 6.599999999999999
      vertex 2.5 -1.5 6.599999999999999
    endloop
  endfacet
  facet normal 0 0 -1
    outer loop
      vertex 1.9021851221754364 -2.997364135532154 6.599999999999999
      vertex 2.5 -1.5 6.599999999999999
      vertex 2.262855163607849 -2.735322011854051 6.599999999999999
    endloop
  endfacet
  facet normal 0 0 -1
    outer loop
      vertex 2.262855163607849 -2.735322011854051 6.599999999999999
      vertex 2.5 -1.5 6.599999999999999
      vertex 2.5878386273460112 -2.430142226046844 6.599999999999999
    endloop
  endfacet
  facet normal 0 0 -1
    outer loop
      vertex 2.5878386273460112 -2.430142226046844 6.599999999999999
      vertex 2.5 -1.5 6.599999999999999
      vertex 2.5 1.5 6.599999999999999
    endloop
  endfacet
  facet normal 0 0 -1
    outer loop
      vertex 2.5878386273460112 -2.430142226046844 6.599999999999999
      vertex 2.587838627346011 2.430142226046845 6.599999999999999
      vertex 2.8720103300310633 -2.0866376456382794 6.599999999999999
    endloop
  endfacet
  facet normal 0 0 -1
    outer loop
      vertex 2.8720103300310633 -2.0866376456382794 6.599999999999999
      vertex 2.8720103300310633 2.0866376456382794 6.599999999999999
      vertex 3.110888714155715 -1.7102255430610895 6.599999999999999
    endloop
  endfacet
  facet normal 0 0 -1
    outer loop
      vertex 3.110888714155715 -1.7102255430610895 6.599999999999999
      vertex 3.1108887141557156 1.7102255430610893 6.599999999999999
      vertex 3.300706524903292 -1.306842162030608 6.599999999999999
    endloop
  endfacet
  facet normal 0 0 -1
    outer loop
      vertex 3.300706524903292 -1.306842162030608 6.599999999999999
      vertex 3.3007065249032923 1.3068421620306068 6.599999999999999
      vertex 3.4384702220066408 -0.8828490994352332 6.599999999999999
    endloop
  endfacet
  facet normal 0 0 -1
    outer loop
      vertex 3.4384702220066408 -0.8828490994352332 6.599999999999999
      vertex 3.4384702220066403 0.8828490994352345 6.599999999999999
      vertex 3.5220071896663963 -0.4449329791532794 6.599999999999999
    endloop
  endfacet
  facet normal -0.36812455268467764 -0.9297764858882516 0
    outer loop
      vertex 1.0970103300310632 3.376250632847795 6.599999999999999
      vertex 1.0970103300310632 3.376250632847795 0
      vertex 1.511516485056008 3.212136036254369 0
    endloop
  endfacet
  facet normal -0.4817536741017153 -0.8763066800438635 0
    outer loop
      vertex 1.511516485056008 3.212136036254369 6.599999999999999
      vertex 1.511516485056008 3.212136036254369 0
      vertex 1.902185122175438 2.997364135532153 0
    endloop
  endfacet
  facet normal -0.9510565162951535 -0.30901699437494745 0
    outer loop
      vertex 3.4384702220066403 0.8828490994352345 6.599999999999999
      vertex 3.3007065249032923 1.3068421620306068 0
      vertex 3.4384702220066403 0.8828490994352345 0
    endloop
  endfacet
  facet normal -0.9048270524660196 -0.42577929156507266 0
    outer loop
      vertex 3.3007065249032923 1.3068421620306068 6.599999999999999
      vertex 3.1108887141557156 1.7102255430610893 0
      vertex 3.3007065249032923 1.3068421620306068 0
    endloop
  endfacet
  facet normal -0.5877852522924734 -0.8090169943749472 0
    outer loop
      vertex 1.902185122175438 2.997364135532153 6.599999999999999
      vertex 1.902185122175438 2.997364135532153 0
      vertex 2.2628551636078487 2.735322011854051 0
    endloop
  endfacet
  facet normal -0.6845471059286883 -0.728968627421412 0
    outer loop
      vertex 2.2628551636078487 2.735322011854051 6.599999999999999
      vertex 2.2628551636078487 2.735322011854051 0
      vertex 2.587838627346011 2.430142226046845 0
    endloop
  endfacet
  facet normal -0.7705132427757895 -0.6374239897486896 0
    outer loop
      vertex 2.8720103300310633 2.0866376456382794 6.599999999999999
      vertex 2.587838627346011 2.430142226046845 0
      vertex 2.8720103300310633 2.0866376456382794 0
    endloop
  endfacet
  facet normal -0.8443279255020149 -0.5358267949789967 0
    outer loop
      vertex 3.1108887141557156 1.7102255430610893 6.599999999999999
      vertex 2.8720103300310633 2.0866376456382794 0
      vertex 3.1108887141557156 1.7102255430610893 0
    endloop
  endfacet
  facet normal -0.1253332335643029 -0.992114701314478 4.796383935794262e-17
    outer loop
      vertex 0.22290634432906212 3.542994885920364 6.599999999999999
      vertex 0.2229063443290596 3.542994885920364 0
      vertex 0.6652036667793221 3.487119740086845 0
    endloop
  endfacet
  facet normal -0.24868988716485582 -0.9685831611286307 4.183352101846291e-18
    outer loop
      vertex 0.6652036667793222 3.487119740086845 6.599999999999999
      vertex 0.6652036667793221 3.487119740086845 0
      vertex 1.0970103300310632 3.376250632847795 0
    endloop
  endfacet
  facet normal -0.9980267284282717 -0.06279051952931308 0
    outer loop
      vertex 3.55 0 6.599999999999999
      vertex 3.5220071896663963 0.4449329791532801 0
      vertex 3.55 0 0
    endloop
  endfacet
  facet normal -0.9822872507286887 -0.1873813145857249 0
    outer loop
      vertex 3.5220071896663963 0.4449329791532801 6.599999999999999
      vertex 3.4384702220066403 0.8828490994352345 0
      vertex 3.5220071896663963 0.4449329791532801 0
    endloop
  endfacet
  facet normal -0.2486898871648559 -0.9685831611286307 0
    outer loop
      vertex 1.0970103300310632 3.376250632847795 6.599999999999999
      vertex 0.6652036667793222 3.487119740086845 6.599999999999999
      vertex 1.0970103300310632 3.376250632847795 0
    endloop
  endfacet
  facet normal -0.36812455268467764 -0.9297764858882516 0
    outer loop
      vertex 1.0970103300310632 3.376250632847795 6.599999999999999
      vertex 1.511516485056008 3.212136036254369 0
      vertex 1.511516485056008 3.212136036254369 6.599999999999999
    endloop
  endfacet
  facet normal -0.9510565162951535 -0.30901699437494745 0
    outer loop
      vertex 3.3007065249032923 1.3068421620306068 6.599999999999999
      vertex 3.3007065249032923 1.3068421620306068 0
      vertex 3.4384702220066403 0.8828490994352345 6.599999999999999
    endloop
  endfacet
  facet normal -0.9048270524660196 -0.42577929156507266 0
    outer loop
      vertex 3.1108887141557156 1.7102255430610893 6.599999999999999
      vertex 3.1108887141557156 1.7102255430610893 0
      vertex 3.3007065249032923 1.3068421620306068 6.599999999999999
    endloop
  endfacet
  facet normal -0.6845471059286883 -0.728968627421412 0
    outer loop
      vertex 2.2628551636078487 2.735322011854051 6.599999999999999
      vertex 2.587838627346011 2.430142226046845 0
      vertex 2.587838627346011 2.430142226046845 6.599999999999999
    endloop
  endfacet
  facet normal -0.5877852522924734 -0.8090169943749472 0
    outer loop
      vertex 2.2628551636078487 2.735322011854051 6.599999999999999
      vertex 1.902185122175438 2.997364135532153 6.599999999999999
      vertex 2.2628551636078487 2.735322011854051 0
    endloop
  endfacet
  facet normal -0.4817536741017153 -0.8763066800438635 0
    outer loop
      vertex 1.511516485056008 3.212136036254369 6.599999999999999
      vertex 1.902185122175438 2.997364135532153 0
      vertex 1.902185122175438 2.997364135532153 6.599999999999999
    endloop
  endfacet
  facet normal -0.8443279255020149 -0.5358267949789967 0
    outer loop
      vertex 3.1108887141557156 1.7102255430610893 6.599999999999999
      vertex 2.8720103300310633 2.0866376456382794 6.599999999999999
      vertex 2.8720103300310633 2.0866376456382794 0
    endloop
  endfacet
  facet normal -0.7705132427757895 -0.6374239897486896 0
    outer loop
      vertex 2.8720103300310633 2.0866376456382794 6.599999999999999
      vertex 2.587838627346011 2.430142226046845 6.599999999999999
      vertex 2.587838627346011 2.430142226046845 0
    endloop
  endfacet
  facet normal 0 -1 0
    outer loop
      vertex -0.22290634432906212 3.542994885920364 6.599999999999999
      vertex 0.2229063443290596 3.542994885920364 0
      vertex 0.22290634432906212 3.542994885920364 6.599999999999999
    endloop
  endfacet
  facet normal -0.12533323356430356 -0.992114701314478 2.358271955790606e-18
    outer loop
      vertex 0.22290634432906212 3.542994885920364 6.599999999999999
      vertex 0.6652036667793221 3.487119740086845 0
      vertex 0.6652036667793222 3.487119740086845 6.599999999999999
    endloop
  endfacet
  facet normal -0.9980267284282717 -0.06279051952931308 0
    outer loop
      vertex 3.55 0 6.599999999999999
      vertex 3.5220071896663963 0.4449329791532801 6.599999999999999
      vertex 3.5220071896663963 0.4449329791532801 0
    endloop
  endfacet
  facet normal -0.9822872507286887 -0.1873813145857249 0
    outer loop
      vertex 3.5220071896663963 0.4449329791532801 6.599999999999999
      vertex 3.4384702220066403 0.8828490994352345 6.599999999999999
      vertex 3.4384702220066403 0.8828490994352345 0
    endloop
  endfacet
  facet normal 0 0 -1
    outer loop
      vertex -1.5 2.5 6.599999999999999
      vertex 0.6652036667793222 3.487119740086845 6.599999999999999
      vertex 1.0970103300310632 3.376250632847795 6.599999999999999
    endloop
  endfacet
  facet normal 0 0 -1
    outer loop
      vertex -1.5 2.5 6.599999999999999
      vertex 1.0970103300310632 3.376250632847795 6.599999999999999
      vertex 1.511516485056008 3.212136036254369 6.599999999999999
    endloop
  endfacet
  facet normal 0 0 -1
    outer loop
      vertex -1.5 2.5 6.599999999999999
      vertex 1.511516485056008 3.212136036254369 6.599999999999999
      vertex 1.5 2.5 6.599999999999999
    endloop
  endfacet
  facet normal 0 0 -1
    outer loop
      vertex 1.5 1.5 6.599999999999999
      vertex 1.5 2.5 6.599999999999999
      vertex 1.511516485056008 3.212136036254369 6.599999999999999
    endloop
  endfacet
  facet normal 0 0 -1
    outer loop
      vertex 1.5 1.5 6.599999999999999
      vertex 1.511516485056008 3.212136036254369 6.599999999999999
      vertex 1.902185122175438 2.997364135532153 6.599999999999999
    endloop
  endfacet
  facet normal 0 0 -1
    outer loop
      vertex 2.5878386273460112 -2.430142226046844 6.599999999999999
      vertex 2.5 1.5 6.599999999999999
      vertex 2.587838627346011 2.430142226046845 6.599999999999999
    endloop
  endfacet
  facet normal 0 0 -1
    outer loop
      vertex 2.8720103300310633 -2.0866376456382794 6.599999999999999
      vertex 2.587838627346011 2.430142226046845 6.599999999999999
      vertex 2.8720103300310633 2.0866376456382794 6.599999999999999
    endloop
  endfacet
  facet normal 0 0 -1
    outer loop
      vertex 3.300706524903292 -1.306842162030608 6.599999999999999
      vertex 3.1108887141557156 1.7102255430610893 6.599999999999999
      vertex 3.3007065249032923 1.3068421620306068 6.599999999999999
    endloop
  endfacet
  facet normal 0 0 -1
    outer loop
      vertex 3.110888714155715 -1.7102255430610895 6.599999999999999
      vertex 2.8720103300310633 2.0866376456382794 6.599999999999999
      vertex 3.1108887141557156 1.7102255430610893 6.599999999999999
    endloop
  endfacet
  facet normal 0 0 -1
    outer loop
      vertex 3.4384702220066408 -0.8828490994352332 6.599999999999999
      vertex 3.3007065249032923 1.3068421620306068 6.599999999999999
      vertex 3.4384702220066403 0.8828490994352345 6.599999999999999
    endloop
  endfacet
  facet normal 0 0 -1
    outer loop
      vertex 1.5 1.5 6.599999999999999
      vertex 1.902185122175438 2.997364135532153 6.599999999999999
      vertex 2.2628551636078487 2.735322011854051 6.599999999999999
    endloop
  endfacet
  facet normal 0 0 -1
    outer loop
      vertex 1.5 1.5 6.599999999999999
      vertex 2.2628551636078487 2.735322011854051 6.599999999999999
      vertex 2.587838627346011 2.430142226046845 6.599999999999999
    endloop
  endfacet
  facet normal 0 0 -1
    outer loop
      vertex 1.5 1.5 6.599999999999999
      vertex 2.587838627346011 2.430142226046845 6.599999999999999
      vertex 2.5 1.5 6.599999999999999
    endloop
  endfacet
  facet normal 0 0 -1
    outer loop
      vertex 3.5220071896663963 -0.4449329791532794 6.599999999999999
      vertex 3.5220071896663963 0.4449329791532801 6.599999999999999
      vertex 3.55 0 6.599999999999999
    endloop
  endfacet
  facet normal 0 0 -1
    outer loop
      vertex 3.5220071896663963 -0.4449329791532794 6.599999999999999
      vertex 3.4384702220066403 0.8828490994352345 6.599999999999999
      vertex 3.5220071896663963 0.4449329791532801 6.599999999999999
    endloop
  endfacet
  facet normal 0 1 0
    outer loop
      vertex -2.5 -1.5 6.599999999999999
      vertex -2.5 -1.5 12
      vertex -1.5 -1.5 6.599999999999999
    endloop
  endfacet
  facet normal 0 1 0
    outer loop
      vertex -1.5 -1.5 6.599999999999999
      vertex -2.5 -1.5 12
      vertex -1.5 -1.5 12
    endloop
  endfacet
  facet normal 1 0 0
    outer loop
      vertex -2.5 -1.5 6.599999999999999
      vertex -2.5 1.5 12
      vertex -2.5 -1.5 12
    endloop
  endfacet
  facet normal 1 0 0
    outer loop
      vertex -2.5 -1.5 6.599999999999999
      vertex -2.5 1.5 6.599999999999999
      vertex -2.5 1.5 12
    endloop
  endfacet
  facet normal 0 -1 0
    outer loop
      vertex -2.5 1.5 6.599999999999999
      vertex -1.5 1.5 6.599999999999999
      vertex -1.5 1.5 12
    endloop
  endfacet
  facet normal 0 -1 0
    outer loop
      vertex -2.5 1.5 6.599999999999999
      vertex -1.5 1.5 12
      vertex -2.5 1.5 12
    endloop
  endfacet
  facet normal 0 1 0
    outer loop
      vertex 1.5 -1.5 6.599999999999999
      vertex 1.5 -1.5 12
      vertex 2.5 -1.5 6.599999999999999
    endloop
  endfacet
  facet normal -1 0 0
    outer loop
      vertex 2.5 -1.5 6.599999999999999
      vertex 2.5 -1.5 12
      vertex 2.5 1.5 6.599999999999999
    endloop
  endfacet
  facet normal 0 1 0
    outer loop
      vertex 2.5 -1.5 6.599999999999999
      vertex 1.5 -1.5 12
      vertex 2.5 -1.5 12
    endloop
  endfacet
  facet normal 0 -1 0
    outer loop
      vertex 1.5 1.5 6.599999999999999
      vertex 2.5 1.5 6.599999999999999
      vertex 2.5 1.5 12
    endloop
  endfacet
  facet normal -1 0 0
    outer loop
      vertex 2.5 1.5 6.599999999999999
      vertex 2.5 -1.5 12
      vertex 2.5 1.5 12
    endloop
  endfacet
  facet normal 0 -1 0
    outer loop
      vertex 1.5 1.5 6.599999999999999
      vertex 2.5 1.5 12
      vertex 1.5 1.5 12
    endloop
  endfacet
  facet normal 1 0 0
    outer loop
      vertex -1.5 -2.5 6.599999999999999
      vertex -1.5 -1.5 6.599999999999999
      vertex -1.5 -1.5 12
    endloop
  endfacet
  facet normal 0 1 0
    outer loop
      vertex -1.5 -2.5 6.599999999999999
      vertex -1.5 -2.5 12
      vertex 1.5 -2.5 6.599999999999999
    endloop
  endfacet
  facet normal 1 0 0
    outer loop
      vertex -1.5 -2.5 6.599999999999999
      vertex -1.5 -1.5 12
      vertex -1.5 -2.5 12
    endloop
  endfacet
  facet normal 1 0 0
    outer loop
      vertex -1.5 1.5 6.599999999999999
      vertex -1.5 2.5 6.599999999999999
      vertex -1.5 2.5 12
    endloop
  endfacet
  facet normal 1 0 0
    outer loop
      vertex -1.5 1.5 6.599999999999999
      vertex -1.5 2.5 12
      vertex -1.5 1.5 12
    endloop
  endfacet
  facet normal 0 -1 0
    outer loop
      vertex -1.5 2.5 6.599999999999999
      vertex 1.5 2.5 12
      vertex -1.5 2.5 12
    endloop
  endfacet
  facet normal -1 0 0
    outer loop
      vertex 1.5 -2.5 6.599999999999999
      vertex 1.5 -2.5 12
      vertex 1.5 -1.5 6.599999999999999
    endloop
  endfacet
  facet normal 0 1 0
    outer loop
      vertex 1.5 -2.5 6.599999999999999
      vertex -1.5 -2.5 12
      vertex 1.5 -2.5 12
    endloop
  endfacet
  facet normal -1 0 0
    outer loop
      vertex 1.5 -1.5 6.599999999999999
      vertex 1.5 -2.5 12
      vertex 1.5 -1.5 12
    endloop
  endfacet
  facet normal 0 -1 0
    outer loop
      vertex -1.5 2.5 6.599999999999999
      vertex 1.5 2.5 6.599999999999999
      vertex 1.5 2.5 12
    endloop
  endfacet
  facet normal -1 0 0
    outer loop
      vertex 1.5 1.5 6.599999999999999
      vertex 1.5 1.5 12
      vertex 1.5 2.5 6.599999999999999
    endloop
  endfacet
  facet normal -1 0 0
    outer loop
      vertex 1.5 2.5 6.599999999999999
      vertex 1.5 1.5 12
      vertex 1.5 2.5 12
    endloop
  endfacet
  facet normal 0 0 -1
    outer loop
      vertex -12.107289514107888 -3.1086235895606857 0
      vertex -11.622206073603143 4.601556908558473 0
      vertex -11.622206073603143 -4.601556908558473 0
    endloop
  endfacet
  facet normal 0 0 -1
    outer loop
      vertex -11.622206073603143 4.601556908558473 0
      vertex -12.107289514107888 -3.1086235895606857 0
      vertex -12.401433766430973 -1.5666654195538008 0
    endloop
  endfacet
  facet normal 0 0 -1
    outer loop
      vertex -10.112712429686843 7.347315653655914 0
      vertex -10.953833500548294 -6.021920926271442 0
      vertex -11.622206073603143 -4.601556908558473 0
    endloop
  endfacet
  facet normal 0 0 -1
    outer loop
      vertex -8.571653589957993 -1.68865585100403 0
      vertex -9.112107842767646 -8.556838824108606 0
      vertex -10.112712429686843 -7.347315653655914 0
    endloop
  endfacet
  facet normal 0 0 -1
    outer loop
      vertex -10.953833500548294 -6.021920926271442 0
      vertex -9.118033988749895 -1.1755705045849463 0
      vertex -10.112712429686843 -7.347315653655914 0
    endloop
  endfacet
  facet normal 0 0 -1
    outer loop
      vertex -8.571653589957993 -1.68865585100403 0
      vertex -10.112712429686843 -7.347315653655914 0
      vertex -8.774847979497379 -1.5410264855515787 0
    endloop
  endfacet
  facet normal 0 0 -1
    outer loop
      vertex -9.112107842767646 -8.556838824108606 0
      vertex -8.571653589957993 -1.68865585100403 0
      vertex -8.351558583130146 -1.8096541049320392 0
    endloop
  endfacet
  facet normal 0 0 -1
    outer loop
      vertex -7.625581039058628 -1.9960534568565431 0
      vertex -7.96779987185862 -9.631415534697368 0
      vertex -9.112107842767646 -8.556838824108606 0
    endloop
  endfacet
  facet normal 0 0 -1
    outer loop
      vertex -9.112107842767646 -8.556838824108606 0
      vertex -8.351558583130146 -1.8096541049320392 0
      vertex -8.118033988749895 -1.902113032590307 0
    endloop
  endfacet
  facet normal 0 0 -1
    outer loop
      vertex -9.112107842767646 -8.556838824108606 0
      vertex -8.118033988749895 -1.902113032590307 0
      vertex -7.87476262917145 -1.9645745014573772 0
    endloop
  endfacet
  facet normal 0 0 -1
    outer loop
      vertex -9.112107842767646 -8.556838824108606 0
      vertex -7.87476262917145 -1.9645745014573772 0
      vertex -7.625581039058628 -1.9960534568565431 0
    endloop
  endfacet
  facet normal 0 0 -1
    outer loop
      vertex -7.96779987185862 -9.631415534697368 0
      vertex -7.625581039058628 -1.9960534568565431 0
      vertex -7.374418960941372 -1.9960534568565431 0
    endloop
  endfacet
  facet normal 0 0 -1
    outer loop
      vertex -7.96779987185862 -9.631415534697368 0
      vertex -7.374418960941372 -1.9960534568565431 0
      vertex -7.12523737082855 -1.9645745014573772 0
    endloop
  endfacet
  facet normal 0 0 -1
    outer loop
      vertex -6.881966011250105 -1.902113032590307 0
      vertex -7.96779987185862 -9.631415534697368 0
      vertex -7.12523737082855 -1.9645745014573772 0
    endloop
  endfacet
  facet normal 0 0 -1
    outer loop
      vertex -7.96779987185862 -9.631415534697368 0
      vertex -6.881966011250105 -1.902113032590307 0
      vertex -6.648441416869855 -1.8096541049320392 0
    endloop
  endfacet
  facet normal 0 0 -1
    outer loop
      vertex -7.96779987185862 -9.631415534697368 0
      vertex -6.648441416869855 -1.8096541049320392 0
      vertex -6.428346410042008 -1.6886558510040306 0
    endloop
  endfacet
  facet normal 0 0 -1
    outer loop
      vertex -10.953833500548294 -6.021920926271442 0
      vertex -9.252613360087727 -0.9635073482034308 0
      vertex -9.118033988749895 -1.1755705045849463 0
    endloop
  endfacet
  facet normal 0 0 -1
    outer loop
      vertex -10.953833500548294 -6.021920926271442 0
      vertex -9.484229402628955 -0.25066646712860813 0
      vertex -9.437166322257262 -0.4973797743297097 0
    endloop
  endfacet
  facet normal 0 0 -1
    outer loop
      vertex -10.953833500548294 -6.021920926271442 0
      vertex -9.5 0 0
      vertex -9.484229402628955 -0.25066646712860813 0
    endloop
  endfacet
  facet normal 0 0 -1
    outer loop
      vertex -10.953833500548294 -6.021920926271442 0
      vertex -9.359552971776504 -0.7362491053693557 0
      vertex -9.252613360087727 -0.9635073482034308 0
    endloop
  endfacet
  facet normal 0 0 -1
    outer loop
      vertex -10.953833500548294 -6.021920926271442 0
      vertex -9.437166322257262 -0.4973797743297097 0
      vertex -9.359552971776504 -0.7362491053693557 0
    endloop
  endfacet
  facet normal 0 0 -1
    outer loop
      vertex -10.112712429686843 -7.347315653655914 0
      vertex -9.118033988749895 -1.1755705045849463 0
      vertex -8.957937254842824 -1.369094211857377 0
    endloop
  endfacet
  facet normal 0 0 -1
    outer loop
      vertex -10.112712429686843 -7.347315653655914 0
      vertex -8.957937254842824 -1.369094211857377 0
      vertex -8.774847979497379 -1.5410264855515787 0
    endloop
  endfacet
  facet normal 0 0 -1
    outer loop
      vertex -6.0420627451571765 -1.369094211857377 0
      vertex -6.6978349372374595 -10.554099068775187 0
      vertex -7.96779987185862 -9.631415534697368 0
    endloop
  endfacet
  facet normal 0 0 -1
    outer loop
      vertex -5.322241144563406 -11.310338155825244 0
      vertex -6.6978349372374595 -10.554099068775187 0
      vertex -6.0420627451571765 -1.369094211857377 0
    endloop
  endfacet
  facet normal 0 0 -1
    outer loop
      vertex -5.322241144563406 -11.310338155825244 0
      vertex -2.5878386273460112 -2.430142226046844 0
      vertex -3.8627124296868423 -11.888206453689419 0
    endloop
  endfacet
  facet normal 0 0 -1
    outer loop
      vertex -3.8627124296868423 -11.888206453689419 0
      vertex -0.665203666779323 -3.4871197400868446 0
      vertex -2.3422664323215603 -12.278590634108607 0
    endloop
  endfacet
  facet normal 0 0 -1
    outer loop
      vertex -2.3422664323215603 -12.278590634108607 0
      vertex -0.22290634432906378 -3.542994885920364 0
      vertex -0.7848814941164225 -12.475334105353394 0
    endloop
  endfacet
  facet normal 0 0 -1
    outer loop
      vertex -7.96779987185862 -9.631415534697368 0
      vertex -6.428346410042008 -1.6886558510040306 0
      vertex -6.22515202050262 -1.541026485551578 0
    endloop
  endfacet
  facet normal 0 0 -1
    outer loop
      vertex -6.0420627451571765 -1.369094211857377 0
      vertex -7.96779987185862 -9.631415534697368 0
      vertex -6.22515202050262 -1.541026485551578 0
    endloop
  endfacet
  facet normal 0 0 -1
    outer loop
      vertex -5.322241144563406 -11.310338155825244 0
      vertex -6.0420627451571765 -1.369094211857377 0
      vertex -5.881966011250105 -1.1755705045849463 0
    endloop
  endfacet
  facet normal 0 0 -1
    outer loop
      vertex -5.322241144563406 -11.310338155825244 0
      vertex -5.881966011250105 -1.1755705045849463 0
      vertex -5.747386639912273 -0.9635073482034308 0
    endloop
  endfacet
  facet normal 0 0 -1
    outer loop
      vertex -5.322241144563406 -11.310338155825244 0
      vertex -5.747386639912273 -0.9635073482034308 0
      vertex -5.640447028223497 -0.7362491053693567 0
    endloop
  endfacet
  facet normal 0 0 -1
    outer loop
      vertex -5.322241144563406 -11.310338155825244 0
      vertex -5.640447028223497 -0.7362491053693567 0
      vertex -5.562833677742738 -0.49737977432970887 0
    endloop
  endfacet
  facet normal 0 0 -1
    outer loop
      vertex -5.322241144563406 -11.310338155825244 0
      vertex -5.562833677742738 -0.49737977432970887 0
      vertex -5.515770597371044 -0.25066646712860813 0
    endloop
  endfacet
  facet normal 0 0 -1
    outer loop
      vertex -5.322241144563406 -11.310338155825244 0
      vertex -2.8720103300310633 -2.0866376456382794 0
      vertex -2.5878386273460112 -2.430142226046844 0
    endloop
  endfacet
  facet normal 0 0 -1
    outer loop
      vertex -5.322241144563406 -11.310338155825244 0
      vertex -3.3007065249032923 -1.3068421620306063 0
      vertex -3.110888714155715 -1.7102255430610895 0
    endloop
  endfacet
  facet normal 0 0 -1
    outer loop
      vertex -5.322241144563406 -11.310338155825244 0
      vertex -3.4384702220066403 -0.8828490994352347 0
      vertex -3.3007065249032923 -1.3068421620306063 0
    endloop
  endfacet
  facet normal 0 0 -1
    outer loop
      vertex -5.322241144563406 -11.310338155825244 0
      vertex -3.110888714155715 -1.7102255430610895 0
      vertex -2.8720103300310633 -2.0866376456382794 0
    endloop
  endfacet
  facet normal 0 0 -1
    outer loop
      vertex -5.322241144563406 -11.310338155825244 0
      vertex -3.55 0 0
      vertex -3.5220071896663963 -0.4449329791532794 0
    endloop
  endfacet
  facet normal 0 0 -1
    outer loop
      vertex -5.322241144563406 -11.310338155825244 0
      vertex -3.5220071896663963 -0.4449329791532794 0
      vertex -3.4384702220066403 -0.8828490994352347 0
    endloop
  endfacet
  facet normal 0 0 -1
    outer loop
      vertex -5.322241144563406 -11.310338155825244 0
      vertex -3.5220071896663963 0.4449329791532794 0
      vertex -3.55 0 0
    endloop
  endfacet
  facet normal 0 0 -1
    outer loop
      vertex -3.8627124296868423 -11.888206453689419 0
      vertex -2.5878386273460112 -2.430142226046844 0
      vertex -2.262855163607848 -2.735322011854052 0
    endloop
  endfacet
  facet normal 0 0 -1
    outer loop
      vertex -1.9021851221754384 -2.9973641355321528 0
      vertex -3.8627124296868423 -11.888206453689419 0
      vertex -2.262855163607848 -2.735322011854052 0
    endloop
  endfacet
  facet normal 0 0 -1
    outer loop
      vertex -3.8627124296868423 -11.888206453689419 0
      vertex -1.511516485056007 -3.2121360362543694 0
      vertex -1.0970103300310632 -3.376250632847795 0
    endloop
  endfacet
  facet normal 0 0 -1
    outer loop
      vertex -3.8627124296868423 -11.888206453689419 0
      vertex -1.0970103300310632 -3.376250632847795 0
      vertex -0.665203666779323 -3.4871197400868446 0
    endloop
  endfacet
  facet normal 0 0 -1
    outer loop
      vertex -3.8627124296868423 -11.888206453689419 0
      vertex -1.9021851221754384 -2.9973641355321528 0
      vertex -1.511516485056007 -3.2121360362543694 0
    endloop
  endfacet
  facet normal 0 0 -1
    outer loop
      vertex -2.3422664323215603 -12.278590634108607 0
      vertex -0.665203666779323 -3.4871197400868446 0
      vertex -0.22290634432906378 -3.542994885920364 0
    endloop
  endfacet
  facet normal 0 0 -1
    outer loop
      vertex -0.22290634432906378 -3.542994885920364 0
      vertex 0.2229063443290639 -3.542994885920364 0
      vertex -0.7848814941164225 -12.475334105353394 0
    endloop
  endfacet
  facet normal 0 0 1
    outer loop
      vertex -7.40780544058463 -11.672833570065356 12
      vertex -8.464488230962194 -1.5197902659036269 12
      vertex -8.812386658275633 -10.652345581375288 12
    endloop
  endfacet
  facet normal 0 0 1
    outer loop
      vertex -10.077991274101016 -9.463863739464118 12
      vertex -12.114939851606412 6.660244544456215 12
      vertex -11.184659947233648 -8.12613111294344 12
    endloop
  endfacet
  facet normal 0 0 1
    outer loop
      vertex -12.114939851606412 -6.660244544456215 12
      vertex -13.390662202603323 3.438137690054118 12
      vertex -12.854159917405076 -5.089321940865672 12
    endloop
  endfacet
  facet normal 0 0 1
    outer loop
      vertex -13.390662202603323 -3.438137690054118 12
      vertex -13.825 0 12
      vertex -13.715985745672656 -1.7327319540265036 12
    endloop
  endfacet
  facet normal 0 0 1
    outer loop
      vertex -13.390662202603323 3.438137690054118 12
      vertex -13.390662202603323 -3.438137690054118 12
      vertex -12.854159917405076 -5.089321940865672 12
    endloop
  endfacet
  facet normal 0 0 1
    outer loop
      vertex -13.390662202603323 -3.438137690054118 12
      vertex -13.715985745672656 1.7327319540265036 12
      vertex -13.825 0 12
    endloop
  endfacet
  facet normal 0 0 1
    outer loop
      vertex -11.184659947233648 -8.12613111294344 12
      vertex -12.854159917405076 5.089321940865672 12
      vertex -12.114939851606412 -6.660244544456215 12
    endloop
  endfacet
  facet normal 0 0 1
    outer loop
      vertex -8.812386658275633 -10.652345581375288 12
      vertex -11.184659947233648 8.12613111294344 12
      vertex -10.077991274101016 -9.463863739464118 12
    endloop
  endfacet
  facet normal 0 0 1
    outer loop
      vertex -8.812386658275633 -10.652345581375288 12
      vertex -8.812143529358542 -1.2321847906716394 12
      vertex -8.956230589874906 -1.0580134541264516 12
    endloop
  endfacet
  facet normal 0 0 1
    outer loop
      vertex -8.812386658275633 -10.652345581375288 12
      vertex -8.647363181547641 -1.386923836996421 12
      vertex -8.812143529358542 -1.2321847906716394 12
    endloop
  endfacet
  facet normal 0 0 1
    outer loop
      vertex -8.812386658275633 -10.652345581375288 12
      vertex -8.464488230962194 -1.5197902659036269 12
      vertex -8.647363181547641 -1.386923836996421 12
    endloop
  endfacet
  facet normal 0 0 1
    outer loop
      vertex -8.812386658275633 -10.652345581375288 12
      vertex -9.173597674598852 -0.6626241948324202 12
      vertex -9.243449690031536 -0.4476417968967387 12
    endloop
  endfacet
  facet normal 0 0 1
    outer loop
      vertex -8.812386658275633 -10.652345581375288 12
      vertex -9.243449690031536 -0.4476417968967387 12
      vertex -9.285806462366061 -0.22559982041574733 12
    endloop
  endfacet
  facet normal 0 0 1
    outer loop
      vertex -8.812386658275633 -10.652345581375288 12
      vertex -9.285806462366061 -0.22559982041574733 12
      vertex -9.3 0 12
    endloop
  endfacet
  facet normal 0 0 1
    outer loop
      vertex -8.812386658275633 -10.652345581375288 12
      vertex -8.956230589874906 -1.0580134541264516 12
      vertex -9.077352024078955 -0.8671566133830877 12
    endloop
  endfacet
  facet normal 0 0 1
    outer loop
      vertex -8.812386658275633 -10.652345581375288 12
      vertex -9.077352024078955 -0.8671566133830877 12
      vertex -9.173597674598852 -0.6626241948324202 12
    endloop
  endfacet
  facet normal 0 0 1
    outer loop
      vertex -7.40780544058463 -11.672833570065356 12
      vertex -8.26640272481713 -1.6286886944388352 12
      vertex -8.464488230962194 -1.5197902659036269 12
    endloop
  endfacet
  facet normal 0 0 1
    outer loop
      vertex -7.40780544058463 -11.672833570065356 12
      vertex -8.056230589874906 -1.7119017293312764 12
      vertex -8.26640272481713 -1.6286886944388352 12
    endloop
  endfacet
  facet normal 0 0 1
    outer loop
      vertex -7.40780544058463 -11.672833570065356 12
      vertex -7.837286366254305 -1.7681170513116395 12
      vertex -8.056230589874906 -1.7119017293312764 12
    endloop
  endfacet
  facet normal 0 0 1
    outer loop
      vertex -7.40780544058463 -11.672833570065356 12
      vertex -7.613022935152765 -1.7964481111708888 12
      vertex -7.837286366254305 -1.7681170513116395 12
    endloop
  endfacet
  facet normal 0 0 1
    outer loop
      vertex -7.40780544058463 -11.672833570065356 12
      vertex -7.386977064847235 -1.7964481111708888 12
      vertex -7.613022935152765 -1.7964481111708888 12
    endloop
  endfacet
  facet normal 0 0 1
    outer loop
      vertex -7.40780544058463 -11.672833570065356 12
      vertex -7.162713633745695 -1.7681170513116395 12
      vertex -7.386977064847235 -1.7964481111708888 12
    endloop
  endfacet
  facet normal 0 0 1
    outer loop
      vertex -7.40780544058463 -11.672833570065356 12
      vertex -6.943769410125094 -1.7119017293312764 12
      vertex -7.162713633745695 -1.7681170513116395 12
    endloop
  endfacet
  facet normal 0 0 1
    outer loop
      vertex -8.812386658275633 -10.652345581375288 12
      vertex -9.3 0 12
      vertex -11.184659947233648 8.12613111294344 12
    endloop
  endfacet
  facet normal 0 0 1
    outer loop
      vertex -5.886398705887126 -12.50923400034272 12
      vertex -6.943769410125094 -1.7119017293312764 12
      vertex -7.40780544058463 -11.672833570065356 12
    endloop
  endfacet
  facet normal 0 0 1
    outer loop
      vertex -6.187856470641459 -1.2321847906716394 12
      vertex -5.886398705887126 -12.50923400034272 12
      vertex -4.272159947233647 -13.148356337780497 12
    endloop
  endfacet
  facet normal 0 0 1
    outer loop
      vertex -2.5 -1.5 12
      vertex -2.5905466741476455 -13.58012124132412 12
      vertex -0.8680789324927627 -13.797719520520854 12
    endloop
  endfacet
  facet normal 0 0 1
    outer loop
      vertex -1.5 -2.5 12
      vertex -0.8680789324927627 -13.797719520520854 12
      vertex 0.8680789324927629 -13.797719520520854 12
    endloop
  endfacet
  facet normal 0 0 1
    outer loop
      vertex -6.943769410125094 -1.7119017293312764 12
      vertex -5.886398705887126 -12.50923400034272 12
      vertex -6.73359727518287 -1.6286886944388352 12
    endloop
  endfacet
  facet normal 0 0 1
    outer loop
      vertex -5.886398705887126 -12.50923400034272 12
      vertex -6.535511769037807 -1.5197902659036275 12
      vertex -6.73359727518287 -1.6286886944388352 12
    endloop
  endfacet
  facet normal 0 0 1
    outer loop
      vertex -5.886398705887126 -12.50923400034272 12
      vertex -6.352636818452358 -1.3869238369964203 12
      vertex -6.535511769037807 -1.5197902659036275 12
    endloop
  endfacet
  facet normal 0 0 1
    outer loop
      vertex -5.886398705887126 -12.50923400034272 12
      vertex -6.187856470641459 -1.2321847906716394 12
      vertex -6.352636818452358 -1.3869238369964203 12
    endloop
  endfacet
  facet normal 0 0 1
    outer loop
      vertex -4.272159947233647 -13.148356337780497 12
      vertex -6.043769410125094 -1.0580134541264516 12
      vertex -6.187856470641459 -1.2321847906716394 12
    endloop
  endfacet
  facet normal 0 0 1
    outer loop
      vertex -4.272159947233647 -13.148356337780497 12
      vertex -5.922647975921046 -0.8671566133830877 12
      vertex -6.043769410125094 -1.0580134541264516 12
    endloop
  endfacet
  facet normal 0 0 1
    outer loop
      vertex -4.272159947233647 -13.148356337780497 12
      vertex -5.826402325401148 -0.6626241948324211 12
      vertex -5.922647975921046 -0.8671566133830877 12
    endloop
  endfacet
  facet normal 0 0 1
    outer loop
      vertex -4.272159947233647 -13.148356337780497 12
      vertex -5.756550309968464 -0.447641796896738 12
      vertex -5.826402325401148 -0.6626241948324211 12
    endloop
  endfacet
  facet normal 0 0 1
    outer loop
      vertex -4.272159947233647 -13.148356337780497 12
      vertex -5.71419353763394 -0.22559982041574733 12
      vertex -5.756550309968464 -0.447641796896738 12
    endloop
  endfacet
  facet normal 0 0 1
    outer loop
      vertex -4.272159947233647 -13.148356337780497 12
      vertex -5.7 0 12
      vertex -5.71419353763394 -0.22559982041574733 12
    endloop
  endfacet
  facet normal 0 0 1
    outer loop
      vertex -4.272159947233647 -13.148356337780497 12
      vertex -5.71419353763394 0.22559982041574766 12
      vertex -5.7 0 12
    endloop
  endfacet
  facet normal 0 0 1
    outer loop
      vertex -5.88639870588713 12.509234000342719 12
      vertex -4.272159947233647 -13.148356337780497 12
      vertex -2.5905466741476455 -13.58012124132412 12
    endloop
  endfacet
  facet normal 0 0 1
    outer loop
      vertex -4.272159947233647 -13.148356337780497 12
      vertex -5.88639870588713 12.509234000342719 12
      vertex -5.71419353763394 0.22559982041574766 12
    endloop
  endfacet
  facet normal 0 0 1
    outer loop
      vertex -0.8680789324927627 -13.797719520520854 12
      vertex -1.5 -2.5 12
      vertex -2.5 -1.5 12
    endloop
  endfacet
  facet normal 0 0 1
    outer loop
      vertex -2.5 -1.5 12
      vertex -1.5 -2.5 12
      vertex -1.5 -1.5 12
    endloop
  endfacet
  facet normal 0 0 1
    outer loop
      vertex -2.5905466741476455 -13.58012124132412 12
      vertex -2.5 -1.5 12
      vertex -4.272159947233647 13.148356337780497 12
    endloop
  endfacet
  facet normal 0 0 -1
    outer loop
      vertex -11.622206073603143 4.601556908558473 0
      vertex -12.401433766430973 -1.5666654195538008 0
      vertex -12.5 0 0
    endloop
  endfacet
  facet normal 0 0 -1
    outer loop
      vertex -12.5 0 0
      vertex -12.401433766430973 1.5666654195538008 0
      vertex -12.107289514107888 3.1086235895606857 0
    endloop
  endfacet
  facet normal 0 0 -1
    outer loop
      vertex -11.622206073603143 4.601556908558473 0
      vertex -12.5 0 0
      vertex -12.107289514107888 3.1086235895606857 0
    endloop
  endfacet
  facet normal 0 0 -1
    outer loop
      vertex -11.622206073603143 -4.601556908558473 0
      vertex -11.622206073603143 4.601556908558473 0
      vertex -10.953833500548294 6.021920926271442 0
    endloop
  endfacet
  facet normal 0 0 -1
    outer loop
      vertex -11.622206073603143 -4.601556908558473 0
      vertex -10.953833500548294 6.021920926271442 0
      vertex -10.112712429686843 7.347315653655914 0
    endloop
  endfacet
  facet normal 0 0 -1
    outer loop
      vertex -10.953833500548294 -6.021920926271442 0
      vertex -9.112107842767646 8.556838824108606 0
      vertex -9.5 0 0
    endloop
  endfacet
  facet normal 0 0 -1
    outer loop
      vertex -10.953833500548294 -6.021920926271442 0
      vertex -10.112712429686843 7.347315653655914 0
      vertex -9.112107842767646 8.556838824108606 0
    endloop
  endfacet
  facet normal 0 0 -1
    outer loop
      vertex -9.112107842767646 8.556838824108606 0
      vertex -9.484229402628955 0.25066646712860813 0
      vertex -9.5 0 0
    endloop
  endfacet
  facet normal 0 0 -1
    outer loop
      vertex -9.112107842767646 8.556838824108606 0
      vertex -9.437166322257262 0.4973797743297097 0
      vertex -9.484229402628955 0.25066646712860813 0
    endloop
  endfacet
  facet normal 0 0 -1
    outer loop
      vertex -9.112107842767646 8.556838824108606 0
      vertex -9.359552971776504 0.7362491053693557 0
      vertex -9.437166322257262 0.4973797743297097 0
    endloop
  endfacet
  facet normal 0 0 -1
    outer loop
      vertex -9.112107842767646 8.556838824108606 0
      vertex -9.252613360087727 0.9635073482034308 0
      vertex -9.359552971776504 0.7362491053693557 0
    endloop
  endfacet
  facet normal 0 0 -1
    outer loop
      vertex -9.252613360087727 0.9635073482034308 0
      vertex -9.112107842767646 8.556838824108606 0
      vertex -9.118033988749895 1.1755705045849463 0
    endloop
  endfacet
  facet normal 0 0 -1
    outer loop
      vertex -9.112107842767646 8.556838824108606 0
      vertex -8.957937254842824 1.369094211857377 0
      vertex -9.118033988749895 1.1755705045849463 0
    endloop
  endfacet
  facet normal 0 0 -1
    outer loop
      vertex -9.112107842767646 8.556838824108606 0
      vertex -8.774847979497379 1.5410264855515787 0
      vertex -8.957937254842824 1.369094211857377 0
    endloop
  endfacet
  facet normal 0 0 -1
    outer loop
      vertex -9.112107842767646 8.556838824108606 0
      vertex -8.571653589957993 1.68865585100403 0
      vertex -8.774847979497379 1.5410264855515787 0
    endloop
  endfacet
  facet normal 0 0 -1
    outer loop
      vertex -8.571653589957993 1.68865585100403 0
      vertex -6.6978349372374595 10.554099068775187 0
      vertex -8.351558583130146 1.809654104932039 0
    endloop
  endfacet
  facet normal 0 0 -1
    outer loop
      vertex -6.6978349372374595 10.554099068775187 0
      vertex -8.118033988749895 1.902113032590307 0
      vertex -8.351558583130146 1.809654104932039 0
    endloop
  endfacet
  facet normal 0 0 -1
    outer loop
      vertex -6.6978349372374595 10.554099068775187 0
      vertex -7.874762629171449 1.9645745014573774 0
      vertex -8.118033988749895 1.902113032590307 0
    endloop
  endfacet
  facet normal 0 0 -1
    outer loop
      vertex -7.874762629171449 1.9645745014573774 0
      vertex -6.6978349372374595 10.554099068775187 0
      vertex -7.625581039058627 1.9960534568565431 0
    endloop
  endfacet
  facet normal 0 0 -1
    outer loop
      vertex -6.6978349372374595 10.554099068775187 0
      vertex -7.374418960941373 1.9960534568565431 0
      vertex -7.625581039058627 1.9960534568565431 0
    endloop
  endfacet
  facet normal 0 0 -1
    outer loop
      vertex -6.6978349372374595 10.554099068775187 0
      vertex -7.125237370828551 1.9645745014573774 0
      vertex -7.374418960941373 1.9960534568565431 0
    endloop
  endfacet
  facet normal 0 0 -1
    outer loop
      vertex -8.571653589957993 1.68865585100403 0
      vertex -9.112107842767646 8.556838824108606 0
      vertex -7.96779987185862 9.631415534697368 0
    endloop
  endfacet
  facet normal 0 0 -1
    outer loop
      vertex -8.571653589957993 1.68865585100403 0
      vertex -7.96779987185862 9.631415534697368 0
      vertex -6.6978349372374595 10.554099068775187 0
    endloop
  endfacet
  facet normal 0 0 -1
    outer loop
      vertex -5.322241144563406 -11.310338155825244 0
      vertex -5.515770597371044 -0.25066646712860813 0
      vertex -3.8627124296868423 11.888206453689419 0
    endloop
  endfacet
  facet normal 0 0 -1
    outer loop
      vertex -5.322241144563406 -11.310338155825244 0
      vertex -3.8627124296868423 11.888206453689419 0
      vertex -3.5220071896663963 0.4449329791532794 0
    endloop
  endfacet
  facet normal 0 0 -1
    outer loop
      vertex -6.6978349372374595 10.554099068775187 0
      vertex -6.881966011250105 1.902113032590307 0
      vertex -7.125237370828551 1.9645745014573774 0
    endloop
  endfacet
  facet normal 0 0 -1
    outer loop
      vertex -6.881966011250105 1.902113032590307 0
      vertex -5.322241144563409 11.310338155825244 0
      vertex -6.648441416869854 1.809654104932039 0
    endloop
  endfacet
  facet normal 0 0 -1
    outer loop
      vertex -5.322241144563409 11.310338155825244 0
      vertex -6.428346410042007 1.6886558510040302 0
      vertex -6.648441416869854 1.809654104932039 0
    endloop
  endfacet
  facet normal 0 0 -1
    outer loop
      vertex -5.322241144563409 11.310338155825244 0
      vertex -6.2251520205026205 1.5410264855515783 0
      vertex -6.428346410042007 1.6886558510040302 0
    endloop
  endfacet
  facet normal 0 0 -1
    outer loop
      vertex -3.8627124296868423 11.888206453689419 0
      vertex -6.0420627451571765 1.3690942118573775 0
      vertex -6.2251520205026205 1.5410264855515783 0
    endloop
  endfacet
  facet normal 0 0 -1
    outer loop
      vertex -3.8627124296868423 11.888206453689419 0
      vertex -5.881966011250105 1.1755705045849463 0
      vertex -6.0420627451571765 1.3690942118573775 0
    endloop
  endfacet
  facet normal 0 0 -1
    outer loop
      vertex -3.8627124296868423 11.888206453689419 0
      vertex -5.515770597371044 -0.25066646712860813 0
      vertex -5.5 0 0
    endloop
  endfacet
  facet normal 0 0 -1
    outer loop
      vertex -3.8627124296868423 11.888206453689419 0
      vertex -5.515770597371044 0.2506664671286085 0
      vertex -5.562833677742738 0.4973797743297096 0
    endloop
  endfacet
  facet normal 0 0 -1
    outer loop
      vertex -3.8627124296868423 11.888206453689419 0
      vertex -5.5 0 0
      vertex -5.515770597371044 0.2506664671286085 0
    endloop
  endfacet
  facet normal 0 0 -1
    outer loop
      vertex -3.8627124296868423 11.888206453689419 0
      vertex -5.562833677742738 0.4973797743297096 0
      vertex -5.640447028223497 0.736249105369356 0
    endloop
  endfacet
  facet normal 0 0 -1
    outer loop
      vertex -3.8627124296868423 11.888206453689419 0
      vertex -5.640447028223497 0.736249105369356 0
      vertex -5.747386639912273 0.9635073482034306 0
    endloop
  endfacet
  facet normal 0 0 -1
    outer loop
      vertex -3.8627124296868423 11.888206453689419 0
      vertex -5.747386639912273 0.9635073482034306 0
      vertex -5.881966011250105 1.1755705045849463 0
    endloop
  endfacet
  facet normal 0 0 -1
    outer loop
      vertex -3.8627124296868423 11.888206453689419 0
      vertex -3.4384702220066403 0.8828490994352347 0
      vertex -3.5220071896663963 0.4449329791532794 0
    endloop
  endfacet
  facet normal 0 0 -1
    outer loop
      vertex -3.8627124296868423 11.888206453689419 0
      vertex -3.3007065249032923 1.3068421620306063 0
      vertex -3.4384702220066403 0.8828490994352347 0
    endloop
  endfacet
  facet normal 0 0 -1
    outer loop
      vertex -3.8627124296868423 11.888206453689419 0
      vertex -3.110888714155715 1.7102255430610895 0
      vertex -3.3007065249032923 1.3068421620306063 0
    endloop
  endfacet
  facet normal 0 0 -1
    outer loop
      vertex -3.8627124296868423 11.888206453689419 0
      vertex -2.8720103300310633 2.0866376456382794 0
      vertex -3.110888714155715 1.7102255430610895 0
    endloop
  endfacet
  facet normal 0 0 -1
    outer loop
      vertex -2.8720103300310633 2.0866376456382794 0
      vertex -2.342266432321557 12.278590634108609 0
      vertex -2.5878386273460112 2.430142226046844 0
    endloop
  endfacet
  facet normal 0 0 -1
    outer loop
      vertex -2.342266432321557 12.278590634108609 0
      vertex -2.262855163607848 2.735322011854052 0
      vertex -2.5878386273460112 2.430142226046844 0
    endloop
  endfacet
  facet normal 0 0 -1
    outer loop
      vertex -2.342266432321557 12.278590634108609 0
      vertex -1.9021851221754384 2.9973641355321528 0
      vertex -2.262855163607848 2.735322011854052 0
    endloop
  endfacet
  facet normal 0 0 -1
    outer loop
      vertex -1.9021851221754384 2.9973641355321528 0
      vertex -0.784881494116416 12.475334105353394 0
      vertex -1.511516485056008 3.212136036254369 0
    endloop
  endfacet
  facet normal 0 0 -1
    outer loop
      vertex -0.784881494116416 12.475334105353394 0
      vertex -1.0970103300310632 3.376250632847795 0
      vertex -1.511516485056008 3.212136036254369 0
    endloop
  endfacet
  facet normal 0 0 -1
    outer loop
      vertex -1.0970103300310632 3.376250632847795 0
      vertex -0.784881494116416 12.475334105353394 0
      vertex -0.6652036667793223 3.487119740086845 0
    endloop
  endfacet
  facet normal 0 0 -1
    outer loop
      vertex -0.784881494116416 12.475334105353394 0
      vertex -0.22290634432906217 3.542994885920364 0
      vertex -0.6652036667793223 3.487119740086845 0
    endloop
  endfacet
  facet normal 0 0 -1
    outer loop
      vertex -6.881966011250105 1.902113032590307 0
      vertex -6.6978349372374595 10.554099068775187 0
      vertex -5.322241144563409 11.310338155825244 0
    endloop
  endfacet
  facet normal 0 0 -1
    outer loop
      vertex -6.2251520205026205 1.5410264855515783 0
      vertex -5.322241144563409 11.310338155825244 0
      vertex -3.8627124296868423 11.888206453689419 0
    endloop
  endfacet
  facet normal 0 0 -1
    outer loop
      vertex -3.8627124296868423 11.888206453689419 0
      vertex -2.342266432321557 12.278590634108609 0
      vertex -2.8720103300310633 2.0866376456382794 0
    endloop
  endfacet
  facet normal 0 0 -1
    outer loop
      vertex -1.9021851221754384 2.9973641355321528 0
      vertex -2.342266432321557 12.278590634108609 0
      vertex -0.784881494116416 12.475334105353394 0
    endloop
  endfacet
  facet normal 0 0 -1
    outer loop
      vertex -0.22290634432906217 3.542994885920364 0
      vertex -0.784881494116416 12.475334105353394 0
      vertex 0.7848814941164155 12.475334105353394 0
    endloop
  endfacet
  facet normal 0 0 1
    outer loop
      vertex -13.715985745672656 1.7327319540265036 12
      vertex -13.390662202603323 -3.438137690054118 12
      vertex -13.390662202603323 3.438137690054118 12
    endloop
  endfacet
  facet normal 0 0 1
    outer loop
      vertex -12.114939851606412 -6.660244544456215 12
      vertex -12.854159917405076 5.089321940865672 12
      vertex -13.390662202603323 3.438137690054118 12
    endloop
  endfacet
  facet normal 0 0 1
    outer loop
      vertex -12.854159917405076 5.089321940865672 12
      vertex -11.184659947233648 -8.12613111294344 12
      vertex -12.114939851606412 6.660244544456215 12
    endloop
  endfacet
  facet normal 0 0 1
    outer loop
      vertex -12.114939851606412 6.660244544456215 12
      vertex -10.077991274101016 -9.463863739464118 12
      vertex -11.184659947233648 8.12613111294344 12
    endloop
  endfacet
  facet normal 0 0 1
    outer loop
      vertex -11.184659947233648 8.12613111294344 12
      vertex -9.3 0 12
      vertex -9.285806462366061 0.22559982041574733 12
    endloop
  endfacet
  facet normal 0 0 1
    outer loop
      vertex -11.184659947233648 8.12613111294344 12
      vertex -9.285806462366061 0.22559982041574733 12
      vertex -9.243449690031536 0.4476417968967387 12
    endloop
  endfacet
  facet normal 0 0 1
    outer loop
      vertex -11.184659947233648 8.12613111294344 12
      vertex -9.243449690031536 0.4476417968967387 12
      vertex -9.173597674598852 0.6626241948324202 12
    endloop
  endfacet
  facet normal 0 0 1
    outer loop
      vertex -10.077991274101016 9.463863739464118 12
      vertex -9.173597674598852 0.6626241948324202 12
      vertex -9.077352024078955 0.8671566133830877 12
    endloop
  endfacet
  facet normal 0 0 1
    outer loop
      vertex -10.077991274101016 9.463863739464118 12
      vertex -9.077352024078955 0.8671566133830877 12
      vertex -8.956230589874906 1.0580134541264516 12
    endloop
  endfacet
  facet normal 0 0 1
    outer loop
      vertex -10.077991274101016 9.463863739464118 12
      vertex -8.956230589874906 1.0580134541264516 12
      vertex -8.812143529358542 1.2321847906716394 12
    endloop
  endfacet
  facet normal 0 0 1
    outer loop
      vertex -10.077991274101016 9.463863739464118 12
      vertex -8.812143529358542 1.2321847906716394 12
      vertex -8.647363181547641 1.386923836996421 12
    endloop
  endfacet
  facet normal 0 0 1
    outer loop
      vertex -8.464488230962194 1.5197902659036269 12
      vertex -10.077991274101016 9.463863739464118 12
      vertex -8.647363181547641 1.386923836996421 12
    endloop
  endfacet
  facet normal 0 0 1
    outer loop
      vertex -10.077991274101016 9.463863739464118 12
      vertex -8.464488230962194 1.5197902659036269 12
      vertex -8.26640272481713 1.628688694438835 12
    endloop
  endfacet
  facet normal 0 0 1
    outer loop
      vertex -10.077991274101016 9.463863739464118 12
      vertex -8.26640272481713 1.628688694438835 12
      vertex -8.056230589874906 1.7119017293312764 12
    endloop
  endfacet
  facet normal 0 0 1
    outer loop
      vertex -10.077991274101016 9.463863739464118 12
      vertex -8.056230589874906 1.7119017293312764 12
      vertex -7.837286366254304 1.7681170513116398 12
    endloop
  endfacet
  facet normal 0 0 1
    outer loop
      vertex -11.184659947233648 8.12613111294344 12
      vertex -9.173597674598852 0.6626241948324202 12
      vertex -10.077991274101016 9.463863739464118 12
    endloop
  endfacet
  facet normal 0 0 1
    outer loop
      vertex -10.077991274101016 9.463863739464118 12
      vertex -7.837286366254304 1.7681170513116398 12
      vertex -7.613022935152764 1.7964481111708888 12
    endloop
  endfacet
  facet normal 0 0 1
    outer loop
      vertex -8.812386658275633 10.652345581375288 12
      vertex -7.386977064847236 1.7964481111708888 12
      vertex -7.162713633745696 1.7681170513116398 12
    endloop
  endfacet
  facet normal 0 0 1
    outer loop
      vertex -8.812386658275633 10.652345581375288 12
      vertex -7.613022935152764 1.7964481111708888 12
      vertex -7.386977064847236 1.7964481111708888 12
    endloop
  endfacet
  facet normal 0 0 1
    outer loop
      vertex -6.943769410125094 1.7119017293312764 12
      vertex -8.812386658275633 10.652345581375288 12
      vertex -7.162713633745696 1.7681170513116398 12
    endloop
  endfacet
  facet normal 0 0 1
    outer loop
      vertex -8.812386658275633 10.652345581375288 12
      vertex -6.943769410125094 1.7119017293312764 12
      vertex -6.733597275182869 1.628688694438835 12
    endloop
  endfacet
  facet normal 0 0 1
    outer loop
      vertex -10.077991274101016 9.463863739464118 12
      vertex -7.613022935152764 1.7964481111708888 12
      vertex -8.812386658275633 10.652345581375288 12
    endloop
  endfacet
  facet normal 0 0 1
    outer loop
      vertex -8.812386658275633 10.652345581375288 12
      vertex -6.733597275182869 1.628688694438835 12
      vertex -7.40780544058463 11.672833570065356 12
    endloop
  endfacet
  facet normal 0 0 1
    outer loop
      vertex -6.043769410125094 1.0580134541264516 12
      vertex -7.40780544058463 11.672833570065356 12
      vertex -6.187856470641459 1.2321847906716397 12
    endloop
  endfacet
  facet normal 0 0 1
    outer loop
      vertex -6.5355117690378055 1.519790265903627 12
      vertex -7.40780544058463 11.672833570065356 12
      vertex -6.733597275182869 1.628688694438835 12
    endloop
  endfacet
  facet normal 0 0 1
    outer loop
      vertex -6.352636818452359 1.3869238369964205 12
      vertex -7.40780544058463 11.672833570065356 12
      vertex -6.5355117690378055 1.519790265903627 12
    endloop
  endfacet
  facet normal 0 0 1
    outer loop
      vertex -6.352636818452359 1.3869238369964205 12
      vertex -6.187856470641459 1.2321847906716397 12
      vertex -7.40780544058463 11.672833570065356 12
    endloop
  endfacet
  facet normal 0 0 1
    outer loop
      vertex -5.88639870588713 12.509234000342719 12
      vertex -5.922647975921046 0.8671566133830876 12
      vertex -5.826402325401148 0.6626241948324204 12
    endloop
  endfacet
  facet normal 0 0 1
    outer loop
      vertex -5.88639870588713 12.509234000342719 12
      vertex -5.756550309968464 0.44764179689673866 12
      vertex -5.71419353763394 0.22559982041574766 12
    endloop
  endfacet
  facet normal 0 0 1
    outer loop
      vertex -5.88639870588713 12.509234000342719 12
      vertex -5.826402325401148 0.6626241948324204 12
      vertex -5.756550309968464 0.44764179689673866 12
    endloop
  endfacet
  facet normal 0 0 1
    outer loop
      vertex -5.88639870588713 12.509234000342719 12
      vertex -6.043769410125094 1.0580134541264516 12
      vertex -5.922647975921046 0.8671566133830876 12
    endloop
  endfacet
  facet normal 0 0 1
    outer loop
      vertex -5.88639870588713 12.509234000342719 12
      vertex -2.5905466741476455 -13.58012124132412 12
      vertex -4.272159947233647 13.148356337780497 12
    endloop
  endfacet
  facet normal 0 0 1
    outer loop
      vertex -4.272159947233647 13.148356337780497 12
      vertex -2.5 -1.5 12
      vertex -2.5 1.5 12
    endloop
  endfacet
  facet normal 0 0 1
    outer loop
      vertex -1.5 1.5 12
      vertex -4.272159947233647 13.148356337780497 12
      vertex -2.5 1.5 12
    endloop
  endfacet
  facet normal 0 0 1
    outer loop
      vertex -1.5 1.5 12
      vertex -1.5 2.5 12
      vertex -4.272159947233647 13.148356337780497 12
    endloop
  endfacet
  facet normal 0 0 1
    outer loop
      vertex 1.5 2.5 12
      vertex -2.5905466741476424 13.580121241324122 12
      vertex -1.5 2.5 12
    endloop
  endfacet
  facet normal 0 0 1
    outer loop
      vertex -6.043769410125094 1.0580134541264516 12
      vertex -5.88639870588713 12.509234000342719 12
      vertex -7.40780544058463 11.672833570065356 12
    endloop
  endfacet
  facet normal 0 0 1
    outer loop
      vertex -4.272159947233647 13.148356337780497 12
      vertex -1.5 2.5 12
      vertex -2.5905466741476424 13.580121241324122 12
    endloop
  endfacet
  facet normal 0 0 1
    outer loop
      vertex -2.5905466741476424 13.580121241324122 12
      vertex 1.5 2.5 12
      vertex -0.8680789324927559 13.797719520520854 12
    endloop
  endfacet
  facet normal 0 0 -1
    outer loop
      vertex -0.7848814941164225 -12.475334105353394 0
      vertex 0.2229063443290639 -3.542994885920364 0
      vertex 0.784881494116422 -12.475334105353394 0
    endloop
  endfacet
  facet normal 0 0 -1
    outer loop
      vertex 1.9021851221754364 -2.997364135532154 0
      vertex 2.3422664323215603 -12.278590634108607 0
      vertex 0.784881494116422 -12.475334105353394 0
    endloop
  endfacet
  facet normal 0 0 -1
    outer loop
      vertex 3.8627124296868423 -11.888206453689419 0
      vertex 2.3422664323215603 -12.278590634108607 0
      vertex 2.8720103300310633 -2.0866376456382794 0
    endloop
  endfacet
  facet normal 0 0 -1
    outer loop
      vertex 6.2251520205026205 -1.5410264855515787 0
      vertex 5.322241144563406 -11.310338155825244 0
      vertex 3.8627124296868423 -11.888206453689419 0
    endloop
  endfacet
  facet normal 0 0 -1
    outer loop
      vertex 5.322241144563406 -11.310338155825244 0
      vertex 6.881966011250105 -1.902113032590307 0
      vertex 6.697834937237452 -10.55409906877519 0
    endloop
  endfacet
  facet normal 0 0 -1
    outer loop
      vertex 0.784881494116422 -12.475334105353394 0
      vertex 0.2229063443290639 -3.542994885920364 0
      vertex 0.6652036667793232 -3.4871197400868446 0
    endloop
  endfacet
  facet normal 0 0 -1
    outer loop
      vertex 0.784881494116422 -12.475334105353394 0
      vertex 0.6652036667793232 -3.4871197400868446 0
      vertex 1.0970103300310632 -3.376250632847795 0
    endloop
  endfacet
  facet normal 0 0 -1
    outer loop
      vertex 0.784881494116422 -12.475334105353394 0
      vertex 1.0970103300310632 -3.376250632847795 0
      vertex 1.511516485056007 -3.2121360362543694 0
    endloop
  endfacet
  facet normal 0 0 -1
    outer loop
      vertex 0.784881494116422 -12.475334105353394 0
      vertex 1.511516485056007 -3.2121360362543694 0
      vertex 1.9021851221754364 -2.997364135532154 0
    endloop
  endfacet
  facet normal 0 0 -1
    outer loop
      vertex 2.3422664323215603 -12.278590634108607 0
      vertex 1.9021851221754364 -2.997364135532154 0
      vertex 2.262855163607849 -2.735322011854051 0
    endloop
  endfacet
  facet normal 0 0 -1
    outer loop
      vertex 2.3422664323215603 -12.278590634108607 0
      vertex 2.262855163607849 -2.735322011854051 0
      vertex 2.5878386273460112 -2.430142226046844 0
    endloop
  endfacet
  facet normal 0 0 -1
    outer loop
      vertex 2.3422664323215603 -12.278590634108607 0
      vertex 2.5878386273460112 -2.430142226046844 0
      vertex 2.8720103300310633 -2.0866376456382794 0
    endloop
  endfacet
  facet normal 0 0 -1
    outer loop
      vertex 3.8627124296868423 -11.888206453689419 0
      vertex 2.8720103300310633 -2.0866376456382794 0
      vertex 3.110888714155715 -1.7102255430610895 0
    endloop
  endfacet
  facet normal 0 0 -1
    outer loop
      vertex 3.8627124296868423 -11.888206453689419 0
      vertex 3.110888714155715 -1.7102255430610895 0
      vertex 3.300706524903292 -1.306842162030608 0
    endloop
  endfacet
  facet normal 0 0 -1
    outer loop
      vertex 3.8627124296868423 -11.888206453689419 0
      vertex 3.300706524903292 -1.306842162030608 0
      vertex 3.4384702220066408 -0.8828490994352332 0
    endloop
  endfacet
  facet normal 0 0 -1
    outer loop
      vertex 3.8627124296868423 -11.888206453689419 0
      vertex 3.4384702220066408 -0.8828490994352332 0
      vertex 3.5220071896663963 -0.4449329791532794 0
    endloop
  endfacet
  facet normal 0 0 -1
    outer loop
      vertex 3.8627124296868423 -11.888206453689419 0
      vertex 5.747386639912273 -0.9635073482034308 0
      vertex 5.881966011250105 -1.1755705045849463 0
    endloop
  endfacet
  facet normal 0 0 -1
    outer loop
      vertex 3.8627124296868423 -11.888206453689419 0
      vertex 5.640447028223497 -0.7362491053693557 0
      vertex 5.747386639912273 -0.9635073482034308 0
    endloop
  endfacet
  facet normal 0 0 -1
    outer loop
      vertex 3.8627124296868423 -11.888206453689419 0
      vertex 5.562833677742738 -0.4973797743297097 0
      vertex 5.640447028223497 -0.7362491053693557 0
    endloop
  endfacet
  facet normal 0 0 -1
    outer loop
      vertex 3.8627124296868423 -11.888206453689419 0
      vertex 5.5 0 0
      vertex 5.515770597371044 -0.25066646712860813 0
    endloop
  endfacet
  facet normal 0 0 -1
    outer loop
      vertex 3.8627124296868423 -11.888206453689419 0
      vertex 5.515770597371044 -0.25066646712860813 0
      vertex 5.562833677742738 -0.4973797743297097 0
    endloop
  endfacet
  facet normal 0 0 -1
    outer loop
      vertex 3.8627124296868423 -11.888206453689419 0
      vertex 5.515770597371044 0.25066646712860813 0
      vertex 5.5 0 0
    endloop
  endfacet
  facet normal 0 0 -1
    outer loop
      vertex 3.8627124296868423 -11.888206453689419 0
      vertex 5.881966011250105 -1.1755705045849463 0
      vertex 6.0420627451571765 -1.369094211857377 0
    endloop
  endfacet
  facet normal 0 0 -1
    outer loop
      vertex 3.8627124296868423 -11.888206453689419 0
      vertex 6.0420627451571765 -1.369094211857377 0
      vertex 6.2251520205026205 -1.5410264855515787 0
    endloop
  endfacet
  facet normal 0 0 -1
    outer loop
      vertex 5.322241144563406 -11.310338155825244 0
      vertex 6.2251520205026205 -1.5410264855515787 0
      vertex 6.428346410042007 -1.68865585100403 0
    endloop
  endfacet
  facet normal 0 0 -1
    outer loop
      vertex 5.322241144563406 -11.310338155825244 0
      vertex 6.428346410042007 -1.68865585100403 0
      vertex 6.648441416869855 -1.8096541049320392 0
    endloop
  endfacet
  facet normal 0 0 -1
    outer loop
      vertex 5.322241144563406 -11.310338155825244 0
      vertex 6.648441416869855 -1.8096541049320392 0
      vertex 6.881966011250105 -1.902113032590307 0
    endloop
  endfacet
  facet normal 0 0 -1
    outer loop
      vertex 6.697834937237452 -10.55409906877519 0
      vertex 6.881966011250105 -1.902113032590307 0
      vertex 7.12523737082855 -1.9645745014573772 0
    endloop
  endfacet
  facet normal 0 0 -1
    outer loop
      vertex 3.8627124296868423 -11.888206453689419 0
      vertex 3.5220071896663963 -0.4449329791532794 0
      vertex 5.322241144563409 11.310338155825244 0
    endloop
  endfacet
  facet normal 0 0 -1
    outer loop
      vertex 3.8627124296868423 -11.888206453689419 0
      vertex 6.697834937237459 10.554099068775189 0
      vertex 5.515770597371044 0.25066646712860813 0
    endloop
  endfacet
  facet normal 0 0 -1
    outer loop
      vertex 6.697834937237452 -10.55409906877519 0
      vertex 8.571653589957993 -1.6886558510040306 0
      vertex 7.967799871858625 -9.631415534697362 0
    endloop
  endfacet
  facet normal 0 0 -1
    outer loop
      vertex 8.571653589957993 -1.6886558510040306 0
      vertex 9.112107842767646 -8.556838824108606 0
      vertex 7.967799871858625 -9.631415534697362 0
    endloop
  endfacet
  facet normal 0 0 -1
    outer loop
      vertex 6.697834937237452 -10.55409906877519 0
      vertex 7.12523737082855 -1.9645745014573772 0
      vertex 7.374418960941372 -1.9960534568565431 0
    endloop
  endfacet
  facet normal 0 0 -1
    outer loop
      vertex 6.697834937237452 -10.55409906877519 0
      vertex 7.374418960941372 -1.9960534568565431 0
      vertex 7.625581039058628 -1.9960534568565431 0
    endloop
  endfacet
  facet normal 0 0 -1
    outer loop
      vertex 6.697834937237452 -10.55409906877519 0
      vertex 7.625581039058628 -1.9960534568565431 0
      vertex 7.87476262917145 -1.9645745014573772 0
    endloop
  endfacet
  facet normal 0 0 -1
    outer loop
      vertex 6.697834937237452 -10.55409906877519 0
      vertex 7.87476262917145 -1.9645745014573772 0
      vertex 8.118033988749895 -1.902113032590307 0
    endloop
  endfacet
  facet normal 0 0 -1
    outer loop
      vertex 6.697834937237452 -10.55409906877519 0
      vertex 8.118033988749895 -1.902113032590307 0
      vertex 8.351558583130146 -1.8096541049320392 0
    endloop
  endfacet
  facet normal 0 0 -1
    outer loop
      vertex 6.697834937237452 -10.55409906877519 0
      vertex 8.351558583130146 -1.8096541049320392 0
      vertex 8.571653589957993 -1.6886558510040306 0
    endloop
  endfacet
  facet normal 0 0 -1
    outer loop
      vertex 9.112107842767646 -8.556838824108606 0
      vertex 8.571653589957993 -1.6886558510040306 0
      vertex 8.77484797949738 -1.541026485551578 0
    endloop
  endfacet
  facet normal 0 0 -1
    outer loop
      vertex 9.112107842767646 -8.556838824108606 0
      vertex 8.77484797949738 -1.541026485551578 0
      vertex 8.957937254842824 -1.369094211857377 0
    endloop
  endfacet
  facet normal 0 0 -1
    outer loop
      vertex 9.112107842767646 -8.556838824108606 0
      vertex 8.957937254842824 -1.369094211857377 0
      vertex 9.118033988749895 -1.1755705045849463 0
    endloop
  endfacet
  facet normal 0 0 -1
    outer loop
      vertex 9.112107842767646 -8.556838824108606 0
      vertex 9.118033988749895 -1.1755705045849463 0
      vertex 9.252613360087727 -0.9635073482034308 0
    endloop
  endfacet
  facet normal 0 0 -1
    outer loop
      vertex 9.112107842767646 -8.556838824108606 0
      vertex 9.252613360087727 -0.9635073482034308 0
      vertex 9.359552971776502 -0.7362491053693567 0
    endloop
  endfacet
  facet normal 0 0 -1
    outer loop
      vertex 9.112107842767646 -8.556838824108606 0
      vertex 9.359552971776502 -0.7362491053693567 0
      vertex 9.437166322257262 -0.49737977432970887 0
    endloop
  endfacet
  facet normal 0 0 -1
    outer loop
      vertex 9.112107842767646 -8.556838824108606 0
      vertex 9.437166322257262 -0.49737977432970887 0
      vertex 9.484229402628955 -0.25066646712860813 0
    endloop
  endfacet
  facet normal 0 0 -1
    outer loop
      vertex 9.112107842767646 -8.556838824108606 0
      vertex 9.484229402628955 -0.25066646712860813 0
      vertex 9.5 0 0
    endloop
  endfacet
  facet normal 0 0 -1
    outer loop
      vertex 10.953833500548296 6.0219209262714415 0
      vertex 10.112712429686843 -7.347315653655914 0
      vertex 9.112107842767646 -8.556838824108606 0
    endloop
  endfacet
  facet normal 0 0 -1
    outer loop
      vertex 9.112107842767646 -8.556838824108606 0
      vertex 9.5 0 0
      vertex 10.953833500548296 6.0219209262714415 0
    endloop
  endfacet
  facet normal 0 0 -1
    outer loop
      vertex 10.112712429686843 -7.347315653655914 0
      vertex 11.622206073603142 4.601556908558475 0
      vertex 10.953833500548294 -6.021920926271442 0
    endloop
  endfacet
  facet normal 0 0 -1
    outer loop
      vertex 11.622206073603142 4.601556908558475 0
      vertex 11.62220607360314 -4.6015569085584795 0
      vertex 10.953833500548294 -6.021920926271442 0
    endloop
  endfacet
  facet normal 0 0 -1
    outer loop
      vertex 11.62220607360314 -4.6015569085584795 0
      vertex 12.5 0 0
      vertex 12.10728951410789 -3.1086235895606804 0
    endloop
  endfacet
  facet normal 0 0 -1
    outer loop
      vertex 12.10728951410789 -3.1086235895606804 0
      vertex 12.5 0 0
      vertex 12.401433766430973 -1.5666654195538008 0
    endloop
  endfacet
  facet normal 0 0 -1
    outer loop
      vertex 11.62220607360314 -4.6015569085584795 0
      vertex 12.401433766430973 1.5666654195538032 0
      vertex 12.5 0 0
    endloop
  endfacet
  facet normal 0 0 1
    outer loop
      vertex 0.8680789324927629 -13.797719520520854 12
      vertex 2.590546674147646 -13.58012124132412 12
      vertex -1.5 -2.5 12
    endloop
  endfacet
  facet normal 0 0 1
    outer loop
      vertex 4.272159947233647 -13.148356337780497 12
      vertex 1.5 -2.5 12
      vertex 2.590546674147646 -13.58012124132412 12
    endloop
  endfacet
  facet normal 0 0 1
    outer loop
      vertex 5.886398705887126 -12.50923400034272 12
      vertex 7.407805440584622 -11.672833570065361 12
      vertex 6.043769410125094 -1.0580134541264516 12
    endloop
  endfacet
  facet normal 0 0 1
    outer loop
      vertex -1.5 -2.5 12
      vertex 2.590546674147646 -13.58012124132412 12
      vertex 1.5 -2.5 12
    endloop
  endfacet
  facet normal 0 0 1
    outer loop
      vertex 4.272159947233647 -13.148356337780497 12
      vertex 1.5 -1.5 12
      vertex 1.5 -2.5 12
    endloop
  endfacet
  facet normal 0 0 1
    outer loop
      vertex 4.272159947233647 -13.148356337780497 12
      vertex 2.5 -1.5 12
      vertex 1.5 -1.5 12
    endloop
  endfacet
  facet normal 0 0 1
    outer loop
      vertex 4.272159947233647 -13.148356337780497 12
      vertex 2.590546674147642 13.580121241324122 12
      vertex 2.5 -1.5 12
    endloop
  endfacet
  facet normal 0 0 1
    outer loop
      vertex 5.886398705887126 -12.50923400034272 12
      vertex 2.590546674147642 13.580121241324122 12
      vertex 4.272159947233647 -13.148356337780497 12
    endloop
  endfacet
  facet normal 0 0 1
    outer loop
      vertex 5.886398705887126 -12.50923400034272 12
      vertex 6.043769410125094 -1.0580134541264516 12
      vertex 5.922647975921046 -0.8671566133830877 12
    endloop
  endfacet
  facet normal 0 0 1
    outer loop
      vertex 5.886398705887126 -12.50923400034272 12
      vertex 5.826402325401148 -0.6626241948324202 12
      vertex 5.756550309968464 -0.4476417968967387 12
    endloop
  endfacet
  facet normal 0 0 1
    outer loop
      vertex 5.886398705887126 -12.50923400034272 12
      vertex 5.756550309968464 -0.4476417968967387 12
      vertex 5.71419353763394 -0.22559982041574733 12
    endloop
  endfacet
  facet normal 0 0 1
    outer loop
      vertex 5.886398705887126 -12.50923400034272 12
      vertex 5.922647975921046 -0.8671566133830877 12
      vertex 5.826402325401148 -0.6626241948324202 12
    endloop
  endfacet
  facet normal 0 0 1
    outer loop
      vertex 7.407805440584622 -11.672833570065361 12
      vertex 6.352636818452359 -1.386923836996421 12
      vertex 6.187856470641459 -1.2321847906716394 12
    endloop
  endfacet
  facet normal 0 0 1
    outer loop
      vertex 7.407805440584622 -11.672833570065361 12
      vertex 6.5355117690378055 -1.5197902659036269 12
      vertex 6.352636818452359 -1.386923836996421 12
    endloop
  endfacet
  facet normal 0 0 1
    outer loop
      vertex 7.407805440584622 -11.672833570065361 12
      vertex 6.73359727518287 -1.6286886944388352 12
      vertex 6.5355117690378055 -1.5197902659036269 12
    endloop
  endfacet
  facet normal 0 0 1
    outer loop
      vertex 6.043769410125094 -1.0580134541264516 12
      vertex 7.407805440584622 -11.672833570065361 12
      vertex 6.187856470641459 -1.2321847906716394 12
    endloop
  endfacet
  facet normal 0 0 1
    outer loop
      vertex 8.812386658275638 -10.652345581375283 12
      vertex 6.73359727518287 -1.6286886944388352 12
      vertex 7.407805440584622 -11.672833570065361 12
    endloop
  endfacet
  facet normal 0 0 1
    outer loop
      vertex 10.077991274101016 -9.463863739464118 12
      vertex 7.613022935152765 -1.7964481111708888 12
      vertex 8.812386658275638 -10.652345581375283 12
    endloop
  endfacet
  facet normal 0 0 1
    outer loop
      vertex 8.812386658275638 -10.652345581375283 12
      vertex 6.943769410125094 -1.7119017293312764 12
      vertex 6.73359727518287 -1.6286886944388352 12
    endloop
  endfacet
  facet normal 0 0 1
    outer loop
      vertex 8.812386658275638 -10.652345581375283 12
      vertex 7.162713633745695 -1.7681170513116395 12
      vertex 6.943769410125094 -1.7119017293312764 12
    endloop
  endfacet
  facet normal 0 0 1
    outer loop
      vertex 8.812386658275638 -10.652345581375283 12
      vertex 7.613022935152765 -1.7964481111708888 12
      vertex 7.386977064847235 -1.7964481111708888 12
    endloop
  endfacet
  facet normal 0 0 1
    outer loop
      vertex 8.812386658275638 -10.652345581375283 12
      vertex 7.386977064847235 -1.7964481111708888 12
      vertex 7.162713633745695 -1.7681170513116395 12
    endloop
  endfacet
  facet normal 0 0 1
    outer loop
      vertex 10.077991274101016 -9.463863739464118 12
      vertex 7.837286366254305 -1.7681170513116395 12
      vertex 7.613022935152765 -1.7964481111708888 12
    endloop
  endfacet
  facet normal 0 0 1
    outer loop
      vertex 11.184659947233648 -8.12613111294344 12
      vertex 9.173597674598852 -0.6626241948324211 12
      vertex 10.077991274101016 -9.463863739464118 12
    endloop
  endfacet
  facet normal 0 0 1
    outer loop
      vertex 10.077991274101016 -9.463863739464118 12
      vertex 8.056230589874906 -1.7119017293312764 12
      vertex 7.837286366254305 -1.7681170513116395 12
    endloop
  endfacet
  facet normal 0 0 1
    outer loop
      vertex 10.077991274101016 -9.463863739464118 12
      vertex 8.26640272481713 -1.6286886944388352 12
      vertex 8.056230589874906 -1.7119017293312764 12
    endloop
  endfacet
  facet normal 0 0 1
    outer loop
      vertex 10.077991274101016 -9.463863739464118 12
      vertex 8.464488230962193 -1.5197902659036275 12
      vertex 8.26640272481713 -1.6286886944388352 12
    endloop
  endfacet
  facet normal 0 0 1
    outer loop
      vertex 8.464488230962193 -1.5197902659036275 12
      vertex 10.077991274101016 -9.463863739464118 12
      vertex 8.647363181547641 -1.3869238369964203 12
    endloop
  endfacet
  facet normal 0 0 1
    outer loop
      vertex 10.077991274101016 -9.463863739464118 12
      vertex 8.812143529358542 -1.2321847906716394 12
      vertex 8.647363181547641 -1.3869238369964203 12
    endloop
  endfacet
  facet normal 0 0 1
    outer loop
      vertex 10.077991274101016 -9.463863739464118 12
      vertex 8.956230589874906 -1.0580134541264516 12
      vertex 8.812143529358542 -1.2321847906716394 12
    endloop
  endfacet
  facet normal 0 0 1
    outer loop
      vertex 10.077991274101016 -9.463863739464118 12
      vertex 9.077352024078955 -0.8671566133830877 12
      vertex 8.956230589874906 -1.0580134541264516 12
    endloop
  endfacet
  facet normal 0 0 1
    outer loop
      vertex 10.077991274101016 -9.463863739464118 12
      vertex 9.173597674598852 -0.6626241948324211 12
      vertex 9.077352024078955 -0.8671566133830877 12
    endloop
  endfacet
  facet normal 0 0 1
    outer loop
      vertex 11.184659947233648 -8.12613111294344 12
      vertex 9.243449690031536 -0.447641796896738 12
      vertex 9.173597674598852 -0.6626241948324211 12
    endloop
  endfacet
  facet normal 0 0 1
    outer loop
      vertex 11.184659947233648 -8.12613111294344 12
      vertex 9.285806462366061 -0.22559982041574733 12
      vertex 9.243449690031536 -0.447641796896738 12
    endloop
  endfacet
  facet normal 0 0 1
    outer loop
      vertex 11.184659947233648 -8.12613111294344 12
      vertex 9.3 0 12
      vertex 9.285806462366061 -0.22559982041574733 12
    endloop
  endfacet
  facet normal 0 0 1
    outer loop
      vertex 12.114939851606412 -6.660244544456215 12
      vertex 10.077991274101015 9.463863739464122 12
      vertex 11.184659947233648 -8.12613111294344 12
    endloop
  endfacet
  facet normal 0 0 1
    outer loop
      vertex 12.854159917405072 -5.089321940865678 12
      vertex 11.184659947233648 8.12613111294344 12
      vertex 12.114939851606412 -6.660244544456215 12
    endloop
  endfacet
  facet normal 0 0 1
    outer loop
      vertex 12.114939851606414 6.660244544456214 12
      vertex 12.854159917405072 -5.089321940865678 12
      vertex 13.390662202603325 -3.4381376900541123 12
    endloop
  endfacet
  facet normal 0 0 1
    outer loop
      vertex 13.715985745672656 -1.7327319540265036 12
      vertex 13.390662202603323 3.438137690054117 12
      vertex 13.390662202603325 -3.4381376900541123 12
    endloop
  endfacet
  facet normal 0 0 -1
    outer loop
      vertex 0.2229063443290596 3.542994885920364 0
      vertex -0.22290634432906217 3.542994885920364 0
      vertex 0.7848814941164155 12.475334105353394 0
    endloop
  endfacet
  facet normal 0 0 -1
    outer loop
      vertex 2.342266432321557 12.278590634108609 0
      vertex 0.6652036667793221 3.487119740086845 0
      vertex 0.2229063443290596 3.542994885920364 0
    endloop
  endfacet
  facet normal 0 0 -1
    outer loop
      vertex 3.8627124296868423 11.888206453689419 0
      vertex 1.902185122175438 2.997364135532153 0
      vertex 1.511516485056008 3.212136036254369 0
    endloop
  endfacet
  facet normal 0 0 -1
    outer loop
      vertex 3.8627124296868423 11.888206453689419 0
      vertex 1.0970103300310632 3.376250632847795 0
      vertex 0.6652036667793221 3.487119740086845 0
    endloop
  endfacet
  facet normal 0 0 -1
    outer loop
      vertex 3.8627124296868423 11.888206453689419 0
      vertex 1.511516485056008 3.212136036254369 0
      vertex 1.0970103300310632 3.376250632847795 0
    endloop
  endfacet
  facet normal 0 0 -1
    outer loop
      vertex 1.902185122175438 2.997364135532153 0
      vertex 3.8627124296868423 11.888206453689419 0
      vertex 2.2628551636078487 2.735322011854051 0
    endloop
  endfacet
  facet normal 0 0 -1
    outer loop
      vertex 3.8627124296868423 11.888206453689419 0
      vertex 2.587838627346011 2.430142226046845 0
      vertex 2.2628551636078487 2.735322011854051 0
    endloop
  endfacet
  facet normal 0 0 -1
    outer loop
      vertex 3.8627124296868423 -11.888206453689419 0
      vertex 5.322241144563409 11.310338155825244 0
      vertex 6.697834937237459 10.554099068775189 0
    endloop
  endfacet
  facet normal 0 0 -1
    outer loop
      vertex 5.322241144563409 11.310338155825244 0
      vertex 3.5220071896663963 -0.4449329791532794 0
      vertex 3.55 0 0
    endloop
  endfacet
  facet normal 0 0 -1
    outer loop
      vertex 5.322241144563409 11.310338155825244 0
      vertex 3.5220071896663963 0.4449329791532801 0
      vertex 3.4384702220066403 0.8828490994352345 0
    endloop
  endfacet
  facet normal 0 0 -1
    outer loop
      vertex 5.322241144563409 11.310338155825244 0
      vertex 3.55 0 0
      vertex 3.5220071896663963 0.4449329791532801 0
    endloop
  endfacet
  facet normal 0 0 -1
    outer loop
      vertex 5.322241144563409 11.310338155825244 0
      vertex 3.1108887141557156 1.7102255430610893 0
      vertex 2.8720103300310633 2.0866376456382794 0
    endloop
  endfacet
  facet normal 0 0 -1
    outer loop
      vertex 5.322241144563409 11.310338155825244 0
      vertex 3.4384702220066403 0.8828490994352345 0
      vertex 3.3007065249032923 1.3068421620306068 0
    endloop
  endfacet
  facet normal 0 0 -1
    outer loop
      vertex 5.322241144563409 11.310338155825244 0
      vertex 3.3007065249032923 1.3068421620306068 0
      vertex 3.1108887141557156 1.7102255430610893 0
    endloop
  endfacet
  facet normal 0 0 -1
    outer loop
      vertex 5.322241144563409 11.310338155825244 0
      vertex 2.8720103300310633 2.0866376456382794 0
      vertex 2.587838627346011 2.430142226046845 0
    endloop
  endfacet
  facet normal 0 0 -1
    outer loop
      vertex 6.697834937237459 10.554099068775189 0
      vertex 5.562833677742738 0.4973797743297097 0
      vertex 5.515770597371044 0.25066646712860813 0
    endloop
  endfacet
  facet normal 0 0 -1
    outer loop
      vertex 6.697834937237459 10.554099068775189 0
      vertex 5.640447028223497 0.7362491053693557 0
      vertex 5.562833677742738 0.4973797743297097 0
    endloop
  endfacet
  facet normal 0 0 -1
    outer loop
      vertex 6.697834937237459 10.554099068775189 0
      vertex 5.747386639912273 0.9635073482034308 0
      vertex 5.640447028223497 0.7362491053693557 0
    endloop
  endfacet
  facet normal 0 0 -1
    outer loop
      vertex 6.697834937237459 10.554099068775189 0
      vertex 5.881966011250105 1.1755705045849463 0
      vertex 5.747386639912273 0.9635073482034308 0
    endloop
  endfacet
  facet normal 0 0 -1
    outer loop
      vertex 6.0420627451571765 1.369094211857377 0
      vertex 7.967799871858622 9.631415534697364 0
      vertex 6.2251520205026205 1.5410264855515787 0
    endloop
  endfacet
  facet normal 0 0 -1
    outer loop
      vertex 6.2251520205026205 1.5410264855515787 0
      vertex 7.967799871858622 9.631415534697364 0
      vertex 6.428346410042007 1.68865585100403 0
    endloop
  endfacet
  facet normal 0 0 -1
    outer loop
      vertex 6.697834937237459 10.554099068775189 0
      vertex 6.0420627451571765 1.369094211857377 0
      vertex 5.881966011250105 1.1755705045849463 0
    endloop
  endfacet
  facet normal 0 0 -1
    outer loop
      vertex 0.7848814941164155 12.475334105353394 0
      vertex 2.342266432321557 12.278590634108609 0
      vertex 0.2229063443290596 3.542994885920364 0
    endloop
  endfacet
  facet normal 0 0 -1
    outer loop
      vertex 3.8627124296868423 11.888206453689419 0
      vertex 0.6652036667793221 3.487119740086845 0
      vertex 2.342266432321557 12.278590634108609 0
    endloop
  endfacet
  facet normal 0 0 -1
    outer loop
      vertex 5.322241144563409 11.310338155825244 0
      vertex 2.587838627346011 2.430142226046845 0
      vertex 3.8627124296868423 11.888206453689419 0
    endloop
  endfacet
  facet normal 0 0 -1
    outer loop
      vertex 6.0420627451571765 1.369094211857377 0
      vertex 6.697834937237459 10.554099068775189 0
      vertex 7.967799871858622 9.631415534697364 0
    endloop
  endfacet
  facet normal 0 0 -1
    outer loop
      vertex 10.112712429686843 7.347315653655914 0
      vertex 8.957937254842824 1.3690942118573775 0
      vertex 8.77484797949738 1.5410264855515783 0
    endloop
  endfacet
  facet normal 0 0 -1
    outer loop
      vertex 10.112712429686843 7.347315653655914 0
      vertex 9.118033988749895 1.1755705045849463 0
      vertex 8.957937254842824 1.3690942118573775 0
    endloop
  endfacet
  facet normal 0 0 -1
    outer loop
      vertex 10.953833500548296 6.0219209262714415 0
      vertex 9.437166322257262 0.4973797743297096 0
      vertex 9.359552971776502 0.736249105369356 0
    endloop
  endfacet
  facet normal 0 0 -1
    outer loop
      vertex 10.953833500548296 6.0219209262714415 0
      vertex 9.359552971776502 0.736249105369356 0
      vertex 9.252613360087727 0.9635073482034306 0
    endloop
  endfacet
  facet normal 0 0 -1
    outer loop
      vertex 10.953833500548296 6.0219209262714415 0
      vertex 9.5 0 0
      vertex 9.484229402628955 0.2506664671286085 0
    endloop
  endfacet
  facet normal 0 0 -1
    outer loop
      vertex 10.953833500548296 6.0219209262714415 0
      vertex 9.484229402628955 0.2506664671286085 0
      vertex 9.437166322257262 0.4973797743297096 0
    endloop
  endfacet
  facet normal 0 0 -1
    outer loop
      vertex 10.953833500548296 6.0219209262714415 0
      vertex 9.252613360087727 0.9635073482034306 0
      vertex 9.118033988749895 1.1755705045849463 0
    endloop
  endfacet
  facet normal 0 0 -1
    outer loop
      vertex 6.428346410042007 1.68865585100403 0
      vertex 7.967799871858622 9.631415534697364 0
      vertex 6.648441416869854 1.809654104932039 0
    endloop
  endfacet
  facet normal 0 0 -1
    outer loop
      vertex 7.967799871858622 9.631415534697364 0
      vertex 6.881966011250105 1.902113032590307 0
      vertex 6.648441416869854 1.809654104932039 0
    endloop
  endfacet
  facet normal 0 0 -1
    outer loop
      vertex 6.881966011250105 1.902113032590307 0
      vertex 7.967799871858622 9.631415534697364 0
      vertex 7.125237370828551 1.9645745014573774 0
    endloop
  endfacet
  facet normal 0 0 -1
    outer loop
      vertex 7.967799871858622 9.631415534697364 0
      vertex 7.374418960941373 1.9960534568565431 0
      vertex 7.125237370828551 1.9645745014573774 0
    endloop
  endfacet
  facet normal 0 0 -1
    outer loop
      vertex 7.967799871858622 9.631415534697364 0
      vertex 7.625581039058627 1.9960534568565431 0
      vertex 7.374418960941373 1.9960534568565431 0
    endloop
  endfacet
  facet normal 0 0 -1
    outer loop
      vertex 9.112107842767644 8.55683882410861 0
      vertex 7.874762629171449 1.9645745014573774 0
      vertex 7.625581039058627 1.9960534568565431 0
    endloop
  endfacet
  facet normal 0 0 -1
    outer loop
      vertex 9.112107842767644 8.55683882410861 0
      vertex 8.118033988749895 1.902113032590307 0
      vertex 7.874762629171449 1.9645745014573774 0
    endloop
  endfacet
  facet normal 0 0 -1
    outer loop
      vertex 9.112107842767644 8.55683882410861 0
      vertex 8.351558583130146 1.809654104932039 0
      vertex 8.118033988749895 1.902113032590307 0
    endloop
  endfacet
  facet normal 0 0 -1
    outer loop
      vertex 7.625581039058627 1.9960534568565431 0
      vertex 7.967799871858622 9.631415534697364 0
      vertex 9.112107842767644 8.55683882410861 0
    endloop
  endfacet
  facet normal 0 0 -1
    outer loop
      vertex 9.112107842767644 8.55683882410861 0
      vertex 8.571653589957993 1.6886558510040302 0
      vertex 8.351558583130146 1.809654104932039 0
    endloop
  endfacet
  facet normal 0 0 -1
    outer loop
      vertex 8.571653589957993 1.6886558510040302 0
      vertex 10.112712429686843 7.347315653655914 0
      vertex 8.77484797949738 1.5410264855515783 0
    endloop
  endfacet
  facet normal 0 0 -1
    outer loop
      vertex 10.953833500548296 6.0219209262714415 0
      vertex 9.118033988749895 1.1755705045849463 0
      vertex 10.112712429686843 7.347315653655914 0
    endloop
  endfacet
  facet normal 0 0 -1
    outer loop
      vertex 8.571653589957993 1.6886558510040302 0
      vertex 9.112107842767644 8.55683882410861 0
      vertex 10.112712429686843 7.347315653655914 0
    endloop
  endfacet
  facet normal 0 0 -1
    outer loop
      vertex 10.112712429686843 -7.347315653655914 0
      vertex 10.953833500548296 6.0219209262714415 0
      vertex 11.622206073603142 4.601556908558475 0
    endloop
  endfacet
  facet normal 0 0 -1
    outer loop
      vertex 11.62220607360314 -4.6015569085584795 0
      vertex 12.107289514107888 3.108623589560685 0
      vertex 12.401433766430973 1.5666654195538032 0
    endloop
  endfacet
  facet normal 0 0 -1
    outer loop
      vertex 11.62220607360314 -4.6015569085584795 0
      vertex 11.622206073603142 4.601556908558475 0
      vertex 12.107289514107888 3.108623589560685 0
    endloop
  endfacet
  facet normal 0 0 1
    outer loop
      vertex 2.5 1.5 12
      vertex 1.5 2.5 12
      vertex 1.5 1.5 12
    endloop
  endfacet
  facet normal 0 0 1
    outer loop
      vertex 2.5 1.5 12
      vertex 0.8680789324927559 13.797719520520854 12
      vertex 1.5 2.5 12
    endloop
  endfacet
  facet normal 0 0 1
    outer loop
      vertex 2.590546674147642 13.580121241324122 12
      vertex 2.5 1.5 12
      vertex 2.5 -1.5 12
    endloop
  endfacet
  facet normal 0 0 1
    outer loop
      vertex 5.886398705887126 -12.50923400034272 12
      vertex 5.71419353763394 -0.22559982041574733 12
      vertex 4.272159947233647 13.148356337780497 12
    endloop
  endfacet
  facet normal 0 0 1
    outer loop
      vertex 5.886398705887126 -12.50923400034272 12
      vertex 4.272159947233647 13.148356337780497 12
      vertex 2.590546674147642 13.580121241324122 12
    endloop
  endfacet
  facet normal 0 0 1
    outer loop
      vertex 4.272159947233647 13.148356337780497 12
      vertex 5.71419353763394 -0.22559982041574733 12
      vertex 5.7 0 12
    endloop
  endfacet
  facet normal 0 0 1
    outer loop
      vertex 4.272159947233647 13.148356337780497 12
      vertex 5.7 0 12
      vertex 5.71419353763394 0.22559982041574733 12
    endloop
  endfacet
  facet normal 0 0 1
    outer loop
      vertex 4.272159947233647 13.148356337780497 12
      vertex 5.71419353763394 0.22559982041574733 12
      vertex 5.756550309968464 0.4476417968967387 12
    endloop
  endfacet
  facet normal 0 0 1
    outer loop
      vertex 4.272159947233647 13.148356337780497 12
      vertex 5.756550309968464 0.4476417968967387 12
      vertex 5.826402325401148 0.6626241948324202 12
    endloop
  endfacet
  facet normal 0 0 1
    outer loop
      vertex 4.272159947233647 13.148356337780497 12
      vertex 5.826402325401148 0.6626241948324202 12
      vertex 5.922647975921046 0.8671566133830877 12
    endloop
  endfacet
  facet normal 0 0 1
    outer loop
      vertex 4.272159947233647 13.148356337780497 12
      vertex 5.922647975921046 0.8671566133830877 12
      vertex 6.043769410125094 1.0580134541264516 12
    endloop
  endfacet
  facet normal 0 0 1
    outer loop
      vertex 4.272159947233647 13.148356337780497 12
      vertex 6.043769410125094 1.0580134541264516 12
      vertex 6.187856470641459 1.2321847906716394 12
    endloop
  endfacet
  facet normal 0 0 1
    outer loop
      vertex 5.88639870588713 12.509234000342719 12
      vertex 6.187856470641459 1.2321847906716394 12
      vertex 6.352636818452359 1.386923836996421 12
    endloop
  endfacet
  facet normal 0 0 1
    outer loop
      vertex 5.88639870588713 12.509234000342719 12
      vertex 6.352636818452359 1.386923836996421 12
      vertex 6.5355117690378055 1.5197902659036269 12
    endloop
  endfacet
  facet normal 0 0 1
    outer loop
      vertex 5.88639870588713 12.509234000342719 12
      vertex 6.5355117690378055 1.5197902659036269 12
      vertex 6.733597275182869 1.628688694438835 12
    endloop
  endfacet
  facet normal 0 0 1
    outer loop
      vertex 6.943769410125094 1.7119017293312764 12
      vertex 5.88639870588713 12.509234000342719 12
      vertex 6.733597275182869 1.628688694438835 12
    endloop
  endfacet
  facet normal 0 0 1
    outer loop
      vertex 1.5 2.5 12
      vertex 0.8680789324927559 13.797719520520854 12
      vertex -0.8680789324927559 13.797719520520854 12
    endloop
  endfacet
  facet normal 0 0 1
    outer loop
      vertex 2.5 1.5 12
      vertex 2.590546674147642 13.580121241324122 12
      vertex 0.8680789324927559 13.797719520520854 12
    endloop
  endfacet
  facet normal 0 0 1
    outer loop
      vertex 6.187856470641459 1.2321847906716394 12
      vertex 5.88639870588713 12.509234000342719 12
      vertex 4.272159947233647 13.148356337780497 12
    endloop
  endfacet
  facet normal 0 0 1
    outer loop
      vertex 6.943769410125094 1.7119017293312764 12
      vertex 7.407805440584628 11.672833570065357 12
      vertex 5.88639870588713 12.509234000342719 12
    endloop
  endfacet
  facet normal 0 0 1
    outer loop
      vertex 11.184659947233648 -8.12613111294344 12
      vertex 8.812386658275635 10.652345581375284 12
      vertex 9.3 0 12
    endloop
  endfacet
  facet normal 0 0 1
    outer loop
      vertex 7.162713633745696 1.7681170513116398 12
      vertex 7.407805440584628 11.672833570065357 12
      vertex 6.943769410125094 1.7119017293312764 12
    endloop
  endfacet
  facet normal 0 0 1
    outer loop
      vertex 7.386977064847236 1.7964481111708888 12
      vertex 7.407805440584628 11.672833570065357 12
      vertex 7.162713633745696 1.7681170513116398 12
    endloop
  endfacet
  facet normal 0 0 1
    outer loop
      vertex 7.407805440584628 11.672833570065357 12
      vertex 7.386977064847236 1.7964481111708888 12
      vertex 7.613022935152764 1.7964481111708888 12
    endloop
  endfacet
  facet normal 0 0 1
    outer loop
      vertex 7.837286366254304 1.7681170513116398 12
      vertex 7.407805440584628 11.672833570065357 12
      vertex 7.613022935152764 1.7964481111708888 12
    endloop
  endfacet
  facet normal 0 0 1
    outer loop
      vertex 7.407805440584628 11.672833570065357 12
      vertex 7.837286366254304 1.7681170513116398 12
      vertex 8.056230589874906 1.7119017293312764 12
    endloop
  endfacet
  facet normal 0 0 1
    outer loop
      vertex 7.407805440584628 11.672833570065357 12
      vertex 8.056230589874906 1.7119017293312764 12
      vertex 8.26640272481713 1.628688694438835 12
    endloop
  endfacet
  facet normal 0 0 1
    outer loop
      vertex 7.407805440584628 11.672833570065357 12
      vertex 8.26640272481713 1.628688694438835 12
      vertex 8.464488230962194 1.519790265903627 12
    endloop
  endfacet
  facet normal 0 0 1
    outer loop
      vertex 8.812386658275635 10.652345581375284 12
      vertex 9.077352024078955 0.8671566133830876 12
      vertex 9.173597674598852 0.6626241948324204 12
    endloop
  endfacet
  facet normal 0 0 1
    outer loop
      vertex 8.812386658275635 10.652345581375284 12
      vertex 8.956230589874906 1.0580134541264516 12
      vertex 9.077352024078955 0.8671566133830876 12
    endloop
  endfacet
  facet normal 0 0 1
    outer loop
      vertex 8.812386658275635 10.652345581375284 12
      vertex 9.285806462366061 0.22559982041574766 12
      vertex 9.3 0 12
    endloop
  endfacet
  facet normal 0 0 1
    outer loop
      vertex 8.812386658275635 10.652345581375284 12
      vertex 9.243449690031536 0.44764179689673866 12
      vertex 9.285806462366061 0.22559982041574766 12
    endloop
  endfacet
  facet normal 0 0 1
    outer loop
      vertex 8.812386658275635 10.652345581375284 12
      vertex 9.173597674598852 0.6626241948324204 12
      vertex 9.243449690031536 0.44764179689673866 12
    endloop
  endfacet
  facet normal 0 0 1
    outer loop
      vertex 8.812386658275635 10.652345581375284 12
      vertex 8.464488230962194 1.519790265903627 12
      vertex 8.647363181547641 1.3869238369964205 12
    endloop
  endfacet
  facet normal 0 0 1
    outer loop
      vertex 8.812386658275635 10.652345581375284 12
      vertex 8.647363181547641 1.3869238369964205 12
      vertex 8.81214352935854 1.2321847906716397 12
    endloop
  endfacet
  facet normal 0 0 1
    outer loop
      vertex 8.812386658275635 10.652345581375284 12
      vertex 8.81214352935854 1.2321847906716397 12
      vertex 8.956230589874906 1.0580134541264516 12
    endloop
  endfacet
  facet normal 0 0 1
    outer loop
      vertex 11.184659947233648 -8.12613111294344 12
      vertex 10.077991274101015 9.463863739464122 12
      vertex 8.812386658275635 10.652345581375284 12
    endloop
  endfacet
  facet normal 0 0 1
    outer loop
      vertex 12.854159917405072 -5.089321940865678 12
      vertex 12.114939851606414 6.660244544456214 12
      vertex 11.184659947233648 8.12613111294344 12
    endloop
  endfacet
  facet normal 0 0 1
    outer loop
      vertex 13.390662202603323 3.438137690054117 12
      vertex 13.715985745672656 -1.7327319540265036 12
      vertex 13.825 0 12
    endloop
  endfacet
  facet normal 0 0 1
    outer loop
      vertex 13.390662202603325 -3.4381376900541123 12
      vertex 13.390662202603323 3.438137690054117 12
      vertex 12.854159917405074 5.0893219408656725 12
    endloop
  endfacet
  facet normal 0 0 1
    outer loop
      vertex 13.825 0 12
      vertex 13.715985745672656 1.7327319540265063 12
      vertex 13.390662202603323 3.438137690054117 12
    endloop
  endfacet
  facet normal 0 0 1
    outer loop
      vertex 13.390662202603325 -3.4381376900541123 12
      vertex 12.854159917405074 5.0893219408656725 12
      vertex 12.114939851606414 6.660244544456214 12
    endloop
  endfacet
  facet normal 0 0 1
    outer loop
      vertex 12.114939851606412 -6.660244544456215 12
      vertex 11.184659947233648 8.12613111294344 12
      vertex 10.077991274101015 9.463863739464122 12
    endloop
  endfacet
  facet normal 0 0 1
    outer loop
      vertex 8.464488230962194 1.519790265903627 12
      vertex 8.812386658275635 10.652345581375284 12
      vertex 7.407805440584628 11.672833570065357 12
    endloop
  endfacet
endsolid OpenSCAD_Model
