solid OpenSCAD_Model
  facet normal 0 0 1
    outer loop
      vertex -10.02331862704441 -9.412522706519466 -2
      vertex -10.112712429686843 -7.347315653655914 -2
      vertex -11.123983672655527 -8.082047219021506 -2
    endloop
  endfacet
  facet normal 0 0 1
    outer loop
      vertex -11.123983672655527 -8.082047219021506 -2
      vertex -10.112712429686843 -7.347315653655914 -2
      vertex -10.953833500548294 -6.021920926271442 -2
    endloop
  endfacet
  facet normal 0 0 1
    outer loop
      vertex -7.367618430961206 -11.609508975652705 -2
      vertex -7.96779987185862 -9.631415534697368 -2
      vertex -8.764579859044481 -10.594557088167104 -2
    endloop
  endfacet
  facet normal 0 0 1
    outer loop
      vertex -7.367618430961206 -11.609508975652705 -2
      vertex -6.6978349372374595 -10.554099068775187 -2
      vertex -7.96779987185862 -9.631415534697368 -2
    endloop
  endfacet
  facet normal 0 0 1
    outer loop
      vertex -10.02331862704441 -9.412522706519466 -2
      vertex -8.764579859044481 -10.594557088167104 -2
      vertex -9.112107842767646 -8.556838824108606 -2
    endloop
  endfacet
  facet normal 0 0 1
    outer loop
      vertex -9.112107842767646 -8.556838824108606 -2
      vertex -8.764579859044481 -10.594557088167104 -2
      vertex -7.96779987185862 -9.631415534697368 -2
    endloop
  endfacet
  facet normal 0 0 1
    outer loop
      vertex -10.02331862704441 -9.412522706519466 -2
      vertex -9.112107842767646 -8.556838824108606 -2
      vertex -10.112712429686843 -7.347315653655914 -2
    endloop
  endfacet
  facet normal 0 0 1
    outer loop
      vertex -12.784426680963458 -5.061712599414321 -2
      vertex -12.049216850603123 -6.624113018898586 -2
      vertex -11.622206073603143 -4.601556908558473 -2
    endloop
  endfacet
  facet normal 0 0 1
    outer loop
      vertex -12.784426680963458 -5.061712599414321 -2
      vertex -11.622206073603143 -4.601556908558473 -2
      vertex -12.107289514107888 -3.1086235895606857 -2
    endloop
  endfacet
  facet normal 0 0 1
    outer loop
      vertex -12.049216850603123 -6.624113018898586 -2
      vertex -11.123983672655527 -8.082047219021506 -2
      vertex -11.622206073603143 -4.601556908558473 -2
    endloop
  endfacet
  facet normal 0 0 1
    outer loop
      vertex -11.622206073603143 -4.601556908558473 -2
      vertex -11.123983672655527 -8.082047219021506 -2
      vertex -10.953833500548294 -6.021920926271442 -2
    endloop
  endfacet
  facet normal 0 0 1
    outer loop
      vertex -12.784426680963458 -5.061712599414321 -2
      vertex -12.107289514107888 -3.1086235895606857 -2
      vertex -12.401433766430973 -1.5666654195538008 -2
    endloop
  endfacet
  facet normal 0 0 1
    outer loop
      vertex -12.784426680963458 -5.061712599414321 -2
      vertex -12.401433766430973 -1.5666654195538008 -2
      vertex -12.5 0 -2
    endloop
  endfacet
  facet normal 0 0 1
    outer loop
      vertex -12.784426680963458 -5.061712599414321 -2
      vertex -13.318018465518676 3.4194859485167544 -2
      vertex -13.318018465518676 -3.4194859485167544 -2
    endloop
  endfacet
  facet normal 0 0 1
    outer loop
      vertex -13.641577143074072 -1.7233319615091809 -2
      vertex -13.318018465518676 -3.4194859485167544 -2
      vertex -13.318018465518676 3.4194859485167544 -2
    endloop
  endfacet
  facet normal 0 0 1
    outer loop
      vertex -12.784426680963458 -5.061712599414321 -2
      vertex -12.5 0 -2
      vertex -13.318018465518676 3.4194859485167544 -2
    endloop
  endfacet
  facet normal 0 0 1
    outer loop
      vertex -7.367618430961206 -11.609508975652705 -2
      vertex -5.854465259019746 -12.441371971407769 -2
      vertex -6.6978349372374595 -10.554099068775187 -2
    endloop
  endfacet
  facet normal 0 0 1
    outer loop
      vertex -5.854465259019746 -12.441371971407769 -2
      vertex -5.322241144563406 -11.310338155825244 -2
      vertex -6.6978349372374595 -10.554099068775187 -2
    endloop
  endfacet
  facet normal 0 0 1
    outer loop
      vertex -5.854465259019746 -12.441371971407769 -2
      vertex -4.248983672655527 -13.07702709905836 -2
      vertex -5.322241144563406 -11.310338155825244 -2
    endloop
  endfacet
  facet normal 0 0 1
    outer loop
      vertex -5.322241144563406 -11.310338155825244 -2
      vertex -4.248983672655527 -13.07702709905836 -2
      vertex -3.8627124296868423 -11.888206453689419 -2
    endloop
  endfacet
  facet normal 0 0 1
    outer loop
      vertex -2.5764930755537163 -13.506449697519468 -2
      vertex -3.8627124296868423 -11.888206453689419 -2
      vertex -4.248983672655527 -13.07702709905836 -2
    endloop
  endfacet
  facet normal 0 0 1
    outer loop
      vertex -2.5764930755537163 -13.506449697519468 -2
      vertex -2.3422664323215603 -12.278590634108607 -2
      vertex -3.8627124296868423 -11.888206453689419 -2
    endloop
  endfacet
  facet normal 0 0 1
    outer loop
      vertex -2.5764930755537163 -13.506449697519468 -2
      vertex -0.8633696435280642 -13.722867515888733 -2
      vertex -2.3422664323215603 -12.278590634108607 -2
    endloop
  endfacet
  facet normal 0 0 1
    outer loop
      vertex -0.8633696435280642 -13.722867515888733 -2
      vertex -0.784881494116422 -12.475334105353394 -2
      vertex -2.3422664323215603 -12.278590634108607 -2
    endloop
  endfacet
  facet normal 0 0 1
    outer loop
      vertex -0.8633696435280642 -13.722867515888733 -2
      vertex 0.8633696435280642 -13.722867515888733 -2
      vertex -0.784881494116422 -12.475334105353394 -2
    endloop
  endfacet
  facet normal 0 0 -1
    outer loop
      vertex -12.049216850603123 -6.624113018898586 2
      vertex -10.953833500548294 -6.021920926271442 2
      vertex -11.123983672655527 -8.082047219021506 2
    endloop
  endfacet
  facet normal 0 0 -1
    outer loop
      vertex -11.123983672655527 -8.082047219021506 2
      vertex -10.953833500548294 -6.021920926271442 2
      vertex -10.112712429686843 -7.347315653655914 2
    endloop
  endfacet
  facet normal 0 0 -1
    outer loop
      vertex -7.367618430961206 -11.609508975652705 2
      vertex -8.764579859044483 -10.594557088167104 2
      vertex -6.6978349372374595 -10.554099068775187 2
    endloop
  endfacet
  facet normal 0 0 -1
    outer loop
      vertex -10.02331862704441 -9.412522706519466 2
      vertex -11.123983672655527 -8.082047219021506 2
      vertex -9.112107842767646 -8.556838824108606 2
    endloop
  endfacet
  facet normal 0 0 -1
    outer loop
      vertex -10.02331862704441 -9.412522706519466 2
      vertex -7.96779987185862 -9.631415534697368 2
      vertex -8.764579859044483 -10.594557088167104 2
    endloop
  endfacet
  facet normal 0 0 -1
    outer loop
      vertex -10.02331862704441 -9.412522706519466 2
      vertex -9.112107842767646 -8.556838824108606 2
      vertex -7.96779987185862 -9.631415534697368 2
    endloop
  endfacet
  facet normal 0 0 -1
    outer loop
      vertex -11.123983672655527 -8.082047219021506 2
      vertex -10.112712429686843 -7.347315653655914 2
      vertex -9.112107842767646 -8.556838824108606 2
    endloop
  endfacet
  facet normal 0 0 -1
    outer loop
      vertex -8.764579859044483 -10.594557088167104 2
      vertex -7.96779987185862 -9.631415534697368 2
      vertex -6.6978349372374595 -10.554099068775187 2
    endloop
  endfacet
  facet normal 0 0 -1
    outer loop
      vertex -12.784426680963458 -5.061712599414321 2
      vertex -12.401433766430973 -1.5666654195538008 2
      vertex -12.049216850603123 -6.624113018898586 2
    endloop
  endfacet
  facet normal 0 0 -1
    outer loop
      vertex -12.049216850603123 -6.624113018898586 2
      vertex -12.401433766430973 -1.5666654195538008 2
      vertex -12.107289514107888 -3.1086235895606857 2
    endloop
  endfacet
  facet normal 0 0 -1
    outer loop
      vertex -12.049216850603123 -6.624113018898586 2
      vertex -11.622206073603143 -4.601556908558473 2
      vertex -10.953833500548294 -6.021920926271442 2
    endloop
  endfacet
  facet normal 0 0 -1
    outer loop
      vertex -12.049216850603123 -6.624113018898586 2
      vertex -12.107289514107888 -3.1086235895606857 2
      vertex -11.622206073603143 -4.601556908558473 2
    endloop
  endfacet
  facet normal 0 0 -1
    outer loop
      vertex -12.784426680963458 -5.061712599414321 2
      vertex -13.318018465518676 -3.4194859485167544 2
      vertex -12.5 0 2
    endloop
  endfacet
  facet normal 0 0 -1
    outer loop
      vertex -12.784426680963458 -5.061712599414321 2
      vertex -12.5 0 2
      vertex -12.401433766430973 -1.5666654195538008 2
    endloop
  endfacet
  facet normal 0 0 -1
    outer loop
      vertex -13.641577143074072 -1.7233319615091809 2
      vertex -13.641577143074072 1.7233319615091809 2
      vertex -13.318018465518676 -3.4194859485167544 2
    endloop
  endfacet
  facet normal 0 0 -1
    outer loop
      vertex -7.367618430961206 -11.609508975652705 2
      vertex -6.6978349372374595 -10.554099068775187 2
      vertex -5.322241144563406 -11.310338155825244 2
    endloop
  endfacet
  facet normal 0 0 -1
    outer loop
      vertex -7.367618430961206 -11.609508975652705 2
      vertex -5.322241144563406 -11.310338155825244 2
      vertex -5.854465259019746 -12.441371971407769 2
    endloop
  endfacet
  facet normal 0 0 -1
    outer loop
      vertex -5.854465259019746 -12.441371971407769 2
      vertex -3.8627124296868423 -11.888206453689419 2
      vertex -4.248983672655527 -13.07702709905836 2
    endloop
  endfacet
  facet normal 0 0 -1
    outer loop
      vertex -4.248983672655527 -13.07702709905836 2
      vertex -3.8627124296868423 -11.888206453689419 2
      vertex -2.3422664323215603 -12.278590634108607 2
    endloop
  endfacet
  facet normal 0 0 -1
    outer loop
      vertex -5.854465259019746 -12.441371971407769 2
      vertex -5.322241144563406 -11.310338155825244 2
      vertex -3.8627124296868423 -11.888206453689419 2
    endloop
  endfacet
  facet normal 0 0 -1
    outer loop
      vertex -2.5764930755537163 -13.506449697519468 2
      vertex -4.248983672655527 -13.07702709905836 2
      vertex -2.3422664323215603 -12.278590634108607 2
    endloop
  endfacet
  facet normal 0 0 -1
    outer loop
      vertex -2.5764930755537163 -13.506449697519468 2
      vertex -2.3422664323215603 -12.278590634108607 2
      vertex -0.784881494116422 -12.475334105353394 2
    endloop
  endfacet
  facet normal 0 0 -1
    outer loop
      vertex -2.5764930755537163 -13.506449697519468 2
      vertex -0.784881494116422 -12.475334105353394 2
      vertex -0.8633696435280642 -13.722867515888733 2
    endloop
  endfacet
  facet normal 0 0 -1
    outer loop
      vertex -0.8633696435280642 -13.722867515888733 2
      vertex -0.784881494116422 -12.475334105353394 2
      vertex 0.784881494116422 -12.475334105353394 2
    endloop
  endfacet
  facet normal 0 0 1
    outer loop
      vertex -13.641577143074072 -1.7233319615091809 -2
      vertex -13.641577143074072 1.7233319615091809 -2
      vertex -13.75 0 -2
    endloop
  endfacet
  facet normal 0 0 1
    outer loop
      vertex -13.641577143074072 -1.7233319615091809 -2
      vertex -13.318018465518676 3.4194859485167544 -2
      vertex -13.641577143074072 1.7233319615091809 -2
    endloop
  endfacet
  facet normal 0 0 1
    outer loop
      vertex -12.5 0 -2
      vertex -12.401433766430973 1.5666654195538008 -2
      vertex -12.784426680963458 5.061712599414321 -2
    endloop
  endfacet
  facet normal 0 0 1
    outer loop
      vertex -12.5 0 -2
      vertex -12.784426680963458 5.061712599414321 -2
      vertex -13.318018465518676 3.4194859485167544 -2
    endloop
  endfacet
  facet normal 0 0 1
    outer loop
      vertex -12.401433766430973 1.5666654195538008 -2
      vertex -12.107289514107888 3.1086235895606857 -2
      vertex -12.049216850603123 6.624113018898586 -2
    endloop
  endfacet
  facet normal 0 0 1
    outer loop
      vertex -12.401433766430973 1.5666654195538008 -2
      vertex -12.049216850603123 6.624113018898586 -2
      vertex -12.784426680963458 5.061712599414321 -2
    endloop
  endfacet
  facet normal 0 0 1
    outer loop
      vertex -12.107289514107888 3.1086235895606857 -2
      vertex -11.622206073603143 4.601556908558473 -2
      vertex -12.049216850603123 6.624113018898586 -2
    endloop
  endfacet
  facet normal 0 0 1
    outer loop
      vertex -11.622206073603143 4.601556908558473 -2
      vertex -10.953833500548294 6.021920926271442 -2
      vertex -12.049216850603123 6.624113018898586 -2
    endloop
  endfacet
  facet normal 0 0 1
    outer loop
      vertex -12.049216850603123 6.624113018898586 -2
      vertex -10.953833500548294 6.021920926271442 -2
      vertex -11.123983672655527 8.082047219021506 -2
    endloop
  endfacet
  facet normal 0 0 1
    outer loop
      vertex -10.953833500548294 6.021920926271442 -2
      vertex -10.112712429686843 7.347315653655914 -2
      vertex -11.123983672655527 8.082047219021506 -2
    endloop
  endfacet
  facet normal 0 0 1
    outer loop
      vertex -11.123983672655527 8.082047219021506 -2
      vertex -10.112712429686843 7.347315653655914 -2
      vertex -9.112107842767646 8.556838824108606 -2
    endloop
  endfacet
  facet normal 0 0 1
    outer loop
      vertex -11.123983672655527 8.082047219021506 -2
      vertex -9.112107842767646 8.556838824108606 -2
      vertex -10.02331862704441 9.412522706519466 -2
    endloop
  endfacet
  facet normal 0 0 1
    outer loop
      vertex -9.112107842767646 8.556838824108606 -2
      vertex -7.96779987185862 9.631415534697368 -2
      vertex -10.02331862704441 9.412522706519466 -2
    endloop
  endfacet
  facet normal 0 0 1
    outer loop
      vertex -10.02331862704441 9.412522706519466 -2
      vertex -7.96779987185862 9.631415534697368 -2
      vertex -8.764579859044483 10.594557088167104 -2
    endloop
  endfacet
  facet normal 0 0 1
    outer loop
      vertex -7.96779987185862 9.631415534697368 -2
      vertex -6.6978349372374595 10.554099068775187 -2
      vertex -8.764579859044483 10.594557088167104 -2
    endloop
  endfacet
  facet normal 0 0 1
    outer loop
      vertex -8.764579859044483 10.594557088167104 -2
      vertex -6.6978349372374595 10.554099068775187 -2
      vertex -7.367618430961206 11.609508975652705 -2
    endloop
  endfacet
  facet normal 0 0 1
    outer loop
      vertex -7.367618430961206 11.609508975652705 -2
      vertex -6.6978349372374595 10.554099068775187 -2
      vertex -5.322241144563409 11.310338155825244 -2
    endloop
  endfacet
  facet normal 0 0 1
    outer loop
      vertex -7.367618430961206 11.609508975652705 -2
      vertex -5.322241144563409 11.310338155825244 -2
      vertex -5.85446525901975 12.441371971407767 -2
    endloop
  endfacet
  facet normal 0 0 1
    outer loop
      vertex -5.85446525901975 12.441371971407767 -2
      vertex -5.322241144563409 11.310338155825244 -2
      vertex -3.8627124296868423 11.888206453689419 -2
    endloop
  endfacet
  facet normal 0 0 1
    outer loop
      vertex -5.85446525901975 12.441371971407767 -2
      vertex -3.8627124296868423 11.888206453689419 -2
      vertex -4.248983672655527 13.07702709905836 -2
    endloop
  endfacet
  facet normal 0 0 1
    outer loop
      vertex -3.8627124296868423 11.888206453689419 -2
      vertex -2.342266432321557 12.278590634108609 -2
      vertex -4.248983672655527 13.07702709905836 -2
    endloop
  endfacet
  facet normal 0 0 1
    outer loop
      vertex -4.248983672655527 13.07702709905836 -2
      vertex -2.342266432321557 12.278590634108609 -2
      vertex -2.5764930755537128 13.50644969751947 -2
    endloop
  endfacet
  facet normal 0 0 1
    outer loop
      vertex -2.342266432321557 12.278590634108609 -2
      vertex -0.784881494116416 12.475334105353394 -2
      vertex -2.5764930755537128 13.50644969751947 -2
    endloop
  endfacet
  facet normal 0 0 1
    outer loop
      vertex -0.784881494116416 12.475334105353394 -2
      vertex -0.8633696435280576 13.722867515888733 -2
      vertex -2.5764930755537128 13.50644969751947 -2
    endloop
  endfacet
  facet normal 0 0 1
    outer loop
      vertex -0.784881494116416 12.475334105353394 -2
      vertex 0.7848814941164151 12.475334105353394 -2
      vertex -0.8633696435280576 13.722867515888733 -2
    endloop
  endfacet
  facet normal 0 0 -1
    outer loop
      vertex -13.641577143074072 -1.7233319615091809 2
      vertex -13.75 0 2
      vertex -13.641577143074072 1.7233319615091809 2
    endloop
  endfacet
  facet normal 0 0 -1
    outer loop
      vertex -13.318018465518676 -3.4194859485167544 2
      vertex -13.641577143074072 1.7233319615091809 2
      vertex -13.318018465518676 3.4194859485167544 2
    endloop
  endfacet
  facet normal 0 0 -1
    outer loop
      vertex -13.318018465518676 -3.4194859485167544 2
      vertex -13.318018465518676 3.4194859485167544 2
      vertex -12.784426680963458 5.061712599414321 2
    endloop
  endfacet
  facet normal 0 0 -1
    outer loop
      vertex -13.318018465518676 -3.4194859485167544 2
      vertex -12.784426680963458 5.061712599414321 2
      vertex -12.5 0 2
    endloop
  endfacet
  facet normal 0 0 -1
    outer loop
      vertex -12.5 0 2
      vertex -12.784426680963458 5.061712599414321 2
      vertex -12.401433766430973 1.5666654195538008 2
    endloop
  endfacet
  facet normal 0 0 -1
    outer loop
      vertex -12.401433766430973 1.5666654195538008 2
      vertex -12.049216850603123 6.624113018898586 2
      vertex -12.107289514107888 3.1086235895606857 2
    endloop
  endfacet
  facet normal 0 0 -1
    outer loop
      vertex -12.401433766430973 1.5666654195538008 2
      vertex -12.784426680963458 5.061712599414321 2
      vertex -12.049216850603123 6.624113018898586 2
    endloop
  endfacet
  facet normal 0 0 -1
    outer loop
      vertex -12.107289514107888 3.1086235895606857 2
      vertex -12.049216850603123 6.624113018898586 2
      vertex -11.622206073603143 4.601556908558473 2
    endloop
  endfacet
  facet normal 0 0 -1
    outer loop
      vertex -11.622206073603143 4.601556908558473 2
      vertex -11.123983672655527 8.082047219021506 2
      vertex -10.953833500548294 6.021920926271442 2
    endloop
  endfacet
  facet normal 0 0 -1
    outer loop
      vertex -11.622206073603143 4.601556908558473 2
      vertex -12.049216850603123 6.624113018898586 2
      vertex -11.123983672655527 8.082047219021506 2
    endloop
  endfacet
  facet normal 0 0 -1
    outer loop
      vertex -10.953833500548294 6.021920926271442 2
      vertex -11.123983672655527 8.082047219021506 2
      vertex -10.112712429686843 7.347315653655914 2
    endloop
  endfacet
  facet normal 0 0 -1
    outer loop
      vertex -11.123983672655527 8.082047219021506 2
      vertex -10.02331862704441 9.412522706519466 2
      vertex -10.112712429686843 7.347315653655914 2
    endloop
  endfacet
  facet normal 0 0 -1
    outer loop
      vertex -10.112712429686843 7.347315653655914 2
      vertex -10.02331862704441 9.412522706519466 2
      vertex -9.112107842767646 8.556838824108606 2
    endloop
  endfacet
  facet normal 0 0 -1
    outer loop
      vertex -9.112107842767646 8.556838824108606 2
      vertex -10.02331862704441 9.412522706519466 2
      vertex -8.764579859044481 10.594557088167104 2
    endloop
  endfacet
  facet normal 0 0 -1
    outer loop
      vertex -9.112107842767646 8.556838824108606 2
      vertex -8.764579859044481 10.594557088167104 2
      vertex -7.96779987185862 9.631415534697368 2
    endloop
  endfacet
  facet normal 0 0 -1
    outer loop
      vertex -7.96779987185862 9.631415534697368 2
      vertex -8.764579859044481 10.594557088167104 2
      vertex -7.367618430961206 11.609508975652705 2
    endloop
  endfacet
  facet normal 0 0 -1
    outer loop
      vertex -7.96779987185862 9.631415534697368 2
      vertex -7.367618430961206 11.609508975652705 2
      vertex -6.6978349372374595 10.554099068775187 2
    endloop
  endfacet
  facet normal 0 0 -1
    outer loop
      vertex -7.367618430961206 11.609508975652705 2
      vertex -5.854465259019749 12.441371971407767 2
      vertex -6.6978349372374595 10.554099068775187 2
    endloop
  endfacet
  facet normal 0 0 -1
    outer loop
      vertex -6.6978349372374595 10.554099068775187 2
      vertex -5.854465259019749 12.441371971407767 2
      vertex -5.322241144563409 11.310338155825244 2
    endloop
  endfacet
  facet normal 0 0 -1
    outer loop
      vertex -5.854465259019749 12.441371971407767 2
      vertex -4.248983672655527 13.07702709905836 2
      vertex -5.322241144563409 11.310338155825244 2
    endloop
  endfacet
  facet normal 0 0 -1
    outer loop
      vertex -5.322241144563409 11.310338155825244 2
      vertex -4.248983672655527 13.07702709905836 2
      vertex -3.8627124296868423 11.888206453689419 2
    endloop
  endfacet
  facet normal 0 0 -1
    outer loop
      vertex -3.8627124296868423 11.888206453689419 2
      vertex -4.248983672655527 13.07702709905836 2
      vertex -2.5764930755537128 13.50644969751947 2
    endloop
  endfacet
  facet normal 0 0 -1
    outer loop
      vertex -3.8627124296868423 11.888206453689419 2
      vertex -2.5764930755537128 13.50644969751947 2
      vertex -2.342266432321557 12.278590634108609 2
    endloop
  endfacet
  facet normal 0 0 -1
    outer loop
      vertex -2.342266432321557 12.278590634108609 2
      vertex -2.5764930755537128 13.50644969751947 2
      vertex -0.863369643528057 13.722867515888733 2
    endloop
  endfacet
  facet normal 0 0 -1
    outer loop
      vertex -2.342266432321557 12.278590634108609 2
      vertex -0.863369643528057 13.722867515888733 2
      vertex -0.7848814941164151 12.475334105353394 2
    endloop
  endfacet
  facet normal 0 0 -1
    outer loop
      vertex -0.7848814941164151 12.475334105353394 2
      vertex -0.863369643528057 13.722867515888733 2
      vertex 0.8633696435280576 13.722867515888733 2
    endloop
  endfacet
  facet normal 0 0 1
    outer loop
      vertex -0.784881494116422 -12.475334105353394 -2
      vertex 0.8633696435280642 -13.722867515888733 -2
      vertex 0.784881494116422 -12.475334105353394 -2
    endloop
  endfacet
  facet normal 0 0 1
    outer loop
      vertex 0.8633696435280642 -13.722867515888733 -2
      vertex 2.5764930755537163 -13.506449697519468 -2
      vertex 0.784881494116422 -12.475334105353394 -2
    endloop
  endfacet
  facet normal 0 0 1
    outer loop
      vertex 2.5764930755537163 -13.506449697519468 -2
      vertex 2.3422664323215603 -12.278590634108607 -2
      vertex 0.784881494116422 -12.475334105353394 -2
    endloop
  endfacet
  facet normal 0 0 1
    outer loop
      vertex 2.5764930755537163 -13.506449697519468 -2
      vertex 4.248983672655527 -13.07702709905836 -2
      vertex 2.3422664323215603 -12.278590634108607 -2
    endloop
  endfacet
  facet normal 0 0 1
    outer loop
      vertex 2.3422664323215603 -12.278590634108607 -2
      vertex 4.248983672655527 -13.07702709905836 -2
      vertex 3.8627124296868423 -11.888206453689419 -2
    endloop
  endfacet
  facet normal 0 0 1
    outer loop
      vertex 4.248983672655527 -13.07702709905836 -2
      vertex 5.854465259019746 -12.441371971407769 -2
      vertex 3.8627124296868423 -11.888206453689419 -2
    endloop
  endfacet
  facet normal 0 0 1
    outer loop
      vertex 3.8627124296868423 -11.888206453689419 -2
      vertex 5.854465259019746 -12.441371971407769 -2
      vertex 5.322241144563406 -11.310338155825244 -2
    endloop
  endfacet
  facet normal 0 0 1
    outer loop
      vertex 5.322241144563406 -11.310338155825244 -2
      vertex 5.854465259019746 -12.441371971407769 -2
      vertex 7.367618430961198 -11.60950897565271 -2
    endloop
  endfacet
  facet normal 0 0 1
    outer loop
      vertex 5.322241144563406 -11.310338155825244 -2
      vertex 7.367618430961198 -11.60950897565271 -2
      vertex 6.697834937237452 -10.55409906877519 -2
    endloop
  endfacet
  facet normal 0 0 1
    outer loop
      vertex 6.697834937237452 -10.55409906877519 -2
      vertex 7.367618430961198 -11.60950897565271 -2
      vertex 8.764579859044487 -10.594557088167099 -2
    endloop
  endfacet
  facet normal 0 0 1
    outer loop
      vertex 6.697834937237452 -10.55409906877519 -2
      vertex 8.764579859044487 -10.594557088167099 -2
      vertex 7.967799871858625 -9.631415534697362 -2
    endloop
  endfacet
  facet normal 0 0 1
    outer loop
      vertex 8.764579859044487 -10.594557088167099 -2
      vertex 10.02331862704441 -9.412522706519466 -2
      vertex 7.967799871858625 -9.631415534697362 -2
    endloop
  endfacet
  facet normal 0 0 1
    outer loop
      vertex 7.967799871858625 -9.631415534697362 -2
      vertex 10.02331862704441 -9.412522706519466 -2
      vertex 9.112107842767646 -8.556838824108606 -2
    endloop
  endfacet
  facet normal 0 0 1
    outer loop
      vertex 10.02331862704441 -9.412522706519466 -2
      vertex 11.123983672655527 -8.082047219021506 -2
      vertex 9.112107842767646 -8.556838824108606 -2
    endloop
  endfacet
  facet normal 0 0 1
    outer loop
      vertex 9.112107842767646 -8.556838824108606 -2
      vertex 11.123983672655527 -8.082047219021506 -2
      vertex 10.112712429686843 -7.347315653655914 -2
    endloop
  endfacet
  facet normal 0 0 1
    outer loop
      vertex 10.112712429686843 -7.347315653655914 -2
      vertex 11.123983672655527 -8.082047219021506 -2
      vertex 10.953833500548294 -6.021920926271442 -2
    endloop
  endfacet
  facet normal 0 0 1
    outer loop
      vertex 11.123983672655527 -8.082047219021506 -2
      vertex 12.049216850603123 -6.624113018898586 -2
      vertex 10.953833500548294 -6.021920926271442 -2
    endloop
  endfacet
  facet normal 0 0 1
    outer loop
      vertex 10.953833500548294 -6.021920926271442 -2
      vertex 12.049216850603123 -6.624113018898586 -2
      vertex 11.62220607360314 -4.6015569085584795 -2
    endloop
  endfacet
  facet normal 0 0 1
    outer loop
      vertex 12.049216850603123 -6.624113018898586 -2
      vertex 12.10728951410789 -3.1086235895606804 -2
      vertex 11.62220607360314 -4.6015569085584795 -2
    endloop
  endfacet
  facet normal 0 0 1
    outer loop
      vertex 12.049216850603123 -6.624113018898586 -2
      vertex 12.784426680963454 -5.061712599414328 -2
      vertex 12.401433766430973 -1.5666654195538008 -2
    endloop
  endfacet
  facet normal 0 0 1
    outer loop
      vertex 12.049216850603123 -6.624113018898586 -2
      vertex 12.401433766430973 -1.5666654195538008 -2
      vertex 12.10728951410789 -3.1086235895606804 -2
    endloop
  endfacet
  facet normal 0 0 1
    outer loop
      vertex 12.784426680963454 -5.061712599414328 -2
      vertex 13.318018465518678 -3.4194859485167486 -2
      vertex 12.5 0 -2
    endloop
  endfacet
  facet normal 0 0 1
    outer loop
      vertex 12.784426680963454 -5.061712599414328 -2
      vertex 12.5 0 -2
      vertex 12.401433766430973 -1.5666654195538008 -2
    endloop
  endfacet
  facet normal 0 0 1
    outer loop
      vertex 13.318018465518678 -3.4194859485167486 -2
      vertex 13.641577143074072 -1.7233319615091809 -2
      vertex 13.641577143074072 1.7233319615091836 -2
    endloop
  endfacet
  facet normal 0 0 -1
    outer loop
      vertex -0.8633696435280642 -13.722867515888733 2
      vertex 0.784881494116422 -12.475334105353394 2
      vertex 0.8633696435280642 -13.722867515888733 2
    endloop
  endfacet
  facet normal 0 0 -1
    outer loop
      vertex 0.8633696435280642 -13.722867515888733 2
      vertex 0.784881494116422 -12.475334105353394 2
      vertex 2.3422664323215603 -12.278590634108607 2
    endloop
  endfacet
  facet normal 0 0 -1
    outer loop
      vertex 0.8633696435280642 -13.722867515888733 2
      vertex 2.3422664323215603 -12.278590634108607 2
      vertex 2.5764930755537163 -13.506449697519468 2
    endloop
  endfacet
  facet normal 0 0 -1
    outer loop
      vertex 2.5764930755537163 -13.506449697519468 2
      vertex 2.3422664323215603 -12.278590634108607 2
      vertex 3.8627124296868423 -11.888206453689419 2
    endloop
  endfacet
  facet normal 0 0 -1
    outer loop
      vertex 2.5764930755537163 -13.506449697519468 2
      vertex 3.8627124296868423 -11.888206453689419 2
      vertex 4.248983672655527 -13.07702709905836 2
    endloop
  endfacet
  facet normal 0 0 -1
    outer loop
      vertex 4.248983672655527 -13.07702709905836 2
      vertex 3.8627124296868423 -11.888206453689419 2
      vertex 5.322241144563406 -11.310338155825244 2
    endloop
  endfacet
  facet normal 0 0 -1
    outer loop
      vertex 4.248983672655527 -13.07702709905836 2
      vertex 5.322241144563406 -11.310338155825244 2
      vertex 5.854465259019746 -12.441371971407769 2
    endloop
  endfacet
  facet normal 0 0 -1
    outer loop
      vertex 5.322241144563406 -11.310338155825244 2
      vertex 6.697834937237452 -10.55409906877519 2
      vertex 5.854465259019746 -12.441371971407769 2
    endloop
  endfacet
  facet normal 0 0 -1
    outer loop
      vertex 5.854465259019746 -12.441371971407769 2
      vertex 6.697834937237452 -10.55409906877519 2
      vertex 7.367618430961198 -11.60950897565271 2
    endloop
  endfacet
  facet normal 0 0 -1
    outer loop
      vertex 6.697834937237452 -10.55409906877519 2
      vertex 7.967799871858625 -9.631415534697362 2
      vertex 7.367618430961198 -11.60950897565271 2
    endloop
  endfacet
  facet normal 0 0 -1
    outer loop
      vertex 7.367618430961198 -11.60950897565271 2
      vertex 7.967799871858625 -9.631415534697362 2
      vertex 8.764579859044487 -10.594557088167099 2
    endloop
  endfacet
  facet normal 0 0 -1
    outer loop
      vertex 8.764579859044487 -10.594557088167099 2
      vertex 7.967799871858625 -9.631415534697362 2
      vertex 9.112107842767646 -8.556838824108606 2
    endloop
  endfacet
  facet normal 0 0 -1
    outer loop
      vertex 8.764579859044487 -10.594557088167099 2
      vertex 9.112107842767646 -8.556838824108606 2
      vertex 10.02331862704441 -9.412522706519466 2
    endloop
  endfacet
  facet normal 0 0 -1
    outer loop
      vertex 10.02331862704441 -9.412522706519466 2
      vertex 9.112107842767646 -8.556838824108606 2
      vertex 10.112712429686843 -7.347315653655914 2
    endloop
  endfacet
  facet normal 0 0 -1
    outer loop
      vertex 10.02331862704441 -9.412522706519466 2
      vertex 10.112712429686843 -7.347315653655914 2
      vertex 11.123983672655527 -8.082047219021506 2
    endloop
  endfacet
  facet normal 0 0 -1
    outer loop
      vertex 10.112712429686843 -7.347315653655914 2
      vertex 10.953833500548294 -6.021920926271442 2
      vertex 11.123983672655527 -8.082047219021506 2
    endloop
  endfacet
  facet normal 0 0 -1
    outer loop
      vertex 11.123983672655527 -8.082047219021506 2
      vertex 11.62220607360314 -4.6015569085584795 2
      vertex 12.049216850603123 -6.624113018898586 2
    endloop
  endfacet
  facet normal 0 0 -1
    outer loop
      vertex 11.123983672655527 -8.082047219021506 2
      vertex 10.953833500548294 -6.021920926271442 2
      vertex 11.62220607360314 -4.6015569085584795 2
    endloop
  endfacet
  facet normal 0 0 -1
    outer loop
      vertex 12.049216850603123 -6.624113018898586 2
      vertex 11.62220607360314 -4.6015569085584795 2
      vertex 12.10728951410789 -3.1086235895606804 2
    endloop
  endfacet
  facet normal 0 0 -1
    outer loop
      vertex 12.049216850603123 -6.624113018898586 2
      vertex 12.401433766430973 -1.5666654195538008 2
      vertex 12.784426680963454 -5.061712599414328 2
    endloop
  endfacet
  facet normal 0 0 -1
    outer loop
      vertex 12.049216850603123 -6.624113018898586 2
      vertex 12.10728951410789 -3.1086235895606804 2
      vertex 12.401433766430973 -1.5666654195538008 2
    endloop
  endfacet
  facet normal 0 0 -1
    outer loop
      vertex 12.784426680963454 -5.061712599414328 2
      vertex 12.401433766430973 -1.5666654195538008 2
      vertex 12.5 0 2
    endloop
  endfacet
  facet normal 0 0 -1
    outer loop
      vertex 12.784426680963454 -5.061712599414328 2
      vertex 12.5 0 2
      vertex 13.318018465518676 3.4194859485167535 2
    endloop
  endfacet
  facet normal 0 0 -1
    outer loop
      vertex 12.784426680963454 -5.061712599414328 2
      vertex 13.318018465518676 3.4194859485167535 2
      vertex 13.318018465518678 -3.4194859485167486 2
    endloop
  endfacet
  facet normal 0 0 -1
    outer loop
      vertex 13.318018465518678 -3.4194859485167486 2
      vertex 13.318018465518676 3.4194859485167535 2
      vertex 13.641577143074072 -1.7233319615091809 2
    endloop
  endfacet
  facet normal 0 0 1
    outer loop
      vertex -0.8633696435280576 13.722867515888733 -2
      vertex 0.7848814941164151 12.475334105353394 -2
      vertex 0.863369643528057 13.722867515888733 -2
    endloop
  endfacet
  facet normal 0 0 1
    outer loop
      vertex 0.7848814941164151 12.475334105353394 -2
      vertex 2.342266432321557 12.278590634108609 -2
      vertex 0.863369643528057 13.722867515888733 -2
    endloop
  endfacet
  facet normal 0 0 1
    outer loop
      vertex 2.342266432321557 12.278590634108609 -2
      vertex 2.5764930755537128 13.50644969751947 -2
      vertex 0.863369643528057 13.722867515888733 -2
    endloop
  endfacet
  facet normal 0 0 1
    outer loop
      vertex 2.342266432321557 12.278590634108609 -2
      vertex 3.8627124296868423 11.888206453689419 -2
      vertex 2.5764930755537128 13.50644969751947 -2
    endloop
  endfacet
  facet normal 0 0 1
    outer loop
      vertex 3.8627124296868423 11.888206453689419 -2
      vertex 4.248983672655527 13.07702709905836 -2
      vertex 2.5764930755537128 13.50644969751947 -2
    endloop
  endfacet
  facet normal 0 0 1
    outer loop
      vertex 3.8627124296868423 11.888206453689419 -2
      vertex 5.322241144563409 11.310338155825244 -2
      vertex 4.248983672655527 13.07702709905836 -2
    endloop
  endfacet
  facet normal 0 0 1
    outer loop
      vertex 4.248983672655527 13.07702709905836 -2
      vertex 5.322241144563409 11.310338155825244 -2
      vertex 5.854465259019749 12.441371971407767 -2
    endloop
  endfacet
  facet normal 0 0 1
    outer loop
      vertex 6.697834937237459 10.554099068775189 -2
      vertex 5.854465259019749 12.441371971407767 -2
      vertex 5.322241144563409 11.310338155825244 -2
    endloop
  endfacet
  facet normal 0 0 1
    outer loop
      vertex 6.697834937237459 10.554099068775189 -2
      vertex 7.367618430961204 11.609508975652707 -2
      vertex 5.854465259019749 12.441371971407767 -2
    endloop
  endfacet
  facet normal 0 0 1
    outer loop
      vertex 13.318018465518678 -3.4194859485167486 -2
      vertex 12.784426680963456 5.061712599414322 -2
      vertex 12.5 0 -2
    endloop
  endfacet
  facet normal 0 0 1
    outer loop
      vertex 13.641577143074072 -1.7233319615091809 -2
      vertex 13.75 0 -2
      vertex 13.641577143074072 1.7233319615091836 -2
    endloop
  endfacet
  facet normal 0 0 1
    outer loop
      vertex 13.318018465518678 -3.4194859485167486 -2
      vertex 13.641577143074072 1.7233319615091836 -2
      vertex 13.318018465518676 3.4194859485167535 -2
    endloop
  endfacet
  facet normal 0 0 1
    outer loop
      vertex 13.318018465518678 -3.4194859485167486 -2
      vertex 13.318018465518676 3.4194859485167535 -2
      vertex 12.784426680963456 5.061712599414322 -2
    endloop
  endfacet
  facet normal 0 0 1
    outer loop
      vertex 12.5 0 -2
      vertex 12.784426680963456 5.061712599414322 -2
      vertex 12.401433766430973 1.5666654195538032 -2
    endloop
  endfacet
  facet normal 0 0 1
    outer loop
      vertex 12.401433766430973 1.5666654195538032 -2
      vertex 12.784426680963456 5.061712599414322 -2
      vertex 12.107289514107888 3.108623589560685 -2
    endloop
  endfacet
  facet normal 0 0 1
    outer loop
      vertex 10.953833500548296 6.0219209262714415 -2
      vertex 11.622206073603142 4.601556908558475 -2
      vertex 11.123983672655527 8.082047219021506 -2
    endloop
  endfacet
  facet normal 0 0 1
    outer loop
      vertex 11.123983672655527 8.082047219021506 -2
      vertex 11.622206073603142 4.601556908558475 -2
      vertex 12.049216850603123 6.624113018898585 -2
    endloop
  endfacet
  facet normal 0 0 1
    outer loop
      vertex 12.107289514107888 3.108623589560685 -2
      vertex 12.784426680963456 5.061712599414322 -2
      vertex 11.622206073603142 4.601556908558475 -2
    endloop
  endfacet
  facet normal 0 0 1
    outer loop
      vertex 11.622206073603142 4.601556908558475 -2
      vertex 12.784426680963456 5.061712599414322 -2
      vertex 12.049216850603123 6.624113018898585 -2
    endloop
  endfacet
  facet normal 0 0 1
    outer loop
      vertex 10.112712429686843 7.347315653655914 -2
      vertex 10.023318627044409 9.41252270651947 -2
      vertex 9.112107842767644 8.55683882410861 -2
    endloop
  endfacet
  facet normal 0 0 1
    outer loop
      vertex 7.967799871858622 9.631415534697364 -2
      vertex 9.112107842767644 8.55683882410861 -2
      vertex 8.764579859044483 10.5945570881671 -2
    endloop
  endfacet
  facet normal 0 0 1
    outer loop
      vertex 8.764579859044483 10.5945570881671 -2
      vertex 9.112107842767644 8.55683882410861 -2
      vertex 10.023318627044409 9.41252270651947 -2
    endloop
  endfacet
  facet normal 0 0 1
    outer loop
      vertex 6.697834937237459 10.554099068775189 -2
      vertex 7.967799871858622 9.631415534697364 -2
      vertex 7.367618430961204 11.609508975652707 -2
    endloop
  endfacet
  facet normal 0 0 1
    outer loop
      vertex 7.967799871858622 9.631415534697364 -2
      vertex 8.764579859044483 10.5945570881671 -2
      vertex 7.367618430961204 11.609508975652707 -2
    endloop
  endfacet
  facet normal 0 0 1
    outer loop
      vertex 10.953833500548296 6.0219209262714415 -2
      vertex 11.123983672655527 8.082047219021506 -2
      vertex 10.112712429686843 7.347315653655914 -2
    endloop
  endfacet
  facet normal 0 0 1
    outer loop
      vertex 10.112712429686843 7.347315653655914 -2
      vertex 11.123983672655527 8.082047219021506 -2
      vertex 10.023318627044409 9.41252270651947 -2
    endloop
  endfacet
  facet normal 0 0 -1
    outer loop
      vertex -0.7848814941164151 12.475334105353394 2
      vertex 0.8633696435280576 13.722867515888733 2
      vertex 0.784881494116416 12.475334105353394 2
    endloop
  endfacet
  facet normal 0 0 -1
    outer loop
      vertex 0.784881494116416 12.475334105353394 2
      vertex 0.8633696435280576 13.722867515888733 2
      vertex 2.5764930755537128 13.50644969751947 2
    endloop
  endfacet
  facet normal 0 0 -1
    outer loop
      vertex 0.784881494116416 12.475334105353394 2
      vertex 2.5764930755537128 13.50644969751947 2
      vertex 2.342266432321557 12.278590634108609 2
    endloop
  endfacet
  facet normal 0 0 -1
    outer loop
      vertex 2.342266432321557 12.278590634108609 2
      vertex 2.5764930755537128 13.50644969751947 2
      vertex 4.248983672655527 13.07702709905836 2
    endloop
  endfacet
  facet normal 0 0 -1
    outer loop
      vertex 3.8627124296868423 11.888206453689419 2
      vertex 5.85446525901975 12.441371971407767 2
      vertex 5.322241144563409 11.310338155825244 2
    endloop
  endfacet
  facet normal 0 0 -1
    outer loop
      vertex 2.342266432321557 12.278590634108609 2
      vertex 4.248983672655527 13.07702709905836 2
      vertex 3.8627124296868423 11.888206453689419 2
    endloop
  endfacet
  facet normal 0 0 -1
    outer loop
      vertex 3.8627124296868423 11.888206453689419 2
      vertex 4.248983672655527 13.07702709905836 2
      vertex 5.85446525901975 12.441371971407767 2
    endloop
  endfacet
  facet normal 0 0 -1
    outer loop
      vertex 5.322241144563409 11.310338155825244 2
      vertex 5.85446525901975 12.441371971407767 2
      vertex 7.367618430961204 11.609508975652707 2
    endloop
  endfacet
  facet normal 0 0 -1
    outer loop
      vertex 6.697834937237459 10.554099068775189 2
      vertex 5.322241144563409 11.310338155825244 2
      vertex 7.367618430961204 11.609508975652707 2
    endloop
  endfacet
  facet normal 0 0 -1
    outer loop
      vertex 13.641577143074072 -1.7233319615091809 2
      vertex 13.641577143074072 1.7233319615091836 2
      vertex 13.75 0 2
    endloop
  endfacet
  facet normal 0 0 -1
    outer loop
      vertex 13.641577143074072 -1.7233319615091809 2
      vertex 13.318018465518676 3.4194859485167535 2
      vertex 13.641577143074072 1.7233319615091836 2
    endloop
  endfacet
  facet normal 0 0 -1
    outer loop
      vertex 12.5 0 2
      vertex 12.401433766430973 1.5666654195538032 2
      vertex 12.784426680963456 5.061712599414322 2
    endloop
  endfacet
  facet normal 0 0 -1
    outer loop
      vertex 12.5 0 2
      vertex 12.784426680963456 5.061712599414322 2
      vertex 13.318018465518676 3.4194859485167535 2
    endloop
  endfacet
  facet normal 0 0 -1
    outer loop
      vertex 12.107289514107888 3.108623589560685 2
      vertex 11.622206073603142 4.601556908558475 2
      vertex 12.049216850603123 6.624113018898585 2
    endloop
  endfacet
  facet normal 0 0 -1
    outer loop
      vertex 10.953833500548296 6.0219209262714415 2
      vertex 12.049216850603123 6.624113018898585 2
      vertex 11.622206073603142 4.601556908558475 2
    endloop
  endfacet
  facet normal 0 0 -1
    outer loop
      vertex 12.401433766430973 1.5666654195538032 2
      vertex 12.107289514107888 3.108623589560685 2
      vertex 12.049216850603123 6.624113018898585 2
    endloop
  endfacet
  facet normal 0 0 -1
    outer loop
      vertex 12.401433766430973 1.5666654195538032 2
      vertex 12.049216850603123 6.624113018898585 2
      vertex 12.784426680963456 5.061712599414322 2
    endloop
  endfacet
  facet normal 0 0 -1
    outer loop
      vertex 6.697834937237459 10.554099068775189 2
      vertex 8.764579859044485 10.5945570881671 2
      vertex 7.967799871858622 9.631415534697364 2
    endloop
  endfacet
  facet normal 0 0 -1
    outer loop
      vertex 10.112712429686843 7.347315653655914 2
      vertex 9.112107842767644 8.55683882410861 2
      vertex 11.123983672655527 8.082047219021506 2
    endloop
  endfacet
  facet normal 0 0 -1
    outer loop
      vertex 7.967799871858622 9.631415534697364 2
      vertex 10.023318627044409 9.41252270651947 2
      vertex 9.112107842767644 8.55683882410861 2
    endloop
  endfacet
  facet normal 0 0 -1
    outer loop
      vertex 7.967799871858622 9.631415534697364 2
      vertex 8.764579859044485 10.5945570881671 2
      vertex 10.023318627044409 9.41252270651947 2
    endloop
  endfacet
  facet normal 0 0 -1
    outer loop
      vertex 9.112107842767644 8.55683882410861 2
      vertex 10.023318627044409 9.41252270651947 2
      vertex 11.123983672655527 8.082047219021506 2
    endloop
  endfacet
  facet normal 0 0 -1
    outer loop
      vertex 6.697834937237459 10.554099068775189 2
      vertex 7.367618430961204 11.609508975652707 2
      vertex 8.764579859044485 10.5945570881671 2
    endloop
  endfacet
  facet normal 0 0 -1
    outer loop
      vertex 10.953833500548296 6.0219209262714415 2
      vertex 10.112712429686843 7.347315653655914 2
      vertex 11.123983672655527 8.082047219021506 2
    endloop
  endfacet
  facet normal 0 0 -1
    outer loop
      vertex 10.953833500548296 6.0219209262714415 2
      vertex 11.123983672655527 8.082047219021506 2
      vertex 12.049216850603123 6.624113018898585 2
    endloop
  endfacet
  facet normal -0.6845471059286893 -0.728968627421411 0
    outer loop
      vertex -9.112107842767646 -8.556838824108606 -2
      vertex -7.96779987185862 -9.631415534697368 -2
      vertex -9.112107842767646 -8.556838824108606 2
    endloop
  endfacet
  facet normal -0.7705132427757891 -0.6374239897486897 0
    outer loop
      vertex -9.112107842767646 -8.556838824108606 -2
      vertex -10.112712429686843 -7.347315653655914 2
      vertex -10.112712429686843 -7.347315653655914 -2
    endloop
  endfacet
  facet normal -0.5877852522924725 -0.8090169943749479 0
    outer loop
      vertex -7.96779987185862 -9.631415534697368 -2
      vertex -6.6978349372374595 -10.554099068775187 -2
      vertex -7.96779987185862 -9.631415534697368 2
    endloop
  endfacet
  facet normal -0.8443279255020152 -0.5358267949789967 0
    outer loop
      vertex -10.112712429686843 -7.347315653655914 -2
      vertex -10.953833500548294 -6.021920926271442 2
      vertex -10.953833500548294 -6.021920926271442 -2
    endloop
  endfacet
  facet normal -0.9048270524660194 -0.42577929156507294 0
    outer loop
      vertex -11.622206073603143 -4.601556908558473 -2
      vertex -10.953833500548294 -6.021920926271442 -2
      vertex -11.622206073603143 -4.601556908558473 2
    endloop
  endfacet
  facet normal -0.9510565162951538 -0.309016994374947 0
    outer loop
      vertex -11.622206073603143 -4.601556908558473 -2
      vertex -12.107289514107888 -3.1086235895606857 2
      vertex -12.107289514107888 -3.1086235895606857 -2
    endloop
  endfacet
  facet normal -0.9822872507286886 -0.18738131458572455 0
    outer loop
      vertex -12.107289514107888 -3.1086235895606857 -2
      vertex -12.401433766430973 -1.5666654195538008 2
      vertex -12.401433766430973 -1.5666654195538008 -2
    endloop
  endfacet
  facet normal -0.9980267284282716 -0.0627905195293135 0
    outer loop
      vertex -12.401433766430973 -1.5666654195538008 -2
      vertex -12.5 0 2
      vertex -12.5 0 -2
    endloop
  endfacet
  facet normal -0.4817536741017147 -0.8763066800438638 0
    outer loop
      vertex -5.322241144563406 -11.310338155825244 -2
      vertex -6.6978349372374595 -10.554099068775187 2
      vertex -6.6978349372374595 -10.554099068775187 -2
    endloop
  endfacet
  facet normal -0.3681245526846779 -0.9297764858882515 0
    outer loop
      vertex -5.322241144563406 -11.310338155825244 -2
      vertex -3.8627124296868423 -11.888206453689419 -2
      vertex -5.322241144563406 -11.310338155825244 2
    endloop
  endfacet
  facet normal -0.24868988716485477 -0.9685831611286311 0
    outer loop
      vertex -3.8627124296868423 -11.888206453689419 -2
      vertex -2.3422664323215603 -12.278590634108607 -2
      vertex -3.8627124296868423 -11.888206453689419 2
    endloop
  endfacet
  facet normal -0.12533323356430495 -0.9921147013144777 0
    outer loop
      vertex -2.3422664323215603 -12.278590634108607 -2
      vertex -0.784881494116422 -12.475334105353394 -2
      vertex -2.3422664323215603 -12.278590634108607 2
    endloop
  endfacet
  facet normal 0 -1 0
    outer loop
      vertex -0.784881494116422 -12.475334105353394 -2
      vertex 0.784881494116422 -12.475334105353394 -2
      vertex -0.784881494116422 -12.475334105353394 2
    endloop
  endfacet
  facet normal -0.8443279255020152 -0.5358267949789967 0
    outer loop
      vertex -10.112712429686843 -7.347315653655914 -2
      vertex -10.112712429686843 -7.347315653655914 2
      vertex -10.953833500548294 -6.021920926271442 2
    endloop
  endfacet
  facet normal -0.7705132427757891 -0.6374239897486897 0
    outer loop
      vertex -9.112107842767646 -8.556838824108606 -2
      vertex -9.112107842767646 -8.556838824108606 2
      vertex -10.112712429686843 -7.347315653655914 2
    endloop
  endfacet
  facet normal -0.6845471059286893 -0.728968627421411 0
    outer loop
      vertex -7.96779987185862 -9.631415534697368 -2
      vertex -7.96779987185862 -9.631415534697368 2
      vertex -9.112107842767646 -8.556838824108606 2
    endloop
  endfacet
  facet normal -0.5877852522924725 -0.8090169943749479 0
    outer loop
      vertex -6.6978349372374595 -10.554099068775187 -2
      vertex -6.6978349372374595 -10.554099068775187 2
      vertex -7.96779987185862 -9.631415534697368 2
    endloop
  endfacet
  facet normal -0.9048270524660194 -0.42577929156507294 0
    outer loop
      vertex -10.953833500548294 -6.021920926271442 -2
      vertex -10.953833500548294 -6.021920926271442 2
      vertex -11.622206073603143 -4.601556908558473 2
    endloop
  endfacet
  facet normal -0.9510565162951538 -0.309016994374947 0
    outer loop
      vertex -11.622206073603143 -4.601556908558473 -2
      vertex -11.622206073603143 -4.601556908558473 2
      vertex -12.107289514107888 -3.1086235895606857 2
    endloop
  endfacet
  facet normal -0.9822872507286886 -0.18738131458572455 0
    outer loop
      vertex -12.107289514107888 -3.1086235895606857 -2
      vertex -12.107289514107888 -3.1086235895606857 2
      vertex -12.401433766430973 -1.5666654195538008 2
    endloop
  endfacet
  facet normal -0.9980267284282716 -0.0627905195293135 0
    outer loop
      vertex -12.401433766430973 -1.5666654195538008 -2
      vertex -12.401433766430973 -1.5666654195538008 2
      vertex -12.5 0 2
    endloop
  endfacet
  facet normal -0.4817536741017147 -0.8763066800438638 0
    outer loop
      vertex -5.322241144563406 -11.310338155825244 -2
      vertex -5.322241144563406 -11.310338155825244 2
      vertex -6.6978349372374595 -10.554099068775187 2
    endloop
  endfacet
  facet normal -0.3681245526846779 -0.9297764858882515 0
    outer loop
      vertex -3.8627124296868423 -11.888206453689419 -2
      vertex -3.8627124296868423 -11.888206453689419 2
      vertex -5.322241144563406 -11.310338155825244 2
    endloop
  endfacet
  facet normal -0.24868988716485477 -0.9685831611286311 0
    outer loop
      vertex -2.3422664323215603 -12.278590634108607 -2
      vertex -2.3422664323215603 -12.278590634108607 2
      vertex -3.8627124296868423 -11.888206453689419 2
    endloop
  endfacet
  facet normal -0.12533323356430495 -0.9921147013144777 0
    outer loop
      vertex -0.784881494116422 -12.475334105353394 -2
      vertex -0.784881494116422 -12.475334105353394 2
      vertex -2.3422664323215603 -12.278590634108607 2
    endloop
  endfacet
  facet normal -0.9980267284282716 0.0627905195293135 0
    outer loop
      vertex -12.5 0 -2
      vertex -12.401433766430973 1.5666654195538008 2
      vertex -12.401433766430973 1.5666654195538008 -2
    endloop
  endfacet
  facet normal -0.9822872507286886 0.18738131458572455 0
    outer loop
      vertex -12.401433766430973 1.5666654195538008 -2
      vertex -12.107289514107888 3.1086235895606857 2
      vertex -12.107289514107888 3.1086235895606857 -2
    endloop
  endfacet
  facet normal -0.9510565162951538 0.309016994374947 0
    outer loop
      vertex -12.107289514107888 3.1086235895606857 -2
      vertex -11.622206073603143 4.601556908558473 2
      vertex -11.622206073603143 4.601556908558473 -2
    endloop
  endfacet
  facet normal -0.9048270524660194 0.42577929156507294 0
    outer loop
      vertex -11.622206073603143 4.601556908558473 -2
      vertex -10.953833500548294 6.021920926271442 2
      vertex -10.953833500548294 6.021920926271442 -2
    endloop
  endfacet
  facet normal -0.8443279255020152 0.5358267949789967 0
    outer loop
      vertex -10.953833500548294 6.021920926271442 -2
      vertex -10.112712429686843 7.347315653655914 2
      vertex -10.112712429686843 7.347315653655914 -2
    endloop
  endfacet
  facet normal -0.7705132427757891 0.6374239897486897 0
    outer loop
      vertex -10.112712429686843 7.347315653655914 -2
      vertex -9.112107842767646 8.556838824108606 2
      vertex -9.112107842767646 8.556838824108606 -2
    endloop
  endfacet
  facet normal -0.6845471059286893 0.728968627421411 0
    outer loop
      vertex -9.112107842767646 8.556838824108606 -2
      vertex -7.96779987185862 9.631415534697368 2
      vertex -7.96779987185862 9.631415534697368 -2
    endloop
  endfacet
  facet normal -0.5877852522924725 0.8090169943749479 0
    outer loop
      vertex -7.96779987185862 9.631415534697368 -2
      vertex -6.6978349372374595 10.554099068775187 2
      vertex -6.6978349372374595 10.554099068775187 -2
    endloop
  endfacet
  facet normal -0.48175367410171566 0.8763066800438633 0
    outer loop
      vertex -6.6978349372374595 10.554099068775187 -2
      vertex -5.322241144563409 11.310338155825244 2
      vertex -5.322241144563409 11.310338155825244 -2
    endloop
  endfacet
  facet normal -0.36812455268467714 0.9297764858882517 0
    outer loop
      vertex -5.322241144563409 11.310338155825244 -2
      vertex -3.8627124296868423 11.888206453689419 2
      vertex -3.8627124296868423 11.888206453689419 -2
    endloop
  endfacet
  facet normal -0.24868988716485538 0.968583161128631 0
    outer loop
      vertex -3.8627124296868423 11.888206453689419 -2
      vertex -2.342266432321557 12.278590634108609 2
      vertex -2.342266432321557 12.278590634108609 -2
    endloop
  endfacet
  facet normal -0.12533323356430362 0.992114701314478 2.6522069723603465e-17
    outer loop
      vertex -2.342266432321557 12.278590634108609 -2
      vertex -0.7848814941164151 12.475334105353394 2
      vertex -0.784881494116416 12.475334105353394 -2
    endloop
  endfacet
  facet normal -0.9980267284282716 0.0627905195293135 0
    outer loop
      vertex -12.5 0 -2
      vertex -12.5 0 2
      vertex -12.401433766430973 1.5666654195538008 2
    endloop
  endfacet
  facet normal -0.9822872507286886 0.18738131458572455 0
    outer loop
      vertex -12.401433766430973 1.5666654195538008 -2
      vertex -12.401433766430973 1.5666654195538008 2
      vertex -12.107289514107888 3.1086235895606857 2
    endloop
  endfacet
  facet normal -0.9510565162951538 0.309016994374947 0
    outer loop
      vertex -12.107289514107888 3.1086235895606857 -2
      vertex -12.107289514107888 3.1086235895606857 2
      vertex -11.622206073603143 4.601556908558473 2
    endloop
  endfacet
  facet normal -0.9048270524660194 0.42577929156507294 0
    outer loop
      vertex -11.622206073603143 4.601556908558473 -2
      vertex -11.622206073603143 4.601556908558473 2
      vertex -10.953833500548294 6.021920926271442 2
    endloop
  endfacet
  facet normal -0.8443279255020152 0.5358267949789967 0
    outer loop
      vertex -10.953833500548294 6.021920926271442 -2
      vertex -10.953833500548294 6.021920926271442 2
      vertex -10.112712429686843 7.347315653655914 2
    endloop
  endfacet
  facet normal -0.7705132427757891 0.6374239897486897 0
    outer loop
      vertex -10.112712429686843 7.347315653655914 -2
      vertex -10.112712429686843 7.347315653655914 2
      vertex -9.112107842767646 8.556838824108606 2
    endloop
  endfacet
  facet normal -0.6845471059286893 0.728968627421411 0
    outer loop
      vertex -9.112107842767646 8.556838824108606 -2
      vertex -9.112107842767646 8.556838824108606 2
      vertex -7.96779987185862 9.631415534697368 2
    endloop
  endfacet
  facet normal -0.5877852522924725 0.8090169943749479 0
    outer loop
      vertex -7.96779987185862 9.631415534697368 -2
      vertex -7.96779987185862 9.631415534697368 2
      vertex -6.6978349372374595 10.554099068775187 2
    endloop
  endfacet
  facet normal -0.48175367410171566 0.8763066800438633 0
    outer loop
      vertex -6.6978349372374595 10.554099068775187 -2
      vertex -6.6978349372374595 10.554099068775187 2
      vertex -5.322241144563409 11.310338155825244 2
    endloop
  endfacet
  facet normal -0.36812455268467714 0.9297764858882517 0
    outer loop
      vertex -5.322241144563409 11.310338155825244 -2
      vertex -5.322241144563409 11.310338155825244 2
      vertex -3.8627124296868423 11.888206453689419 2
    endloop
  endfacet
  facet normal -0.24868988716485538 0.968583161128631 0
    outer loop
      vertex -3.8627124296868423 11.888206453689419 -2
      vertex -3.8627124296868423 11.888206453689419 2
      vertex -2.342266432321557 12.278590634108609 2
    endloop
  endfacet
  facet normal -0.12533323356430356 0.992114701314478 0
    outer loop
      vertex -2.342266432321557 12.278590634108609 -2
      vertex -2.342266432321557 12.278590634108609 2
      vertex -0.7848814941164151 12.475334105353394 2
    endloop
  endfacet
  facet normal 0 1 0
    outer loop
      vertex -0.784881494116416 12.475334105353394 -2
      vertex -0.7848814941164151 12.475334105353394 2
      vertex 0.784881494116416 12.475334105353394 2
    endloop
  endfacet
  facet normal 0.12533323356430495 -0.9921147013144777 0
    outer loop
      vertex 0.784881494116422 -12.475334105353394 -2
      vertex 2.3422664323215603 -12.278590634108607 -2
      vertex 0.784881494116422 -12.475334105353394 2
    endloop
  endfacet
  facet normal 0.24868988716485477 -0.9685831611286311 0
    outer loop
      vertex 2.3422664323215603 -12.278590634108607 -2
      vertex 3.8627124296868423 -11.888206453689419 -2
      vertex 2.3422664323215603 -12.278590634108607 2
    endloop
  endfacet
  facet normal 0.3681245526846779 -0.9297764858882515 0
    outer loop
      vertex 3.8627124296868423 -11.888206453689419 -2
      vertex 5.322241144563406 -11.310338155825244 -2
      vertex 3.8627124296868423 -11.888206453689419 2
    endloop
  endfacet
  facet normal 0.4817536741017149 -0.8763066800438637 0
    outer loop
      vertex 5.322241144563406 -11.310338155825244 -2
      vertex 6.697834937237452 -10.55409906877519 -2
      vertex 5.322241144563406 -11.310338155825244 2
    endloop
  endfacet
  facet normal 0.5877852522924727 -0.8090169943749478 0
    outer loop
      vertex 6.697834937237452 -10.55409906877519 -2
      vertex 7.967799871858625 -9.631415534697362 -2
      vertex 6.697834937237452 -10.55409906877519 2
    endloop
  endfacet
  facet normal 0.684547105928689 -0.7289686274214113 0
    outer loop
      vertex 7.967799871858625 -9.631415534697362 -2
      vertex 9.112107842767646 -8.556838824108606 -2
      vertex 7.967799871858625 -9.631415534697362 2
    endloop
  endfacet
  facet normal 0.7705132427757891 -0.6374239897486897 0
    outer loop
      vertex 9.112107842767646 -8.556838824108606 -2
      vertex 10.112712429686843 -7.347315653655914 -2
      vertex 9.112107842767646 -8.556838824108606 2
    endloop
  endfacet
  facet normal 0.8443279255020152 -0.5358267949789967 0
    outer loop
      vertex 10.112712429686843 -7.347315653655914 -2
      vertex 10.953833500548294 -6.021920926271442 -2
      vertex 10.112712429686843 -7.347315653655914 2
    endloop
  endfacet
  facet normal 0.9048270524660196 -0.42577929156507266 0
    outer loop
      vertex 10.953833500548294 -6.021920926271442 -2
      vertex 11.62220607360314 -4.6015569085584795 -2
      vertex 10.953833500548294 -6.021920926271442 2
    endloop
  endfacet
  facet normal 0.9510565162951533 -0.3090169943749479 0
    outer loop
      vertex 11.62220607360314 -4.6015569085584795 -2
      vertex 12.10728951410789 -3.1086235895606804 -2
      vertex 11.62220607360314 -4.6015569085584795 2
    endloop
  endfacet
  facet normal 0.9822872507286888 -0.1873813145857241 0
    outer loop
      vertex 12.10728951410789 -3.1086235895606804 -2
      vertex 12.401433766430973 -1.5666654195538008 -2
      vertex 12.10728951410789 -3.1086235895606804 2
    endloop
  endfacet
  facet normal 0.9980267284282716 -0.0627905195293135 0
    outer loop
      vertex 12.401433766430973 -1.5666654195538008 -2
      vertex 12.5 0 -2
      vertex 12.401433766430973 -1.5666654195538008 2
    endloop
  endfacet
  facet normal 0 -1 0
    outer loop
      vertex -0.784881494116422 -12.475334105353394 2
      vertex 0.784881494116422 -12.475334105353394 -2
      vertex 0.784881494116422 -12.475334105353394 2
    endloop
  endfacet
  facet normal 0.12533323356430495 -0.9921147013144777 0
    outer loop
      vertex 2.3422664323215603 -12.278590634108607 -2
      vertex 2.3422664323215603 -12.278590634108607 2
      vertex 0.784881494116422 -12.475334105353394 2
    endloop
  endfacet
  facet normal 0.24868988716485477 -0.9685831611286311 0
    outer loop
      vertex 3.8627124296868423 -11.888206453689419 -2
      vertex 3.8627124296868423 -11.888206453689419 2
      vertex 2.3422664323215603 -12.278590634108607 2
    endloop
  endfacet
  facet normal 0.3681245526846779 -0.9297764858882515 0
    outer loop
      vertex 5.322241144563406 -11.310338155825244 -2
      vertex 5.322241144563406 -11.310338155825244 2
      vertex 3.8627124296868423 -11.888206453689419 2
    endloop
  endfacet
  facet normal 0.4817536741017149 -0.8763066800438637 0
    outer loop
      vertex 6.697834937237452 -10.55409906877519 -2
      vertex 6.697834937237452 -10.55409906877519 2
      vertex 5.322241144563406 -11.310338155825244 2
    endloop
  endfacet
  facet normal 0.5877852522924727 -0.8090169943749478 0
    outer loop
      vertex 7.967799871858625 -9.631415534697362 -2
      vertex 7.967799871858625 -9.631415534697362 2
      vertex 6.697834937237452 -10.55409906877519 2
    endloop
  endfacet
  facet normal 0.684547105928689 -0.7289686274214113 0
    outer loop
      vertex 9.112107842767646 -8.556838824108606 -2
      vertex 9.112107842767646 -8.556838824108606 2
      vertex 7.967799871858625 -9.631415534697362 2
    endloop
  endfacet
  facet normal 0.7705132427757891 -0.6374239897486897 0
    outer loop
      vertex 10.112712429686843 -7.347315653655914 -2
      vertex 10.112712429686843 -7.347315653655914 2
      vertex 9.112107842767646 -8.556838824108606 2
    endloop
  endfacet
  facet normal 0.8443279255020152 -0.5358267949789967 0
    outer loop
      vertex 10.953833500548294 -6.021920926271442 -2
      vertex 10.953833500548294 -6.021920926271442 2
      vertex 10.112712429686843 -7.347315653655914 2
    endloop
  endfacet
  facet normal 0.9048270524660196 -0.42577929156507266 0
    outer loop
      vertex 11.62220607360314 -4.6015569085584795 -2
      vertex 11.62220607360314 -4.6015569085584795 2
      vertex 10.953833500548294 -6.021920926271442 2
    endloop
  endfacet
  facet normal 0.9510565162951533 -0.3090169943749479 0
    outer loop
      vertex 12.10728951410789 -3.1086235895606804 -2
      vertex 12.10728951410789 -3.1086235895606804 2
      vertex 11.62220607360314 -4.6015569085584795 2
    endloop
  endfacet
  facet normal 0.9822872507286888 -0.1873813145857241 0
    outer loop
      vertex 12.401433766430973 -1.5666654195538008 -2
      vertex 12.401433766430973 -1.5666654195538008 2
      vertex 12.10728951410789 -3.1086235895606804 2
    endloop
  endfacet
  facet normal 0.9980267284282716 -0.0627905195293135 0
    outer loop
      vertex 12.401433766430973 -1.5666654195538008 2
      vertex 12.5 0 -2
      vertex 12.5 0 2
    endloop
  endfacet
  facet normal 0 1 0
    outer loop
      vertex -0.784881494116416 12.475334105353394 -2
      vertex 0.784881494116416 12.475334105353394 2
      vertex 0.7848814941164151 12.475334105353394 -2
    endloop
  endfacet
  facet normal 0.12533323356430356 0.992114701314478 0
    outer loop
      vertex 0.7848814941164151 12.475334105353394 -2
      vertex 2.342266432321557 12.278590634108609 2
      vertex 2.342266432321557 12.278590634108609 -2
    endloop
  endfacet
  facet normal 0.24868988716485538 0.968583161128631 0
    outer loop
      vertex 2.342266432321557 12.278590634108609 -2
      vertex 3.8627124296868423 11.888206453689419 2
      vertex 3.8627124296868423 11.888206453689419 -2
    endloop
  endfacet
  facet normal 0.36812455268467714 0.9297764858882517 0
    outer loop
      vertex 3.8627124296868423 11.888206453689419 -2
      vertex 5.322241144563409 11.310338155825244 2
      vertex 5.322241144563409 11.310338155825244 -2
    endloop
  endfacet
  facet normal 0.48175367410171505 0.8763066800438637 0
    outer loop
      vertex 6.697834937237459 10.554099068775189 -2
      vertex 5.322241144563409 11.310338155825244 -2
      vertex 6.697834937237459 10.554099068775189 2
    endloop
  endfacet
  facet normal 0.9980267284282716 0.0627905195293134 0
    outer loop
      vertex 12.5 0 -2
      vertex 12.401433766430973 1.5666654195538032 -2
      vertex 12.5 0 2
    endloop
  endfacet
  facet normal 0.9822872507286886 0.18738131458572496 0
    outer loop
      vertex 12.401433766430973 1.5666654195538032 -2
      vertex 12.107289514107888 3.108623589560685 -2
      vertex 12.401433766430973 1.5666654195538032 2
    endloop
  endfacet
  facet normal 0.9510565162951536 0.30901699437494756 0
    outer loop
      vertex 12.107289514107888 3.108623589560685 -2
      vertex 11.622206073603142 4.601556908558475 -2
      vertex 12.107289514107888 3.108623589560685 2
    endloop
  endfacet
  facet normal 0.9048270524660199 0.42577929156507177 0
    outer loop
      vertex 10.953833500548296 6.0219209262714415 -2
      vertex 11.622206073603142 4.601556908558475 2
      vertex 11.622206073603142 4.601556908558475 -2
    endloop
  endfacet
  facet normal 0.8443279255020147 0.5358267949789971 0
    outer loop
      vertex 10.953833500548296 6.0219209262714415 -2
      vertex 10.112712429686843 7.347315653655914 -2
      vertex 10.953833500548296 6.0219209262714415 2
    endloop
  endfacet
  facet normal 0.5877852522924739 0.8090169943749469 0
    outer loop
      vertex 6.697834937237459 10.554099068775189 -2
      vertex 7.967799871858622 9.631415534697364 2
      vertex 7.967799871858622 9.631415534697364 -2
    endloop
  endfacet
  facet normal 0.7705132427757897 0.6374239897486894 0
    outer loop
      vertex 10.112712429686843 7.347315653655914 -2
      vertex 9.112107842767644 8.55683882410861 -2
      vertex 10.112712429686843 7.347315653655914 2
    endloop
  endfacet
  facet normal 0.684547105928688 0.7289686274214121 0
    outer loop
      vertex 7.967799871858622 9.631415534697364 -2
      vertex 9.112107842767644 8.55683882410861 2
      vertex 9.112107842767644 8.55683882410861 -2
    endloop
  endfacet
  facet normal 0.12533323356430362 0.992114701314478 -2.782956833076247e-17
    outer loop
      vertex 0.7848814941164151 12.475334105353394 -2
      vertex 0.784881494116416 12.475334105353394 2
      vertex 2.342266432321557 12.278590634108609 2
    endloop
  endfacet
  facet normal 0.24868988716485538 0.968583161128631 0
    outer loop
      vertex 2.342266432321557 12.278590634108609 -2
      vertex 2.342266432321557 12.278590634108609 2
      vertex 3.8627124296868423 11.888206453689419 2
    endloop
  endfacet
  facet normal 0.36812455268467714 0.9297764858882517 0
    outer loop
      vertex 3.8627124296868423 11.888206453689419 -2
      vertex 3.8627124296868423 11.888206453689419 2
      vertex 5.322241144563409 11.310338155825244 2
    endloop
  endfacet
  facet normal 0.48175367410171505 0.8763066800438637 0
    outer loop
      vertex 5.322241144563409 11.310338155825244 -2
      vertex 5.322241144563409 11.310338155825244 2
      vertex 6.697834937237459 10.554099068775189 2
    endloop
  endfacet
  facet normal 0.9980267284282716 0.0627905195293134 0
    outer loop
      vertex 12.401433766430973 1.5666654195538032 -2
      vertex 12.401433766430973 1.5666654195538032 2
      vertex 12.5 0 2
    endloop
  endfacet
  facet normal 0.9822872507286886 0.18738131458572496 0
    outer loop
      vertex 12.107289514107888 3.108623589560685 -2
      vertex 12.107289514107888 3.108623589560685 2
      vertex 12.401433766430973 1.5666654195538032 2
    endloop
  endfacet
  facet normal 0.9510565162951536 0.30901699437494756 0
    outer loop
      vertex 11.622206073603142 4.601556908558475 -2
      vertex 11.622206073603142 4.601556908558475 2
      vertex 12.107289514107888 3.108623589560685 2
    endloop
  endfacet
  facet normal 0.9048270524660199 0.42577929156507177 0
    outer loop
      vertex 10.953833500548296 6.0219209262714415 -2
      vertex 10.953833500548296 6.0219209262714415 2
      vertex 11.622206073603142 4.601556908558475 2
    endloop
  endfacet
  facet normal 0.5877852522924739 0.8090169943749469 0
    outer loop
      vertex 6.697834937237459 10.554099068775189 -2
      vertex 6.697834937237459 10.554099068775189 2
      vertex 7.967799871858622 9.631415534697364 2
    endloop
  endfacet
  facet normal 0.684547105928688 0.7289686274214121 0
    outer loop
      vertex 7.967799871858622 9.631415534697364 -2
      vertex 7.967799871858622 9.631415534697364 2
      vertex 9.112107842767644 8.55683882410861 2
    endloop
  endfacet
  facet normal 0.7705132427757897 0.6374239897486894 0
    outer loop
      vertex 9.112107842767644 8.55683882410861 -2
      vertex 9.112107842767644 8.55683882410861 2
      vertex 10.112712429686843 7.347315653655914 2
    endloop
  endfacet
  facet normal 0.8443279255020147 0.5358267949789971 0
    outer loop
      vertex 10.112712429686843 7.347315653655914 -2
      vertex 10.112712429686843 7.347315653655914 2
      vertex 10.953833500548296 6.0219209262714415 2
    endloop
  endfacet
  facet normal -0.7705132427757891 -0.6374239897486899 0
    outer loop
      vertex -10.02331862704441 -9.412522706519466 -2
      vertex -11.123983672655527 -8.082047219021506 -6
      vertex -10.02331862704441 -9.412522706519466 -6
    endloop
  endfacet
  facet normal -0.8443279255020152 -0.5358267949789965 0
    outer loop
      vertex -11.123983672655527 -8.082047219021506 -2
      vertex -12.049216850603123 -6.624113018898586 -6
      vertex -11.123983672655527 -8.082047219021506 -6
    endloop
  endfacet
  facet normal -0.8443279255020152 -0.5358267949789965 0
    outer loop
      vertex -12.049216850603123 -6.624113018898586 -2
      vertex -12.049216850603123 -6.624113018898586 -6
      vertex -11.123983672655527 -8.082047219021506 -2
    endloop
  endfacet
  facet normal -0.7705132427757891 -0.6374239897486899 0
    outer loop
      vertex -10.02331862704441 -9.412522706519466 -2
      vertex -11.123983672655527 -8.082047219021506 -2
      vertex -11.123983672655527 -8.082047219021506 -6
    endloop
  endfacet
  facet normal -0.5877852522924729 -0.8090169943749477 0
    outer loop
      vertex -7.367618430961206 -11.609508975652705 -2
      vertex -8.764579859044481 -10.594557088167104 -6
      vertex -7.367618430961206 -11.609508975652705 -6
    endloop
  endfacet
  facet normal -0.5877852522924729 -0.8090169943749477 0
    outer loop
      vertex -7.367618430961206 -11.609508975652705 -2
      vertex -8.764579859044481 -10.594557088167104 -2
      vertex -8.764579859044481 -10.594557088167104 -6
    endloop
  endfacet
  facet normal -0.684547105928689 -0.7289686274214113 0
    outer loop
      vertex -8.764579859044481 -10.594557088167104 -2
      vertex -10.02331862704441 -9.412522706519466 -6
      vertex -8.764579859044481 -10.594557088167104 -6
    endloop
  endfacet
  facet normal -0.684547105928689 -0.7289686274214113 0
    outer loop
      vertex -10.02331862704441 -9.412522706519466 -2
      vertex -10.02331862704441 -9.412522706519466 -6
      vertex -8.764579859044481 -10.594557088167104 -2
    endloop
  endfacet
  facet normal -0.9048270524660194 -0.4257792915650731 0
    outer loop
      vertex -12.049216850603123 -6.624113018898586 -2
      vertex -12.784426680963458 -5.061712599414321 -6
      vertex -12.049216850603123 -6.624113018898586 -6
    endloop
  endfacet
  facet normal -0.9510565162951539 -0.3090169943749464 0
    outer loop
      vertex -12.784426680963458 -5.061712599414321 -2
      vertex -13.318018465518676 -3.4194859485167544 -6
      vertex -12.784426680963458 -5.061712599414321 -6
    endloop
  endfacet
  facet normal -0.9048270524660194 -0.4257792915650731 0
    outer loop
      vertex -12.784426680963458 -5.061712599414321 -2
      vertex -12.784426680963458 -5.061712599414321 -6
      vertex -12.049216850603123 -6.624113018898586 -2
    endloop
  endfacet
  facet normal -0.9510565162951539 -0.3090169943749464 0
    outer loop
      vertex -12.784426680963458 -5.061712599414321 -2
      vertex -13.318018465518676 -3.4194859485167544 -2
      vertex -13.318018465518676 -3.4194859485167544 -6
    endloop
  endfacet
  facet normal -0.9822872507286885 -0.18738131458572585 0
    outer loop
      vertex -13.318018465518676 -3.4194859485167544 -2
      vertex -13.641577143074072 -1.7233319615091809 -6
      vertex -13.318018465518676 -3.4194859485167544 -6
    endloop
  endfacet
  facet normal -0.9980267284282716 -0.06279051952931268 0
    outer loop
      vertex -13.641577143074072 -1.7233319615091809 -2
      vertex -13.75 0 -6
      vertex -13.641577143074072 -1.7233319615091809 -6
    endloop
  endfacet
  facet normal -0.9822872507286885 -0.18738131458572585 0
    outer loop
      vertex -13.641577143074072 -1.7233319615091809 -2
      vertex -13.641577143074072 -1.7233319615091809 -6
      vertex -13.318018465518676 -3.4194859485167544 -2
    endloop
  endfacet
  facet normal -0.9980267284282716 -0.06279051952931268 0
    outer loop
      vertex -13.641577143074072 -1.7233319615091809 -2
      vertex -13.75 0 -2
      vertex -13.75 0 -6
    endloop
  endfacet
  facet normal -0.4817536741017151 -0.8763066800438636 0
    outer loop
      vertex -5.854465259019746 -12.441371971407769 -2
      vertex -7.367618430961206 -11.609508975652705 -6
      vertex -5.854465259019746 -12.441371971407769 -6
    endloop
  endfacet
  facet normal -0.368124552684678 -0.9297764858882515 0
    outer loop
      vertex -4.248983672655527 -13.07702709905836 -2
      vertex -5.854465259019746 -12.441371971407769 -6
      vertex -4.248983672655527 -13.07702709905836 -6
    endloop
  endfacet
  facet normal -0.368124552684678 -0.9297764858882515 0
    outer loop
      vertex -5.854465259019746 -12.441371971407769 -2
      vertex -5.854465259019746 -12.441371971407769 -6
      vertex -4.248983672655527 -13.07702709905836 -2
    endloop
  endfacet
  facet normal -0.4817536741017151 -0.8763066800438636 0
    outer loop
      vertex -7.367618430961206 -11.609508975652705 -2
      vertex -7.367618430961206 -11.609508975652705 -6
      vertex -5.854465259019746 -12.441371971407769 -2
    endloop
  endfacet
  facet normal -0.24868988716485482 -0.9685831611286311 0
    outer loop
      vertex -2.5764930755537163 -13.506449697519468 -2
      vertex -4.248983672655527 -13.07702709905836 -2
      vertex -4.248983672655527 -13.07702709905836 -6
    endloop
  endfacet
  facet normal -0.24868988716485482 -0.9685831611286311 0
    outer loop
      vertex -2.5764930755537163 -13.506449697519468 -2
      vertex -4.248983672655527 -13.07702709905836 -6
      vertex -2.5764930755537163 -13.506449697519468 -6
    endloop
  endfacet
  facet normal -0.12533323356430498 -0.9921147013144778 6.957392082690693e-18
    outer loop
      vertex -0.8633696435280642 -13.722867515888733 -2
      vertex -2.5764930755537163 -13.506449697519468 -6
      vertex -0.8633696435280644 -13.722867515888733 -6
    endloop
  endfacet
  facet normal -0.12533323356430498 -0.9921147013144778 0
    outer loop
      vertex -2.5764930755537163 -13.506449697519468 -2
      vertex -2.5764930755537163 -13.506449697519468 -6
      vertex -0.8633696435280642 -13.722867515888733 -2
    endloop
  endfacet
  facet normal 0 -1 0
    outer loop
      vertex -0.8633696435280642 -13.722867515888733 -2
      vertex -0.8633696435280644 -13.722867515888733 -6
      vertex 0.8633696435280642 -13.722867515888733 -2
    endloop
  endfacet
  facet normal -0.7705132427757891 -0.6374239897486899 0
    outer loop
      vertex -10.02331862704441 -9.412522706519466 2
      vertex -10.02331862704441 -9.412522706519466 6
      vertex -11.123983672655527 -8.082047219021506 2
    endloop
  endfacet
  facet normal -0.8443279255020152 -0.5358267949789965 0
    outer loop
      vertex -12.049216850603123 -6.624113018898586 2
      vertex -11.123983672655527 -8.082047219021506 2
      vertex -11.123983672655527 -8.082047219021506 6
    endloop
  endfacet
  facet normal -0.8443279255020152 -0.5358267949789965 0
    outer loop
      vertex -12.049216850603123 -6.624113018898586 2
      vertex -11.123983672655527 -8.082047219021506 6
      vertex -12.049216850603123 -6.624113018898586 6
    endloop
  endfacet
  facet normal -0.7705132427757891 -0.6374239897486899 0
    outer loop
      vertex -11.123983672655527 -8.082047219021506 2
      vertex -10.02331862704441 -9.412522706519466 6
      vertex -11.123983672655527 -8.082047219021506 6
    endloop
  endfacet
  facet normal -0.5877852522924724 -0.809016994374948 0
    outer loop
      vertex -7.367618430961206 -11.609508975652705 2
      vertex -7.367618430961206 -11.609508975652705 6
      vertex -8.764579859044483 -10.594557088167104 2
    endloop
  endfacet
  facet normal -0.5877852522924724 -0.809016994374948 0
    outer loop
      vertex -8.764579859044483 -10.594557088167104 2
      vertex -7.367618430961206 -11.609508975652705 6
      vertex -8.764579859044483 -10.594557088167104 6
    endloop
  endfacet
  facet normal -0.6845471059286894 -0.7289686274214109 0
    outer loop
      vertex -10.02331862704441 -9.412522706519466 2
      vertex -8.764579859044483 -10.594557088167104 2
      vertex -8.764579859044483 -10.594557088167104 6
    endloop
  endfacet
  facet normal -0.6845471059286894 -0.7289686274214109 0
    outer loop
      vertex -10.02331862704441 -9.412522706519466 2
      vertex -8.764579859044483 -10.594557088167104 6
      vertex -10.02331862704441 -9.412522706519466 6
    endloop
  endfacet
  facet normal -0.9048270524660194 -0.4257792915650731 0
    outer loop
      vertex -12.784426680963458 -5.061712599414321 2
      vertex -12.049216850603123 -6.624113018898586 2
      vertex -12.049216850603123 -6.624113018898586 6
    endloop
  endfacet
  facet normal -0.9510565162951539 -0.3090169943749464 0
    outer loop
      vertex -12.784426680963458 -5.061712599414321 2
      vertex -12.784426680963458 -5.061712599414321 6
      vertex -13.318018465518676 -3.4194859485167544 2
    endloop
  endfacet
  facet normal -0.9048270524660194 -0.4257792915650731 0
    outer loop
      vertex -12.784426680963458 -5.061712599414321 2
      vertex -12.049216850603123 -6.624113018898586 6
      vertex -12.784426680963458 -5.061712599414321 6
    endloop
  endfacet
  facet normal -0.9510565162951539 -0.3090169943749464 0
    outer loop
      vertex -13.318018465518676 -3.4194859485167544 2
      vertex -12.784426680963458 -5.061712599414321 6
      vertex -13.318018465518676 -3.4194859485167544 6
    endloop
  endfacet
  facet normal -0.9822872507286885 -0.18738131458572585 0
    outer loop
      vertex -13.641577143074072 -1.7233319615091809 2
      vertex -13.318018465518676 -3.4194859485167544 2
      vertex -13.318018465518676 -3.4194859485167544 6
    endloop
  endfacet
  facet normal -0.9980267284282716 -0.06279051952931268 0
    outer loop
      vertex -13.641577143074072 -1.7233319615091809 2
      vertex -13.641577143074072 -1.7233319615091809 6
      vertex -13.75 0 2
    endloop
  endfacet
  facet normal -0.9822872507286885 -0.18738131458572585 0
    outer loop
      vertex -13.641577143074072 -1.7233319615091809 2
      vertex -13.318018465518676 -3.4194859485167544 6
      vertex -13.641577143074072 -1.7233319615091809 6
    endloop
  endfacet
  facet normal -0.9980267284282716 -0.06279051952931268 0
    outer loop
      vertex -13.75 0 2
      vertex -13.641577143074072 -1.7233319615091809 6
      vertex -13.75 0 6
    endloop
  endfacet
  facet normal -0.4817536741017151 -0.8763066800438636 0
    outer loop
      vertex -7.367618430961206 -11.609508975652705 2
      vertex -5.854465259019746 -12.441371971407769 2
      vertex -5.854465259019746 -12.441371971407769 6
    endloop
  endfacet
  facet normal -0.368124552684678 -0.9297764858882515 0
    outer loop
      vertex -5.854465259019746 -12.441371971407769 2
      vertex -4.248983672655527 -13.07702709905836 2
      vertex -4.248983672655527 -13.07702709905836 6
    endloop
  endfacet
  facet normal -0.368124552684678 -0.9297764858882515 0
    outer loop
      vertex -5.854465259019746 -12.441371971407769 2
      vertex -4.248983672655527 -13.07702709905836 6
      vertex -5.854465259019746 -12.441371971407769 6
    endloop
  endfacet
  facet normal -0.4817536741017151 -0.8763066800438636 0
    outer loop
      vertex -7.367618430961206 -11.609508975652705 2
      vertex -5.854465259019746 -12.441371971407769 6
      vertex -7.367618430961206 -11.609508975652705 6
    endloop
  endfacet
  facet normal -0.24868988716485482 -0.9685831611286311 0
    outer loop
      vertex -4.248983672655527 -13.07702709905836 2
      vertex -2.5764930755537163 -13.506449697519468 6
      vertex -4.248983672655527 -13.07702709905836 6
    endloop
  endfacet
  facet normal -0.24868988716485482 -0.9685831611286311 0
    outer loop
      vertex -2.5764930755537163 -13.506449697519468 2
      vertex -2.5764930755537163 -13.506449697519468 6
      vertex -4.248983672655527 -13.07702709905836 2
    endloop
  endfacet
  facet normal -0.12533323356430498 -0.9921147013144778 0
    outer loop
      vertex -2.5764930755537163 -13.506449697519468 2
      vertex -0.8633696435280642 -13.722867515888733 2
      vertex -0.8633696435280642 -13.722867515888733 6
    endloop
  endfacet
  facet normal -0.12533323356430498 -0.9921147013144778 0
    outer loop
      vertex -2.5764930755537163 -13.506449697519468 2
      vertex -0.8633696435280642 -13.722867515888733 6
      vertex -2.5764930755537163 -13.506449697519468 6
    endloop
  endfacet
  facet normal 0 -1 0
    outer loop
      vertex -0.8633696435280642 -13.722867515888733 2
      vertex 0.8633696435280644 -13.722867515888733 6
      vertex -0.8633696435280642 -13.722867515888733 6
    endloop
  endfacet
  facet normal -0.9980267284282716 0.06279051952931268 0
    outer loop
      vertex -13.75 0 -2
      vertex -13.641577143074072 1.7233319615091809 -6
      vertex -13.75 0 -6
    endloop
  endfacet
  facet normal -0.9822872507286885 0.18738131458572585 0
    outer loop
      vertex -13.641577143074072 1.7233319615091809 -2
      vertex -13.318018465518676 3.4194859485167544 -6
      vertex -13.641577143074072 1.7233319615091809 -6
    endloop
  endfacet
  facet normal -0.9980267284282716 0.06279051952931268 0
    outer loop
      vertex -13.75 0 -2
      vertex -13.641577143074072 1.7233319615091809 -2
      vertex -13.641577143074072 1.7233319615091809 -6
    endloop
  endfacet
  facet normal -0.9822872507286885 0.18738131458572585 0
    outer loop
      vertex -13.641577143074072 1.7233319615091809 -2
      vertex -13.318018465518676 3.4194859485167544 -2
      vertex -13.318018465518676 3.4194859485167544 -6
    endloop
  endfacet
  facet normal -0.9510565162951539 0.3090169943749464 0
    outer loop
      vertex -13.318018465518676 3.4194859485167544 -2
      vertex -12.784426680963458 5.061712599414321 -6
      vertex -13.318018465518676 3.4194859485167544 -6
    endloop
  endfacet
  facet normal -0.9048270524660194 0.4257792915650731 0
    outer loop
      vertex -12.784426680963458 5.061712599414321 -2
      vertex -12.049216850603123 6.624113018898586 -6
      vertex -12.784426680963458 5.061712599414321 -6
    endloop
  endfacet
  facet normal -0.9510565162951539 0.3090169943749464 0
    outer loop
      vertex -13.318018465518676 3.4194859485167544 -2
      vertex -12.784426680963458 5.061712599414321 -2
      vertex -12.784426680963458 5.061712599414321 -6
    endloop
  endfacet
  facet normal -0.9048270524660194 0.4257792915650731 0
    outer loop
      vertex -12.784426680963458 5.061712599414321 -2
      vertex -12.049216850603123 6.624113018898586 -2
      vertex -12.049216850603123 6.624113018898586 -6
    endloop
  endfacet
  facet normal -0.8443279255020152 0.5358267949789965 0
    outer loop
      vertex -12.049216850603123 6.624113018898586 -2
      vertex -11.123983672655527 8.082047219021506 -6
      vertex -12.049216850603123 6.624113018898586 -6
    endloop
  endfacet
  facet normal -0.7705132427757891 0.6374239897486899 0
    outer loop
      vertex -11.123983672655527 8.082047219021506 -2
      vertex -10.02331862704441 9.412522706519466 -6
      vertex -11.123983672655527 8.082047219021506 -6
    endloop
  endfacet
  facet normal -0.8443279255020152 0.5358267949789965 0
    outer loop
      vertex -12.049216850603123 6.624113018898586 -2
      vertex -11.123983672655527 8.082047219021506 -2
      vertex -11.123983672655527 8.082047219021506 -6
    endloop
  endfacet
  facet normal -0.7705132427757891 0.6374239897486899 0
    outer loop
      vertex -11.123983672655527 8.082047219021506 -2
      vertex -10.02331862704441 9.412522706519466 -2
      vertex -10.02331862704441 9.412522706519466 -6
    endloop
  endfacet
  facet normal -0.6845471059286894 0.7289686274214109 0
    outer loop
      vertex -10.02331862704441 9.412522706519466 -2
      vertex -8.764579859044483 10.594557088167104 -6
      vertex -10.02331862704441 9.412522706519466 -6
    endloop
  endfacet
  facet normal -0.6845471059286894 0.7289686274214109 0
    outer loop
      vertex -10.02331862704441 9.412522706519466 -2
      vertex -8.764579859044483 10.594557088167104 -2
      vertex -8.764579859044483 10.594557088167104 -6
    endloop
  endfacet
  facet normal -0.5877852522924724 0.809016994374948 0
    outer loop
      vertex -8.764579859044483 10.594557088167104 -2
      vertex -7.367618430961206 11.609508975652705 -6
      vertex -8.764579859044483 10.594557088167104 -6
    endloop
  endfacet
  facet normal -0.5877852522924724 0.809016994374948 0
    outer loop
      vertex -8.764579859044483 10.594557088167104 -2
      vertex -7.367618430961206 11.609508975652705 -2
      vertex -7.367618430961206 11.609508975652705 -6
    endloop
  endfacet
  facet normal -0.48175367410171516 0.8763066800438636 0
    outer loop
      vertex -7.367618430961206 11.609508975652705 -2
      vertex -5.85446525901975 12.441371971407767 -6
      vertex -7.367618430961206 11.609508975652705 -6
    endloop
  endfacet
  facet normal -0.36812455268467814 0.9297764858882513 0
    outer loop
      vertex -5.85446525901975 12.441371971407767 -2
      vertex -4.248983672655527 13.07702709905836 -6
      vertex -5.85446525901975 12.441371971407767 -6
    endloop
  endfacet
  facet normal -0.24868988716485532 0.968583161128631 0
    outer loop
      vertex -4.248983672655527 13.07702709905836 -2
      vertex -2.5764930755537128 13.50644969751947 -6
      vertex -4.248983672655527 13.07702709905836 -6
    endloop
  endfacet
  facet normal -0.48175367410171516 0.8763066800438636 0
    outer loop
      vertex -7.367618430961206 11.609508975652705 -2
      vertex -5.85446525901975 12.441371971407767 -2
      vertex -5.85446525901975 12.441371971407767 -6
    endloop
  endfacet
  facet normal -0.36812455268467814 0.9297764858882513 0
    outer loop
      vertex -5.85446525901975 12.441371971407767 -2
      vertex -4.248983672655527 13.07702709905836 -2
      vertex -4.248983672655527 13.07702709905836 -6
    endloop
  endfacet
  facet normal -0.12533323356430373 0.9921147013144779 0
    outer loop
      vertex -2.5764930755537128 13.50644969751947 -2
      vertex -0.8633696435280576 13.722867515888733 -6
      vertex -2.5764930755537128 13.50644969751947 -6
    endloop
  endfacet
  facet normal 0 1 0
    outer loop
      vertex -0.8633696435280576 13.722867515888733 -2
      vertex 0.8633696435280575 13.722867515888733 -6
      vertex -0.8633696435280576 13.722867515888733 -6
    endloop
  endfacet
  facet normal -0.24868988716485532 0.968583161128631 0
    outer loop
      vertex -4.248983672655527 13.07702709905836 -2
      vertex -2.5764930755537128 13.50644969751947 -2
      vertex -2.5764930755537128 13.50644969751947 -6
    endloop
  endfacet
  facet normal -0.12533323356430373 0.9921147013144779 0
    outer loop
      vertex -2.5764930755537128 13.50644969751947 -2
      vertex -0.8633696435280576 13.722867515888733 -2
      vertex -0.8633696435280576 13.722867515888733 -6
    endloop
  endfacet
  facet normal -0.9980267284282716 0.06279051952931268 0
    outer loop
      vertex -13.75 0 2
      vertex -13.75 0 6
      vertex -13.641577143074072 1.7233319615091809 2
    endloop
  endfacet
  facet normal -0.9822872507286885 0.18738131458572585 0
    outer loop
      vertex -13.641577143074072 1.7233319615091809 2
      vertex -13.641577143074072 1.7233319615091809 6
      vertex -13.318018465518676 3.4194859485167544 2
    endloop
  endfacet
  facet normal -0.9980267284282716 0.06279051952931268 0
    outer loop
      vertex -13.641577143074072 1.7233319615091809 2
      vertex -13.75 0 6
      vertex -13.641577143074072 1.7233319615091809 6
    endloop
  endfacet
  facet normal -0.9822872507286885 0.18738131458572585 0
    outer loop
      vertex -13.318018465518676 3.4194859485167544 2
      vertex -13.641577143074072 1.7233319615091809 6
      vertex -13.318018465518676 3.4194859485167544 6
    endloop
  endfacet
  facet normal -0.9510565162951539 0.3090169943749464 0
    outer loop
      vertex -13.318018465518676 3.4194859485167544 2
      vertex -13.318018465518676 3.4194859485167544 6
      vertex -12.784426680963458 5.061712599414321 2
    endloop
  endfacet
  facet normal -0.9048270524660194 0.4257792915650731 0
    outer loop
      vertex -12.784426680963458 5.061712599414321 2
      vertex -12.784426680963458 5.061712599414321 6
      vertex -12.049216850603123 6.624113018898586 2
    endloop
  endfacet
  facet normal -0.9510565162951539 0.3090169943749464 0
    outer loop
      vertex -12.784426680963458 5.061712599414321 2
      vertex -13.318018465518676 3.4194859485167544 6
      vertex -12.784426680963458 5.061712599414321 6
    endloop
  endfacet
  facet normal -0.9048270524660194 0.4257792915650731 0
    outer loop
      vertex -12.049216850603123 6.624113018898586 2
      vertex -12.784426680963458 5.061712599414321 6
      vertex -12.049216850603123 6.624113018898586 6
    endloop
  endfacet
  facet normal -0.8443279255020152 0.5358267949789965 0
    outer loop
      vertex -12.049216850603123 6.624113018898586 2
      vertex -12.049216850603123 6.624113018898586 6
      vertex -11.123983672655527 8.082047219021506 2
    endloop
  endfacet
  facet normal -0.7705132427757891 0.6374239897486899 0
    outer loop
      vertex -11.123983672655527 8.082047219021506 2
      vertex -11.123983672655527 8.082047219021506 6
      vertex -10.02331862704441 9.412522706519466 2
    endloop
  endfacet
  facet normal -0.8443279255020152 0.5358267949789965 0
    outer loop
      vertex -11.123983672655527 8.082047219021506 2
      vertex -12.049216850603123 6.624113018898586 6
      vertex -11.123983672655527 8.082047219021506 6
    endloop
  endfacet
  facet normal -0.7705132427757891 0.6374239897486899 0
    outer loop
      vertex -10.02331862704441 9.412522706519466 2
      vertex -11.123983672655527 8.082047219021506 6
      vertex -10.02331862704441 9.412522706519466 6
    endloop
  endfacet
  facet normal -0.684547105928689 0.7289686274214113 0
    outer loop
      vertex -10.02331862704441 9.412522706519466 2
      vertex -10.02331862704441 9.412522706519466 6
      vertex -8.764579859044481 10.594557088167104 2
    endloop
  endfacet
  facet normal -0.684547105928689 0.7289686274214113 0
    outer loop
      vertex -8.764579859044481 10.594557088167104 2
      vertex -10.02331862704441 9.412522706519466 6
      vertex -8.764579859044481 10.594557088167104 6
    endloop
  endfacet
  facet normal -0.5877852522924729 0.8090169943749477 0
    outer loop
      vertex -8.764579859044481 10.594557088167104 2
      vertex -8.764579859044481 10.594557088167104 6
      vertex -7.367618430961206 11.609508975652705 2
    endloop
  endfacet
  facet normal -0.5877852522924729 0.8090169943749477 0
    outer loop
      vertex -7.367618430961206 11.609508975652705 2
      vertex -8.764579859044481 10.594557088167104 6
      vertex -7.367618430961206 11.609508975652705 6
    endloop
  endfacet
  facet normal -0.481753674101715 0.8763066800438638 0
    outer loop
      vertex -7.367618430961206 11.609508975652705 2
      vertex -5.854465259019749 12.441371971407767 6
      vertex -5.854465259019749 12.441371971407767 2
    endloop
  endfacet
  facet normal -0.3681245526846783 0.9297764858882513 0
    outer loop
      vertex -5.854465259019749 12.441371971407767 2
      vertex -5.854465259019749 12.441371971407767 6
      vertex -4.248983672655527 13.07702709905836 2
    endloop
  endfacet
  facet normal -0.24868988716485532 0.968583161128631 0
    outer loop
      vertex -4.248983672655527 13.07702709905836 2
      vertex -4.248983672655527 13.07702709905836 6
      vertex -2.5764930755537128 13.50644969751947 2
    endloop
  endfacet
  facet normal -0.481753674101715 0.8763066800438638 0
    outer loop
      vertex -7.367618430961206 11.609508975652705 2
      vertex -7.367618430961206 11.609508975652705 6
      vertex -5.854465259019749 12.441371971407767 6
    endloop
  endfacet
  facet normal -0.3681245526846783 0.9297764858882513 0
    outer loop
      vertex -4.248983672655527 13.07702709905836 2
      vertex -5.854465259019749 12.441371971407767 6
      vertex -4.248983672655527 13.07702709905836 6
    endloop
  endfacet
  facet normal -0.1253332335643037 0.9921147013144779 0
    outer loop
      vertex -2.5764930755537128 13.50644969751947 2
      vertex -2.5764930755537128 13.50644969751947 6
      vertex -0.863369643528057 13.722867515888733 2
    endloop
  endfacet
  facet normal 0 1 0
    outer loop
      vertex -0.863369643528057 13.722867515888733 2
      vertex -0.8633696435280575 13.722867515888733 6
      vertex 0.8633696435280576 13.722867515888733 2
    endloop
  endfacet
  facet normal -0.24868988716485532 0.968583161128631 0
    outer loop
      vertex -2.5764930755537128 13.50644969751947 2
      vertex -4.248983672655527 13.07702709905836 6
      vertex -2.5764930755537128 13.50644969751947 6
    endloop
  endfacet
  facet normal -0.12533323356430373 0.9921147013144779 -1.3914784165381248e-17
    outer loop
      vertex -0.863369643528057 13.722867515888733 2
      vertex -2.5764930755537128 13.50644969751947 6
      vertex -0.8633696435280575 13.722867515888733 6
    endloop
  endfacet
  facet normal 0 -1 0
    outer loop
      vertex 0.8633696435280642 -13.722867515888733 -2
      vertex -0.8633696435280644 -13.722867515888733 -6
      vertex 0.8633696435280642 -13.722867515888733 -6
    endloop
  endfacet
  facet normal 0.12533323356430498 -0.9921147013144778 0
    outer loop
      vertex 2.5764930755537163 -13.506449697519468 -2
      vertex 0.8633696435280642 -13.722867515888733 -6
      vertex 2.5764930755537163 -13.506449697519468 -6
    endloop
  endfacet
  facet normal 0.12533323356430498 -0.9921147013144778 0
    outer loop
      vertex 0.8633696435280642 -13.722867515888733 -2
      vertex 0.8633696435280642 -13.722867515888733 -6
      vertex 2.5764930755537163 -13.506449697519468 -2
    endloop
  endfacet
  facet normal 0.24868988716485482 -0.9685831611286311 0
    outer loop
      vertex 2.5764930755537163 -13.506449697519468 -2
      vertex 2.5764930755537163 -13.506449697519468 -6
      vertex 4.248983672655527 -13.07702709905836 -2
    endloop
  endfacet
  facet normal 0.24868988716485482 -0.9685831611286311 0
    outer loop
      vertex 4.248983672655527 -13.07702709905836 -2
      vertex 2.5764930755537163 -13.506449697519468 -6
      vertex 4.248983672655527 -13.07702709905836 -6
    endloop
  endfacet
  facet normal 0.368124552684678 -0.9297764858882515 0
    outer loop
      vertex 5.854465259019746 -12.441371971407769 -2
      vertex 4.248983672655527 -13.07702709905836 -6
      vertex 5.854465259019746 -12.441371971407769 -6
    endloop
  endfacet
  facet normal 0.4817536741017147 -0.8763066800438639 0
    outer loop
      vertex 7.367618430961198 -11.60950897565271 -2
      vertex 5.854465259019746 -12.441371971407769 -6
      vertex 7.367618430961198 -11.60950897565271 -6
    endloop
  endfacet
  facet normal 0.368124552684678 -0.9297764858882515 0
    outer loop
      vertex 4.248983672655527 -13.07702709905836 -2
      vertex 4.248983672655527 -13.07702709905836 -6
      vertex 5.854465259019746 -12.441371971407769 -2
    endloop
  endfacet
  facet normal 0.4817536741017147 -0.8763066800438639 0
    outer loop
      vertex 5.854465259019746 -12.441371971407769 -2
      vertex 5.854465259019746 -12.441371971407769 -6
      vertex 7.367618430961198 -11.60950897565271 -2
    endloop
  endfacet
  facet normal 0.5877852522924732 -0.8090169943749475 0
    outer loop
      vertex 8.764579859044487 -10.594557088167099 -2
      vertex 7.367618430961198 -11.60950897565271 -6
      vertex 8.764579859044487 -10.594557088167099 -6
    endloop
  endfacet
  facet normal 0.5877852522924732 -0.8090169943749475 0
    outer loop
      vertex 7.367618430961198 -11.60950897565271 -2
      vertex 7.367618430961198 -11.60950897565271 -6
      vertex 8.764579859044487 -10.594557088167099 -2
    endloop
  endfacet
  facet normal 0.6845471059286887 -0.7289686274214113 0
    outer loop
      vertex 10.02331862704441 -9.412522706519466 -2
      vertex 8.764579859044487 -10.594557088167099 -6
      vertex 10.02331862704441 -9.412522706519466 -6
    endloop
  endfacet
  facet normal 0.6845471059286887 -0.7289686274214113 0
    outer loop
      vertex 8.764579859044487 -10.594557088167099 -2
      vertex 8.764579859044487 -10.594557088167099 -6
      vertex 10.02331862704441 -9.412522706519466 -2
    endloop
  endfacet
  facet normal 0.7705132427757891 -0.6374239897486899 0
    outer loop
      vertex 11.123983672655527 -8.082047219021506 -2
      vertex 10.02331862704441 -9.412522706519466 -6
      vertex 11.123983672655527 -8.082047219021506 -6
    endloop
  endfacet
  facet normal 0.8443279255020152 -0.5358267949789965 0
    outer loop
      vertex 12.049216850603123 -6.624113018898586 -2
      vertex 11.123983672655527 -8.082047219021506 -6
      vertex 12.049216850603123 -6.624113018898586 -6
    endloop
  endfacet
  facet normal 0.7705132427757891 -0.6374239897486899 0
    outer loop
      vertex 10.02331862704441 -9.412522706519466 -2
      vertex 10.02331862704441 -9.412522706519466 -6
      vertex 11.123983672655527 -8.082047219021506 -2
    endloop
  endfacet
  facet normal 0.8443279255020152 -0.5358267949789965 0
    outer loop
      vertex 11.123983672655527 -8.082047219021506 -2
      vertex 11.123983672655527 -8.082047219021506 -6
      vertex 12.049216850603123 -6.624113018898586 -2
    endloop
  endfacet
  facet normal 0.9048270524660195 -0.42577929156507305 0
    outer loop
      vertex 12.784426680963454 -5.061712599414328 -2
      vertex 12.049216850603123 -6.624113018898586 -6
      vertex 12.784426680963454 -5.061712599414328 -6
    endloop
  endfacet
  facet normal 0.9510565162951538 -0.309016994374947 0
    outer loop
      vertex 13.318018465518678 -3.4194859485167486 -2
      vertex 12.784426680963454 -5.061712599414328 -6
      vertex 13.318018465518678 -3.4194859485167486 -6
    endloop
  endfacet
  facet normal 0.9048270524660195 -0.42577929156507305 0
    outer loop
      vertex 12.049216850603123 -6.624113018898586 -2
      vertex 12.049216850603123 -6.624113018898586 -6
      vertex 12.784426680963454 -5.061712599414328 -2
    endloop
  endfacet
  facet normal 0.9510565162951538 -0.309016994374947 0
    outer loop
      vertex 12.784426680963454 -5.061712599414328 -2
      vertex 12.784426680963454 -5.061712599414328 -6
      vertex 13.318018465518678 -3.4194859485167486 -2
    endloop
  endfacet
  facet normal 0.9822872507286885 -0.1873813145857255 0
    outer loop
      vertex 13.641577143074072 -1.7233319615091809 -2
      vertex 13.318018465518678 -3.4194859485167486 -6
      vertex 13.641577143074072 -1.7233319615091809 -6
    endloop
  endfacet
  facet normal 0.9980267284282716 -0.06279051952931268 0
    outer loop
      vertex 13.75 0 -2
      vertex 13.641577143074072 -1.7233319615091809 -6
      vertex 13.75 0 -6
    endloop
  endfacet
  facet normal 0.9822872507286885 -0.1873813145857255 0
    outer loop
      vertex 13.318018465518678 -3.4194859485167486 -2
      vertex 13.318018465518678 -3.4194859485167486 -6
      vertex 13.641577143074072 -1.7233319615091809 -2
    endloop
  endfacet
  facet normal 0.9980267284282716 -0.06279051952931268 0
    outer loop
      vertex 13.641577143074072 -1.7233319615091809 -2
      vertex 13.641577143074072 -1.7233319615091809 -6
      vertex 13.75 0 -2
    endloop
  endfacet
  facet normal 0 -1 0
    outer loop
      vertex -0.8633696435280642 -13.722867515888733 2
      vertex 0.8633696435280642 -13.722867515888733 2
      vertex 0.8633696435280644 -13.722867515888733 6
    endloop
  endfacet
  facet normal 0.12533323356430498 -0.9921147013144778 0
    outer loop
      vertex 0.8633696435280642 -13.722867515888733 2
      vertex 2.5764930755537163 -13.506449697519468 2
      vertex 2.5764930755537163 -13.506449697519468 6
    endloop
  endfacet
  facet normal 0.12533323356430498 -0.9921147013144778 -6.957392082690693e-18
    outer loop
      vertex 0.8633696435280642 -13.722867515888733 2
      vertex 2.5764930755537163 -13.506449697519468 6
      vertex 0.8633696435280644 -13.722867515888733 6
    endloop
  endfacet
  facet normal 0.24868988716485482 -0.9685831611286311 0
    outer loop
      vertex 2.5764930755537163 -13.506449697519468 2
      vertex 4.248983672655527 -13.07702709905836 6
      vertex 2.5764930755537163 -13.506449697519468 6
    endloop
  endfacet
  facet normal 0.24868988716485482 -0.9685831611286311 0
    outer loop
      vertex 2.5764930755537163 -13.506449697519468 2
      vertex 4.248983672655527 -13.07702709905836 2
      vertex 4.248983672655527 -13.07702709905836 6
    endloop
  endfacet
  facet normal 0.368124552684678 -0.9297764858882515 0
    outer loop
      vertex 4.248983672655527 -13.07702709905836 2
      vertex 5.854465259019746 -12.441371971407769 2
      vertex 5.854465259019746 -12.441371971407769 6
    endloop
  endfacet
  facet normal 0.4817536741017147 -0.8763066800438639 0
    outer loop
      vertex 5.854465259019746 -12.441371971407769 2
      vertex 7.367618430961198 -11.60950897565271 2
      vertex 7.367618430961198 -11.60950897565271 6
    endloop
  endfacet
  facet normal 0.368124552684678 -0.9297764858882515 0
    outer loop
      vertex 4.248983672655527 -13.07702709905836 2
      vertex 5.854465259019746 -12.441371971407769 6
      vertex 4.248983672655527 -13.07702709905836 6
    endloop
  endfacet
  facet normal 0.4817536741017147 -0.8763066800438639 0
    outer loop
      vertex 5.854465259019746 -12.441371971407769 2
      vertex 7.367618430961198 -11.60950897565271 6
      vertex 5.854465259019746 -12.441371971407769 6
    endloop
  endfacet
  facet normal 0.5877852522924732 -0.8090169943749475 0
    outer loop
      vertex 7.367618430961198 -11.60950897565271 2
      vertex 8.764579859044487 -10.594557088167099 2
      vertex 8.764579859044487 -10.594557088167099 6
    endloop
  endfacet
  facet normal 0.5877852522924732 -0.8090169943749475 0
    outer loop
      vertex 7.367618430961198 -11.60950897565271 2
      vertex 8.764579859044487 -10.594557088167099 6
      vertex 7.367618430961198 -11.60950897565271 6
    endloop
  endfacet
  facet normal 0.6845471059286887 -0.7289686274214113 0
    outer loop
      vertex 8.764579859044487 -10.594557088167099 2
      vertex 10.02331862704441 -9.412522706519466 2
      vertex 10.02331862704441 -9.412522706519466 6
    endloop
  endfacet
  facet normal 0.6845471059286887 -0.7289686274214113 0
    outer loop
      vertex 8.764579859044487 -10.594557088167099 2
      vertex 10.02331862704441 -9.412522706519466 6
      vertex 8.764579859044487 -10.594557088167099 6
    endloop
  endfacet
  facet normal 0.7705132427757891 -0.6374239897486899 0
    outer loop
      vertex 10.02331862704441 -9.412522706519466 2
      vertex 11.123983672655527 -8.082047219021506 2
      vertex 11.123983672655527 -8.082047219021506 6
    endloop
  endfacet
  facet normal 0.8443279255020152 -0.5358267949789965 0
    outer loop
      vertex 11.123983672655527 -8.082047219021506 2
      vertex 12.049216850603123 -6.624113018898586 2
      vertex 12.049216850603123 -6.624113018898586 6
    endloop
  endfacet
  facet normal 0.7705132427757891 -0.6374239897486899 0
    outer loop
      vertex 10.02331862704441 -9.412522706519466 2
      vertex 11.123983672655527 -8.082047219021506 6
      vertex 10.02331862704441 -9.412522706519466 6
    endloop
  endfacet
  facet normal 0.8443279255020152 -0.5358267949789965 0
    outer loop
      vertex 11.123983672655527 -8.082047219021506 2
      vertex 12.049216850603123 -6.624113018898586 6
      vertex 11.123983672655527 -8.082047219021506 6
    endloop
  endfacet
  facet normal 0.9048270524660195 -0.42577929156507305 0
    outer loop
      vertex 12.049216850603123 -6.624113018898586 2
      vertex 12.784426680963454 -5.061712599414328 2
      vertex 12.784426680963454 -5.061712599414328 6
    endloop
  endfacet
  facet normal 0.9510565162951538 -0.309016994374947 0
    outer loop
      vertex 12.784426680963454 -5.061712599414328 2
      vertex 13.318018465518678 -3.4194859485167486 2
      vertex 13.318018465518678 -3.4194859485167486 6
    endloop
  endfacet
  facet normal 0.9048270524660195 -0.42577929156507305 0
    outer loop
      vertex 12.049216850603123 -6.624113018898586 2
      vertex 12.784426680963454 -5.061712599414328 6
      vertex 12.049216850603123 -6.624113018898586 6
    endloop
  endfacet
  facet normal 0.9510565162951538 -0.309016994374947 0
    outer loop
      vertex 12.784426680963454 -5.061712599414328 2
      vertex 13.318018465518678 -3.4194859485167486 6
      vertex 12.784426680963454 -5.061712599414328 6
    endloop
  endfacet
  facet normal 0.9822872507286885 -0.1873813145857255 0
    outer loop
      vertex 13.318018465518678 -3.4194859485167486 2
      vertex 13.641577143074072 -1.7233319615091809 2
      vertex 13.641577143074072 -1.7233319615091809 6
    endloop
  endfacet
  facet normal 0.9980267284282716 -0.06279051952931268 0
    outer loop
      vertex 13.641577143074072 -1.7233319615091809 2
      vertex 13.75 0 2
      vertex 13.75 0 6
    endloop
  endfacet
  facet normal 0.9822872507286885 -0.1873813145857255 0
    outer loop
      vertex 13.318018465518678 -3.4194859485167486 2
      vertex 13.641577143074072 -1.7233319615091809 6
      vertex 13.318018465518678 -3.4194859485167486 6
    endloop
  endfacet
  facet normal 0.9980267284282716 -0.06279051952931268 0
    outer loop
      vertex 13.641577143074072 -1.7233319615091809 2
      vertex 13.75 0 6
      vertex 13.641577143074072 -1.7233319615091809 6
    endloop
  endfacet
  facet normal 0.12533323356430373 0.9921147013144779 1.3914784165381248e-17
    outer loop
      vertex 0.863369643528057 13.722867515888733 -2
      vertex 2.5764930755537128 13.50644969751947 -6
      vertex 0.8633696435280575 13.722867515888733 -6
    endloop
  endfacet
  facet normal 0.24868988716485532 0.968583161128631 0
    outer loop
      vertex 2.5764930755537128 13.50644969751947 -2
      vertex 4.248983672655527 13.07702709905836 -6
      vertex 2.5764930755537128 13.50644969751947 -6
    endloop
  endfacet
  facet normal 0 1 0
    outer loop
      vertex -0.8633696435280576 13.722867515888733 -2
      vertex 0.863369643528057 13.722867515888733 -2
      vertex 0.8633696435280575 13.722867515888733 -6
    endloop
  endfacet
  facet normal 0.1253332335643037 0.9921147013144779 0
    outer loop
      vertex 0.863369643528057 13.722867515888733 -2
      vertex 2.5764930755537128 13.50644969751947 -2
      vertex 2.5764930755537128 13.50644969751947 -6
    endloop
  endfacet
  facet normal 0.3681245526846783 0.9297764858882513 0
    outer loop
      vertex 4.248983672655527 13.07702709905836 -2
      vertex 5.854465259019749 12.441371971407767 -6
      vertex 4.248983672655527 13.07702709905836 -6
    endloop
  endfacet
  facet normal 0.4817536741017146 0.8763066800438639 0
    outer loop
      vertex 7.367618430961204 11.609508975652707 -2
      vertex 7.367618430961204 11.609508975652707 -6
      vertex 5.854465259019749 12.441371971407767 -6
    endloop
  endfacet
  facet normal 0.24868988716485532 0.968583161128631 0
    outer loop
      vertex 4.248983672655527 13.07702709905836 -2
      vertex 4.248983672655527 13.07702709905836 -6
      vertex 2.5764930755537128 13.50644969751947 -2
    endloop
  endfacet
  facet normal 0.3681245526846783 0.9297764858882513 0
    outer loop
      vertex 4.248983672655527 13.07702709905836 -2
      vertex 5.854465259019749 12.441371971407767 -2
      vertex 5.854465259019749 12.441371971407767 -6
    endloop
  endfacet
  facet normal 0.4817536741017146 0.8763066800438639 0
    outer loop
      vertex 5.854465259019749 12.441371971407767 -2
      vertex 7.367618430961204 11.609508975652707 -2
      vertex 5.854465259019749 12.441371971407767 -6
    endloop
  endfacet
  facet normal 0.9980267284282717 0.06279051952931258 0
    outer loop
      vertex 13.641577143074072 1.7233319615091836 -2
      vertex 13.75 0 -6
      vertex 13.641577143074072 1.7233319615091836 -6
    endloop
  endfacet
  facet normal 0.9822872507286883 0.1873813145857262 0
    outer loop
      vertex 13.318018465518676 3.4194859485167535 -2
      vertex 13.641577143074072 1.7233319615091836 -6
      vertex 13.318018465518676 3.4194859485167535 -6
    endloop
  endfacet
  facet normal 0.9980267284282717 0.06279051952931258 0
    outer loop
      vertex 13.75 0 -2
      vertex 13.75 0 -6
      vertex 13.641577143074072 1.7233319615091836 -2
    endloop
  endfacet
  facet normal 0.9822872507286883 0.1873813145857262 0
    outer loop
      vertex 13.318018465518676 3.4194859485167535 -2
      vertex 13.641577143074072 1.7233319615091836 -2
      vertex 13.641577143074072 1.7233319615091836 -6
    endloop
  endfacet
  facet normal 0.9510565162951536 0.30901699437494706 0
    outer loop
      vertex 12.784426680963456 5.061712599414322 -2
      vertex 13.318018465518676 3.4194859485167535 -6
      vertex 12.784426680963456 5.061712599414322 -6
    endloop
  endfacet
  facet normal 0.9048270524660195 0.42577929156507266 0
    outer loop
      vertex 12.049216850603123 6.624113018898585 -2
      vertex 12.784426680963456 5.061712599414322 -6
      vertex 12.049216850603123 6.624113018898585 -6
    endloop
  endfacet
  facet normal 0.9510565162951536 0.30901699437494706 0
    outer loop
      vertex 13.318018465518676 3.4194859485167535 -2
      vertex 13.318018465518676 3.4194859485167535 -6
      vertex 12.784426680963456 5.061712599414322 -2
    endloop
  endfacet
  facet normal 0.9048270524660195 0.42577929156507266 0
    outer loop
      vertex 12.049216850603123 6.624113018898585 -2
      vertex 12.784426680963456 5.061712599414322 -2
      vertex 12.784426680963456 5.061712599414322 -6
    endloop
  endfacet
  facet normal 0.6845471059286877 0.7289686274214123 0
    outer loop
      vertex 8.764579859044483 10.5945570881671 -2
      vertex 10.023318627044409 9.41252270651947 -6
      vertex 8.764579859044483 10.5945570881671 -6
    endloop
  endfacet
  facet normal 0.6845471059286877 0.7289686274214123 0
    outer loop
      vertex 8.764579859044483 10.5945570881671 -2
      vertex 10.023318627044409 9.41252270651947 -2
      vertex 10.023318627044409 9.41252270651947 -6
    endloop
  endfacet
  facet normal 0.5877852522924739 0.809016994374947 0
    outer loop
      vertex 7.367618430961204 11.609508975652707 -2
      vertex 8.764579859044483 10.5945570881671 -6
      vertex 7.367618430961204 11.609508975652707 -6
    endloop
  endfacet
  facet normal 0.5877852522924739 0.809016994374947 0
    outer loop
      vertex 8.764579859044483 10.5945570881671 -2
      vertex 8.764579859044483 10.5945570881671 -6
      vertex 7.367618430961204 11.609508975652707 -2
    endloop
  endfacet
  facet normal 0.8443279255020154 0.5358267949789963 0
    outer loop
      vertex 11.123983672655527 8.082047219021506 -2
      vertex 12.049216850603123 6.624113018898585 -6
      vertex 11.123983672655527 8.082047219021506 -6
    endloop
  endfacet
  facet normal 0.7705132427757894 0.6374239897486894 0
    outer loop
      vertex 10.023318627044409 9.41252270651947 -2
      vertex 11.123983672655527 8.082047219021506 -6
      vertex 10.023318627044409 9.41252270651947 -6
    endloop
  endfacet
  facet normal 0.7705132427757894 0.6374239897486894 0
    outer loop
      vertex 11.123983672655527 8.082047219021506 -2
      vertex 11.123983672655527 8.082047219021506 -6
      vertex 10.023318627044409 9.41252270651947 -2
    endloop
  endfacet
  facet normal 0.8443279255020154 0.5358267949789963 0
    outer loop
      vertex 11.123983672655527 8.082047219021506 -2
      vertex 12.049216850603123 6.624113018898585 -2
      vertex 12.049216850603123 6.624113018898585 -6
    endloop
  endfacet
  facet normal 0.12533323356430373 0.9921147013144779 0
    outer loop
      vertex 0.8633696435280576 13.722867515888733 2
      vertex 0.8633696435280576 13.722867515888733 6
      vertex 2.5764930755537128 13.50644969751947 2
    endloop
  endfacet
  facet normal 0.24868988716485532 0.968583161128631 0
    outer loop
      vertex 4.248983672655527 13.07702709905836 2
      vertex 2.5764930755537128 13.50644969751947 2
      vertex 2.5764930755537128 13.50644969751947 6
    endloop
  endfacet
  facet normal 0 1 0
    outer loop
      vertex 0.8633696435280576 13.722867515888733 2
      vertex -0.8633696435280575 13.722867515888733 6
      vertex 0.8633696435280576 13.722867515888733 6
    endloop
  endfacet
  facet normal 0.12533323356430373 0.9921147013144779 0
    outer loop
      vertex 2.5764930755537128 13.50644969751947 2
      vertex 0.8633696435280576 13.722867515888733 6
      vertex 2.5764930755537128 13.50644969751947 6
    endloop
  endfacet
  facet normal 0.36812455268467814 0.9297764858882513 0
    outer loop
      vertex 4.248983672655527 13.07702709905836 2
      vertex 4.248983672655527 13.07702709905836 6
      vertex 5.85446525901975 12.441371971407767 2
    endloop
  endfacet
  facet normal 0.4817536741017148 0.8763066800438638 0
    outer loop
      vertex 5.85446525901975 12.441371971407767 2
      vertex 5.85446525901975 12.441371971407767 6
      vertex 7.367618430961204 11.609508975652707 2
    endloop
  endfacet
  facet normal 0.24868988716485532 0.968583161128631 0
    outer loop
      vertex 4.248983672655527 13.07702709905836 2
      vertex 2.5764930755537128 13.50644969751947 6
      vertex 4.248983672655527 13.07702709905836 6
    endloop
  endfacet
  facet normal 0.4817536741017148 0.8763066800438638 0
    outer loop
      vertex 7.367618430961204 11.609508975652707 2
      vertex 5.85446525901975 12.441371971407767 6
      vertex 7.367618430961204 11.609508975652707 6
    endloop
  endfacet
  facet normal 0.36812455268467814 0.9297764858882513 0
    outer loop
      vertex 5.85446525901975 12.441371971407767 2
      vertex 4.248983672655527 13.07702709905836 6
      vertex 5.85446525901975 12.441371971407767 6
    endloop
  endfacet
  facet normal 0.9980267284282717 0.06279051952931258 0
    outer loop
      vertex 13.75 0 2
      vertex 13.641577143074072 1.7233319615091836 2
      vertex 13.641577143074072 1.7233319615091836 6
    endloop
  endfacet
  facet normal 0.9822872507286883 0.1873813145857262 0
    outer loop
      vertex 13.318018465518676 3.4194859485167535 2
      vertex 13.318018465518676 3.4194859485167535 6
      vertex 13.641577143074072 1.7233319615091836 2
    endloop
  endfacet
  facet normal 0.9980267284282717 0.06279051952931258 0
    outer loop
      vertex 13.75 0 2
      vertex 13.641577143074072 1.7233319615091836 6
      vertex 13.75 0 6
    endloop
  endfacet
  facet normal 0.9822872507286883 0.1873813145857262 0
    outer loop
      vertex 13.641577143074072 1.7233319615091836 2
      vertex 13.318018465518676 3.4194859485167535 6
      vertex 13.641577143074072 1.7233319615091836 6
    endloop
  endfacet
  facet normal 0.9510565162951536 0.30901699437494706 0
    outer loop
      vertex 13.318018465518676 3.4194859485167535 2
      vertex 12.784426680963456 5.061712599414322 2
      vertex 12.784426680963456 5.061712599414322 6
    endloop
  endfacet
  facet normal 0.9048270524660195 0.42577929156507266 0
    outer loop
      vertex 12.049216850603123 6.624113018898585 2
      vertex 12.049216850603123 6.624113018898585 6
      vertex 12.784426680963456 5.061712599414322 2
    endloop
  endfacet
  facet normal 0.9510565162951536 0.30901699437494706 0
    outer loop
      vertex 13.318018465518676 3.4194859485167535 2
      vertex 12.784426680963456 5.061712599414322 6
      vertex 13.318018465518676 3.4194859485167535 6
    endloop
  endfacet
  facet normal 0.9048270524660195 0.42577929156507266 0
    outer loop
      vertex 12.784426680963456 5.061712599414322 2
      vertex 12.049216850603123 6.624113018898585 6
      vertex 12.784426680963456 5.061712599414322 6
    endloop
  endfacet
  facet normal 0.6845471059286883 0.7289686274214119 0
    outer loop
      vertex 8.764579859044485 10.5945570881671 2
      vertex 8.764579859044485 10.5945570881671 6
      vertex 10.023318627044409 9.41252270651947 2
    endloop
  endfacet
  facet normal 0.6845471059286883 0.7289686274214119 0
    outer loop
      vertex 10.023318627044409 9.41252270651947 2
      vertex 8.764579859044485 10.5945570881671 6
      vertex 10.023318627044409 9.41252270651947 6
    endloop
  endfacet
  facet normal 0.5877852522924734 0.8090169943749472 0
    outer loop
      vertex 8.764579859044485 10.5945570881671 2
      vertex 7.367618430961204 11.609508975652707 2
      vertex 7.367618430961204 11.609508975652707 6
    endloop
  endfacet
  facet normal 0.5877852522924734 0.8090169943749472 0
    outer loop
      vertex 8.764579859044485 10.5945570881671 2
      vertex 7.367618430961204 11.609508975652707 6
      vertex 8.764579859044485 10.5945570881671 6
    endloop
  endfacet
  facet normal 0.8443279255020154 0.5358267949789963 0
    outer loop
      vertex 11.123983672655527 8.082047219021506 2
      vertex 11.123983672655527 8.082047219021506 6
      vertex 12.049216850603123 6.624113018898585 2
    endloop
  endfacet
  facet normal 0.7705132427757894 0.6374239897486894 0
    outer loop
      vertex 11.123983672655527 8.082047219021506 2
      vertex 10.023318627044409 9.41252270651947 2
      vertex 10.023318627044409 9.41252270651947 6
    endloop
  endfacet
  facet normal 0.7705132427757894 0.6374239897486894 0
    outer loop
      vertex 11.123983672655527 8.082047219021506 2
      vertex 10.023318627044409 9.41252270651947 6
      vertex 11.123983672655527 8.082047219021506 6
    endloop
  endfacet
  facet normal 0.8443279255020154 0.5358267949789963 0
    outer loop
      vertex 12.049216850603123 6.624113018898585 2
      vertex 11.123983672655527 8.082047219021506 6
      vertex 12.049216850603123 6.624113018898585 6
    endloop
  endfacet
  facet normal 0.7705132427757889 0.6374239897486901 0
    outer loop
      vertex -2.0225424859373686 5.905536869268817 -4.75
      vertex -1.8224215685535292 5.663632235178278 -6
      vertex -2.0225424859373686 5.905536869268817 -6
    endloop
  endfacet
  facet normal 0.9048270524660191 0.4257792915650733 0
    outer loop
      vertex -2.324441214720628 6.454688618288304 -4.75
      vertex -2.1907667001096587 6.1706158147457115 -6
      vertex -2.324441214720628 6.454688618288304 -6
    endloop
  endfacet
  facet normal 0.9510565162951534 0.3090169943749479 0
    outer loop
      vertex -2.421457902821578 6.753275282087864 -4.75
      vertex -2.324441214720628 6.454688618288304 -6
      vertex -2.421457902821578 6.753275282087864 -6
    endloop
  endfacet
  facet normal 0.844327925502016 0.5358267949789954 0
    outer loop
      vertex -2.1907667001096587 6.1706158147457115 -4.75
      vertex -2.0225424859373686 5.905536869268817 -6
      vertex -2.1907667001096587 6.1706158147457115 -6
    endloop
  endfacet
  facet normal 0.844327925502016 0.5358267949789954 0
    outer loop
      vertex -2.1907667001096587 6.1706158147457115 -4.75
      vertex -2.0225424859373686 5.905536869268817 -4.75
      vertex -2.0225424859373686 5.905536869268817 -6
    endloop
  endfacet
  facet normal 0.7705132427757889 0.6374239897486901 0
    outer loop
      vertex -2.0225424859373686 5.905536869268817 -4.75
      vertex -1.8224215685535292 5.663632235178278 -4.75
      vertex -1.8224215685535292 5.663632235178278 -6
    endloop
  endfacet
  facet normal 0.6845471059286877 0.7289686274214123 0
    outer loop
      vertex -1.593559974371725 5.448716893060528 -4.75
      vertex -1.8224215685535292 5.663632235178278 -6
      vertex -1.8224215685535292 5.663632235178278 -4.75
    endloop
  endfacet
  facet normal 0.9048270524660191 0.4257792915650733 0
    outer loop
      vertex -2.324441214720628 6.454688618288304 -4.75
      vertex -2.1907667001096587 6.1706158147457115 -4.75
      vertex -2.1907667001096587 6.1706158147457115 -6
    endloop
  endfacet
  facet normal 0.9822872507286887 0.18738131458572424 0
    outer loop
      vertex -2.421457902821578 6.753275282087864 -4.75
      vertex -2.421457902821578 6.753275282087864 -6
      vertex -2.4802867532861947 7.06166691608924 -4.75
    endloop
  endfacet
  facet normal 0.9510565162951534 0.3090169943749479 0
    outer loop
      vertex -2.324441214720628 6.454688618288304 -4.75
      vertex -2.324441214720628 6.454688618288304 -6
      vertex -2.421457902821578 6.753275282087864 -4.75
    endloop
  endfacet
  facet normal 0 0 -1
    outer loop
      vertex -2.0225424859373686 5.905536869268817 -4.75
      vertex -2.0225424859373686 8.844463130731183 -4.75
      vertex -1.8224215685535292 5.663632235178278 -4.75
    endloop
  endfacet
  facet normal 0 0 -1
    outer loop
      vertex -1.593559974371725 5.448716893060528 -4.75
      vertex -1.8224215685535292 5.663632235178278 -4.75
      vertex -1.822421568553529 9.086367764821722 -4.75
    endloop
  endfacet
  facet normal 0.36812455268467803 0.9297764858882515 0
    outer loop
      vertex -0.7725424859373685 4.997358709262116 -4.75
      vertex -0.7725424859373685 4.997358709262116 -6
      vertex -1.064448228912681 5.112932368834951 -6
    endloop
  endfacet
  facet normal 0.24868988716485577 0.9685831611286307 0
    outer loop
      vertex -0.46845328646431206 4.919281873178278 -4.75
      vertex -0.46845328646431206 4.919281873178278 -6
      vertex -0.7725424859373685 4.997358709262116 -6
    endloop
  endfacet
  facet normal 0.12533323356430495 0.9921147013144777 0
    outer loop
      vertex -0.1569762988232844 4.8799331789293205 -4.75
      vertex -0.1569762988232844 4.8799331789293205 -6
      vertex -0.46845328646431206 4.919281873178278 -6
    endloop
  endfacet
  facet normal 0.36812455268467803 0.9297764858882515 0
    outer loop
      vertex -0.7725424859373685 4.997358709262116 -4.75
      vertex -1.064448228912681 5.112932368834951 -6
      vertex -1.064448228912681 5.112932368834951 -4.75
    endloop
  endfacet
  facet normal 0.24868988716485577 0.9685831611286307 0
    outer loop
      vertex -0.7725424859373685 4.997358709262116 -4.75
      vertex -0.46845328646431206 4.919281873178278 -4.75
      vertex -0.7725424859373685 4.997358709262116 -6
    endloop
  endfacet
  facet normal 0.12533323356430495 0.9921147013144777 0
    outer loop
      vertex -0.46845328646431206 4.919281873178278 -4.75
      vertex -0.1569762988232844 4.8799331789293205 -4.75
      vertex -0.46845328646431206 4.919281873178278 -6
    endloop
  endfacet
  facet normal 0 1 0
    outer loop
      vertex -0.1569762988232844 4.8799331789293205 -4.75
      vertex 0.1569762988232844 4.8799331789293205 -4.75
      vertex -0.1569762988232844 4.8799331789293205 -6
    endloop
  endfacet
  facet normal 0.6845471059286877 0.7289686274214123 0
    outer loop
      vertex -1.593559974371725 5.448716893060528 -4.75
      vertex -1.593559974371725 5.448716893060528 -6
      vertex -1.8224215685535292 5.663632235178278 -6
    endloop
  endfacet
  facet normal 0.5877852522924726 0.8090169943749479 0
    outer loop
      vertex -1.3395669874474905 5.264180186244962 -4.75
      vertex -1.3395669874474905 5.264180186244962 -6
      vertex -1.593559974371725 5.448716893060528 -6
    endloop
  endfacet
  facet normal 0.4817536741017166 0.8763066800438629 0
    outer loop
      vertex -1.064448228912681 5.112932368834951 -4.75
      vertex -1.064448228912681 5.112932368834951 -6
      vertex -1.3395669874474905 5.264180186244962 -6
    endloop
  endfacet
  facet normal 0.5877852522924726 0.8090169943749479 0
    outer loop
      vertex -1.593559974371725 5.448716893060528 -4.75
      vertex -1.3395669874474905 5.264180186244962 -4.75
      vertex -1.593559974371725 5.448716893060528 -6
    endloop
  endfacet
  facet normal 0.4817536741017166 0.8763066800438629 0
    outer loop
      vertex -1.3395669874474905 5.264180186244962 -4.75
      vertex -1.064448228912681 5.112932368834951 -4.75
      vertex -1.3395669874474905 5.264180186244962 -6
    endloop
  endfacet
  facet normal 0 0 -1
    outer loop
      vertex -0.7725424859373685 4.997358709262116 -4.75
      vertex -1.064448228912681 5.112932368834951 -4.75
      vertex -0.9297764858882512 7.006875447315322 -4.75
    endloop
  endfacet
  facet normal 0 0 -1
    outer loop
      vertex -1.593559974371725 5.448716893060528 -4.75
      vertex -1.5935599743717244 9.301283106939472 -4.75
      vertex -1.3395669874474905 5.264180186244962 -4.75
    endloop
  endfacet
  facet normal 0 0 -1
    outer loop
      vertex -1.064448228912681 5.112932368834951 -4.75
      vertex -0.9685831611286312 7.126310112835146 -4.75
      vertex -0.9297764858882512 7.006875447315322 -4.75
    endloop
  endfacet
  facet normal 0 0 -1
    outer loop
      vertex -0.7725424859373685 4.997358709262116 -4.75
      vertex -0.9297764858882512 7.006875447315322 -4.75
      vertex -0.8763066800438635 6.893246325898285 -4.75
    endloop
  endfacet
  facet normal 0 0 -1
    outer loop
      vertex -1.3395669874474905 5.264180186244962 -4.75
      vertex -1.3395669874474916 9.485819813755038 -4.75
      vertex -1.064448228912681 5.112932368834951 -4.75
    endloop
  endfacet
  facet normal 0 0 -1
    outer loop
      vertex -1.064448228912681 5.112932368834951 -4.75
      vertex -0.9921147013144779 7.249666766435696 -4.75
      vertex -0.9685831611286312 7.126310112835146 -4.75
    endloop
  endfacet
  facet normal 0 0 -1
    outer loop
      vertex -1.064448228912681 5.112932368834951 -4.75
      vertex -1 7.375 -4.75
      vertex -0.9921147013144779 7.249666766435696 -4.75
    endloop
  endfacet
  facet normal 0 0 -1
    outer loop
      vertex -0.7725424859373685 4.997358709262116 -4.75
      vertex -0.63742398974869 6.604486757224211 -4.75
      vertex -0.46845328646431206 4.919281873178278 -4.75
    endloop
  endfacet
  facet normal 0 0 -1
    outer loop
      vertex -0.46845328646431206 4.919281873178278 -4.75
      vertex -0.5358267949789962 6.530672074497985 -4.75
      vertex -0.42577929156507244 6.47017294753398 -4.75
    endloop
  endfacet
  facet normal 0 0 -1
    outer loop
      vertex -0.46845328646431206 4.919281873178278 -4.75
      vertex -0.3090169943749474 6.423943483704846 -4.75
      vertex -0.1569762988232844 4.8799331789293205 -4.75
    endloop
  endfacet
  facet normal 0 0 -1
    outer loop
      vertex -0.46845328646431206 4.919281873178278 -4.75
      vertex -0.42577929156507244 6.47017294753398 -4.75
      vertex -0.3090169943749474 6.423943483704846 -4.75
    endloop
  endfacet
  facet normal 0 0 -1
    outer loop
      vertex -0.1569762988232844 4.8799331789293205 -4.75
      vertex -0.3090169943749474 6.423943483704846 -4.75
      vertex -0.18738131458572482 6.392712749271311 -4.75
    endloop
  endfacet
  facet normal 0 0 -1
    outer loop
      vertex -0.1569762988232844 4.8799331789293205 -4.75
      vertex -0.18738131458572482 6.392712749271311 -4.75
      vertex -0.06279051952931376 6.376973271571728 -4.75
    endloop
  endfacet
  facet normal 0 0 -1
    outer loop
      vertex -0.1569762988232844 4.8799331789293205 -4.75
      vertex -0.06279051952931376 6.376973271571728 -4.75
      vertex 0.06279051952931376 6.376973271571728 -4.75
    endloop
  endfacet
  facet normal 0 0 -1
    outer loop
      vertex -0.7725424859373685 4.997358709262116 -4.75
      vertex -0.8090169943749475 6.787214747707527 -4.75
      vertex -0.7289686274214117 6.690452894071312 -4.75
    endloop
  endfacet
  facet normal 0 0 -1
    outer loop
      vertex -0.7725424859373685 4.997358709262116 -4.75
      vertex -0.7289686274214117 6.690452894071312 -4.75
      vertex -0.63742398974869 6.604486757224211 -4.75
    endloop
  endfacet
  facet normal 0 0 -1
    outer loop
      vertex -0.7725424859373685 4.997358709262116 -4.75
      vertex -0.8763066800438635 6.893246325898285 -4.75
      vertex -0.8090169943749475 6.787214747707527 -4.75
    endloop
  endfacet
  facet normal 0 0 -1
    outer loop
      vertex -0.46845328646431206 4.919281873178278 -4.75
      vertex -0.63742398974869 6.604486757224211 -4.75
      vertex -0.5358267949789962 6.530672074497985 -4.75
    endloop
  endfacet
  facet normal 0.9822872507286887 0.18738131458572424 0
    outer loop
      vertex -2.4802867532861947 7.06166691608924 -4.75
      vertex -2.421457902821578 6.753275282087864 -6
      vertex -2.4802867532861947 7.06166691608924 -6
    endloop
  endfacet
  facet normal 0.9980267284282716 0.06279051952931293 0
    outer loop
      vertex -2.5 7.375 -4.75
      vertex -2.4802867532861947 7.06166691608924 -6
      vertex -2.5 7.375 -6
    endloop
  endfacet
  facet normal 0.9980267284282717 -0.06279051952931275 0
    outer loop
      vertex -2.4802867532861947 7.688333083910761 -4.75
      vertex -2.5 7.375 -6
      vertex -2.4802867532861947 7.688333083910761 -6
    endloop
  endfacet
  facet normal 0.9822872507286885 -0.1873813145857256 0
    outer loop
      vertex -2.4214579028215777 7.996724717912137 -4.75
      vertex -2.4802867532861947 7.688333083910761 -6
      vertex -2.4214579028215777 7.996724717912137 -6
    endloop
  endfacet
  facet normal 0.9510565162951533 -0.3090169943749483 0
    outer loop
      vertex -2.324441214720628 8.295311381711695 -4.75
      vertex -2.4214579028215777 7.996724717912137 -6
      vertex -2.324441214720628 8.295311381711695 -6
    endloop
  endfacet
  facet normal 0.9048270524660198 -0.4257792915650722 0
    outer loop
      vertex -2.190766700109659 8.579384185254288 -4.75
      vertex -2.324441214720628 8.295311381711695 -6
      vertex -2.190766700109659 8.579384185254288 -6
    endloop
  endfacet
  facet normal 0.9980267284282716 0.06279051952931293 0
    outer loop
      vertex -2.4802867532861947 7.06166691608924 -4.75
      vertex -2.4802867532861947 7.06166691608924 -6
      vertex -2.5 7.375 -4.75
    endloop
  endfacet
  facet normal 0.9980267284282717 -0.06279051952931275 0
    outer loop
      vertex -2.5 7.375 -4.75
      vertex -2.5 7.375 -6
      vertex -2.4802867532861947 7.688333083910761 -4.75
    endloop
  endfacet
  facet normal 0 0 -1
    outer loop
      vertex -2.324441214720628 6.454688618288304 -4.75
      vertex -2.421457902821578 6.753275282087864 -4.75
      vertex -2.4214579028215777 7.996724717912137 -4.75
    endloop
  endfacet
  facet normal 0 0 -1
    outer loop
      vertex -2.421457902821578 6.753275282087864 -4.75
      vertex -2.4802867532861947 7.06166691608924 -4.75
      vertex -2.4802867532861947 7.688333083910761 -4.75
    endloop
  endfacet
  facet normal 0 0 -1
    outer loop
      vertex -2.324441214720628 6.454688618288304 -4.75
      vertex -2.324441214720628 8.295311381711695 -4.75
      vertex -2.1907667001096587 6.1706158147457115 -4.75
    endloop
  endfacet
  facet normal 0 0 -1
    outer loop
      vertex -2.4802867532861947 7.06166691608924 -4.75
      vertex -2.5 7.375 -4.75
      vertex -2.4802867532861947 7.688333083910761 -4.75
    endloop
  endfacet
  facet normal 0 0 -1
    outer loop
      vertex -2.421457902821578 6.753275282087864 -4.75
      vertex -2.4802867532861947 7.688333083910761 -4.75
      vertex -2.4214579028215777 7.996724717912137 -4.75
    endloop
  endfacet
  facet normal 0 0 -1
    outer loop
      vertex -2.324441214720628 6.454688618288304 -4.75
      vertex -2.4214579028215777 7.996724717912137 -4.75
      vertex -2.324441214720628 8.295311381711695 -4.75
    endloop
  endfacet
  facet normal 0 0 -1
    outer loop
      vertex -2.324441214720628 8.295311381711695 -4.75
      vertex -2.190766700109659 8.579384185254288 -4.75
      vertex -2.1907667001096587 6.1706158147457115 -4.75
    endloop
  endfacet
  facet normal 0 0 -1
    outer loop
      vertex -2.1907667001096587 6.1706158147457115 -4.75
      vertex -2.190766700109659 8.579384185254288 -4.75
      vertex -2.0225424859373686 5.905536869268817 -4.75
    endloop
  endfacet
  facet normal 0.9822872507286885 -0.1873813145857256 0
    outer loop
      vertex -2.4802867532861947 7.688333083910761 -4.75
      vertex -2.4802867532861947 7.688333083910761 -6
      vertex -2.4214579028215777 7.996724717912137 -4.75
    endloop
  endfacet
  facet normal 0.9510565162951533 -0.3090169943749483 0
    outer loop
      vertex -2.4214579028215777 7.996724717912137 -4.75
      vertex -2.4214579028215777 7.996724717912137 -6
      vertex -2.324441214720628 8.295311381711695 -4.75
    endloop
  endfacet
  facet normal 0.9048270524660198 -0.4257792915650722 0
    outer loop
      vertex -2.324441214720628 8.295311381711695 -4.75
      vertex -2.324441214720628 8.295311381711695 -6
      vertex -2.190766700109659 8.579384185254288 -4.75
    endloop
  endfacet
  facet normal 0 0 -1
    outer loop
      vertex -2.0225424859373686 5.905536869268817 -4.75
      vertex -2.190766700109659 8.579384185254288 -4.75
      vertex -2.0225424859373686 8.844463130731183 -4.75
    endloop
  endfacet
  facet normal 0 0 -1
    outer loop
      vertex -1.8224215685535292 5.663632235178278 -4.75
      vertex -2.0225424859373686 8.844463130731183 -4.75
      vertex -1.822421568553529 9.086367764821722 -4.75
    endloop
  endfacet
  facet normal 0.844327925502016 -0.5358267949789951 0
    outer loop
      vertex -2.0225424859373686 8.844463130731183 -4.75
      vertex -2.190766700109659 8.579384185254288 -6
      vertex -2.0225424859373686 8.844463130731183 -6
    endloop
  endfacet
  facet normal 0.7705132427757886 -0.6374239897486905 0
    outer loop
      vertex -1.822421568553529 9.086367764821722 -4.75
      vertex -2.0225424859373686 8.844463130731183 -6
      vertex -1.822421568553529 9.086367764821722 -6
    endloop
  endfacet
  facet normal 0.6845471059286871 -0.728968627421413 0
    outer loop
      vertex -1.822421568553529 9.086367764821722 -4.75
      vertex -1.822421568553529 9.086367764821722 -6
      vertex -1.5935599743717244 9.301283106939472 -6
    endloop
  endfacet
  facet normal 0.844327925502016 -0.5358267949789951 0
    outer loop
      vertex -2.190766700109659 8.579384185254288 -4.75
      vertex -2.190766700109659 8.579384185254288 -6
      vertex -2.0225424859373686 8.844463130731183 -4.75
    endloop
  endfacet
  facet normal 0.7705132427757886 -0.6374239897486905 0
    outer loop
      vertex -2.0225424859373686 8.844463130731183 -4.75
      vertex -2.0225424859373686 8.844463130731183 -6
      vertex -1.822421568553529 9.086367764821722 -4.75
    endloop
  endfacet
  facet normal 0 0 -1
    outer loop
      vertex -1.064448228912681 5.112932368834951 -4.75
      vertex -1.0644482289126818 9.63706763116505 -4.75
      vertex -1 7.375 -4.75
    endloop
  endfacet
  facet normal 0 0 -1
    outer loop
      vertex -1.593559974371725 5.448716893060528 -4.75
      vertex -1.822421568553529 9.086367764821722 -4.75
      vertex -1.5935599743717244 9.301283106939472 -4.75
    endloop
  endfacet
  facet normal 0 0 -1
    outer loop
      vertex -1.3395669874474905 5.264180186244962 -4.75
      vertex -1.5935599743717244 9.301283106939472 -4.75
      vertex -1.3395669874474916 9.485819813755038 -4.75
    endloop
  endfacet
  facet normal 0 0 -1
    outer loop
      vertex -1.064448228912681 5.112932368834951 -4.75
      vertex -1.3395669874474916 9.485819813755038 -4.75
      vertex -1.0644482289126818 9.63706763116505 -4.75
    endloop
  endfacet
  facet normal 0 0 -1
    outer loop
      vertex -1 7.375 -4.75
      vertex -1.0644482289126818 9.63706763116505 -4.75
      vertex -0.9921147013144779 7.500333233564304 -4.75
    endloop
  endfacet
  facet normal 0 0 -1
    outer loop
      vertex -0.9921147013144779 7.500333233564304 -4.75
      vertex -1.0644482289126818 9.63706763116505 -4.75
      vertex -0.9685831611286311 7.623689887164855 -4.75
    endloop
  endfacet
  facet normal 0 0 -1
    outer loop
      vertex -0.9685831611286311 7.623689887164855 -4.75
      vertex -1.0644482289126818 9.63706763116505 -4.75
      vertex -0.9297764858882513 7.743124552684678 -4.75
    endloop
  endfacet
  facet normal 0 0 -1
    outer loop
      vertex -0.9297764858882513 7.743124552684678 -4.75
      vertex -1.0644482289126818 9.63706763116505 -4.75
      vertex -0.8763066800438636 7.856753674101715 -4.75
    endloop
  endfacet
  facet normal 0 0 -1
    outer loop
      vertex -0.8763066800438636 7.856753674101715 -4.75
      vertex -1.0644482289126818 9.63706763116505 -4.75
      vertex -0.8090169943749475 7.962785252292473 -4.75
    endloop
  endfacet
  facet normal 0 0 -1
    outer loop
      vertex -0.8090169943749475 7.962785252292473 -4.75
      vertex -1.0644482289126818 9.63706763116505 -4.75
      vertex -0.7289686274214116 8.059547105928688 -4.75
    endloop
  endfacet
  facet normal 0.5877852522924752 -0.8090169943749459 0
    outer loop
      vertex -1.5935599743717244 9.301283106939472 -4.75
      vertex -1.5935599743717244 9.301283106939472 -6
      vertex -1.3395669874474916 9.485819813755038 -6
    endloop
  endfacet
  facet normal 0.481753674101716 -0.8763066800438631 0
    outer loop
      vertex -1.3395669874474916 9.485819813755038 -4.75
      vertex -1.3395669874474916 9.485819813755038 -6
      vertex -1.0644482289126818 9.63706763116505 -6
    endloop
  endfacet
  facet normal 0.3681245526846773 -0.9297764858882517 0
    outer loop
      vertex -1.0644482289126818 9.63706763116505 -4.75
      vertex -1.0644482289126818 9.63706763116505 -6
      vertex -0.7725424859373685 9.752641290737884 -6
    endloop
  endfacet
  facet normal 0.24868988716485535 -0.968583161128631 0
    outer loop
      vertex -0.7725424859373685 9.752641290737884 -4.75
      vertex -0.7725424859373685 9.752641290737884 -6
      vertex -0.46845328646431145 9.830718126821722 -6
    endloop
  endfacet
  facet normal 0.1253332335643047 -0.9921147013144777 0
    outer loop
      vertex -0.46845328646431145 9.830718126821722 -4.75
      vertex -0.46845328646431145 9.830718126821722 -6
      vertex -0.15697629882328318 9.87006682107068 -6
    endloop
  endfacet
  facet normal 0 -1 0
    outer loop
      vertex -0.15697629882328318 9.87006682107068 -4.75
      vertex -0.15697629882328318 9.87006682107068 -6
      vertex 0.15697629882328318 9.87006682107068 -6
    endloop
  endfacet
  facet normal 0.6845471059286871 -0.728968627421413 0
    outer loop
      vertex -1.822421568553529 9.086367764821722 -4.75
      vertex -1.5935599743717244 9.301283106939472 -6
      vertex -1.5935599743717244 9.301283106939472 -4.75
    endloop
  endfacet
  facet normal 0.5877852522924752 -0.8090169943749459 0
    outer loop
      vertex -1.5935599743717244 9.301283106939472 -4.75
      vertex -1.3395669874474916 9.485819813755038 -6
      vertex -1.3395669874474916 9.485819813755038 -4.75
    endloop
  endfacet
  facet normal 0.481753674101716 -0.8763066800438631 0
    outer loop
      vertex -1.3395669874474916 9.485819813755038 -4.75
      vertex -1.0644482289126818 9.63706763116505 -6
      vertex -1.0644482289126818 9.63706763116505 -4.75
    endloop
  endfacet
  facet normal 0.3681245526846773 -0.9297764858882517 0
    outer loop
      vertex -1.0644482289126818 9.63706763116505 -4.75
      vertex -0.7725424859373685 9.752641290737884 -6
      vertex -0.7725424859373685 9.752641290737884 -4.75
    endloop
  endfacet
  facet normal 0 0 -1
    outer loop
      vertex -0.7289686274214116 8.059547105928688 -4.75
      vertex -0.7725424859373685 9.752641290737884 -4.75
      vertex -0.6374239897486897 8.14551324277579 -4.75
    endloop
  endfacet
  facet normal 0 0 -1
    outer loop
      vertex -0.6374239897486897 8.14551324277579 -4.75
      vertex -0.7725424859373685 9.752641290737884 -4.75
      vertex -0.5358267949789967 8.219327925502014 -4.75
    endloop
  endfacet
  facet normal 0 0 -1
    outer loop
      vertex -0.5358267949789967 8.219327925502014 -4.75
      vertex -0.7725424859373685 9.752641290737884 -4.75
      vertex -0.4257792915650727 8.27982705246602 -4.75
    endloop
  endfacet
  facet normal 0 0 -1
    outer loop
      vertex -0.7289686274214116 8.059547105928688 -4.75
      vertex -1.0644482289126818 9.63706763116505 -4.75
      vertex -0.7725424859373685 9.752641290737884 -4.75
    endloop
  endfacet
  facet normal 0 0 -1
    outer loop
      vertex -0.4257792915650727 8.27982705246602 -4.75
      vertex -0.7725424859373685 9.752641290737884 -4.75
      vertex -0.46845328646431145 9.830718126821722 -4.75
    endloop
  endfacet
  facet normal 0 0 -1
    outer loop
      vertex -0.4257792915650727 8.27982705246602 -4.75
      vertex -0.46845328646431145 9.830718126821722 -4.75
      vertex -0.3090169943749474 8.326056516295154 -4.75
    endloop
  endfacet
  facet normal 0 0 -1
    outer loop
      vertex -0.3090169943749474 8.326056516295154 -4.75
      vertex -0.46845328646431145 9.830718126821722 -4.75
      vertex -0.18738131458572457 8.357287250728689 -4.75
    endloop
  endfacet
  facet normal 0 0 -1
    outer loop
      vertex -0.18738131458572457 8.357287250728689 -4.75
      vertex -0.46845328646431145 9.830718126821722 -4.75
      vertex -0.0627905195293129 8.373026728428272 -4.75
    endloop
  endfacet
  facet normal 0 0 -1
    outer loop
      vertex -0.0627905195293129 8.373026728428272 -4.75
      vertex -0.46845328646431145 9.830718126821722 -4.75
      vertex -0.15697629882328318 9.87006682107068 -4.75
    endloop
  endfacet
  facet normal 0 0 -1
    outer loop
      vertex -0.0627905195293129 8.373026728428272 -4.75
      vertex -0.15697629882328318 9.87006682107068 -4.75
      vertex 0.15697629882328318 9.87006682107068 -4.75
    endloop
  endfacet
  facet normal 0.24868988716485535 -0.968583161128631 0
    outer loop
      vertex -0.7725424859373685 9.752641290737884 -4.75
      vertex -0.46845328646431145 9.830718126821722 -6
      vertex -0.46845328646431145 9.830718126821722 -4.75
    endloop
  endfacet
  facet normal 0.1253332335643047 -0.9921147013144777 0
    outer loop
      vertex -0.46845328646431145 9.830718126821722 -4.75
      vertex -0.15697629882328318 9.87006682107068 -6
      vertex -0.15697629882328318 9.87006682107068 -4.75
    endloop
  endfacet
  facet normal 0 1 0
    outer loop
      vertex 0.1569762988232844 4.8799331789293205 -4.75
      vertex 0.1569762988232844 4.8799331789293205 -6
      vertex -0.1569762988232844 4.8799331789293205 -6
    endloop
  endfacet
  facet normal -0.12533323356430495 0.9921147013144777 0
    outer loop
      vertex 0.46845328646431206 4.919281873178278 -4.75
      vertex 0.46845328646431206 4.919281873178278 -6
      vertex 0.1569762988232844 4.8799331789293205 -6
    endloop
  endfacet
  facet normal -0.24868988716485577 0.9685831611286307 0
    outer loop
      vertex 0.7725424859373685 4.997358709262116 -4.75
      vertex 0.7725424859373685 4.997358709262116 -6
      vertex 0.46845328646431206 4.919281873178278 -6
    endloop
  endfacet
  facet normal -0.36812455268467803 0.9297764858882515 0
    outer loop
      vertex 1.064448228912681 5.112932368834951 -4.75
      vertex 1.064448228912681 5.112932368834951 -6
      vertex 0.7725424859373685 4.997358709262116 -6
    endloop
  endfacet
  facet normal -0.12533323356430495 0.9921147013144777 0
    outer loop
      vertex 0.1569762988232844 4.8799331789293205 -4.75
      vertex 0.46845328646431206 4.919281873178278 -4.75
      vertex 0.1569762988232844 4.8799331789293205 -6
    endloop
  endfacet
  facet normal -0.24868988716485577 0.9685831611286307 0
    outer loop
      vertex 0.46845328646431206 4.919281873178278 -4.75
      vertex 0.7725424859373685 4.997358709262116 -4.75
      vertex 0.46845328646431206 4.919281873178278 -6
    endloop
  endfacet
  facet normal -0.36812455268467803 0.9297764858882515 0
    outer loop
      vertex 0.7725424859373685 4.997358709262116 -4.75
      vertex 1.064448228912681 5.112932368834951 -4.75
      vertex 0.7725424859373685 4.997358709262116 -6
    endloop
  endfacet
  facet normal -0.48175367410171477 0.8763066800438638 0
    outer loop
      vertex 1.3395669874474918 5.264180186244962 -4.75
      vertex 1.3395669874474918 5.264180186244962 -6
      vertex 1.064448228912681 5.112932368834951 -6
    endloop
  endfacet
  facet normal -0.5877852522924721 0.809016994374948 0
    outer loop
      vertex 1.5935599743717241 5.448716893060526 -4.75
      vertex 1.5935599743717241 5.448716893060526 -6
      vertex 1.3395669874474918 5.264180186244962 -6
    endloop
  endfacet
  facet normal 0 0 -1
    outer loop
      vertex -0.1569762988232844 4.8799331789293205 -4.75
      vertex 0.06279051952931376 6.376973271571728 -4.75
      vertex 0.1569762988232844 4.8799331789293205 -4.75
    endloop
  endfacet
  facet normal 0 0 -1
    outer loop
      vertex 0.1569762988232844 4.8799331789293205 -4.75
      vertex 0.06279051952931376 6.376973271571728 -4.75
      vertex 0.46845328646431206 4.919281873178278 -4.75
    endloop
  endfacet
  facet normal 0 0 -1
    outer loop
      vertex 0.46845328646431206 4.919281873178278 -4.75
      vertex 0.06279051952931376 6.376973271571728 -4.75
      vertex 0.18738131458572482 6.392712749271311 -4.75
    endloop
  endfacet
  facet normal 0 0 -1
    outer loop
      vertex 0.46845328646431206 4.919281873178278 -4.75
      vertex 0.18738131458572482 6.392712749271311 -4.75
      vertex 0.3090169943749474 6.423943483704846 -4.75
    endloop
  endfacet
  facet normal 0 0 -1
    outer loop
      vertex 0.46845328646431206 4.919281873178278 -4.75
      vertex 0.3090169943749474 6.423943483704846 -4.75
      vertex 0.42577929156507244 6.47017294753398 -4.75
    endloop
  endfacet
  facet normal 0 0 -1
    outer loop
      vertex 0.46845328646431206 4.919281873178278 -4.75
      vertex 0.42577929156507244 6.47017294753398 -4.75
      vertex 0.7725424859373685 4.997358709262116 -4.75
    endloop
  endfacet
  facet normal 0 0 -1
    outer loop
      vertex 0.7725424859373685 4.997358709262116 -4.75
      vertex 0.42577929156507244 6.47017294753398 -4.75
      vertex 0.5358267949789968 6.530672074497985 -4.75
    endloop
  endfacet
  facet normal 0 0 -1
    outer loop
      vertex 0.7725424859373685 4.997358709262116 -4.75
      vertex 0.7289686274214117 6.690452894071312 -4.75
      vertex 1.064448228912681 5.112932368834951 -4.75
    endloop
  endfacet
  facet normal 0 0 -1
    outer loop
      vertex 0.7725424859373685 4.997358709262116 -4.75
      vertex 0.5358267949789968 6.530672074497985 -4.75
      vertex 0.6374239897486896 6.604486757224211 -4.75
    endloop
  endfacet
  facet normal 0 0 -1
    outer loop
      vertex 0.7725424859373685 4.997358709262116 -4.75
      vertex 0.6374239897486896 6.604486757224211 -4.75
      vertex 0.7289686274214117 6.690452894071312 -4.75
    endloop
  endfacet
  facet normal -0.48175367410171477 0.8763066800438638 0
    outer loop
      vertex 1.064448228912681 5.112932368834951 -4.75
      vertex 1.3395669874474918 5.264180186244962 -4.75
      vertex 1.064448228912681 5.112932368834951 -6
    endloop
  endfacet
  facet normal -0.5877852522924721 0.809016994374948 0
    outer loop
      vertex 1.3395669874474918 5.264180186244962 -4.75
      vertex 1.5935599743717241 5.448716893060526 -4.75
      vertex 1.3395669874474918 5.264180186244962 -6
    endloop
  endfacet
  facet normal -0.6845471059286893 0.7289686274214108 0
    outer loop
      vertex 1.5935599743717241 5.448716893060526 -4.75
      vertex 1.8224215685535292 5.663632235178278 -4.75
      vertex 1.5935599743717241 5.448716893060526 -6
    endloop
  endfacet
  facet normal 0 0 -1
    outer loop
      vertex 1.064448228912681 5.112932368834951 -4.75
      vertex 0.7289686274214117 6.690452894071312 -4.75
      vertex 0.8090169943749475 6.787214747707527 -4.75
    endloop
  endfacet
  facet normal 0 0 -1
    outer loop
      vertex 1.064448228912681 5.112932368834951 -4.75
      vertex 0.8090169943749475 6.787214747707527 -4.75
      vertex 0.8763066800438635 6.893246325898285 -4.75
    endloop
  endfacet
  facet normal 0 0 -1
    outer loop
      vertex 1.064448228912681 5.112932368834951 -4.75
      vertex 0.8763066800438635 6.893246325898285 -4.75
      vertex 0.9297764858882515 7.0068754473153225 -4.75
    endloop
  endfacet
  facet normal 0 0 -1
    outer loop
      vertex 1.064448228912681 5.112932368834951 -4.75
      vertex 0.9297764858882515 7.0068754473153225 -4.75
      vertex 0.9685831611286311 7.126310112835145 -4.75
    endloop
  endfacet
  facet normal 0 0 -1
    outer loop
      vertex 1.064448228912681 5.112932368834951 -4.75
      vertex 0.9685831611286311 7.126310112835145 -4.75
      vertex 0.9921147013144779 7.249666766435696 -4.75
    endloop
  endfacet
  facet normal 0 0 -1
    outer loop
      vertex 1.064448228912681 5.112932368834951 -4.75
      vertex 0.9921147013144779 7.249666766435696 -4.75
      vertex 1 7.375 -4.75
    endloop
  endfacet
  facet normal 0 0 -1
    outer loop
      vertex 1.064448228912681 5.112932368834951 -4.75
      vertex 1.0644482289126818 9.63706763116505 -4.75
      vertex 1.3395669874474918 5.264180186244962 -4.75
    endloop
  endfacet
  facet normal 0 0 -1
    outer loop
      vertex 1.3395669874474918 5.264180186244962 -4.75
      vertex 1.3395669874474918 9.485819813755038 -4.75
      vertex 1.5935599743717241 5.448716893060526 -4.75
    endloop
  endfacet
  facet normal 0 0 -1
    outer loop
      vertex 1.5935599743717241 5.448716893060526 -4.75
      vertex 1.5935599743717241 9.301283106939474 -4.75
      vertex 1.8224215685535292 5.663632235178278 -4.75
    endloop
  endfacet
  facet normal -0.6845471059286893 0.7289686274214108 0
    outer loop
      vertex 1.8224215685535292 5.663632235178278 -4.75
      vertex 1.8224215685535292 5.663632235178278 -6
      vertex 1.5935599743717241 5.448716893060526 -6
    endloop
  endfacet
  facet normal -0.7705132427757889 0.6374239897486901 0
    outer loop
      vertex 1.8224215685535292 5.663632235178278 -4.75
      vertex 2.0225424859373686 5.905536869268817 -6
      vertex 1.8224215685535292 5.663632235178278 -6
    endloop
  endfacet
  facet normal -0.844327925502016 0.5358267949789954 0
    outer loop
      vertex 2.0225424859373686 5.905536869268817 -4.75
      vertex 2.1907667001096587 6.1706158147457115 -6
      vertex 2.0225424859373686 5.905536869268817 -6
    endloop
  endfacet
  facet normal -0.9048270524660192 0.42577929156507344 0
    outer loop
      vertex 2.1907667001096587 6.1706158147457115 -4.75
      vertex 2.3244412147206286 6.454688618288305 -6
      vertex 2.1907667001096587 6.1706158147457115 -6
    endloop
  endfacet
  facet normal -0.9510565162951536 0.309016994374947 0
    outer loop
      vertex 2.3244412147206286 6.454688618288305 -4.75
      vertex 2.4214579028215777 6.753275282087863 -6
      vertex 2.3244412147206286 6.454688618288305 -6
    endloop
  endfacet
  facet normal -0.9822872507286885 0.18738131458572507 0
    outer loop
      vertex 2.4214579028215777 6.753275282087863 -4.75
      vertex 2.4802867532861947 7.06166691608924 -6
      vertex 2.4214579028215777 6.753275282087863 -6
    endloop
  endfacet
  facet normal -0.7705132427757889 0.6374239897486901 0
    outer loop
      vertex 1.8224215685535292 5.663632235178278 -4.75
      vertex 2.0225424859373686 5.905536869268817 -4.75
      vertex 2.0225424859373686 5.905536869268817 -6
    endloop
  endfacet
  facet normal -0.844327925502016 0.5358267949789954 0
    outer loop
      vertex 2.0225424859373686 5.905536869268817 -4.75
      vertex 2.1907667001096587 6.1706158147457115 -4.75
      vertex 2.1907667001096587 6.1706158147457115 -6
    endloop
  endfacet
  facet normal -0.9048270524660192 0.42577929156507344 0
    outer loop
      vertex 2.1907667001096587 6.1706158147457115 -4.75
      vertex 2.3244412147206286 6.454688618288305 -4.75
      vertex 2.3244412147206286 6.454688618288305 -6
    endloop
  endfacet
  facet normal -0.9510565162951536 0.309016994374947 0
    outer loop
      vertex 2.3244412147206286 6.454688618288305 -4.75
      vertex 2.4214579028215777 6.753275282087863 -4.75
      vertex 2.4214579028215777 6.753275282087863 -6
    endloop
  endfacet
  facet normal 0 0 -1
    outer loop
      vertex 0.8763066800438635 7.856753674101715 -4.75
      vertex 0.8090169943749475 7.962785252292473 -4.75
      vertex 0.7725424859373685 9.752641290737884 -4.75
    endloop
  endfacet
  facet normal 0 0 -1
    outer loop
      vertex 1.064448228912681 5.112932368834951 -4.75
      vertex 1 7.375 -4.75
      vertex 1.0644482289126818 9.63706763116505 -4.75
    endloop
  endfacet
  facet normal 0 0 -1
    outer loop
      vertex 1.3395669874474918 5.264180186244962 -4.75
      vertex 1.0644482289126818 9.63706763116505 -4.75
      vertex 1.3395669874474918 9.485819813755038 -4.75
    endloop
  endfacet
  facet normal 0 0 -1
    outer loop
      vertex 1 7.375 -4.75
      vertex 0.9921147013144779 7.500333233564304 -4.75
      vertex 1.0644482289126818 9.63706763116505 -4.75
    endloop
  endfacet
  facet normal 0 0 -1
    outer loop
      vertex 0.9921147013144779 7.500333233564304 -4.75
      vertex 0.9685831611286311 7.623689887164855 -4.75
      vertex 1.0644482289126818 9.63706763116505 -4.75
    endloop
  endfacet
  facet normal 0 0 -1
    outer loop
      vertex 0.9685831611286311 7.623689887164855 -4.75
      vertex 0.9297764858882515 7.7431245526846775 -4.75
      vertex 1.0644482289126818 9.63706763116505 -4.75
    endloop
  endfacet
  facet normal 0 0 -1
    outer loop
      vertex 0.8763066800438635 7.856753674101715 -4.75
      vertex 0.7725424859373685 9.752641290737884 -4.75
      vertex 0.9297764858882515 7.7431245526846775 -4.75
    endloop
  endfacet
  facet normal 0 0 -1
    outer loop
      vertex 1.5935599743717241 5.448716893060526 -4.75
      vertex 1.3395669874474918 9.485819813755038 -4.75
      vertex 1.5935599743717241 9.301283106939474 -4.75
    endloop
  endfacet
  facet normal -0.1253332335643047 -0.9921147013144777 0
    outer loop
      vertex 0.15697629882328318 9.87006682107068 -4.75
      vertex 0.15697629882328318 9.87006682107068 -6
      vertex 0.46845328646431145 9.830718126821722 -6
    endloop
  endfacet
  facet normal -0.24868988716485535 -0.968583161128631 0
    outer loop
      vertex 0.46845328646431145 9.830718126821722 -4.75
      vertex 0.46845328646431145 9.830718126821722 -6
      vertex 0.7725424859373685 9.752641290737884 -6
    endloop
  endfacet
  facet normal -0.5877852522924721 -0.809016994374948 0
    outer loop
      vertex 1.3395669874474918 9.485819813755038 -4.75
      vertex 1.3395669874474918 9.485819813755038 -6
      vertex 1.5935599743717241 9.301283106939474 -6
    endloop
  endfacet
  facet normal -0.6845471059286893 -0.7289686274214108 0
    outer loop
      vertex 1.5935599743717241 9.301283106939474 -4.75
      vertex 1.5935599743717241 9.301283106939474 -6
      vertex 1.8224215685535292 9.086367764821722 -6
    endloop
  endfacet
  facet normal -0.3681245526846773 -0.9297764858882517 0
    outer loop
      vertex 0.7725424859373685 9.752641290737884 -4.75
      vertex 0.7725424859373685 9.752641290737884 -6
      vertex 1.0644482289126818 9.63706763116505 -6
    endloop
  endfacet
  facet normal -0.48175367410171566 -0.8763066800438633 0
    outer loop
      vertex 1.0644482289126818 9.63706763116505 -4.75
      vertex 1.0644482289126818 9.63706763116505 -6
      vertex 1.3395669874474918 9.485819813755038 -6
    endloop
  endfacet
  facet normal 0 0 -1
    outer loop
      vertex -0.0627905195293129 8.373026728428272 -4.75
      vertex 0.15697629882328318 9.87006682107068 -4.75
      vertex 0.06279051952931328 8.373026728428272 -4.75
    endloop
  endfacet
  facet normal 0 0 -1
    outer loop
      vertex 0.06279051952931328 8.373026728428272 -4.75
      vertex 0.15697629882328318 9.87006682107068 -4.75
      vertex 0.18738131458572457 8.357287250728689 -4.75
    endloop
  endfacet
  facet normal 0 0 -1
    outer loop
      vertex 0.18738131458572457 8.357287250728689 -4.75
      vertex 0.15697629882328318 9.87006682107068 -4.75
      vertex 0.3090169943749474 8.326056516295154 -4.75
    endloop
  endfacet
  facet normal 0 0 -1
    outer loop
      vertex 0.3090169943749474 8.326056516295154 -4.75
      vertex 0.46845328646431145 9.830718126821722 -4.75
      vertex 0.4257792915650727 8.27982705246602 -4.75
    endloop
  endfacet
  facet normal 0 0 -1
    outer loop
      vertex 0.3090169943749474 8.326056516295154 -4.75
      vertex 0.15697629882328318 9.87006682107068 -4.75
      vertex 0.46845328646431145 9.830718126821722 -4.75
    endloop
  endfacet
  facet normal 0 0 -1
    outer loop
      vertex 0.4257792915650727 8.27982705246602 -4.75
      vertex 0.46845328646431145 9.830718126821722 -4.75
      vertex 0.5358267949789968 8.219327925502014 -4.75
    endloop
  endfacet
  facet normal 0 0 -1
    outer loop
      vertex 0.5358267949789968 8.219327925502014 -4.75
      vertex 0.46845328646431145 9.830718126821722 -4.75
      vertex 0.6374239897486896 8.14551324277579 -4.75
    endloop
  endfacet
  facet normal 0 0 -1
    outer loop
      vertex 0.6374239897486896 8.14551324277579 -4.75
      vertex 0.7725424859373685 9.752641290737884 -4.75
      vertex 0.7289686274214117 8.059547105928688 -4.75
    endloop
  endfacet
  facet normal 0 0 -1
    outer loop
      vertex 0.8090169943749475 7.962785252292473 -4.75
      vertex 0.7289686274214117 8.059547105928688 -4.75
      vertex 0.7725424859373685 9.752641290737884 -4.75
    endloop
  endfacet
  facet normal 0 0 -1
    outer loop
      vertex 0.6374239897486896 8.14551324277579 -4.75
      vertex 0.46845328646431145 9.830718126821722 -4.75
      vertex 0.7725424859373685 9.752641290737884 -4.75
    endloop
  endfacet
  facet normal -0.1253332335643047 -0.9921147013144777 0
    outer loop
      vertex 0.15697629882328318 9.87006682107068 -4.75
      vertex 0.46845328646431145 9.830718126821722 -6
      vertex 0.46845328646431145 9.830718126821722 -4.75
    endloop
  endfacet
  facet normal 0 -1 0
    outer loop
      vertex -0.15697629882328318 9.87006682107068 -4.75
      vertex 0.15697629882328318 9.87006682107068 -6
      vertex 0.15697629882328318 9.87006682107068 -4.75
    endloop
  endfacet
  facet normal -0.24868988716485535 -0.968583161128631 0
    outer loop
      vertex 0.46845328646431145 9.830718126821722 -4.75
      vertex 0.7725424859373685 9.752641290737884 -6
      vertex 0.7725424859373685 9.752641290737884 -4.75
    endloop
  endfacet
  facet normal -0.5877852522924721 -0.809016994374948 0
    outer loop
      vertex 1.3395669874474918 9.485819813755038 -4.75
      vertex 1.5935599743717241 9.301283106939474 -6
      vertex 1.5935599743717241 9.301283106939474 -4.75
    endloop
  endfacet
  facet normal 0 0 -1
    outer loop
      vertex 0.9297764858882515 7.7431245526846775 -4.75
      vertex 0.7725424859373685 9.752641290737884 -4.75
      vertex 1.0644482289126818 9.63706763116505 -4.75
    endloop
  endfacet
  facet normal -0.3681245526846773 -0.9297764858882517 0
    outer loop
      vertex 0.7725424859373685 9.752641290737884 -4.75
      vertex 1.0644482289126818 9.63706763116505 -6
      vertex 1.0644482289126818 9.63706763116505 -4.75
    endloop
  endfacet
  facet normal -0.48175367410171566 -0.8763066800438633 0
    outer loop
      vertex 1.0644482289126818 9.63706763116505 -4.75
      vertex 1.3395669874474918 9.485819813755038 -6
      vertex 1.3395669874474918 9.485819813755038 -4.75
    endloop
  endfacet
  facet normal -0.9980267284282716 0.06279051952931293 0
    outer loop
      vertex 2.4802867532861947 7.06166691608924 -4.75
      vertex 2.5 7.375 -6
      vertex 2.4802867532861947 7.06166691608924 -6
    endloop
  endfacet
  facet normal -0.9980267284282716 -0.06279051952931293 0
    outer loop
      vertex 2.5 7.375 -4.75
      vertex 2.4802867532861947 7.68833308391076 -6
      vertex 2.5 7.375 -6
    endloop
  endfacet
  facet normal -0.9822872507286885 -0.18738131458572507 0
    outer loop
      vertex 2.4802867532861947 7.68833308391076 -4.75
      vertex 2.4214579028215777 7.996724717912137 -6
      vertex 2.4802867532861947 7.68833308391076 -6
    endloop
  endfacet
  facet normal -0.9510565162951536 -0.309016994374947 0
    outer loop
      vertex 2.4214579028215777 7.996724717912137 -4.75
      vertex 2.3244412147206286 8.295311381711695 -6
      vertex 2.4214579028215777 7.996724717912137 -6
    endloop
  endfacet
  facet normal -0.9048270524660187 -0.4257792915650745 0
    outer loop
      vertex 2.3244412147206286 8.295311381711695 -4.75
      vertex 2.1907667001096587 8.579384185254288 -6
      vertex 2.3244412147206286 8.295311381711695 -6
    endloop
  endfacet
  facet normal -0.9822872507286885 0.18738131458572507 0
    outer loop
      vertex 2.4214579028215777 6.753275282087863 -4.75
      vertex 2.4802867532861947 7.06166691608924 -4.75
      vertex 2.4802867532861947 7.06166691608924 -6
    endloop
  endfacet
  facet normal -0.9980267284282716 0.06279051952931293 0
    outer loop
      vertex 2.4802867532861947 7.06166691608924 -4.75
      vertex 2.5 7.375 -4.75
      vertex 2.5 7.375 -6
    endloop
  endfacet
  facet normal -0.9980267284282716 -0.06279051952931293 0
    outer loop
      vertex 2.5 7.375 -4.75
      vertex 2.4802867532861947 7.68833308391076 -4.75
      vertex 2.4802867532861947 7.68833308391076 -6
    endloop
  endfacet
  facet normal 0 0 -1
    outer loop
      vertex 1.8224215685535292 5.663632235178278 -4.75
      vertex 1.8224215685535292 9.086367764821722 -4.75
      vertex 2.0225424859373686 5.905536869268817 -4.75
    endloop
  endfacet
  facet normal 0 0 -1
    outer loop
      vertex 2.0225424859373686 5.905536869268817 -4.75
      vertex 2.0225424859373686 8.844463130731183 -4.75
      vertex 2.1907667001096587 6.1706158147457115 -4.75
    endloop
  endfacet
  facet normal 0 0 -1
    outer loop
      vertex 2.1907667001096587 6.1706158147457115 -4.75
      vertex 2.1907667001096587 8.579384185254288 -4.75
      vertex 2.3244412147206286 6.454688618288305 -4.75
    endloop
  endfacet
  facet normal 0 0 -1
    outer loop
      vertex 2.3244412147206286 6.454688618288305 -4.75
      vertex 2.3244412147206286 8.295311381711695 -4.75
      vertex 2.4214579028215777 6.753275282087863 -4.75
    endloop
  endfacet
  facet normal 0 0 -1
    outer loop
      vertex 2.4214579028215777 6.753275282087863 -4.75
      vertex 2.4214579028215777 7.996724717912137 -4.75
      vertex 2.4802867532861947 7.06166691608924 -4.75
    endloop
  endfacet
  facet normal 0 0 -1
    outer loop
      vertex 2.4802867532861947 7.06166691608924 -4.75
      vertex 2.4802867532861947 7.68833308391076 -4.75
      vertex 2.5 7.375 -4.75
    endloop
  endfacet
  facet normal 0 0 -1
    outer loop
      vertex 2.4802867532861947 7.06166691608924 -4.75
      vertex 2.4214579028215777 7.996724717912137 -4.75
      vertex 2.4802867532861947 7.68833308391076 -4.75
    endloop
  endfacet
  facet normal 0 0 -1
    outer loop
      vertex 2.4214579028215777 6.753275282087863 -4.75
      vertex 2.3244412147206286 8.295311381711695 -4.75
      vertex 2.4214579028215777 7.996724717912137 -4.75
    endloop
  endfacet
  facet normal -0.9822872507286885 -0.18738131458572507 0
    outer loop
      vertex 2.4802867532861947 7.68833308391076 -4.75
      vertex 2.4214579028215777 7.996724717912137 -4.75
      vertex 2.4214579028215777 7.996724717912137 -6
    endloop
  endfacet
  facet normal -0.9510565162951536 -0.309016994374947 0
    outer loop
      vertex 2.4214579028215777 7.996724717912137 -4.75
      vertex 2.3244412147206286 8.295311381711695 -4.75
      vertex 2.3244412147206286 8.295311381711695 -6
    endloop
  endfacet
  facet normal -0.9048270524660187 -0.4257792915650745 0
    outer loop
      vertex 2.1907667001096587 8.579384185254288 -4.75
      vertex 2.1907667001096587 8.579384185254288 -6
      vertex 2.3244412147206286 8.295311381711695 -4.75
    endloop
  endfacet
  facet normal 0 0 -1
    outer loop
      vertex 1.8224215685535292 5.663632235178278 -4.75
      vertex 1.5935599743717241 9.301283106939474 -4.75
      vertex 1.8224215685535292 9.086367764821722 -4.75
    endloop
  endfacet
  facet normal 0 0 -1
    outer loop
      vertex 2.1907667001096587 6.1706158147457115 -4.75
      vertex 2.0225424859373686 8.844463130731183 -4.75
      vertex 2.1907667001096587 8.579384185254288 -4.75
    endloop
  endfacet
  facet normal 0 0 -1
    outer loop
      vertex 2.0225424859373686 5.905536869268817 -4.75
      vertex 1.8224215685535292 9.086367764821722 -4.75
      vertex 2.0225424859373686 8.844463130731183 -4.75
    endloop
  endfacet
  facet normal 0 0 -1
    outer loop
      vertex 2.1907667001096587 8.579384185254288 -4.75
      vertex 2.3244412147206286 8.295311381711695 -4.75
      vertex 2.3244412147206286 6.454688618288305 -4.75
    endloop
  endfacet
  facet normal -0.8443279255020166 -0.5358267949789941 0
    outer loop
      vertex 2.1907667001096587 8.579384185254288 -4.75
      vertex 2.0225424859373686 8.844463130731183 -6
      vertex 2.1907667001096587 8.579384185254288 -6
    endloop
  endfacet
  facet normal -0.7705132427757889 -0.6374239897486901 0
    outer loop
      vertex 2.0225424859373686 8.844463130731183 -4.75
      vertex 1.8224215685535292 9.086367764821722 -6
      vertex 2.0225424859373686 8.844463130731183 -6
    endloop
  endfacet
  facet normal -0.8443279255020166 -0.5358267949789941 0
    outer loop
      vertex 2.1907667001096587 8.579384185254288 -4.75
      vertex 2.0225424859373686 8.844463130731183 -4.75
      vertex 2.0225424859373686 8.844463130731183 -6
    endloop
  endfacet
  facet normal -0.6845471059286893 -0.7289686274214108 0
    outer loop
      vertex 1.5935599743717241 9.301283106939474 -4.75
      vertex 1.8224215685535292 9.086367764821722 -6
      vertex 1.8224215685535292 9.086367764821722 -4.75
    endloop
  endfacet
  facet normal -0.7705132427757889 -0.6374239897486901 0
    outer loop
      vertex 2.0225424859373686 8.844463130731183 -4.75
      vertex 1.8224215685535292 9.086367764821722 -4.75
      vertex 1.8224215685535292 9.086367764821722 -6
    endloop
  endfacet
  facet normal 0.7705132427757889 0.6374239897486901 0
    outer loop
      vertex -2.0225424859373686 -8.844463130731183 -4.75
      vertex -1.8224215685535292 -9.086367764821722 -6
      vertex -2.0225424859373686 -8.844463130731183 -6
    endloop
  endfacet
  facet normal 0.8443279255020166 0.5358267949789941 0
    outer loop
      vertex -2.1907667001096587 -8.579384185254288 -4.75
      vertex -2.0225424859373686 -8.844463130731183 -6
      vertex -2.1907667001096587 -8.579384185254288 -6
    endloop
  endfacet
  facet normal 0.7705132427757889 0.6374239897486901 0
    outer loop
      vertex -1.8224215685535292 -9.086367764821722 -4.75
      vertex -1.8224215685535292 -9.086367764821722 -6
      vertex -2.0225424859373686 -8.844463130731183 -4.75
    endloop
  endfacet
  facet normal 0.6845471059286877 0.7289686274214123 0
    outer loop
      vertex -1.8224215685535292 -9.086367764821722 -4.75
      vertex -1.593559974371725 -9.301283106939472 -4.75
      vertex -1.8224215685535292 -9.086367764821722 -6
    endloop
  endfacet
  facet normal 0.8443279255020166 0.5358267949789941 0
    outer loop
      vertex -2.0225424859373686 -8.844463130731183 -4.75
      vertex -2.0225424859373686 -8.844463130731183 -6
      vertex -2.1907667001096587 -8.579384185254288 -4.75
    endloop
  endfacet
  facet normal 0.9048270524660191 0.4257792915650733 0
    outer loop
      vertex -2.324441214720628 -8.295311381711695 -4.75
      vertex -2.1907667001096587 -8.579384185254288 -6
      vertex -2.324441214720628 -8.295311381711695 -6
    endloop
  endfacet
  facet normal 0.9510565162951532 0.30901699437494873 0
    outer loop
      vertex -2.421457902821578 -7.996724717912136 -4.75
      vertex -2.324441214720628 -8.295311381711695 -6
      vertex -2.421457902821578 -7.996724717912136 -6
    endloop
  endfacet
  facet normal 0.9822872507286887 0.18738131458572424 0
    outer loop
      vertex -2.4802867532861947 -7.68833308391076 -4.75
      vertex -2.421457902821578 -7.996724717912136 -6
      vertex -2.4802867532861947 -7.68833308391076 -6
    endloop
  endfacet
  facet normal 0.9980267284282716 0.06279051952931293 0
    outer loop
      vertex -2.5 -7.375 -4.75
      vertex -2.4802867532861947 -7.68833308391076 -6
      vertex -2.5 -7.375 -6
    endloop
  endfacet
  facet normal 0.9980267284282717 -0.06279051952931275 0
    outer loop
      vertex -2.4802867532861947 -7.061666916089239 -4.75
      vertex -2.5 -7.375 -6
      vertex -2.4802867532861947 -7.061666916089239 -6
    endloop
  endfacet
  facet normal 0.9048270524660191 0.4257792915650733 0
    outer loop
      vertex -2.324441214720628 -8.295311381711695 -4.75
      vertex -2.1907667001096587 -8.579384185254288 -4.75
      vertex -2.1907667001096587 -8.579384185254288 -6
    endloop
  endfacet
  facet normal 0.9510565162951532 0.30901699437494873 0
    outer loop
      vertex -2.324441214720628 -8.295311381711695 -4.75
      vertex -2.324441214720628 -8.295311381711695 -6
      vertex -2.421457902821578 -7.996724717912136 -4.75
    endloop
  endfacet
  facet normal 0.9822872507286887 0.18738131458572424 0
    outer loop
      vertex -2.421457902821578 -7.996724717912136 -4.75
      vertex -2.421457902821578 -7.996724717912136 -6
      vertex -2.4802867532861947 -7.68833308391076 -4.75
    endloop
  endfacet
  facet normal 0 0 -1
    outer loop
      vertex -2.324441214720628 -8.295311381711695 -4.75
      vertex -2.324441214720628 -6.454688618288305 -4.75
      vertex -2.1907667001096587 -8.579384185254288 -4.75
    endloop
  endfacet
  facet normal 0 0 -1
    outer loop
      vertex -1.8224215685535292 -9.086367764821722 -4.75
      vertex -2.0225424859373686 -8.844463130731183 -4.75
      vertex -2.0225424859373686 -5.905536869268817 -4.75
    endloop
  endfacet
  facet normal 0 0 -1
    outer loop
      vertex -2.0225424859373686 -8.844463130731183 -4.75
      vertex -2.1907667001096587 -8.579384185254288 -4.75
      vertex -2.190766700109659 -6.1706158147457115 -4.75
    endloop
  endfacet
  facet normal 0 0 -1
    outer loop
      vertex -1.8224215685535292 -9.086367764821722 -4.75
      vertex -1.822421568553529 -5.663632235178278 -4.75
      vertex -1.593559974371725 -9.301283106939472 -4.75
    endloop
  endfacet
  facet normal 0.9980267284282716 0.06279051952931293 0
    outer loop
      vertex -2.4802867532861947 -7.68833308391076 -4.75
      vertex -2.4802867532861947 -7.68833308391076 -6
      vertex -2.5 -7.375 -4.75
    endloop
  endfacet
  facet normal 0.9980267284282717 -0.06279051952931275 0
    outer loop
      vertex -2.5 -7.375 -4.75
      vertex -2.5 -7.375 -6
      vertex -2.4802867532861947 -7.061666916089239 -4.75
    endloop
  endfacet
  facet normal 0.9822872507286885 -0.1873813145857256 0
    outer loop
      vertex -2.4802867532861947 -7.061666916089239 -4.75
      vertex -2.4802867532861947 -7.061666916089239 -6
      vertex -2.4214579028215777 -6.753275282087863 -4.75
    endloop
  endfacet
  facet normal 0 0 -1
    outer loop
      vertex -2.324441214720628 -8.295311381711695 -4.75
      vertex -2.421457902821578 -7.996724717912136 -4.75
      vertex -2.4214579028215777 -6.753275282087863 -4.75
    endloop
  endfacet
  facet normal 0 0 -1
    outer loop
      vertex -2.421457902821578 -7.996724717912136 -4.75
      vertex -2.4802867532861947 -7.68833308391076 -4.75
      vertex -2.4802867532861947 -7.061666916089239 -4.75
    endloop
  endfacet
  facet normal 0 0 -1
    outer loop
      vertex -2.4802867532861947 -7.68833308391076 -4.75
      vertex -2.5 -7.375 -4.75
      vertex -2.4802867532861947 -7.061666916089239 -4.75
    endloop
  endfacet
  facet normal 0 0 -1
    outer loop
      vertex -2.421457902821578 -7.996724717912136 -4.75
      vertex -2.4802867532861947 -7.061666916089239 -4.75
      vertex -2.4214579028215777 -6.753275282087863 -4.75
    endloop
  endfacet
  facet normal 0 0 -1
    outer loop
      vertex -2.324441214720628 -8.295311381711695 -4.75
      vertex -2.4214579028215777 -6.753275282087863 -4.75
      vertex -2.324441214720628 -6.454688618288305 -4.75
    endloop
  endfacet
  facet normal 0 0 -1
    outer loop
      vertex -2.324441214720628 -6.454688618288305 -4.75
      vertex -2.190766700109659 -6.1706158147457115 -4.75
      vertex -2.1907667001096587 -8.579384185254288 -4.75
    endloop
  endfacet
  facet normal 0 0 -1
    outer loop
      vertex -2.0225424859373686 -8.844463130731183 -4.75
      vertex -2.190766700109659 -6.1706158147457115 -4.75
      vertex -2.0225424859373686 -5.905536869268817 -4.75
    endloop
  endfacet
  facet normal 0 0 -1
    outer loop
      vertex -1.8224215685535292 -9.086367764821722 -4.75
      vertex -2.0225424859373686 -5.905536869268817 -4.75
      vertex -1.822421568553529 -5.663632235178278 -4.75
    endloop
  endfacet
  facet normal 0.4817536741017166 0.8763066800438629 0
    outer loop
      vertex -1.064448228912681 -9.63706763116505 -4.75
      vertex -1.064448228912681 -9.63706763116505 -6
      vertex -1.3395669874474905 -9.485819813755038 -6
    endloop
  endfacet
  facet normal 0.36812455268467803 0.9297764858882515 0
    outer loop
      vertex -0.7725424859373685 -9.752641290737884 -4.75
      vertex -0.7725424859373685 -9.752641290737884 -6
      vertex -1.064448228912681 -9.63706763116505 -6
    endloop
  endfacet
  facet normal 0.6845471059286877 0.7289686274214123 0
    outer loop
      vertex -1.593559974371725 -9.301283106939472 -4.75
      vertex -1.593559974371725 -9.301283106939472 -6
      vertex -1.8224215685535292 -9.086367764821722 -6
    endloop
  endfacet
  facet normal 0.5877852522924726 0.8090169943749479 0
    outer loop
      vertex -1.3395669874474905 -9.485819813755038 -4.75
      vertex -1.3395669874474905 -9.485819813755038 -6
      vertex -1.593559974371725 -9.301283106939472 -6
    endloop
  endfacet
  facet normal 0.24868988716485577 0.9685831611286307 0
    outer loop
      vertex -0.46845328646431206 -9.830718126821722 -4.75
      vertex -0.46845328646431206 -9.830718126821722 -6
      vertex -0.7725424859373685 -9.752641290737884 -6
    endloop
  endfacet
  facet normal 0.12533323356430495 0.9921147013144777 0
    outer loop
      vertex -0.1569762988232844 -9.87006682107068 -4.75
      vertex -0.1569762988232844 -9.87006682107068 -6
      vertex -0.46845328646431206 -9.830718126821722 -6
    endloop
  endfacet
  facet normal 0.4817536741017166 0.8763066800438629 0
    outer loop
      vertex -1.3395669874474905 -9.485819813755038 -4.75
      vertex -1.064448228912681 -9.63706763116505 -4.75
      vertex -1.3395669874474905 -9.485819813755038 -6
    endloop
  endfacet
  facet normal 0.36812455268467803 0.9297764858882515 0
    outer loop
      vertex -1.064448228912681 -9.63706763116505 -4.75
      vertex -0.7725424859373685 -9.752641290737884 -4.75
      vertex -1.064448228912681 -9.63706763116505 -6
    endloop
  endfacet
  facet normal 0.5877852522924726 0.8090169943749479 0
    outer loop
      vertex -1.593559974371725 -9.301283106939472 -4.75
      vertex -1.3395669874474905 -9.485819813755038 -4.75
      vertex -1.593559974371725 -9.301283106939472 -6
    endloop
  endfacet
  facet normal 0 0 -1
    outer loop
      vertex -1.064448228912681 -9.63706763116505 -4.75
      vertex -0.9297764858882512 -7.743124552684678 -4.75
      vertex -0.7725424859373685 -9.752641290737884 -4.75
    endloop
  endfacet
  facet normal 0.24868988716485577 0.9685831611286307 0
    outer loop
      vertex -0.7725424859373685 -9.752641290737884 -4.75
      vertex -0.46845328646431206 -9.830718126821722 -4.75
      vertex -0.7725424859373685 -9.752641290737884 -6
    endloop
  endfacet
  facet normal 0 1 0
    outer loop
      vertex -0.1569762988232844 -9.87006682107068 -4.75
      vertex 0.1569762988232844 -9.87006682107068 -4.75
      vertex -0.1569762988232844 -9.87006682107068 -6
    endloop
  endfacet
  facet normal 0.12533323356430495 0.9921147013144777 0
    outer loop
      vertex -0.46845328646431206 -9.830718126821722 -4.75
      vertex -0.1569762988232844 -9.87006682107068 -4.75
      vertex -0.46845328646431206 -9.830718126821722 -6
    endloop
  endfacet
  facet normal 0 0 -1
    outer loop
      vertex -0.7725424859373685 -9.752641290737884 -4.75
      vertex -0.63742398974869 -8.145513242775788 -4.75
      vertex -0.46845328646431206 -9.830718126821722 -4.75
    endloop
  endfacet
  facet normal 0 0 -1
    outer loop
      vertex -0.7725424859373685 -9.752641290737884 -4.75
      vertex -0.8090169943749475 -7.962785252292473 -4.75
      vertex -0.7289686274214117 -8.059547105928688 -4.75
    endloop
  endfacet
  facet normal 0 0 -1
    outer loop
      vertex -0.7725424859373685 -9.752641290737884 -4.75
      vertex -0.7289686274214117 -8.059547105928688 -4.75
      vertex -0.63742398974869 -8.145513242775788 -4.75
    endloop
  endfacet
  facet normal 0 0 -1
    outer loop
      vertex -0.46845328646431206 -9.830718126821722 -4.75
      vertex -0.63742398974869 -8.145513242775788 -4.75
      vertex -0.5358267949789962 -8.219327925502014 -4.75
    endloop
  endfacet
  facet normal 0 0 -1
    outer loop
      vertex -0.46845328646431206 -9.830718126821722 -4.75
      vertex -0.5358267949789962 -8.219327925502014 -4.75
      vertex -0.42577929156507244 -8.27982705246602 -4.75
    endloop
  endfacet
  facet normal 0 0 -1
    outer loop
      vertex -0.46845328646431206 -9.830718126821722 -4.75
      vertex -0.3090169943749474 -8.326056516295154 -4.75
      vertex -0.1569762988232844 -9.87006682107068 -4.75
    endloop
  endfacet
  facet normal 0 0 -1
    outer loop
      vertex -0.46845328646431206 -9.830718126821722 -4.75
      vertex -0.42577929156507244 -8.27982705246602 -4.75
      vertex -0.3090169943749474 -8.326056516295154 -4.75
    endloop
  endfacet
  facet normal 0 0 -1
    outer loop
      vertex -0.1569762988232844 -9.87006682107068 -4.75
      vertex -0.3090169943749474 -8.326056516295154 -4.75
      vertex -0.18738131458572482 -8.357287250728689 -4.75
    endloop
  endfacet
  facet normal 0 0 -1
    outer loop
      vertex -0.1569762988232844 -9.87006682107068 -4.75
      vertex -0.18738131458572482 -8.357287250728689 -4.75
      vertex -0.06279051952931376 -8.373026728428272 -4.75
    endloop
  endfacet
  facet normal 0 0 -1
    outer loop
      vertex -0.1569762988232844 -9.87006682107068 -4.75
      vertex -0.06279051952931376 -8.373026728428272 -4.75
      vertex 0.06279051952931376 -8.373026728428272 -4.75
    endloop
  endfacet
  facet normal 0 0 -1
    outer loop
      vertex -1.593559974371725 -9.301283106939472 -4.75
      vertex -1.5935599743717244 -5.448716893060527 -4.75
      vertex -1.3395669874474905 -9.485819813755038 -4.75
    endloop
  endfacet
  facet normal 0 0 -1
    outer loop
      vertex -0.7725424859373685 -9.752641290737884 -4.75
      vertex -0.9297764858882512 -7.743124552684678 -4.75
      vertex -0.8763066800438635 -7.856753674101715 -4.75
    endloop
  endfacet
  facet normal 0 0 -1
    outer loop
      vertex -1.064448228912681 -9.63706763116505 -4.75
      vertex -0.9685831611286312 -7.623689887164854 -4.75
      vertex -0.9297764858882512 -7.743124552684678 -4.75
    endloop
  endfacet
  facet normal 0 0 -1
    outer loop
      vertex -1.064448228912681 -9.63706763116505 -4.75
      vertex -0.9921147013144779 -7.500333233564304 -4.75
      vertex -0.9685831611286312 -7.623689887164854 -4.75
    endloop
  endfacet
  facet normal 0 0 -1
    outer loop
      vertex -1.064448228912681 -9.63706763116505 -4.75
      vertex -1 -7.375 -4.75
      vertex -0.9921147013144779 -7.500333233564304 -4.75
    endloop
  endfacet
  facet normal 0 0 -1
    outer loop
      vertex -1.3395669874474905 -9.485819813755038 -4.75
      vertex -1.3395669874474916 -5.264180186244962 -4.75
      vertex -1.064448228912681 -9.63706763116505 -4.75
    endloop
  endfacet
  facet normal 0 0 -1
    outer loop
      vertex -1.064448228912681 -9.63706763116505 -4.75
      vertex -1.0644482289126818 -5.112932368834951 -4.75
      vertex -1 -7.375 -4.75
    endloop
  endfacet
  facet normal 0 0 -1
    outer loop
      vertex -0.7725424859373685 -9.752641290737884 -4.75
      vertex -0.8763066800438635 -7.856753674101715 -4.75
      vertex -0.8090169943749475 -7.962785252292473 -4.75
    endloop
  endfacet
  facet normal 0.9822872507286885 -0.1873813145857256 0
    outer loop
      vertex -2.4214579028215777 -6.753275282087863 -4.75
      vertex -2.4802867532861947 -7.061666916089239 -6
      vertex -2.4214579028215777 -6.753275282087863 -6
    endloop
  endfacet
  facet normal 0.9510565162951533 -0.3090169943749483 0
    outer loop
      vertex -2.324441214720628 -6.454688618288305 -4.75
      vertex -2.4214579028215777 -6.753275282087863 -6
      vertex -2.324441214720628 -6.454688618288305 -6
    endloop
  endfacet
  facet normal 0.9048270524660204 -0.4257792915650711 0
    outer loop
      vertex -2.190766700109659 -6.1706158147457115 -4.75
      vertex -2.324441214720628 -6.454688618288305 -6
      vertex -2.190766700109659 -6.1706158147457115 -6
    endloop
  endfacet
  facet normal 0.8443279255020152 -0.5358267949789964 0
    outer loop
      vertex -2.0225424859373686 -5.905536869268817 -4.75
      vertex -2.190766700109659 -6.1706158147457115 -6
      vertex -2.0225424859373686 -5.905536869268817 -6
    endloop
  endfacet
  facet normal 0.7705132427757886 -0.6374239897486905 0
    outer loop
      vertex -1.822421568553529 -5.663632235178278 -4.75
      vertex -2.0225424859373686 -5.905536869268817 -6
      vertex -1.822421568553529 -5.663632235178278 -6
    endloop
  endfacet
  facet normal 0.6845471059286886 -0.7289686274214117 0
    outer loop
      vertex -1.822421568553529 -5.663632235178278 -4.75
      vertex -1.822421568553529 -5.663632235178278 -6
      vertex -1.5935599743717244 -5.448716893060527 -6
    endloop
  endfacet
  facet normal 0.9510565162951533 -0.3090169943749483 0
    outer loop
      vertex -2.4214579028215777 -6.753275282087863 -4.75
      vertex -2.4214579028215777 -6.753275282087863 -6
      vertex -2.324441214720628 -6.454688618288305 -4.75
    endloop
  endfacet
  facet normal 0.9048270524660204 -0.4257792915650711 0
    outer loop
      vertex -2.324441214720628 -6.454688618288305 -4.75
      vertex -2.324441214720628 -6.454688618288305 -6
      vertex -2.190766700109659 -6.1706158147457115 -4.75
    endloop
  endfacet
  facet normal 0.8443279255020152 -0.5358267949789964 0
    outer loop
      vertex -2.190766700109659 -6.1706158147457115 -4.75
      vertex -2.190766700109659 -6.1706158147457115 -6
      vertex -2.0225424859373686 -5.905536869268817 -4.75
    endloop
  endfacet
  facet normal 0.7705132427757886 -0.6374239897486905 0
    outer loop
      vertex -2.0225424859373686 -5.905536869268817 -4.75
      vertex -2.0225424859373686 -5.905536869268817 -6
      vertex -1.822421568553529 -5.663632235178278 -4.75
    endloop
  endfacet
  facet normal 0.5877852522924734 -0.8090169943749472 0
    outer loop
      vertex -1.5935599743717244 -5.448716893060527 -4.75
      vertex -1.5935599743717244 -5.448716893060527 -6
      vertex -1.3395669874474916 -5.264180186244962 -6
    endloop
  endfacet
  facet normal 0.481753674101716 -0.8763066800438631 0
    outer loop
      vertex -1.3395669874474916 -5.264180186244962 -4.75
      vertex -1.3395669874474916 -5.264180186244962 -6
      vertex -1.0644482289126818 -5.112932368834951 -6
    endloop
  endfacet
  facet normal 0 0 -1
    outer loop
      vertex -1.593559974371725 -9.301283106939472 -4.75
      vertex -1.822421568553529 -5.663632235178278 -4.75
      vertex -1.5935599743717244 -5.448716893060527 -4.75
    endloop
  endfacet
  facet normal 0 0 -1
    outer loop
      vertex -1.3395669874474905 -9.485819813755038 -4.75
      vertex -1.5935599743717244 -5.448716893060527 -4.75
      vertex -1.3395669874474916 -5.264180186244962 -4.75
    endloop
  endfacet
  facet normal 0 0 -1
    outer loop
      vertex -1.064448228912681 -9.63706763116505 -4.75
      vertex -1.3395669874474916 -5.264180186244962 -4.75
      vertex -1.0644482289126818 -5.112932368834951 -4.75
    endloop
  endfacet
  facet normal 0 0 -1
    outer loop
      vertex -1 -7.375 -4.75
      vertex -1.0644482289126818 -5.112932368834951 -4.75
      vertex -0.9921147013144779 -7.249666766435696 -4.75
    endloop
  endfacet
  facet normal 0 0 -1
    outer loop
      vertex -0.9921147013144779 -7.249666766435696 -4.75
      vertex -1.0644482289126818 -5.112932368834951 -4.75
      vertex -0.9685831611286311 -7.126310112835145 -4.75
    endloop
  endfacet
  facet normal 0 0 -1
    outer loop
      vertex -0.9685831611286311 -7.126310112835145 -4.75
      vertex -1.0644482289126818 -5.112932368834951 -4.75
      vertex -0.9297764858882513 -7.006875447315322 -4.75
    endloop
  endfacet
  facet normal 0 0 -1
    outer loop
      vertex -0.9297764858882513 -7.006875447315322 -4.75
      vertex -1.0644482289126818 -5.112932368834951 -4.75
      vertex -0.8763066800438636 -6.893246325898285 -4.75
    endloop
  endfacet
  facet normal 0 0 -1
    outer loop
      vertex -0.8763066800438636 -6.893246325898285 -4.75
      vertex -1.0644482289126818 -5.112932368834951 -4.75
      vertex -0.8090169943749475 -6.787214747707527 -4.75
    endloop
  endfacet
  facet normal 0 0 -1
    outer loop
      vertex -0.8090169943749475 -6.787214747707527 -4.75
      vertex -1.0644482289126818 -5.112932368834951 -4.75
      vertex -0.7289686274214116 -6.690452894071312 -4.75
    endloop
  endfacet
  facet normal 0.6845471059286886 -0.7289686274214117 0
    outer loop
      vertex -1.822421568553529 -5.663632235178278 -4.75
      vertex -1.5935599743717244 -5.448716893060527 -6
      vertex -1.5935599743717244 -5.448716893060527 -4.75
    endloop
  endfacet
  facet normal 0.5877852522924734 -0.8090169943749472 0
    outer loop
      vertex -1.5935599743717244 -5.448716893060527 -4.75
      vertex -1.3395669874474916 -5.264180186244962 -6
      vertex -1.3395669874474916 -5.264180186244962 -4.75
    endloop
  endfacet
  facet normal 0.481753674101716 -0.8763066800438631 0
    outer loop
      vertex -1.3395669874474916 -5.264180186244962 -4.75
      vertex -1.0644482289126818 -5.112932368834951 -6
      vertex -1.0644482289126818 -5.112932368834951 -4.75
    endloop
  endfacet
  facet normal 0 0 -1
    outer loop
      vertex -0.7289686274214116 -6.690452894071312 -4.75
      vertex -0.7725424859373685 -4.997358709262116 -4.75
      vertex -0.6374239897486897 -6.604486757224211 -4.75
    endloop
  endfacet
  facet normal 0 0 -1
    outer loop
      vertex -0.6374239897486897 -6.604486757224211 -4.75
      vertex -0.7725424859373685 -4.997358709262116 -4.75
      vertex -0.5358267949789967 -6.530672074497985 -4.75
    endloop
  endfacet
  facet normal 0 0 -1
    outer loop
      vertex -0.7289686274214116 -6.690452894071312 -4.75
      vertex -1.0644482289126818 -5.112932368834951 -4.75
      vertex -0.7725424859373685 -4.997358709262116 -4.75
    endloop
  endfacet
  facet normal 0 0 -1
    outer loop
      vertex -0.5358267949789967 -6.530672074497985 -4.75
      vertex -0.7725424859373685 -4.997358709262116 -4.75
      vertex -0.4257792915650727 -6.470172947533981 -4.75
    endloop
  endfacet
  facet normal 0 0 -1
    outer loop
      vertex -0.4257792915650727 -6.470172947533981 -4.75
      vertex -0.7725424859373685 -4.997358709262116 -4.75
      vertex -0.46845328646431145 -4.919281873178278 -4.75
    endloop
  endfacet
  facet normal 0 0 -1
    outer loop
      vertex -0.4257792915650727 -6.470172947533981 -4.75
      vertex -0.46845328646431145 -4.919281873178278 -4.75
      vertex -0.3090169943749474 -6.423943483704846 -4.75
    endloop
  endfacet
  facet normal 0 0 -1
    outer loop
      vertex -0.3090169943749474 -6.423943483704846 -4.75
      vertex -0.46845328646431145 -4.919281873178278 -4.75
      vertex -0.18738131458572457 -6.392712749271311 -4.75
    endloop
  endfacet
  facet normal 0 0 -1
    outer loop
      vertex -0.18738131458572457 -6.392712749271311 -4.75
      vertex -0.46845328646431145 -4.919281873178278 -4.75
      vertex -0.0627905195293129 -6.376973271571728 -4.75
    endloop
  endfacet
  facet normal 0 0 -1
    outer loop
      vertex -0.0627905195293129 -6.376973271571728 -4.75
      vertex -0.46845328646431145 -4.919281873178278 -4.75
      vertex -0.15697629882328318 -4.8799331789293205 -4.75
    endloop
  endfacet
  facet normal 0 0 -1
    outer loop
      vertex -0.0627905195293129 -6.376973271571728 -4.75
      vertex -0.15697629882328318 -4.8799331789293205 -4.75
      vertex 0.15697629882328318 -4.8799331789293205 -4.75
    endloop
  endfacet
  facet normal 0.3681245526846773 -0.9297764858882517 0
    outer loop
      vertex -1.0644482289126818 -5.112932368834951 -4.75
      vertex -1.0644482289126818 -5.112932368834951 -6
      vertex -0.7725424859373685 -4.997358709262116 -6
    endloop
  endfacet
  facet normal 0.24868988716485535 -0.968583161128631 0
    outer loop
      vertex -0.7725424859373685 -4.997358709262116 -4.75
      vertex -0.7725424859373685 -4.997358709262116 -6
      vertex -0.46845328646431145 -4.919281873178278 -6
    endloop
  endfacet
  facet normal 0.1253332335643047 -0.9921147013144777 0
    outer loop
      vertex -0.46845328646431145 -4.919281873178278 -4.75
      vertex -0.46845328646431145 -4.919281873178278 -6
      vertex -0.15697629882328318 -4.8799331789293205 -6
    endloop
  endfacet
  facet normal 0 -1 0
    outer loop
      vertex -0.15697629882328318 -4.8799331789293205 -4.75
      vertex -0.15697629882328318 -4.8799331789293205 -6
      vertex 0.15697629882328318 -4.8799331789293205 -6
    endloop
  endfacet
  facet normal 0.3681245526846773 -0.9297764858882517 0
    outer loop
      vertex -1.0644482289126818 -5.112932368834951 -4.75
      vertex -0.7725424859373685 -4.997358709262116 -6
      vertex -0.7725424859373685 -4.997358709262116 -4.75
    endloop
  endfacet
  facet normal 0.24868988716485535 -0.968583161128631 0
    outer loop
      vertex -0.7725424859373685 -4.997358709262116 -4.75
      vertex -0.46845328646431145 -4.919281873178278 -6
      vertex -0.46845328646431145 -4.919281873178278 -4.75
    endloop
  endfacet
  facet normal 0.1253332335643047 -0.9921147013144777 0
    outer loop
      vertex -0.46845328646431145 -4.919281873178278 -4.75
      vertex -0.15697629882328318 -4.8799331789293205 -6
      vertex -0.15697629882328318 -4.8799331789293205 -4.75
    endloop
  endfacet
  facet normal 0 1 0
    outer loop
      vertex 0.1569762988232844 -9.87006682107068 -4.75
      vertex 0.1569762988232844 -9.87006682107068 -6
      vertex -0.1569762988232844 -9.87006682107068 -6
    endloop
  endfacet
  facet normal -0.12533323356430495 0.9921147013144777 0
    outer loop
      vertex 0.46845328646431206 -9.830718126821722 -4.75
      vertex 0.46845328646431206 -9.830718126821722 -6
      vertex 0.1569762988232844 -9.87006682107068 -6
    endloop
  endfacet
  facet normal -0.24868988716485577 0.9685831611286307 0
    outer loop
      vertex 0.7725424859373685 -9.752641290737884 -4.75
      vertex 0.7725424859373685 -9.752641290737884 -6
      vertex 0.46845328646431206 -9.830718126821722 -6
    endloop
  endfacet
  facet normal -0.36812455268467803 0.9297764858882515 0
    outer loop
      vertex 1.064448228912681 -9.63706763116505 -4.75
      vertex 1.064448228912681 -9.63706763116505 -6
      vertex 0.7725424859373685 -9.752641290737884 -6
    endloop
  endfacet
  facet normal -0.48175367410171477 0.8763066800438638 0
    outer loop
      vertex 1.3395669874474918 -9.485819813755038 -4.75
      vertex 1.3395669874474918 -9.485819813755038 -6
      vertex 1.064448228912681 -9.63706763116505 -6
    endloop
  endfacet
  facet normal -0.5877852522924721 0.809016994374948 0
    outer loop
      vertex 1.5935599743717241 -9.301283106939474 -4.75
      vertex 1.5935599743717241 -9.301283106939474 -6
      vertex 1.3395669874474918 -9.485819813755038 -6
    endloop
  endfacet
  facet normal -0.12533323356430495 0.9921147013144777 0
    outer loop
      vertex 0.1569762988232844 -9.87006682107068 -4.75
      vertex 0.46845328646431206 -9.830718126821722 -4.75
      vertex 0.1569762988232844 -9.87006682107068 -6
    endloop
  endfacet
  facet normal -0.24868988716485577 0.9685831611286307 0
    outer loop
      vertex 0.46845328646431206 -9.830718126821722 -4.75
      vertex 0.7725424859373685 -9.752641290737884 -4.75
      vertex 0.46845328646431206 -9.830718126821722 -6
    endloop
  endfacet
  facet normal 0 0 -1
    outer loop
      vertex -0.1569762988232844 -9.87006682107068 -4.75
      vertex 0.06279051952931376 -8.373026728428272 -4.75
      vertex 0.1569762988232844 -9.87006682107068 -4.75
    endloop
  endfacet
  facet normal 0 0 -1
    outer loop
      vertex 0.1569762988232844 -9.87006682107068 -4.75
      vertex 0.06279051952931376 -8.373026728428272 -4.75
      vertex 0.46845328646431206 -9.830718126821722 -4.75
    endloop
  endfacet
  facet normal 0 0 -1
    outer loop
      vertex 0.46845328646431206 -9.830718126821722 -4.75
      vertex 0.06279051952931376 -8.373026728428272 -4.75
      vertex 0.18738131458572482 -8.357287250728689 -4.75
    endloop
  endfacet
  facet normal 0 0 -1
    outer loop
      vertex 0.46845328646431206 -9.830718126821722 -4.75
      vertex 0.18738131458572482 -8.357287250728689 -4.75
      vertex 0.3090169943749474 -8.326056516295154 -4.75
    endloop
  endfacet
  facet normal 0 0 -1
    outer loop
      vertex 0.46845328646431206 -9.830718126821722 -4.75
      vertex 0.3090169943749474 -8.326056516295154 -4.75
      vertex 0.42577929156507244 -8.27982705246602 -4.75
    endloop
  endfacet
  facet normal 0 0 -1
    outer loop
      vertex 0.46845328646431206 -9.830718126821722 -4.75
      vertex 0.42577929156507244 -8.27982705246602 -4.75
      vertex 0.7725424859373685 -9.752641290737884 -4.75
    endloop
  endfacet
  facet normal 0 0 -1
    outer loop
      vertex 0.7725424859373685 -9.752641290737884 -4.75
      vertex 0.7289686274214117 -8.059547105928688 -4.75
      vertex 1.064448228912681 -9.63706763116505 -4.75
    endloop
  endfacet
  facet normal 0 0 -1
    outer loop
      vertex 0.7725424859373685 -9.752641290737884 -4.75
      vertex 0.42577929156507244 -8.27982705246602 -4.75
      vertex 0.5358267949789968 -8.219327925502014 -4.75
    endloop
  endfacet
  facet normal 0 0 -1
    outer loop
      vertex 0.7725424859373685 -9.752641290737884 -4.75
      vertex 0.5358267949789968 -8.219327925502014 -4.75
      vertex 0.6374239897486896 -8.14551324277579 -4.75
    endloop
  endfacet
  facet normal 0 0 -1
    outer loop
      vertex 0.7725424859373685 -9.752641290737884 -4.75
      vertex 0.6374239897486896 -8.14551324277579 -4.75
      vertex 0.7289686274214117 -8.059547105928688 -4.75
    endloop
  endfacet
  facet normal -0.36812455268467803 0.9297764858882515 0
    outer loop
      vertex 0.7725424859373685 -9.752641290737884 -4.75
      vertex 1.064448228912681 -9.63706763116505 -4.75
      vertex 0.7725424859373685 -9.752641290737884 -6
    endloop
  endfacet
  facet normal -0.48175367410171477 0.8763066800438638 0
    outer loop
      vertex 1.064448228912681 -9.63706763116505 -4.75
      vertex 1.3395669874474918 -9.485819813755038 -4.75
      vertex 1.064448228912681 -9.63706763116505 -6
    endloop
  endfacet
  facet normal -0.5877852522924721 0.809016994374948 0
    outer loop
      vertex 1.3395669874474918 -9.485819813755038 -4.75
      vertex 1.5935599743717241 -9.301283106939474 -4.75
      vertex 1.3395669874474918 -9.485819813755038 -6
    endloop
  endfacet
  facet normal -0.6845471059286893 0.7289686274214108 0
    outer loop
      vertex 1.5935599743717241 -9.301283106939474 -4.75
      vertex 1.8224215685535292 -9.086367764821722 -4.75
      vertex 1.5935599743717241 -9.301283106939474 -6
    endloop
  endfacet
  facet normal 0 0 -1
    outer loop
      vertex 1.064448228912681 -9.63706763116505 -4.75
      vertex 0.7289686274214117 -8.059547105928688 -4.75
      vertex 0.8090169943749475 -7.962785252292473 -4.75
    endloop
  endfacet
  facet normal 0 0 -1
    outer loop
      vertex 1.064448228912681 -9.63706763116505 -4.75
      vertex 0.8090169943749475 -7.962785252292473 -4.75
      vertex 0.8763066800438635 -7.856753674101715 -4.75
    endloop
  endfacet
  facet normal 0 0 -1
    outer loop
      vertex 1.064448228912681 -9.63706763116505 -4.75
      vertex 0.8763066800438635 -7.856753674101715 -4.75
      vertex 0.9297764858882515 -7.7431245526846775 -4.75
    endloop
  endfacet
  facet normal 0 0 -1
    outer loop
      vertex 1.064448228912681 -9.63706763116505 -4.75
      vertex 0.9297764858882515 -7.7431245526846775 -4.75
      vertex 0.9685831611286311 -7.623689887164855 -4.75
    endloop
  endfacet
  facet normal 0 0 -1
    outer loop
      vertex 1.064448228912681 -9.63706763116505 -4.75
      vertex 0.9685831611286311 -7.623689887164855 -4.75
      vertex 0.9921147013144779 -7.500333233564304 -4.75
    endloop
  endfacet
  facet normal 0 0 -1
    outer loop
      vertex 1.064448228912681 -9.63706763116505 -4.75
      vertex 0.9921147013144779 -7.500333233564304 -4.75
      vertex 1 -7.375 -4.75
    endloop
  endfacet
  facet normal 0 0 -1
    outer loop
      vertex 1.064448228912681 -9.63706763116505 -4.75
      vertex 1.0644482289126818 -5.112932368834951 -4.75
      vertex 1.3395669874474918 -9.485819813755038 -4.75
    endloop
  endfacet
  facet normal 0 0 -1
    outer loop
      vertex 1.3395669874474918 -9.485819813755038 -4.75
      vertex 1.3395669874474918 -5.264180186244962 -4.75
      vertex 1.5935599743717241 -9.301283106939474 -4.75
    endloop
  endfacet
  facet normal 0 0 -1
    outer loop
      vertex 1.5935599743717241 -9.301283106939474 -4.75
      vertex 1.5935599743717241 -5.448716893060526 -4.75
      vertex 1.8224215685535292 -9.086367764821722 -4.75
    endloop
  endfacet
  facet normal 0 0 -1
    outer loop
      vertex 1.064448228912681 -9.63706763116505 -4.75
      vertex 1 -7.375 -4.75
      vertex 1.0644482289126818 -5.112932368834951 -4.75
    endloop
  endfacet
  facet normal -0.6845471059286893 0.7289686274214108 0
    outer loop
      vertex 1.8224215685535292 -9.086367764821722 -4.75
      vertex 1.8224215685535292 -9.086367764821722 -6
      vertex 1.5935599743717241 -9.301283106939474 -6
    endloop
  endfacet
  facet normal -0.7705132427757889 0.6374239897486901 0
    outer loop
      vertex 1.8224215685535292 -9.086367764821722 -4.75
      vertex 2.0225424859373686 -8.844463130731183 -6
      vertex 1.8224215685535292 -9.086367764821722 -6
    endloop
  endfacet
  facet normal -0.8443279255020166 0.5358267949789941 0
    outer loop
      vertex 2.0225424859373686 -8.844463130731183 -4.75
      vertex 2.1907667001096587 -8.579384185254288 -6
      vertex 2.0225424859373686 -8.844463130731183 -6
    endloop
  endfacet
  facet normal -0.7705132427757889 0.6374239897486901 0
    outer loop
      vertex 1.8224215685535292 -9.086367764821722 -4.75
      vertex 2.0225424859373686 -8.844463130731183 -4.75
      vertex 2.0225424859373686 -8.844463130731183 -6
    endloop
  endfacet
  facet normal -0.8443279255020166 0.5358267949789941 0
    outer loop
      vertex 2.0225424859373686 -8.844463130731183 -4.75
      vertex 2.1907667001096587 -8.579384185254288 -4.75
      vertex 2.1907667001096587 -8.579384185254288 -6
    endloop
  endfacet
  facet normal -0.9048270524660187 0.4257792915650745 0
    outer loop
      vertex 2.1907667001096587 -8.579384185254288 -4.75
      vertex 2.3244412147206286 -8.295311381711695 -6
      vertex 2.1907667001096587 -8.579384185254288 -6
    endloop
  endfacet
  facet normal -0.9510565162951536 0.309016994374947 0
    outer loop
      vertex 2.3244412147206286 -8.295311381711695 -4.75
      vertex 2.4214579028215777 -7.996724717912137 -6
      vertex 2.3244412147206286 -8.295311381711695 -6
    endloop
  endfacet
  facet normal -0.9822872507286885 0.18738131458572507 0
    outer loop
      vertex 2.4214579028215777 -7.996724717912137 -4.75
      vertex 2.4802867532861947 -7.68833308391076 -6
      vertex 2.4214579028215777 -7.996724717912137 -6
    endloop
  endfacet
  facet normal -0.9980267284282716 0.06279051952931293 0
    outer loop
      vertex 2.4802867532861947 -7.68833308391076 -4.75
      vertex 2.5 -7.375 -6
      vertex 2.4802867532861947 -7.68833308391076 -6
    endloop
  endfacet
  facet normal -0.9980267284282716 -0.06279051952931293 0
    outer loop
      vertex 2.5 -7.375 -4.75
      vertex 2.4802867532861947 -7.06166691608924 -6
      vertex 2.5 -7.375 -6
    endloop
  endfacet
  facet normal -0.9822872507286885 -0.18738131458572507 0
    outer loop
      vertex 2.4802867532861947 -7.06166691608924 -4.75
      vertex 2.4214579028215777 -6.753275282087863 -6
      vertex 2.4802867532861947 -7.06166691608924 -6
    endloop
  endfacet
  facet normal -0.9048270524660187 0.4257792915650745 0
    outer loop
      vertex 2.1907667001096587 -8.579384185254288 -4.75
      vertex 2.3244412147206286 -8.295311381711695 -4.75
      vertex 2.3244412147206286 -8.295311381711695 -6
    endloop
  endfacet
  facet normal -0.9510565162951536 0.309016994374947 0
    outer loop
      vertex 2.3244412147206286 -8.295311381711695 -4.75
      vertex 2.4214579028215777 -7.996724717912137 -4.75
      vertex 2.4214579028215777 -7.996724717912137 -6
    endloop
  endfacet
  facet normal -0.9822872507286885 0.18738131458572507 0
    outer loop
      vertex 2.4214579028215777 -7.996724717912137 -4.75
      vertex 2.4802867532861947 -7.68833308391076 -4.75
      vertex 2.4802867532861947 -7.68833308391076 -6
    endloop
  endfacet
  facet normal 0 0 -1
    outer loop
      vertex 1.8224215685535292 -9.086367764821722 -4.75
      vertex 1.8224215685535292 -5.663632235178278 -4.75
      vertex 2.0225424859373686 -8.844463130731183 -4.75
    endloop
  endfacet
  facet normal 0 0 -1
    outer loop
      vertex 2.0225424859373686 -8.844463130731183 -4.75
      vertex 2.0225424859373686 -5.905536869268817 -4.75
      vertex 2.1907667001096587 -8.579384185254288 -4.75
    endloop
  endfacet
  facet normal -0.9980267284282716 0.06279051952931293 0
    outer loop
      vertex 2.4802867532861947 -7.68833308391076 -4.75
      vertex 2.5 -7.375 -4.75
      vertex 2.5 -7.375 -6
    endloop
  endfacet
  facet normal -0.9980267284282716 -0.06279051952931293 0
    outer loop
      vertex 2.5 -7.375 -4.75
      vertex 2.4802867532861947 -7.06166691608924 -4.75
      vertex 2.4802867532861947 -7.06166691608924 -6
    endloop
  endfacet
  facet normal 0 0 -1
    outer loop
      vertex 2.1907667001096587 -8.579384185254288 -4.75
      vertex 2.0225424859373686 -5.905536869268817 -4.75
      vertex 2.1907667001096587 -6.1706158147457115 -4.75
    endloop
  endfacet
  facet normal 0 0 -1
    outer loop
      vertex 2.1907667001096587 -8.579384185254288 -4.75
      vertex 2.1907667001096587 -6.1706158147457115 -4.75
      vertex 2.3244412147206286 -8.295311381711695 -4.75
    endloop
  endfacet
  facet normal 0 0 -1
    outer loop
      vertex 2.3244412147206286 -8.295311381711695 -4.75
      vertex 2.3244412147206286 -6.454688618288305 -4.75
      vertex 2.4214579028215777 -7.996724717912137 -4.75
    endloop
  endfacet
  facet normal 0 0 -1
    outer loop
      vertex 2.4214579028215777 -7.996724717912137 -4.75
      vertex 2.4214579028215777 -6.753275282087863 -4.75
      vertex 2.4802867532861947 -7.68833308391076 -4.75
    endloop
  endfacet
  facet normal 0 0 -1
    outer loop
      vertex 2.4802867532861947 -7.68833308391076 -4.75
      vertex 2.4802867532861947 -7.06166691608924 -4.75
      vertex 2.5 -7.375 -4.75
    endloop
  endfacet
  facet normal 0 0 -1
    outer loop
      vertex 2.1907667001096587 -6.1706158147457115 -4.75
      vertex 2.3244412147206286 -6.454688618288305 -4.75
      vertex 2.3244412147206286 -8.295311381711695 -4.75
    endloop
  endfacet
  facet normal 0 0 -1
    outer loop
      vertex 2.4802867532861947 -7.68833308391076 -4.75
      vertex 2.4214579028215777 -6.753275282087863 -4.75
      vertex 2.4802867532861947 -7.06166691608924 -4.75
    endloop
  endfacet
  facet normal 0 0 -1
    outer loop
      vertex 2.4214579028215777 -7.996724717912137 -4.75
      vertex 2.3244412147206286 -6.454688618288305 -4.75
      vertex 2.4214579028215777 -6.753275282087863 -4.75
    endloop
  endfacet
  facet normal -0.48175367410171566 -0.8763066800438633 0
    outer loop
      vertex 1.0644482289126818 -5.112932368834951 -4.75
      vertex 1.0644482289126818 -5.112932368834951 -6
      vertex 1.3395669874474918 -5.264180186244962 -6
    endloop
  endfacet
  facet normal -0.5877852522924721 -0.809016994374948 0
    outer loop
      vertex 1.3395669874474918 -5.264180186244962 -4.75
      vertex 1.3395669874474918 -5.264180186244962 -6
      vertex 1.5935599743717241 -5.448716893060526 -6
    endloop
  endfacet
  facet normal -0.6845471059286893 -0.7289686274214108 0
    outer loop
      vertex 1.5935599743717241 -5.448716893060526 -4.75
      vertex 1.5935599743717241 -5.448716893060526 -6
      vertex 1.8224215685535292 -5.663632235178278 -6
    endloop
  endfacet
  facet normal 0 0 -1
    outer loop
      vertex 0.5358267949789968 -6.530672074497985 -4.75
      vertex 0.46845328646431145 -4.919281873178278 -4.75
      vertex 0.6374239897486896 -6.604486757224211 -4.75
    endloop
  endfacet
  facet normal 0 0 -1
    outer loop
      vertex 0.8090169943749475 -6.787214747707527 -4.75
      vertex 0.7725424859373685 -4.997358709262116 -4.75
      vertex 0.8763066800438635 -6.893246325898285 -4.75
    endloop
  endfacet
  facet normal 0 0 -1
    outer loop
      vertex 0.6374239897486896 -6.604486757224211 -4.75
      vertex 0.7725424859373685 -4.997358709262116 -4.75
      vertex 0.7289686274214117 -6.690452894071312 -4.75
    endloop
  endfacet
  facet normal 0 0 -1
    outer loop
      vertex 0.8090169943749475 -6.787214747707527 -4.75
      vertex 0.7289686274214117 -6.690452894071312 -4.75
      vertex 0.7725424859373685 -4.997358709262116 -4.75
    endloop
  endfacet
  facet normal 0 0 -1
    outer loop
      vertex -0.0627905195293129 -6.376973271571728 -4.75
      vertex 0.15697629882328318 -4.8799331789293205 -4.75
      vertex 0.06279051952931328 -6.376973271571728 -4.75
    endloop
  endfacet
  facet normal 0 0 -1
    outer loop
      vertex 0.06279051952931328 -6.376973271571728 -4.75
      vertex 0.15697629882328318 -4.8799331789293205 -4.75
      vertex 0.18738131458572457 -6.392712749271311 -4.75
    endloop
  endfacet
  facet normal 0 0 -1
    outer loop
      vertex 0.18738131458572457 -6.392712749271311 -4.75
      vertex 0.15697629882328318 -4.8799331789293205 -4.75
      vertex 0.3090169943749474 -6.423943483704846 -4.75
    endloop
  endfacet
  facet normal 0 0 -1
    outer loop
      vertex 0.4257792915650727 -6.470172947533981 -4.75
      vertex 0.3090169943749474 -6.423943483704846 -4.75
      vertex 0.46845328646431145 -4.919281873178278 -4.75
    endloop
  endfacet
  facet normal 0 0 -1
    outer loop
      vertex 0.3090169943749474 -6.423943483704846 -4.75
      vertex 0.15697629882328318 -4.8799331789293205 -4.75
      vertex 0.46845328646431145 -4.919281873178278 -4.75
    endloop
  endfacet
  facet normal 0 0 -1
    outer loop
      vertex 0.4257792915650727 -6.470172947533981 -4.75
      vertex 0.46845328646431145 -4.919281873178278 -4.75
      vertex 0.5358267949789968 -6.530672074497985 -4.75
    endloop
  endfacet
  facet normal 0 0 -1
    outer loop
      vertex 0.6374239897486896 -6.604486757224211 -4.75
      vertex 0.46845328646431145 -4.919281873178278 -4.75
      vertex 0.7725424859373685 -4.997358709262116 -4.75
    endloop
  endfacet
  facet normal 0 0 -1
    outer loop
      vertex 1 -7.375 -4.75
      vertex 0.9921147013144779 -7.249666766435696 -4.75
      vertex 1.0644482289126818 -5.112932368834951 -4.75
    endloop
  endfacet
  facet normal 0 0 -1
    outer loop
      vertex 0.9685831611286311 -7.126310112835145 -4.75
      vertex 1.0644482289126818 -5.112932368834951 -4.75
      vertex 0.9921147013144779 -7.249666766435696 -4.75
    endloop
  endfacet
  facet normal 0 0 -1
    outer loop
      vertex 1.3395669874474918 -9.485819813755038 -4.75
      vertex 1.0644482289126818 -5.112932368834951 -4.75
      vertex 1.3395669874474918 -5.264180186244962 -4.75
    endloop
  endfacet
  facet normal 0 0 -1
    outer loop
      vertex 0.8763066800438635 -6.893246325898285 -4.75
      vertex 0.7725424859373685 -4.997358709262116 -4.75
      vertex 0.9297764858882515 -7.0068754473153225 -4.75
    endloop
  endfacet
  facet normal 0 0 -1
    outer loop
      vertex 0.9685831611286311 -7.126310112835145 -4.75
      vertex 0.9297764858882515 -7.0068754473153225 -4.75
      vertex 1.0644482289126818 -5.112932368834951 -4.75
    endloop
  endfacet
  facet normal 0 0 -1
    outer loop
      vertex 1.5935599743717241 -9.301283106939474 -4.75
      vertex 1.3395669874474918 -5.264180186244962 -4.75
      vertex 1.5935599743717241 -5.448716893060526 -4.75
    endloop
  endfacet
  facet normal -0.48175367410171566 -0.8763066800438633 0
    outer loop
      vertex 1.0644482289126818 -5.112932368834951 -4.75
      vertex 1.3395669874474918 -5.264180186244962 -6
      vertex 1.3395669874474918 -5.264180186244962 -4.75
    endloop
  endfacet
  facet normal -0.5877852522924721 -0.809016994374948 0
    outer loop
      vertex 1.3395669874474918 -5.264180186244962 -4.75
      vertex 1.5935599743717241 -5.448716893060526 -6
      vertex 1.5935599743717241 -5.448716893060526 -4.75
    endloop
  endfacet
  facet normal 0 0 -1
    outer loop
      vertex 0.9297764858882515 -7.0068754473153225 -4.75
      vertex 0.7725424859373685 -4.997358709262116 -4.75
      vertex 1.0644482289126818 -5.112932368834951 -4.75
    endloop
  endfacet
  facet normal -0.1253332335643047 -0.9921147013144777 0
    outer loop
      vertex 0.15697629882328318 -4.8799331789293205 -4.75
      vertex 0.15697629882328318 -4.8799331789293205 -6
      vertex 0.46845328646431145 -4.919281873178278 -6
    endloop
  endfacet
  facet normal -0.24868988716485535 -0.968583161128631 0
    outer loop
      vertex 0.46845328646431145 -4.919281873178278 -4.75
      vertex 0.46845328646431145 -4.919281873178278 -6
      vertex 0.7725424859373685 -4.997358709262116 -6
    endloop
  endfacet
  facet normal -0.3681245526846773 -0.9297764858882517 0
    outer loop
      vertex 0.7725424859373685 -4.997358709262116 -4.75
      vertex 0.7725424859373685 -4.997358709262116 -6
      vertex 1.0644482289126818 -5.112932368834951 -6
    endloop
  endfacet
  facet normal 0 -1 0
    outer loop
      vertex -0.15697629882328318 -4.8799331789293205 -4.75
      vertex 0.15697629882328318 -4.8799331789293205 -6
      vertex 0.15697629882328318 -4.8799331789293205 -4.75
    endloop
  endfacet
  facet normal -0.1253332335643047 -0.9921147013144777 0
    outer loop
      vertex 0.15697629882328318 -4.8799331789293205 -4.75
      vertex 0.46845328646431145 -4.919281873178278 -6
      vertex 0.46845328646431145 -4.919281873178278 -4.75
    endloop
  endfacet
  facet normal -0.24868988716485535 -0.968583161128631 0
    outer loop
      vertex 0.46845328646431145 -4.919281873178278 -4.75
      vertex 0.7725424859373685 -4.997358709262116 -6
      vertex 0.7725424859373685 -4.997358709262116 -4.75
    endloop
  endfacet
  facet normal -0.3681245526846773 -0.9297764858882517 0
    outer loop
      vertex 1.0644482289126818 -5.112932368834951 -4.75
      vertex 0.7725424859373685 -4.997358709262116 -4.75
      vertex 1.0644482289126818 -5.112932368834951 -6
    endloop
  endfacet
  facet normal -0.844327925502016 -0.5358267949789954 0
    outer loop
      vertex 2.1907667001096587 -6.1706158147457115 -4.75
      vertex 2.0225424859373686 -5.905536869268817 -6
      vertex 2.1907667001096587 -6.1706158147457115 -6
    endloop
  endfacet
  facet normal -0.9510565162951536 -0.309016994374947 0
    outer loop
      vertex 2.4214579028215777 -6.753275282087863 -4.75
      vertex 2.3244412147206286 -6.454688618288305 -6
      vertex 2.4214579028215777 -6.753275282087863 -6
    endloop
  endfacet
  facet normal -0.9048270524660192 -0.42577929156507344 0
    outer loop
      vertex 2.3244412147206286 -6.454688618288305 -4.75
      vertex 2.1907667001096587 -6.1706158147457115 -6
      vertex 2.3244412147206286 -6.454688618288305 -6
    endloop
  endfacet
  facet normal -0.7705132427757889 -0.6374239897486901 0
    outer loop
      vertex 2.0225424859373686 -5.905536869268817 -4.75
      vertex 1.8224215685535292 -5.663632235178278 -6
      vertex 2.0225424859373686 -5.905536869268817 -6
    endloop
  endfacet
  facet normal -0.9510565162951536 -0.309016994374947 0
    outer loop
      vertex 2.4214579028215777 -6.753275282087863 -4.75
      vertex 2.3244412147206286 -6.454688618288305 -4.75
      vertex 2.3244412147206286 -6.454688618288305 -6
    endloop
  endfacet
  facet normal -0.9822872507286885 -0.18738131458572507 0
    outer loop
      vertex 2.4802867532861947 -7.06166691608924 -4.75
      vertex 2.4214579028215777 -6.753275282087863 -4.75
      vertex 2.4214579028215777 -6.753275282087863 -6
    endloop
  endfacet
  facet normal -0.9048270524660192 -0.42577929156507344 0
    outer loop
      vertex 2.1907667001096587 -6.1706158147457115 -4.75
      vertex 2.1907667001096587 -6.1706158147457115 -6
      vertex 2.3244412147206286 -6.454688618288305 -4.75
    endloop
  endfacet
  facet normal 0 0 -1
    outer loop
      vertex 1.8224215685535292 -9.086367764821722 -4.75
      vertex 1.5935599743717241 -5.448716893060526 -4.75
      vertex 1.8224215685535292 -5.663632235178278 -4.75
    endloop
  endfacet
  facet normal 0 0 -1
    outer loop
      vertex 2.0225424859373686 -8.844463130731183 -4.75
      vertex 1.8224215685535292 -5.663632235178278 -4.75
      vertex 2.0225424859373686 -5.905536869268817 -4.75
    endloop
  endfacet
  facet normal -0.6845471059286893 -0.7289686274214108 0
    outer loop
      vertex 1.8224215685535292 -5.663632235178278 -4.75
      vertex 1.5935599743717241 -5.448716893060526 -4.75
      vertex 1.8224215685535292 -5.663632235178278 -6
    endloop
  endfacet
  facet normal -0.7705132427757889 -0.6374239897486901 0
    outer loop
      vertex 1.8224215685535292 -5.663632235178278 -4.75
      vertex 1.8224215685535292 -5.663632235178278 -6
      vertex 2.0225424859373686 -5.905536869268817 -4.75
    endloop
  endfacet
  facet normal -0.844327925502016 -0.5358267949789954 0
    outer loop
      vertex 2.0225424859373686 -5.905536869268817 -4.75
      vertex 2.0225424859373686 -5.905536869268817 -6
      vertex 2.1907667001096587 -6.1706158147457115 -4.75
    endloop
  endfacet
  facet normal 0.8443279255020163 0.5358267949789948 0
    outer loop
      vertex -0.8763066800438635 6.893246325898285 -4.75
      vertex -0.8763066800438635 6.893246325898285 6
      vertex -0.8090169943749475 6.787214747707527 -4.75
    endloop
  endfacet
  facet normal 0.7705132427757877 0.6374239897486916 0
    outer loop
      vertex -0.7289686274214117 6.690452894071312 -4.75
      vertex -0.8090169943749475 6.787214747707527 -4.75
      vertex -0.8090169943749475 6.787214747707527 6
    endloop
  endfacet
  facet normal 0.68454710592869 0.7289686274214103 0
    outer loop
      vertex -0.7289686274214117 6.690452894071312 -4.75
      vertex -0.7289686274214117 6.690452894071312 6
      vertex -0.63742398974869 6.604486757224211 -4.75
    endloop
  endfacet
  facet normal 0.5877852522924729 0.8090169943749477 0
    outer loop
      vertex -0.63742398974869 6.604486757224211 -4.75
      vertex -0.63742398974869 6.604486757224211 6
      vertex -0.5358267949789962 6.530672074497985 -4.75
    endloop
  endfacet
  facet normal 0.4817536741017176 0.8763066800438623 0
    outer loop
      vertex -0.5358267949789962 6.530672074497985 -4.75
      vertex -0.5358267949789962 6.530672074497985 6
      vertex -0.42577929156507244 6.47017294753398 -4.75
    endloop
  endfacet
  facet normal 0.24868988716485582 0.9685831611286309 0
    outer loop
      vertex -0.3090169943749474 6.423943483704846 -4.75
      vertex -0.3090169943749474 6.423943483704846 6
      vertex -0.18738131458572482 6.392712749271311 -4.75
    endloop
  endfacet
  facet normal 0.12533323356430498 0.9921147013144778 0
    outer loop
      vertex -0.18738131458572482 6.392712749271311 -4.75
      vertex -0.18738131458572482 6.392712749271311 6
      vertex -0.06279051952931376 6.376973271571728 -4.75
    endloop
  endfacet
  facet normal 0 1 0
    outer loop
      vertex -0.06279051952931376 6.376973271571728 -4.75
      vertex -0.06279051952931376 6.376973271571728 6
      vertex 0.06279051952931376 6.376973271571728 -4.75
    endloop
  endfacet
  facet normal 0.36812455268467553 0.9297764858882523 0
    outer loop
      vertex -0.3090169943749474 6.423943483704846 -4.75
      vertex -0.42577929156507244 6.47017294753398 -4.75
      vertex -0.42577929156507244 6.47017294753398 6
    endloop
  endfacet
  facet normal 0.904827052466019 0.4257792915650737 0
    outer loop
      vertex -0.9297764858882512 7.006875447315322 -4.75
      vertex -0.9297764858882512 7.006875447315322 6
      vertex -0.8763066800438635 6.893246325898285 -4.75
    endloop
  endfacet
  facet normal 0.9822872507286886 0.18738131458572538 0
    outer loop
      vertex -0.9921147013144779 7.249666766435696 -4.75
      vertex -0.9921147013144779 7.249666766435696 6
      vertex -0.9685831611286312 7.126310112835146 -4.75
    endloop
  endfacet
  facet normal 0.9510565162951539 0.3090169943749468 0
    outer loop
      vertex -0.9297764858882512 7.006875447315322 -4.75
      vertex -0.9685831611286312 7.126310112835146 -4.75
      vertex -0.9685831611286312 7.126310112835146 6
    endloop
  endfacet
  facet normal 0.9980267284282717 0.06279051952931301 0
    outer loop
      vertex -0.9921147013144779 7.249666766435696 -4.75
      vertex -1 7.375 -4.75
      vertex -1 7.375 6
    endloop
  endfacet
  facet normal 0.9980267284282717 -0.06279051952931301 0
    outer loop
      vertex -1 7.375 -4.75
      vertex -0.9921147013144779 7.500333233564304 -4.75
      vertex -0.9921147013144779 7.500333233564304 6
    endloop
  endfacet
  facet normal 0.9822872507286885 -0.18738131458572488 0
    outer loop
      vertex -0.9921147013144779 7.500333233564304 -4.75
      vertex -0.9685831611286311 7.623689887164855 -4.75
      vertex -0.9685831611286311 7.623689887164855 6
    endloop
  endfacet
  facet normal 0.9510565162951535 -0.30901699437494723 0
    outer loop
      vertex -0.9685831611286311 7.623689887164855 -4.75
      vertex -0.9297764858882513 7.743124552684678 -4.75
      vertex -0.9297764858882513 7.743124552684678 6
    endloop
  endfacet
  facet normal 0.904827052466019 -0.4257792915650737 0
    outer loop
      vertex -0.9297764858882513 7.743124552684678 -4.75
      vertex -0.8763066800438636 7.856753674101715 -4.75
      vertex -0.8763066800438636 7.856753674101715 6
    endloop
  endfacet
  facet normal 0.8443279255020159 -0.5358267949789954 0
    outer loop
      vertex -0.8763066800438636 7.856753674101715 -4.75
      vertex -0.8090169943749475 7.962785252292473 -4.75
      vertex -0.8090169943749475 7.962785252292473 6
    endloop
  endfacet
  facet normal 0.7705132427757871 -0.6374239897486921 0
    outer loop
      vertex -0.8090169943749475 7.962785252292473 -4.75
      vertex -0.7289686274214116 8.059547105928688 -4.75
      vertex -0.7289686274214116 8.059547105928688 6
    endloop
  endfacet
  facet normal 0.6845471059286933 -0.7289686274214073 0
    outer loop
      vertex -0.7289686274214116 8.059547105928688 -4.75
      vertex -0.6374239897486897 8.14551324277579 -4.75
      vertex -0.6374239897486897 8.14551324277579 6
    endloop
  endfacet
  facet normal 0.587785252292466 -0.8090169943749526 0
    outer loop
      vertex -0.6374239897486897 8.14551324277579 -4.75
      vertex -0.5358267949789967 8.219327925502014 -4.75
      vertex -0.5358267949789967 8.219327925502014 6
    endloop
  endfacet
  facet normal 0.48175367410172254 -0.8763066800438597 0
    outer loop
      vertex -0.5358267949789967 8.219327925502014 -4.75
      vertex -0.4257792915650727 8.27982705246602 -4.75
      vertex -0.4257792915650727 8.27982705246602 6
    endloop
  endfacet
  facet normal 0.36812455268467476 -0.9297764858882527 0
    outer loop
      vertex -0.4257792915650727 8.27982705246602 -4.75
      vertex -0.3090169943749474 8.326056516295154 -4.75
      vertex -0.3090169943749474 8.326056516295154 6
    endloop
  endfacet
  facet normal 0.24868988716485535 -0.968583161128631 0
    outer loop
      vertex -0.3090169943749474 8.326056516295154 -4.75
      vertex -0.18738131458572457 8.357287250728689 -4.75
      vertex -0.18738131458572457 8.357287250728689 6
    endloop
  endfacet
  facet normal 0.12533323356430437 -0.9921147013144778 3.854951994709794e-18
    outer loop
      vertex -0.18738131458572457 8.357287250728689 -4.75
      vertex -0.0627905195293129 8.373026728428272 -4.75
      vertex -0.06279051952931324 8.373026728428272 6
    endloop
  endfacet
  facet normal 0.68454710592869 0.7289686274214103 0
    outer loop
      vertex -0.63742398974869 6.604486757224211 -4.75
      vertex -0.7289686274214117 6.690452894071312 6
      vertex -0.63742398974869 6.604486757224211 6
    endloop
  endfacet
  facet normal 0.7705132427757877 0.6374239897486916 0
    outer loop
      vertex -0.7289686274214117 6.690452894071312 -4.75
      vertex -0.8090169943749475 6.787214747707527 6
      vertex -0.7289686274214117 6.690452894071312 6
    endloop
  endfacet
  facet normal 0.8443279255020163 0.5358267949789948 0
    outer loop
      vertex -0.8090169943749475 6.787214747707527 -4.75
      vertex -0.8763066800438635 6.893246325898285 6
      vertex -0.8090169943749475 6.787214747707527 6
    endloop
  endfacet
  facet normal 0.5877852522924729 0.8090169943749477 0
    outer loop
      vertex -0.5358267949789962 6.530672074497985 -4.75
      vertex -0.63742398974869 6.604486757224211 6
      vertex -0.5358267949789962 6.530672074497985 6
    endloop
  endfacet
  facet normal 0.4817536741017176 0.8763066800438623 0
    outer loop
      vertex -0.42577929156507244 6.47017294753398 -4.75
      vertex -0.5358267949789962 6.530672074497985 6
      vertex -0.42577929156507244 6.47017294753398 6
    endloop
  endfacet
  facet normal 0.24868988716485582 0.9685831611286309 0
    outer loop
      vertex -0.18738131458572482 6.392712749271311 -4.75
      vertex -0.3090169943749474 6.423943483704846 6
      vertex -0.18738131458572482 6.392712749271311 6
    endloop
  endfacet
  facet normal 0.12533323356430498 0.9921147013144778 0
    outer loop
      vertex -0.06279051952931376 6.376973271571728 -4.75
      vertex -0.18738131458572482 6.392712749271311 6
      vertex -0.06279051952931376 6.376973271571728 6
    endloop
  endfacet
  facet normal 0.36812455268467553 0.9297764858882523 0
    outer loop
      vertex -0.3090169943749474 6.423943483704846 -4.75
      vertex -0.42577929156507244 6.47017294753398 6
      vertex -0.3090169943749474 6.423943483704846 6
    endloop
  endfacet
  facet normal 0.904827052466019 0.4257792915650737 0
    outer loop
      vertex -0.8763066800438635 6.893246325898285 -4.75
      vertex -0.9297764858882512 7.006875447315322 6
      vertex -0.8763066800438635 6.893246325898285 6
    endloop
  endfacet
  facet normal 0.9510565162951539 0.3090169943749468 0
    outer loop
      vertex -0.9297764858882512 7.006875447315322 -4.75
      vertex -0.9685831611286312 7.126310112835146 6
      vertex -0.9297764858882512 7.006875447315322 6
    endloop
  endfacet
  facet normal 0.9822872507286886 0.18738131458572538 0
    outer loop
      vertex -0.9685831611286312 7.126310112835146 -4.75
      vertex -0.9921147013144779 7.249666766435696 6
      vertex -0.9685831611286312 7.126310112835146 6
    endloop
  endfacet
  facet normal 0.9980267284282717 0.06279051952931301 0
    outer loop
      vertex -0.9921147013144779 7.249666766435696 -4.75
      vertex -1 7.375 6
      vertex -0.9921147013144779 7.249666766435696 6
    endloop
  endfacet
  facet normal 0.9980267284282717 -0.06279051952931301 0
    outer loop
      vertex -1 7.375 -4.75
      vertex -0.9921147013144779 7.500333233564304 6
      vertex -1 7.375 6
    endloop
  endfacet
  facet normal 0.9822872507286885 -0.18738131458572488 0
    outer loop
      vertex -0.9921147013144779 7.500333233564304 -4.75
      vertex -0.9685831611286311 7.623689887164855 6
      vertex -0.9921147013144779 7.500333233564304 6
    endloop
  endfacet
  facet normal 0.9510565162951535 -0.30901699437494723 0
    outer loop
      vertex -0.9685831611286311 7.623689887164855 -4.75
      vertex -0.9297764858882513 7.743124552684678 6
      vertex -0.9685831611286311 7.623689887164855 6
    endloop
  endfacet
  facet normal 0.904827052466019 -0.4257792915650737 0
    outer loop
      vertex -0.9297764858882513 7.743124552684678 -4.75
      vertex -0.8763066800438636 7.856753674101715 6
      vertex -0.9297764858882513 7.743124552684678 6
    endloop
  endfacet
  facet normal 0.8443279255020159 -0.5358267949789954 0
    outer loop
      vertex -0.8763066800438636 7.856753674101715 -4.75
      vertex -0.8090169943749475 7.962785252292473 6
      vertex -0.8763066800438636 7.856753674101715 6
    endloop
  endfacet
  facet normal 0.7705132427757871 -0.6374239897486921 0
    outer loop
      vertex -0.8090169943749475 7.962785252292473 -4.75
      vertex -0.7289686274214116 8.059547105928688 6
      vertex -0.8090169943749475 7.962785252292473 6
    endloop
  endfacet
  facet normal 0.6845471059286933 -0.7289686274214073 0
    outer loop
      vertex -0.7289686274214116 8.059547105928688 -4.75
      vertex -0.6374239897486897 8.14551324277579 6
      vertex -0.7289686274214116 8.059547105928688 6
    endloop
  endfacet
  facet normal 0.587785252292466 -0.8090169943749526 0
    outer loop
      vertex -0.6374239897486897 8.14551324277579 -4.75
      vertex -0.5358267949789967 8.219327925502014 6
      vertex -0.6374239897486897 8.14551324277579 6
    endloop
  endfacet
  facet normal 0.48175367410172254 -0.8763066800438597 0
    outer loop
      vertex -0.5358267949789967 8.219327925502014 -4.75
      vertex -0.4257792915650727 8.27982705246602 6
      vertex -0.5358267949789967 8.219327925502014 6
    endloop
  endfacet
  facet normal 0.36812455268467476 -0.9297764858882527 0
    outer loop
      vertex -0.4257792915650727 8.27982705246602 -4.75
      vertex -0.3090169943749474 8.326056516295154 6
      vertex -0.4257792915650727 8.27982705246602 6
    endloop
  endfacet
  facet normal 0.24868988716485535 -0.968583161128631 0
    outer loop
      vertex -0.3090169943749474 8.326056516295154 -4.75
      vertex -0.18738131458572457 8.357287250728689 6
      vertex -0.3090169943749474 8.326056516295154 6
    endloop
  endfacet
  facet normal 0.1253332335643047 -0.9921147013144778 0
    outer loop
      vertex -0.18738131458572457 8.357287250728689 -4.75
      vertex -0.06279051952931324 8.373026728428272 6
      vertex -0.18738131458572457 8.357287250728689 6
    endloop
  endfacet
  facet normal 0 -1 0
    outer loop
      vertex -0.0627905195293129 8.373026728428272 -4.75
      vertex 0.06279051952931328 8.373026728428272 6
      vertex -0.06279051952931324 8.373026728428272 6
    endloop
  endfacet
  facet normal -0.12533323356430498 0.9921147013144778 0
    outer loop
      vertex 0.06279051952931376 6.376973271571728 -4.75
      vertex 0.06279051952931376 6.376973271571728 6
      vertex 0.18738131458572482 6.392712749271311 -4.75
    endloop
  endfacet
  facet normal -0.24868988716485582 0.9685831611286309 0
    outer loop
      vertex 0.18738131458572482 6.392712749271311 -4.75
      vertex 0.18738131458572482 6.392712749271311 6
      vertex 0.3090169943749474 6.423943483704846 -4.75
    endloop
  endfacet
  facet normal -0.36812455268467553 0.9297764858882523 0
    outer loop
      vertex 0.3090169943749474 6.423943483704846 -4.75
      vertex 0.3090169943749474 6.423943483704846 6
      vertex 0.42577929156507244 6.47017294753398 -4.75
    endloop
  endfacet
  facet normal -0.48175367410171577 0.8763066800438634 0
    outer loop
      vertex 0.42577929156507244 6.47017294753398 -4.75
      vertex 0.42577929156507244 6.47017294753398 6
      vertex 0.5358267949789968 6.530672074497985 -4.75
    endloop
  endfacet
  facet normal -0.5877852522924762 0.8090169943749452 0
    outer loop
      vertex 0.5358267949789968 6.530672074497985 -4.75
      vertex 0.5358267949789968 6.530672074497985 6
      vertex 0.6374239897486896 6.604486757224211 -4.75
    endloop
  endfacet
  facet normal -0.6845471059286886 0.7289686274214116 0
    outer loop
      vertex 0.6374239897486896 6.604486757224211 -4.75
      vertex 0.6374239897486896 6.604486757224211 6
      vertex 0.7289686274214117 6.690452894071312 -4.75
    endloop
  endfacet
  facet normal -0.7705132427757877 0.6374239897486916 0
    outer loop
      vertex 0.7289686274214117 6.690452894071312 -4.75
      vertex 0.7289686274214117 6.690452894071312 6
      vertex 0.8090169943749475 6.787214747707527 -4.75
    endloop
  endfacet
  facet normal -0.8443279255020163 0.5358267949789948 0
    outer loop
      vertex 0.8090169943749475 6.787214747707527 -4.75
      vertex 0.8090169943749475 6.787214747707527 6
      vertex 0.8763066800438635 6.893246325898285 -4.75
    endloop
  endfacet
  facet normal 0 -1 0
    outer loop
      vertex -0.0627905195293129 8.373026728428272 -4.75
      vertex 0.06279051952931328 8.373026728428272 -4.75
      vertex 0.06279051952931328 8.373026728428272 6
    endloop
  endfacet
  facet normal -0.12533323356430473 -0.9921147013144778 0
    outer loop
      vertex 0.06279051952931328 8.373026728428272 -4.75
      vertex 0.18738131458572457 8.357287250728689 -4.75
      vertex 0.18738131458572457 8.357287250728689 6
    endloop
  endfacet
  facet normal -0.24868988716485535 -0.968583161128631 0
    outer loop
      vertex 0.18738131458572457 8.357287250728689 -4.75
      vertex 0.3090169943749474 8.326056516295154 -4.75
      vertex 0.3090169943749474 8.326056516295154 6
    endloop
  endfacet
  facet normal -0.36812455268467476 -0.9297764858882527 0
    outer loop
      vertex 0.3090169943749474 8.326056516295154 -4.75
      vertex 0.4257792915650727 8.27982705246602 -4.75
      vertex 0.4257792915650727 8.27982705246602 6
    endloop
  endfacet
  facet normal -0.8443279255020163 -0.5358267949789948 0
    outer loop
      vertex 0.8763066800438635 7.856753674101715 -4.75
      vertex 0.8763066800438635 7.856753674101715 6
      vertex 0.8090169943749475 7.962785252292473 -4.75
    endloop
  endfacet
  facet normal -0.6845471059286923 -0.728968627421408 0
    outer loop
      vertex 0.6374239897486896 8.14551324277579 -4.75
      vertex 0.7289686274214117 8.059547105928688 -4.75
      vertex 0.7289686274214117 8.059547105928688 6
    endloop
  endfacet
  facet normal -0.7705132427757877 -0.6374239897486916 0
    outer loop
      vertex 0.8090169943749475 7.962785252292473 -4.75
      vertex 0.8090169943749475 7.962785252292473 6
      vertex 0.7289686274214117 8.059547105928688 -4.75
    endloop
  endfacet
  facet normal -0.48175367410172204 -0.8763066800438598 0
    outer loop
      vertex 0.4257792915650727 8.27982705246602 -4.75
      vertex 0.5358267949789968 8.219327925502014 -4.75
      vertex 0.5358267949789968 8.219327925502014 6
    endloop
  endfacet
  facet normal -0.5877852522924669 -0.8090169943749519 0
    outer loop
      vertex 0.5358267949789968 8.219327925502014 -4.75
      vertex 0.6374239897486896 8.14551324277579 -4.75
      vertex 0.6374239897486896 8.14551324277579 6
    endloop
  endfacet
  facet normal -0.9048270524660196 0.42577929156507244 0
    outer loop
      vertex 0.8763066800438635 6.893246325898285 -4.75
      vertex 0.8763066800438635 6.893246325898285 6
      vertex 0.9297764858882515 7.0068754473153225 -4.75
    endloop
  endfacet
  facet normal -0.9510565162951532 0.3090169943749485 0
    outer loop
      vertex 0.9297764858882515 7.0068754473153225 -4.75
      vertex 0.9297764858882515 7.0068754473153225 6
      vertex 0.9685831611286311 7.126310112835145 -4.75
    endloop
  endfacet
  facet normal -0.9822872507286885 0.18738131458572488 0
    outer loop
      vertex 0.9685831611286311 7.126310112835145 -4.75
      vertex 0.9685831611286311 7.126310112835145 6
      vertex 0.9921147013144779 7.249666766435696 -4.75
    endloop
  endfacet
  facet normal -0.9980267284282717 0.06279051952931301 0
    outer loop
      vertex 0.9921147013144779 7.249666766435696 -4.75
      vertex 0.9921147013144779 7.249666766435696 6
      vertex 1 7.375 -4.75
    endloop
  endfacet
  facet normal -0.9980267284282717 -0.06279051952931301 0
    outer loop
      vertex 1 7.375 -4.75
      vertex 1 7.375 6
      vertex 0.9921147013144779 7.500333233564304 -4.75
    endloop
  endfacet
  facet normal -0.9510565162951532 -0.3090169943749485 0
    outer loop
      vertex 0.9685831611286311 7.623689887164855 -4.75
      vertex 0.9685831611286311 7.623689887164855 6
      vertex 0.9297764858882515 7.7431245526846775 -4.75
    endloop
  endfacet
  facet normal -0.9822872507286885 -0.18738131458572488 0
    outer loop
      vertex 0.9921147013144779 7.500333233564304 -4.75
      vertex 0.9921147013144779 7.500333233564304 6
      vertex 0.9685831611286311 7.623689887164855 -4.75
    endloop
  endfacet
  facet normal -0.9048270524660196 -0.42577929156507244 0
    outer loop
      vertex 0.8763066800438635 7.856753674101715 -4.75
      vertex 0.9297764858882515 7.7431245526846775 -4.75
      vertex 0.9297764858882515 7.7431245526846775 6
    endloop
  endfacet
  facet normal 0 1 0
    outer loop
      vertex 0.06279051952931376 6.376973271571728 -4.75
      vertex -0.06279051952931376 6.376973271571728 6
      vertex 0.06279051952931376 6.376973271571728 6
    endloop
  endfacet
  facet normal -0.12533323356430498 0.9921147013144778 0
    outer loop
      vertex 0.18738131458572482 6.392712749271311 -4.75
      vertex 0.06279051952931376 6.376973271571728 6
      vertex 0.18738131458572482 6.392712749271311 6
    endloop
  endfacet
  facet normal -0.24868988716485582 0.9685831611286309 0
    outer loop
      vertex 0.3090169943749474 6.423943483704846 -4.75
      vertex 0.18738131458572482 6.392712749271311 6
      vertex 0.3090169943749474 6.423943483704846 6
    endloop
  endfacet
  facet normal -0.36812455268467553 0.9297764858882523 0
    outer loop
      vertex 0.42577929156507244 6.47017294753398 -4.75
      vertex 0.3090169943749474 6.423943483704846 6
      vertex 0.42577929156507244 6.47017294753398 6
    endloop
  endfacet
  facet normal -0.48175367410171577 0.8763066800438634 0
    outer loop
      vertex 0.5358267949789968 6.530672074497985 -4.75
      vertex 0.42577929156507244 6.47017294753398 6
      vertex 0.5358267949789968 6.530672074497985 6
    endloop
  endfacet
  facet normal -0.5877852522924762 0.8090169943749452 0
    outer loop
      vertex 0.6374239897486896 6.604486757224211 -4.75
      vertex 0.5358267949789968 6.530672074497985 6
      vertex 0.6374239897486896 6.604486757224211 6
    endloop
  endfacet
  facet normal -0.6845471059286886 0.7289686274214116 0
    outer loop
      vertex 0.7289686274214117 6.690452894071312 -4.75
      vertex 0.6374239897486896 6.604486757224211 6
      vertex 0.7289686274214117 6.690452894071312 6
    endloop
  endfacet
  facet normal -0.7705132427757877 0.6374239897486916 0
    outer loop
      vertex 0.8090169943749475 6.787214747707527 -4.75
      vertex 0.7289686274214117 6.690452894071312 6
      vertex 0.8090169943749475 6.787214747707527 6
    endloop
  endfacet
  facet normal -0.8443279255020163 0.5358267949789948 0
    outer loop
      vertex 0.8763066800438635 6.893246325898285 -4.75
      vertex 0.8090169943749475 6.787214747707527 6
      vertex 0.8763066800438635 6.893246325898285 6
    endloop
  endfacet
  facet normal -0.12533323356430473 -0.9921147013144778 0
    outer loop
      vertex 0.06279051952931328 8.373026728428272 -4.75
      vertex 0.18738131458572457 8.357287250728689 6
      vertex 0.06279051952931328 8.373026728428272 6
    endloop
  endfacet
  facet normal -0.24868988716485535 -0.968583161128631 0
    outer loop
      vertex 0.18738131458572457 8.357287250728689 -4.75
      vertex 0.3090169943749474 8.326056516295154 6
      vertex 0.18738131458572457 8.357287250728689 6
    endloop
  endfacet
  facet normal -0.36812455268467476 -0.9297764858882527 0
    outer loop
      vertex 0.3090169943749474 8.326056516295154 -4.75
      vertex 0.4257792915650727 8.27982705246602 6
      vertex 0.3090169943749474 8.326056516295154 6
    endloop
  endfacet
  facet normal -0.8443279255020163 -0.5358267949789948 0
    outer loop
      vertex 0.8090169943749475 7.962785252292473 -4.75
      vertex 0.8763066800438635 7.856753674101715 6
      vertex 0.8090169943749475 7.962785252292473 6
    endloop
  endfacet
  facet normal -0.6845471059286923 -0.728968627421408 0
    outer loop
      vertex 0.6374239897486896 8.14551324277579 -4.75
      vertex 0.7289686274214117 8.059547105928688 6
      vertex 0.6374239897486896 8.14551324277579 6
    endloop
  endfacet
  facet normal -0.7705132427757877 -0.6374239897486916 0
    outer loop
      vertex 0.7289686274214117 8.059547105928688 -4.75
      vertex 0.8090169943749475 7.962785252292473 6
      vertex 0.7289686274214117 8.059547105928688 6
    endloop
  endfacet
  facet normal -0.48175367410172204 -0.8763066800438598 0
    outer loop
      vertex 0.4257792915650727 8.27982705246602 -4.75
      vertex 0.5358267949789968 8.219327925502014 6
      vertex 0.4257792915650727 8.27982705246602 6
    endloop
  endfacet
  facet normal -0.5877852522924669 -0.8090169943749519 0
    outer loop
      vertex 0.5358267949789968 8.219327925502014 -4.75
      vertex 0.6374239897486896 8.14551324277579 6
      vertex 0.5358267949789968 8.219327925502014 6
    endloop
  endfacet
  facet normal -0.9048270524660196 0.42577929156507244 0
    outer loop
      vertex 0.9297764858882515 7.0068754473153225 -4.75
      vertex 0.8763066800438635 6.893246325898285 6
      vertex 0.9297764858882515 7.0068754473153225 6
    endloop
  endfacet
  facet normal -0.9510565162951532 0.3090169943749485 0
    outer loop
      vertex 0.9685831611286311 7.126310112835145 -4.75
      vertex 0.9297764858882515 7.0068754473153225 6
      vertex 0.9685831611286311 7.126310112835145 6
    endloop
  endfacet
  facet normal -0.9822872507286885 0.18738131458572488 0
    outer loop
      vertex 0.9921147013144779 7.249666766435696 -4.75
      vertex 0.9685831611286311 7.126310112835145 6
      vertex 0.9921147013144779 7.249666766435696 6
    endloop
  endfacet
  facet normal -0.9980267284282717 0.06279051952931301 0
    outer loop
      vertex 1 7.375 -4.75
      vertex 0.9921147013144779 7.249666766435696 6
      vertex 1 7.375 6
    endloop
  endfacet
  facet normal -0.9980267284282717 -0.06279051952931301 0
    outer loop
      vertex 0.9921147013144779 7.500333233564304 -4.75
      vertex 1 7.375 6
      vertex 0.9921147013144779 7.500333233564304 6
    endloop
  endfacet
  facet normal -0.9510565162951532 -0.3090169943749485 0
    outer loop
      vertex 0.9297764858882515 7.7431245526846775 -4.75
      vertex 0.9685831611286311 7.623689887164855 6
      vertex 0.9297764858882515 7.7431245526846775 6
    endloop
  endfacet
  facet normal -0.9822872507286885 -0.18738131458572488 0
    outer loop
      vertex 0.9685831611286311 7.623689887164855 -4.75
      vertex 0.9921147013144779 7.500333233564304 6
      vertex 0.9685831611286311 7.623689887164855 6
    endloop
  endfacet
  facet normal -0.9048270524660196 -0.42577929156507244 0
    outer loop
      vertex 0.8763066800438635 7.856753674101715 -4.75
      vertex 0.9297764858882515 7.7431245526846775 6
      vertex 0.8763066800438635 7.856753674101715 6
    endloop
  endfacet
  facet normal 0.904827052466019 0.4257792915650737 0
    outer loop
      vertex -0.9297764858882512 -7.743124552684678 -4.75
      vertex -0.9297764858882512 -7.743124552684678 6
      vertex -0.8763066800438635 -7.856753674101715 -4.75
    endloop
  endfacet
  facet normal 0.9822872507286886 0.18738131458572538 0
    outer loop
      vertex -0.9685831611286312 -7.623689887164854 -4.75
      vertex -0.9921147013144779 -7.500333233564304 -4.75
      vertex -0.9921147013144779 -7.500333233564304 6
    endloop
  endfacet
  facet normal 0.9510565162951539 0.3090169943749468 0
    outer loop
      vertex -0.9297764858882512 -7.743124552684678 -4.75
      vertex -0.9685831611286312 -7.623689887164854 -4.75
      vertex -0.9685831611286312 -7.623689887164854 6
    endloop
  endfacet
  facet normal 0.9980267284282717 0.06279051952931301 0
    outer loop
      vertex -0.9921147013144779 -7.500333233564304 -4.75
      vertex -1 -7.375 -4.75
      vertex -1 -7.375 6
    endloop
  endfacet
  facet normal 0.9980267284282717 -0.06279051952931301 0
    outer loop
      vertex -1 -7.375 -4.75
      vertex -0.9921147013144779 -7.249666766435696 -4.75
      vertex -0.9921147013144779 -7.249666766435696 6
    endloop
  endfacet
  facet normal 0.9822872507286885 -0.18738131458572488 0
    outer loop
      vertex -0.9921147013144779 -7.249666766435696 -4.75
      vertex -0.9685831611286311 -7.126310112835145 -4.75
      vertex -0.9685831611286311 -7.126310112835145 6
    endloop
  endfacet
  facet normal 0.9510565162951535 -0.30901699437494723 0
    outer loop
      vertex -0.9685831611286311 -7.126310112835145 -4.75
      vertex -0.9297764858882513 -7.006875447315322 -4.75
      vertex -0.9297764858882513 -7.006875447315322 6
    endloop
  endfacet
  facet normal 0.904827052466019 -0.4257792915650737 0
    outer loop
      vertex -0.9297764858882513 -7.006875447315322 -4.75
      vertex -0.8763066800438636 -6.893246325898285 -4.75
      vertex -0.8763066800438636 -6.893246325898285 6
    endloop
  endfacet
  facet normal 0.5877852522924729 0.8090169943749477 0
    outer loop
      vertex -0.63742398974869 -8.145513242775788 -4.75
      vertex -0.63742398974869 -8.145513242775788 6
      vertex -0.5358267949789962 -8.219327925502014 -4.75
    endloop
  endfacet
  facet normal 0.4817536741017231 0.8763066800438594 0
    outer loop
      vertex -0.5358267949789962 -8.219327925502014 -4.75
      vertex -0.5358267949789962 -8.219327925502014 6
      vertex -0.42577929156507244 -8.27982705246602 -4.75
    endloop
  endfacet
  facet normal 0.7705132427757877 0.6374239897486916 0
    outer loop
      vertex -0.7289686274214117 -8.059547105928688 -4.75
      vertex -0.8090169943749475 -7.962785252292473 -4.75
      vertex -0.8090169943749475 -7.962785252292473 6
    endloop
  endfacet
  facet normal 0.6845471059286862 0.7289686274214138 0
    outer loop
      vertex -0.7289686274214117 -8.059547105928688 -4.75
      vertex -0.7289686274214117 -8.059547105928688 6
      vertex -0.63742398974869 -8.145513242775788 -4.75
    endloop
  endfacet
  facet normal 0.8443279255020163 0.5358267949789948 0
    outer loop
      vertex -0.8090169943749475 -7.962785252292473 -4.75
      vertex -0.8763066800438635 -7.856753674101715 -4.75
      vertex -0.8763066800438635 -7.856753674101715 6
    endloop
  endfacet
  facet normal 0.36812455268467553 0.9297764858882523 0
    outer loop
      vertex -0.42577929156507244 -8.27982705246602 -4.75
      vertex -0.42577929156507244 -8.27982705246602 6
      vertex -0.3090169943749474 -8.326056516295154 -4.75
    endloop
  endfacet
  facet normal 0.24868988716485582 0.9685831611286309 0
    outer loop
      vertex -0.3090169943749474 -8.326056516295154 -4.75
      vertex -0.3090169943749474 -8.326056516295154 6
      vertex -0.18738131458572482 -8.357287250728689 -4.75
    endloop
  endfacet
  facet normal 0.12533323356430498 0.9921147013144778 0
    outer loop
      vertex -0.18738131458572482 -8.357287250728689 -4.75
      vertex -0.18738131458572482 -8.357287250728689 6
      vertex -0.06279051952931376 -8.373026728428272 -4.75
    endloop
  endfacet
  facet normal 0 1 0
    outer loop
      vertex -0.06279051952931376 -8.373026728428272 -4.75
      vertex -0.06279051952931376 -8.373026728428272 6
      vertex 0.06279051952931376 -8.373026728428272 -4.75
    endloop
  endfacet
  facet normal 0.8443279255020159 -0.5358267949789954 0
    outer loop
      vertex -0.8763066800438636 -6.893246325898285 -4.75
      vertex -0.8090169943749475 -6.787214747707527 -4.75
      vertex -0.8090169943749475 -6.787214747707527 6
    endloop
  endfacet
  facet normal 0.7705132427757871 -0.6374239897486921 0
    outer loop
      vertex -0.8090169943749475 -6.787214747707527 -4.75
      vertex -0.7289686274214116 -6.690452894071312 -4.75
      vertex -0.7289686274214116 -6.690452894071312 6
    endloop
  endfacet
  facet normal 0.6845471059286895 -0.7289686274214108 0
    outer loop
      vertex -0.7289686274214116 -6.690452894071312 -4.75
      vertex -0.6374239897486897 -6.604486757224211 -4.75
      vertex -0.6374239897486897 -6.604486757224211 6
    endloop
  endfacet
  facet normal 0.5877852522924754 -0.8090169943749459 0
    outer loop
      vertex -0.6374239897486897 -6.604486757224211 -4.75
      vertex -0.5358267949789967 -6.530672074497985 -4.75
      vertex -0.5358267949789967 -6.530672074497985 6
    endloop
  endfacet
  facet normal 0.48175367410171166 -0.8763066800438656 0
    outer loop
      vertex -0.5358267949789967 -6.530672074497985 -4.75
      vertex -0.4257792915650727 -6.470172947533981 -4.75
      vertex -0.4257792915650727 -6.470172947533981 6
    endloop
  endfacet
  facet normal 0.36812455268468086 -0.9297764858882502 0
    outer loop
      vertex -0.4257792915650727 -6.470172947533981 -4.75
      vertex -0.3090169943749474 -6.423943483704846 -4.75
      vertex -0.3090169943749474 -6.423943483704846 6
    endloop
  endfacet
  facet normal 0.24868988716485535 -0.968583161128631 0
    outer loop
      vertex -0.3090169943749474 -6.423943483704846 -4.75
      vertex -0.18738131458572457 -6.392712749271311 -4.75
      vertex -0.18738131458572457 -6.392712749271311 6
    endloop
  endfacet
  facet normal 0.12533323356430437 -0.9921147013144778 3.854951994709794e-18
    outer loop
      vertex -0.18738131458572457 -6.392712749271311 -4.75
      vertex -0.0627905195293129 -6.376973271571728 -4.75
      vertex -0.06279051952931324 -6.376973271571728 6
    endloop
  endfacet
  facet normal 0.904827052466019 0.4257792915650737 0
    outer loop
      vertex -0.8763066800438635 -7.856753674101715 -4.75
      vertex -0.9297764858882512 -7.743124552684678 6
      vertex -0.8763066800438635 -7.856753674101715 6
    endloop
  endfacet
  facet normal 0.9822872507286886 0.18738131458572538 0
    outer loop
      vertex -0.9685831611286312 -7.623689887164854 -4.75
      vertex -0.9921147013144779 -7.500333233564304 6
      vertex -0.9685831611286312 -7.623689887164854 6
    endloop
  endfacet
  facet normal 0.9510565162951539 0.3090169943749468 0
    outer loop
      vertex -0.9297764858882512 -7.743124552684678 -4.75
      vertex -0.9685831611286312 -7.623689887164854 6
      vertex -0.9297764858882512 -7.743124552684678 6
    endloop
  endfacet
  facet normal 0.9980267284282717 0.06279051952931301 0
    outer loop
      vertex -0.9921147013144779 -7.500333233564304 -4.75
      vertex -1 -7.375 6
      vertex -0.9921147013144779 -7.500333233564304 6
    endloop
  endfacet
  facet normal 0.9980267284282717 -0.06279051952931301 0
    outer loop
      vertex -1 -7.375 -4.75
      vertex -0.9921147013144779 -7.249666766435696 6
      vertex -1 -7.375 6
    endloop
  endfacet
  facet normal 0.9822872507286885 -0.18738131458572488 0
    outer loop
      vertex -0.9921147013144779 -7.249666766435696 -4.75
      vertex -0.9685831611286311 -7.126310112835145 6
      vertex -0.9921147013144779 -7.249666766435696 6
    endloop
  endfacet
  facet normal 0.9510565162951535 -0.30901699437494723 0
    outer loop
      vertex -0.9685831611286311 -7.126310112835145 -4.75
      vertex -0.9297764858882513 -7.006875447315322 6
      vertex -0.9685831611286311 -7.126310112835145 6
    endloop
  endfacet
  facet normal 0.904827052466019 -0.4257792915650737 0
    outer loop
      vertex -0.9297764858882513 -7.006875447315322 -4.75
      vertex -0.8763066800438636 -6.893246325898285 6
      vertex -0.9297764858882513 -7.006875447315322 6
    endloop
  endfacet
  facet normal 0.5877852522924729 0.8090169943749477 0
    outer loop
      vertex -0.5358267949789962 -8.219327925502014 -4.75
      vertex -0.63742398974869 -8.145513242775788 6
      vertex -0.5358267949789962 -8.219327925502014 6
    endloop
  endfacet
  facet normal 0.4817536741017231 0.8763066800438594 0
    outer loop
      vertex -0.42577929156507244 -8.27982705246602 -4.75
      vertex -0.5358267949789962 -8.219327925502014 6
      vertex -0.42577929156507244 -8.27982705246602 6
    endloop
  endfacet
  facet normal 0.7705132427757877 0.6374239897486916 0
    outer loop
      vertex -0.7289686274214117 -8.059547105928688 -4.75
      vertex -0.8090169943749475 -7.962785252292473 6
      vertex -0.7289686274214117 -8.059547105928688 6
    endloop
  endfacet
  facet normal 0.6845471059286862 0.7289686274214138 0
    outer loop
      vertex -0.63742398974869 -8.145513242775788 -4.75
      vertex -0.7289686274214117 -8.059547105928688 6
      vertex -0.63742398974869 -8.145513242775788 6
    endloop
  endfacet
  facet normal 0.8443279255020163 0.5358267949789948 0
    outer loop
      vertex -0.8090169943749475 -7.962785252292473 -4.75
      vertex -0.8763066800438635 -7.856753674101715 6
      vertex -0.8090169943749475 -7.962785252292473 6
    endloop
  endfacet
  facet normal 0.36812455268467553 0.9297764858882523 0
    outer loop
      vertex -0.3090169943749474 -8.326056516295154 -4.75
      vertex -0.42577929156507244 -8.27982705246602 6
      vertex -0.3090169943749474 -8.326056516295154 6
    endloop
  endfacet
  facet normal 0.24868988716485582 0.9685831611286309 0
    outer loop
      vertex -0.18738131458572482 -8.357287250728689 -4.75
      vertex -0.3090169943749474 -8.326056516295154 6
      vertex -0.18738131458572482 -8.357287250728689 6
    endloop
  endfacet
  facet normal 0.12533323356430498 0.9921147013144778 0
    outer loop
      vertex -0.06279051952931376 -8.373026728428272 -4.75
      vertex -0.18738131458572482 -8.357287250728689 6
      vertex -0.06279051952931376 -8.373026728428272 6
    endloop
  endfacet
  facet normal 0.8443279255020159 -0.5358267949789954 0
    outer loop
      vertex -0.8763066800438636 -6.893246325898285 -4.75
      vertex -0.8090169943749475 -6.787214747707527 6
      vertex -0.8763066800438636 -6.893246325898285 6
    endloop
  endfacet
  facet normal 0.7705132427757871 -0.6374239897486921 0
    outer loop
      vertex -0.8090169943749475 -6.787214747707527 -4.75
      vertex -0.7289686274214116 -6.690452894071312 6
      vertex -0.8090169943749475 -6.787214747707527 6
    endloop
  endfacet
  facet normal 0.6845471059286895 -0.7289686274214108 0
    outer loop
      vertex -0.7289686274214116 -6.690452894071312 -4.75
      vertex -0.6374239897486897 -6.604486757224211 6
      vertex -0.7289686274214116 -6.690452894071312 6
    endloop
  endfacet
  facet normal 0.5877852522924754 -0.8090169943749459 0
    outer loop
      vertex -0.6374239897486897 -6.604486757224211 -4.75
      vertex -0.5358267949789967 -6.530672074497985 6
      vertex -0.6374239897486897 -6.604486757224211 6
    endloop
  endfacet
  facet normal 0.48175367410171166 -0.8763066800438656 0
    outer loop
      vertex -0.5358267949789967 -6.530672074497985 -4.75
      vertex -0.4257792915650727 -6.470172947533981 6
      vertex -0.5358267949789967 -6.530672074497985 6
    endloop
  endfacet
  facet normal 0.36812455268468086 -0.9297764858882502 0
    outer loop
      vertex -0.4257792915650727 -6.470172947533981 -4.75
      vertex -0.3090169943749474 -6.423943483704846 6
      vertex -0.4257792915650727 -6.470172947533981 6
    endloop
  endfacet
  facet normal 0.24868988716485535 -0.968583161128631 0
    outer loop
      vertex -0.3090169943749474 -6.423943483704846 -4.75
      vertex -0.18738131458572457 -6.392712749271311 6
      vertex -0.3090169943749474 -6.423943483704846 6
    endloop
  endfacet
  facet normal 0.1253332335643047 -0.9921147013144778 0
    outer loop
      vertex -0.18738131458572457 -6.392712749271311 -4.75
      vertex -0.06279051952931324 -6.376973271571728 6
      vertex -0.18738131458572457 -6.392712749271311 6
    endloop
  endfacet
  facet normal 0 -1 0
    outer loop
      vertex -0.0627905195293129 -6.376973271571728 -4.75
      vertex 0.06279051952931328 -6.376973271571728 6
      vertex -0.06279051952931324 -6.376973271571728 6
    endloop
  endfacet
  facet normal -0.12533323356430498 0.9921147013144778 0
    outer loop
      vertex 0.06279051952931376 -8.373026728428272 -4.75
      vertex 0.06279051952931376 -8.373026728428272 6
      vertex 0.18738131458572482 -8.357287250728689 -4.75
    endloop
  endfacet
  facet normal -0.24868988716485582 0.9685831611286309 0
    outer loop
      vertex 0.18738131458572482 -8.357287250728689 -4.75
      vertex 0.18738131458572482 -8.357287250728689 6
      vertex 0.3090169943749474 -8.326056516295154 -4.75
    endloop
  endfacet
  facet normal -0.36812455268467553 0.9297764858882523 0
    outer loop
      vertex 0.3090169943749474 -8.326056516295154 -4.75
      vertex 0.3090169943749474 -8.326056516295154 6
      vertex 0.42577929156507244 -8.27982705246602 -4.75
    endloop
  endfacet
  facet normal -0.4817536741017212 0.8763066800438604 0
    outer loop
      vertex 0.42577929156507244 -8.27982705246602 -4.75
      vertex 0.42577929156507244 -8.27982705246602 6
      vertex 0.5358267949789968 -8.219327925502014 -4.75
    endloop
  endfacet
  facet normal -0.5877852522924669 0.8090169943749519 0
    outer loop
      vertex 0.5358267949789968 -8.219327925502014 -4.75
      vertex 0.5358267949789968 -8.219327925502014 6
      vertex 0.6374239897486896 -8.14551324277579 -4.75
    endloop
  endfacet
  facet normal -0.6845471059286923 0.728968627421408 0
    outer loop
      vertex 0.6374239897486896 -8.14551324277579 -4.75
      vertex 0.6374239897486896 -8.14551324277579 6
      vertex 0.7289686274214117 -8.059547105928688 -4.75
    endloop
  endfacet
  facet normal -0.7705132427757877 0.6374239897486916 0
    outer loop
      vertex 0.7289686274214117 -8.059547105928688 -4.75
      vertex 0.7289686274214117 -8.059547105928688 6
      vertex 0.8090169943749475 -7.962785252292473 -4.75
    endloop
  endfacet
  facet normal -0.8443279255020163 0.5358267949789948 0
    outer loop
      vertex 0.8090169943749475 -7.962785252292473 -4.75
      vertex 0.8090169943749475 -7.962785252292473 6
      vertex 0.8763066800438635 -7.856753674101715 -4.75
    endloop
  endfacet
  facet normal -0.9048270524660196 0.42577929156507244 0
    outer loop
      vertex 0.8763066800438635 -7.856753674101715 -4.75
      vertex 0.8763066800438635 -7.856753674101715 6
      vertex 0.9297764858882515 -7.7431245526846775 -4.75
    endloop
  endfacet
  facet normal -0.9510565162951532 0.3090169943749485 0
    outer loop
      vertex 0.9297764858882515 -7.7431245526846775 -4.75
      vertex 0.9297764858882515 -7.7431245526846775 6
      vertex 0.9685831611286311 -7.623689887164855 -4.75
    endloop
  endfacet
  facet normal -0.9822872507286885 0.18738131458572488 0
    outer loop
      vertex 0.9685831611286311 -7.623689887164855 -4.75
      vertex 0.9685831611286311 -7.623689887164855 6
      vertex 0.9921147013144779 -7.500333233564304 -4.75
    endloop
  endfacet
  facet normal -0.9980267284282717 0.06279051952931301 0
    outer loop
      vertex 0.9921147013144779 -7.500333233564304 -4.75
      vertex 0.9921147013144779 -7.500333233564304 6
      vertex 1 -7.375 -4.75
    endloop
  endfacet
  facet normal -0.9980267284282717 -0.06279051952931301 0
    outer loop
      vertex 1 -7.375 -4.75
      vertex 1 -7.375 6
      vertex 0.9921147013144779 -7.249666766435696 -4.75
    endloop
  endfacet
  facet normal -0.9510565162951532 -0.3090169943749485 0
    outer loop
      vertex 0.9685831611286311 -7.126310112835145 -4.75
      vertex 0.9685831611286311 -7.126310112835145 6
      vertex 0.9297764858882515 -7.0068754473153225 -4.75
    endloop
  endfacet
  facet normal -0.9822872507286885 -0.18738131458572488 0
    outer loop
      vertex 0.9685831611286311 -7.126310112835145 -4.75
      vertex 0.9921147013144779 -7.249666766435696 -4.75
      vertex 0.9921147013144779 -7.249666766435696 6
    endloop
  endfacet
  facet normal -0.9048270524660196 -0.42577929156507244 0
    outer loop
      vertex 0.8763066800438635 -6.893246325898285 -4.75
      vertex 0.9297764858882515 -7.0068754473153225 -4.75
      vertex 0.9297764858882515 -7.0068754473153225 6
    endloop
  endfacet
  facet normal -0.36812455268468086 -0.9297764858882502 0
    outer loop
      vertex 0.4257792915650727 -6.470172947533981 -4.75
      vertex 0.4257792915650727 -6.470172947533981 6
      vertex 0.3090169943749474 -6.423943483704846 -4.75
    endloop
  endfacet
  facet normal 0 -1 0
    outer loop
      vertex -0.0627905195293129 -6.376973271571728 -4.75
      vertex 0.06279051952931328 -6.376973271571728 -4.75
      vertex 0.06279051952931328 -6.376973271571728 6
    endloop
  endfacet
  facet normal -0.12533323356430473 -0.9921147013144778 0
    outer loop
      vertex 0.06279051952931328 -6.376973271571728 -4.75
      vertex 0.18738131458572457 -6.392712749271311 -4.75
      vertex 0.18738131458572457 -6.392712749271311 6
    endloop
  endfacet
  facet normal -0.24868988716485535 -0.968583161128631 0
    outer loop
      vertex 0.18738131458572457 -6.392712749271311 -4.75
      vertex 0.3090169943749474 -6.423943483704846 -4.75
      vertex 0.3090169943749474 -6.423943483704846 6
    endloop
  endfacet
  facet normal -0.48175367410171127 -0.8763066800438658 0
    outer loop
      vertex 0.4257792915650727 -6.470172947533981 -4.75
      vertex 0.5358267949789968 -6.530672074497985 -4.75
      vertex 0.5358267949789968 -6.530672074497985 6
    endloop
  endfacet
  facet normal -0.5877852522924762 -0.8090169943749452 0
    outer loop
      vertex 0.5358267949789968 -6.530672074497985 -4.75
      vertex 0.6374239897486896 -6.604486757224211 -4.75
      vertex 0.6374239897486896 -6.604486757224211 6
    endloop
  endfacet
  facet normal -0.6845471059286886 -0.7289686274214116 0
    outer loop
      vertex 0.6374239897486896 -6.604486757224211 -4.75
      vertex 0.7289686274214117 -6.690452894071312 -4.75
      vertex 0.7289686274214117 -6.690452894071312 6
    endloop
  endfacet
  facet normal -0.7705132427757877 -0.6374239897486916 0
    outer loop
      vertex 0.8090169943749475 -6.787214747707527 -4.75
      vertex 0.8090169943749475 -6.787214747707527 6
      vertex 0.7289686274214117 -6.690452894071312 -4.75
    endloop
  endfacet
  facet normal -0.8443279255020163 -0.5358267949789948 0
    outer loop
      vertex 0.8090169943749475 -6.787214747707527 -4.75
      vertex 0.8763066800438635 -6.893246325898285 -4.75
      vertex 0.8763066800438635 -6.893246325898285 6
    endloop
  endfacet
  facet normal 0 1 0
    outer loop
      vertex 0.06279051952931376 -8.373026728428272 -4.75
      vertex -0.06279051952931376 -8.373026728428272 6
      vertex 0.06279051952931376 -8.373026728428272 6
    endloop
  endfacet
  facet normal -0.12533323356430498 0.9921147013144778 0
    outer loop
      vertex 0.18738131458572482 -8.357287250728689 -4.75
      vertex 0.06279051952931376 -8.373026728428272 6
      vertex 0.18738131458572482 -8.357287250728689 6
    endloop
  endfacet
  facet normal -0.24868988716485582 0.9685831611286309 0
    outer loop
      vertex 0.3090169943749474 -8.326056516295154 -4.75
      vertex 0.18738131458572482 -8.357287250728689 6
      vertex 0.3090169943749474 -8.326056516295154 6
    endloop
  endfacet
  facet normal -0.36812455268467553 0.9297764858882523 0
    outer loop
      vertex 0.42577929156507244 -8.27982705246602 -4.75
      vertex 0.3090169943749474 -8.326056516295154 6
      vertex 0.42577929156507244 -8.27982705246602 6
    endloop
  endfacet
  facet normal -0.4817536741017212 0.8763066800438604 0
    outer loop
      vertex 0.5358267949789968 -8.219327925502014 -4.75
      vertex 0.42577929156507244 -8.27982705246602 6
      vertex 0.5358267949789968 -8.219327925502014 6
    endloop
  endfacet
  facet normal -0.5877852522924669 0.8090169943749519 0
    outer loop
      vertex 0.6374239897486896 -8.14551324277579 -4.75
      vertex 0.5358267949789968 -8.219327925502014 6
      vertex 0.6374239897486896 -8.14551324277579 6
    endloop
  endfacet
  facet normal -0.6845471059286923 0.728968627421408 0
    outer loop
      vertex 0.7289686274214117 -8.059547105928688 -4.75
      vertex 0.6374239897486896 -8.14551324277579 6
      vertex 0.7289686274214117 -8.059547105928688 6
    endloop
  endfacet
  facet normal -0.7705132427757877 0.6374239897486916 0
    outer loop
      vertex 0.8090169943749475 -7.962785252292473 -4.75
      vertex 0.7289686274214117 -8.059547105928688 6
      vertex 0.8090169943749475 -7.962785252292473 6
    endloop
  endfacet
  facet normal -0.8443279255020163 0.5358267949789948 0
    outer loop
      vertex 0.8763066800438635 -7.856753674101715 -4.75
      vertex 0.8090169943749475 -7.962785252292473 6
      vertex 0.8763066800438635 -7.856753674101715 6
    endloop
  endfacet
  facet normal -0.9048270524660196 0.42577929156507244 0
    outer loop
      vertex 0.9297764858882515 -7.7431245526846775 -4.75
      vertex 0.8763066800438635 -7.856753674101715 6
      vertex 0.9297764858882515 -7.7431245526846775 6
    endloop
  endfacet
  facet normal -0.9510565162951532 0.3090169943749485 0
    outer loop
      vertex 0.9685831611286311 -7.623689887164855 -4.75
      vertex 0.9297764858882515 -7.7431245526846775 6
      vertex 0.9685831611286311 -7.623689887164855 6
    endloop
  endfacet
  facet normal -0.9822872507286885 0.18738131458572488 0
    outer loop
      vertex 0.9921147013144779 -7.500333233564304 -4.75
      vertex 0.9685831611286311 -7.623689887164855 6
      vertex 0.9921147013144779 -7.500333233564304 6
    endloop
  endfacet
  facet normal -0.9980267284282717 0.06279051952931301 0
    outer loop
      vertex 1 -7.375 -4.75
      vertex 0.9921147013144779 -7.500333233564304 6
      vertex 1 -7.375 6
    endloop
  endfacet
  facet normal -0.9980267284282717 -0.06279051952931301 0
    outer loop
      vertex 0.9921147013144779 -7.249666766435696 -4.75
      vertex 1 -7.375 6
      vertex 0.9921147013144779 -7.249666766435696 6
    endloop
  endfacet
  facet normal -0.9822872507286885 -0.18738131458572488 0
    outer loop
      vertex 0.9685831611286311 -7.126310112835145 -4.75
      vertex 0.9921147013144779 -7.249666766435696 6
      vertex 0.9685831611286311 -7.126310112835145 6
    endloop
  endfacet
  facet normal -0.9510565162951532 -0.3090169943749485 0
    outer loop
      vertex 0.9297764858882515 -7.0068754473153225 -4.75
      vertex 0.9685831611286311 -7.126310112835145 6
      vertex 0.9297764858882515 -7.0068754473153225 6
    endloop
  endfacet
  facet normal -0.9048270524660196 -0.42577929156507244 0
    outer loop
      vertex 0.8763066800438635 -6.893246325898285 -4.75
      vertex 0.9297764858882515 -7.0068754473153225 6
      vertex 0.8763066800438635 -6.893246325898285 6
    endloop
  endfacet
  facet normal -0.36812455268468086 -0.9297764858882502 0
    outer loop
      vertex 0.3090169943749474 -6.423943483704846 -4.75
      vertex 0.4257792915650727 -6.470172947533981 6
      vertex 0.3090169943749474 -6.423943483704846 6
    endloop
  endfacet
  facet normal -0.12533323356430473 -0.9921147013144778 0
    outer loop
      vertex 0.06279051952931328 -6.376973271571728 -4.75
      vertex 0.18738131458572457 -6.392712749271311 6
      vertex 0.06279051952931328 -6.376973271571728 6
    endloop
  endfacet
  facet normal -0.24868988716485535 -0.968583161128631 0
    outer loop
      vertex 0.18738131458572457 -6.392712749271311 -4.75
      vertex 0.3090169943749474 -6.423943483704846 6
      vertex 0.18738131458572457 -6.392712749271311 6
    endloop
  endfacet
  facet normal -0.48175367410171127 -0.8763066800438658 0
    outer loop
      vertex 0.4257792915650727 -6.470172947533981 -4.75
      vertex 0.5358267949789968 -6.530672074497985 6
      vertex 0.4257792915650727 -6.470172947533981 6
    endloop
  endfacet
  facet normal -0.5877852522924762 -0.8090169943749452 0
    outer loop
      vertex 0.5358267949789968 -6.530672074497985 -4.75
      vertex 0.6374239897486896 -6.604486757224211 6
      vertex 0.5358267949789968 -6.530672074497985 6
    endloop
  endfacet
  facet normal -0.8443279255020163 -0.5358267949789948 0
    outer loop
      vertex 0.8090169943749475 -6.787214747707527 -4.75
      vertex 0.8763066800438635 -6.893246325898285 6
      vertex 0.8090169943749475 -6.787214747707527 6
    endloop
  endfacet
  facet normal -0.7705132427757877 -0.6374239897486916 0
    outer loop
      vertex 0.7289686274214117 -6.690452894071312 -4.75
      vertex 0.8090169943749475 -6.787214747707527 6
      vertex 0.7289686274214117 -6.690452894071312 6
    endloop
  endfacet
  facet normal -0.6845471059286886 -0.7289686274214116 0
    outer loop
      vertex 0.6374239897486896 -6.604486757224211 -4.75
      vertex 0.7289686274214117 -6.690452894071312 6
      vertex 0.6374239897486896 -6.604486757224211 6
    endloop
  endfacet
  facet normal 0.8443279255020149 0.5358267949789968 0
    outer loop
      vertex -9.16498269208334 -0.9153319807932592 0
      vertex -9.0371322893124 -1.1167919793556988 -6
      vertex -9.16498269208334 -0.9153319807932592 -6
    endloop
  endfacet
  facet normal 0.6845471059286875 0.7289686274214124 0
    outer loop
      vertex -8.71110558052251 -1.4639751612739997 0
      vertex -8.71110558052251 -1.4639751612739997 -6
      vertex -8.885040392100683 -1.300639501264508 -6
    endloop
  endfacet
  facet normal 0.7705132427757913 0.6374239897486872 0
    outer loop
      vertex -9.0371322893124 -1.1167919793556988 0
      vertex -8.885040392100683 -1.300639501264508 -6
      vertex -9.0371322893124 -1.1167919793556988 -6
    endloop
  endfacet
  facet normal 0.9510565162951529 0.30901699437494967 0
    outer loop
      vertex -9.340308006144399 -0.4725107856132242 0
      vertex -9.266575323187677 -0.699436650100888 -6
      vertex -9.340308006144399 -0.4725107856132242 -6
    endloop
  endfacet
  facet normal 0.9048270524660197 0.4257792915650724 0
    outer loop
      vertex -9.266575323187677 -0.699436650100888 0
      vertex -9.16498269208334 -0.9153319807932592 -6
      vertex -9.266575323187677 -0.699436650100888 -6
    endloop
  endfacet
  facet normal 0.9822872507286886 0.1873813145857253 0
    outer loop
      vertex -9.385017932497508 -0.2381331437721777 0
      vertex -9.340308006144399 -0.4725107856132242 -6
      vertex -9.385017932497508 -0.2381331437721777 -6
    endloop
  endfacet
  facet normal 0.9980267284282716 0.06279051952931428 0
    outer loop
      vertex -9.4 0 0
      vertex -9.385017932497508 -0.2381331437721777 -6
      vertex -9.4 0 -6
    endloop
  endfacet
  facet normal 0.36812455268467736 0.9297764858882518 0
    outer loop
      vertex -8.0871322893124 -1.8070073809607916 0
      vertex -8.0871322893124 -1.8070073809607916 -6
      vertex -8.308980653973638 -1.7191713996854372 -6
    endloop
  endfacet
  facet normal 0.2486898871648549 0.9685831611286311 0
    outer loop
      vertex -7.856024497712877 -1.8663457763845084 0
      vertex -7.856024497712877 -1.8663457763845084 -6
      vertex -8.0871322893124 -1.8070073809607916 -6
    endloop
  endfacet
  facet normal 0.12533323356430484 0.9921147013144777 0
    outer loop
      vertex -7.619301987105696 -1.896250784013716 0
      vertex -7.619301987105696 -1.896250784013716 -6
      vertex -7.856024497712877 -1.8663457763845084 -6
    endloop
  endfacet
  facet normal 0 1 0
    outer loop
      vertex -7.380698012894304 -1.896250784013716 0
      vertex -7.380698012894304 -1.896250784013716 -6
      vertex -7.619301987105696 -1.896250784013716 -6
    endloop
  endfacet
  facet normal -0.12533323356430484 0.9921147013144777 0
    outer loop
      vertex -7.143975502287123 -1.8663457763845084 0
      vertex -7.143975502287123 -1.8663457763845084 -6
      vertex -7.380698012894304 -1.896250784013716 -6
    endloop
  endfacet
  facet normal -0.2486898871648549 0.9685831611286311 0
    outer loop
      vertex -6.9128677106876 -1.8070073809607916 0
      vertex -6.9128677106876 -1.8070073809607916 -6
      vertex -7.143975502287123 -1.8663457763845084 -6
    endloop
  endfacet
  facet normal 0.5877852522924716 0.8090169943749486 0
    outer loop
      vertex -8.518070910460093 -1.6042230584538284 0
      vertex -8.518070910460093 -1.6042230584538284 -6
      vertex -8.71110558052251 -1.4639751612739997 -6
    endloop
  endfacet
  facet normal 0.4817536741017174 0.8763066800438624 0
    outer loop
      vertex -8.308980653973638 -1.7191713996854372 0
      vertex -8.308980653973638 -1.7191713996854372 -6
      vertex -8.518070910460093 -1.6042230584538284 -6
    endloop
  endfacet
  facet normal 0.8443279255020149 0.5358267949789968 0
    outer loop
      vertex -9.16498269208334 -0.9153319807932592 0
      vertex -9.0371322893124 -1.1167919793556988 0
      vertex -9.0371322893124 -1.1167919793556988 -6
    endloop
  endfacet
  facet normal 0.6845471059286875 0.7289686274214124 0
    outer loop
      vertex -8.885040392100683 -1.300639501264508 0
      vertex -8.71110558052251 -1.4639751612739997 0
      vertex -8.885040392100683 -1.300639501264508 -6
    endloop
  endfacet
  facet normal 0.5877852522924716 0.8090169943749486 0
    outer loop
      vertex -8.71110558052251 -1.4639751612739997 0
      vertex -8.518070910460093 -1.6042230584538284 0
      vertex -8.71110558052251 -1.4639751612739997 -6
    endloop
  endfacet
  facet normal 0.7705132427757913 0.6374239897486872 0
    outer loop
      vertex -9.0371322893124 -1.1167919793556988 0
      vertex -8.885040392100683 -1.300639501264508 0
      vertex -8.885040392100683 -1.300639501264508 -6
    endloop
  endfacet
  facet normal 0.9510565162951529 0.30901699437494967 0
    outer loop
      vertex -9.266575323187677 -0.699436650100888 0
      vertex -9.266575323187677 -0.699436650100888 -6
      vertex -9.340308006144399 -0.4725107856132242 0
    endloop
  endfacet
  facet normal 0.9048270524660197 0.4257792915650724 0
    outer loop
      vertex -9.16498269208334 -0.9153319807932592 0
      vertex -9.16498269208334 -0.9153319807932592 -6
      vertex -9.266575323187677 -0.699436650100888 0
    endloop
  endfacet
  facet normal 0.9822872507286886 0.1873813145857253 0
    outer loop
      vertex -9.340308006144399 -0.4725107856132242 0
      vertex -9.340308006144399 -0.4725107856132242 -6
      vertex -9.385017932497508 -0.2381331437721777 0
    endloop
  endfacet
  facet normal 0.9980267284282716 0.06279051952931428 0
    outer loop
      vertex -9.385017932497508 -0.2381331437721777 0
      vertex -9.385017932497508 -0.2381331437721777 -6
      vertex -9.4 0 0
    endloop
  endfacet
  facet normal 0.36812455268467736 0.9297764858882518 0
    outer loop
      vertex -8.308980653973638 -1.7191713996854372 0
      vertex -8.0871322893124 -1.8070073809607916 0
      vertex -8.308980653973638 -1.7191713996854372 -6
    endloop
  endfacet
  facet normal 0.2486898871648549 0.9685831611286311 0
    outer loop
      vertex -8.0871322893124 -1.8070073809607916 0
      vertex -7.856024497712877 -1.8663457763845084 0
      vertex -8.0871322893124 -1.8070073809607916 -6
    endloop
  endfacet
  facet normal 0.12533323356430484 0.9921147013144777 0
    outer loop
      vertex -7.856024497712877 -1.8663457763845084 0
      vertex -7.619301987105696 -1.896250784013716 0
      vertex -7.856024497712877 -1.8663457763845084 -6
    endloop
  endfacet
  facet normal 0 1 0
    outer loop
      vertex -7.619301987105696 -1.896250784013716 0
      vertex -7.380698012894304 -1.896250784013716 0
      vertex -7.619301987105696 -1.896250784013716 -6
    endloop
  endfacet
  facet normal -0.12533323356430484 0.9921147013144777 0
    outer loop
      vertex -7.380698012894304 -1.896250784013716 0
      vertex -7.143975502287123 -1.8663457763845084 0
      vertex -7.380698012894304 -1.896250784013716 -6
    endloop
  endfacet
  facet normal -0.2486898871648549 0.9685831611286311 0
    outer loop
      vertex -7.143975502287123 -1.8663457763845084 0
      vertex -6.9128677106876 -1.8070073809607916 0
      vertex -7.143975502287123 -1.8663457763845084 -6
    endloop
  endfacet
  facet normal 0.4817536741017174 0.8763066800438624 0
    outer loop
      vertex -8.518070910460093 -1.6042230584538284 0
      vertex -8.308980653973638 -1.7191713996854372 0
      vertex -8.518070910460093 -1.6042230584538284 -6
    endloop
  endfacet
  facet normal -0.36812455268467736 0.9297764858882518 0
    outer loop
      vertex -6.691019346026362 -1.7191713996854372 0
      vertex -6.691019346026362 -1.7191713996854372 -6
      vertex -6.9128677106876 -1.8070073809607916 -6
    endloop
  endfacet
  facet normal -0.48175367410171527 0.8763066800438636 0
    outer loop
      vertex -6.481929089539907 -1.604223058453829 0
      vertex -6.481929089539907 -1.604223058453829 -6
      vertex -6.691019346026362 -1.7191713996854372 -6
    endloop
  endfacet
  facet normal -0.5877852522924735 0.8090169943749472 0
    outer loop
      vertex -6.288894419477489 -1.463975161273999 0
      vertex -6.288894419477489 -1.463975161273999 -6
      vertex -6.481929089539907 -1.604223058453829 -6
    endloop
  endfacet
  facet normal -0.684547105928688 0.7289686274214122 0
    outer loop
      vertex -6.114959607899317 -1.300639501264508 0
      vertex -6.114959607899317 -1.300639501264508 -6
      vertex -6.288894419477489 -1.463975161273999 -6
    endloop
  endfacet
  facet normal -0.7705132427757913 0.6374239897486872 0
    outer loop
      vertex -6.114959607899317 -1.300639501264508 0
      vertex -5.9628677106876005 -1.1167919793556988 -6
      vertex -6.114959607899317 -1.300639501264508 -6
    endloop
  endfacet
  facet normal -0.8443279255020149 0.5358267949789968 0
    outer loop
      vertex -5.9628677106876005 -1.1167919793556988 0
      vertex -5.83501730791666 -0.9153319807932592 -6
      vertex -5.9628677106876005 -1.1167919793556988 -6
    endloop
  endfacet
  facet normal -0.9048270524660189 0.42577929156507377 0
    outer loop
      vertex -5.83501730791666 -0.9153319807932592 0
      vertex -5.733424676812323 -0.6994366501008888 -6
      vertex -5.83501730791666 -0.9153319807932592 -6
    endloop
  endfacet
  facet normal -0.9510565162951535 0.3090169943749477 0
    outer loop
      vertex -5.733424676812323 -0.6994366501008888 0
      vertex -5.659691993855601 -0.4725107856132234 -6
      vertex -5.733424676812323 -0.6994366501008888 -6
    endloop
  endfacet
  facet normal -0.9822872507286884 0.18738131458572588 0
    outer loop
      vertex -5.659691993855601 -0.4725107856132234 0
      vertex -5.614982067502492 -0.2381331437721777 -6
      vertex -5.659691993855601 -0.4725107856132234 -6
    endloop
  endfacet
  facet normal -0.9980267284282716 0.06279051952931428 0
    outer loop
      vertex -5.614982067502492 -0.2381331437721777 0
      vertex -5.6 0 -6
      vertex -5.614982067502492 -0.2381331437721777 -6
    endloop
  endfacet
  facet normal -0.36812455268467736 0.9297764858882518 0
    outer loop
      vertex -6.9128677106876 -1.8070073809607916 0
      vertex -6.691019346026362 -1.7191713996854372 0
      vertex -6.9128677106876 -1.8070073809607916 -6
    endloop
  endfacet
  facet normal -0.48175367410171527 0.8763066800438636 0
    outer loop
      vertex -6.691019346026362 -1.7191713996854372 0
      vertex -6.481929089539907 -1.604223058453829 0
      vertex -6.691019346026362 -1.7191713996854372 -6
    endloop
  endfacet
  facet normal -0.5877852522924735 0.8090169943749472 0
    outer loop
      vertex -6.481929089539907 -1.604223058453829 0
      vertex -6.288894419477489 -1.463975161273999 0
      vertex -6.481929089539907 -1.604223058453829 -6
    endloop
  endfacet
  facet normal -0.684547105928688 0.7289686274214122 0
    outer loop
      vertex -6.288894419477489 -1.463975161273999 0
      vertex -6.114959607899317 -1.300639501264508 0
      vertex -6.288894419477489 -1.463975161273999 -6
    endloop
  endfacet
  facet normal -0.7705132427757913 0.6374239897486872 0
    outer loop
      vertex -6.114959607899317 -1.300639501264508 0
      vertex -5.9628677106876005 -1.1167919793556988 0
      vertex -5.9628677106876005 -1.1167919793556988 -6
    endloop
  endfacet
  facet normal -0.8443279255020149 0.5358267949789968 0
    outer loop
      vertex -5.9628677106876005 -1.1167919793556988 0
      vertex -5.83501730791666 -0.9153319807932592 0
      vertex -5.83501730791666 -0.9153319807932592 -6
    endloop
  endfacet
  facet normal -0.9048270524660189 0.42577929156507377 0
    outer loop
      vertex -5.83501730791666 -0.9153319807932592 0
      vertex -5.733424676812323 -0.6994366501008888 0
      vertex -5.733424676812323 -0.6994366501008888 -6
    endloop
  endfacet
  facet normal -0.9510565162951535 0.3090169943749477 0
    outer loop
      vertex -5.733424676812323 -0.6994366501008888 0
      vertex -5.659691993855601 -0.4725107856132234 0
      vertex -5.659691993855601 -0.4725107856132234 -6
    endloop
  endfacet
  facet normal -0.9822872507286884 0.18738131458572588 0
    outer loop
      vertex -5.659691993855601 -0.4725107856132234 0
      vertex -5.614982067502492 -0.2381331437721777 0
      vertex -5.614982067502492 -0.2381331437721777 -6
    endloop
  endfacet
  facet normal -0.9980267284282716 0.06279051952931428 0
    outer loop
      vertex -5.614982067502492 -0.2381331437721777 0
      vertex -5.6 0 0
      vertex -5.6 0 -6
    endloop
  endfacet
  facet normal 0 0 -1
    outer loop
      vertex -9.0371322893124 -1.1167919793556988 0
      vertex -8.894664728832378 -0.5521868290270168 0
      vertex -8.885040392100683 -1.300639501264508 0
    endloop
  endfacet
  facet normal 0 0 -1
    outer loop
      vertex -8.885040392100683 -1.300639501264508 0
      vertex -8.894664728832378 -0.5521868290270168 0
      vertex -8.814460020065795 -0.722630511152573 0
    endloop
  endfacet
  facet normal 0 0 -1
    outer loop
      vertex -8.885040392100683 -1.300639501264508 0
      vertex -8.713525491562422 -0.8816778784387097 0
      vertex -8.71110558052251 -1.4639751612739997 0
    endloop
  endfacet
  facet normal 0 0 -1
    outer loop
      vertex -8.71110558052251 -1.4639751612739997 0
      vertex -8.713525491562422 -0.8816778784387097 0
      vertex -8.593452941132117 -1.0268206588930329 0
    endloop
  endfacet
  facet normal 0 0 -1
    outer loop
      vertex -8.885040392100683 -1.300639501264508 0
      vertex -8.814460020065795 -0.722630511152573 0
      vertex -8.713525491562422 -0.8816778784387097 0
    endloop
  endfacet
  facet normal 0 0 -1
    outer loop
      vertex -9.266575323187677 -0.699436650100888 0
      vertex -9.340308006144399 -0.4725107856132242 0
      vertex -9.340308006144399 0.4725107856132242 0
    endloop
  endfacet
  facet normal 0 0 -1
    outer loop
      vertex -9.340308006144399 -0.4725107856132242 0
      vertex -9.385017932497508 -0.2381331437721777 0
      vertex -9.385017932497508 0.2381331437721777 0
    endloop
  endfacet
  facet normal 0 0 -1
    outer loop
      vertex -9.16498269208334 -0.9153319807932592 0
      vertex -9.266575323187677 -0.699436650100888 0
      vertex -9.266575323187677 0.699436650100888 0
    endloop
  endfacet
  facet normal 0 0 -1
    outer loop
      vertex -9.16498269208334 -0.9153319807932592 0
      vertex -9.16498269208334 0.9153319807932592 0
      vertex -9.0371322893124 -1.1167919793556988 0
    endloop
  endfacet
  facet normal 0 0 -1
    outer loop
      vertex -9.0371322893124 -1.1167919793556988 0
      vertex -8.952874741692947 -0.3730348307472823 0
      vertex -8.894664728832378 -0.5521868290270168 0
    endloop
  endfacet
  facet normal 0 0 -1
    outer loop
      vertex -9.0371322893124 -1.1167919793556988 0
      vertex -8.988172051971716 -0.1879998503464561 0
      vertex -8.952874741692947 -0.3730348307472823 0
    endloop
  endfacet
  facet normal 0 0 -1
    outer loop
      vertex -9.0371322893124 -1.1167919793556988 0
      vertex -9 0 0
      vertex -8.988172051971716 -0.1879998503464561 0
    endloop
  endfacet
  facet normal 0 0 -1
    outer loop
      vertex -8.0871322893124 -1.8070073809607916 0
      vertex -7.781071971878587 -1.4734308760930328 0
      vertex -7.856024497712877 -1.8663457763845084 0
    endloop
  endfacet
  facet normal 0 0 -1
    outer loop
      vertex -7.856024497712877 -1.8663457763845084 0
      vertex -7.594185779293971 -1.4970400926424072 0
      vertex -7.619301987105696 -1.896250784013716 0
    endloop
  endfacet
  facet normal 0 0 -1
    outer loop
      vertex -7.619301987105696 -1.896250784013716 0
      vertex -7.405814220706029 -1.4970400926424072 0
      vertex -7.380698012894304 -1.896250784013716 0
    endloop
  endfacet
  facet normal 0 0 -1
    outer loop
      vertex -7.380698012894304 -1.896250784013716 0
      vertex -7.218928028121413 -1.4734308760930328 0
      vertex -7.143975502287123 -1.8663457763845084 0
    endloop
  endfacet
  facet normal 0 0 -1
    outer loop
      vertex -8.71110558052251 -1.4639751612739997 0
      vertex -8.456135984623035 -1.155769864163684 0
      vertex -8.518070910460093 -1.6042230584538284 0
    endloop
  endfacet
  facet normal 0 0 -1
    outer loop
      vertex -8.518070910460093 -1.6042230584538284 0
      vertex -8.456135984623035 -1.155769864163684 0
      vertex -8.303740192468496 -1.2664918882530225 0
    endloop
  endfacet
  facet normal 0 0 -1
    outer loop
      vertex -8.518070910460093 -1.6042230584538284 0
      vertex -8.303740192468496 -1.2664918882530225 0
      vertex -8.308980653973638 -1.7191713996854372 0
    endloop
  endfacet
  facet normal 0 0 -1
    outer loop
      vertex -8.308980653973638 -1.7191713996854372 0
      vertex -8.303740192468496 -1.2664918882530225 0
      vertex -8.138668937347608 -1.3572405786990294 0
    endloop
  endfacet
  facet normal 0 0 -1
    outer loop
      vertex -8.71110558052251 -1.4639751612739997 0
      vertex -8.593452941132117 -1.0268206588930329 0
      vertex -8.456135984623035 -1.155769864163684 0
    endloop
  endfacet
  facet normal 0 0 -1
    outer loop
      vertex -8.308980653973638 -1.7191713996854372 0
      vertex -7.963525491562421 -1.4265847744427302 0
      vertex -8.0871322893124 -1.8070073809607916 0
    endloop
  endfacet
  facet normal 0 0 -1
    outer loop
      vertex -8.308980653973638 -1.7191713996854372 0
      vertex -8.138668937347608 -1.3572405786990294 0
      vertex -7.963525491562421 -1.4265847744427302 0
    endloop
  endfacet
  facet normal 0 0 -1
    outer loop
      vertex -8.0871322893124 -1.8070073809607916 0
      vertex -7.963525491562421 -1.4265847744427302 0
      vertex -7.781071971878587 -1.4734308760930328 0
    endloop
  endfacet
  facet normal 0 0 -1
    outer loop
      vertex -7.856024497712877 -1.8663457763845084 0
      vertex -7.781071971878587 -1.4734308760930328 0
      vertex -7.594185779293971 -1.4970400926424072 0
    endloop
  endfacet
  facet normal 0 0 -1
    outer loop
      vertex -7.619301987105696 -1.896250784013716 0
      vertex -7.594185779293971 -1.4970400926424072 0
      vertex -7.405814220706029 -1.4970400926424072 0
    endloop
  endfacet
  facet normal 0 0 -1
    outer loop
      vertex -7.380698012894304 -1.896250784013716 0
      vertex -7.405814220706029 -1.4970400926424072 0
      vertex -7.218928028121413 -1.4734308760930328 0
    endloop
  endfacet
  facet normal 0 0 -1
    outer loop
      vertex -7.143975502287123 -1.8663457763845084 0
      vertex -7.218928028121413 -1.4734308760930328 0
      vertex -7.036474508437579 -1.4265847744427302 0
    endloop
  endfacet
  facet normal 0 0 -1
    outer loop
      vertex -7.143975502287123 -1.8663457763845084 0
      vertex -7.036474508437579 -1.4265847744427302 0
      vertex -6.9128677106876 -1.8070073809607916 0
    endloop
  endfacet
  facet normal 0 0 -1
    outer loop
      vertex -6.9128677106876 -1.8070073809607916 0
      vertex -7.036474508437579 -1.4265847744427302 0
      vertex -6.861331062652392 -1.3572405786990294 0
    endloop
  endfacet
  facet normal 0 0 -1
    outer loop
      vertex -6.9128677106876 -1.8070073809607916 0
      vertex -6.861331062652392 -1.3572405786990294 0
      vertex -6.691019346026362 -1.7191713996854372 0
    endloop
  endfacet
  facet normal 0 0 -1
    outer loop
      vertex -6.861331062652392 -1.3572405786990294 0
      vertex -6.696259807531506 -1.266491888253023 0
      vertex -6.691019346026362 -1.7191713996854372 0
    endloop
  endfacet
  facet normal 0 0 -1
    outer loop
      vertex -6.691019346026362 -1.7191713996854372 0
      vertex -6.543864015376965 -1.1557698641636835 0
      vertex -6.481929089539907 -1.604223058453829 0
    endloop
  endfacet
  facet normal 0 0 -1
    outer loop
      vertex -6.691019346026362 -1.7191713996854372 0
      vertex -6.696259807531506 -1.266491888253023 0
      vertex -6.543864015376965 -1.1557698641636835 0
    endloop
  endfacet
  facet normal 0 0 -1
    outer loop
      vertex -6.481929089539907 -1.604223058453829 0
      vertex -6.543864015376965 -1.1557698641636835 0
      vertex -6.406547058867883 -1.0268206588930329 0
    endloop
  endfacet
  facet normal 0 0 -1
    outer loop
      vertex -6.481929089539907 -1.604223058453829 0
      vertex -6.406547058867883 -1.0268206588930329 0
      vertex -6.288894419477489 -1.463975161273999 0
    endloop
  endfacet
  facet normal 0 0 -1
    outer loop
      vertex -6.288894419477489 -1.463975161273999 0
      vertex -6.406547058867883 -1.0268206588930329 0
      vertex -6.286474508437578 -0.8816778784387097 0
    endloop
  endfacet
  facet normal 0 0 -1
    outer loop
      vertex -6.288894419477489 -1.463975161273999 0
      vertex -6.286474508437578 -0.8816778784387097 0
      vertex -6.114959607899317 -1.300639501264508 0
    endloop
  endfacet
  facet normal 0 0 -1
    outer loop
      vertex -6.114959607899317 -1.300639501264508 0
      vertex -6.286474508437578 -0.8816778784387097 0
      vertex -6.185539979934205 -0.722630511152573 0
    endloop
  endfacet
  facet normal 0 0 -1
    outer loop
      vertex -6.114959607899317 -1.300639501264508 0
      vertex -6.185539979934205 -0.722630511152573 0
      vertex -6.105335271167624 -0.5521868290270175 0
    endloop
  endfacet
  facet normal 0 0 -1
    outer loop
      vertex -6.114959607899317 -1.300639501264508 0
      vertex -6.105335271167624 -0.5521868290270175 0
      vertex -5.9628677106876005 -1.1167919793556988 0
    endloop
  endfacet
  facet normal 0 0 -1
    outer loop
      vertex -5.9628677106876005 -1.1167919793556988 0
      vertex -6.105335271167624 -0.5521868290270175 0
      vertex -6.047125258307053 -0.37303483074728166 0
    endloop
  endfacet
  facet normal 0 0 -1
    outer loop
      vertex -5.9628677106876005 -1.1167919793556988 0
      vertex -6.047125258307053 -0.37303483074728166 0
      vertex -6.011827948028284 -0.1879998503464561 0
    endloop
  endfacet
  facet normal 0 0 -1
    outer loop
      vertex -5.9628677106876005 -1.1167919793556988 0
      vertex -6.011827948028284 -0.1879998503464561 0
      vertex -6 0 0
    endloop
  endfacet
  facet normal 0 0 -1
    outer loop
      vertex -5.9628677106876005 -1.1167919793556988 0
      vertex -5.9628677106876005 1.1167919793556988 0
      vertex -5.83501730791666 -0.9153319807932592 0
    endloop
  endfacet
  facet normal 0 0 -1
    outer loop
      vertex -5.83501730791666 -0.9153319807932592 0
      vertex -5.835017307916659 0.9153319807932591 0
      vertex -5.733424676812323 -0.6994366501008888 0
    endloop
  endfacet
  facet normal 0 0 -1
    outer loop
      vertex -5.733424676812323 -0.6994366501008888 0
      vertex -5.733424676812323 0.6994366501008881 0
      vertex -5.659691993855601 -0.4725107856132234 0
    endloop
  endfacet
  facet normal 0 0 -1
    outer loop
      vertex -5.659691993855601 -0.4725107856132234 0
      vertex -5.659691993855601 0.47251078561322407 0
      vertex -5.614982067502492 -0.2381331437721777 0
    endloop
  endfacet
  facet normal 0.9980267284282716 -0.06279051952931428 0
    outer loop
      vertex -9.385017932497508 0.2381331437721777 0
      vertex -9.4 0 -6
      vertex -9.385017932497508 0.2381331437721777 -6
    endloop
  endfacet
  facet normal 0.9822872507286886 -0.1873813145857253 0
    outer loop
      vertex -9.340308006144399 0.4725107856132242 0
      vertex -9.385017932497508 0.2381331437721777 -6
      vertex -9.340308006144399 0.4725107856132242 -6
    endloop
  endfacet
  facet normal 0.9510565162951529 -0.30901699437494967 0
    outer loop
      vertex -9.266575323187677 0.699436650100888 0
      vertex -9.340308006144399 0.4725107856132242 -6
      vertex -9.266575323187677 0.699436650100888 -6
    endloop
  endfacet
  facet normal 0.9048270524660197 -0.4257792915650724 0
    outer loop
      vertex -9.16498269208334 0.9153319807932592 0
      vertex -9.266575323187677 0.699436650100888 -6
      vertex -9.16498269208334 0.9153319807932592 -6
    endloop
  endfacet
  facet normal 0.8443279255020149 -0.5358267949789968 0
    outer loop
      vertex -9.0371322893124 1.1167919793556988 0
      vertex -9.16498269208334 0.9153319807932592 -6
      vertex -9.0371322893124 1.1167919793556988 -6
    endloop
  endfacet
  facet normal 0.7705132427757913 -0.6374239897486872 0
    outer loop
      vertex -8.885040392100683 1.300639501264508 0
      vertex -9.0371322893124 1.1167919793556988 -6
      vertex -8.885040392100683 1.300639501264508 -6
    endloop
  endfacet
  facet normal 0.6845471059286875 -0.7289686274214124 0
    outer loop
      vertex -8.885040392100683 1.300639501264508 0
      vertex -8.885040392100683 1.300639501264508 -6
      vertex -8.71110558052251 1.4639751612739997 -6
    endloop
  endfacet
  facet normal 0.5877852522924716 -0.8090169943749486 0
    outer loop
      vertex -8.71110558052251 1.4639751612739997 0
      vertex -8.71110558052251 1.4639751612739997 -6
      vertex -8.518070910460093 1.6042230584538284 -6
    endloop
  endfacet
  facet normal 0.4817536741017167 -0.8763066800438628 0
    outer loop
      vertex -8.518070910460093 1.6042230584538284 0
      vertex -8.518070910460093 1.6042230584538284 -6
      vertex -8.308980653973638 1.719171399685437 -6
    endloop
  endfacet
  facet normal 0.3681245526846781 -0.9297764858882513 0
    outer loop
      vertex -8.308980653973638 1.719171399685437 0
      vertex -8.308980653973638 1.719171399685437 -6
      vertex -8.0871322893124 1.8070073809607916 -6
    endloop
  endfacet
  facet normal 0.2486898871648549 -0.9685831611286311 0
    outer loop
      vertex -8.0871322893124 1.8070073809607916 0
      vertex -8.0871322893124 1.8070073809607916 -6
      vertex -7.856024497712877 1.8663457763845084 -6
    endloop
  endfacet
  facet normal 0.1253332335643044 -0.9921147013144779 0
    outer loop
      vertex -7.856024497712877 1.8663457763845084 0
      vertex -7.856024497712877 1.8663457763845084 -6
      vertex -7.619301987105695 1.896250784013716 -6
    endloop
  endfacet
  facet normal 0 -1 0
    outer loop
      vertex -7.619301987105695 1.896250784013716 0
      vertex -7.619301987105695 1.896250784013716 -6
      vertex -7.380698012894305 1.896250784013716 -6
    endloop
  endfacet
  facet normal -0.1253332335643044 -0.9921147013144779 0
    outer loop
      vertex -7.380698012894305 1.896250784013716 0
      vertex -7.380698012894305 1.896250784013716 -6
      vertex -7.143975502287123 1.8663457763845084 -6
    endloop
  endfacet
  facet normal -0.2486898871648549 -0.9685831611286311 0
    outer loop
      vertex -7.143975502287123 1.8663457763845084 0
      vertex -7.143975502287123 1.8663457763845084 -6
      vertex -6.9128677106876 1.8070073809607916 -6
    endloop
  endfacet
  facet normal 0.9980267284282716 -0.06279051952931428 0
    outer loop
      vertex -9.4 0 0
      vertex -9.4 0 -6
      vertex -9.385017932497508 0.2381331437721777 0
    endloop
  endfacet
  facet normal 0.9822872507286886 -0.1873813145857253 0
    outer loop
      vertex -9.385017932497508 0.2381331437721777 0
      vertex -9.385017932497508 0.2381331437721777 -6
      vertex -9.340308006144399 0.4725107856132242 0
    endloop
  endfacet
  facet normal 0.9510565162951529 -0.30901699437494967 0
    outer loop
      vertex -9.340308006144399 0.4725107856132242 0
      vertex -9.340308006144399 0.4725107856132242 -6
      vertex -9.266575323187677 0.699436650100888 0
    endloop
  endfacet
  facet normal 0.9048270524660197 -0.4257792915650724 0
    outer loop
      vertex -9.266575323187677 0.699436650100888 0
      vertex -9.266575323187677 0.699436650100888 -6
      vertex -9.16498269208334 0.9153319807932592 0
    endloop
  endfacet
  facet normal 0.8443279255020149 -0.5358267949789968 0
    outer loop
      vertex -9.16498269208334 0.9153319807932592 0
      vertex -9.16498269208334 0.9153319807932592 -6
      vertex -9.0371322893124 1.1167919793556988 0
    endloop
  endfacet
  facet normal 0.7705132427757913 -0.6374239897486872 0
    outer loop
      vertex -9.0371322893124 1.1167919793556988 0
      vertex -9.0371322893124 1.1167919793556988 -6
      vertex -8.885040392100683 1.300639501264508 0
    endloop
  endfacet
  facet normal 0.6845471059286875 -0.7289686274214124 0
    outer loop
      vertex -8.885040392100683 1.300639501264508 0
      vertex -8.71110558052251 1.4639751612739997 -6
      vertex -8.71110558052251 1.4639751612739997 0
    endloop
  endfacet
  facet normal 0.5877852522924716 -0.8090169943749486 0
    outer loop
      vertex -8.71110558052251 1.4639751612739997 0
      vertex -8.518070910460093 1.6042230584538284 -6
      vertex -8.518070910460093 1.6042230584538284 0
    endloop
  endfacet
  facet normal 0.4817536741017167 -0.8763066800438628 0
    outer loop
      vertex -8.518070910460093 1.6042230584538284 0
      vertex -8.308980653973638 1.719171399685437 -6
      vertex -8.308980653973638 1.719171399685437 0
    endloop
  endfacet
  facet normal 0.3681245526846781 -0.9297764858882513 0
    outer loop
      vertex -8.308980653973638 1.719171399685437 0
      vertex -8.0871322893124 1.8070073809607916 -6
      vertex -8.0871322893124 1.8070073809607916 0
    endloop
  endfacet
  facet normal 0.2486898871648549 -0.9685831611286311 0
    outer loop
      vertex -8.0871322893124 1.8070073809607916 0
      vertex -7.856024497712877 1.8663457763845084 -6
      vertex -7.856024497712877 1.8663457763845084 0
    endloop
  endfacet
  facet normal 0.1253332335643044 -0.9921147013144779 0
    outer loop
      vertex -7.856024497712877 1.8663457763845084 0
      vertex -7.619301987105695 1.896250784013716 -6
      vertex -7.619301987105695 1.896250784013716 0
    endloop
  endfacet
  facet normal 0 -1 0
    outer loop
      vertex -7.619301987105695 1.896250784013716 0
      vertex -7.380698012894305 1.896250784013716 -6
      vertex -7.380698012894305 1.896250784013716 0
    endloop
  endfacet
  facet normal -0.1253332335643044 -0.9921147013144779 0
    outer loop
      vertex -7.380698012894305 1.896250784013716 0
      vertex -7.143975502287123 1.8663457763845084 -6
      vertex -7.143975502287123 1.8663457763845084 0
    endloop
  endfacet
  facet normal -0.2486898871648549 -0.9685831611286311 0
    outer loop
      vertex -7.143975502287123 1.8663457763845084 0
      vertex -6.9128677106876 1.8070073809607916 -6
      vertex -6.9128677106876 1.8070073809607916 0
    endloop
  endfacet
  facet normal -0.48175367410171444 -0.876306680043864 0
    outer loop
      vertex -6.691019346026362 1.719171399685437 0
      vertex -6.691019346026362 1.719171399685437 -6
      vertex -6.481929089539906 1.6042230584538286 -6
    endloop
  endfacet
  facet normal -0.6845471059286875 -0.7289686274214128 0
    outer loop
      vertex -6.28889441947749 1.4639751612739993 0
      vertex -6.28889441947749 1.4639751612739993 -6
      vertex -6.114959607899318 1.3006395012645084 -6
    endloop
  endfacet
  facet normal -0.5877852522924751 -0.8090169943749459 0
    outer loop
      vertex -6.481929089539906 1.6042230584538286 0
      vertex -6.481929089539906 1.6042230584538286 -6
      vertex -6.28889441947749 1.4639751612739993 -6
    endloop
  endfacet
  facet normal -0.9980267284282716 -0.06279051952931418 0
    outer loop
      vertex -5.6 0 0
      vertex -5.614982067502492 0.2381331437721781 -6
      vertex -5.6 0 -6
    endloop
  endfacet
  facet normal -0.9822872507286884 -0.18738131458572563 0
    outer loop
      vertex -5.614982067502492 0.2381331437721781 0
      vertex -5.659691993855601 0.47251078561322407 -6
      vertex -5.614982067502492 0.2381331437721781 -6
    endloop
  endfacet
  facet normal -0.951056516295153 -0.3090169943749494 0
    outer loop
      vertex -5.659691993855601 0.47251078561322407 0
      vertex -5.733424676812323 0.6994366501008881 -6
      vertex -5.659691993855601 0.47251078561322407 -6
    endloop
  endfacet
  facet normal -0.9048270524660209 -0.42577929156506966 0
    outer loop
      vertex -5.733424676812323 0.6994366501008881 0
      vertex -5.835017307916659 0.9153319807932591 -6
      vertex -5.733424676812323 0.6994366501008881 -6
    endloop
  endfacet
  facet normal -0.8443279255020133 -0.5358267949789992 0
    outer loop
      vertex -5.835017307916659 0.9153319807932591 0
      vertex -5.9628677106876005 1.1167919793556988 -6
      vertex -5.835017307916659 0.9153319807932591 -6
    endloop
  endfacet
  facet normal -0.7705132427757903 -0.6374239897486885 0
    outer loop
      vertex -5.9628677106876005 1.1167919793556988 0
      vertex -6.114959607899318 1.3006395012645084 -6
      vertex -5.9628677106876005 1.1167919793556988 -6
    endloop
  endfacet
  facet normal -0.3681245526846781 -0.9297764858882513 0
    outer loop
      vertex -6.9128677106876 1.8070073809607916 0
      vertex -6.9128677106876 1.8070073809607916 -6
      vertex -6.691019346026362 1.719171399685437 -6
    endloop
  endfacet
  facet normal -0.48175367410171444 -0.876306680043864 0
    outer loop
      vertex -6.481929089539906 1.6042230584538286 0
      vertex -6.691019346026362 1.719171399685437 0
      vertex -6.481929089539906 1.6042230584538286 -6
    endloop
  endfacet
  facet normal -0.7705132427757903 -0.6374239897486885 0
    outer loop
      vertex -5.9628677106876005 1.1167919793556988 0
      vertex -6.114959607899318 1.3006395012645084 0
      vertex -6.114959607899318 1.3006395012645084 -6
    endloop
  endfacet
  facet normal -0.5877852522924751 -0.8090169943749459 0
    outer loop
      vertex -6.481929089539906 1.6042230584538286 0
      vertex -6.28889441947749 1.4639751612739993 -6
      vertex -6.28889441947749 1.4639751612739993 0
    endloop
  endfacet
  facet normal -0.6845471059286875 -0.7289686274214128 0
    outer loop
      vertex -6.28889441947749 1.4639751612739993 0
      vertex -6.114959607899318 1.3006395012645084 -6
      vertex -6.114959607899318 1.3006395012645084 0
    endloop
  endfacet
  facet normal -0.9980267284282716 -0.06279051952931418 0
    outer loop
      vertex -5.6 0 0
      vertex -5.614982067502492 0.2381331437721781 0
      vertex -5.614982067502492 0.2381331437721781 -6
    endloop
  endfacet
  facet normal -0.9822872507286884 -0.18738131458572563 0
    outer loop
      vertex -5.659691993855601 0.47251078561322407 0
      vertex -5.659691993855601 0.47251078561322407 -6
      vertex -5.614982067502492 0.2381331437721781 0
    endloop
  endfacet
  facet normal -0.9048270524660209 -0.42577929156506966 0
    outer loop
      vertex -5.733424676812323 0.6994366501008881 0
      vertex -5.835017307916659 0.9153319807932591 0
      vertex -5.835017307916659 0.9153319807932591 -6
    endloop
  endfacet
  facet normal -0.951056516295153 -0.3090169943749494 0
    outer loop
      vertex -5.659691993855601 0.47251078561322407 0
      vertex -5.733424676812323 0.6994366501008881 0
      vertex -5.733424676812323 0.6994366501008881 -6
    endloop
  endfacet
  facet normal -0.8443279255020133 -0.5358267949789992 0
    outer loop
      vertex -5.9628677106876005 1.1167919793556988 0
      vertex -5.9628677106876005 1.1167919793556988 -6
      vertex -5.835017307916659 0.9153319807932591 0
    endloop
  endfacet
  facet normal -0.3681245526846781 -0.9297764858882513 0
    outer loop
      vertex -6.9128677106876 1.8070073809607916 0
      vertex -6.691019346026362 1.719171399685437 -6
      vertex -6.691019346026362 1.719171399685437 0
    endloop
  endfacet
  facet normal 0 0 -1
    outer loop
      vertex -9.385017932497508 -0.2381331437721777 0
      vertex -9.4 0 0
      vertex -9.385017932497508 0.2381331437721777 0
    endloop
  endfacet
  facet normal 0 0 -1
    outer loop
      vertex -9.340308006144399 -0.4725107856132242 0
      vertex -9.385017932497508 0.2381331437721777 0
      vertex -9.340308006144399 0.4725107856132242 0
    endloop
  endfacet
  facet normal 0 0 -1
    outer loop
      vertex -9.266575323187677 -0.699436650100888 0
      vertex -9.340308006144399 0.4725107856132242 0
      vertex -9.266575323187677 0.699436650100888 0
    endloop
  endfacet
  facet normal 0 0 -1
    outer loop
      vertex -9.0371322893124 -1.1167919793556988 0
      vertex -9.0371322893124 1.1167919793556988 0
      vertex -9 0 0
    endloop
  endfacet
  facet normal 0 0 -1
    outer loop
      vertex -9.16498269208334 -0.9153319807932592 0
      vertex -9.266575323187677 0.699436650100888 0
      vertex -9.16498269208334 0.9153319807932592 0
    endloop
  endfacet
  facet normal 0 0 -1
    outer loop
      vertex -9.0371322893124 -1.1167919793556988 0
      vertex -9.16498269208334 0.9153319807932592 0
      vertex -9.0371322893124 1.1167919793556988 0
    endloop
  endfacet
  facet normal 0 0 -1
    outer loop
      vertex -9.0371322893124 1.1167919793556988 0
      vertex -8.988172051971716 0.1879998503464561 0
      vertex -9 0 0
    endloop
  endfacet
  facet normal 0 0 -1
    outer loop
      vertex -9.0371322893124 1.1167919793556988 0
      vertex -8.952874741692947 0.3730348307472823 0
      vertex -8.988172051971716 0.1879998503464561 0
    endloop
  endfacet
  facet normal 0 0 -1
    outer loop
      vertex -9.0371322893124 1.1167919793556988 0
      vertex -8.894664728832378 0.5521868290270168 0
      vertex -8.952874741692947 0.3730348307472823 0
    endloop
  endfacet
  facet normal 0 0 -1
    outer loop
      vertex -9.0371322893124 1.1167919793556988 0
      vertex -8.885040392100683 1.300639501264508 0
      vertex -8.894664728832378 0.5521868290270168 0
    endloop
  endfacet
  facet normal 0 0 -1
    outer loop
      vertex -8.894664728832378 0.5521868290270168 0
      vertex -8.885040392100683 1.300639501264508 0
      vertex -8.814460020065795 0.722630511152573 0
    endloop
  endfacet
  facet normal 0 0 -1
    outer loop
      vertex -8.814460020065795 0.722630511152573 0
      vertex -8.885040392100683 1.300639501264508 0
      vertex -8.713525491562422 0.8816778784387097 0
    endloop
  endfacet
  facet normal 0 0 -1
    outer loop
      vertex -8.713525491562422 0.8816778784387097 0
      vertex -8.885040392100683 1.300639501264508 0
      vertex -8.71110558052251 1.4639751612739997 0
    endloop
  endfacet
  facet normal 0 0 -1
    outer loop
      vertex -8.713525491562422 0.8816778784387097 0
      vertex -8.71110558052251 1.4639751612739997 0
      vertex -8.593452941132117 1.0268206588930329 0
    endloop
  endfacet
  facet normal 0 0 -1
    outer loop
      vertex -8.593452941132117 1.0268206588930329 0
      vertex -8.71110558052251 1.4639751612739997 0
      vertex -8.518070910460093 1.6042230584538284 0
    endloop
  endfacet
  facet normal 0 0 -1
    outer loop
      vertex -8.593452941132117 1.0268206588930329 0
      vertex -8.518070910460093 1.6042230584538284 0
      vertex -8.456135984623035 1.155769864163684 0
    endloop
  endfacet
  facet normal 0 0 -1
    outer loop
      vertex -8.456135984623035 1.155769864163684 0
      vertex -8.518070910460093 1.6042230584538284 0
      vertex -8.308980653973638 1.719171399685437 0
    endloop
  endfacet
  facet normal 0 0 -1
    outer loop
      vertex -8.456135984623035 1.155769864163684 0
      vertex -8.308980653973638 1.719171399685437 0
      vertex -8.303740192468496 1.2664918882530225 0
    endloop
  endfacet
  facet normal 0 0 -1
    outer loop
      vertex -8.303740192468496 1.2664918882530225 0
      vertex -8.308980653973638 1.719171399685437 0
      vertex -8.138668937347608 1.3572405786990291 0
    endloop
  endfacet
  facet normal 0 0 -1
    outer loop
      vertex -8.138668937347608 1.3572405786990291 0
      vertex -8.308980653973638 1.719171399685437 0
      vertex -8.0871322893124 1.8070073809607916 0
    endloop
  endfacet
  facet normal 0 0 -1
    outer loop
      vertex -8.138668937347608 1.3572405786990291 0
      vertex -8.0871322893124 1.8070073809607916 0
      vertex -7.963525491562421 1.4265847744427302 0
    endloop
  endfacet
  facet normal 0 0 -1
    outer loop
      vertex -7.963525491562421 1.4265847744427302 0
      vertex -8.0871322893124 1.8070073809607916 0
      vertex -7.856024497712877 1.8663457763845084 0
    endloop
  endfacet
  facet normal 0 0 -1
    outer loop
      vertex -7.963525491562421 1.4265847744427302 0
      vertex -7.856024497712877 1.8663457763845084 0
      vertex -7.781071971878587 1.473430876093033 0
    endloop
  endfacet
  facet normal 0 0 -1
    outer loop
      vertex -7.781071971878587 1.473430876093033 0
      vertex -7.619301987105695 1.896250784013716 0
      vertex -7.59418577929397 1.4970400926424072 0
    endloop
  endfacet
  facet normal 0 0 -1
    outer loop
      vertex -7.59418577929397 1.4970400926424072 0
      vertex -7.380698012894305 1.896250784013716 0
      vertex -7.40581422070603 1.4970400926424072 0
    endloop
  endfacet
  facet normal 0 0 -1
    outer loop
      vertex -7.40581422070603 1.4970400926424072 0
      vertex -7.143975502287123 1.8663457763845084 0
      vertex -7.218928028121413 1.473430876093033 0
    endloop
  endfacet
  facet normal 0 0 -1
    outer loop
      vertex -7.218928028121413 1.473430876093033 0
      vertex -6.9128677106876 1.8070073809607916 0
      vertex -7.036474508437579 1.4265847744427302 0
    endloop
  endfacet
  facet normal 0 0 -1
    outer loop
      vertex -7.036474508437579 1.4265847744427302 0
      vertex -6.9128677106876 1.8070073809607916 0
      vertex -6.691019346026362 1.719171399685437 0
    endloop
  endfacet
  facet normal 0 0 -1
    outer loop
      vertex -7.781071971878587 1.473430876093033 0
      vertex -7.856024497712877 1.8663457763845084 0
      vertex -7.619301987105695 1.896250784013716 0
    endloop
  endfacet
  facet normal 0 0 -1
    outer loop
      vertex -7.59418577929397 1.4970400926424072 0
      vertex -7.619301987105695 1.896250784013716 0
      vertex -7.380698012894305 1.896250784013716 0
    endloop
  endfacet
  facet normal 0 0 -1
    outer loop
      vertex -7.40581422070603 1.4970400926424072 0
      vertex -7.380698012894305 1.896250784013716 0
      vertex -7.143975502287123 1.8663457763845084 0
    endloop
  endfacet
  facet normal 0 0 -1
    outer loop
      vertex -7.218928028121413 1.473430876093033 0
      vertex -7.143975502287123 1.8663457763845084 0
      vertex -6.9128677106876 1.8070073809607916 0
    endloop
  endfacet
  facet normal 0 0 -1
    outer loop
      vertex -6.047125258307053 0.37303483074728216 0
      vertex -6.105335271167623 0.552186829027017 0
      vertex -5.9628677106876005 1.1167919793556988 0
    endloop
  endfacet
  facet normal 0 0 -1
    outer loop
      vertex -6.861331062652391 1.3572405786990291 0
      vertex -6.691019346026362 1.719171399685437 0
      vertex -6.696259807531505 1.2664918882530225 0
    endloop
  endfacet
  facet normal 0 0 -1
    outer loop
      vertex -7.036474508437579 1.4265847744427302 0
      vertex -6.691019346026362 1.719171399685437 0
      vertex -6.861331062652391 1.3572405786990291 0
    endloop
  endfacet
  facet normal 0 0 -1
    outer loop
      vertex -6.696259807531505 1.2664918882530225 0
      vertex -6.481929089539906 1.6042230584538286 0
      vertex -6.543864015376966 1.1557698641636838 0
    endloop
  endfacet
  facet normal 0 0 -1
    outer loop
      vertex -6.696259807531505 1.2664918882530225 0
      vertex -6.691019346026362 1.719171399685437 0
      vertex -6.481929089539906 1.6042230584538286 0
    endloop
  endfacet
  facet normal 0 0 -1
    outer loop
      vertex -6.406547058867883 1.026820658893033 0
      vertex -6.543864015376966 1.1557698641636838 0
      vertex -6.28889441947749 1.4639751612739993 0
    endloop
  endfacet
  facet normal 0 0 -1
    outer loop
      vertex -6.406547058867883 1.026820658893033 0
      vertex -6.28889441947749 1.4639751612739993 0
      vertex -6.286474508437578 0.8816778784387097 0
    endloop
  endfacet
  facet normal 0 0 -1
    outer loop
      vertex -6.105335271167623 0.552186829027017 0
      vertex -6.185539979934204 0.722630511152573 0
      vertex -6.114959607899318 1.3006395012645084 0
    endloop
  endfacet
  facet normal 0 0 -1
    outer loop
      vertex -6.286474508437578 0.8816778784387097 0
      vertex -6.114959607899318 1.3006395012645084 0
      vertex -6.185539979934204 0.722630511152573 0
    endloop
  endfacet
  facet normal 0 0 -1
    outer loop
      vertex -6.105335271167623 0.552186829027017 0
      vertex -6.114959607899318 1.3006395012645084 0
      vertex -5.9628677106876005 1.1167919793556988 0
    endloop
  endfacet
  facet normal 0 0 -1
    outer loop
      vertex -6.286474508437578 0.8816778784387097 0
      vertex -6.28889441947749 1.4639751612739993 0
      vertex -6.114959607899318 1.3006395012645084 0
    endloop
  endfacet
  facet normal 0 0 -1
    outer loop
      vertex -6.543864015376966 1.1557698641636838 0
      vertex -6.481929089539906 1.6042230584538286 0
      vertex -6.28889441947749 1.4639751612739993 0
    endloop
  endfacet
  facet normal 0 0 -1
    outer loop
      vertex -5.9628677106876005 -1.1167919793556988 0
      vertex -6 0 0
      vertex -5.9628677106876005 1.1167919793556988 0
    endloop
  endfacet
  facet normal 0 0 -1
    outer loop
      vertex -5.83501730791666 -0.9153319807932592 0
      vertex -5.9628677106876005 1.1167919793556988 0
      vertex -5.835017307916659 0.9153319807932591 0
    endloop
  endfacet
  facet normal 0 0 -1
    outer loop
      vertex -5.614982067502492 -0.2381331437721777 0
      vertex -5.614982067502492 0.2381331437721781 0
      vertex -5.6 0 0
    endloop
  endfacet
  facet normal 0 0 -1
    outer loop
      vertex -5.614982067502492 -0.2381331437721777 0
      vertex -5.659691993855601 0.47251078561322407 0
      vertex -5.614982067502492 0.2381331437721781 0
    endloop
  endfacet
  facet normal 0 0 -1
    outer loop
      vertex -5.733424676812323 -0.6994366501008888 0
      vertex -5.835017307916659 0.9153319807932591 0
      vertex -5.733424676812323 0.6994366501008881 0
    endloop
  endfacet
  facet normal 0 0 -1
    outer loop
      vertex -5.659691993855601 -0.4725107856132234 0
      vertex -5.733424676812323 0.6994366501008881 0
      vertex -5.659691993855601 0.47251078561322407 0
    endloop
  endfacet
  facet normal 0 0 -1
    outer loop
      vertex -6 0 0
      vertex -6.011827948028284 0.1879998503464564 0
      vertex -5.9628677106876005 1.1167919793556988 0
    endloop
  endfacet
  facet normal 0 0 -1
    outer loop
      vertex -6.011827948028284 0.1879998503464564 0
      vertex -6.047125258307053 0.37303483074728216 0
      vertex -5.9628677106876005 1.1167919793556988 0
    endloop
  endfacet
  facet normal 0.7705132427757874 0.6374239897486919 0
    outer loop
      vertex -8.593452941132117 -1.0268206588930329 0
      vertex -8.713525491562422 -0.8816778784387097 0
      vertex -8.713525491562422 -0.8816778784387097 6
    endloop
  endfacet
  facet normal 0.9510565162951552 0.3090169943749426 0
    outer loop
      vertex -8.894664728832378 -0.5521868290270168 0
      vertex -8.952874741692947 -0.3730348307472823 0
      vertex -8.952874741692947 -0.3730348307472823 6
    endloop
  endfacet
  facet normal 0.9048270524660164 0.42577929156507915 0
    outer loop
      vertex -8.814460020065795 -0.722630511152573 0
      vertex -8.894664728832378 -0.5521868290270168 0
      vertex -8.894664728832378 -0.5521868290270168 6
    endloop
  endfacet
  facet normal 0.8443279255020175 0.5358267949789927 0
    outer loop
      vertex -8.814460020065795 -0.722630511152573 0
      vertex -8.814460020065795 -0.722630511152573 6
      vertex -8.713525491562422 -0.8816778784387097 0
    endloop
  endfacet
  facet normal 0.9822872507286889 0.1873813145857224 0
    outer loop
      vertex -8.952874741692947 -0.3730348307472823 0
      vertex -8.988172051971716 -0.1879998503464561 0
      vertex -8.988172051971716 -0.1879998503464561 6
    endloop
  endfacet
  facet normal 0.9980267284282716 0.06279051952931576 0
    outer loop
      vertex -8.988172051971716 -0.1879998503464561 0
      vertex -9 0 0
      vertex -9 0 6
    endloop
  endfacet
  facet normal 0.4817536741017131 0.8763066800438648 0
    outer loop
      vertex -8.303740192468496 -1.2664918882530225 0
      vertex -8.303740192468496 -1.2664918882530225 6
      vertex -8.138668937347608 -1.3572405786990294 0
    endloop
  endfacet
  facet normal 0.5877852522924724 0.8090169943749479 0
    outer loop
      vertex -8.456135984623035 -1.155769864163684 0
      vertex -8.456135984623035 -1.155769864163684 6
      vertex -8.303740192468496 -1.2664918882530225 0
    endloop
  endfacet
  facet normal 0.6845471059286916 0.7289686274214088 0
    outer loop
      vertex -8.456135984623035 -1.155769864163684 0
      vertex -8.593452941132117 -1.0268206588930329 0
      vertex -8.593452941132117 -1.0268206588930329 6
    endloop
  endfacet
  facet normal 0.3681245526846773 0.9297764858882517 0
    outer loop
      vertex -7.963525491562421 -1.4265847744427302 0
      vertex -8.138668937347608 -1.3572405786990294 0
      vertex -8.138668937347608 -1.3572405786990294 6
    endloop
  endfacet
  facet normal 0.2486898871648552 0.9685831611286311 0
    outer loop
      vertex -7.963525491562421 -1.4265847744427302 0
      vertex -7.963525491562421 -1.4265847744427302 6
      vertex -7.781071971878587 -1.4734308760930328 0
    endloop
  endfacet
  facet normal 0.12533323356430526 0.9921147013144777 0
    outer loop
      vertex -7.781071971878587 -1.4734308760930328 0
      vertex -7.781071971878587 -1.4734308760930328 6
      vertex -7.594185779293971 -1.4970400926424072 0
    endloop
  endfacet
  facet normal 0 1 0
    outer loop
      vertex -7.594185779293971 -1.4970400926424072 0
      vertex -7.594185779293971 -1.4970400926424072 6
      vertex -7.405814220706029 -1.4970400926424072 0
    endloop
  endfacet
  facet normal -0.12533323356430526 0.9921147013144777 0
    outer loop
      vertex -7.405814220706029 -1.4970400926424072 0
      vertex -7.405814220706029 -1.4970400926424072 6
      vertex -7.218928028121413 -1.4734308760930328 0
    endloop
  endfacet
  facet normal -0.2486898871648552 0.9685831611286311 0
    outer loop
      vertex -7.218928028121413 -1.4734308760930328 0
      vertex -7.218928028121413 -1.4734308760930328 6
      vertex -7.036474508437579 -1.4265847744427302 0
    endloop
  endfacet
  facet normal -0.3681245526846773 0.9297764858882517 0
    outer loop
      vertex -7.036474508437579 -1.4265847744427302 0
      vertex -7.036474508437579 -1.4265847744427302 6
      vertex -6.861331062652392 -1.3572405786990294 0
    endloop
  endfacet
  facet normal 0.7705132427757874 0.6374239897486919 0
    outer loop
      vertex -8.593452941132117 -1.0268206588930329 0
      vertex -8.713525491562422 -0.8816778784387097 6
      vertex -8.593452941132117 -1.0268206588930329 6
    endloop
  endfacet
  facet normal 0.9048270524660164 0.42577929156507915 0
    outer loop
      vertex -8.814460020065795 -0.722630511152573 0
      vertex -8.894664728832378 -0.5521868290270168 6
      vertex -8.814460020065795 -0.722630511152573 6
    endloop
  endfacet
  facet normal 0.9510565162951552 0.3090169943749426 0
    outer loop
      vertex -8.894664728832378 -0.5521868290270168 0
      vertex -8.952874741692947 -0.3730348307472823 6
      vertex -8.894664728832378 -0.5521868290270168 6
    endloop
  endfacet
  facet normal 0.8443279255020175 0.5358267949789927 0
    outer loop
      vertex -8.713525491562422 -0.8816778784387097 0
      vertex -8.814460020065795 -0.722630511152573 6
      vertex -8.713525491562422 -0.8816778784387097 6
    endloop
  endfacet
  facet normal 0.9822872507286889 0.1873813145857224 0
    outer loop
      vertex -8.952874741692947 -0.3730348307472823 0
      vertex -8.988172051971716 -0.1879998503464561 6
      vertex -8.952874741692947 -0.3730348307472823 6
    endloop
  endfacet
  facet normal 0.9980267284282716 0.06279051952931576 0
    outer loop
      vertex -8.988172051971716 -0.1879998503464561 0
      vertex -9 0 6
      vertex -8.988172051971716 -0.1879998503464561 6
    endloop
  endfacet
  facet normal 0.4817536741017131 0.8763066800438648 0
    outer loop
      vertex -8.138668937347608 -1.3572405786990294 0
      vertex -8.303740192468496 -1.2664918882530225 6
      vertex -8.138668937347608 -1.3572405786990294 6
    endloop
  endfacet
  facet normal 0.6845471059286916 0.7289686274214088 0
    outer loop
      vertex -8.456135984623035 -1.155769864163684 0
      vertex -8.593452941132117 -1.0268206588930329 6
      vertex -8.456135984623035 -1.155769864163684 6
    endloop
  endfacet
  facet normal 0.5877852522924724 0.8090169943749479 0
    outer loop
      vertex -8.303740192468496 -1.2664918882530225 0
      vertex -8.456135984623035 -1.155769864163684 6
      vertex -8.303740192468496 -1.2664918882530225 6
    endloop
  endfacet
  facet normal 0.3681245526846773 0.9297764858882517 0
    outer loop
      vertex -7.963525491562421 -1.4265847744427302 0
      vertex -8.138668937347608 -1.3572405786990294 6
      vertex -7.963525491562421 -1.4265847744427302 6
    endloop
  endfacet
  facet normal 0.2486898871648552 0.9685831611286311 0
    outer loop
      vertex -7.781071971878587 -1.4734308760930328 0
      vertex -7.963525491562421 -1.4265847744427302 6
      vertex -7.781071971878587 -1.4734308760930328 6
    endloop
  endfacet
  facet normal 0.12533323356430526 0.9921147013144777 0
    outer loop
      vertex -7.594185779293971 -1.4970400926424072 0
      vertex -7.781071971878587 -1.4734308760930328 6
      vertex -7.594185779293971 -1.4970400926424072 6
    endloop
  endfacet
  facet normal 0 1 0
    outer loop
      vertex -7.405814220706029 -1.4970400926424072 0
      vertex -7.594185779293971 -1.4970400926424072 6
      vertex -7.405814220706029 -1.4970400926424072 6
    endloop
  endfacet
  facet normal -0.12533323356430526 0.9921147013144777 0
    outer loop
      vertex -7.218928028121413 -1.4734308760930328 0
      vertex -7.405814220706029 -1.4970400926424072 6
      vertex -7.218928028121413 -1.4734308760930328 6
    endloop
  endfacet
  facet normal -0.2486898871648552 0.9685831611286311 0
    outer loop
      vertex -7.036474508437579 -1.4265847744427302 0
      vertex -7.218928028121413 -1.4734308760930328 6
      vertex -7.036474508437579 -1.4265847744427302 6
    endloop
  endfacet
  facet normal -0.3681245526846773 0.9297764858882517 0
    outer loop
      vertex -6.861331062652392 -1.3572405786990294 0
      vertex -7.036474508437579 -1.4265847744427302 6
      vertex -6.861331062652392 -1.3572405786990294 6
    endloop
  endfacet
  facet normal -0.48175367410171527 0.8763066800438636 0
    outer loop
      vertex -6.861331062652392 -1.3572405786990294 0
      vertex -6.861331062652392 -1.3572405786990294 6
      vertex -6.696259807531506 -1.266491888253023 0
    endloop
  endfacet
  facet normal -0.5877852522924709 0.809016994374949 0
    outer loop
      vertex -6.696259807531506 -1.266491888253023 0
      vertex -6.696259807531506 -1.266491888253023 6
      vertex -6.543864015376965 -1.1557698641636835 0
    endloop
  endfacet
  facet normal -0.6845471059286903 0.72896862742141 0
    outer loop
      vertex -6.543864015376965 -1.1557698641636835 0
      vertex -6.543864015376965 -1.1557698641636835 6
      vertex -6.406547058867883 -1.0268206588930329 0
    endloop
  endfacet
  facet normal -0.7705132427757874 0.6374239897486919 0
    outer loop
      vertex -6.406547058867883 -1.0268206588930329 0
      vertex -6.406547058867883 -1.0268206588930329 6
      vertex -6.286474508437578 -0.8816778784387097 0
    endloop
  endfacet
  facet normal -0.8443279255020175 0.5358267949789927 0
    outer loop
      vertex -6.286474508437578 -0.8816778784387097 0
      vertex -6.286474508437578 -0.8816778784387097 6
      vertex -6.185539979934205 -0.722630511152573 0
    endloop
  endfacet
  facet normal -0.9048270524660194 0.42577929156507305 0
    outer loop
      vertex -6.185539979934205 -0.722630511152573 0
      vertex -6.185539979934205 -0.722630511152573 6
      vertex -6.105335271167624 -0.5521868290270175 0
    endloop
  endfacet
  facet normal -0.9510565162951532 0.30901699437494895 0
    outer loop
      vertex -6.105335271167624 -0.5521868290270175 0
      vertex -6.105335271167624 -0.5521868290270175 6
      vertex -6.047125258307053 -0.37303483074728166 0
    endloop
  endfacet
  facet normal -0.9822872507286889 0.187381314585723 0
    outer loop
      vertex -6.047125258307053 -0.37303483074728166 0
      vertex -6.047125258307053 -0.37303483074728166 6
      vertex -6.011827948028284 -0.1879998503464561 0
    endloop
  endfacet
  facet normal -0.9980267284282716 0.06279051952931576 0
    outer loop
      vertex -6.011827948028284 -0.1879998503464561 0
      vertex -6.011827948028284 -0.1879998503464561 6
      vertex -6 0 0
    endloop
  endfacet
  facet normal -0.48175367410171527 0.8763066800438636 0
    outer loop
      vertex -6.696259807531506 -1.266491888253023 0
      vertex -6.861331062652392 -1.3572405786990294 6
      vertex -6.696259807531506 -1.266491888253023 6
    endloop
  endfacet
  facet normal -0.5877852522924709 0.809016994374949 0
    outer loop
      vertex -6.543864015376965 -1.1557698641636835 0
      vertex -6.696259807531506 -1.266491888253023 6
      vertex -6.543864015376965 -1.1557698641636835 6
    endloop
  endfacet
  facet normal -0.6845471059286903 0.72896862742141 0
    outer loop
      vertex -6.406547058867883 -1.0268206588930329 0
      vertex -6.543864015376965 -1.1557698641636835 6
      vertex -6.406547058867883 -1.0268206588930329 6
    endloop
  endfacet
  facet normal -0.7705132427757874 0.6374239897486919 0
    outer loop
      vertex -6.286474508437578 -0.8816778784387097 0
      vertex -6.406547058867883 -1.0268206588930329 6
      vertex -6.286474508437578 -0.8816778784387097 6
    endloop
  endfacet
  facet normal -0.8443279255020175 0.5358267949789927 0
    outer loop
      vertex -6.185539979934205 -0.722630511152573 0
      vertex -6.286474508437578 -0.8816778784387097 6
      vertex -6.185539979934205 -0.722630511152573 6
    endloop
  endfacet
  facet normal -0.9048270524660194 0.42577929156507305 0
    outer loop
      vertex -6.105335271167624 -0.5521868290270175 0
      vertex -6.185539979934205 -0.722630511152573 6
      vertex -6.105335271167624 -0.5521868290270175 6
    endloop
  endfacet
  facet normal -0.9510565162951532 0.30901699437494895 0
    outer loop
      vertex -6.047125258307053 -0.37303483074728166 0
      vertex -6.105335271167624 -0.5521868290270175 6
      vertex -6.047125258307053 -0.37303483074728166 6
    endloop
  endfacet
  facet normal -0.9822872507286889 0.187381314585723 0
    outer loop
      vertex -6.011827948028284 -0.1879998503464561 0
      vertex -6.047125258307053 -0.37303483074728166 6
      vertex -6.011827948028284 -0.1879998503464561 6
    endloop
  endfacet
  facet normal -0.9980267284282716 0.06279051952931576 0
    outer loop
      vertex -6 0 0
      vertex -6.011827948028284 -0.1879998503464561 6
      vertex -6 0 6
    endloop
  endfacet
  facet normal 0.9980267284282716 -0.06279051952931576 0
    outer loop
      vertex -9 0 0
      vertex -8.988172051971716 0.1879998503464561 0
      vertex -8.988172051971716 0.1879998503464561 6
    endloop
  endfacet
  facet normal 0.9822872507286889 -0.1873813145857224 0
    outer loop
      vertex -8.988172051971716 0.1879998503464561 0
      vertex -8.952874741692947 0.3730348307472823 0
      vertex -8.952874741692947 0.3730348307472823 6
    endloop
  endfacet
  facet normal 0.9510565162951552 -0.3090169943749426 0
    outer loop
      vertex -8.952874741692947 0.3730348307472823 0
      vertex -8.894664728832378 0.5521868290270168 0
      vertex -8.894664728832378 0.5521868290270168 6
    endloop
  endfacet
  facet normal 0.9048270524660164 -0.42577929156507915 0
    outer loop
      vertex -8.894664728832378 0.5521868290270168 0
      vertex -8.814460020065795 0.722630511152573 0
      vertex -8.814460020065795 0.722630511152573 6
    endloop
  endfacet
  facet normal 0.8443279255020175 -0.5358267949789927 0
    outer loop
      vertex -8.814460020065795 0.722630511152573 0
      vertex -8.713525491562422 0.8816778784387097 0
      vertex -8.713525491562422 0.8816778784387097 6
    endloop
  endfacet
  facet normal 0.7705132427757874 -0.6374239897486919 0
    outer loop
      vertex -8.713525491562422 0.8816778784387097 0
      vertex -8.593452941132117 1.0268206588930329 0
      vertex -8.593452941132117 1.0268206588930329 6
    endloop
  endfacet
  facet normal 0.6845471059286916 -0.7289686274214088 0
    outer loop
      vertex -8.593452941132117 1.0268206588930329 0
      vertex -8.456135984623035 1.155769864163684 0
      vertex -8.456135984623035 1.155769864163684 6
    endloop
  endfacet
  facet normal 0.5877852522924724 -0.8090169943749479 0
    outer loop
      vertex -8.456135984623035 1.155769864163684 0
      vertex -8.303740192468496 1.2664918882530225 0
      vertex -8.303740192468496 1.2664918882530225 6
    endloop
  endfacet
  facet normal 0.4817536741017122 -0.8763066800438652 0
    outer loop
      vertex -8.303740192468496 1.2664918882530225 0
      vertex -8.138668937347608 1.3572405786990291 0
      vertex -8.138668937347608 1.3572405786990291 6
    endloop
  endfacet
  facet normal 0.36812455268467836 -0.9297764858882512 0
    outer loop
      vertex -8.138668937347608 1.3572405786990291 0
      vertex -7.963525491562421 1.4265847744427302 0
      vertex -7.963525491562421 1.4265847744427302 6
    endloop
  endfacet
  facet normal 0.24868988716485627 -0.9685831611286307 0
    outer loop
      vertex -7.963525491562421 1.4265847744427302 0
      vertex -7.781071971878587 1.473430876093033 0
      vertex -7.781071971878587 1.473430876093033 6
    endloop
  endfacet
  facet normal 0.1253332335643035 -0.9921147013144779 0
    outer loop
      vertex -7.781071971878587 1.473430876093033 0
      vertex -7.59418577929397 1.4970400926424072 0
      vertex -7.59418577929397 1.4970400926424072 6
    endloop
  endfacet
  facet normal 0 -1 0
    outer loop
      vertex -7.59418577929397 1.4970400926424072 0
      vertex -7.40581422070603 1.4970400926424072 0
      vertex -7.40581422070603 1.4970400926424072 6
    endloop
  endfacet
  facet normal -0.1253332335643035 -0.9921147013144779 0
    outer loop
      vertex -7.40581422070603 1.4970400926424072 0
      vertex -7.218928028121413 1.473430876093033 0
      vertex -7.218928028121413 1.473430876093033 6
    endloop
  endfacet
  facet normal -0.24868988716485627 -0.9685831611286307 0
    outer loop
      vertex -7.218928028121413 1.473430876093033 0
      vertex -7.036474508437579 1.4265847744427302 0
      vertex -7.036474508437579 1.4265847744427302 6
    endloop
  endfacet
  facet normal -0.36812455268467675 -0.929776485888252 0
    outer loop
      vertex -7.036474508437579 1.4265847744427302 0
      vertex -6.861331062652391 1.3572405786990291 0
      vertex -6.861331062652391 1.3572405786990291 6
    endloop
  endfacet
  facet normal 0.9980267284282716 -0.06279051952931576 0
    outer loop
      vertex -9 0 0
      vertex -8.988172051971716 0.1879998503464561 6
      vertex -9 0 6
    endloop
  endfacet
  facet normal 0.9822872507286889 -0.1873813145857224 0
    outer loop
      vertex -8.988172051971716 0.1879998503464561 0
      vertex -8.952874741692947 0.3730348307472823 6
      vertex -8.988172051971716 0.1879998503464561 6
    endloop
  endfacet
  facet normal 0.9510565162951552 -0.3090169943749426 0
    outer loop
      vertex -8.952874741692947 0.3730348307472823 0
      vertex -8.894664728832378 0.5521868290270168 6
      vertex -8.952874741692947 0.3730348307472823 6
    endloop
  endfacet
  facet normal 0.9048270524660164 -0.42577929156507915 0
    outer loop
      vertex -8.894664728832378 0.5521868290270168 0
      vertex -8.814460020065795 0.722630511152573 6
      vertex -8.894664728832378 0.5521868290270168 6
    endloop
  endfacet
  facet normal 0.8443279255020175 -0.5358267949789927 0
    outer loop
      vertex -8.814460020065795 0.722630511152573 0
      vertex -8.713525491562422 0.8816778784387097 6
      vertex -8.814460020065795 0.722630511152573 6
    endloop
  endfacet
  facet normal 0.7705132427757874 -0.6374239897486919 0
    outer loop
      vertex -8.713525491562422 0.8816778784387097 0
      vertex -8.593452941132117 1.0268206588930329 6
      vertex -8.713525491562422 0.8816778784387097 6
    endloop
  endfacet
  facet normal 0.6845471059286916 -0.7289686274214088 0
    outer loop
      vertex -8.593452941132117 1.0268206588930329 0
      vertex -8.456135984623035 1.155769864163684 6
      vertex -8.593452941132117 1.0268206588930329 6
    endloop
  endfacet
  facet normal 0.5877852522924724 -0.8090169943749479 0
    outer loop
      vertex -8.456135984623035 1.155769864163684 0
      vertex -8.303740192468496 1.2664918882530225 6
      vertex -8.456135984623035 1.155769864163684 6
    endloop
  endfacet
  facet normal 0.4817536741017122 -0.8763066800438652 0
    outer loop
      vertex -8.303740192468496 1.2664918882530225 0
      vertex -8.138668937347608 1.3572405786990291 6
      vertex -8.303740192468496 1.2664918882530225 6
    endloop
  endfacet
  facet normal 0.36812455268467836 -0.9297764858882512 0
    outer loop
      vertex -8.138668937347608 1.3572405786990291 0
      vertex -7.963525491562421 1.4265847744427302 6
      vertex -8.138668937347608 1.3572405786990291 6
    endloop
  endfacet
  facet normal 0.24868988716485627 -0.9685831611286307 0
    outer loop
      vertex -7.963525491562421 1.4265847744427302 0
      vertex -7.781071971878587 1.473430876093033 6
      vertex -7.963525491562421 1.4265847744427302 6
    endloop
  endfacet
  facet normal 0.1253332335643035 -0.9921147013144779 0
    outer loop
      vertex -7.781071971878587 1.473430876093033 0
      vertex -7.59418577929397 1.4970400926424072 6
      vertex -7.781071971878587 1.473430876093033 6
    endloop
  endfacet
  facet normal 0 -1 0
    outer loop
      vertex -7.59418577929397 1.4970400926424072 0
      vertex -7.40581422070603 1.4970400926424072 6
      vertex -7.59418577929397 1.4970400926424072 6
    endloop
  endfacet
  facet normal -0.1253332335643035 -0.9921147013144779 0
    outer loop
      vertex -7.40581422070603 1.4970400926424072 0
      vertex -7.218928028121413 1.473430876093033 6
      vertex -7.40581422070603 1.4970400926424072 6
    endloop
  endfacet
  facet normal -0.24868988716485627 -0.9685831611286307 0
    outer loop
      vertex -7.218928028121413 1.473430876093033 0
      vertex -7.036474508437579 1.4265847744427302 6
      vertex -7.218928028121413 1.473430876093033 6
    endloop
  endfacet
  facet normal -0.36812455268467675 -0.929776485888252 0
    outer loop
      vertex -7.036474508437579 1.4265847744427302 0
      vertex -6.861331062652391 1.3572405786990291 6
      vertex -7.036474508437579 1.4265847744427302 6
    endloop
  endfacet
  facet normal -0.9822872507286892 -0.1873813145857228 0
    outer loop
      vertex -6.011827948028284 0.1879998503464564 0
      vertex -6.011827948028284 0.1879998503464564 6
      vertex -6.047125258307053 0.37303483074728216 0
    endloop
  endfacet
  facet normal -0.9048270524660198 -0.4257792915650719 0
    outer loop
      vertex -6.105335271167623 0.552186829027017 0
      vertex -6.105335271167623 0.552186829027017 6
      vertex -6.185539979934204 0.722630511152573 0
    endloop
  endfacet
  facet normal -0.951056516295154 -0.30901699437494634 0
    outer loop
      vertex -6.047125258307053 0.37303483074728216 0
      vertex -6.047125258307053 0.37303483074728216 6
      vertex -6.105335271167623 0.552186829027017 0
    endloop
  endfacet
  facet normal -0.8443279255020155 -0.5358267949789961 0
    outer loop
      vertex -6.286474508437578 0.8816778784387097 0
      vertex -6.185539979934204 0.722630511152573 0
      vertex -6.185539979934204 0.722630511152573 6
    endloop
  endfacet
  facet normal -0.6845471059286878 -0.7289686274214121 0
    outer loop
      vertex -6.406547058867883 1.026820658893033 0
      vertex -6.406547058867883 1.026820658893033 6
      vertex -6.543864015376966 1.1557698641636838 0
    endloop
  endfacet
  facet normal -0.5877852522924731 -0.8090169943749475 0
    outer loop
      vertex -6.696259807531505 1.2664918882530225 0
      vertex -6.543864015376966 1.1557698641636838 0
      vertex -6.543864015376966 1.1557698641636838 6
    endloop
  endfacet
  facet normal -0.48175367410171616 -0.8763066800438631 0
    outer loop
      vertex -6.861331062652391 1.3572405786990291 0
      vertex -6.696259807531505 1.2664918882530225 0
      vertex -6.696259807531505 1.2664918882530225 6
    endloop
  endfacet
  facet normal -0.7705132427757879 -0.6374239897486913 0
    outer loop
      vertex -6.406547058867883 1.026820658893033 0
      vertex -6.286474508437578 0.8816778784387097 0
      vertex -6.286474508437578 0.8816778784387097 6
    endloop
  endfacet
  facet normal -0.9980267284282716 -0.06279051952931566 0
    outer loop
      vertex -6 0 0
      vertex -6 0 6
      vertex -6.011827948028284 0.1879998503464564 0
    endloop
  endfacet
  facet normal -0.9822872507286892 -0.1873813145857228 0
    outer loop
      vertex -6.047125258307053 0.37303483074728216 0
      vertex -6.011827948028284 0.1879998503464564 6
      vertex -6.047125258307053 0.37303483074728216 6
    endloop
  endfacet
  facet normal -0.8443279255020155 -0.5358267949789961 0
    outer loop
      vertex -6.286474508437578 0.8816778784387097 0
      vertex -6.185539979934204 0.722630511152573 6
      vertex -6.286474508437578 0.8816778784387097 6
    endloop
  endfacet
  facet normal -0.951056516295154 -0.30901699437494634 0
    outer loop
      vertex -6.105335271167623 0.552186829027017 0
      vertex -6.047125258307053 0.37303483074728216 6
      vertex -6.105335271167623 0.552186829027017 6
    endloop
  endfacet
  facet normal -0.9048270524660198 -0.4257792915650719 0
    outer loop
      vertex -6.185539979934204 0.722630511152573 0
      vertex -6.105335271167623 0.552186829027017 6
      vertex -6.185539979934204 0.722630511152573 6
    endloop
  endfacet
  facet normal -0.5877852522924731 -0.8090169943749475 0
    outer loop
      vertex -6.696259807531505 1.2664918882530225 0
      vertex -6.543864015376966 1.1557698641636838 6
      vertex -6.696259807531505 1.2664918882530225 6
    endloop
  endfacet
  facet normal -0.6845471059286878 -0.7289686274214121 0
    outer loop
      vertex -6.543864015376966 1.1557698641636838 0
      vertex -6.406547058867883 1.026820658893033 6
      vertex -6.543864015376966 1.1557698641636838 6
    endloop
  endfacet
  facet normal -0.48175367410171616 -0.8763066800438631 0
    outer loop
      vertex -6.861331062652391 1.3572405786990291 0
      vertex -6.696259807531505 1.2664918882530225 6
      vertex -6.861331062652391 1.3572405786990291 6
    endloop
  endfacet
  facet normal -0.7705132427757879 -0.6374239897486913 0
    outer loop
      vertex -6.406547058867883 1.026820658893033 0
      vertex -6.286474508437578 0.8816778784387097 6
      vertex -6.406547058867883 1.026820658893033 6
    endloop
  endfacet
  facet normal -0.9980267284282716 -0.06279051952931566 0
    outer loop
      vertex -6.011827948028284 0.1879998503464564 0
      vertex -6 0 6
      vertex -6.011827948028284 0.1879998503464564 6
    endloop
  endfacet
  facet normal 0.36812455268467736 0.9297764858882518 0
    outer loop
      vertex 6.9128677106876 -1.8070073809607916 0
      vertex 6.9128677106876 -1.8070073809607916 -6
      vertex 6.691019346026362 -1.7191713996854372 -6
    endloop
  endfacet
  facet normal 0.7705132427757913 0.6374239897486872 0
    outer loop
      vertex 5.9628677106876005 -1.1167919793556988 0
      vertex 6.114959607899317 -1.300639501264508 -6
      vertex 5.9628677106876005 -1.1167919793556988 -6
    endloop
  endfacet
  facet normal 0.8443279255020149 0.5358267949789968 0
    outer loop
      vertex 5.83501730791666 -0.9153319807932592 0
      vertex 5.9628677106876005 -1.1167919793556988 -6
      vertex 5.83501730791666 -0.9153319807932592 -6
    endloop
  endfacet
  facet normal 0.9048270524660181 0.4257792915650754 0
    outer loop
      vertex 5.733424676812322 -0.699436650100888 0
      vertex 5.83501730791666 -0.9153319807932592 -6
      vertex 5.733424676812322 -0.699436650100888 -6
    endloop
  endfacet
  facet normal 0.951056516295154 0.3090169943749463 0
    outer loop
      vertex 5.659691993855601 -0.4725107856132242 0
      vertex 5.733424676812322 -0.699436650100888 -6
      vertex 5.659691993855601 -0.4725107856132242 -6
    endloop
  endfacet
  facet normal 0.9822872507286886 0.1873813145857253 0
    outer loop
      vertex 5.614982067502492 -0.2381331437721777 0
      vertex 5.659691993855601 -0.4725107856132242 -6
      vertex 5.614982067502492 -0.2381331437721777 -6
    endloop
  endfacet
  facet normal 0.9980267284282716 0.06279051952931428 0
    outer loop
      vertex 5.6 0 0
      vertex 5.614982067502492 -0.2381331437721777 -6
      vertex 5.6 0 -6
    endloop
  endfacet
  facet normal 0.5877852522924734 0.8090169943749472 0
    outer loop
      vertex 6.481929089539906 -1.6042230584538284 0
      vertex 6.481929089539906 -1.6042230584538284 -6
      vertex 6.28889441947749 -1.4639751612739997 -6
    endloop
  endfacet
  facet normal 0.6845471059286875 0.7289686274214124 0
    outer loop
      vertex 6.28889441947749 -1.4639751612739997 0
      vertex 6.28889441947749 -1.4639751612739997 -6
      vertex 6.114959607899317 -1.300639501264508 -6
    endloop
  endfacet
  facet normal 0.4817536741017158 0.8763066800438633 0
    outer loop
      vertex 6.691019346026362 -1.7191713996854372 0
      vertex 6.691019346026362 -1.7191713996854372 -6
      vertex 6.481929089539906 -1.6042230584538284 -6
    endloop
  endfacet
  facet normal 0.36812455268467736 0.9297764858882518 0
    outer loop
      vertex 6.691019346026362 -1.7191713996854372 0
      vertex 6.9128677106876 -1.8070073809607916 0
      vertex 6.691019346026362 -1.7191713996854372 -6
    endloop
  endfacet
  facet normal 0.8443279255020149 0.5358267949789968 0
    outer loop
      vertex 5.83501730791666 -0.9153319807932592 0
      vertex 5.9628677106876005 -1.1167919793556988 0
      vertex 5.9628677106876005 -1.1167919793556988 -6
    endloop
  endfacet
  facet normal 0.951056516295154 0.3090169943749463 0
    outer loop
      vertex 5.733424676812322 -0.699436650100888 0
      vertex 5.733424676812322 -0.699436650100888 -6
      vertex 5.659691993855601 -0.4725107856132242 0
    endloop
  endfacet
  facet normal 0.9048270524660181 0.4257792915650754 0
    outer loop
      vertex 5.83501730791666 -0.9153319807932592 0
      vertex 5.83501730791666 -0.9153319807932592 -6
      vertex 5.733424676812322 -0.699436650100888 0
    endloop
  endfacet
  facet normal 0.9822872507286886 0.1873813145857253 0
    outer loop
      vertex 5.614982067502492 -0.2381331437721777 0
      vertex 5.659691993855601 -0.4725107856132242 0
      vertex 5.659691993855601 -0.4725107856132242 -6
    endloop
  endfacet
  facet normal 0.9980267284282716 0.06279051952931428 0
    outer loop
      vertex 5.614982067502492 -0.2381331437721777 0
      vertex 5.614982067502492 -0.2381331437721777 -6
      vertex 5.6 0 0
    endloop
  endfacet
  facet normal 0.6845471059286875 0.7289686274214124 0
    outer loop
      vertex 6.114959607899317 -1.300639501264508 0
      vertex 6.28889441947749 -1.4639751612739997 0
      vertex 6.114959607899317 -1.300639501264508 -6
    endloop
  endfacet
  facet normal 0.5877852522924734 0.8090169943749472 0
    outer loop
      vertex 6.28889441947749 -1.4639751612739997 0
      vertex 6.481929089539906 -1.6042230584538284 0
      vertex 6.28889441947749 -1.4639751612739997 -6
    endloop
  endfacet
  facet normal 0.7705132427757913 0.6374239897486872 0
    outer loop
      vertex 6.114959607899317 -1.300639501264508 0
      vertex 6.114959607899317 -1.300639501264508 -6
      vertex 5.9628677106876005 -1.1167919793556988 0
    endloop
  endfacet
  facet normal 0.4817536741017158 0.8763066800438633 0
    outer loop
      vertex 6.691019346026362 -1.7191713996854372 0
      vertex 6.481929089539906 -1.6042230584538284 -6
      vertex 6.481929089539906 -1.6042230584538284 0
    endloop
  endfacet
  facet normal 0.2486898871648549 0.9685831611286311 0
    outer loop
      vertex 7.143975502287123 -1.8663457763845084 0
      vertex 7.143975502287123 -1.8663457763845084 -6
      vertex 6.9128677106876 -1.8070073809607916 -6
    endloop
  endfacet
  facet normal 0.12533323356430484 0.9921147013144777 0
    outer loop
      vertex 7.380698012894304 -1.896250784013716 0
      vertex 7.380698012894304 -1.896250784013716 -6
      vertex 7.143975502287123 -1.8663457763845084 -6
    endloop
  endfacet
  facet normal 0 1 0
    outer loop
      vertex 7.619301987105696 -1.896250784013716 0
      vertex 7.619301987105696 -1.896250784013716 -6
      vertex 7.380698012894304 -1.896250784013716 -6
    endloop
  endfacet
  facet normal -0.12533323356430484 0.9921147013144777 0
    outer loop
      vertex 7.856024497712877 -1.8663457763845084 0
      vertex 7.856024497712877 -1.8663457763845084 -6
      vertex 7.619301987105696 -1.896250784013716 -6
    endloop
  endfacet
  facet normal -0.2486898871648549 0.9685831611286311 0
    outer loop
      vertex 8.0871322893124 -1.8070073809607916 0
      vertex 8.0871322893124 -1.8070073809607916 -6
      vertex 7.856024497712877 -1.8663457763845084 -6
    endloop
  endfacet
  facet normal -0.36812455268467736 0.9297764858882518 0
    outer loop
      vertex 8.308980653973638 -1.7191713996854372 0
      vertex 8.308980653973638 -1.7191713996854372 -6
      vertex 8.0871322893124 -1.8070073809607916 -6
    endloop
  endfacet
  facet normal -0.48175367410171527 0.8763066800438636 0
    outer loop
      vertex 8.518070910460093 -1.604223058453829 0
      vertex 8.518070910460093 -1.604223058453829 -6
      vertex 8.308980653973638 -1.7191713996854372 -6
    endloop
  endfacet
  facet normal -0.5877852522924752 0.809016994374946 0
    outer loop
      vertex 8.71110558052251 -1.463975161273999 0
      vertex 8.71110558052251 -1.463975161273999 -6
      vertex 8.518070910460093 -1.604223058453829 -6
    endloop
  endfacet
  facet normal -0.6845471059286861 0.728968627421414 0
    outer loop
      vertex 8.885040392100683 -1.300639501264508 0
      vertex 8.885040392100683 -1.300639501264508 -6
      vertex 8.71110558052251 -1.463975161273999 -6
    endloop
  endfacet
  facet normal -0.7705132427757913 0.6374239897486872 0
    outer loop
      vertex 8.885040392100683 -1.300639501264508 0
      vertex 9.0371322893124 -1.1167919793556988 -6
      vertex 8.885040392100683 -1.300639501264508 -6
    endloop
  endfacet
  facet normal -0.8443279255020149 0.5358267949789968 0
    outer loop
      vertex 9.0371322893124 -1.1167919793556988 0
      vertex 9.16498269208334 -0.9153319807932592 -6
      vertex 9.0371322893124 -1.1167919793556988 -6
    endloop
  endfacet
  facet normal -0.9048270524660189 0.42577929156507377 0
    outer loop
      vertex 9.16498269208334 -0.9153319807932592 0
      vertex 9.266575323187677 -0.6994366501008888 -6
      vertex 9.16498269208334 -0.9153319807932592 -6
    endloop
  endfacet
  facet normal -0.9510565162951535 0.3090169943749477 0
    outer loop
      vertex 9.266575323187677 -0.6994366501008888 0
      vertex 9.340308006144399 -0.4725107856132234 -6
      vertex 9.266575323187677 -0.6994366501008888 -6
    endloop
  endfacet
  facet normal -0.9822872507286884 0.18738131458572588 0
    outer loop
      vertex 9.340308006144399 -0.4725107856132234 0
      vertex 9.385017932497508 -0.2381331437721777 -6
      vertex 9.340308006144399 -0.4725107856132234 -6
    endloop
  endfacet
  facet normal -0.9980267284282716 0.06279051952931428 0
    outer loop
      vertex 9.385017932497508 -0.2381331437721777 0
      vertex 9.4 0 -6
      vertex 9.385017932497508 -0.2381331437721777 -6
    endloop
  endfacet
  facet normal 0.2486898871648549 0.9685831611286311 0
    outer loop
      vertex 6.9128677106876 -1.8070073809607916 0
      vertex 7.143975502287123 -1.8663457763845084 0
      vertex 6.9128677106876 -1.8070073809607916 -6
    endloop
  endfacet
  facet normal 0.12533323356430484 0.9921147013144777 0
    outer loop
      vertex 7.143975502287123 -1.8663457763845084 0
      vertex 7.380698012894304 -1.896250784013716 0
      vertex 7.143975502287123 -1.8663457763845084 -6
    endloop
  endfacet
  facet normal 0 1 0
    outer loop
      vertex 7.380698012894304 -1.896250784013716 0
      vertex 7.619301987105696 -1.896250784013716 0
      vertex 7.380698012894304 -1.896250784013716 -6
    endloop
  endfacet
  facet normal -0.12533323356430484 0.9921147013144777 0
    outer loop
      vertex 7.619301987105696 -1.896250784013716 0
      vertex 7.856024497712877 -1.8663457763845084 0
      vertex 7.619301987105696 -1.896250784013716 -6
    endloop
  endfacet
  facet normal -0.2486898871648549 0.9685831611286311 0
    outer loop
      vertex 7.856024497712877 -1.8663457763845084 0
      vertex 8.0871322893124 -1.8070073809607916 0
      vertex 7.856024497712877 -1.8663457763845084 -6
    endloop
  endfacet
  facet normal -0.36812455268467736 0.9297764858882518 0
    outer loop
      vertex 8.0871322893124 -1.8070073809607916 0
      vertex 8.308980653973638 -1.7191713996854372 0
      vertex 8.0871322893124 -1.8070073809607916 -6
    endloop
  endfacet
  facet normal -0.48175367410171527 0.8763066800438636 0
    outer loop
      vertex 8.308980653973638 -1.7191713996854372 0
      vertex 8.518070910460093 -1.604223058453829 0
      vertex 8.308980653973638 -1.7191713996854372 -6
    endloop
  endfacet
  facet normal -0.5877852522924752 0.809016994374946 0
    outer loop
      vertex 8.518070910460093 -1.604223058453829 0
      vertex 8.71110558052251 -1.463975161273999 0
      vertex 8.518070910460093 -1.604223058453829 -6
    endloop
  endfacet
  facet normal -0.6845471059286861 0.728968627421414 0
    outer loop
      vertex 8.71110558052251 -1.463975161273999 0
      vertex 8.885040392100683 -1.300639501264508 0
      vertex 8.71110558052251 -1.463975161273999 -6
    endloop
  endfacet
  facet normal -0.7705132427757913 0.6374239897486872 0
    outer loop
      vertex 8.885040392100683 -1.300639501264508 0
      vertex 9.0371322893124 -1.1167919793556988 0
      vertex 9.0371322893124 -1.1167919793556988 -6
    endloop
  endfacet
  facet normal -0.8443279255020149 0.5358267949789968 0
    outer loop
      vertex 9.0371322893124 -1.1167919793556988 0
      vertex 9.16498269208334 -0.9153319807932592 0
      vertex 9.16498269208334 -0.9153319807932592 -6
    endloop
  endfacet
  facet normal -0.9048270524660189 0.42577929156507377 0
    outer loop
      vertex 9.16498269208334 -0.9153319807932592 0
      vertex 9.266575323187677 -0.6994366501008888 0
      vertex 9.266575323187677 -0.6994366501008888 -6
    endloop
  endfacet
  facet normal -0.9510565162951535 0.3090169943749477 0
    outer loop
      vertex 9.266575323187677 -0.6994366501008888 0
      vertex 9.340308006144399 -0.4725107856132234 0
      vertex 9.340308006144399 -0.4725107856132234 -6
    endloop
  endfacet
  facet normal -0.9822872507286884 0.18738131458572588 0
    outer loop
      vertex 9.340308006144399 -0.4725107856132234 0
      vertex 9.385017932497508 -0.2381331437721777 0
      vertex 9.385017932497508 -0.2381331437721777 -6
    endloop
  endfacet
  facet normal -0.9980267284282716 0.06279051952931428 0
    outer loop
      vertex 9.385017932497508 -0.2381331437721777 0
      vertex 9.4 0 0
      vertex 9.4 0 -6
    endloop
  endfacet
  facet normal 0 0 -1
    outer loop
      vertex 5.9628677106876005 -1.1167919793556988 0
      vertex 6.011827948028284 -0.1879998503464561 0
      vertex 6.047125258307053 -0.3730348307472823 0
    endloop
  endfacet
  facet normal 0 0 -1
    outer loop
      vertex 5.9628677106876005 -1.1167919793556988 0
      vertex 6 0 0
      vertex 6.011827948028284 -0.1879998503464561 0
    endloop
  endfacet
  facet normal 0 0 -1
    outer loop
      vertex 5.733424676812322 -0.699436650100888 0
      vertex 5.659691993855601 -0.4725107856132242 0
      vertex 5.659691993855601 0.4725107856132242 0
    endloop
  endfacet
  facet normal 0 0 -1
    outer loop
      vertex 5.83501730791666 -0.9153319807932592 0
      vertex 5.733424676812322 -0.699436650100888 0
      vertex 5.733424676812322 0.699436650100888 0
    endloop
  endfacet
  facet normal 0 0 -1
    outer loop
      vertex 5.614982067502492 -0.2381331437721777 0
      vertex 5.614982067502492 0.2381331437721777 0
      vertex 5.659691993855601 -0.4725107856132242 0
    endloop
  endfacet
  facet normal 0 0 -1
    outer loop
      vertex 5.83501730791666 -0.9153319807932592 0
      vertex 5.83501730791666 0.9153319807932592 0
      vertex 5.9628677106876005 -1.1167919793556988 0
    endloop
  endfacet
  facet normal 0 0 -1
    outer loop
      vertex 6.28889441947749 -1.4639751612739997 0
      vertex 6.543864015376966 -1.155769864163684 0
      vertex 6.481929089539906 -1.6042230584538284 0
    endloop
  endfacet
  facet normal 0 0 -1
    outer loop
      vertex 6.114959607899317 -1.300639501264508 0
      vertex 6.286474508437578 -0.8816778784387097 0
      vertex 6.28889441947749 -1.4639751612739997 0
    endloop
  endfacet
  facet normal 0 0 -1
    outer loop
      vertex 6.114959607899317 -1.300639501264508 0
      vertex 5.9628677106876005 -1.1167919793556988 0
      vertex 6.105335271167623 -0.5521868290270168 0
    endloop
  endfacet
  facet normal 0 0 -1
    outer loop
      vertex 6.114959607899317 -1.300639501264508 0
      vertex 6.185539979934205 -0.722630511152573 0
      vertex 6.286474508437578 -0.8816778784387097 0
    endloop
  endfacet
  facet normal 0 0 -1
    outer loop
      vertex 6.114959607899317 -1.300639501264508 0
      vertex 6.105335271167623 -0.5521868290270168 0
      vertex 6.185539979934205 -0.722630511152573 0
    endloop
  endfacet
  facet normal 0 0 -1
    outer loop
      vertex 6.28889441947749 -1.4639751612739997 0
      vertex 6.286474508437578 -0.8816778784387097 0
      vertex 6.406547058867883 -1.0268206588930329 0
    endloop
  endfacet
  facet normal 0 0 -1
    outer loop
      vertex 6.28889441947749 -1.4639751612739997 0
      vertex 6.406547058867883 -1.0268206588930329 0
      vertex 6.543864015376966 -1.155769864163684 0
    endloop
  endfacet
  facet normal 0 0 -1
    outer loop
      vertex 6.691019346026362 -1.7191713996854372 0
      vertex 6.481929089539906 -1.6042230584538284 0
      vertex 6.696259807531505 -1.2664918882530225 0
    endloop
  endfacet
  facet normal 0 0 -1
    outer loop
      vertex 6.481929089539906 -1.6042230584538284 0
      vertex 6.543864015376966 -1.155769864163684 0
      vertex 6.696259807531505 -1.2664918882530225 0
    endloop
  endfacet
  facet normal 0 0 -1
    outer loop
      vertex 6.691019346026362 -1.7191713996854372 0
      vertex 6.861331062652392 -1.3572405786990294 0
      vertex 7.036474508437579 -1.4265847744427302 0
    endloop
  endfacet
  facet normal 0 0 -1
    outer loop
      vertex 6.691019346026362 -1.7191713996854372 0
      vertex 6.696259807531505 -1.2664918882530225 0
      vertex 6.861331062652392 -1.3572405786990294 0
    endloop
  endfacet
  facet normal 0 0 -1
    outer loop
      vertex 5.9628677106876005 -1.1167919793556988 0
      vertex 6.047125258307053 -0.3730348307472823 0
      vertex 6.105335271167623 -0.5521868290270168 0
    endloop
  endfacet
  facet normal 0 0 -1
    outer loop
      vertex 6.9128677106876 -1.8070073809607916 0
      vertex 7.218928028121413 -1.4734308760930328 0
      vertex 7.143975502287123 -1.8663457763845084 0
    endloop
  endfacet
  facet normal 0 0 -1
    outer loop
      vertex 7.143975502287123 -1.8663457763845084 0
      vertex 7.405814220706029 -1.4970400926424072 0
      vertex 7.380698012894304 -1.896250784013716 0
    endloop
  endfacet
  facet normal 0 0 -1
    outer loop
      vertex 7.380698012894304 -1.896250784013716 0
      vertex 7.594185779293971 -1.4970400926424072 0
      vertex 7.619301987105696 -1.896250784013716 0
    endloop
  endfacet
  facet normal 0 0 -1
    outer loop
      vertex 7.619301987105696 -1.896250784013716 0
      vertex 7.781071971878587 -1.4734308760930328 0
      vertex 7.856024497712877 -1.8663457763845084 0
    endloop
  endfacet
  facet normal 0 0 -1
    outer loop
      vertex 6.691019346026362 -1.7191713996854372 0
      vertex 7.036474508437579 -1.4265847744427302 0
      vertex 6.9128677106876 -1.8070073809607916 0
    endloop
  endfacet
  facet normal 0 0 -1
    outer loop
      vertex 6.9128677106876 -1.8070073809607916 0
      vertex 7.036474508437579 -1.4265847744427302 0
      vertex 7.218928028121413 -1.4734308760930328 0
    endloop
  endfacet
  facet normal 0 0 -1
    outer loop
      vertex 7.143975502287123 -1.8663457763845084 0
      vertex 7.218928028121413 -1.4734308760930328 0
      vertex 7.405814220706029 -1.4970400926424072 0
    endloop
  endfacet
  facet normal 0 0 -1
    outer loop
      vertex 7.380698012894304 -1.896250784013716 0
      vertex 7.405814220706029 -1.4970400926424072 0
      vertex 7.594185779293971 -1.4970400926424072 0
    endloop
  endfacet
  facet normal 0 0 -1
    outer loop
      vertex 7.619301987105696 -1.896250784013716 0
      vertex 7.594185779293971 -1.4970400926424072 0
      vertex 7.781071971878587 -1.4734308760930328 0
    endloop
  endfacet
  facet normal 0 0 -1
    outer loop
      vertex 7.856024497712877 -1.8663457763845084 0
      vertex 7.781071971878587 -1.4734308760930328 0
      vertex 7.963525491562421 -1.4265847744427302 0
    endloop
  endfacet
  facet normal 0 0 -1
    outer loop
      vertex 7.856024497712877 -1.8663457763845084 0
      vertex 7.963525491562421 -1.4265847744427302 0
      vertex 8.0871322893124 -1.8070073809607916 0
    endloop
  endfacet
  facet normal 0 0 -1
    outer loop
      vertex 8.0871322893124 -1.8070073809607916 0
      vertex 7.963525491562421 -1.4265847744427302 0
      vertex 8.138668937347608 -1.3572405786990294 0
    endloop
  endfacet
  facet normal 0 0 -1
    outer loop
      vertex 8.0871322893124 -1.8070073809607916 0
      vertex 8.138668937347608 -1.3572405786990294 0
      vertex 8.308980653973638 -1.7191713996854372 0
    endloop
  endfacet
  facet normal 0 0 -1
    outer loop
      vertex 8.308980653973638 -1.7191713996854372 0
      vertex 8.138668937347608 -1.3572405786990294 0
      vertex 8.303740192468494 -1.266491888253023 0
    endloop
  endfacet
  facet normal 0 0 -1
    outer loop
      vertex 8.308980653973638 -1.7191713996854372 0
      vertex 8.303740192468494 -1.266491888253023 0
      vertex 8.456135984623035 -1.1557698641636835 0
    endloop
  endfacet
  facet normal 0 0 -1
    outer loop
      vertex 8.308980653973638 -1.7191713996854372 0
      vertex 8.456135984623035 -1.1557698641636835 0
      vertex 8.518070910460093 -1.604223058453829 0
    endloop
  endfacet
  facet normal 0 0 -1
    outer loop
      vertex 8.518070910460093 -1.604223058453829 0
      vertex 8.456135984623035 -1.1557698641636835 0
      vertex 8.593452941132117 -1.0268206588930329 0
    endloop
  endfacet
  facet normal 0 0 -1
    outer loop
      vertex 8.518070910460093 -1.604223058453829 0
      vertex 8.593452941132117 -1.0268206588930329 0
      vertex 8.71110558052251 -1.463975161273999 0
    endloop
  endfacet
  facet normal 0 0 -1
    outer loop
      vertex 8.71110558052251 -1.463975161273999 0
      vertex 8.593452941132117 -1.0268206588930329 0
      vertex 8.713525491562422 -0.8816778784387097 0
    endloop
  endfacet
  facet normal 0 0 -1
    outer loop
      vertex 8.71110558052251 -1.463975161273999 0
      vertex 8.713525491562422 -0.8816778784387097 0
      vertex 8.885040392100683 -1.300639501264508 0
    endloop
  endfacet
  facet normal 0 0 -1
    outer loop
      vertex 8.885040392100683 -1.300639501264508 0
      vertex 8.713525491562422 -0.8816778784387097 0
      vertex 8.814460020065795 -0.722630511152573 0
    endloop
  endfacet
  facet normal 0 0 -1
    outer loop
      vertex 8.885040392100683 -1.300639501264508 0
      vertex 8.814460020065795 -0.722630511152573 0
      vertex 8.894664728832376 -0.5521868290270175 0
    endloop
  endfacet
  facet normal 0 0 -1
    outer loop
      vertex 8.885040392100683 -1.300639501264508 0
      vertex 8.894664728832376 -0.5521868290270175 0
      vertex 9.0371322893124 -1.1167919793556988 0
    endloop
  endfacet
  facet normal 0 0 -1
    outer loop
      vertex 8.894664728832376 -0.5521868290270175 0
      vertex 8.952874741692947 -0.37303483074728166 0
      vertex 9.0371322893124 -1.1167919793556988 0
    endloop
  endfacet
  facet normal 0 0 -1
    outer loop
      vertex 8.952874741692947 -0.37303483074728166 0
      vertex 8.988172051971716 -0.1879998503464561 0
      vertex 9.0371322893124 -1.1167919793556988 0
    endloop
  endfacet
  facet normal 0 0 -1
    outer loop
      vertex 8.988172051971716 -0.1879998503464561 0
      vertex 9 0 0
      vertex 9.0371322893124 -1.1167919793556988 0
    endloop
  endfacet
  facet normal 0 0 -1
    outer loop
      vertex 9.0371322893124 -1.1167919793556988 0
      vertex 9.0371322893124 1.1167919793556988 0
      vertex 9.16498269208334 -0.9153319807932592 0
    endloop
  endfacet
  facet normal 0 0 -1
    outer loop
      vertex 9.16498269208334 -0.9153319807932592 0
      vertex 9.16498269208334 0.9153319807932591 0
      vertex 9.266575323187677 -0.6994366501008888 0
    endloop
  endfacet
  facet normal 0 0 -1
    outer loop
      vertex 9.266575323187677 -0.6994366501008888 0
      vertex 9.266575323187677 0.6994366501008881 0
      vertex 9.340308006144399 -0.4725107856132234 0
    endloop
  endfacet
  facet normal 0 0 -1
    outer loop
      vertex 9.340308006144399 -0.4725107856132234 0
      vertex 9.340308006144399 0.47251078561322407 0
      vertex 9.385017932497508 -0.2381331437721777 0
    endloop
  endfacet
  facet normal 0.9980267284282716 -0.06279051952931428 0
    outer loop
      vertex 5.614982067502492 0.2381331437721777 0
      vertex 5.6 0 -6
      vertex 5.614982067502492 0.2381331437721777 -6
    endloop
  endfacet
  facet normal 0.9822872507286886 -0.1873813145857253 0
    outer loop
      vertex 5.659691993855601 0.4725107856132242 0
      vertex 5.614982067502492 0.2381331437721777 -6
      vertex 5.659691993855601 0.4725107856132242 -6
    endloop
  endfacet
  facet normal 0.951056516295154 -0.3090169943749463 0
    outer loop
      vertex 5.733424676812322 0.699436650100888 0
      vertex 5.659691993855601 0.4725107856132242 -6
      vertex 5.733424676812322 0.699436650100888 -6
    endloop
  endfacet
  facet normal 0.9048270524660181 -0.4257792915650754 0
    outer loop
      vertex 5.83501730791666 0.9153319807932592 0
      vertex 5.733424676812322 0.699436650100888 -6
      vertex 5.83501730791666 0.9153319807932592 -6
    endloop
  endfacet
  facet normal 0.8443279255020149 -0.5358267949789968 0
    outer loop
      vertex 5.9628677106876005 1.1167919793556988 0
      vertex 5.83501730791666 0.9153319807932592 -6
      vertex 5.9628677106876005 1.1167919793556988 -6
    endloop
  endfacet
  facet normal 0.7705132427757913 -0.6374239897486872 0
    outer loop
      vertex 6.114959607899317 1.300639501264508 0
      vertex 5.9628677106876005 1.1167919793556988 -6
      vertex 6.114959607899317 1.300639501264508 -6
    endloop
  endfacet
  facet normal 0.6845471059286875 -0.7289686274214124 0
    outer loop
      vertex 6.114959607899317 1.300639501264508 0
      vertex 6.114959607899317 1.300639501264508 -6
      vertex 6.28889441947749 1.4639751612739997 -6
    endloop
  endfacet
  facet normal 0.5877852522924734 -0.8090169943749472 0
    outer loop
      vertex 6.28889441947749 1.4639751612739997 0
      vertex 6.28889441947749 1.4639751612739997 -6
      vertex 6.481929089539906 1.6042230584538284 -6
    endloop
  endfacet
  facet normal 0.4817536741017151 -0.8763066800438637 0
    outer loop
      vertex 6.481929089539906 1.6042230584538284 0
      vertex 6.481929089539906 1.6042230584538284 -6
      vertex 6.691019346026362 1.719171399685437 -6
    endloop
  endfacet
  facet normal 0.3681245526846781 -0.9297764858882513 0
    outer loop
      vertex 6.691019346026362 1.719171399685437 0
      vertex 6.691019346026362 1.719171399685437 -6
      vertex 6.9128677106876 1.8070073809607916 -6
    endloop
  endfacet
  facet normal 0.9980267284282716 -0.06279051952931428 0
    outer loop
      vertex 5.6 0 0
      vertex 5.6 0 -6
      vertex 5.614982067502492 0.2381331437721777 0
    endloop
  endfacet
  facet normal 0.9822872507286886 -0.1873813145857253 0
    outer loop
      vertex 5.614982067502492 0.2381331437721777 0
      vertex 5.614982067502492 0.2381331437721777 -6
      vertex 5.659691993855601 0.4725107856132242 0
    endloop
  endfacet
  facet normal 0.951056516295154 -0.3090169943749463 0
    outer loop
      vertex 5.659691993855601 0.4725107856132242 0
      vertex 5.659691993855601 0.4725107856132242 -6
      vertex 5.733424676812322 0.699436650100888 0
    endloop
  endfacet
  facet normal 0.9048270524660181 -0.4257792915650754 0
    outer loop
      vertex 5.733424676812322 0.699436650100888 0
      vertex 5.733424676812322 0.699436650100888 -6
      vertex 5.83501730791666 0.9153319807932592 0
    endloop
  endfacet
  facet normal 0.8443279255020149 -0.5358267949789968 0
    outer loop
      vertex 5.83501730791666 0.9153319807932592 0
      vertex 5.83501730791666 0.9153319807932592 -6
      vertex 5.9628677106876005 1.1167919793556988 0
    endloop
  endfacet
  facet normal 0.7705132427757913 -0.6374239897486872 0
    outer loop
      vertex 5.9628677106876005 1.1167919793556988 0
      vertex 5.9628677106876005 1.1167919793556988 -6
      vertex 6.114959607899317 1.300639501264508 0
    endloop
  endfacet
  facet normal 0.6845471059286875 -0.7289686274214124 0
    outer loop
      vertex 6.114959607899317 1.300639501264508 0
      vertex 6.28889441947749 1.4639751612739997 -6
      vertex 6.28889441947749 1.4639751612739997 0
    endloop
  endfacet
  facet normal 0.5877852522924734 -0.8090169943749472 0
    outer loop
      vertex 6.28889441947749 1.4639751612739997 0
      vertex 6.481929089539906 1.6042230584538284 -6
      vertex 6.481929089539906 1.6042230584538284 0
    endloop
  endfacet
  facet normal 0.4817536741017151 -0.8763066800438637 0
    outer loop
      vertex 6.481929089539906 1.6042230584538284 0
      vertex 6.691019346026362 1.719171399685437 -6
      vertex 6.691019346026362 1.719171399685437 0
    endloop
  endfacet
  facet normal 0.3681245526846781 -0.9297764858882513 0
    outer loop
      vertex 6.691019346026362 1.719171399685437 0
      vertex 6.9128677106876 1.8070073809607916 -6
      vertex 6.9128677106876 1.8070073809607916 0
    endloop
  endfacet
  facet normal -0.481753674101716 -0.8763066800438633 0
    outer loop
      vertex 8.308980653973638 1.719171399685437 0
      vertex 8.308980653973638 1.719171399685437 -6
      vertex 8.518070910460093 1.6042230584538286 -6
    endloop
  endfacet
  facet normal -0.5877852522924734 -0.8090169943749472 0
    outer loop
      vertex 8.518070910460093 1.6042230584538286 0
      vertex 8.518070910460093 1.6042230584538286 -6
      vertex 8.71110558052251 1.4639751612739993 -6
    endloop
  endfacet
  facet normal 0.2486898871648549 -0.9685831611286311 0
    outer loop
      vertex 6.9128677106876 1.8070073809607916 0
      vertex 6.9128677106876 1.8070073809607916 -6
      vertex 7.143975502287123 1.8663457763845084 -6
    endloop
  endfacet
  facet normal 0.1253332335643044 -0.9921147013144779 0
    outer loop
      vertex 7.143975502287123 1.8663457763845084 0
      vertex 7.143975502287123 1.8663457763845084 -6
      vertex 7.380698012894305 1.896250784013716 -6
    endloop
  endfacet
  facet normal 0 -1 0
    outer loop
      vertex 7.380698012894305 1.896250784013716 0
      vertex 7.380698012894305 1.896250784013716 -6
      vertex 7.619301987105695 1.896250784013716 -6
    endloop
  endfacet
  facet normal -0.1253332335643044 -0.9921147013144779 0
    outer loop
      vertex 7.619301987105695 1.896250784013716 0
      vertex 7.619301987105695 1.896250784013716 -6
      vertex 7.856024497712877 1.8663457763845084 -6
    endloop
  endfacet
  facet normal -0.2486898871648549 -0.9685831611286311 0
    outer loop
      vertex 7.856024497712877 1.8663457763845084 0
      vertex 7.856024497712877 1.8663457763845084 -6
      vertex 8.0871322893124 1.8070073809607916 -6
    endloop
  endfacet
  facet normal -0.3681245526846781 -0.9297764858882513 0
    outer loop
      vertex 8.0871322893124 1.8070073809607916 0
      vertex 8.0871322893124 1.8070073809607916 -6
      vertex 8.308980653973638 1.719171399685437 -6
    endloop
  endfacet
  facet normal -0.9980267284282716 -0.06279051952931418 0
    outer loop
      vertex 9.4 0 0
      vertex 9.385017932497508 0.2381331437721781 -6
      vertex 9.4 0 -6
    endloop
  endfacet
  facet normal -0.9822872507286884 -0.18738131458572563 0
    outer loop
      vertex 9.385017932497508 0.2381331437721781 0
      vertex 9.340308006144399 0.47251078561322407 -6
      vertex 9.385017932497508 0.2381331437721781 -6
    endloop
  endfacet
  facet normal -0.9048270524660195 -0.4257792915650727 0
    outer loop
      vertex 9.266575323187677 0.6994366501008881 0
      vertex 9.16498269208334 0.9153319807932591 -6
      vertex 9.266575323187677 0.6994366501008881 -6
    endloop
  endfacet
  facet normal -0.951056516295153 -0.3090169943749494 0
    outer loop
      vertex 9.340308006144399 0.47251078561322407 0
      vertex 9.266575323187677 0.6994366501008881 -6
      vertex 9.340308006144399 0.47251078561322407 -6
    endloop
  endfacet
  facet normal -0.770513242775792 -0.6374239897486863 0
    outer loop
      vertex 9.0371322893124 1.1167919793556988 0
      vertex 8.885040392100683 1.3006395012645084 -6
      vertex 9.0371322893124 1.1167919793556988 -6
    endloop
  endfacet
  facet normal -0.6845471059286855 -0.7289686274214144 0
    outer loop
      vertex 8.71110558052251 1.4639751612739993 0
      vertex 8.71110558052251 1.4639751612739993 -6
      vertex 8.885040392100683 1.3006395012645084 -6
    endloop
  endfacet
  facet normal -0.8443279255020151 -0.5358267949789965 0
    outer loop
      vertex 9.16498269208334 0.9153319807932591 0
      vertex 9.0371322893124 1.1167919793556988 -6
      vertex 9.16498269208334 0.9153319807932591 -6
    endloop
  endfacet
  facet normal -0.481753674101716 -0.8763066800438633 0
    outer loop
      vertex 8.308980653973638 1.719171399685437 0
      vertex 8.518070910460093 1.6042230584538286 -6
      vertex 8.518070910460093 1.6042230584538286 0
    endloop
  endfacet
  facet normal 0.2486898871648549 -0.9685831611286311 0
    outer loop
      vertex 6.9128677106876 1.8070073809607916 0
      vertex 7.143975502287123 1.8663457763845084 -6
      vertex 7.143975502287123 1.8663457763845084 0
    endloop
  endfacet
  facet normal 0.1253332335643044 -0.9921147013144779 0
    outer loop
      vertex 7.143975502287123 1.8663457763845084 0
      vertex 7.380698012894305 1.896250784013716 -6
      vertex 7.380698012894305 1.896250784013716 0
    endloop
  endfacet
  facet normal 0 -1 0
    outer loop
      vertex 7.380698012894305 1.896250784013716 0
      vertex 7.619301987105695 1.896250784013716 -6
      vertex 7.619301987105695 1.896250784013716 0
    endloop
  endfacet
  facet normal -0.1253332335643044 -0.9921147013144779 0
    outer loop
      vertex 7.619301987105695 1.896250784013716 0
      vertex 7.856024497712877 1.8663457763845084 -6
      vertex 7.856024497712877 1.8663457763845084 0
    endloop
  endfacet
  facet normal -0.2486898871648549 -0.9685831611286311 0
    outer loop
      vertex 7.856024497712877 1.8663457763845084 0
      vertex 8.0871322893124 1.8070073809607916 -6
      vertex 8.0871322893124 1.8070073809607916 0
    endloop
  endfacet
  facet normal -0.3681245526846781 -0.9297764858882513 0
    outer loop
      vertex 8.0871322893124 1.8070073809607916 0
      vertex 8.308980653973638 1.719171399685437 -6
      vertex 8.308980653973638 1.719171399685437 0
    endloop
  endfacet
  facet normal -0.9980267284282716 -0.06279051952931418 0
    outer loop
      vertex 9.4 0 0
      vertex 9.385017932497508 0.2381331437721781 0
      vertex 9.385017932497508 0.2381331437721781 -6
    endloop
  endfacet
  facet normal -0.9822872507286884 -0.18738131458572563 0
    outer loop
      vertex 9.385017932497508 0.2381331437721781 0
      vertex 9.340308006144399 0.47251078561322407 0
      vertex 9.340308006144399 0.47251078561322407 -6
    endloop
  endfacet
  facet normal -0.9048270524660195 -0.4257792915650727 0
    outer loop
      vertex 9.266575323187677 0.6994366501008881 0
      vertex 9.16498269208334 0.9153319807932591 0
      vertex 9.16498269208334 0.9153319807932591 -6
    endloop
  endfacet
  facet normal -0.951056516295153 -0.3090169943749494 0
    outer loop
      vertex 9.340308006144399 0.47251078561322407 0
      vertex 9.266575323187677 0.6994366501008881 0
      vertex 9.266575323187677 0.6994366501008881 -6
    endloop
  endfacet
  facet normal -0.770513242775792 -0.6374239897486863 0
    outer loop
      vertex 8.885040392100683 1.3006395012645084 0
      vertex 8.885040392100683 1.3006395012645084 -6
      vertex 9.0371322893124 1.1167919793556988 0
    endloop
  endfacet
  facet normal -0.5877852522924734 -0.8090169943749472 0
    outer loop
      vertex 8.518070910460093 1.6042230584538286 0
      vertex 8.71110558052251 1.4639751612739993 -6
      vertex 8.71110558052251 1.4639751612739993 0
    endloop
  endfacet
  facet normal -0.6845471059286855 -0.7289686274214144 0
    outer loop
      vertex 8.71110558052251 1.4639751612739993 0
      vertex 8.885040392100683 1.3006395012645084 -6
      vertex 8.885040392100683 1.3006395012645084 0
    endloop
  endfacet
  facet normal -0.8443279255020151 -0.5358267949789965 0
    outer loop
      vertex 9.0371322893124 1.1167919793556988 0
      vertex 9.0371322893124 1.1167919793556988 -6
      vertex 9.16498269208334 0.9153319807932591 0
    endloop
  endfacet
  facet normal 0 0 -1
    outer loop
      vertex 5.614982067502492 -0.2381331437721777 0
      vertex 5.6 0 0
      vertex 5.614982067502492 0.2381331437721777 0
    endloop
  endfacet
  facet normal 0 0 -1
    outer loop
      vertex 5.659691993855601 -0.4725107856132242 0
      vertex 5.614982067502492 0.2381331437721777 0
      vertex 5.659691993855601 0.4725107856132242 0
    endloop
  endfacet
  facet normal 0 0 -1
    outer loop
      vertex 5.733424676812322 -0.699436650100888 0
      vertex 5.659691993855601 0.4725107856132242 0
      vertex 5.733424676812322 0.699436650100888 0
    endloop
  endfacet
  facet normal 0 0 -1
    outer loop
      vertex 5.9628677106876005 -1.1167919793556988 0
      vertex 5.9628677106876005 1.1167919793556988 0
      vertex 6 0 0
    endloop
  endfacet
  facet normal 0 0 -1
    outer loop
      vertex 5.83501730791666 -0.9153319807932592 0
      vertex 5.733424676812322 0.699436650100888 0
      vertex 5.83501730791666 0.9153319807932592 0
    endloop
  endfacet
  facet normal 0 0 -1
    outer loop
      vertex 5.9628677106876005 -1.1167919793556988 0
      vertex 5.83501730791666 0.9153319807932592 0
      vertex 5.9628677106876005 1.1167919793556988 0
    endloop
  endfacet
  facet normal 0 0 -1
    outer loop
      vertex 6 0 0
      vertex 5.9628677106876005 1.1167919793556988 0
      vertex 6.011827948028284 0.1879998503464561 0
    endloop
  endfacet
  facet normal 0 0 -1
    outer loop
      vertex 6.011827948028284 0.1879998503464561 0
      vertex 5.9628677106876005 1.1167919793556988 0
      vertex 6.047125258307053 0.3730348307472823 0
    endloop
  endfacet
  facet normal 0 0 -1
    outer loop
      vertex 6.047125258307053 0.3730348307472823 0
      vertex 5.9628677106876005 1.1167919793556988 0
      vertex 6.105335271167623 0.5521868290270168 0
    endloop
  endfacet
  facet normal 0 0 -1
    outer loop
      vertex 6.105335271167623 0.5521868290270168 0
      vertex 5.9628677106876005 1.1167919793556988 0
      vertex 6.114959607899317 1.300639501264508 0
    endloop
  endfacet
  facet normal 0 0 -1
    outer loop
      vertex 6.105335271167623 0.5521868290270168 0
      vertex 6.114959607899317 1.300639501264508 0
      vertex 6.185539979934205 0.722630511152573 0
    endloop
  endfacet
  facet normal 0 0 -1
    outer loop
      vertex 6.185539979934205 0.722630511152573 0
      vertex 6.114959607899317 1.300639501264508 0
      vertex 6.286474508437578 0.8816778784387097 0
    endloop
  endfacet
  facet normal 0 0 -1
    outer loop
      vertex 6.286474508437578 0.8816778784387097 0
      vertex 6.114959607899317 1.300639501264508 0
      vertex 6.28889441947749 1.4639751612739997 0
    endloop
  endfacet
  facet normal 0 0 -1
    outer loop
      vertex 6.286474508437578 0.8816778784387097 0
      vertex 6.28889441947749 1.4639751612739997 0
      vertex 6.406547058867883 1.0268206588930329 0
    endloop
  endfacet
  facet normal 0 0 -1
    outer loop
      vertex 6.406547058867883 1.0268206588930329 0
      vertex 6.28889441947749 1.4639751612739997 0
      vertex 6.481929089539906 1.6042230584538284 0
    endloop
  endfacet
  facet normal 0 0 -1
    outer loop
      vertex 6.406547058867883 1.0268206588930329 0
      vertex 6.481929089539906 1.6042230584538284 0
      vertex 6.543864015376966 1.155769864163684 0
    endloop
  endfacet
  facet normal 0 0 -1
    outer loop
      vertex 6.543864015376966 1.155769864163684 0
      vertex 6.691019346026362 1.719171399685437 0
      vertex 6.696259807531505 1.2664918882530225 0
    endloop
  endfacet
  facet normal 0 0 -1
    outer loop
      vertex 6.543864015376966 1.155769864163684 0
      vertex 6.481929089539906 1.6042230584538284 0
      vertex 6.691019346026362 1.719171399685437 0
    endloop
  endfacet
  facet normal 0 0 -1
    outer loop
      vertex 6.696259807531505 1.2664918882530225 0
      vertex 6.691019346026362 1.719171399685437 0
      vertex 6.861331062652391 1.3572405786990291 0
    endloop
  endfacet
  facet normal 0 0 -1
    outer loop
      vertex 6.691019346026362 1.719171399685437 0
      vertex 6.9128677106876 1.8070073809607916 0
      vertex 6.861331062652391 1.3572405786990291 0
    endloop
  endfacet
  facet normal 0 0 -1
    outer loop
      vertex 6.861331062652391 1.3572405786990291 0
      vertex 6.9128677106876 1.8070073809607916 0
      vertex 7.036474508437579 1.4265847744427302 0
    endloop
  endfacet
  facet normal 0 0 -1
    outer loop
      vertex 7.036474508437579 1.4265847744427302 0
      vertex 6.9128677106876 1.8070073809607916 0
      vertex 7.143975502287123 1.8663457763845084 0
    endloop
  endfacet
  facet normal 0 0 -1
    outer loop
      vertex 7.036474508437579 1.4265847744427302 0
      vertex 7.143975502287123 1.8663457763845084 0
      vertex 7.218928028121413 1.473430876093033 0
    endloop
  endfacet
  facet normal 0 0 -1
    outer loop
      vertex 7.218928028121413 1.473430876093033 0
      vertex 7.380698012894305 1.896250784013716 0
      vertex 7.40581422070603 1.4970400926424072 0
    endloop
  endfacet
  facet normal 0 0 -1
    outer loop
      vertex 7.40581422070603 1.4970400926424072 0
      vertex 7.619301987105695 1.896250784013716 0
      vertex 7.59418577929397 1.4970400926424072 0
    endloop
  endfacet
  facet normal 0 0 -1
    outer loop
      vertex 7.59418577929397 1.4970400926424072 0
      vertex 7.856024497712877 1.8663457763845084 0
      vertex 7.781071971878587 1.473430876093033 0
    endloop
  endfacet
  facet normal 0 0 -1
    outer loop
      vertex 7.781071971878587 1.473430876093033 0
      vertex 8.0871322893124 1.8070073809607916 0
      vertex 7.963525491562421 1.4265847744427302 0
    endloop
  endfacet
  facet normal 0 0 -1
    outer loop
      vertex 8.138668937347608 1.3572405786990291 0
      vertex 7.963525491562421 1.4265847744427302 0
      vertex 8.308980653973638 1.719171399685437 0
    endloop
  endfacet
  facet normal 0 0 -1
    outer loop
      vertex 7.963525491562421 1.4265847744427302 0
      vertex 8.0871322893124 1.8070073809607916 0
      vertex 8.308980653973638 1.719171399685437 0
    endloop
  endfacet
  facet normal 0 0 -1
    outer loop
      vertex 8.593452941132117 1.026820658893033 0
      vertex 8.456135984623035 1.1557698641636838 0
      vertex 8.71110558052251 1.4639751612739993 0
    endloop
  endfacet
  facet normal 0 0 -1
    outer loop
      vertex 8.138668937347608 1.3572405786990291 0
      vertex 8.308980653973638 1.719171399685437 0
      vertex 8.303740192468496 1.2664918882530225 0
    endloop
  endfacet
  facet normal 0 0 -1
    outer loop
      vertex 8.303740192468496 1.2664918882530225 0
      vertex 8.308980653973638 1.719171399685437 0
      vertex 8.518070910460093 1.6042230584538286 0
    endloop
  endfacet
  facet normal 0 0 -1
    outer loop
      vertex 8.303740192468496 1.2664918882530225 0
      vertex 8.518070910460093 1.6042230584538286 0
      vertex 8.456135984623035 1.1557698641636838 0
    endloop
  endfacet
  facet normal 0 0 -1
    outer loop
      vertex 8.456135984623035 1.1557698641636838 0
      vertex 8.518070910460093 1.6042230584538286 0
      vertex 8.71110558052251 1.4639751612739993 0
    endloop
  endfacet
  facet normal 0 0 -1
    outer loop
      vertex 7.218928028121413 1.473430876093033 0
      vertex 7.143975502287123 1.8663457763845084 0
      vertex 7.380698012894305 1.896250784013716 0
    endloop
  endfacet
  facet normal 0 0 -1
    outer loop
      vertex 7.40581422070603 1.4970400926424072 0
      vertex 7.380698012894305 1.896250784013716 0
      vertex 7.619301987105695 1.896250784013716 0
    endloop
  endfacet
  facet normal 0 0 -1
    outer loop
      vertex 7.59418577929397 1.4970400926424072 0
      vertex 7.619301987105695 1.896250784013716 0
      vertex 7.856024497712877 1.8663457763845084 0
    endloop
  endfacet
  facet normal 0 0 -1
    outer loop
      vertex 7.781071971878587 1.473430876093033 0
      vertex 7.856024497712877 1.8663457763845084 0
      vertex 8.0871322893124 1.8070073809607916 0
    endloop
  endfacet
  facet normal 0 0 -1
    outer loop
      vertex 8.988172051971716 0.1879998503464564 0
      vertex 9.0371322893124 1.1167919793556988 0
      vertex 9 0 0
    endloop
  endfacet
  facet normal 0 0 -1
    outer loop
      vertex 8.988172051971716 0.1879998503464564 0
      vertex 8.952874741692947 0.37303483074728216 0
      vertex 9.0371322893124 1.1167919793556988 0
    endloop
  endfacet
  facet normal 0 0 -1
    outer loop
      vertex 8.952874741692947 0.37303483074728216 0
      vertex 8.894664728832376 0.552186829027017 0
      vertex 9.0371322893124 1.1167919793556988 0
    endloop
  endfacet
  facet normal 0 0 -1
    outer loop
      vertex 9.0371322893124 -1.1167919793556988 0
      vertex 9 0 0
      vertex 9.0371322893124 1.1167919793556988 0
    endloop
  endfacet
  facet normal 0 0 -1
    outer loop
      vertex 9.16498269208334 -0.9153319807932592 0
      vertex 9.0371322893124 1.1167919793556988 0
      vertex 9.16498269208334 0.9153319807932591 0
    endloop
  endfacet
  facet normal 0 0 -1
    outer loop
      vertex 9.266575323187677 -0.6994366501008888 0
      vertex 9.16498269208334 0.9153319807932591 0
      vertex 9.266575323187677 0.6994366501008881 0
    endloop
  endfacet
  facet normal 0 0 -1
    outer loop
      vertex 9.385017932497508 -0.2381331437721777 0
      vertex 9.385017932497508 0.2381331437721781 0
      vertex 9.4 0 0
    endloop
  endfacet
  facet normal 0 0 -1
    outer loop
      vertex 9.385017932497508 -0.2381331437721777 0
      vertex 9.340308006144399 0.47251078561322407 0
      vertex 9.385017932497508 0.2381331437721781 0
    endloop
  endfacet
  facet normal 0 0 -1
    outer loop
      vertex 9.340308006144399 -0.4725107856132234 0
      vertex 9.266575323187677 0.6994366501008881 0
      vertex 9.340308006144399 0.47251078561322407 0
    endloop
  endfacet
  facet normal 0 0 -1
    outer loop
      vertex 8.713525491562422 0.8816778784387097 0
      vertex 8.885040392100683 1.3006395012645084 0
      vertex 8.814460020065795 0.722630511152573 0
    endloop
  endfacet
  facet normal 0 0 -1
    outer loop
      vertex 8.713525491562422 0.8816778784387097 0
      vertex 8.593452941132117 1.026820658893033 0
      vertex 8.71110558052251 1.4639751612739993 0
    endloop
  endfacet
  facet normal 0 0 -1
    outer loop
      vertex 8.713525491562422 0.8816778784387097 0
      vertex 8.71110558052251 1.4639751612739993 0
      vertex 8.885040392100683 1.3006395012645084 0
    endloop
  endfacet
  facet normal 0 0 -1
    outer loop
      vertex 8.894664728832376 0.552186829027017 0
      vertex 8.814460020065795 0.722630511152573 0
      vertex 8.885040392100683 1.3006395012645084 0
    endloop
  endfacet
  facet normal 0 0 -1
    outer loop
      vertex 8.894664728832376 0.552186829027017 0
      vertex 8.885040392100683 1.3006395012645084 0
      vertex 9.0371322893124 1.1167919793556988 0
    endloop
  endfacet
  facet normal 0.9980267284282716 0.06279051952931576 0
    outer loop
      vertex 6.011827948028284 -0.1879998503464561 0
      vertex 6 0 0
      vertex 6 0 6
    endloop
  endfacet
  facet normal 0.7705132427757874 0.6374239897486919 0
    outer loop
      vertex 6.286474508437578 -0.8816778784387097 0
      vertex 6.286474508437578 -0.8816778784387097 6
      vertex 6.406547058867883 -1.0268206588930329 0
    endloop
  endfacet
  facet normal 0.4817536741017151 0.8763066800438637 0
    outer loop
      vertex 6.696259807531505 -1.2664918882530225 0
      vertex 6.696259807531505 -1.2664918882530225 6
      vertex 6.861331062652392 -1.3572405786990294 0
    endloop
  endfacet
  facet normal 0.5877852522924724 0.8090169943749479 0
    outer loop
      vertex 6.543864015376966 -1.155769864163684 0
      vertex 6.543864015376966 -1.155769864163684 6
      vertex 6.696259807531505 -1.2664918882530225 0
    endloop
  endfacet
  facet normal 0.6845471059286892 0.728968627421411 0
    outer loop
      vertex 6.543864015376966 -1.155769864163684 0
      vertex 6.406547058867883 -1.0268206588930329 0
      vertex 6.406547058867883 -1.0268206588930329 6
    endloop
  endfacet
  facet normal 0.8443279255020175 0.5358267949789927 0
    outer loop
      vertex 6.185539979934205 -0.722630511152573 0
      vertex 6.185539979934205 -0.722630511152573 6
      vertex 6.286474508437578 -0.8816778784387097 0
    endloop
  endfacet
  facet normal 0.9510565162951538 0.30901699437494684 0
    outer loop
      vertex 6.105335271167623 -0.5521868290270168 0
      vertex 6.047125258307053 -0.3730348307472823 0
      vertex 6.047125258307053 -0.3730348307472823 6
    endloop
  endfacet
  facet normal 0.9048270524660184 0.4257792915650753 0
    outer loop
      vertex 6.185539979934205 -0.722630511152573 0
      vertex 6.105335271167623 -0.5521868290270168 0
      vertex 6.105335271167623 -0.5521868290270168 6
    endloop
  endfacet
  facet normal 0.9822872507286889 0.1873813145857224 0
    outer loop
      vertex 6.047125258307053 -0.3730348307472823 0
      vertex 6.011827948028284 -0.1879998503464561 0
      vertex 6.011827948028284 -0.1879998503464561 6
    endloop
  endfacet
  facet normal 0.9980267284282716 0.06279051952931576 0
    outer loop
      vertex 6.011827948028284 -0.1879998503464561 0
      vertex 6 0 6
      vertex 6.011827948028284 -0.1879998503464561 6
    endloop
  endfacet
  facet normal 0.7705132427757874 0.6374239897486919 0
    outer loop
      vertex 6.406547058867883 -1.0268206588930329 0
      vertex 6.286474508437578 -0.8816778784387097 6
      vertex 6.406547058867883 -1.0268206588930329 6
    endloop
  endfacet
  facet normal 0.4817536741017151 0.8763066800438637 0
    outer loop
      vertex 6.861331062652392 -1.3572405786990294 0
      vertex 6.696259807531505 -1.2664918882530225 6
      vertex 6.861331062652392 -1.3572405786990294 6
    endloop
  endfacet
  facet normal 0.6845471059286892 0.728968627421411 0
    outer loop
      vertex 6.543864015376966 -1.155769864163684 0
      vertex 6.406547058867883 -1.0268206588930329 6
      vertex 6.543864015376966 -1.155769864163684 6
    endloop
  endfacet
  facet normal 0.5877852522924724 0.8090169943749479 0
    outer loop
      vertex 6.696259807531505 -1.2664918882530225 0
      vertex 6.543864015376966 -1.155769864163684 6
      vertex 6.696259807531505 -1.2664918882530225 6
    endloop
  endfacet
  facet normal 0.9048270524660184 0.4257792915650753 0
    outer loop
      vertex 6.185539979934205 -0.722630511152573 0
      vertex 6.105335271167623 -0.5521868290270168 6
      vertex 6.185539979934205 -0.722630511152573 6
    endloop
  endfacet
  facet normal 0.9510565162951538 0.30901699437494684 0
    outer loop
      vertex 6.105335271167623 -0.5521868290270168 0
      vertex 6.047125258307053 -0.3730348307472823 6
      vertex 6.105335271167623 -0.5521868290270168 6
    endloop
  endfacet
  facet normal 0.8443279255020175 0.5358267949789927 0
    outer loop
      vertex 6.286474508437578 -0.8816778784387097 0
      vertex 6.185539979934205 -0.722630511152573 6
      vertex 6.286474508437578 -0.8816778784387097 6
    endloop
  endfacet
  facet normal 0.9822872507286889 0.1873813145857224 0
    outer loop
      vertex 6.047125258307053 -0.3730348307472823 0
      vertex 6.011827948028284 -0.1879998503464561 6
      vertex 6.047125258307053 -0.3730348307472823 6
    endloop
  endfacet
  facet normal 0.3681245526846773 0.9297764858882517 0
    outer loop
      vertex 6.861331062652392 -1.3572405786990294 0
      vertex 6.861331062652392 -1.3572405786990294 6
      vertex 7.036474508437579 -1.4265847744427302 0
    endloop
  endfacet
  facet normal 0.2486898871648552 0.9685831611286311 0
    outer loop
      vertex 7.036474508437579 -1.4265847744427302 0
      vertex 7.036474508437579 -1.4265847744427302 6
      vertex 7.218928028121413 -1.4734308760930328 0
    endloop
  endfacet
  facet normal 0.12533323356430526 0.9921147013144777 0
    outer loop
      vertex 7.218928028121413 -1.4734308760930328 0
      vertex 7.218928028121413 -1.4734308760930328 6
      vertex 7.405814220706029 -1.4970400926424072 0
    endloop
  endfacet
  facet normal 0 1 0
    outer loop
      vertex 7.405814220706029 -1.4970400926424072 0
      vertex 7.405814220706029 -1.4970400926424072 6
      vertex 7.594185779293971 -1.4970400926424072 0
    endloop
  endfacet
  facet normal -0.12533323356430526 0.9921147013144777 0
    outer loop
      vertex 7.594185779293971 -1.4970400926424072 0
      vertex 7.594185779293971 -1.4970400926424072 6
      vertex 7.781071971878587 -1.4734308760930328 0
    endloop
  endfacet
  facet normal -0.2486898871648552 0.9685831611286311 0
    outer loop
      vertex 7.781071971878587 -1.4734308760930328 0
      vertex 7.781071971878587 -1.4734308760930328 6
      vertex 7.963525491562421 -1.4265847744427302 0
    endloop
  endfacet
  facet normal -0.3681245526846773 0.9297764858882517 0
    outer loop
      vertex 7.963525491562421 -1.4265847744427302 0
      vertex 7.963525491562421 -1.4265847744427302 6
      vertex 8.138668937347608 -1.3572405786990294 0
    endloop
  endfacet
  facet normal -0.48175367410171527 0.8763066800438636 0
    outer loop
      vertex 8.138668937347608 -1.3572405786990294 0
      vertex 8.138668937347608 -1.3572405786990294 6
      vertex 8.303740192468494 -1.266491888253023 0
    endloop
  endfacet
  facet normal -0.5877852522924709 0.809016994374949 0
    outer loop
      vertex 8.303740192468494 -1.266491888253023 0
      vertex 8.303740192468494 -1.266491888253023 6
      vertex 8.456135984623035 -1.1557698641636835 0
    endloop
  endfacet
  facet normal -0.6845471059286903 0.72896862742141 0
    outer loop
      vertex 8.456135984623035 -1.1557698641636835 0
      vertex 8.456135984623035 -1.1557698641636835 6
      vertex 8.593452941132117 -1.0268206588930329 0
    endloop
  endfacet
  facet normal -0.7705132427757874 0.6374239897486919 0
    outer loop
      vertex 8.593452941132117 -1.0268206588930329 0
      vertex 8.593452941132117 -1.0268206588930329 6
      vertex 8.713525491562422 -0.8816778784387097 0
    endloop
  endfacet
  facet normal -0.8443279255020175 0.5358267949789927 0
    outer loop
      vertex 8.713525491562422 -0.8816778784387097 0
      vertex 8.713525491562422 -0.8816778784387097 6
      vertex 8.814460020065795 -0.722630511152573 0
    endloop
  endfacet
  facet normal -0.9048270524660194 0.42577929156507305 0
    outer loop
      vertex 8.814460020065795 -0.722630511152573 0
      vertex 8.814460020065795 -0.722630511152573 6
      vertex 8.894664728832376 -0.5521868290270175 0
    endloop
  endfacet
  facet normal -0.9510565162951532 0.30901699437494895 0
    outer loop
      vertex 8.894664728832376 -0.5521868290270175 0
      vertex 8.894664728832376 -0.5521868290270175 6
      vertex 8.952874741692947 -0.37303483074728166 0
    endloop
  endfacet
  facet normal -0.9822872507286889 0.187381314585723 0
    outer loop
      vertex 8.952874741692947 -0.37303483074728166 0
      vertex 8.952874741692947 -0.37303483074728166 6
      vertex 8.988172051971716 -0.1879998503464561 0
    endloop
  endfacet
  facet normal -0.9980267284282716 0.06279051952931576 0
    outer loop
      vertex 8.988172051971716 -0.1879998503464561 0
      vertex 8.988172051971716 -0.1879998503464561 6
      vertex 9 0 0
    endloop
  endfacet
  facet normal 0.3681245526846773 0.9297764858882517 0
    outer loop
      vertex 7.036474508437579 -1.4265847744427302 0
      vertex 6.861331062652392 -1.3572405786990294 6
      vertex 7.036474508437579 -1.4265847744427302 6
    endloop
  endfacet
  facet normal 0.2486898871648552 0.9685831611286311 0
    outer loop
      vertex 7.218928028121413 -1.4734308760930328 0
      vertex 7.036474508437579 -1.4265847744427302 6
      vertex 7.218928028121413 -1.4734308760930328 6
    endloop
  endfacet
  facet normal 0.12533323356430526 0.9921147013144777 0
    outer loop
      vertex 7.405814220706029 -1.4970400926424072 0
      vertex 7.218928028121413 -1.4734308760930328 6
      vertex 7.405814220706029 -1.4970400926424072 6
    endloop
  endfacet
  facet normal 0 1 0
    outer loop
      vertex 7.594185779293971 -1.4970400926424072 0
      vertex 7.405814220706029 -1.4970400926424072 6
      vertex 7.594185779293971 -1.4970400926424072 6
    endloop
  endfacet
  facet normal -0.12533323356430526 0.9921147013144777 0
    outer loop
      vertex 7.781071971878587 -1.4734308760930328 0
      vertex 7.594185779293971 -1.4970400926424072 6
      vertex 7.781071971878587 -1.4734308760930328 6
    endloop
  endfacet
  facet normal -0.2486898871648552 0.9685831611286311 0
    outer loop
      vertex 7.963525491562421 -1.4265847744427302 0
      vertex 7.781071971878587 -1.4734308760930328 6
      vertex 7.963525491562421 -1.4265847744427302 6
    endloop
  endfacet
  facet normal -0.3681245526846773 0.9297764858882517 0
    outer loop
      vertex 8.138668937347608 -1.3572405786990294 0
      vertex 7.963525491562421 -1.4265847744427302 6
      vertex 8.138668937347608 -1.3572405786990294 6
    endloop
  endfacet
  facet normal -0.48175367410171527 0.8763066800438636 0
    outer loop
      vertex 8.303740192468494 -1.266491888253023 0
      vertex 8.138668937347608 -1.3572405786990294 6
      vertex 8.303740192468494 -1.266491888253023 6
    endloop
  endfacet
  facet normal -0.5877852522924709 0.809016994374949 0
    outer loop
      vertex 8.456135984623035 -1.1557698641636835 0
      vertex 8.303740192468494 -1.266491888253023 6
      vertex 8.456135984623035 -1.1557698641636835 6
    endloop
  endfacet
  facet normal -0.6845471059286903 0.72896862742141 0
    outer loop
      vertex 8.593452941132117 -1.0268206588930329 0
      vertex 8.456135984623035 -1.1557698641636835 6
      vertex 8.593452941132117 -1.0268206588930329 6
    endloop
  endfacet
  facet normal -0.7705132427757874 0.6374239897486919 0
    outer loop
      vertex 8.713525491562422 -0.8816778784387097 0
      vertex 8.593452941132117 -1.0268206588930329 6
      vertex 8.713525491562422 -0.8816778784387097 6
    endloop
  endfacet
  facet normal -0.8443279255020175 0.5358267949789927 0
    outer loop
      vertex 8.814460020065795 -0.722630511152573 0
      vertex 8.713525491562422 -0.8816778784387097 6
      vertex 8.814460020065795 -0.722630511152573 6
    endloop
  endfacet
  facet normal -0.9048270524660194 0.42577929156507305 0
    outer loop
      vertex 8.894664728832376 -0.5521868290270175 0
      vertex 8.814460020065795 -0.722630511152573 6
      vertex 8.894664728832376 -0.5521868290270175 6
    endloop
  endfacet
  facet normal -0.9510565162951532 0.30901699437494895 0
    outer loop
      vertex 8.952874741692947 -0.37303483074728166 0
      vertex 8.894664728832376 -0.5521868290270175 6
      vertex 8.952874741692947 -0.37303483074728166 6
    endloop
  endfacet
  facet normal -0.9822872507286889 0.187381314585723 0
    outer loop
      vertex 8.988172051971716 -0.1879998503464561 0
      vertex 8.952874741692947 -0.37303483074728166 6
      vertex 8.988172051971716 -0.1879998503464561 6
    endloop
  endfacet
  facet normal -0.9980267284282716 0.06279051952931576 0
    outer loop
      vertex 9 0 0
      vertex 8.988172051971716 -0.1879998503464561 6
      vertex 9 0 6
    endloop
  endfacet
  facet normal 0.9980267284282716 -0.06279051952931576 0
    outer loop
      vertex 6 0 0
      vertex 6.011827948028284 0.1879998503464561 0
      vertex 6.011827948028284 0.1879998503464561 6
    endloop
  endfacet
  facet normal 0.9822872507286889 -0.1873813145857224 0
    outer loop
      vertex 6.011827948028284 0.1879998503464561 0
      vertex 6.047125258307053 0.3730348307472823 0
      vertex 6.047125258307053 0.3730348307472823 6
    endloop
  endfacet
  facet normal 0.9510565162951538 -0.30901699437494684 0
    outer loop
      vertex 6.047125258307053 0.3730348307472823 0
      vertex 6.105335271167623 0.5521868290270168 0
      vertex 6.105335271167623 0.5521868290270168 6
    endloop
  endfacet
  facet normal 0.9048270524660184 -0.4257792915650753 0
    outer loop
      vertex 6.105335271167623 0.5521868290270168 0
      vertex 6.185539979934205 0.722630511152573 0
      vertex 6.185539979934205 0.722630511152573 6
    endloop
  endfacet
  facet normal 0.8443279255020175 -0.5358267949789927 0
    outer loop
      vertex 6.185539979934205 0.722630511152573 0
      vertex 6.286474508437578 0.8816778784387097 0
      vertex 6.286474508437578 0.8816778784387097 6
    endloop
  endfacet
  facet normal 0.7705132427757874 -0.6374239897486919 0
    outer loop
      vertex 6.286474508437578 0.8816778784387097 0
      vertex 6.406547058867883 1.0268206588930329 0
      vertex 6.406547058867883 1.0268206588930329 6
    endloop
  endfacet
  facet normal 0.6845471059286892 -0.728968627421411 0
    outer loop
      vertex 6.406547058867883 1.0268206588930329 0
      vertex 6.543864015376966 1.155769864163684 0
      vertex 6.543864015376966 1.155769864163684 6
    endloop
  endfacet
  facet normal 0.5877852522924724 -0.8090169943749479 0
    outer loop
      vertex 6.543864015376966 1.155769864163684 0
      vertex 6.696259807531505 1.2664918882530225 0
      vertex 6.696259807531505 1.2664918882530225 6
    endloop
  endfacet
  facet normal 0.48175367410171616 -0.8763066800438631 0
    outer loop
      vertex 6.696259807531505 1.2664918882530225 0
      vertex 6.861331062652391 1.3572405786990291 0
      vertex 6.861331062652391 1.3572405786990291 6
    endloop
  endfacet
  facet normal 0.9980267284282716 -0.06279051952931576 0
    outer loop
      vertex 6 0 0
      vertex 6.011827948028284 0.1879998503464561 6
      vertex 6 0 6
    endloop
  endfacet
  facet normal 0.9822872507286889 -0.1873813145857224 0
    outer loop
      vertex 6.011827948028284 0.1879998503464561 0
      vertex 6.047125258307053 0.3730348307472823 6
      vertex 6.011827948028284 0.1879998503464561 6
    endloop
  endfacet
  facet normal 0.9510565162951538 -0.30901699437494684 0
    outer loop
      vertex 6.047125258307053 0.3730348307472823 0
      vertex 6.105335271167623 0.5521868290270168 6
      vertex 6.047125258307053 0.3730348307472823 6
    endloop
  endfacet
  facet normal 0.9048270524660184 -0.4257792915650753 0
    outer loop
      vertex 6.105335271167623 0.5521868290270168 0
      vertex 6.185539979934205 0.722630511152573 6
      vertex 6.105335271167623 0.5521868290270168 6
    endloop
  endfacet
  facet normal 0.8443279255020175 -0.5358267949789927 0
    outer loop
      vertex 6.185539979934205 0.722630511152573 0
      vertex 6.286474508437578 0.8816778784387097 6
      vertex 6.185539979934205 0.722630511152573 6
    endloop
  endfacet
  facet normal 0.7705132427757874 -0.6374239897486919 0
    outer loop
      vertex 6.286474508437578 0.8816778784387097 0
      vertex 6.406547058867883 1.0268206588930329 6
      vertex 6.286474508437578 0.8816778784387097 6
    endloop
  endfacet
  facet normal 0.6845471059286892 -0.728968627421411 0
    outer loop
      vertex 6.406547058867883 1.0268206588930329 0
      vertex 6.543864015376966 1.155769864163684 6
      vertex 6.406547058867883 1.0268206588930329 6
    endloop
  endfacet
  facet normal 0.5877852522924724 -0.8090169943749479 0
    outer loop
      vertex 6.543864015376966 1.155769864163684 0
      vertex 6.696259807531505 1.2664918882530225 6
      vertex 6.543864015376966 1.155769864163684 6
    endloop
  endfacet
  facet normal 0.48175367410171616 -0.8763066800438631 0
    outer loop
      vertex 6.696259807531505 1.2664918882530225 0
      vertex 6.861331062652391 1.3572405786990291 6
      vertex 6.696259807531505 1.2664918882530225 6
    endloop
  endfacet
  facet normal 0.36812455268467675 -0.929776485888252 0
    outer loop
      vertex 6.861331062652391 1.3572405786990291 0
      vertex 7.036474508437579 1.4265847744427302 0
      vertex 7.036474508437579 1.4265847744427302 6
    endloop
  endfacet
  facet normal 0.24868988716485627 -0.9685831611286307 0
    outer loop
      vertex 7.036474508437579 1.4265847744427302 0
      vertex 7.218928028121413 1.473430876093033 0
      vertex 7.218928028121413 1.473430876093033 6
    endloop
  endfacet
  facet normal 0.1253332335643035 -0.9921147013144779 0
    outer loop
      vertex 7.218928028121413 1.473430876093033 0
      vertex 7.40581422070603 1.4970400926424072 0
      vertex 7.40581422070603 1.4970400926424072 6
    endloop
  endfacet
  facet normal 0 -1 0
    outer loop
      vertex 7.40581422070603 1.4970400926424072 0
      vertex 7.59418577929397 1.4970400926424072 0
      vertex 7.59418577929397 1.4970400926424072 6
    endloop
  endfacet
  facet normal -0.1253332335643035 -0.9921147013144779 0
    outer loop
      vertex 7.59418577929397 1.4970400926424072 0
      vertex 7.781071971878587 1.473430876093033 0
      vertex 7.781071971878587 1.473430876093033 6
    endloop
  endfacet
  facet normal -0.24868988716485627 -0.9685831611286307 0
    outer loop
      vertex 7.781071971878587 1.473430876093033 0
      vertex 7.963525491562421 1.4265847744427302 0
      vertex 7.963525491562421 1.4265847744427302 6
    endloop
  endfacet
  facet normal -0.36812455268467836 -0.9297764858882512 0
    outer loop
      vertex 8.138668937347608 1.3572405786990291 0
      vertex 8.138668937347608 1.3572405786990291 6
      vertex 7.963525491562421 1.4265847744427302 0
    endloop
  endfacet
  facet normal -0.6845471059286903 -0.72896862742141 0
    outer loop
      vertex 8.593452941132117 1.026820658893033 0
      vertex 8.593452941132117 1.026820658893033 6
      vertex 8.456135984623035 1.1557698641636838 0
    endloop
  endfacet
  facet normal -0.5877852522924731 -0.8090169943749475 0
    outer loop
      vertex 8.303740192468496 1.2664918882530225 0
      vertex 8.456135984623035 1.1557698641636838 0
      vertex 8.456135984623035 1.1557698641636838 6
    endloop
  endfacet
  facet normal -0.4817536741017122 -0.8763066800438652 0
    outer loop
      vertex 8.138668937347608 1.3572405786990291 0
      vertex 8.303740192468496 1.2664918882530225 0
      vertex 8.303740192468496 1.2664918882530225 6
    endloop
  endfacet
  facet normal -0.9980267284282716 -0.06279051952931566 0
    outer loop
      vertex 8.988172051971716 0.1879998503464564 0
      vertex 9 0 0
      vertex 9 0 6
    endloop
  endfacet
  facet normal -0.9822872507286892 -0.1873813145857228 0
    outer loop
      vertex 8.988172051971716 0.1879998503464564 0
      vertex 8.988172051971716 0.1879998503464564 6
      vertex 8.952874741692947 0.37303483074728216 0
    endloop
  endfacet
  facet normal -0.8443279255020175 -0.5358267949789927 0
    outer loop
      vertex 8.713525491562422 0.8816778784387097 0
      vertex 8.814460020065795 0.722630511152573 0
      vertex 8.814460020065795 0.722630511152573 6
    endloop
  endfacet
  facet normal -0.9048270524660198 -0.4257792915650719 0
    outer loop
      vertex 8.894664728832376 0.552186829027017 0
      vertex 8.894664728832376 0.552186829027017 6
      vertex 8.814460020065795 0.722630511152573 0
    endloop
  endfacet
  facet normal -0.9510565162951525 -0.3090169943749506 0
    outer loop
      vertex 8.952874741692947 0.37303483074728216 0
      vertex 8.952874741692947 0.37303483074728216 6
      vertex 8.894664728832376 0.552186829027017 0
    endloop
  endfacet
  facet normal -0.7705132427757879 -0.6374239897486913 0
    outer loop
      vertex 8.713525491562422 0.8816778784387097 0
      vertex 8.713525491562422 0.8816778784387097 6
      vertex 8.593452941132117 1.026820658893033 0
    endloop
  endfacet
  facet normal 0.36812455268467675 -0.929776485888252 0
    outer loop
      vertex 6.861331062652391 1.3572405786990291 0
      vertex 7.036474508437579 1.4265847744427302 6
      vertex 6.861331062652391 1.3572405786990291 6
    endloop
  endfacet
  facet normal 0.24868988716485627 -0.9685831611286307 0
    outer loop
      vertex 7.036474508437579 1.4265847744427302 0
      vertex 7.218928028121413 1.473430876093033 6
      vertex 7.036474508437579 1.4265847744427302 6
    endloop
  endfacet
  facet normal 0.1253332335643035 -0.9921147013144779 0
    outer loop
      vertex 7.218928028121413 1.473430876093033 0
      vertex 7.40581422070603 1.4970400926424072 6
      vertex 7.218928028121413 1.473430876093033 6
    endloop
  endfacet
  facet normal 0 -1 0
    outer loop
      vertex 7.40581422070603 1.4970400926424072 0
      vertex 7.59418577929397 1.4970400926424072 6
      vertex 7.40581422070603 1.4970400926424072 6
    endloop
  endfacet
  facet normal -0.1253332335643035 -0.9921147013144779 0
    outer loop
      vertex 7.59418577929397 1.4970400926424072 0
      vertex 7.781071971878587 1.473430876093033 6
      vertex 7.59418577929397 1.4970400926424072 6
    endloop
  endfacet
  facet normal -0.24868988716485627 -0.9685831611286307 0
    outer loop
      vertex 7.781071971878587 1.473430876093033 0
      vertex 7.963525491562421 1.4265847744427302 6
      vertex 7.781071971878587 1.473430876093033 6
    endloop
  endfacet
  facet normal -0.36812455268467836 -0.9297764858882512 0
    outer loop
      vertex 7.963525491562421 1.4265847744427302 0
      vertex 8.138668937347608 1.3572405786990291 6
      vertex 7.963525491562421 1.4265847744427302 6
    endloop
  endfacet
  facet normal -0.5877852522924731 -0.8090169943749475 0
    outer loop
      vertex 8.303740192468496 1.2664918882530225 0
      vertex 8.456135984623035 1.1557698641636838 6
      vertex 8.303740192468496 1.2664918882530225 6
    endloop
  endfacet
  facet normal -0.6845471059286903 -0.72896862742141 0
    outer loop
      vertex 8.456135984623035 1.1557698641636838 0
      vertex 8.593452941132117 1.026820658893033 6
      vertex 8.456135984623035 1.1557698641636838 6
    endloop
  endfacet
  facet normal -0.4817536741017122 -0.8763066800438652 0
    outer loop
      vertex 8.138668937347608 1.3572405786990291 0
      vertex 8.303740192468496 1.2664918882530225 6
      vertex 8.138668937347608 1.3572405786990291 6
    endloop
  endfacet
  facet normal -0.9980267284282716 -0.06279051952931566 0
    outer loop
      vertex 8.988172051971716 0.1879998503464564 0
      vertex 9 0 6
      vertex 8.988172051971716 0.1879998503464564 6
    endloop
  endfacet
  facet normal -0.9822872507286892 -0.1873813145857228 0
    outer loop
      vertex 8.952874741692947 0.37303483074728216 0
      vertex 8.988172051971716 0.1879998503464564 6
      vertex 8.952874741692947 0.37303483074728216 6
    endloop
  endfacet
  facet normal -0.8443279255020175 -0.5358267949789927 0
    outer loop
      vertex 8.713525491562422 0.8816778784387097 0
      vertex 8.814460020065795 0.722630511152573 6
      vertex 8.713525491562422 0.8816778784387097 6
    endloop
  endfacet
  facet normal -0.9510565162951525 -0.3090169943749506 0
    outer loop
      vertex 8.894664728832376 0.552186829027017 0
      vertex 8.952874741692947 0.37303483074728216 6
      vertex 8.894664728832376 0.552186829027017 6
    endloop
  endfacet
  facet normal -0.9048270524660198 -0.4257792915650719 0
    outer loop
      vertex 8.814460020065795 0.722630511152573 0
      vertex 8.894664728832376 0.552186829027017 6
      vertex 8.814460020065795 0.722630511152573 6
    endloop
  endfacet
  facet normal -0.7705132427757879 -0.6374239897486913 0
    outer loop
      vertex 8.593452941132117 1.026820658893033 0
      vertex 8.713525491562422 0.8816778784387097 6
      vertex 8.593452941132117 1.026820658893033 6
    endloop
  endfacet
  facet normal 0.7702735186416203 0.6372256726977187 -0.024942905492298228
    outer loop
      vertex -2.0411121567799526 -1.9167318966003277 -2
      vertex -2.114009019522094 -1.9851866071931965 -6
      vertex -2.3461492836873474 -1.704577231648172 -6
    endloop
  endfacet
  facet normal 0.5876023789778293 0.8087652908509352 -0.02494290549229823
    outer loop
      vertex -1.7847871712963308 -2.15743707977221 -2
      vertex -1.5538977054390906 -2.4485509839558435 -6
      vertex -1.8485295702712 -2.234488404049789 -6
    endloop
  endfacet
  facet normal 0.6843341278081887 0.7287418287587231 -0.02494290549229822
    outer loop
      vertex -2.0411121567799526 -1.9167318966003277 -2
      vertex -1.8485295702712 -2.234488404049789 -6
      vertex -2.114009019522094 -1.9851866071931965 -6
    endloop
  endfacet
  facet normal 0.9507606210564248 0.3089208521838623 -0.024942905492298217
    outer loop
      vertex -2.603374160487104 -1.030748747517098 -2
      vertex -2.6963518090759293 -1.0675612027855659 -6
      vertex -2.80889116727303 -0.7212006727780791 -6
    endloop
  endfacet
  facet normal 0.9819816389006062 0.18732301601159884 -0.024942905492298204
    outer loop
      vertex -2.712032851160167 -0.6963316840615935 -2
      vertex -2.80889116727303 -0.7212006727780791 -6
      vertex -2.8771326338119856 -0.3634663773364818 -6
    endloop
  endfacet
  facet normal 0.9977162196919279 0.06277098397548715 -0.024942905492298127
    outer loop
      vertex -2.777921163680538 -0.35093305398005137 -2
      vertex -2.8771326338119856 -0.3634663773364818 -6
      vertex -2.9 0 -6
    endloop
  endfacet
  facet normal 0.8440652359469767 0.535660087118106 -0.02494290549229822
    outer loop
      vertex -2.2652475842498525 -1.6457987064189248 -2
      vertex -2.3461492836873474 -1.704577231648172 -6
      vertex -2.541289372127204 -1.3970856548949746 -6
    endloop
  endfacet
  facet normal 0.9045455402613178 0.4256468219768156 -0.024942905492298214
    outer loop
      vertex -2.4536587041228177 -1.348910287484803 -2
      vertex -2.541289372127204 -1.3970856548949746 -6
      vertex -2.6963518090759293 -1.0675612027855659 -6
    endloop
  endfacet
  facet normal 0.36801002079247996 0.9294872113493122 -0.024942905492298145
    outer loop
      vertex -1.1921820163822028 -2.533515746904855 -2
      vertex -0.8961492836873475 -2.758063897255945 -6
      vertex -1.23475994553871 -2.6239984521514566 -6
    endloop
  endfacet
  facet normal 0.4816037896143422 0.876034041173462 -0.024942905492298214
    outer loop
      vertex -1.5003150259411908 -2.364118191405642 -2
      vertex -1.23475994553871 -2.6239984521514566 -6
      vertex -1.5538977054390906 -2.4485509839558435 -6
    endloop
  endfacet
  facet normal 0.24861251410418952 0.9682818129534378 -0.02494290549229822
    outer loop
      vertex -0.8652475842498527 -2.6629582456264296 -2
      vertex -0.543405812298602 -2.848633027113197 -6
      vertex -0.8961492836873475 -2.758063897255945 -6
    endloop
  endfacet
  facet normal 0.12529423955455746 0.9918060319437705 -0.02494290549229821
    outer loop
      vertex -0.1758134546820785 -2.79447483959916 -2
      vertex -0.1820925066350099 -2.8942775124419873 -6
      vertex -0.543405812298602 -2.848633027113197 -6
    endloop
  endfacet
  facet normal 0.7702735186416201 0.6372256726977187 -0.024942905492298217
    outer loop
      vertex -2.2652475842498525 -1.6457987064189248 -2
      vertex -2.0411121567799526 -1.9167318966003277 -2
      vertex -2.3461492836873474 -1.704577231648172 -6
    endloop
  endfacet
  facet normal 0.6843341278081886 0.7287418287587232 -0.024942905492298235
    outer loop
      vertex -2.0411121567799526 -1.9167318966003277 -2
      vertex -1.7847871712963308 -2.15743707977221 -2
      vertex -1.8485295702712 -2.234488404049789 -6
    endloop
  endfacet
  facet normal 0.9045455402613178 0.42564682197681564 -0.024942905492298214
    outer loop
      vertex -2.4536587041228177 -1.348910287484803 -2
      vertex -2.6963518090759293 -1.0675612027855659 -6
      vertex -2.603374160487104 -1.030748747517098 -2
    endloop
  endfacet
  facet normal 0.9507606210564248 0.30892085218386234 -0.024942905492298207
    outer loop
      vertex -2.603374160487104 -1.030748747517098 -2
      vertex -2.80889116727303 -0.7212006727780791 -6
      vertex -2.712032851160167 -0.6963316840615935 -2
    endloop
  endfacet
  facet normal 0.981981638900606 0.18732301601159967 -0.02494290549229812
    outer loop
      vertex -2.712032851160167 -0.6963316840615935 -2
      vertex -2.8771326338119856 -0.3634663773364818 -6
      vertex -2.777921163680538 -0.35093305398005137 -2
    endloop
  endfacet
  facet normal 0.997716219691928 0.06277098397548607 -0.02494290549229822
    outer loop
      vertex -2.777921163680538 -0.35093305398005137 -2
      vertex -2.9 0 -6
      vertex -2.8 0 -2
    endloop
  endfacet
  facet normal 0.8440652359469767 0.5356600871181061 -0.024942905492298224
    outer loop
      vertex -2.2652475842498525 -1.6457987064189248 -2
      vertex -2.541289372127204 -1.3970856548949746 -6
      vertex -2.4536587041228177 -1.348910287484803 -2
    endloop
  endfacet
  facet normal 0.368010020792479 0.9294872113493126 -0.024942905492298228
    outer loop
      vertex -1.1921820163822028 -2.533515746904855 -2
      vertex -0.8652475842498527 -2.6629582456264296 -2
      vertex -0.8961492836873475 -2.758063897255945 -6
    endloop
  endfacet
  facet normal 0.5876023789778295 0.8087652908509351 -0.024942905492298217
    outer loop
      vertex -1.5003150259411908 -2.364118191405642 -2
      vertex -1.5538977054390906 -2.4485509839558435 -6
      vertex -1.7847871712963308 -2.15743707977221 -2
    endloop
  endfacet
  facet normal 0.48160378961434286 0.8760340411734615 -0.024942905492298138
    outer loop
      vertex -1.5003150259411908 -2.364118191405642 -2
      vertex -1.1921820163822028 -2.533515746904855 -2
      vertex -1.23475994553871 -2.6239984521514566 -6
    endloop
  endfacet
  facet normal 0.24861251410418927 0.9682818129534378 -0.024942905492298245
    outer loop
      vertex -0.8652475842498527 -2.6629582456264296 -2
      vertex -0.5246676808400295 -2.750404302040328 -2
      vertex -0.543405812298602 -2.848633027113197 -6
    endloop
  endfacet
  facet normal 0.12529423955455793 0.9918060319437705 -0.024942905492298252
    outer loop
      vertex -0.5246676808400295 -2.750404302040328 -2
      vertex -0.1758134546820785 -2.79447483959916 -2
      vertex -0.543405812298602 -2.848633027113197 -6
    endloop
  endfacet
  facet normal 0 0.9996888773341445 -0.0249429054922982
    outer loop
      vertex -0.1758134546820785 -2.79447483959916 -2
      vertex 0.1758134546820785 -2.79447483959916 -2
      vertex -0.1820925066350099 -2.8942775124419873 -6
    endloop
  endfacet
  facet normal 0 0 -1
    outer loop
      vertex -2.712032851160167 -0.6963316840615935 -2
      vertex -2.777921163680538 -0.35093305398005137 -2
      vertex -2.777921163680538 0.35093305398005137 -2
    endloop
  endfacet
  facet normal 0 0 -1
    outer loop
      vertex -2.603374160487104 -1.030748747517098 -2
      vertex -2.712032851160167 -0.6963316840615935 -2
      vertex -2.712032851160167 0.6963316840615935 -2
    endloop
  endfacet
  facet normal 0 0 -1
    outer loop
      vertex -2.4536587041228177 -1.348910287484803 -2
      vertex -2.603374160487104 -1.030748747517098 -2
      vertex -2.603374160487104 1.030748747517098 -2
    endloop
  endfacet
  facet normal 0 0 -1
    outer loop
      vertex -2.2652475842498525 -1.6457987064189248 -2
      vertex -2.4536587041228177 -1.348910287484803 -2
      vertex -2.4536587041228177 1.348910287484803 -2
    endloop
  endfacet
  facet normal 0 0 -1
    outer loop
      vertex -2.2652475842498525 -1.6457987064189248 -2
      vertex -2.2652475842498525 1.6457987064189248 -2
      vertex -2.0411121567799526 -1.9167318966003277 -2
    endloop
  endfacet
  facet normal 0 0 -1
    outer loop
      vertex -2.0411121567799526 -1.9167318966003277 -2
      vertex -2.0411121567799526 1.9167318966003277 -2
      vertex -1.7847871712963308 -2.15743707977221 -2
    endloop
  endfacet
  facet normal 0 0 -1
    outer loop
      vertex -1.1921820163822028 -2.533515746904855 -2
      vertex -0.9112107842767646 -0.8556838824108606 -2
      vertex -0.8652475842498527 -2.6629582456264296 -2
    endloop
  endfacet
  facet normal 0 0 -1
    outer loop
      vertex -0.8652475842498527 -2.6629582456264296 -2
      vertex -0.5322241144563405 -1.1310338155825246 -2
      vertex -0.5246676808400295 -2.750404302040328 -2
    endloop
  endfacet
  facet normal 0 0 -1
    outer loop
      vertex -0.5246676808400295 -2.750404302040328 -2
      vertex -0.23422664323215603 -1.2278590634108608 -2
      vertex -0.1758134546820785 -2.79447483959916 -2
    endloop
  endfacet
  facet normal 0 0 -1
    outer loop
      vertex -0.1758134546820785 -2.79447483959916 -2
      vertex -0.0784881494116422 -1.2475334105353395 -2
      vertex 0.1758134546820785 -2.79447483959916 -2
    endloop
  endfacet
  facet normal 0 0 -1
    outer loop
      vertex -0.5246676808400295 -2.750404302040328 -2
      vertex -0.38627124296868426 -1.1888206453689418 -2
      vertex -0.23422664323215603 -1.2278590634108608 -2
    endloop
  endfacet
  facet normal 0 0 -1
    outer loop
      vertex -0.1758134546820785 -2.79447483959916 -2
      vertex -0.23422664323215603 -1.2278590634108608 -2
      vertex -0.0784881494116422 -1.2475334105353395 -2
    endloop
  endfacet
  facet normal 0 0 -1
    outer loop
      vertex -1.1921820163822028 -2.533515746904855 -2
      vertex -1.0953833500548293 -0.6021920926271442 -2
      vertex -1.0112712429686843 -0.7347315653655915 -2
    endloop
  endfacet
  facet normal 0 0 -1
    outer loop
      vertex -1.1921820163822028 -2.533515746904855 -2
      vertex -1.0112712429686843 -0.7347315653655915 -2
      vertex -0.9112107842767646 -0.8556838824108606 -2
    endloop
  endfacet
  facet normal 0 0 -1
    outer loop
      vertex -1.1921820163822028 -2.533515746904855 -2
      vertex -1.2107289514107888 -0.31086235895606856 -2
      vertex -1.1622206073603143 -0.46015569085584734 -2
    endloop
  endfacet
  facet normal 0 0 -1
    outer loop
      vertex -1.1921820163822028 -2.533515746904855 -2
      vertex -1.1622206073603143 -0.46015569085584734 -2
      vertex -1.0953833500548293 -0.6021920926271442 -2
    endloop
  endfacet
  facet normal 0 0 -1
    outer loop
      vertex -1.1921820163822028 -2.533515746904855 -2
      vertex -1.2401433766430974 -0.15666654195538007 -2
      vertex -1.2107289514107888 -0.31086235895606856 -2
    endloop
  endfacet
  facet normal 0 0 -1
    outer loop
      vertex -1.5003150259411908 -2.364118191405642 -2
      vertex -1.7847871712963308 -2.15743707977221 -2
      vertex -1.7847871712963308 2.15743707977221 -2
    endloop
  endfacet
  facet normal 0 0 -1
    outer loop
      vertex -1.5003150259411908 -2.364118191405642 -2
      vertex -1.5003150259411908 2.364118191405642 -2
      vertex -1.1921820163822028 -2.533515746904855 -2
    endloop
  endfacet
  facet normal 0 0 -1
    outer loop
      vertex -1.1921820163822028 -2.533515746904855 -2
      vertex -1.5003150259411908 2.364118191405642 -2
      vertex -1.2401433766430974 -0.15666654195538007 -2
    endloop
  endfacet
  facet normal 0 0 -1
    outer loop
      vertex -0.8652475842498527 -2.6629582456264296 -2
      vertex -0.7967799871858621 -0.9631415534697367 -2
      vertex -0.6697834937237459 -1.0554099068775187 -2
    endloop
  endfacet
  facet normal 0 0 -1
    outer loop
      vertex -0.8652475842498527 -2.6629582456264296 -2
      vertex -0.6697834937237459 -1.0554099068775187 -2
      vertex -0.5322241144563405 -1.1310338155825246 -2
    endloop
  endfacet
  facet normal 0 0 -1
    outer loop
      vertex -0.8652475842498527 -2.6629582456264296 -2
      vertex -0.9112107842767646 -0.8556838824108606 -2
      vertex -0.7967799871858621 -0.9631415534697367 -2
    endloop
  endfacet
  facet normal 0 0 -1
    outer loop
      vertex -0.5246676808400295 -2.750404302040328 -2
      vertex -0.5322241144563405 -1.1310338155825246 -2
      vertex -0.38627124296868426 -1.1888206453689418 -2
    endloop
  endfacet
  facet normal 0.9977162196919279 -0.06277098397548715 -0.024942905492298127
    outer loop
      vertex -2.777921163680538 0.35093305398005137 -2
      vertex -2.9 0 -6
      vertex -2.8771326338119856 0.3634663773364818 -6
    endloop
  endfacet
  facet normal 0.9819816389006062 -0.18732301601159884 -0.024942905492298204
    outer loop
      vertex -2.712032851160167 0.6963316840615935 -2
      vertex -2.8771326338119856 0.3634663773364818 -6
      vertex -2.80889116727303 0.7212006727780791 -6
    endloop
  endfacet
  facet normal 0.9507606210564248 -0.3089208521838623 -0.024942905492298217
    outer loop
      vertex -2.603374160487104 1.030748747517098 -2
      vertex -2.80889116727303 0.7212006727780791 -6
      vertex -2.6963518090759293 1.0675612027855659 -6
    endloop
  endfacet
  facet normal 0.9045455402613178 -0.4256468219768156 -0.024942905492298214
    outer loop
      vertex -2.4536587041228177 1.348910287484803 -2
      vertex -2.6963518090759293 1.0675612027855659 -6
      vertex -2.541289372127204 1.3970856548949746 -6
    endloop
  endfacet
  facet normal 0.8440652359469767 -0.535660087118106 -0.02494290549229822
    outer loop
      vertex -2.2652475842498525 1.6457987064189248 -2
      vertex -2.541289372127204 1.3970856548949746 -6
      vertex -2.3461492836873474 1.704577231648172 -6
    endloop
  endfacet
  facet normal 0.7702735186416203 -0.6372256726977187 -0.024942905492298228
    outer loop
      vertex -2.0411121567799526 1.9167318966003277 -2
      vertex -2.3461492836873474 1.704577231648172 -6
      vertex -2.114009019522094 1.9851866071931965 -6
    endloop
  endfacet
  facet normal 0.6843341278081887 -0.7287418287587231 -0.02494290549229822
    outer loop
      vertex -2.0411121567799526 1.9167318966003277 -2
      vertex -2.114009019522094 1.9851866071931965 -6
      vertex -1.8485295702712 2.234488404049789 -6
    endloop
  endfacet
  facet normal 0.5876023789778293 -0.8087652908509352 -0.02494290549229823
    outer loop
      vertex -1.7847871712963308 2.15743707977221 -2
      vertex -1.8485295702712 2.234488404049789 -6
      vertex -1.5538977054390906 2.4485509839558435 -6
    endloop
  endfacet
  facet normal 0.4816037896143432 -0.8760340411734614 -0.024942905492298214
    outer loop
      vertex -1.5003150259411908 2.364118191405642 -2
      vertex -1.5538977054390906 2.4485509839558435 -6
      vertex -1.2347599455387108 2.6239984521514566 -6
    endloop
  endfacet
  facet normal 0.3680100207924791 -0.9294872113493124 -0.02494290549229826
    outer loop
      vertex -1.1921820163822034 2.5335157469048544 -2
      vertex -1.2347599455387108 2.6239984521514566 -6
      vertex -0.8961492836873475 2.758063897255945 -6
    endloop
  endfacet
  facet normal 0.2486125141041891 -0.968281812953438 -0.02494290549229822
    outer loop
      vertex -0.8652475842498527 2.6629582456264296 -2
      vertex -0.8961492836873475 2.758063897255945 -6
      vertex -0.5434058122986013 2.848633027113197 -6
    endloop
  endfacet
  facet normal 0.1252942395545572 -0.9918060319437706 -0.02494290549229814
    outer loop
      vertex -0.5246676808400288 2.7504043020403284 -2
      vertex -0.5434058122986013 2.848633027113197 -6
      vertex -0.1820925066350085 2.8942775124419873 -6
    endloop
  endfacet
  facet normal 0 -0.9996888773341445 -0.024942905492298204
    outer loop
      vertex -0.17581345468207715 2.79447483959916 -2
      vertex -0.1820925066350085 2.8942775124419873 -6
      vertex 0.18209250663500565 2.8942775124419873 -6
    endloop
  endfacet
  facet normal 0.997716219691928 -0.06277098397548607 -0.02494290549229822
    outer loop
      vertex -2.8 0 -2
      vertex -2.9 0 -6
      vertex -2.777921163680538 0.35093305398005137 -2
    endloop
  endfacet
  facet normal 0.981981638900606 -0.18732301601159967 -0.024942905492298127
    outer loop
      vertex -2.777921163680538 0.35093305398005137 -2
      vertex -2.8771326338119856 0.3634663773364818 -6
      vertex -2.712032851160167 0.6963316840615935 -2
    endloop
  endfacet
  facet normal 0.9507606210564248 -0.30892085218386234 -0.024942905492298204
    outer loop
      vertex -2.712032851160167 0.6963316840615935 -2
      vertex -2.80889116727303 0.7212006727780791 -6
      vertex -2.603374160487104 1.030748747517098 -2
    endloop
  endfacet
  facet normal 0.9045455402613178 -0.42564682197681564 -0.024942905492298217
    outer loop
      vertex -2.603374160487104 1.030748747517098 -2
      vertex -2.6963518090759293 1.0675612027855659 -6
      vertex -2.4536587041228177 1.348910287484803 -2
    endloop
  endfacet
  facet normal 0.8440652359469767 -0.5356600871181061 -0.02494290549229822
    outer loop
      vertex -2.4536587041228177 1.348910287484803 -2
      vertex -2.541289372127204 1.3970856548949746 -6
      vertex -2.2652475842498525 1.6457987064189248 -2
    endloop
  endfacet
  facet normal 0.7702735186416201 -0.6372256726977187 -0.024942905492298217
    outer loop
      vertex -2.2652475842498525 1.6457987064189248 -2
      vertex -2.3461492836873474 1.704577231648172 -6
      vertex -2.0411121567799526 1.9167318966003277 -2
    endloop
  endfacet
  facet normal 0.6843341278081886 -0.7287418287587232 -0.024942905492298235
    outer loop
      vertex -2.0411121567799526 1.9167318966003277 -2
      vertex -1.8485295702712 2.234488404049789 -6
      vertex -1.7847871712963308 2.15743707977221 -2
    endloop
  endfacet
  facet normal 0.5876023789778295 -0.8087652908509351 -0.024942905492298217
    outer loop
      vertex -1.7847871712963308 2.15743707977221 -2
      vertex -1.5538977054390906 2.4485509839558435 -6
      vertex -1.5003150259411908 2.364118191405642 -2
    endloop
  endfacet
  facet normal 0.48160378961434275 -0.8760340411734616 -0.02494290549229827
    outer loop
      vertex -1.5003150259411908 2.364118191405642 -2
      vertex -1.2347599455387108 2.6239984521514566 -6
      vertex -1.1921820163822034 2.5335157469048544 -2
    endloop
  endfacet
  facet normal 0.3680100207924794 -0.9294872113493122 -0.024942905492298224
    outer loop
      vertex -1.1921820163822034 2.5335157469048544 -2
      vertex -0.8961492836873475 2.758063897255945 -6
      vertex -0.8652475842498527 2.6629582456264296 -2
    endloop
  endfacet
  facet normal 0.24861251410419 -0.9682818129534376 -0.024942905492298138
    outer loop
      vertex -0.8652475842498527 2.6629582456264296 -2
      vertex -0.5434058122986013 2.848633027113197 -6
      vertex -0.5246676808400288 2.7504043020403284 -2
    endloop
  endfacet
  facet normal 0.12529423955455643 -0.9918060319437706 -0.024942905492298204
    outer loop
      vertex -0.5246676808400288 2.7504043020403284 -2
      vertex -0.1820925066350085 2.8942775124419873 -6
      vertex -0.17581345468207715 2.79447483959916 -2
    endloop
  endfacet
  facet normal 0 0 -1
    outer loop
      vertex -2.777921163680538 -0.35093305398005137 -2
      vertex -2.8 0 -2
      vertex -2.777921163680538 0.35093305398005137 -2
    endloop
  endfacet
  facet normal 0 0 -1
    outer loop
      vertex -2.712032851160167 -0.6963316840615935 -2
      vertex -2.777921163680538 0.35093305398005137 -2
      vertex -2.712032851160167 0.6963316840615935 -2
    endloop
  endfacet
  facet normal 0 0 -1
    outer loop
      vertex -2.603374160487104 -1.030748747517098 -2
      vertex -2.712032851160167 0.6963316840615935 -2
      vertex -2.603374160487104 1.030748747517098 -2
    endloop
  endfacet
  facet normal 0 0 -1
    outer loop
      vertex -2.4536587041228177 -1.348910287484803 -2
      vertex -2.603374160487104 1.030748747517098 -2
      vertex -2.4536587041228177 1.348910287484803 -2
    endloop
  endfacet
  facet normal 0 0 -1
    outer loop
      vertex -2.2652475842498525 -1.6457987064189248 -2
      vertex -2.4536587041228177 1.348910287484803 -2
      vertex -2.2652475842498525 1.6457987064189248 -2
    endloop
  endfacet
  facet normal 0 0 -1
    outer loop
      vertex -2.0411121567799526 -1.9167318966003277 -2
      vertex -2.2652475842498525 1.6457987064189248 -2
      vertex -2.0411121567799526 1.9167318966003277 -2
    endloop
  endfacet
  facet normal 0 0 -1
    outer loop
      vertex -1.7847871712963308 -2.15743707977221 -2
      vertex -2.0411121567799526 1.9167318966003277 -2
      vertex -1.7847871712963308 2.15743707977221 -2
    endloop
  endfacet
  facet normal 0 0 -1
    outer loop
      vertex -1.5003150259411908 -2.364118191405642 -2
      vertex -1.7847871712963308 2.15743707977221 -2
      vertex -1.5003150259411908 2.364118191405642 -2
    endloop
  endfacet
  facet normal 0 0 -1
    outer loop
      vertex -1.2401433766430974 -0.15666654195538007 -2
      vertex -1.5003150259411908 2.364118191405642 -2
      vertex -1.25 0 -2
    endloop
  endfacet
  facet normal 0 0 -1
    outer loop
      vertex -1.25 0 -2
      vertex -1.5003150259411908 2.364118191405642 -2
      vertex -1.2401433766430974 0.15666654195538007 -2
    endloop
  endfacet
  facet normal 0 0 -1
    outer loop
      vertex -1.2401433766430974 0.15666654195538007 -2
      vertex -1.5003150259411908 2.364118191405642 -2
      vertex -1.2107289514107888 0.31086235895606856 -2
    endloop
  endfacet
  facet normal 0 0 -1
    outer loop
      vertex -1.2107289514107888 0.31086235895606856 -2
      vertex -1.1921820163822034 2.5335157469048544 -2
      vertex -1.1622206073603143 0.46015569085584734 -2
    endloop
  endfacet
  facet normal 0 0 -1
    outer loop
      vertex -1.1622206073603143 0.46015569085584734 -2
      vertex -1.1921820163822034 2.5335157469048544 -2
      vertex -1.0953833500548293 0.6021920926271442 -2
    endloop
  endfacet
  facet normal 0 0 -1
    outer loop
      vertex -1.0953833500548293 0.6021920926271442 -2
      vertex -1.1921820163822034 2.5335157469048544 -2
      vertex -1.0112712429686843 0.7347315653655915 -2
    endloop
  endfacet
  facet normal 0 0 -1
    outer loop
      vertex -1.0112712429686843 0.7347315653655915 -2
      vertex -1.1921820163822034 2.5335157469048544 -2
      vertex -0.9112107842767646 0.8556838824108606 -2
    endloop
  endfacet
  facet normal 0 0 -1
    outer loop
      vertex -0.9112107842767646 0.8556838824108606 -2
      vertex -0.8652475842498527 2.6629582456264296 -2
      vertex -0.7967799871858621 0.9631415534697367 -2
    endloop
  endfacet
  facet normal 0 0 -1
    outer loop
      vertex -0.7967799871858621 0.9631415534697367 -2
      vertex -0.8652475842498527 2.6629582456264296 -2
      vertex -0.6697834937237459 1.0554099068775187 -2
    endloop
  endfacet
  facet normal 0 0 -1
    outer loop
      vertex -0.6697834937237459 1.0554099068775187 -2
      vertex -0.8652475842498527 2.6629582456264296 -2
      vertex -0.5322241144563409 1.1310338155825244 -2
    endloop
  endfacet
  facet normal 0 0 -1
    outer loop
      vertex -0.5322241144563409 1.1310338155825244 -2
      vertex -0.5246676808400288 2.7504043020403284 -2
      vertex -0.38627124296868426 1.1888206453689418 -2
    endloop
  endfacet
  facet normal 0 0 -1
    outer loop
      vertex -1.2107289514107888 0.31086235895606856 -2
      vertex -1.5003150259411908 2.364118191405642 -2
      vertex -1.1921820163822034 2.5335157469048544 -2
    endloop
  endfacet
  facet normal 0 0 -1
    outer loop
      vertex -0.9112107842767646 0.8556838824108606 -2
      vertex -1.1921820163822034 2.5335157469048544 -2
      vertex -0.8652475842498527 2.6629582456264296 -2
    endloop
  endfacet
  facet normal 0 0 -1
    outer loop
      vertex -0.5322241144563409 1.1310338155825244 -2
      vertex -0.8652475842498527 2.6629582456264296 -2
      vertex -0.5246676808400288 2.7504043020403284 -2
    endloop
  endfacet
  facet normal 0 0 -1
    outer loop
      vertex -0.38627124296868426 1.1888206453689418 -2
      vertex -0.5246676808400288 2.7504043020403284 -2
      vertex -0.23422664323215572 1.2278590634108608 -2
    endloop
  endfacet
  facet normal 0 0 -1
    outer loop
      vertex -0.23422664323215572 1.2278590634108608 -2
      vertex -0.17581345468207715 2.79447483959916 -2
      vertex -0.07848814941164159 1.2475334105353395 -2
    endloop
  endfacet
  facet normal 0 0 -1
    outer loop
      vertex -0.07848814941164159 1.2475334105353395 -2
      vertex -0.17581345468207715 2.79447483959916 -2
      vertex 0.07848814941164159 1.2475334105353395 -2
    endloop
  endfacet
  facet normal 0 0 -1
    outer loop
      vertex -0.23422664323215572 1.2278590634108608 -2
      vertex -0.5246676808400288 2.7504043020403284 -2
      vertex -0.17581345468207715 2.79447483959916 -2
    endloop
  endfacet
  facet normal 0 0.9996888773341446 -0.0249429054922982
    outer loop
      vertex 0.1758134546820785 -2.79447483959916 -2
      vertex 0.1820925066350099 -2.8942775124419873 -6
      vertex -0.1820925066350099 -2.8942775124419873 -6
    endloop
  endfacet
  facet normal -0.12529423955455743 0.9918060319437704 -0.024942905492298245
    outer loop
      vertex 0.5246676808400295 -2.750404302040328 -2
      vertex 0.543405812298602 -2.848633027113197 -6
      vertex 0.1820925066350099 -2.8942775124419873 -6
    endloop
  endfacet
  facet normal -0.24861251410418952 0.9682818129534378 -0.02494290549229822
    outer loop
      vertex 0.8652475842498527 -2.6629582456264296 -2
      vertex 0.8961492836873475 -2.758063897255945 -6
      vertex 0.543405812298602 -2.848633027113197 -6
    endloop
  endfacet
  facet normal -0.36801002079247996 0.9294872113493122 -0.024942905492298145
    outer loop
      vertex 1.1921820163822028 -2.533515746904855 -2
      vertex 1.23475994553871 -2.6239984521514566 -6
      vertex 0.8961492836873475 -2.758063897255945 -6
    endloop
  endfacet
  facet normal -0.4816037896143421 0.876034041173462 -0.024942905492298214
    outer loop
      vertex 1.5003150259411893 -2.364118191405643 -2
      vertex 1.553897705439089 -2.4485509839558444 -6
      vertex 1.23475994553871 -2.6239984521514566 -6
    endloop
  endfacet
  facet normal -0.5876023789778294 0.8087652908509352 -0.024942905492298235
    outer loop
      vertex 1.7847871712963317 -2.157437079772209 -2
      vertex 1.8485295702712008 -2.234488404049788 -6
      vertex 1.553897705439089 -2.4485509839558444 -6
    endloop
  endfacet
  facet normal -0.6843341278081886 0.7287418287587231 -0.02494290549229822
    outer loop
      vertex 2.0411121567799526 -1.9167318966003277 -2
      vertex 2.114009019522094 -1.9851866071931965 -6
      vertex 1.8485295702712008 -2.234488404049788 -6
    endloop
  endfacet
  facet normal -0.7702735186416203 0.6372256726977187 -0.024942905492298228
    outer loop
      vertex 2.0411121567799526 -1.9167318966003277 -2
      vertex 2.3461492836873474 -1.704577231648172 -6
      vertex 2.114009019522094 -1.9851866071931965 -6
    endloop
  endfacet
  facet normal -0.8440652359469767 0.535660087118106 -0.02494290549229822
    outer loop
      vertex 2.2652475842498525 -1.6457987064189248 -2
      vertex 2.541289372127204 -1.3970856548949746 -6
      vertex 2.3461492836873474 -1.704577231648172 -6
    endloop
  endfacet
  facet normal -0.9045455402613182 0.425646821976815 -0.024942905492298214
    outer loop
      vertex 2.4536587041228177 -1.348910287484803 -2
      vertex 2.6963518090759284 -1.0675612027855672 -6
      vertex 2.541289372127204 -1.3970856548949746 -6
    endloop
  endfacet
  facet normal -0.9507606210564244 0.30892085218386356 -0.024942905492298217
    outer loop
      vertex 2.6033741604871032 -1.0307487475170993 -2
      vertex 2.8088911672730306 -0.7212006727780779 -6
      vertex 2.6963518090759284 -1.0675612027855672 -6
    endloop
  endfacet
  facet normal -0.9819816389006063 0.1873230160115983 -0.024942905492298304
    outer loop
      vertex 2.712032851160167 -0.6963316840615924 -2
      vertex 2.8771326338119856 -0.3634663773364818 -6
      vertex 2.8088911672730306 -0.7212006727780779 -6
    endloop
  endfacet
  facet normal -0.9977162196919279 0.06277098397548715 -0.024942905492298127
    outer loop
      vertex 2.777921163680538 -0.35093305398005137 -2
      vertex 2.9 0 -6
      vertex 2.8771326338119856 -0.3634663773364818 -6
    endloop
  endfacet
  facet normal -0.12529423955455793 0.9918060319437705 -0.024942905492298207
    outer loop
      vertex 0.1758134546820785 -2.79447483959916 -2
      vertex 0.5246676808400295 -2.750404302040328 -2
      vertex 0.1820925066350099 -2.8942775124419873 -6
    endloop
  endfacet
  facet normal -0.24861251410418927 0.9682818129534378 -0.024942905492298245
    outer loop
      vertex 0.5246676808400295 -2.750404302040328 -2
      vertex 0.8652475842498527 -2.6629582456264296 -2
      vertex 0.543405812298602 -2.848633027113197 -6
    endloop
  endfacet
  facet normal -0.368010020792479 0.9294872113493126 -0.024942905492298228
    outer loop
      vertex 0.8652475842498527 -2.6629582456264296 -2
      vertex 1.1921820163822028 -2.533515746904855 -2
      vertex 0.8961492836873475 -2.758063897255945 -6
    endloop
  endfacet
  facet normal -0.48160378961434275 0.8760340411734615 -0.024942905492298134
    outer loop
      vertex 1.1921820163822028 -2.533515746904855 -2
      vertex 1.5003150259411893 -2.364118191405643 -2
      vertex 1.23475994553871 -2.6239984521514566 -6
    endloop
  endfacet
  facet normal -0.5876023789778294 0.808765290850935 -0.024942905492298214
    outer loop
      vertex 1.5003150259411893 -2.364118191405643 -2
      vertex 1.7847871712963317 -2.157437079772209 -2
      vertex 1.553897705439089 -2.4485509839558444 -6
    endloop
  endfacet
  facet normal -0.6843341278081884 0.7287418287587232 -0.024942905492298235
    outer loop
      vertex 1.7847871712963317 -2.157437079772209 -2
      vertex 2.0411121567799526 -1.9167318966003277 -2
      vertex 1.8485295702712008 -2.234488404049788 -6
    endloop
  endfacet
  facet normal -0.7702735186416201 0.6372256726977187 -0.02494290549229822
    outer loop
      vertex 2.0411121567799526 -1.9167318966003277 -2
      vertex 2.2652475842498525 -1.6457987064189248 -2
      vertex 2.3461492836873474 -1.704577231648172 -6
    endloop
  endfacet
  facet normal -0.8440652359469767 0.5356600871181061 -0.024942905492298224
    outer loop
      vertex 2.2652475842498525 -1.6457987064189248 -2
      vertex 2.4536587041228177 -1.348910287484803 -2
      vertex 2.541289372127204 -1.3970856548949746 -6
    endloop
  endfacet
  facet normal -0.9045455402613181 0.42564682197681497 -0.024942905492298217
    outer loop
      vertex 2.4536587041228177 -1.348910287484803 -2
      vertex 2.6033741604871032 -1.0307487475170993 -2
      vertex 2.6963518090759284 -1.0675612027855672 -6
    endloop
  endfacet
  facet normal -0.9507606210564247 0.3089208521838626 -0.024942905492298304
    outer loop
      vertex 2.6033741604871032 -1.0307487475170993 -2
      vertex 2.712032851160167 -0.6963316840615924 -2
      vertex 2.8088911672730306 -0.7212006727780779 -6
    endloop
  endfacet
  facet normal -0.981981638900606 0.18732301601160026 -0.024942905492298127
    outer loop
      vertex 2.712032851160167 -0.6963316840615924 -2
      vertex 2.777921163680538 -0.35093305398005137 -2
      vertex 2.8771326338119856 -0.3634663773364818 -6
    endloop
  endfacet
  facet normal -0.997716219691928 0.06277098397548607 -0.02494290549229822
    outer loop
      vertex 2.777921163680538 -0.35093305398005137 -2
      vertex 2.8 0 -2
      vertex 2.9 0 -6
    endloop
  endfacet
  facet normal 0 0 -1
    outer loop
      vertex 0.1758134546820785 -2.79447483959916 -2
      vertex 0.23422664323215603 -1.2278590634108608 -2
      vertex 0.5246676808400295 -2.750404302040328 -2
    endloop
  endfacet
  facet normal 0 0 -1
    outer loop
      vertex -0.0784881494116422 -1.2475334105353395 -2
      vertex 0.07848814941164259 -1.2475334105353395 -2
      vertex 0.1758134546820785 -2.79447483959916 -2
    endloop
  endfacet
  facet normal 0 0 -1
    outer loop
      vertex 0.1758134546820785 -2.79447483959916 -2
      vertex 0.07848814941164259 -1.2475334105353395 -2
      vertex 0.23422664323215603 -1.2278590634108608 -2
    endloop
  endfacet
  facet normal 0 0 -1
    outer loop
      vertex 0.5246676808400295 -2.750404302040328 -2
      vertex 0.23422664323215603 -1.2278590634108608 -2
      vertex 0.38627124296868426 -1.1888206453689418 -2
    endloop
  endfacet
  facet normal 0 0 -1
    outer loop
      vertex 0.5246676808400295 -2.750404302040328 -2
      vertex 0.5322241144563405 -1.1310338155825246 -2
      vertex 0.8652475842498527 -2.6629582456264296 -2
    endloop
  endfacet
  facet normal 0 0 -1
    outer loop
      vertex 0.8652475842498527 -2.6629582456264296 -2
      vertex 0.9112107842767646 -0.8556838824108606 -2
      vertex 1.1921820163822028 -2.533515746904855 -2
    endloop
  endfacet
  facet normal 0 0 -1
    outer loop
      vertex 1.1921820163822028 -2.533515746904855 -2
      vertex 1.210728951410789 -0.31086235895606806 -2
      vertex 1.5003150259411893 -2.364118191405643 -2
    endloop
  endfacet
  facet normal 0 0 -1
    outer loop
      vertex 0.5246676808400295 -2.750404302040328 -2
      vertex 0.38627124296868426 -1.1888206453689418 -2
      vertex 0.5322241144563405 -1.1310338155825246 -2
    endloop
  endfacet
  facet normal 0 0 -1
    outer loop
      vertex 0.8652475842498527 -2.6629582456264296 -2
      vertex 0.5322241144563405 -1.1310338155825246 -2
      vertex 0.6697834937237452 -1.0554099068775191 -2
    endloop
  endfacet
  facet normal 0 0 -1
    outer loop
      vertex 0.8652475842498527 -2.6629582456264296 -2
      vertex 0.6697834937237452 -1.0554099068775191 -2
      vertex 0.7967799871858625 -0.9631415534697363 -2
    endloop
  endfacet
  facet normal 0 0 -1
    outer loop
      vertex 0.8652475842498527 -2.6629582456264296 -2
      vertex 0.7967799871858625 -0.9631415534697363 -2
      vertex 0.9112107842767646 -0.8556838824108606 -2
    endloop
  endfacet
  facet normal 0 0 -1
    outer loop
      vertex 1.1921820163822028 -2.533515746904855 -2
      vertex 0.9112107842767646 -0.8556838824108606 -2
      vertex 1.0112712429686843 -0.7347315653655915 -2
    endloop
  endfacet
  facet normal 0 0 -1
    outer loop
      vertex 1.1921820163822028 -2.533515746904855 -2
      vertex 1.0112712429686843 -0.7347315653655915 -2
      vertex 1.0953833500548293 -0.6021920926271442 -2
    endloop
  endfacet
  facet normal 0 0 -1
    outer loop
      vertex 1.1921820163822028 -2.533515746904855 -2
      vertex 1.0953833500548293 -0.6021920926271442 -2
      vertex 1.162220607360314 -0.46015569085584795 -2
    endloop
  endfacet
  facet normal 0 0 -1
    outer loop
      vertex 1.1921820163822028 -2.533515746904855 -2
      vertex 1.162220607360314 -0.46015569085584795 -2
      vertex 1.210728951410789 -0.31086235895606806 -2
    endloop
  endfacet
  facet normal 0 0 -1
    outer loop
      vertex 1.5003150259411893 -2.364118191405643 -2
      vertex 1.210728951410789 -0.31086235895606806 -2
      vertex 1.2401433766430974 -0.15666654195538007 -2
    endloop
  endfacet
  facet normal 0 0 -1
    outer loop
      vertex 1.5003150259411893 -2.364118191405643 -2
      vertex 1.2401433766430974 -0.15666654195538007 -2
      vertex 1.25 0 -2
    endloop
  endfacet
  facet normal 0 0 -1
    outer loop
      vertex 1.5003150259411893 -2.364118191405643 -2
      vertex 1.25 0 -2
      vertex 1.2401433766430974 0.15666654195538032 -2
    endloop
  endfacet
  facet normal 0 0 -1
    outer loop
      vertex 1.5003150259411893 -2.364118191405643 -2
      vertex 1.5003150259411906 2.364118191405642 -2
      vertex 1.7847871712963317 -2.157437079772209 -2
    endloop
  endfacet
  facet normal 0 0 -1
    outer loop
      vertex 1.7847871712963317 -2.157437079772209 -2
      vertex 1.7847871712963312 2.1574370797722096 -2
      vertex 2.0411121567799526 -1.9167318966003277 -2
    endloop
  endfacet
  facet normal 0 0 -1
    outer loop
      vertex 2.0411121567799526 -1.9167318966003277 -2
      vertex 2.041112156779952 1.9167318966003284 -2
      vertex 2.2652475842498525 -1.6457987064189248 -2
    endloop
  endfacet
  facet normal 0 0 -1
    outer loop
      vertex 2.2652475842498525 -1.6457987064189248 -2
      vertex 2.2652475842498525 1.6457987064189248 -2
      vertex 2.4536587041228177 -1.348910287484803 -2
    endloop
  endfacet
  facet normal 0 0 -1
    outer loop
      vertex 2.4536587041228177 -1.348910287484803 -2
      vertex 2.4536587041228177 1.348910287484803 -2
      vertex 2.6033741604871032 -1.0307487475170993 -2
    endloop
  endfacet
  facet normal 0 0 -1
    outer loop
      vertex 2.6033741604871032 -1.0307487475170993 -2
      vertex 2.6033741604871037 1.0307487475170982 -2
      vertex 2.712032851160167 -0.6963316840615924 -2
    endloop
  endfacet
  facet normal 0 0 -1
    outer loop
      vertex 2.712032851160167 -0.6963316840615924 -2
      vertex 2.712032851160167 0.6963316840615934 -2
      vertex 2.777921163680538 -0.35093305398005137 -2
    endloop
  endfacet
  facet normal -0.1252942395545562 -0.9918060319437706 -0.024942905492298113
    outer loop
      vertex 0.17581345468207715 2.79447483959916 -2
      vertex 0.18209250663500565 2.8942775124419873 -6
      vertex 0.5434058122986013 2.848633027113197 -6
    endloop
  endfacet
  facet normal -0.2486125141041891 -0.968281812953438 -0.02494290549229822
    outer loop
      vertex 0.8652475842498527 2.6629582456264296 -2
      vertex 0.5434058122986013 2.848633027113197 -6
      vertex 0.8961492836873475 2.758063897255945 -6
    endloop
  endfacet
  facet normal -0.4816037896143434 -0.8760340411734612 -0.024942905492298214
    outer loop
      vertex 1.5003150259411906 2.364118191405642 -2
      vertex 1.2347599455387108 2.6239984521514566 -6
      vertex 1.5538977054390903 2.4485509839558435 -6
    endloop
  endfacet
  facet normal -0.3680100207924791 -0.9294872113493124 -0.02494290549229826
    outer loop
      vertex 1.1921820163822034 2.5335157469048544 -2
      vertex 0.8961492836873475 2.758063897255945 -6
      vertex 1.2347599455387108 2.6239984521514566 -6
    endloop
  endfacet
  facet normal -0.9045455402613185 -0.4256468219768141 -0.02494290549229829
    outer loop
      vertex 2.4536587041228177 1.348910287484803 -2
      vertex 2.5412893721272045 1.3970856548949744 -6
      vertex 2.696351809075929 1.067561202785566 -6
    endloop
  endfacet
  facet normal -0.8440652359469762 -0.5356600871181065 -0.024942905492298224
    outer loop
      vertex 2.2652475842498525 1.6457987064189248 -2
      vertex 2.3461492836873474 1.704577231648172 -6
      vertex 2.5412893721272045 1.3970856548949744 -6
    endloop
  endfacet
  facet normal -0.9977162196919279 -0.06277098397548705 -0.02494290549229822
    outer loop
      vertex 2.8 0 -2
      vertex 2.8771326338119856 0.36346637733648235 -6
      vertex 2.9 0 -6
    endloop
  endfacet
  facet normal -0.981981638900606 -0.18732301601159923 -0.024942905492298193
    outer loop
      vertex 2.712032851160167 0.6963316840615934 -2
      vertex 2.80889116727303 0.7212006727780789 -6
      vertex 2.8771326338119856 0.36346637733648235 -6
    endloop
  endfacet
  facet normal -0.9507606210564246 -0.30892085218386306 -0.024942905492298217
    outer loop
      vertex 2.6033741604871037 1.0307487475170982 -2
      vertex 2.696351809075929 1.067561202785566 -6
      vertex 2.80889116727303 0.7212006727780789 -6
    endloop
  endfacet
  facet normal -0.6843341278081879 -0.7287418287587237 -0.02494290549229822
    outer loop
      vertex 2.041112156779952 1.9167318966003284 -2
      vertex 1.8485295702712001 2.2344884040497885 -6
      vertex 2.1140090195220935 1.9851866071931972 -6
    endloop
  endfacet
  facet normal -0.5876023789778295 -0.8087652908509351 -0.024942905492298204
    outer loop
      vertex 1.7847871712963312 2.1574370797722096 -2
      vertex 1.5538977054390903 2.4485509839558435 -6
      vertex 1.8485295702712001 2.2344884040497885 -6
    endloop
  endfacet
  facet normal -0.7702735186416202 -0.6372256726977183 -0.024942905492298224
    outer loop
      vertex 2.041112156779952 1.9167318966003284 -2
      vertex 2.1140090195220935 1.9851866071931972 -6
      vertex 2.3461492836873474 1.704577231648172 -6
    endloop
  endfacet
  facet normal 0 -0.9996888773341445 -0.0249429054922982
    outer loop
      vertex -0.17581345468207715 2.79447483959916 -2
      vertex 0.18209250663500565 2.8942775124419873 -6
      vertex 0.17581345468207715 2.79447483959916 -2
    endloop
  endfacet
  facet normal -0.12529423955455643 -0.9918060319437706 -0.024942905492298134
    outer loop
      vertex 0.17581345468207715 2.79447483959916 -2
      vertex 0.5434058122986013 2.848633027113197 -6
      vertex 0.5246676808400288 2.7504043020403284 -2
    endloop
  endfacet
  facet normal -0.24861251410419 -0.9682818129534376 -0.024942905492298134
    outer loop
      vertex 0.5246676808400288 2.7504043020403284 -2
      vertex 0.5434058122986013 2.848633027113197 -6
      vertex 0.8652475842498527 2.6629582456264296 -2
    endloop
  endfacet
  facet normal -0.48160378961434297 -0.8760340411734614 -0.024942905492298263
    outer loop
      vertex 1.1921820163822034 2.5335157469048544 -2
      vertex 1.2347599455387108 2.6239984521514566 -6
      vertex 1.5003150259411906 2.364118191405642 -2
    endloop
  endfacet
  facet normal -0.5876023789778294 -0.8087652908509351 -0.024942905492298214
    outer loop
      vertex 1.7847871712963312 2.1574370797722096 -2
      vertex 1.5003150259411906 2.364118191405642 -2
      vertex 1.5538977054390903 2.4485509839558435 -6
    endloop
  endfacet
  facet normal -0.3680100207924794 -0.9294872113493122 -0.024942905492298224
    outer loop
      vertex 0.8652475842498527 2.6629582456264296 -2
      vertex 0.8961492836873475 2.758063897255945 -6
      vertex 1.1921820163822034 2.5335157469048544 -2
    endloop
  endfacet
  facet normal -0.8440652359469767 -0.5356600871181061 -0.024942905492298287
    outer loop
      vertex 2.4536587041228177 1.348910287484803 -2
      vertex 2.2652475842498525 1.6457987064189248 -2
      vertex 2.5412893721272045 1.3970856548949744 -6
    endloop
  endfacet
  facet normal -0.997716219691928 -0.06277098397548597 -0.024942905492298124
    outer loop
      vertex 2.8 0 -2
      vertex 2.777921163680538 0.3509330539800519 -2
      vertex 2.8771326338119856 0.36346637733648235 -6
    endloop
  endfacet
  facet normal -0.981981638900606 -0.18732301601160004 -0.024942905492298124
    outer loop
      vertex 2.777921163680538 0.3509330539800519 -2
      vertex 2.712032851160167 0.6963316840615934 -2
      vertex 2.8771326338119856 0.36346637733648235 -6
    endloop
  endfacet
  facet normal -0.9507606210564246 -0.3089208521838632 -0.024942905492298197
    outer loop
      vertex 2.712032851160167 0.6963316840615934 -2
      vertex 2.6033741604871037 1.0307487475170982 -2
      vertex 2.80889116727303 0.7212006727780789 -6
    endloop
  endfacet
  facet normal -0.9045455402613183 -0.42564682197681486 -0.02494290549229822
    outer loop
      vertex 2.6033741604871037 1.0307487475170982 -2
      vertex 2.4536587041228177 1.348910287484803 -2
      vertex 2.696351809075929 1.067561202785566 -6
    endloop
  endfacet
  facet normal -0.684334127808188 -0.7287418287587235 -0.024942905492298197
    outer loop
      vertex 1.7847871712963312 2.1574370797722096 -2
      vertex 1.8485295702712001 2.2344884040497885 -6
      vertex 2.041112156779952 1.9167318966003284 -2
    endloop
  endfacet
  facet normal -0.7702735186416203 -0.6372256726977185 -0.02494290549229822
    outer loop
      vertex 2.041112156779952 1.9167318966003284 -2
      vertex 2.3461492836873474 1.704577231648172 -6
      vertex 2.2652475842498525 1.6457987064189248 -2
    endloop
  endfacet
  facet normal 0 0 -1
    outer loop
      vertex 0.38627124296868426 1.1888206453689418 -2
      vertex 0.5246676808400288 2.7504043020403284 -2
      vertex 0.5322241144563409 1.1310338155825244 -2
    endloop
  endfacet
  facet normal 0 0 -1
    outer loop
      vertex 0.7967799871858622 0.9631415534697364 -2
      vertex 0.8652475842498527 2.6629582456264296 -2
      vertex 0.9112107842767645 0.8556838824108609 -2
    endloop
  endfacet
  facet normal 0 0 -1
    outer loop
      vertex 0.6697834937237458 1.055409906877519 -2
      vertex 0.5322241144563409 1.1310338155825244 -2
      vertex 0.8652475842498527 2.6629582456264296 -2
    endloop
  endfacet
  facet normal 0 0 -1
    outer loop
      vertex 0.6697834937237458 1.055409906877519 -2
      vertex 0.8652475842498527 2.6629582456264296 -2
      vertex 0.7967799871858622 0.9631415534697364 -2
    endloop
  endfacet
  facet normal 0 0 -1
    outer loop
      vertex 1.5003150259411893 -2.364118191405643 -2
      vertex 1.2401433766430974 0.15666654195538032 -2
      vertex 1.1921820163822034 2.5335157469048544 -2
    endloop
  endfacet
  facet normal 0 0 -1
    outer loop
      vertex 1.5003150259411893 -2.364118191405643 -2
      vertex 1.1921820163822034 2.5335157469048544 -2
      vertex 1.5003150259411906 2.364118191405642 -2
    endloop
  endfacet
  facet normal 0 0 -1
    outer loop
      vertex 1.7847871712963317 -2.157437079772209 -2
      vertex 1.5003150259411906 2.364118191405642 -2
      vertex 1.7847871712963312 2.1574370797722096 -2
    endloop
  endfacet
  facet normal 0 0 -1
    outer loop
      vertex 1.2401433766430974 0.15666654195538032 -2
      vertex 1.2107289514107888 0.3108623589560685 -2
      vertex 1.1921820163822034 2.5335157469048544 -2
    endloop
  endfacet
  facet normal 0 0 -1
    outer loop
      vertex 1.0953833500548296 0.6021920926271441 -2
      vertex 1.1921820163822034 2.5335157469048544 -2
      vertex 1.162220607360314 0.46015569085584745 -2
    endloop
  endfacet
  facet normal 0 0 -1
    outer loop
      vertex 1.2107289514107888 0.3108623589560685 -2
      vertex 1.162220607360314 0.46015569085584745 -2
      vertex 1.1921820163822034 2.5335157469048544 -2
    endloop
  endfacet
  facet normal 0 0 -1
    outer loop
      vertex 1.0112712429686843 0.7347315653655915 -2
      vertex 0.9112107842767645 0.8556838824108609 -2
      vertex 1.1921820163822034 2.5335157469048544 -2
    endloop
  endfacet
  facet normal 0 0 -1
    outer loop
      vertex 1.0953833500548296 0.6021920926271441 -2
      vertex 1.0112712429686843 0.7347315653655915 -2
      vertex 1.1921820163822034 2.5335157469048544 -2
    endloop
  endfacet
  facet normal 0 0 -1
    outer loop
      vertex 0.07848814941164159 1.2475334105353395 -2
      vertex 0.17581345468207715 2.79447483959916 -2
      vertex 0.23422664323215572 1.2278590634108608 -2
    endloop
  endfacet
  facet normal 0 0 -1
    outer loop
      vertex 0.23422664323215572 1.2278590634108608 -2
      vertex 0.5246676808400288 2.7504043020403284 -2
      vertex 0.38627124296868426 1.1888206453689418 -2
    endloop
  endfacet
  facet normal 0 0 -1
    outer loop
      vertex -0.17581345468207715 2.79447483959916 -2
      vertex 0.17581345468207715 2.79447483959916 -2
      vertex 0.07848814941164159 1.2475334105353395 -2
    endloop
  endfacet
  facet normal 0 0 -1
    outer loop
      vertex 0.23422664323215572 1.2278590634108608 -2
      vertex 0.17581345468207715 2.79447483959916 -2
      vertex 0.5246676808400288 2.7504043020403284 -2
    endloop
  endfacet
  facet normal 0 0 -1
    outer loop
      vertex 0.5322241144563409 1.1310338155825244 -2
      vertex 0.5246676808400288 2.7504043020403284 -2
      vertex 0.8652475842498527 2.6629582456264296 -2
    endloop
  endfacet
  facet normal 0 0 -1
    outer loop
      vertex 0.9112107842767645 0.8556838824108609 -2
      vertex 0.8652475842498527 2.6629582456264296 -2
      vertex 1.1921820163822034 2.5335157469048544 -2
    endloop
  endfacet
  facet normal 0 0 -1
    outer loop
      vertex 2.0411121567799526 -1.9167318966003277 -2
      vertex 1.7847871712963312 2.1574370797722096 -2
      vertex 2.041112156779952 1.9167318966003284 -2
    endloop
  endfacet
  facet normal 0 0 -1
    outer loop
      vertex 2.2652475842498525 -1.6457987064189248 -2
      vertex 2.041112156779952 1.9167318966003284 -2
      vertex 2.2652475842498525 1.6457987064189248 -2
    endloop
  endfacet
  facet normal 0 0 -1
    outer loop
      vertex 2.4536587041228177 -1.348910287484803 -2
      vertex 2.2652475842498525 1.6457987064189248 -2
      vertex 2.4536587041228177 1.348910287484803 -2
    endloop
  endfacet
  facet normal 0 0 -1
    outer loop
      vertex 2.6033741604871032 -1.0307487475170993 -2
      vertex 2.4536587041228177 1.348910287484803 -2
      vertex 2.6033741604871037 1.0307487475170982 -2
    endloop
  endfacet
  facet normal 0 0 -1
    outer loop
      vertex 2.777921163680538 -0.35093305398005137 -2
      vertex 2.777921163680538 0.3509330539800519 -2
      vertex 2.8 0 -2
    endloop
  endfacet
  facet normal 0 0 -1
    outer loop
      vertex 2.712032851160167 -0.6963316840615924 -2
      vertex 2.6033741604871037 1.0307487475170982 -2
      vertex 2.712032851160167 0.6963316840615934 -2
    endloop
  endfacet
  facet normal 0 0 -1
    outer loop
      vertex 2.777921163680538 -0.35093305398005137 -2
      vertex 2.712032851160167 0.6963316840615934 -2
      vertex 2.777921163680538 0.3509330539800519 -2
    endloop
  endfacet
  facet normal 0.6845471059286894 0.7289686274214109 0
    outer loop
      vertex -0.9112107842767646 -0.8556838824108606 -2
      vertex -0.9112107842767646 -0.8556838824108606 6
      vertex -0.7967799871858621 -0.9631415534697367 -2
    endloop
  endfacet
  facet normal 0.9048270524660195 0.42577929156507305 0
    outer loop
      vertex -1.1622206073603143 -0.46015569085584734 -2
      vertex -1.1622206073603143 -0.46015569085584734 6
      vertex -1.0953833500548293 -0.6021920926271442 -2
    endloop
  endfacet
  facet normal 0.7705132427757888 0.6374239897486901 0
    outer loop
      vertex -0.9112107842767646 -0.8556838824108606 -2
      vertex -1.0112712429686843 -0.7347315653655915 -2
      vertex -1.0112712429686843 -0.7347315653655915 6
    endloop
  endfacet
  facet normal 0.8443279255020154 0.535826794978996 0
    outer loop
      vertex -1.0112712429686843 -0.7347315653655915 -2
      vertex -1.0953833500548293 -0.6021920926271442 -2
      vertex -1.0953833500548293 -0.6021920926271442 6
    endloop
  endfacet
  facet normal 0.9510565162951536 0.30901699437494723 0
    outer loop
      vertex -1.1622206073603143 -0.46015569085584734 -2
      vertex -1.2107289514107888 -0.31086235895606856 -2
      vertex -1.2107289514107888 -0.31086235895606856 6
    endloop
  endfacet
  facet normal 0.9822872507286885 0.1873813145857251 0
    outer loop
      vertex -1.2107289514107888 -0.31086235895606856 -2
      vertex -1.2401433766430974 -0.15666654195538007 -2
      vertex -1.2401433766430974 -0.15666654195538007 6
    endloop
  endfacet
  facet normal 0.9980267284282716 0.06279051952931293 0
    outer loop
      vertex -1.2401433766430974 -0.15666654195538007 -2
      vertex -1.25 0 -2
      vertex -1.25 0 6
    endloop
  endfacet
  facet normal 0.5877852522924722 0.8090169943749481 0
    outer loop
      vertex -0.7967799871858621 -0.9631415534697367 -2
      vertex -0.7967799871858621 -0.9631415534697367 6
      vertex -0.6697834937237459 -1.0554099068775187 -2
    endloop
  endfacet
  facet normal 0.4817536741017159 0.8763066800438633 0
    outer loop
      vertex -0.5322241144563405 -1.1310338155825246 -2
      vertex -0.6697834937237459 -1.0554099068775187 -2
      vertex -0.6697834937237459 -1.0554099068775187 6
    endloop
  endfacet
  facet normal 0.3681245526846768 0.9297764858882519 0
    outer loop
      vertex -0.5322241144563405 -1.1310338155825246 -2
      vertex -0.5322241144563405 -1.1310338155825246 6
      vertex -0.38627124296868426 -1.1888206453689418 -2
    endloop
  endfacet
  facet normal 0.2486898871648558 0.9685831611286309 0
    outer loop
      vertex -0.38627124296868426 -1.1888206453689418 -2
      vertex -0.38627124296868426 -1.1888206453689418 6
      vertex -0.23422664323215603 -1.2278590634108608 -2
    endloop
  endfacet
  facet normal 0.12533323356430498 0.9921147013144778 0
    outer loop
      vertex -0.23422664323215603 -1.2278590634108608 -2
      vertex -0.23422664323215603 -1.2278590634108608 6
      vertex -0.0784881494116422 -1.2475334105353395 -2
    endloop
  endfacet
  facet normal 0 1 0
    outer loop
      vertex -0.0784881494116422 -1.2475334105353395 -2
      vertex -0.0784881494116422 -1.2475334105353395 6
      vertex 0.07848814941164259 -1.2475334105353395 -2
    endloop
  endfacet
  facet normal 0.9048270524660195 0.42577929156507305 0
    outer loop
      vertex -1.0953833500548293 -0.6021920926271442 -2
      vertex -1.1622206073603143 -0.46015569085584734 6
      vertex -1.0953833500548293 -0.6021920926271442 6
    endloop
  endfacet
  facet normal 0.8443279255020154 0.535826794978996 0
    outer loop
      vertex -1.0112712429686843 -0.7347315653655915 -2
      vertex -1.0953833500548293 -0.6021920926271442 6
      vertex -1.0112712429686843 -0.7347315653655915 6
    endloop
  endfacet
  facet normal 0.7705132427757888 0.6374239897486901 0
    outer loop
      vertex -0.9112107842767646 -0.8556838824108606 -2
      vertex -1.0112712429686843 -0.7347315653655915 6
      vertex -0.9112107842767646 -0.8556838824108606 6
    endloop
  endfacet
  facet normal 0.9822872507286885 0.1873813145857251 0
    outer loop
      vertex -1.2107289514107888 -0.31086235895606856 -2
      vertex -1.2401433766430974 -0.15666654195538007 6
      vertex -1.2107289514107888 -0.31086235895606856 6
    endloop
  endfacet
  facet normal 0.9510565162951536 0.30901699437494723 0
    outer loop
      vertex -1.1622206073603143 -0.46015569085584734 -2
      vertex -1.2107289514107888 -0.31086235895606856 6
      vertex -1.1622206073603143 -0.46015569085584734 6
    endloop
  endfacet
  facet normal 0.9980267284282716 0.06279051952931293 0
    outer loop
      vertex -1.2401433766430974 -0.15666654195538007 -2
      vertex -1.25 0 6
      vertex -1.2401433766430974 -0.15666654195538007 6
    endloop
  endfacet
  facet normal 0.6845471059286894 0.7289686274214109 0
    outer loop
      vertex -0.7967799871858621 -0.9631415534697367 -2
      vertex -0.9112107842767646 -0.8556838824108606 6
      vertex -0.7967799871858621 -0.9631415534697367 6
    endloop
  endfacet
  facet normal 0.5877852522924722 0.8090169943749481 0
    outer loop
      vertex -0.6697834937237459 -1.0554099068775187 -2
      vertex -0.7967799871858621 -0.9631415534697367 6
      vertex -0.6697834937237459 -1.0554099068775187 6
    endloop
  endfacet
  facet normal 0.4817536741017159 0.8763066800438633 0
    outer loop
      vertex -0.5322241144563405 -1.1310338155825246 -2
      vertex -0.6697834937237459 -1.0554099068775187 6
      vertex -0.5322241144563405 -1.1310338155825246 6
    endloop
  endfacet
  facet normal 0.3681245526846768 0.9297764858882519 0
    outer loop
      vertex -0.38627124296868426 -1.1888206453689418 -2
      vertex -0.5322241144563405 -1.1310338155825246 6
      vertex -0.38627124296868426 -1.1888206453689418 6
    endloop
  endfacet
  facet normal 0.2486898871648558 0.9685831611286309 0
    outer loop
      vertex -0.23422664323215603 -1.2278590634108608 -2
      vertex -0.38627124296868426 -1.1888206453689418 6
      vertex -0.23422664323215603 -1.2278590634108608 6
    endloop
  endfacet
  facet normal 0.12533323356430498 0.9921147013144778 0
    outer loop
      vertex -0.0784881494116422 -1.2475334105353395 -2
      vertex -0.23422664323215603 -1.2278590634108608 6
      vertex -0.0784881494116422 -1.2475334105353395 6
    endloop
  endfacet
  facet normal 0.9980267284282716 -0.06279051952931293 0
    outer loop
      vertex -1.25 0 -2
      vertex -1.2401433766430974 0.15666654195538007 -2
      vertex -1.2401433766430974 0.15666654195538007 6
    endloop
  endfacet
  facet normal 0.9822872507286885 -0.1873813145857251 0
    outer loop
      vertex -1.2401433766430974 0.15666654195538007 -2
      vertex -1.2107289514107888 0.31086235895606856 -2
      vertex -1.2107289514107888 0.31086235895606856 6
    endloop
  endfacet
  facet normal 0.9510565162951536 -0.30901699437494723 0
    outer loop
      vertex -1.2107289514107888 0.31086235895606856 -2
      vertex -1.1622206073603143 0.46015569085584734 -2
      vertex -1.1622206073603143 0.46015569085584734 6
    endloop
  endfacet
  facet normal 0.9048270524660195 -0.42577929156507305 0
    outer loop
      vertex -1.1622206073603143 0.46015569085584734 -2
      vertex -1.0953833500548293 0.6021920926271442 -2
      vertex -1.0953833500548293 0.6021920926271442 6
    endloop
  endfacet
  facet normal 0.8443279255020154 -0.535826794978996 0
    outer loop
      vertex -1.0953833500548293 0.6021920926271442 -2
      vertex -1.0112712429686843 0.7347315653655915 -2
      vertex -1.0112712429686843 0.7347315653655915 6
    endloop
  endfacet
  facet normal 0.7705132427757888 -0.6374239897486901 0
    outer loop
      vertex -1.0112712429686843 0.7347315653655915 -2
      vertex -0.9112107842767646 0.8556838824108606 -2
      vertex -0.9112107842767646 0.8556838824108606 6
    endloop
  endfacet
  facet normal 0.6845471059286894 -0.7289686274214109 0
    outer loop
      vertex -0.9112107842767646 0.8556838824108606 -2
      vertex -0.7967799871858621 0.9631415534697367 -2
      vertex -0.7967799871858621 0.9631415534697367 6
    endloop
  endfacet
  facet normal 0.5877852522924722 -0.8090169943749481 0
    outer loop
      vertex -0.7967799871858621 0.9631415534697367 -2
      vertex -0.6697834937237459 1.0554099068775187 -2
      vertex -0.6697834937237459 1.0554099068775187 6
    endloop
  endfacet
  facet normal 0.48175367410171577 -0.8763066800438635 0
    outer loop
      vertex -0.6697834937237459 1.0554099068775187 -2
      vertex -0.5322241144563409 1.1310338155825244 -2
      vertex -0.5322241144563409 1.1310338155825244 6
    endloop
  endfacet
  facet normal 0.36812455268467725 -0.9297764858882516 0
    outer loop
      vertex -0.5322241144563409 1.1310338155825244 -2
      vertex -0.38627124296868426 1.1888206453689418 -2
      vertex -0.38627124296868426 1.1888206453689418 6
    endloop
  endfacet
  facet normal 0.24868988716485532 -0.968583161128631 0
    outer loop
      vertex -0.38627124296868426 1.1888206453689418 -2
      vertex -0.23422664323215572 1.2278590634108608 -2
      vertex -0.23422664323215572 1.2278590634108608 6
    endloop
  endfacet
  facet normal 0.12533323356430473 -0.9921147013144778 -4.903820183270431e-17
    outer loop
      vertex -0.23422664323215572 1.2278590634108608 -2
      vertex -0.07848814941164159 1.2475334105353395 -2
      vertex -0.07848814941163845 1.2475334105353395 6
    endloop
  endfacet
  facet normal 0.9980267284282716 -0.06279051952931293 0
    outer loop
      vertex -1.25 0 -2
      vertex -1.2401433766430974 0.15666654195538007 6
      vertex -1.25 0 6
    endloop
  endfacet
  facet normal 0.9822872507286885 -0.1873813145857251 0
    outer loop
      vertex -1.2401433766430974 0.15666654195538007 -2
      vertex -1.2107289514107888 0.31086235895606856 6
      vertex -1.2401433766430974 0.15666654195538007 6
    endloop
  endfacet
  facet normal 0.9510565162951536 -0.30901699437494723 0
    outer loop
      vertex -1.2107289514107888 0.31086235895606856 -2
      vertex -1.1622206073603143 0.46015569085584734 6
      vertex -1.2107289514107888 0.31086235895606856 6
    endloop
  endfacet
  facet normal 0.9048270524660195 -0.42577929156507305 0
    outer loop
      vertex -1.1622206073603143 0.46015569085584734 -2
      vertex -1.0953833500548293 0.6021920926271442 6
      vertex -1.1622206073603143 0.46015569085584734 6
    endloop
  endfacet
  facet normal 0.8443279255020154 -0.535826794978996 0
    outer loop
      vertex -1.0953833500548293 0.6021920926271442 -2
      vertex -1.0112712429686843 0.7347315653655915 6
      vertex -1.0953833500548293 0.6021920926271442 6
    endloop
  endfacet
  facet normal 0.7705132427757888 -0.6374239897486901 0
    outer loop
      vertex -1.0112712429686843 0.7347315653655915 -2
      vertex -0.9112107842767646 0.8556838824108606 6
      vertex -1.0112712429686843 0.7347315653655915 6
    endloop
  endfacet
  facet normal 0.6845471059286894 -0.7289686274214109 0
    outer loop
      vertex -0.9112107842767646 0.8556838824108606 -2
      vertex -0.7967799871858621 0.9631415534697367 6
      vertex -0.9112107842767646 0.8556838824108606 6
    endloop
  endfacet
  facet normal 0.5877852522924722 -0.8090169943749481 0
    outer loop
      vertex -0.7967799871858621 0.9631415534697367 -2
      vertex -0.6697834937237459 1.0554099068775187 6
      vertex -0.7967799871858621 0.9631415534697367 6
    endloop
  endfacet
  facet normal 0.48175367410171577 -0.8763066800438635 0
    outer loop
      vertex -0.6697834937237459 1.0554099068775187 -2
      vertex -0.5322241144563409 1.1310338155825244 6
      vertex -0.6697834937237459 1.0554099068775187 6
    endloop
  endfacet
  facet normal 0.36812455268467725 -0.9297764858882516 0
    outer loop
      vertex -0.5322241144563409 1.1310338155825244 -2
      vertex -0.38627124296868426 1.1888206453689418 6
      vertex -0.5322241144563409 1.1310338155825244 6
    endloop
  endfacet
  facet normal 0.24868988716485532 -0.968583161128631 0
    outer loop
      vertex -0.38627124296868426 1.1888206453689418 -2
      vertex -0.23422664323215572 1.2278590634108608 6
      vertex -0.38627124296868426 1.1888206453689418 6
    endloop
  endfacet
  facet normal 0.12533323356430226 -0.9921147013144781 0
    outer loop
      vertex -0.23422664323215572 1.2278590634108608 -2
      vertex -0.07848814941163845 1.2475334105353395 6
      vertex -0.23422664323215572 1.2278590634108608 6
    endloop
  endfacet
  facet normal 0 -1 0
    outer loop
      vertex -0.07848814941164159 1.2475334105353395 -2
      vertex 0.07848814941164159 1.2475334105353395 6
      vertex -0.07848814941163845 1.2475334105353395 6
    endloop
  endfacet
  facet normal -0.12533323356430529 0.9921147013144778 -5.4354625646021174e-18
    outer loop
      vertex 0.07848814941164259 -1.2475334105353395 -2
      vertex 0.07848814941164224 -1.2475334105353395 6
      vertex 0.23422664323215603 -1.2278590634108608 -2
    endloop
  endfacet
  facet normal -0.2486898871648558 0.9685831611286309 0
    outer loop
      vertex 0.23422664323215603 -1.2278590634108608 -2
      vertex 0.23422664323215603 -1.2278590634108608 6
      vertex 0.38627124296868426 -1.1888206453689418 -2
    endloop
  endfacet
  facet normal -0.3681245526846768 0.9297764858882519 0
    outer loop
      vertex 0.38627124296868426 -1.1888206453689418 -2
      vertex 0.38627124296868426 -1.1888206453689418 6
      vertex 0.5322241144563405 -1.1310338155825246 -2
    endloop
  endfacet
  facet normal -0.48175367410171555 0.8763066800438635 0
    outer loop
      vertex 0.5322241144563405 -1.1310338155825246 -2
      vertex 0.5322241144563405 -1.1310338155825246 6
      vertex 0.6697834937237452 -1.0554099068775191 -2
    endloop
  endfacet
  facet normal -0.5877852522924726 0.8090169943749479 0
    outer loop
      vertex 0.6697834937237452 -1.0554099068775191 -2
      vertex 0.6697834937237452 -1.0554099068775191 6
      vertex 0.7967799871858625 -0.9631415534697363 -2
    endloop
  endfacet
  facet normal -0.6845471059286893 0.728968627421411 0
    outer loop
      vertex 0.7967799871858625 -0.9631415534697363 -2
      vertex 0.7967799871858625 -0.9631415534697363 6
      vertex 0.9112107842767646 -0.8556838824108606 -2
    endloop
  endfacet
  facet normal -0.7705132427757888 0.6374239897486901 0
    outer loop
      vertex 0.9112107842767646 -0.8556838824108606 -2
      vertex 0.9112107842767646 -0.8556838824108606 6
      vertex 1.0112712429686843 -0.7347315653655915 -2
    endloop
  endfacet
  facet normal -0.8443279255020154 0.535826794978996 0
    outer loop
      vertex 1.0112712429686843 -0.7347315653655915 -2
      vertex 1.0112712429686843 -0.7347315653655915 6
      vertex 1.0953833500548293 -0.6021920926271442 -2
    endloop
  endfacet
  facet normal -0.9048270524660192 0.4257792915650733 0
    outer loop
      vertex 1.0953833500548293 -0.6021920926271442 -2
      vertex 1.0953833500548293 -0.6021920926271442 6
      vertex 1.162220607360314 -0.46015569085584795 -2
    endloop
  endfacet
  facet normal -0.9510565162951535 0.30901699437494773 0
    outer loop
      vertex 1.162220607360314 -0.46015569085584795 -2
      vertex 1.162220607360314 -0.46015569085584795 6
      vertex 1.210728951410789 -0.31086235895606806 -2
    endloop
  endfacet
  facet normal -0.9822872507286887 0.18738131458572435 0
    outer loop
      vertex 1.210728951410789 -0.31086235895606806 -2
      vertex 1.210728951410789 -0.31086235895606806 6
      vertex 1.2401433766430974 -0.15666654195538007 -2
    endloop
  endfacet
  facet normal -0.9980267284282716 0.06279051952931293 0
    outer loop
      vertex 1.2401433766430974 -0.15666654195538007 -2
      vertex 1.2401433766430974 -0.15666654195538007 6
      vertex 1.25 0 -2
    endloop
  endfacet
  facet normal 0 1 0
    outer loop
      vertex 0.07848814941164259 -1.2475334105353395 -2
      vertex -0.0784881494116422 -1.2475334105353395 6
      vertex 0.07848814941164224 -1.2475334105353395 6
    endloop
  endfacet
  facet normal -0.125333233564305 0.9921147013144778 0
    outer loop
      vertex 0.23422664323215603 -1.2278590634108608 -2
      vertex 0.07848814941164224 -1.2475334105353395 6
      vertex 0.23422664323215603 -1.2278590634108608 6
    endloop
  endfacet
  facet normal -0.2486898871648558 0.9685831611286309 0
    outer loop
      vertex 0.38627124296868426 -1.1888206453689418 -2
      vertex 0.23422664323215603 -1.2278590634108608 6
      vertex 0.38627124296868426 -1.1888206453689418 6
    endloop
  endfacet
  facet normal -0.3681245526846768 0.9297764858882519 0
    outer loop
      vertex 0.5322241144563405 -1.1310338155825246 -2
      vertex 0.38627124296868426 -1.1888206453689418 6
      vertex 0.5322241144563405 -1.1310338155825246 6
    endloop
  endfacet
  facet normal -0.48175367410171555 0.8763066800438635 0
    outer loop
      vertex 0.6697834937237452 -1.0554099068775191 -2
      vertex 0.5322241144563405 -1.1310338155825246 6
      vertex 0.6697834937237452 -1.0554099068775191 6
    endloop
  endfacet
  facet normal -0.5877852522924726 0.8090169943749479 0
    outer loop
      vertex 0.7967799871858625 -0.9631415534697363 -2
      vertex 0.6697834937237452 -1.0554099068775191 6
      vertex 0.7967799871858625 -0.9631415534697363 6
    endloop
  endfacet
  facet normal -0.6845471059286893 0.728968627421411 0
    outer loop
      vertex 0.9112107842767646 -0.8556838824108606 -2
      vertex 0.7967799871858625 -0.9631415534697363 6
      vertex 0.9112107842767646 -0.8556838824108606 6
    endloop
  endfacet
  facet normal -0.7705132427757888 0.6374239897486901 0
    outer loop
      vertex 1.0112712429686843 -0.7347315653655915 -2
      vertex 0.9112107842767646 -0.8556838824108606 6
      vertex 1.0112712429686843 -0.7347315653655915 6
    endloop
  endfacet
  facet normal -0.8443279255020154 0.535826794978996 0
    outer loop
      vertex 1.0953833500548293 -0.6021920926271442 -2
      vertex 1.0112712429686843 -0.7347315653655915 6
      vertex 1.0953833500548293 -0.6021920926271442 6
    endloop
  endfacet
  facet normal -0.9048270524660192 0.4257792915650733 0
    outer loop
      vertex 1.162220607360314 -0.46015569085584795 -2
      vertex 1.0953833500548293 -0.6021920926271442 6
      vertex 1.162220607360314 -0.46015569085584795 6
    endloop
  endfacet
  facet normal -0.9510565162951535 0.30901699437494773 0
    outer loop
      vertex 1.210728951410789 -0.31086235895606806 -2
      vertex 1.162220607360314 -0.46015569085584795 6
      vertex 1.210728951410789 -0.31086235895606806 6
    endloop
  endfacet
  facet normal -0.9822872507286887 0.18738131458572435 0
    outer loop
      vertex 1.2401433766430974 -0.15666654195538007 -2
      vertex 1.210728951410789 -0.31086235895606806 6
      vertex 1.2401433766430974 -0.15666654195538007 6
    endloop
  endfacet
  facet normal -0.9980267284282716 0.06279051952931293 0
    outer loop
      vertex 1.25 0 -2
      vertex 1.2401433766430974 -0.15666654195538007 6
      vertex 1.25 0 6
    endloop
  endfacet
  facet normal 0 -1 0
    outer loop
      vertex -0.07848814941164159 1.2475334105353395 -2
      vertex 0.07848814941164159 1.2475334105353395 -2
      vertex 0.07848814941164159 1.2475334105353395 6
    endloop
  endfacet
  facet normal -0.12533323356430473 -0.9921147013144778 0
    outer loop
      vertex 0.07848814941164159 1.2475334105353395 -2
      vertex 0.23422664323215572 1.2278590634108608 -2
      vertex 0.23422664323215572 1.2278590634108608 6
    endloop
  endfacet
  facet normal -0.24868988716485532 -0.968583161128631 0
    outer loop
      vertex 0.23422664323215572 1.2278590634108608 -2
      vertex 0.38627124296868426 1.1888206453689418 -2
      vertex 0.38627124296868426 1.1888206453689418 6
    endloop
  endfacet
  facet normal -0.36812455268467725 -0.9297764858882516 0
    outer loop
      vertex 0.38627124296868426 1.1888206453689418 -2
      vertex 0.5322241144563409 1.1310338155825244 -2
      vertex 0.5322241144563409 1.1310338155825244 6
    endloop
  endfacet
  facet normal -0.48175367410171493 -0.8763066800438638 0
    outer loop
      vertex 0.6697834937237458 1.055409906877519 -2
      vertex 0.6697834937237458 1.055409906877519 6
      vertex 0.5322241144563409 1.1310338155825244 -2
    endloop
  endfacet
  facet normal -0.5877852522924739 -0.8090169943749469 0
    outer loop
      vertex 0.6697834937237458 1.055409906877519 -2
      vertex 0.7967799871858622 0.9631415534697364 -2
      vertex 0.7967799871858622 0.9631415534697364 6
    endloop
  endfacet
  facet normal -0.9980267284282716 -0.06279051952931283 0
    outer loop
      vertex 1.25 0 -2
      vertex 1.25 0 6
      vertex 1.2401433766430974 0.15666654195538032 -2
    endloop
  endfacet
  facet normal -0.9822872507286885 -0.18738131458572546 0
    outer loop
      vertex 1.2401433766430974 0.15666654195538032 -2
      vertex 1.2401433766430974 0.15666654195538032 6
      vertex 1.2107289514107888 0.3108623589560685 -2
    endloop
  endfacet
  facet normal -0.9510565162951534 -0.30901699437494823 0
    outer loop
      vertex 1.2107289514107888 0.3108623589560685 -2
      vertex 1.2107289514107888 0.3108623589560685 6
      vertex 1.162220607360314 0.46015569085584745 -2
    endloop
  endfacet
  facet normal -0.8443279255020149 -0.5358267949789967 0
    outer loop
      vertex 1.0953833500548296 0.6021920926271441 -2
      vertex 1.0953833500548296 0.6021920926271441 6
      vertex 1.0112712429686843 0.7347315653655915 -2
    endloop
  endfacet
  facet normal -0.7705132427757895 -0.6374239897486895 0
    outer loop
      vertex 1.0112712429686843 0.7347315653655915 -2
      vertex 1.0112712429686843 0.7347315653655915 6
      vertex 0.9112107842767645 0.8556838824108609 -2
    endloop
  endfacet
  facet normal -0.9048270524660201 -0.42577929156507116 0
    outer loop
      vertex 1.0953833500548296 0.6021920926271441 -2
      vertex 1.162220607360314 0.46015569085584745 -2
      vertex 1.162220607360314 0.46015569085584745 6
    endloop
  endfacet
  facet normal -0.6845471059286878 -0.7289686274214122 0
    outer loop
      vertex 0.7967799871858622 0.9631415534697364 -2
      vertex 0.9112107842767645 0.8556838824108609 -2
      vertex 0.9112107842767645 0.8556838824108609 6
    endloop
  endfacet
  facet normal -0.12533323356430473 -0.9921147013144778 0
    outer loop
      vertex 0.07848814941164159 1.2475334105353395 -2
      vertex 0.23422664323215572 1.2278590634108608 6
      vertex 0.07848814941164159 1.2475334105353395 6
    endloop
  endfacet
  facet normal -0.24868988716485532 -0.968583161128631 0
    outer loop
      vertex 0.23422664323215572 1.2278590634108608 -2
      vertex 0.38627124296868426 1.1888206453689418 6
      vertex 0.23422664323215572 1.2278590634108608 6
    endloop
  endfacet
  facet normal -0.36812455268467725 -0.9297764858882516 0
    outer loop
      vertex 0.38627124296868426 1.1888206453689418 -2
      vertex 0.5322241144563409 1.1310338155825244 6
      vertex 0.38627124296868426 1.1888206453689418 6
    endloop
  endfacet
  facet normal -0.48175367410171493 -0.8763066800438638 0
    outer loop
      vertex 0.5322241144563409 1.1310338155825244 -2
      vertex 0.6697834937237458 1.055409906877519 6
      vertex 0.5322241144563409 1.1310338155825244 6
    endloop
  endfacet
  facet normal -0.5877852522924739 -0.8090169943749469 0
    outer loop
      vertex 0.6697834937237458 1.055409906877519 -2
      vertex 0.7967799871858622 0.9631415534697364 6
      vertex 0.6697834937237458 1.055409906877519 6
    endloop
  endfacet
  facet normal -0.6845471059286878 -0.7289686274214122 0
    outer loop
      vertex 0.7967799871858622 0.9631415534697364 -2
      vertex 0.9112107842767645 0.8556838824108609 6
      vertex 0.7967799871858622 0.9631415534697364 6
    endloop
  endfacet
  facet normal -0.9980267284282716 -0.06279051952931283 0
    outer loop
      vertex 1.2401433766430974 0.15666654195538032 -2
      vertex 1.25 0 6
      vertex 1.2401433766430974 0.15666654195538032 6
    endloop
  endfacet
  facet normal -0.9510565162951534 -0.30901699437494823 0
    outer loop
      vertex 1.162220607360314 0.46015569085584745 -2
      vertex 1.2107289514107888 0.3108623589560685 6
      vertex 1.162220607360314 0.46015569085584745 6
    endloop
  endfacet
  facet normal -0.9822872507286885 -0.18738131458572546 0
    outer loop
      vertex 1.2107289514107888 0.3108623589560685 -2
      vertex 1.2401433766430974 0.15666654195538032 6
      vertex 1.2107289514107888 0.3108623589560685 6
    endloop
  endfacet
  facet normal -0.7705132427757895 -0.6374239897486895 0
    outer loop
      vertex 0.9112107842767645 0.8556838824108609 -2
      vertex 1.0112712429686843 0.7347315653655915 6
      vertex 0.9112107842767645 0.8556838824108609 6
    endloop
  endfacet
  facet normal -0.8443279255020149 -0.5358267949789967 0
    outer loop
      vertex 1.0112712429686843 0.7347315653655915 -2
      vertex 1.0953833500548296 0.6021920926271441 6
      vertex 1.0112712429686843 0.7347315653655915 6
    endloop
  endfacet
  facet normal -0.9048270524660201 -0.42577929156507116 0
    outer loop
      vertex 1.0953833500548296 0.6021920926271441 -2
      vertex 1.162220607360314 0.46015569085584745 6
      vertex 1.0953833500548296 0.6021920926271441 6
    endloop
  endfacet
  facet normal 0 0 -1
    outer loop
      vertex -7.619301987105696 -1.896250784013716 -6
      vertex -8.764579859044481 -10.594557088167104 -6
      vertex -10.02331862704441 -9.412522706519466 -6
    endloop
  endfacet
  facet normal 0 0 -1
    outer loop
      vertex -7.367618430961206 -11.609508975652705 -6
      vertex -8.764579859044481 -10.594557088167104 -6
      vertex -6.691019346026362 -1.7191713996854372 -6
    endloop
  endfacet
  facet normal 0 0 -1
    outer loop
      vertex -13.641577143074072 -1.7233319615091809 -6
      vertex -12.784426680963458 5.061712599414321 -6
      vertex -13.318018465518676 -3.4194859485167544 -6
    endloop
  endfacet
  facet normal 0 0 -1
    outer loop
      vertex -12.049216850603123 6.624113018898586 -6
      vertex -12.784426680963458 -5.061712599414321 -6
      vertex -13.318018465518676 -3.4194859485167544 -6
    endloop
  endfacet
  facet normal 0 0 -1
    outer loop
      vertex -10.02331862704441 9.412522706519466 -6
      vertex -11.123983672655527 -8.082047219021506 -6
      vertex -12.049216850603123 -6.624113018898586 -6
    endloop
  endfacet
  facet normal 0 0 -1
    outer loop
      vertex -12.784426680963458 -5.061712599414321 -6
      vertex -11.123983672655527 8.082047219021506 -6
      vertex -12.049216850603123 -6.624113018898586 -6
    endloop
  endfacet
  facet normal 0 0 -1
    outer loop
      vertex -9.16498269208334 -0.9153319807932592 -6
      vertex -10.02331862704441 -9.412522706519466 -6
      vertex -11.123983672655527 -8.082047219021506 -6
    endloop
  endfacet
  facet normal 0 0 -1
    outer loop
      vertex -10.02331862704441 -9.412522706519466 -6
      vertex -8.308980653973638 -1.7191713996854372 -6
      vertex -8.0871322893124 -1.8070073809607916 -6
    endloop
  endfacet
  facet normal 0 0 -1
    outer loop
      vertex -10.02331862704441 -9.412522706519466 -6
      vertex -8.0871322893124 -1.8070073809607916 -6
      vertex -7.856024497712877 -1.8663457763845084 -6
    endloop
  endfacet
  facet normal 0 0 -1
    outer loop
      vertex -10.02331862704441 -9.412522706519466 -6
      vertex -9.0371322893124 -1.1167919793556988 -6
      vertex -8.885040392100683 -1.300639501264508 -6
    endloop
  endfacet
  facet normal 0 0 -1
    outer loop
      vertex -8.518070910460093 -1.6042230584538284 -6
      vertex -10.02331862704441 -9.412522706519466 -6
      vertex -8.71110558052251 -1.4639751612739997 -6
    endloop
  endfacet
  facet normal 0 0 -1
    outer loop
      vertex -10.02331862704441 -9.412522706519466 -6
      vertex -8.885040392100683 -1.300639501264508 -6
      vertex -8.71110558052251 -1.4639751612739997 -6
    endloop
  endfacet
  facet normal 0 0 -1
    outer loop
      vertex -10.02331862704441 -9.412522706519466 -6
      vertex -9.16498269208334 -0.9153319807932592 -6
      vertex -9.0371322893124 -1.1167919793556988 -6
    endloop
  endfacet
  facet normal 0 0 -1
    outer loop
      vertex -10.02331862704441 -9.412522706519466 -6
      vertex -8.518070910460093 -1.6042230584538284 -6
      vertex -8.308980653973638 -1.7191713996854372 -6
    endloop
  endfacet
  facet normal 0 0 -1
    outer loop
      vertex -10.02331862704441 -9.412522706519466 -6
      vertex -7.856024497712877 -1.8663457763845084 -6
      vertex -7.619301987105696 -1.896250784013716 -6
    endloop
  endfacet
  facet normal 0 0 -1
    outer loop
      vertex -8.764579859044481 -10.594557088167104 -6
      vertex -7.619301987105696 -1.896250784013716 -6
      vertex -7.380698012894304 -1.896250784013716 -6
    endloop
  endfacet
  facet normal 0 0 -1
    outer loop
      vertex -8.764579859044481 -10.594557088167104 -6
      vertex -7.380698012894304 -1.896250784013716 -6
      vertex -7.143975502287123 -1.8663457763845084 -6
    endloop
  endfacet
  facet normal 0 0 -1
    outer loop
      vertex -8.764579859044481 -10.594557088167104 -6
      vertex -7.143975502287123 -1.8663457763845084 -6
      vertex -6.9128677106876 -1.8070073809607916 -6
    endloop
  endfacet
  facet normal 0 0 -1
    outer loop
      vertex -8.764579859044481 -10.594557088167104 -6
      vertex -6.9128677106876 -1.8070073809607916 -6
      vertex -6.691019346026362 -1.7191713996854372 -6
    endloop
  endfacet
  facet normal 0 0 -1
    outer loop
      vertex -11.123983672655527 -8.082047219021506 -6
      vertex -9.340308006144399 -0.4725107856132242 -6
      vertex -9.266575323187677 -0.699436650100888 -6
    endloop
  endfacet
  facet normal 0 0 -1
    outer loop
      vertex -11.123983672655527 -8.082047219021506 -6
      vertex -9.385017932497508 -0.2381331437721777 -6
      vertex -9.340308006144399 -0.4725107856132242 -6
    endloop
  endfacet
  facet normal 0 0 -1
    outer loop
      vertex -11.123983672655527 -8.082047219021506 -6
      vertex -9.4 0 -6
      vertex -9.385017932497508 -0.2381331437721777 -6
    endloop
  endfacet
  facet normal 0 0 -1
    outer loop
      vertex -11.123983672655527 -8.082047219021506 -6
      vertex -9.266575323187677 -0.699436650100888 -6
      vertex -9.16498269208334 -0.9153319807932592 -6
    endloop
  endfacet
  facet normal 0 0 -1
    outer loop
      vertex -5.854465259019746 -12.441371971407769 -6
      vertex -7.367618430961206 -11.609508975652705 -6
      vertex -6.114959607899317 -1.300639501264508 -6
    endloop
  endfacet
  facet normal 0 0 -1
    outer loop
      vertex -5.854465259019746 -12.441371971407769 -6
      vertex -2.6963518090759293 -1.0675612027855659 -6
      vertex -4.248983672655527 -13.07702709905836 -6
    endloop
  endfacet
  facet normal 0 0 -1
    outer loop
      vertex -4.248983672655527 -13.07702709905836 -6
      vertex -1.064448228912681 -9.63706763116505 -6
      vertex -2.5764930755537163 -13.506449697519468 -6
    endloop
  endfacet
  facet normal 0 0 -1
    outer loop
      vertex -4.248983672655527 -13.07702709905836 -6
      vertex -2.0225424859373686 -8.844463130731183 -6
      vertex -1.8224215685535292 -9.086367764821722 -6
    endloop
  endfacet
  facet normal 0 0 -1
    outer loop
      vertex -4.248983672655527 -13.07702709905836 -6
      vertex -1.3395669874474905 -9.485819813755038 -6
      vertex -1.064448228912681 -9.63706763116505 -6
    endloop
  endfacet
  facet normal 0 0 -1
    outer loop
      vertex -4.248983672655527 -13.07702709905836 -6
      vertex -1.593559974371725 -9.301283106939472 -6
      vertex -1.3395669874474905 -9.485819813755038 -6
    endloop
  endfacet
  facet normal 0 0 -1
    outer loop
      vertex -4.248983672655527 -13.07702709905836 -6
      vertex -1.8224215685535292 -9.086367764821722 -6
      vertex -1.593559974371725 -9.301283106939472 -6
    endloop
  endfacet
  facet normal 0 0 -1
    outer loop
      vertex -2.5764930755537163 -13.506449697519468 -6
      vertex -0.46845328646431206 -9.830718126821722 -6
      vertex -0.8633696435280644 -13.722867515888733 -6
    endloop
  endfacet
  facet normal 0 0 -1
    outer loop
      vertex -0.7725424859373685 -9.752641290737884 -6
      vertex -2.5764930755537163 -13.506449697519468 -6
      vertex -1.064448228912681 -9.63706763116505 -6
    endloop
  endfacet
  facet normal 0 0 -1
    outer loop
      vertex -2.5764930755537163 -13.506449697519468 -6
      vertex -0.7725424859373685 -9.752641290737884 -6
      vertex -0.46845328646431206 -9.830718126821722 -6
    endloop
  endfacet
  facet normal 0 0 -1
    outer loop
      vertex -0.1569762988232844 -9.87006682107068 -6
      vertex 0.1569762988232844 -9.87006682107068 -6
      vertex -0.8633696435280644 -13.722867515888733 -6
    endloop
  endfacet
  facet normal 0 0 -1
    outer loop
      vertex -0.8633696435280644 -13.722867515888733 -6
      vertex -0.46845328646431206 -9.830718126821722 -6
      vertex -0.1569762988232844 -9.87006682107068 -6
    endloop
  endfacet
  facet normal 0 0 -1
    outer loop
      vertex -0.8633696435280644 -13.722867515888733 -6
      vertex 0.1569762988232844 -9.87006682107068 -6
      vertex 0.46845328646431206 -9.830718126821722 -6
    endloop
  endfacet
  facet normal 0 0 -1
    outer loop
      vertex -4.248983672655527 -13.07702709905836 -6
      vertex -2.4802867532861947 -7.68833308391076 -6
      vertex -2.421457902821578 -7.996724717912136 -6
    endloop
  endfacet
  facet normal 0 0 -1
    outer loop
      vertex -4.248983672655527 -13.07702709905836 -6
      vertex -2.1907667001096587 -8.579384185254288 -6
      vertex -2.0225424859373686 -8.844463130731183 -6
    endloop
  endfacet
  facet normal 0 0 -1
    outer loop
      vertex -4.248983672655527 -13.07702709905836 -6
      vertex -2.324441214720628 -8.295311381711695 -6
      vertex -2.1907667001096587 -8.579384185254288 -6
    endloop
  endfacet
  facet normal 0 0 -1
    outer loop
      vertex -2.324441214720628 -8.295311381711695 -6
      vertex -4.248983672655527 -13.07702709905836 -6
      vertex -2.421457902821578 -7.996724717912136 -6
    endloop
  endfacet
  facet normal 0 0 -1
    outer loop
      vertex -4.248983672655527 -13.07702709905836 -6
      vertex -2.5 -7.375 -6
      vertex -2.4802867532861947 -7.68833308391076 -6
    endloop
  endfacet
  facet normal 0 0 -1
    outer loop
      vertex -4.248983672655527 -13.07702709905836 -6
      vertex -2.6963518090759293 -1.0675612027855659 -6
      vertex -2.5 -7.375 -6
    endloop
  endfacet
  facet normal 0 0 -1
    outer loop
      vertex -7.367618430961206 -11.609508975652705 -6
      vertex -6.691019346026362 -1.7191713996854372 -6
      vertex -6.481929089539907 -1.604223058453829 -6
    endloop
  endfacet
  facet normal 0 0 -1
    outer loop
      vertex -7.367618430961206 -11.609508975652705 -6
      vertex -6.481929089539907 -1.604223058453829 -6
      vertex -6.288894419477489 -1.463975161273999 -6
    endloop
  endfacet
  facet normal 0 0 -1
    outer loop
      vertex -6.114959607899317 -1.300639501264508 -6
      vertex -7.367618430961206 -11.609508975652705 -6
      vertex -6.288894419477489 -1.463975161273999 -6
    endloop
  endfacet
  facet normal 0 0 -1
    outer loop
      vertex -5.854465259019746 -12.441371971407769 -6
      vertex -6.114959607899317 -1.300639501264508 -6
      vertex -5.9628677106876005 -1.1167919793556988 -6
    endloop
  endfacet
  facet normal 0 0 -1
    outer loop
      vertex -5.854465259019746 -12.441371971407769 -6
      vertex -5.9628677106876005 -1.1167919793556988 -6
      vertex -5.83501730791666 -0.9153319807932592 -6
    endloop
  endfacet
  facet normal 0 0 -1
    outer loop
      vertex -5.854465259019746 -12.441371971407769 -6
      vertex -5.83501730791666 -0.9153319807932592 -6
      vertex -5.733424676812323 -0.6994366501008888 -6
    endloop
  endfacet
  facet normal 0 0 -1
    outer loop
      vertex -5.854465259019746 -12.441371971407769 -6
      vertex -5.733424676812323 -0.6994366501008888 -6
      vertex -5.659691993855601 -0.4725107856132234 -6
    endloop
  endfacet
  facet normal 0 0 -1
    outer loop
      vertex -5.854465259019746 -12.441371971407769 -6
      vertex -5.659691993855601 -0.4725107856132234 -6
      vertex -5.614982067502492 -0.2381331437721777 -6
    endloop
  endfacet
  facet normal 0 0 -1
    outer loop
      vertex -5.854465259019746 -12.441371971407769 -6
      vertex -2.80889116727303 -0.7212006727780791 -6
      vertex -2.6963518090759293 -1.0675612027855659 -6
    endloop
  endfacet
  facet normal 0 0 -1
    outer loop
      vertex -5.854465259019746 -12.441371971407769 -6
      vertex -2.8771326338119856 -0.3634663773364818 -6
      vertex -2.80889116727303 -0.7212006727780791 -6
    endloop
  endfacet
  facet normal 0 0 -1
    outer loop
      vertex -5.854465259019746 -12.441371971407769 -6
      vertex -2.9 0 -6
      vertex -2.8771326338119856 -0.3634663773364818 -6
    endloop
  endfacet
  facet normal 0 0 -1
    outer loop
      vertex -2.6963518090759293 -1.0675612027855659 -6
      vertex -2.4802867532861947 -7.061666916089239 -6
      vertex -2.5 -7.375 -6
    endloop
  endfacet
  facet normal 0 0 -1
    outer loop
      vertex -2.6963518090759293 -1.0675612027855659 -6
      vertex -2.4214579028215777 -6.753275282087863 -6
      vertex -2.4802867532861947 -7.061666916089239 -6
    endloop
  endfacet
  facet normal 0 0 -1
    outer loop
      vertex -2.4214579028215777 -6.753275282087863 -6
      vertex -2.6963518090759293 -1.0675612027855659 -6
      vertex -2.324441214720628 -6.454688618288305 -6
    endloop
  endfacet
  facet normal 0 0 -1
    outer loop
      vertex -2.324441214720628 -6.454688618288305 -6
      vertex -1.8485295702712 -2.234488404049789 -6
      vertex -2.190766700109659 -6.1706158147457115 -6
    endloop
  endfacet
  facet normal 0 0 -1
    outer loop
      vertex -1.8485295702712 -2.234488404049789 -6
      vertex -2.0225424859373686 -5.905536869268817 -6
      vertex -2.190766700109659 -6.1706158147457115 -6
    endloop
  endfacet
  facet normal 0 0 -1
    outer loop
      vertex -1.8485295702712 -2.234488404049789 -6
      vertex -1.822421568553529 -5.663632235178278 -6
      vertex -2.0225424859373686 -5.905536869268817 -6
    endloop
  endfacet
  facet normal 0 0 -1
    outer loop
      vertex -1.822421568553529 -5.663632235178278 -6
      vertex -1.8485295702712 -2.234488404049789 -6
      vertex -1.5935599743717244 -5.448716893060527 -6
    endloop
  endfacet
  facet normal 0 0 -1
    outer loop
      vertex -2.324441214720628 -6.454688618288305 -6
      vertex -2.114009019522094 -1.9851866071931965 -6
      vertex -1.8485295702712 -2.234488404049789 -6
    endloop
  endfacet
  facet normal 0 0 -1
    outer loop
      vertex -1.5935599743717244 -5.448716893060527 -6
      vertex -1.5538977054390906 -2.4485509839558435 -6
      vertex -1.3395669874474916 -5.264180186244962 -6
    endloop
  endfacet
  facet normal 0 0 -1
    outer loop
      vertex -1.3395669874474916 -5.264180186244962 -6
      vertex -1.23475994553871 -2.6239984521514566 -6
      vertex -1.0644482289126818 -5.112932368834951 -6
    endloop
  endfacet
  facet normal 0 0 -1
    outer loop
      vertex -1.0644482289126818 -5.112932368834951 -6
      vertex -0.8961492836873475 -2.758063897255945 -6
      vertex -0.7725424859373685 -4.997358709262116 -6
    endloop
  endfacet
  facet normal 0 0 -1
    outer loop
      vertex -1.3395669874474916 -5.264180186244962 -6
      vertex -1.5538977054390906 -2.4485509839558435 -6
      vertex -1.23475994553871 -2.6239984521514566 -6
    endloop
  endfacet
  facet normal 0 0 -1
    outer loop
      vertex -1.0644482289126818 -5.112932368834951 -6
      vertex -1.23475994553871 -2.6239984521514566 -6
      vertex -0.8961492836873475 -2.758063897255945 -6
    endloop
  endfacet
  facet normal 0 0 -1
    outer loop
      vertex -0.7725424859373685 -4.997358709262116 -6
      vertex -0.543405812298602 -2.848633027113197 -6
      vertex -0.46845328646431145 -4.919281873178278 -6
    endloop
  endfacet
  facet normal 0 0 -1
    outer loop
      vertex -0.7725424859373685 -4.997358709262116 -6
      vertex -0.8961492836873475 -2.758063897255945 -6
      vertex -0.543405812298602 -2.848633027113197 -6
    endloop
  endfacet
  facet normal 0 0 -1
    outer loop
      vertex -0.46845328646431145 -4.919281873178278 -6
      vertex -0.1820925066350099 -2.8942775124419873 -6
      vertex -0.15697629882328318 -4.8799331789293205 -6
    endloop
  endfacet
  facet normal 0 0 -1
    outer loop
      vertex -0.46845328646431145 -4.919281873178278 -6
      vertex -0.543405812298602 -2.848633027113197 -6
      vertex -0.1820925066350099 -2.8942775124419873 -6
    endloop
  endfacet
  facet normal 0 0 -1
    outer loop
      vertex -0.15697629882328318 -4.8799331789293205 -6
      vertex -0.1820925066350099 -2.8942775124419873 -6
      vertex 0.1820925066350099 -2.8942775124419873 -6
    endloop
  endfacet
  facet normal 0 0 -1
    outer loop
      vertex -2.324441214720628 -6.454688618288305 -6
      vertex -2.541289372127204 -1.3970856548949746 -6
      vertex -2.3461492836873474 -1.704577231648172 -6
    endloop
  endfacet
  facet normal 0 0 -1
    outer loop
      vertex -2.324441214720628 -6.454688618288305 -6
      vertex -2.3461492836873474 -1.704577231648172 -6
      vertex -2.114009019522094 -1.9851866071931965 -6
    endloop
  endfacet
  facet normal 0 0 -1
    outer loop
      vertex -2.324441214720628 -6.454688618288305 -6
      vertex -2.6963518090759293 -1.0675612027855659 -6
      vertex -2.541289372127204 -1.3970856548949746 -6
    endloop
  endfacet
  facet normal 0 0 -1
    outer loop
      vertex -1.5935599743717244 -5.448716893060527 -6
      vertex -1.8485295702712 -2.234488404049789 -6
      vertex -1.5538977054390906 -2.4485509839558435 -6
    endloop
  endfacet
  facet normal 0 0 1
    outer loop
      vertex -8.593452941132117 -1.0268206588930329 6
      vertex -8.764579859044483 -10.594557088167104 6
      vertex -7.367618430961206 -11.609508975652705 6
    endloop
  endfacet
  facet normal 0 0 1
    outer loop
      vertex -12.049216850603123 6.624113018898586 6
      vertex -11.123983672655527 -8.082047219021506 6
      vertex -10.02331862704441 -9.412522706519466 6
    endloop
  endfacet
  facet normal 0 0 1
    outer loop
      vertex -13.641577143074072 1.7233319615091809 6
      vertex -13.318018465518676 -3.4194859485167544 6
      vertex -12.784426680963458 -5.061712599414321 6
    endloop
  endfacet
  facet normal 0 0 1
    outer loop
      vertex -12.049216850603123 -6.624113018898586 6
      vertex -13.318018465518676 3.4194859485167544 6
      vertex -12.784426680963458 -5.061712599414321 6
    endloop
  endfacet
  facet normal 0 0 1
    outer loop
      vertex -13.641577143074072 1.7233319615091809 6
      vertex -13.641577143074072 -1.7233319615091809 6
      vertex -13.318018465518676 -3.4194859485167544 6
    endloop
  endfacet
  facet normal 0 0 1
    outer loop
      vertex -12.784426680963458 5.061712599414321 6
      vertex -12.049216850603123 -6.624113018898586 6
      vertex -11.123983672655527 -8.082047219021506 6
    endloop
  endfacet
  facet normal 0 0 1
    outer loop
      vertex -11.123983672655527 8.082047219021506 6
      vertex -10.02331862704441 -9.412522706519466 6
      vertex -8.764579859044483 -10.594557088167104 6
    endloop
  endfacet
  facet normal 0 0 1
    outer loop
      vertex -8.764579859044483 -10.594557088167104 6
      vertex -8.814460020065795 -0.722630511152573 6
      vertex -8.894664728832378 -0.5521868290270168 6
    endloop
  endfacet
  facet normal 0 0 1
    outer loop
      vertex -8.764579859044483 -10.594557088167104 6
      vertex -8.593452941132117 -1.0268206588930329 6
      vertex -8.713525491562422 -0.8816778784387097 6
    endloop
  endfacet
  facet normal 0 0 1
    outer loop
      vertex -8.764579859044483 -10.594557088167104 6
      vertex -8.713525491562422 -0.8816778784387097 6
      vertex -8.814460020065795 -0.722630511152573 6
    endloop
  endfacet
  facet normal 0 0 1
    outer loop
      vertex -8.764579859044483 -10.594557088167104 6
      vertex -8.894664728832378 -0.5521868290270168 6
      vertex -8.952874741692947 -0.3730348307472823 6
    endloop
  endfacet
  facet normal 0 0 1
    outer loop
      vertex -8.764579859044483 -10.594557088167104 6
      vertex -8.952874741692947 -0.3730348307472823 6
      vertex -8.988172051971716 -0.1879998503464561 6
    endloop
  endfacet
  facet normal 0 0 1
    outer loop
      vertex -8.764579859044483 -10.594557088167104 6
      vertex -8.988172051971716 -0.1879998503464561 6
      vertex -9 0 6
    endloop
  endfacet
  facet normal 0 0 1
    outer loop
      vertex -7.367618430961206 -11.609508975652705 6
      vertex -8.138668937347608 -1.3572405786990294 6
      vertex -8.303740192468496 -1.2664918882530225 6
    endloop
  endfacet
  facet normal 0 0 1
    outer loop
      vertex -7.367618430961206 -11.609508975652705 6
      vertex -7.963525491562421 -1.4265847744427302 6
      vertex -8.138668937347608 -1.3572405786990294 6
    endloop
  endfacet
  facet normal 0 0 1
    outer loop
      vertex -7.367618430961206 -11.609508975652705 6
      vertex -8.456135984623035 -1.155769864163684 6
      vertex -8.593452941132117 -1.0268206588930329 6
    endloop
  endfacet
  facet normal 0 0 1
    outer loop
      vertex -7.367618430961206 -11.609508975652705 6
      vertex -8.303740192468496 -1.2664918882530225 6
      vertex -8.456135984623035 -1.155769864163684 6
    endloop
  endfacet
  facet normal 0 0 1
    outer loop
      vertex -7.367618430961206 -11.609508975652705 6
      vertex -7.781071971878587 -1.4734308760930328 6
      vertex -7.963525491562421 -1.4265847744427302 6
    endloop
  endfacet
  facet normal 0 0 1
    outer loop
      vertex -7.367618430961206 -11.609508975652705 6
      vertex -7.594185779293971 -1.4970400926424072 6
      vertex -7.781071971878587 -1.4734308760930328 6
    endloop
  endfacet
  facet normal 0 0 1
    outer loop
      vertex -7.367618430961206 -11.609508975652705 6
      vertex -7.405814220706029 -1.4970400926424072 6
      vertex -7.594185779293971 -1.4970400926424072 6
    endloop
  endfacet
  facet normal 0 0 1
    outer loop
      vertex -7.367618430961206 -11.609508975652705 6
      vertex -7.218928028121413 -1.4734308760930328 6
      vertex -7.405814220706029 -1.4970400926424072 6
    endloop
  endfacet
  facet normal 0 0 1
    outer loop
      vertex -7.367618430961206 -11.609508975652705 6
      vertex -7.036474508437579 -1.4265847744427302 6
      vertex -7.218928028121413 -1.4734308760930328 6
    endloop
  endfacet
  facet normal 0 0 1
    outer loop
      vertex -8.764579859044483 -10.594557088167104 6
      vertex -9 0 6
      vertex -10.02331862704441 9.412522706519466 6
    endloop
  endfacet
  facet normal 0 0 1
    outer loop
      vertex -6.185539979934205 -0.722630511152573 6
      vertex -5.854465259019746 -12.441371971407769 6
      vertex -4.248983672655527 -13.07702709905836 6
    endloop
  endfacet
  facet normal 0 0 1
    outer loop
      vertex -7.036474508437579 -1.4265847744427302 6
      vertex -7.367618430961206 -11.609508975652705 6
      vertex -5.854465259019746 -12.441371971407769 6
    endloop
  endfacet
  facet normal 0 0 1
    outer loop
      vertex -0.18738131458572482 -8.357287250728689 6
      vertex -0.8633696435280642 -13.722867515888733 6
      vertex 0.8633696435280644 -13.722867515888733 6
    endloop
  endfacet
  facet normal 0 0 1
    outer loop
      vertex -0.8633696435280642 -13.722867515888733 6
      vertex -0.8763066800438635 -7.856753674101715 6
      vertex -0.9297764858882512 -7.743124552684678 6
    endloop
  endfacet
  facet normal 0 0 1
    outer loop
      vertex -0.8633696435280642 -13.722867515888733 6
      vertex -0.9297764858882512 -7.743124552684678 6
      vertex -0.9685831611286312 -7.623689887164854 6
    endloop
  endfacet
  facet normal 0 0 1
    outer loop
      vertex -0.8633696435280642 -13.722867515888733 6
      vertex -0.9685831611286312 -7.623689887164854 6
      vertex -0.9921147013144779 -7.500333233564304 6
    endloop
  endfacet
  facet normal 0 0 1
    outer loop
      vertex -0.8633696435280642 -13.722867515888733 6
      vertex -0.7289686274214117 -8.059547105928688 6
      vertex -0.8090169943749475 -7.962785252292473 6
    endloop
  endfacet
  facet normal 0 0 1
    outer loop
      vertex -0.8633696435280642 -13.722867515888733 6
      vertex -0.63742398974869 -8.145513242775788 6
      vertex -0.7289686274214117 -8.059547105928688 6
    endloop
  endfacet
  facet normal 0 0 1
    outer loop
      vertex -0.8633696435280642 -13.722867515888733 6
      vertex -0.5358267949789962 -8.219327925502014 6
      vertex -0.63742398974869 -8.145513242775788 6
    endloop
  endfacet
  facet normal 0 0 1
    outer loop
      vertex -0.8633696435280642 -13.722867515888733 6
      vertex -0.3090169943749474 -8.326056516295154 6
      vertex -0.42577929156507244 -8.27982705246602 6
    endloop
  endfacet
  facet normal 0 0 1
    outer loop
      vertex -0.8633696435280642 -13.722867515888733 6
      vertex -0.18738131458572482 -8.357287250728689 6
      vertex -0.3090169943749474 -8.326056516295154 6
    endloop
  endfacet
  facet normal 0 0 1
    outer loop
      vertex -0.8633696435280642 -13.722867515888733 6
      vertex -0.42577929156507244 -8.27982705246602 6
      vertex -0.5358267949789962 -8.219327925502014 6
    endloop
  endfacet
  facet normal 0 0 1
    outer loop
      vertex -0.8633696435280642 -13.722867515888733 6
      vertex -0.8090169943749475 -7.962785252292473 6
      vertex -0.8763066800438635 -7.856753674101715 6
    endloop
  endfacet
  facet normal 0 0 1
    outer loop
      vertex -5.854465259019746 -12.441371971407769 6
      vertex -6.861331062652392 -1.3572405786990294 6
      vertex -7.036474508437579 -1.4265847744427302 6
    endloop
  endfacet
  facet normal 0 0 1
    outer loop
      vertex -5.854465259019746 -12.441371971407769 6
      vertex -6.696259807531506 -1.266491888253023 6
      vertex -6.861331062652392 -1.3572405786990294 6
    endloop
  endfacet
  facet normal 0 0 1
    outer loop
      vertex -5.854465259019746 -12.441371971407769 6
      vertex -6.543864015376965 -1.1557698641636835 6
      vertex -6.696259807531506 -1.266491888253023 6
    endloop
  endfacet
  facet normal 0 0 1
    outer loop
      vertex -5.854465259019746 -12.441371971407769 6
      vertex -6.406547058867883 -1.0268206588930329 6
      vertex -6.543864015376965 -1.1557698641636835 6
    endloop
  endfacet
  facet normal 0 0 1
    outer loop
      vertex -5.854465259019746 -12.441371971407769 6
      vertex -6.286474508437578 -0.8816778784387097 6
      vertex -6.406547058867883 -1.0268206588930329 6
    endloop
  endfacet
  facet normal 0 0 1
    outer loop
      vertex -5.854465259019746 -12.441371971407769 6
      vertex -6.185539979934205 -0.722630511152573 6
      vertex -6.286474508437578 -0.8816778784387097 6
    endloop
  endfacet
  facet normal 0 0 1
    outer loop
      vertex -4.248983672655527 -13.07702709905836 6
      vertex -6.105335271167624 -0.5521868290270175 6
      vertex -6.185539979934205 -0.722630511152573 6
    endloop
  endfacet
  facet normal 0 0 1
    outer loop
      vertex -4.248983672655527 -13.07702709905836 6
      vertex -6.047125258307053 -0.37303483074728166 6
      vertex -6.105335271167624 -0.5521868290270175 6
    endloop
  endfacet
  facet normal 0 0 1
    outer loop
      vertex -4.248983672655527 -13.07702709905836 6
      vertex -6.011827948028284 -0.1879998503464561 6
      vertex -6.047125258307053 -0.37303483074728166 6
    endloop
  endfacet
  facet normal 0 0 1
    outer loop
      vertex -4.248983672655527 -13.07702709905836 6
      vertex -6 0 6
      vertex -6.011827948028284 -0.1879998503464561 6
    endloop
  endfacet
  facet normal 0 0 1
    outer loop
      vertex -4.248983672655527 -13.07702709905836 6
      vertex -6.011827948028284 0.1879998503464564 6
      vertex -6 0 6
    endloop
  endfacet
  facet normal 0 0 1
    outer loop
      vertex -5.854465259019749 12.441371971407767 6
      vertex -4.248983672655527 -13.07702709905836 6
      vertex -2.5764930755537163 -13.506449697519468 6
    endloop
  endfacet
  facet normal 0 0 1
    outer loop
      vertex -4.248983672655527 -13.07702709905836 6
      vertex -5.854465259019749 12.441371971407767 6
      vertex -6.011827948028284 0.1879998503464564 6
    endloop
  endfacet
  facet normal 0 0 1
    outer loop
      vertex -4.248983672655527 13.07702709905836 6
      vertex -2.5764930755537163 -13.506449697519468 6
      vertex -0.8633696435280642 -13.722867515888733 6
    endloop
  endfacet
  facet normal 0 0 1
    outer loop
      vertex -0.9685831611286311 -7.126310112835145 6
      vertex -1.2107289514107888 -0.31086235895606856 6
      vertex -0.9921147013144779 -7.249666766435696 6
    endloop
  endfacet
  facet normal 0 0 1
    outer loop
      vertex -0.9297764858882513 -7.006875447315322 6
      vertex -1.1622206073603143 -0.46015569085584734 6
      vertex -0.9685831611286311 -7.126310112835145 6
    endloop
  endfacet
  facet normal 0 0 1
    outer loop
      vertex -0.8763066800438636 -6.893246325898285 6
      vertex -1.0953833500548293 -0.6021920926271442 6
      vertex -0.9297764858882513 -7.006875447315322 6
    endloop
  endfacet
  facet normal 0 0 1
    outer loop
      vertex -0.9112107842767646 -0.8556838824108606 6
      vertex -0.8763066800438636 -6.893246325898285 6
      vertex -0.8090169943749475 -6.787214747707527 6
    endloop
  endfacet
  facet normal 0 0 1
    outer loop
      vertex -0.9112107842767646 -0.8556838824108606 6
      vertex -0.8090169943749475 -6.787214747707527 6
      vertex -0.7289686274214116 -6.690452894071312 6
    endloop
  endfacet
  facet normal 0 0 1
    outer loop
      vertex -0.7289686274214116 -6.690452894071312 6
      vertex -0.6374239897486897 -6.604486757224211 6
      vertex -0.7967799871858621 -0.9631415534697367 6
    endloop
  endfacet
  facet normal 0 0 1
    outer loop
      vertex -0.6374239897486897 -6.604486757224211 6
      vertex -0.5358267949789967 -6.530672074497985 6
      vertex -0.6697834937237459 -1.0554099068775187 6
    endloop
  endfacet
  facet normal 0 0 1
    outer loop
      vertex -0.5358267949789967 -6.530672074497985 6
      vertex -0.4257792915650727 -6.470172947533981 6
      vertex -0.5322241144563405 -1.1310338155825246 6
    endloop
  endfacet
  facet normal 0 0 1
    outer loop
      vertex -0.4257792915650727 -6.470172947533981 6
      vertex -0.3090169943749474 -6.423943483704846 6
      vertex -0.38627124296868426 -1.1888206453689418 6
    endloop
  endfacet
  facet normal 0 0 1
    outer loop
      vertex -0.3090169943749474 -6.423943483704846 6
      vertex -0.18738131458572457 -6.392712749271311 6
      vertex -0.38627124296868426 -1.1888206453689418 6
    endloop
  endfacet
  facet normal 0 0 1
    outer loop
      vertex -0.18738131458572457 -6.392712749271311 6
      vertex -0.06279051952931324 -6.376973271571728 6
      vertex -0.23422664323215603 -1.2278590634108608 6
    endloop
  endfacet
  facet normal 0 0 1
    outer loop
      vertex -0.06279051952931324 -6.376973271571728 6
      vertex 0.06279051952931328 -6.376973271571728 6
      vertex -0.0784881494116422 -1.2475334105353395 6
    endloop
  endfacet
  facet normal 0 0 1
    outer loop
      vertex -0.8633696435280642 -13.722867515888733 6
      vertex -0.9921147013144779 -7.500333233564304 6
      vertex -4.248983672655527 13.07702709905836 6
    endloop
  endfacet
  facet normal 0 0 1
    outer loop
      vertex -4.248983672655527 13.07702709905836 6
      vertex -0.9921147013144779 -7.500333233564304 6
      vertex -1 -7.375 6
    endloop
  endfacet
  facet normal 0 0 1
    outer loop
      vertex -4.248983672655527 13.07702709905836 6
      vertex -1 -7.375 6
      vertex -0.9921147013144779 -7.249666766435696 6
    endloop
  endfacet
  facet normal 0 0 1
    outer loop
      vertex -0.9685831611286311 -7.126310112835145 6
      vertex -1.1622206073603143 -0.46015569085584734 6
      vertex -1.2107289514107888 -0.31086235895606856 6
    endloop
  endfacet
  facet normal 0 0 1
    outer loop
      vertex -0.8763066800438636 -6.893246325898285 6
      vertex -0.9112107842767646 -0.8556838824108606 6
      vertex -1.0112712429686843 -0.7347315653655915 6
    endloop
  endfacet
  facet normal 0 0 1
    outer loop
      vertex -0.9297764858882513 -7.006875447315322 6
      vertex -1.0953833500548293 -0.6021920926271442 6
      vertex -1.1622206073603143 -0.46015569085584734 6
    endloop
  endfacet
  facet normal 0 0 1
    outer loop
      vertex -0.8763066800438636 -6.893246325898285 6
      vertex -1.0112712429686843 -0.7347315653655915 6
      vertex -1.0953833500548293 -0.6021920926271442 6
    endloop
  endfacet
  facet normal 0 0 1
    outer loop
      vertex -0.9921147013144779 -7.249666766435696 6
      vertex -1.2107289514107888 -0.31086235895606856 6
      vertex -1.2401433766430974 -0.15666654195538007 6
    endloop
  endfacet
  facet normal 0 0 1
    outer loop
      vertex -0.9921147013144779 -7.249666766435696 6
      vertex -1.2401433766430974 -0.15666654195538007 6
      vertex -1.25 0 6
    endloop
  endfacet
  facet normal 0 0 1
    outer loop
      vertex -0.7289686274214116 -6.690452894071312 6
      vertex -0.7967799871858621 -0.9631415534697367 6
      vertex -0.9112107842767646 -0.8556838824108606 6
    endloop
  endfacet
  facet normal 0 0 1
    outer loop
      vertex -0.6374239897486897 -6.604486757224211 6
      vertex -0.6697834937237459 -1.0554099068775187 6
      vertex -0.7967799871858621 -0.9631415534697367 6
    endloop
  endfacet
  facet normal 0 0 1
    outer loop
      vertex -0.5358267949789967 -6.530672074497985 6
      vertex -0.5322241144563405 -1.1310338155825246 6
      vertex -0.6697834937237459 -1.0554099068775187 6
    endloop
  endfacet
  facet normal 0 0 1
    outer loop
      vertex -0.4257792915650727 -6.470172947533981 6
      vertex -0.38627124296868426 -1.1888206453689418 6
      vertex -0.5322241144563405 -1.1310338155825246 6
    endloop
  endfacet
  facet normal 0 0 1
    outer loop
      vertex -0.18738131458572457 -6.392712749271311 6
      vertex -0.23422664323215603 -1.2278590634108608 6
      vertex -0.38627124296868426 -1.1888206453689418 6
    endloop
  endfacet
  facet normal 0 0 1
    outer loop
      vertex -0.06279051952931324 -6.376973271571728 6
      vertex -0.0784881494116422 -1.2475334105353395 6
      vertex -0.23422664323215603 -1.2278590634108608 6
    endloop
  endfacet
  facet normal 0 0 -1
    outer loop
      vertex -13.641577143074072 -1.7233319615091809 -6
      vertex -13.75 0 -6
      vertex -13.641577143074072 1.7233319615091809 -6
    endloop
  endfacet
  facet normal 0 0 -1
    outer loop
      vertex -13.641577143074072 -1.7233319615091809 -6
      vertex -13.641577143074072 1.7233319615091809 -6
      vertex -13.318018465518676 3.4194859485167544 -6
    endloop
  endfacet
  facet normal 0 0 -1
    outer loop
      vertex -13.641577143074072 -1.7233319615091809 -6
      vertex -13.318018465518676 3.4194859485167544 -6
      vertex -12.784426680963458 5.061712599414321 -6
    endloop
  endfacet
  facet normal 0 0 -1
    outer loop
      vertex -12.049216850603123 6.624113018898586 -6
      vertex -13.318018465518676 -3.4194859485167544 -6
      vertex -12.784426680963458 5.061712599414321 -6
    endloop
  endfacet
  facet normal 0 0 -1
    outer loop
      vertex -12.784426680963458 -5.061712599414321 -6
      vertex -12.049216850603123 6.624113018898586 -6
      vertex -11.123983672655527 8.082047219021506 -6
    endloop
  endfacet
  facet normal 0 0 -1
    outer loop
      vertex -12.049216850603123 -6.624113018898586 -6
      vertex -11.123983672655527 8.082047219021506 -6
      vertex -10.02331862704441 9.412522706519466 -6
    endloop
  endfacet
  facet normal 0 0 -1
    outer loop
      vertex -11.123983672655527 -8.082047219021506 -6
      vertex -8.764579859044483 10.594557088167104 -6
      vertex -9.4 0 -6
    endloop
  endfacet
  facet normal 0 0 -1
    outer loop
      vertex -11.123983672655527 -8.082047219021506 -6
      vertex -10.02331862704441 9.412522706519466 -6
      vertex -8.764579859044483 10.594557088167104 -6
    endloop
  endfacet
  facet normal 0 0 -1
    outer loop
      vertex -8.764579859044483 10.594557088167104 -6
      vertex -9.385017932497508 0.2381331437721777 -6
      vertex -9.4 0 -6
    endloop
  endfacet
  facet normal 0 0 -1
    outer loop
      vertex -8.764579859044483 10.594557088167104 -6
      vertex -9.340308006144399 0.4725107856132242 -6
      vertex -9.385017932497508 0.2381331437721777 -6
    endloop
  endfacet
  facet normal 0 0 -1
    outer loop
      vertex -8.764579859044483 10.594557088167104 -6
      vertex -9.266575323187677 0.699436650100888 -6
      vertex -9.340308006144399 0.4725107856132242 -6
    endloop
  endfacet
  facet normal 0 0 -1
    outer loop
      vertex -9.266575323187677 0.699436650100888 -6
      vertex -8.764579859044483 10.594557088167104 -6
      vertex -9.16498269208334 0.9153319807932592 -6
    endloop
  endfacet
  facet normal 0 0 -1
    outer loop
      vertex -8.764579859044483 10.594557088167104 -6
      vertex -9.0371322893124 1.1167919793556988 -6
      vertex -9.16498269208334 0.9153319807932592 -6
    endloop
  endfacet
  facet normal 0 0 -1
    outer loop
      vertex -8.764579859044483 10.594557088167104 -6
      vertex -8.885040392100683 1.300639501264508 -6
      vertex -9.0371322893124 1.1167919793556988 -6
    endloop
  endfacet
  facet normal 0 0 -1
    outer loop
      vertex -8.764579859044483 10.594557088167104 -6
      vertex -8.71110558052251 1.4639751612739997 -6
      vertex -8.885040392100683 1.300639501264508 -6
    endloop
  endfacet
  facet normal 0 0 -1
    outer loop
      vertex -8.764579859044483 10.594557088167104 -6
      vertex -8.518070910460093 1.6042230584538284 -6
      vertex -8.71110558052251 1.4639751612739997 -6
    endloop
  endfacet
  facet normal 0 0 -1
    outer loop
      vertex -8.518070910460093 1.6042230584538284 -6
      vertex -7.367618430961206 11.609508975652705 -6
      vertex -8.308980653973638 1.719171399685437 -6
    endloop
  endfacet
  facet normal 0 0 -1
    outer loop
      vertex -7.367618430961206 11.609508975652705 -6
      vertex -8.0871322893124 1.8070073809607916 -6
      vertex -8.308980653973638 1.719171399685437 -6
    endloop
  endfacet
  facet normal 0 0 -1
    outer loop
      vertex -7.367618430961206 11.609508975652705 -6
      vertex -7.856024497712877 1.8663457763845084 -6
      vertex -8.0871322893124 1.8070073809607916 -6
    endloop
  endfacet
  facet normal 0 0 -1
    outer loop
      vertex -7.856024497712877 1.8663457763845084 -6
      vertex -7.367618430961206 11.609508975652705 -6
      vertex -7.619301987105695 1.896250784013716 -6
    endloop
  endfacet
  facet normal 0 0 -1
    outer loop
      vertex -7.367618430961206 11.609508975652705 -6
      vertex -7.380698012894305 1.896250784013716 -6
      vertex -7.619301987105695 1.896250784013716 -6
    endloop
  endfacet
  facet normal 0 0 -1
    outer loop
      vertex -7.367618430961206 11.609508975652705 -6
      vertex -7.143975502287123 1.8663457763845084 -6
      vertex -7.380698012894305 1.896250784013716 -6
    endloop
  endfacet
  facet normal 0 0 -1
    outer loop
      vertex -7.367618430961206 11.609508975652705 -6
      vertex -6.9128677106876 1.8070073809607916 -6
      vertex -7.143975502287123 1.8663457763845084 -6
    endloop
  endfacet
  facet normal 0 0 -1
    outer loop
      vertex -8.518070910460093 1.6042230584538284 -6
      vertex -8.764579859044483 10.594557088167104 -6
      vertex -7.367618430961206 11.609508975652705 -6
    endloop
  endfacet
  facet normal 0 0 -1
    outer loop
      vertex -5.854465259019746 -12.441371971407769 -6
      vertex -5.614982067502492 -0.2381331437721777 -6
      vertex -4.248983672655527 13.07702709905836 -6
    endloop
  endfacet
  facet normal 0 0 -1
    outer loop
      vertex -5.854465259019746 -12.441371971407769 -6
      vertex -2.5764930755537128 13.50644969751947 -6
      vertex -2.9 0 -6
    endloop
  endfacet
  facet normal 0 0 -1
    outer loop
      vertex -4.248983672655527 13.07702709905836 -6
      vertex -5.614982067502492 0.2381331437721781 -6
      vertex -5.659691993855601 0.47251078561322407 -6
    endloop
  endfacet
  facet normal 0 0 -1
    outer loop
      vertex -4.248983672655527 13.07702709905836 -6
      vertex -5.733424676812323 0.6994366501008881 -6
      vertex -5.835017307916659 0.9153319807932591 -6
    endloop
  endfacet
  facet normal 0 0 -1
    outer loop
      vertex -4.248983672655527 13.07702709905836 -6
      vertex -5.659691993855601 0.47251078561322407 -6
      vertex -5.733424676812323 0.6994366501008881 -6
    endloop
  endfacet
  facet normal 0 0 -1
    outer loop
      vertex -4.248983672655527 13.07702709905836 -6
      vertex -5.835017307916659 0.9153319807932591 -6
      vertex -5.9628677106876005 1.1167919793556988 -6
    endloop
  endfacet
  facet normal 0 0 -1
    outer loop
      vertex -6.9128677106876 1.8070073809607916 -6
      vertex -5.85446525901975 12.441371971407767 -6
      vertex -6.691019346026362 1.719171399685437 -6
    endloop
  endfacet
  facet normal 0 0 -1
    outer loop
      vertex -5.85446525901975 12.441371971407767 -6
      vertex -6.481929089539906 1.6042230584538286 -6
      vertex -6.691019346026362 1.719171399685437 -6
    endloop
  endfacet
  facet normal 0 0 -1
    outer loop
      vertex -5.85446525901975 12.441371971407767 -6
      vertex -6.28889441947749 1.4639751612739993 -6
      vertex -6.481929089539906 1.6042230584538286 -6
    endloop
  endfacet
  facet normal 0 0 -1
    outer loop
      vertex -4.248983672655527 13.07702709905836 -6
      vertex -6.114959607899318 1.3006395012645084 -6
      vertex -6.28889441947749 1.4639751612739993 -6
    endloop
  endfacet
  facet normal 0 0 -1
    outer loop
      vertex -4.248983672655527 13.07702709905836 -6
      vertex -5.9628677106876005 1.1167919793556988 -6
      vertex -6.114959607899318 1.3006395012645084 -6
    endloop
  endfacet
  facet normal 0 0 -1
    outer loop
      vertex -4.248983672655527 13.07702709905836 -6
      vertex -5.614982067502492 -0.2381331437721777 -6
      vertex -5.6 0 -6
    endloop
  endfacet
  facet normal 0 0 -1
    outer loop
      vertex -4.248983672655527 13.07702709905836 -6
      vertex -5.6 0 -6
      vertex -5.614982067502492 0.2381331437721781 -6
    endloop
  endfacet
  facet normal 0 0 -1
    outer loop
      vertex -5.854465259019746 -12.441371971407769 -6
      vertex -4.248983672655527 13.07702709905836 -6
      vertex -2.5764930755537128 13.50644969751947 -6
    endloop
  endfacet
  facet normal 0 0 -1
    outer loop
      vertex -2.80889116727303 0.7212006727780791 -6
      vertex -2.421457902821578 6.753275282087864 -6
      vertex -2.6963518090759293 1.0675612027855659 -6
    endloop
  endfacet
  facet normal 0 0 -1
    outer loop
      vertex -2.6963518090759293 1.0675612027855659 -6
      vertex -2.324441214720628 6.454688618288304 -6
      vertex -2.541289372127204 1.3970856548949746 -6
    endloop
  endfacet
  facet normal 0 0 -1
    outer loop
      vertex -2.541289372127204 1.3970856548949746 -6
      vertex -2.1907667001096587 6.1706158147457115 -6
      vertex -2.3461492836873474 1.704577231648172 -6
    endloop
  endfacet
  facet normal 0 0 -1
    outer loop
      vertex -2.3461492836873474 1.704577231648172 -6
      vertex -2.0225424859373686 5.905536869268817 -6
      vertex -2.114009019522094 1.9851866071931965 -6
    endloop
  endfacet
  facet normal 0 0 -1
    outer loop
      vertex -2.114009019522094 1.9851866071931965 -6
      vertex -1.8224215685535292 5.663632235178278 -6
      vertex -1.8485295702712 2.234488404049789 -6
    endloop
  endfacet
  facet normal 0 0 -1
    outer loop
      vertex -1.8485295702712 2.234488404049789 -6
      vertex -1.3395669874474905 5.264180186244962 -6
      vertex -1.5538977054390906 2.4485509839558435 -6
    endloop
  endfacet
  facet normal 0 0 -1
    outer loop
      vertex -2.5764930755537128 13.50644969751947 -6
      vertex -2.8771326338119856 0.3634663773364818 -6
      vertex -2.9 0 -6
    endloop
  endfacet
  facet normal 0 0 -1
    outer loop
      vertex -2.5764930755537128 13.50644969751947 -6
      vertex -2.80889116727303 0.7212006727780791 -6
      vertex -2.8771326338119856 0.3634663773364818 -6
    endloop
  endfacet
  facet normal 0 0 -1
    outer loop
      vertex -2.80889116727303 0.7212006727780791 -6
      vertex -2.5 7.375 -6
      vertex -2.4802867532861947 7.06166691608924 -6
    endloop
  endfacet
  facet normal 0 0 -1
    outer loop
      vertex -2.541289372127204 1.3970856548949746 -6
      vertex -2.324441214720628 6.454688618288304 -6
      vertex -2.1907667001096587 6.1706158147457115 -6
    endloop
  endfacet
  facet normal 0 0 -1
    outer loop
      vertex -2.3461492836873474 1.704577231648172 -6
      vertex -2.1907667001096587 6.1706158147457115 -6
      vertex -2.0225424859373686 5.905536869268817 -6
    endloop
  endfacet
  facet normal 0 0 -1
    outer loop
      vertex -2.6963518090759293 1.0675612027855659 -6
      vertex -2.421457902821578 6.753275282087864 -6
      vertex -2.324441214720628 6.454688618288304 -6
    endloop
  endfacet
  facet normal 0 0 -1
    outer loop
      vertex -2.80889116727303 0.7212006727780791 -6
      vertex -2.4802867532861947 7.06166691608924 -6
      vertex -2.421457902821578 6.753275282087864 -6
    endloop
  endfacet
  facet normal 0 0 -1
    outer loop
      vertex -2.114009019522094 1.9851866071931965 -6
      vertex -2.0225424859373686 5.905536869268817 -6
      vertex -1.8224215685535292 5.663632235178278 -6
    endloop
  endfacet
  facet normal 0 0 -1
    outer loop
      vertex -1.8485295702712 2.234488404049789 -6
      vertex -1.8224215685535292 5.663632235178278 -6
      vertex -1.593559974371725 5.448716893060528 -6
    endloop
  endfacet
  facet normal 0 0 -1
    outer loop
      vertex -1.5538977054390906 2.4485509839558435 -6
      vertex -1.3395669874474905 5.264180186244962 -6
      vertex -1.2347599455387108 2.6239984521514566 -6
    endloop
  endfacet
  facet normal 0 0 -1
    outer loop
      vertex -1.2347599455387108 2.6239984521514566 -6
      vertex -0.7725424859373685 4.997358709262116 -6
      vertex -0.8961492836873475 2.758063897255945 -6
    endloop
  endfacet
  facet normal 0 0 -1
    outer loop
      vertex -1.2347599455387108 2.6239984521514566 -6
      vertex -1.064448228912681 5.112932368834951 -6
      vertex -0.7725424859373685 4.997358709262116 -6
    endloop
  endfacet
  facet normal 0 0 -1
    outer loop
      vertex -1.8485295702712 2.234488404049789 -6
      vertex -1.593559974371725 5.448716893060528 -6
      vertex -1.3395669874474905 5.264180186244962 -6
    endloop
  endfacet
  facet normal 0 0 -1
    outer loop
      vertex -1.2347599455387108 2.6239984521514566 -6
      vertex -1.3395669874474905 5.264180186244962 -6
      vertex -1.064448228912681 5.112932368834951 -6
    endloop
  endfacet
  facet normal 0 0 -1
    outer loop
      vertex -0.8961492836873475 2.758063897255945 -6
      vertex -0.7725424859373685 4.997358709262116 -6
      vertex -0.5434058122986013 2.848633027113197 -6
    endloop
  endfacet
  facet normal 0 0 -1
    outer loop
      vertex -0.5434058122986013 2.848633027113197 -6
      vertex -0.7725424859373685 4.997358709262116 -6
      vertex -0.46845328646431206 4.919281873178278 -6
    endloop
  endfacet
  facet normal 0 0 -1
    outer loop
      vertex -0.5434058122986013 2.848633027113197 -6
      vertex -0.46845328646431206 4.919281873178278 -6
      vertex -0.1820925066350085 2.8942775124419873 -6
    endloop
  endfacet
  facet normal 0 0 -1
    outer loop
      vertex -0.1820925066350085 2.8942775124419873 -6
      vertex -0.46845328646431206 4.919281873178278 -6
      vertex -0.1569762988232844 4.8799331789293205 -6
    endloop
  endfacet
  facet normal 0 0 -1
    outer loop
      vertex -0.1820925066350085 2.8942775124419873 -6
      vertex -0.1569762988232844 4.8799331789293205 -6
      vertex 0.1569762988232844 4.8799331789293205 -6
    endloop
  endfacet
  facet normal 0 0 -1
    outer loop
      vertex -6.9128677106876 1.8070073809607916 -6
      vertex -7.367618430961206 11.609508975652705 -6
      vertex -5.85446525901975 12.441371971407767 -6
    endloop
  endfacet
  facet normal 0 0 -1
    outer loop
      vertex -6.28889441947749 1.4639751612739993 -6
      vertex -5.85446525901975 12.441371971407767 -6
      vertex -4.248983672655527 13.07702709905836 -6
    endloop
  endfacet
  facet normal 0 0 -1
    outer loop
      vertex -2.80889116727303 0.7212006727780791 -6
      vertex -2.5764930755537128 13.50644969751947 -6
      vertex -2.5 7.375 -6
    endloop
  endfacet
  facet normal 0 0 -1
    outer loop
      vertex -2.5764930755537128 13.50644969751947 -6
      vertex -2.4802867532861947 7.688333083910761 -6
      vertex -2.5 7.375 -6
    endloop
  endfacet
  facet normal 0 0 -1
    outer loop
      vertex -2.5764930755537128 13.50644969751947 -6
      vertex -2.4214579028215777 7.996724717912137 -6
      vertex -2.4802867532861947 7.688333083910761 -6
    endloop
  endfacet
  facet normal 0 0 -1
    outer loop
      vertex -2.5764930755537128 13.50644969751947 -6
      vertex -2.324441214720628 8.295311381711695 -6
      vertex -2.4214579028215777 7.996724717912137 -6
    endloop
  endfacet
  facet normal 0 0 -1
    outer loop
      vertex -2.5764930755537128 13.50644969751947 -6
      vertex -2.190766700109659 8.579384185254288 -6
      vertex -2.324441214720628 8.295311381711695 -6
    endloop
  endfacet
  facet normal 0 0 -1
    outer loop
      vertex -2.5764930755537128 13.50644969751947 -6
      vertex -2.0225424859373686 8.844463130731183 -6
      vertex -2.190766700109659 8.579384185254288 -6
    endloop
  endfacet
  facet normal 0 0 -1
    outer loop
      vertex -2.5764930755537128 13.50644969751947 -6
      vertex -1.822421568553529 9.086367764821722 -6
      vertex -2.0225424859373686 8.844463130731183 -6
    endloop
  endfacet
  facet normal 0 0 -1
    outer loop
      vertex -2.5764930755537128 13.50644969751947 -6
      vertex -1.5935599743717244 9.301283106939472 -6
      vertex -1.822421568553529 9.086367764821722 -6
    endloop
  endfacet
  facet normal 0 0 -1
    outer loop
      vertex -2.5764930755537128 13.50644969751947 -6
      vertex -1.3395669874474916 9.485819813755038 -6
      vertex -1.5935599743717244 9.301283106939472 -6
    endloop
  endfacet
  facet normal 0 0 -1
    outer loop
      vertex -1.3395669874474916 9.485819813755038 -6
      vertex -0.8633696435280576 13.722867515888733 -6
      vertex -1.0644482289126818 9.63706763116505 -6
    endloop
  endfacet
  facet normal 0 0 -1
    outer loop
      vertex -1.0644482289126818 9.63706763116505 -6
      vertex -0.8633696435280576 13.722867515888733 -6
      vertex -0.7725424859373685 9.752641290737884 -6
    endloop
  endfacet
  facet normal 0 0 -1
    outer loop
      vertex -0.8633696435280576 13.722867515888733 -6
      vertex -0.46845328646431145 9.830718126821722 -6
      vertex -0.7725424859373685 9.752641290737884 -6
    endloop
  endfacet
  facet normal 0 0 -1
    outer loop
      vertex -1.3395669874474916 9.485819813755038 -6
      vertex -2.5764930755537128 13.50644969751947 -6
      vertex -0.8633696435280576 13.722867515888733 -6
    endloop
  endfacet
  facet normal 0 0 -1
    outer loop
      vertex -0.46845328646431145 9.830718126821722 -6
      vertex -0.8633696435280576 13.722867515888733 -6
      vertex 0.8633696435280575 13.722867515888733 -6
    endloop
  endfacet
  facet normal 0 0 1
    outer loop
      vertex -13.641577143074072 -1.7233319615091809 6
      vertex -13.641577143074072 1.7233319615091809 6
      vertex -13.75 0 6
    endloop
  endfacet
  facet normal 0 0 1
    outer loop
      vertex -13.641577143074072 1.7233319615091809 6
      vertex -12.784426680963458 -5.061712599414321 6
      vertex -13.318018465518676 3.4194859485167544 6
    endloop
  endfacet
  facet normal 0 0 1
    outer loop
      vertex -12.049216850603123 -6.624113018898586 6
      vertex -12.784426680963458 5.061712599414321 6
      vertex -13.318018465518676 3.4194859485167544 6
    endloop
  endfacet
  facet normal 0 0 1
    outer loop
      vertex -11.123983672655527 -8.082047219021506 6
      vertex -12.049216850603123 6.624113018898586 6
      vertex -12.784426680963458 5.061712599414321 6
    endloop
  endfacet
  facet normal 0 0 1
    outer loop
      vertex -10.02331862704441 -9.412522706519466 6
      vertex -11.123983672655527 8.082047219021506 6
      vertex -12.049216850603123 6.624113018898586 6
    endloop
  endfacet
  facet normal 0 0 1
    outer loop
      vertex -8.764579859044483 -10.594557088167104 6
      vertex -10.02331862704441 9.412522706519466 6
      vertex -11.123983672655527 8.082047219021506 6
    endloop
  endfacet
  facet normal 0 0 1
    outer loop
      vertex -10.02331862704441 9.412522706519466 6
      vertex -9 0 6
      vertex -8.988172051971716 0.1879998503464561 6
    endloop
  endfacet
  facet normal 0 0 1
    outer loop
      vertex -10.02331862704441 9.412522706519466 6
      vertex -8.988172051971716 0.1879998503464561 6
      vertex -8.952874741692947 0.3730348307472823 6
    endloop
  endfacet
  facet normal 0 0 1
    outer loop
      vertex -10.02331862704441 9.412522706519466 6
      vertex -8.952874741692947 0.3730348307472823 6
      vertex -8.894664728832378 0.5521868290270168 6
    endloop
  endfacet
  facet normal 0 0 1
    outer loop
      vertex -10.02331862704441 9.412522706519466 6
      vertex -8.894664728832378 0.5521868290270168 6
      vertex -8.814460020065795 0.722630511152573 6
    endloop
  endfacet
  facet normal 0 0 1
    outer loop
      vertex -10.02331862704441 9.412522706519466 6
      vertex -8.814460020065795 0.722630511152573 6
      vertex -8.713525491562422 0.8816778784387097 6
    endloop
  endfacet
  facet normal 0 0 1
    outer loop
      vertex -10.02331862704441 9.412522706519466 6
      vertex -8.713525491562422 0.8816778784387097 6
      vertex -8.593452941132117 1.0268206588930329 6
    endloop
  endfacet
  facet normal 0 0 1
    outer loop
      vertex -10.02331862704441 9.412522706519466 6
      vertex -8.593452941132117 1.0268206588930329 6
      vertex -8.456135984623035 1.155769864163684 6
    endloop
  endfacet
  facet normal 0 0 1
    outer loop
      vertex -10.02331862704441 9.412522706519466 6
      vertex -8.456135984623035 1.155769864163684 6
      vertex -8.303740192468496 1.2664918882530225 6
    endloop
  endfacet
  facet normal 0 0 1
    outer loop
      vertex -10.02331862704441 9.412522706519466 6
      vertex -8.303740192468496 1.2664918882530225 6
      vertex -8.138668937347608 1.3572405786990291 6
    endloop
  endfacet
  facet normal 0 0 1
    outer loop
      vertex -10.02331862704441 9.412522706519466 6
      vertex -8.138668937347608 1.3572405786990291 6
      vertex -7.963525491562421 1.4265847744427302 6
    endloop
  endfacet
  facet normal 0 0 1
    outer loop
      vertex -10.02331862704441 9.412522706519466 6
      vertex -7.963525491562421 1.4265847744427302 6
      vertex -7.781071971878587 1.473430876093033 6
    endloop
  endfacet
  facet normal 0 0 1
    outer loop
      vertex -10.02331862704441 9.412522706519466 6
      vertex -7.781071971878587 1.473430876093033 6
      vertex -7.59418577929397 1.4970400926424072 6
    endloop
  endfacet
  facet normal 0 0 1
    outer loop
      vertex -8.764579859044481 10.594557088167104 6
      vertex -7.59418577929397 1.4970400926424072 6
      vertex -7.40581422070603 1.4970400926424072 6
    endloop
  endfacet
  facet normal 0 0 1
    outer loop
      vertex -8.764579859044481 10.594557088167104 6
      vertex -7.40581422070603 1.4970400926424072 6
      vertex -7.218928028121413 1.473430876093033 6
    endloop
  endfacet
  facet normal 0 0 1
    outer loop
      vertex -7.036474508437579 1.4265847744427302 6
      vertex -8.764579859044481 10.594557088167104 6
      vertex -7.218928028121413 1.473430876093033 6
    endloop
  endfacet
  facet normal 0 0 1
    outer loop
      vertex -6.861331062652391 1.3572405786990291 6
      vertex -8.764579859044481 10.594557088167104 6
      vertex -7.036474508437579 1.4265847744427302 6
    endloop
  endfacet
  facet normal 0 0 1
    outer loop
      vertex -6.696259807531505 1.2664918882530225 6
      vertex -8.764579859044481 10.594557088167104 6
      vertex -6.861331062652391 1.3572405786990291 6
    endloop
  endfacet
  facet normal 0 0 1
    outer loop
      vertex -7.59418577929397 1.4970400926424072 6
      vertex -8.764579859044481 10.594557088167104 6
      vertex -10.02331862704441 9.412522706519466 6
    endloop
  endfacet
  facet normal 0 0 1
    outer loop
      vertex -6.696259807531505 1.2664918882530225 6
      vertex -7.367618430961206 11.609508975652705 6
      vertex -8.764579859044481 10.594557088167104 6
    endloop
  endfacet
  facet normal 0 0 1
    outer loop
      vertex -6.406547058867883 1.026820658893033 6
      vertex -7.367618430961206 11.609508975652705 6
      vertex -6.543864015376966 1.1557698641636838 6
    endloop
  endfacet
  facet normal 0 0 1
    outer loop
      vertex -6.543864015376966 1.1557698641636838 6
      vertex -7.367618430961206 11.609508975652705 6
      vertex -6.696259807531505 1.2664918882530225 6
    endloop
  endfacet
  facet normal 0 0 1
    outer loop
      vertex -6.286474508437578 0.8816778784387097 6
      vertex -7.367618430961206 11.609508975652705 6
      vertex -6.406547058867883 1.026820658893033 6
    endloop
  endfacet
  facet normal 0 0 1
    outer loop
      vertex -6.105335271167623 0.552186829027017 6
      vertex -5.854465259019749 12.441371971407767 6
      vertex -6.185539979934204 0.722630511152573 6
    endloop
  endfacet
  facet normal 0 0 1
    outer loop
      vertex -5.854465259019749 12.441371971407767 6
      vertex -6.286474508437578 0.8816778784387097 6
      vertex -6.185539979934204 0.722630511152573 6
    endloop
  endfacet
  facet normal 0 0 1
    outer loop
      vertex -5.854465259019749 12.441371971407767 6
      vertex -6.047125258307053 0.37303483074728216 6
      vertex -6.011827948028284 0.1879998503464564 6
    endloop
  endfacet
  facet normal 0 0 1
    outer loop
      vertex -5.854465259019749 12.441371971407767 6
      vertex -6.105335271167623 0.552186829027017 6
      vertex -6.047125258307053 0.37303483074728216 6
    endloop
  endfacet
  facet normal 0 0 1
    outer loop
      vertex -5.854465259019749 12.441371971407767 6
      vertex -2.5764930755537163 -13.506449697519468 6
      vertex -4.248983672655527 13.07702709905836 6
    endloop
  endfacet
  facet normal 0 0 1
    outer loop
      vertex -4.248983672655527 13.07702709905836 6
      vertex -0.9921147013144779 -7.249666766435696 6
      vertex -1.25 0 6
    endloop
  endfacet
  facet normal 0 0 1
    outer loop
      vertex -1.1622206073603143 0.46015569085584734 6
      vertex -0.9685831611286312 7.126310112835146 6
      vertex -1.2107289514107888 0.31086235895606856 6
    endloop
  endfacet
  facet normal 0 0 1
    outer loop
      vertex -1.1622206073603143 0.46015569085584734 6
      vertex -1.0953833500548293 0.6021920926271442 6
      vertex -0.9297764858882512 7.006875447315322 6
    endloop
  endfacet
  facet normal 0 0 1
    outer loop
      vertex -0.9297764858882512 7.006875447315322 6
      vertex -1.0953833500548293 0.6021920926271442 6
      vertex -1.0112712429686843 0.7347315653655915 6
    endloop
  endfacet
  facet normal 0 0 1
    outer loop
      vertex -0.9297764858882512 7.006875447315322 6
      vertex -1.0112712429686843 0.7347315653655915 6
      vertex -0.9112107842767646 0.8556838824108606 6
    endloop
  endfacet
  facet normal 0 0 1
    outer loop
      vertex -0.7967799871858621 0.9631415534697367 6
      vertex -0.9297764858882512 7.006875447315322 6
      vertex -0.9112107842767646 0.8556838824108606 6
    endloop
  endfacet
  facet normal 0 0 1
    outer loop
      vertex -0.6697834937237459 1.0554099068775187 6
      vertex -0.7289686274214117 6.690452894071312 6
      vertex -0.7967799871858621 0.9631415534697367 6
    endloop
  endfacet
  facet normal 0 0 1
    outer loop
      vertex -0.5322241144563409 1.1310338155825244 6
      vertex -0.63742398974869 6.604486757224211 6
      vertex -0.6697834937237459 1.0554099068775187 6
    endloop
  endfacet
  facet normal 0 0 1
    outer loop
      vertex -0.38627124296868426 1.1888206453689418 6
      vertex -0.5358267949789962 6.530672074497985 6
      vertex -0.5322241144563409 1.1310338155825244 6
    endloop
  endfacet
  facet normal 0 0 1
    outer loop
      vertex -0.42577929156507244 6.47017294753398 6
      vertex -0.38627124296868426 1.1888206453689418 6
      vertex -0.23422664323215572 1.2278590634108608 6
    endloop
  endfacet
  facet normal 0 0 1
    outer loop
      vertex -0.42577929156507244 6.47017294753398 6
      vertex -0.23422664323215572 1.2278590634108608 6
      vertex -0.07848814941163845 1.2475334105353395 6
    endloop
  endfacet
  facet normal 0 0 1
    outer loop
      vertex -0.07848814941163845 1.2475334105353395 6
      vertex 0.07848814941164159 1.2475334105353395 6
      vertex -0.06279051952931376 6.376973271571728 6
    endloop
  endfacet
  facet normal 0 0 1
    outer loop
      vertex -4.248983672655527 13.07702709905836 6
      vertex -1.25 0 6
      vertex -1.2401433766430974 0.15666654195538007 6
    endloop
  endfacet
  facet normal 0 0 1
    outer loop
      vertex -4.248983672655527 13.07702709905836 6
      vertex -1.2401433766430974 0.15666654195538007 6
      vertex -1.2107289514107888 0.31086235895606856 6
    endloop
  endfacet
  facet normal 0 0 1
    outer loop
      vertex -0.9921147013144779 7.249666766435696 6
      vertex -1.2107289514107888 0.31086235895606856 6
      vertex -0.9685831611286312 7.126310112835146 6
    endloop
  endfacet
  facet normal 0 0 1
    outer loop
      vertex -0.9685831611286312 7.126310112835146 6
      vertex -1.1622206073603143 0.46015569085584734 6
      vertex -0.9297764858882512 7.006875447315322 6
    endloop
  endfacet
  facet normal 0 0 1
    outer loop
      vertex -0.7967799871858621 0.9631415534697367 6
      vertex -0.8763066800438635 6.893246325898285 6
      vertex -0.9297764858882512 7.006875447315322 6
    endloop
  endfacet
  facet normal 0 0 1
    outer loop
      vertex -0.8090169943749475 6.787214747707527 6
      vertex -0.7967799871858621 0.9631415534697367 6
      vertex -0.7289686274214117 6.690452894071312 6
    endloop
  endfacet
  facet normal 0 0 1
    outer loop
      vertex -0.7967799871858621 0.9631415534697367 6
      vertex -0.8090169943749475 6.787214747707527 6
      vertex -0.8763066800438635 6.893246325898285 6
    endloop
  endfacet
  facet normal 0 0 1
    outer loop
      vertex -0.63742398974869 6.604486757224211 6
      vertex -0.7289686274214117 6.690452894071312 6
      vertex -0.6697834937237459 1.0554099068775187 6
    endloop
  endfacet
  facet normal 0 0 1
    outer loop
      vertex -0.5358267949789962 6.530672074497985 6
      vertex -0.63742398974869 6.604486757224211 6
      vertex -0.5322241144563409 1.1310338155825244 6
    endloop
  endfacet
  facet normal 0 0 1
    outer loop
      vertex -0.42577929156507244 6.47017294753398 6
      vertex -0.5358267949789962 6.530672074497985 6
      vertex -0.38627124296868426 1.1888206453689418 6
    endloop
  endfacet
  facet normal 0 0 1
    outer loop
      vertex -0.07848814941163845 1.2475334105353395 6
      vertex -0.3090169943749474 6.423943483704846 6
      vertex -0.42577929156507244 6.47017294753398 6
    endloop
  endfacet
  facet normal 0 0 1
    outer loop
      vertex -0.07848814941163845 1.2475334105353395 6
      vertex -0.18738131458572482 6.392712749271311 6
      vertex -0.3090169943749474 6.423943483704846 6
    endloop
  endfacet
  facet normal 0 0 1
    outer loop
      vertex -0.07848814941163845 1.2475334105353395 6
      vertex -0.06279051952931376 6.376973271571728 6
      vertex -0.18738131458572482 6.392712749271311 6
    endloop
  endfacet
  facet normal 0 0 1
    outer loop
      vertex -5.854465259019749 12.441371971407767 6
      vertex -7.367618430961206 11.609508975652705 6
      vertex -6.286474508437578 0.8816778784387097 6
    endloop
  endfacet
  facet normal 0 0 1
    outer loop
      vertex -4.248983672655527 13.07702709905836 6
      vertex -1.2107289514107888 0.31086235895606856 6
      vertex -0.9921147013144779 7.249666766435696 6
    endloop
  endfacet
  facet normal 0 0 1
    outer loop
      vertex -4.248983672655527 13.07702709905836 6
      vertex -0.9921147013144779 7.249666766435696 6
      vertex -1 7.375 6
    endloop
  endfacet
  facet normal 0 0 1
    outer loop
      vertex -4.248983672655527 13.07702709905836 6
      vertex -1 7.375 6
      vertex -0.9921147013144779 7.500333233564304 6
    endloop
  endfacet
  facet normal 0 0 1
    outer loop
      vertex -4.248983672655527 13.07702709905836 6
      vertex -0.9921147013144779 7.500333233564304 6
      vertex -0.9685831611286311 7.623689887164855 6
    endloop
  endfacet
  facet normal 0 0 1
    outer loop
      vertex -4.248983672655527 13.07702709905836 6
      vertex -0.9685831611286311 7.623689887164855 6
      vertex -0.9297764858882513 7.743124552684678 6
    endloop
  endfacet
  facet normal 0 0 1
    outer loop
      vertex -4.248983672655527 13.07702709905836 6
      vertex -0.9297764858882513 7.743124552684678 6
      vertex -0.8763066800438636 7.856753674101715 6
    endloop
  endfacet
  facet normal 0 0 1
    outer loop
      vertex -2.5764930755537128 13.50644969751947 6
      vertex -0.8763066800438636 7.856753674101715 6
      vertex -0.8090169943749475 7.962785252292473 6
    endloop
  endfacet
  facet normal 0 0 1
    outer loop
      vertex -2.5764930755537128 13.50644969751947 6
      vertex -0.8090169943749475 7.962785252292473 6
      vertex -0.7289686274214116 8.059547105928688 6
    endloop
  endfacet
  facet normal 0 0 1
    outer loop
      vertex -2.5764930755537128 13.50644969751947 6
      vertex -0.7289686274214116 8.059547105928688 6
      vertex -0.6374239897486897 8.14551324277579 6
    endloop
  endfacet
  facet normal 0 0 1
    outer loop
      vertex -2.5764930755537128 13.50644969751947 6
      vertex -0.6374239897486897 8.14551324277579 6
      vertex -0.5358267949789967 8.219327925502014 6
    endloop
  endfacet
  facet normal 0 0 1
    outer loop
      vertex -2.5764930755537128 13.50644969751947 6
      vertex -0.5358267949789967 8.219327925502014 6
      vertex -0.4257792915650727 8.27982705246602 6
    endloop
  endfacet
  facet normal 0 0 1
    outer loop
      vertex -0.8633696435280575 13.722867515888733 6
      vertex -0.4257792915650727 8.27982705246602 6
      vertex -0.3090169943749474 8.326056516295154 6
    endloop
  endfacet
  facet normal 0 0 1
    outer loop
      vertex -0.8633696435280575 13.722867515888733 6
      vertex -0.3090169943749474 8.326056516295154 6
      vertex -0.18738131458572457 8.357287250728689 6
    endloop
  endfacet
  facet normal 0 0 1
    outer loop
      vertex -0.8633696435280575 13.722867515888733 6
      vertex -0.18738131458572457 8.357287250728689 6
      vertex -0.06279051952931324 8.373026728428272 6
    endloop
  endfacet
  facet normal 0 0 1
    outer loop
      vertex -0.06279051952931324 8.373026728428272 6
      vertex 0.06279051952931328 8.373026728428272 6
      vertex -0.8633696435280575 13.722867515888733 6
    endloop
  endfacet
  facet normal 0 0 1
    outer loop
      vertex 0.06279051952931328 8.373026728428272 6
      vertex 0.18738131458572457 8.357287250728689 6
      vertex -0.8633696435280575 13.722867515888733 6
    endloop
  endfacet
  facet normal 0 0 1
    outer loop
      vertex -4.248983672655527 13.07702709905836 6
      vertex -0.8763066800438636 7.856753674101715 6
      vertex -2.5764930755537128 13.50644969751947 6
    endloop
  endfacet
  facet normal 0 0 1
    outer loop
      vertex -2.5764930755537128 13.50644969751947 6
      vertex -0.4257792915650727 8.27982705246602 6
      vertex -0.8633696435280575 13.722867515888733 6
    endloop
  endfacet
  facet normal 0 0 -1
    outer loop
      vertex -0.8633696435280644 -13.722867515888733 -6
      vertex 0.46845328646431206 -9.830718126821722 -6
      vertex 0.8633696435280642 -13.722867515888733 -6
    endloop
  endfacet
  facet normal 0 0 -1
    outer loop
      vertex 1.3395669874474918 -9.485819813755038 -6
      vertex 2.5764930755537163 -13.506449697519468 -6
      vertex 0.8633696435280642 -13.722867515888733 -6
    endloop
  endfacet
  facet normal 0 0 -1
    outer loop
      vertex 0.8633696435280642 -13.722867515888733 -6
      vertex 0.46845328646431206 -9.830718126821722 -6
      vertex 0.7725424859373685 -9.752641290737884 -6
    endloop
  endfacet
  facet normal 0 0 -1
    outer loop
      vertex 0.8633696435280642 -13.722867515888733 -6
      vertex 0.7725424859373685 -9.752641290737884 -6
      vertex 1.064448228912681 -9.63706763116505 -6
    endloop
  endfacet
  facet normal 0 0 -1
    outer loop
      vertex 0.8633696435280642 -13.722867515888733 -6
      vertex 1.064448228912681 -9.63706763116505 -6
      vertex 1.3395669874474918 -9.485819813755038 -6
    endloop
  endfacet
  facet normal 0 0 -1
    outer loop
      vertex 2.5764930755537163 -13.506449697519468 -6
      vertex 1.3395669874474918 -9.485819813755038 -6
      vertex 1.5935599743717241 -9.301283106939474 -6
    endloop
  endfacet
  facet normal 0 0 -1
    outer loop
      vertex 2.5764930755537163 -13.506449697519468 -6
      vertex 1.5935599743717241 -9.301283106939474 -6
      vertex 1.8224215685535292 -9.086367764821722 -6
    endloop
  endfacet
  facet normal 0 0 -1
    outer loop
      vertex 2.5764930755537163 -13.506449697519468 -6
      vertex 1.8224215685535292 -9.086367764821722 -6
      vertex 2.0225424859373686 -8.844463130731183 -6
    endloop
  endfacet
  facet normal 0 0 -1
    outer loop
      vertex 2.5764930755537163 -13.506449697519468 -6
      vertex 2.0225424859373686 -8.844463130731183 -6
      vertex 2.1907667001096587 -8.579384185254288 -6
    endloop
  endfacet
  facet normal 0 0 -1
    outer loop
      vertex 2.5764930755537163 -13.506449697519468 -6
      vertex 2.1907667001096587 -8.579384185254288 -6
      vertex 2.3244412147206286 -8.295311381711695 -6
    endloop
  endfacet
  facet normal 0 0 -1
    outer loop
      vertex 2.5764930755537163 -13.506449697519468 -6
      vertex 2.3244412147206286 -8.295311381711695 -6
      vertex 2.4214579028215777 -7.996724717912137 -6
    endloop
  endfacet
  facet normal 0 0 -1
    outer loop
      vertex 2.5764930755537163 -13.506449697519468 -6
      vertex 2.4214579028215777 -7.996724717912137 -6
      vertex 2.4802867532861947 -7.68833308391076 -6
    endloop
  endfacet
  facet normal 0 0 -1
    outer loop
      vertex 2.5764930755537163 -13.506449697519468 -6
      vertex 2.4802867532861947 -7.68833308391076 -6
      vertex 2.5 -7.375 -6
    endloop
  endfacet
  facet normal 0 0 -1
    outer loop
      vertex 2.5764930755537163 -13.506449697519468 -6
      vertex 2.5 -7.375 -6
      vertex 2.8088911672730306 -0.7212006727780779 -6
    endloop
  endfacet
  facet normal 0 0 -1
    outer loop
      vertex 6.28889441947749 -1.4639751612739997 -6
      vertex 5.854465259019746 -12.441371971407769 -6
      vertex 4.248983672655527 -13.07702709905836 -6
    endloop
  endfacet
  facet normal 0 0 -1
    outer loop
      vertex 6.9128677106876 -1.8070073809607916 -6
      vertex 7.367618430961198 -11.60950897565271 -6
      vertex 5.854465259019746 -12.441371971407769 -6
    endloop
  endfacet
  facet normal 0 0 -1
    outer loop
      vertex -0.15697629882328318 -4.8799331789293205 -6
      vertex 0.1820925066350099 -2.8942775124419873 -6
      vertex 0.15697629882328318 -4.8799331789293205 -6
    endloop
  endfacet
  facet normal 0 0 -1
    outer loop
      vertex 0.15697629882328318 -4.8799331789293205 -6
      vertex 0.1820925066350099 -2.8942775124419873 -6
      vertex 0.46845328646431145 -4.919281873178278 -6
    endloop
  endfacet
  facet normal 0 0 -1
    outer loop
      vertex 0.46845328646431145 -4.919281873178278 -6
      vertex 0.1820925066350099 -2.8942775124419873 -6
      vertex 0.543405812298602 -2.848633027113197 -6
    endloop
  endfacet
  facet normal 0 0 -1
    outer loop
      vertex 0.46845328646431145 -4.919281873178278 -6
      vertex 0.543405812298602 -2.848633027113197 -6
      vertex 0.7725424859373685 -4.997358709262116 -6
    endloop
  endfacet
  facet normal 0 0 -1
    outer loop
      vertex 0.7725424859373685 -4.997358709262116 -6
      vertex 0.543405812298602 -2.848633027113197 -6
      vertex 0.8961492836873475 -2.758063897255945 -6
    endloop
  endfacet
  facet normal 0 0 -1
    outer loop
      vertex 1.0644482289126818 -5.112932368834951 -6
      vertex 1.23475994553871 -2.6239984521514566 -6
      vertex 1.3395669874474918 -5.264180186244962 -6
    endloop
  endfacet
  facet normal 0 0 -1
    outer loop
      vertex 1.3395669874474918 -5.264180186244962 -6
      vertex 1.8485295702712008 -2.234488404049788 -6
      vertex 1.5935599743717241 -5.448716893060526 -6
    endloop
  endfacet
  facet normal 0 0 -1
    outer loop
      vertex 0.7725424859373685 -4.997358709262116 -6
      vertex 1.23475994553871 -2.6239984521514566 -6
      vertex 1.0644482289126818 -5.112932368834951 -6
    endloop
  endfacet
  facet normal 0 0 -1
    outer loop
      vertex 0.7725424859373685 -4.997358709262116 -6
      vertex 0.8961492836873475 -2.758063897255945 -6
      vertex 1.23475994553871 -2.6239984521514566 -6
    endloop
  endfacet
  facet normal 0 0 -1
    outer loop
      vertex 1.3395669874474918 -5.264180186244962 -6
      vertex 1.23475994553871 -2.6239984521514566 -6
      vertex 1.553897705439089 -2.4485509839558444 -6
    endloop
  endfacet
  facet normal 0 0 -1
    outer loop
      vertex 1.5935599743717241 -5.448716893060526 -6
      vertex 1.8485295702712008 -2.234488404049788 -6
      vertex 1.8224215685535292 -5.663632235178278 -6
    endloop
  endfacet
  facet normal 0 0 -1
    outer loop
      vertex 2.0225424859373686 -5.905536869268817 -6
      vertex 1.8224215685535292 -5.663632235178278 -6
      vertex 2.114009019522094 -1.9851866071931965 -6
    endloop
  endfacet
  facet normal 0 0 -1
    outer loop
      vertex 2.8088911672730306 -0.7212006727780779 -6
      vertex 2.4802867532861947 -7.06166691608924 -6
      vertex 2.4214579028215777 -6.753275282087863 -6
    endloop
  endfacet
  facet normal 0 0 -1
    outer loop
      vertex 2.4214579028215777 -6.753275282087863 -6
      vertex 2.3244412147206286 -6.454688618288305 -6
      vertex 2.6963518090759284 -1.0675612027855672 -6
    endloop
  endfacet
  facet normal 0 0 -1
    outer loop
      vertex 2.1907667001096587 -6.1706158147457115 -6
      vertex 2.0225424859373686 -5.905536869268817 -6
      vertex 2.3461492836873474 -1.704577231648172 -6
    endloop
  endfacet
  facet normal 0 0 -1
    outer loop
      vertex 2.1907667001096587 -6.1706158147457115 -6
      vertex 2.541289372127204 -1.3970856548949746 -6
      vertex 2.3244412147206286 -6.454688618288305 -6
    endloop
  endfacet
  facet normal 0 0 -1
    outer loop
      vertex 2.8088911672730306 -0.7212006727780779 -6
      vertex 2.5 -7.375 -6
      vertex 2.4802867532861947 -7.06166691608924 -6
    endloop
  endfacet
  facet normal 0 0 -1
    outer loop
      vertex 2.5764930755537163 -13.506449697519468 -6
      vertex 2.8088911672730306 -0.7212006727780779 -6
      vertex 2.8771326338119856 -0.3634663773364818 -6
    endloop
  endfacet
  facet normal 0 0 -1
    outer loop
      vertex 2.5764930755537163 -13.506449697519468 -6
      vertex 2.8771326338119856 -0.3634663773364818 -6
      vertex 2.9 0 -6
    endloop
  endfacet
  facet normal 0 0 -1
    outer loop
      vertex 1.3395669874474918 -5.264180186244962 -6
      vertex 1.553897705439089 -2.4485509839558444 -6
      vertex 1.8485295702712008 -2.234488404049788 -6
    endloop
  endfacet
  facet normal 0 0 -1
    outer loop
      vertex 1.8224215685535292 -5.663632235178278 -6
      vertex 1.8485295702712008 -2.234488404049788 -6
      vertex 2.114009019522094 -1.9851866071931965 -6
    endloop
  endfacet
  facet normal 0 0 -1
    outer loop
      vertex 2.0225424859373686 -5.905536869268817 -6
      vertex 2.114009019522094 -1.9851866071931965 -6
      vertex 2.3461492836873474 -1.704577231648172 -6
    endloop
  endfacet
  facet normal 0 0 -1
    outer loop
      vertex 2.1907667001096587 -6.1706158147457115 -6
      vertex 2.3461492836873474 -1.704577231648172 -6
      vertex 2.541289372127204 -1.3970856548949746 -6
    endloop
  endfacet
  facet normal 0 0 -1
    outer loop
      vertex 2.3244412147206286 -6.454688618288305 -6
      vertex 2.541289372127204 -1.3970856548949746 -6
      vertex 2.6963518090759284 -1.0675612027855672 -6
    endloop
  endfacet
  facet normal 0 0 -1
    outer loop
      vertex 2.8088911672730306 -0.7212006727780779 -6
      vertex 2.4214579028215777 -6.753275282087863 -6
      vertex 2.6963518090759284 -1.0675612027855672 -6
    endloop
  endfacet
  facet normal 0 0 -1
    outer loop
      vertex 5.854465259019749 12.441371971407767 -6
      vertex 4.248983672655527 -13.07702709905836 -6
      vertex 2.5764930755537163 -13.506449697519468 -6
    endloop
  endfacet
  facet normal 0 0 -1
    outer loop
      vertex 4.248983672655527 -13.07702709905836 -6
      vertex 5.6 0 -6
      vertex 5.614982067502492 -0.2381331437721777 -6
    endloop
  endfacet
  facet normal 0 0 -1
    outer loop
      vertex 4.248983672655527 -13.07702709905836 -6
      vertex 5.614982067502492 0.2381331437721777 -6
      vertex 5.6 0 -6
    endloop
  endfacet
  facet normal 0 0 -1
    outer loop
      vertex 4.248983672655527 -13.07702709905836 -6
      vertex 5.9628677106876005 -1.1167919793556988 -6
      vertex 6.114959607899317 -1.300639501264508 -6
    endloop
  endfacet
  facet normal 0 0 -1
    outer loop
      vertex 4.248983672655527 -13.07702709905836 -6
      vertex 6.114959607899317 -1.300639501264508 -6
      vertex 6.28889441947749 -1.4639751612739997 -6
    endloop
  endfacet
  facet normal 0 0 -1
    outer loop
      vertex 5.854465259019746 -12.441371971407769 -6
      vertex 6.28889441947749 -1.4639751612739997 -6
      vertex 6.481929089539906 -1.6042230584538284 -6
    endloop
  endfacet
  facet normal 0 0 -1
    outer loop
      vertex 5.854465259019746 -12.441371971407769 -6
      vertex 6.481929089539906 -1.6042230584538284 -6
      vertex 6.691019346026362 -1.7191713996854372 -6
    endloop
  endfacet
  facet normal 0 0 -1
    outer loop
      vertex 6.9128677106876 -1.8070073809607916 -6
      vertex 5.854465259019746 -12.441371971407769 -6
      vertex 6.691019346026362 -1.7191713996854372 -6
    endloop
  endfacet
  facet normal 0 0 -1
    outer loop
      vertex 4.248983672655527 -13.07702709905836 -6
      vertex 5.83501730791666 -0.9153319807932592 -6
      vertex 5.9628677106876005 -1.1167919793556988 -6
    endloop
  endfacet
  facet normal 0 0 -1
    outer loop
      vertex 4.248983672655527 -13.07702709905836 -6
      vertex 5.659691993855601 -0.4725107856132242 -6
      vertex 5.733424676812322 -0.699436650100888 -6
    endloop
  endfacet
  facet normal 0 0 -1
    outer loop
      vertex 4.248983672655527 -13.07702709905836 -6
      vertex 5.733424676812322 -0.699436650100888 -6
      vertex 5.83501730791666 -0.9153319807932592 -6
    endloop
  endfacet
  facet normal 0 0 -1
    outer loop
      vertex 4.248983672655527 -13.07702709905836 -6
      vertex 5.614982067502492 -0.2381331437721777 -6
      vertex 5.659691993855601 -0.4725107856132242 -6
    endloop
  endfacet
  facet normal 0 0 -1
    outer loop
      vertex 2.5764930755537163 -13.506449697519468 -6
      vertex 2.9 0 -6
      vertex 5.854465259019749 12.441371971407767 -6
    endloop
  endfacet
  facet normal 0 0 -1
    outer loop
      vertex 4.248983672655527 -13.07702709905836 -6
      vertex 5.854465259019749 12.441371971407767 -6
      vertex 5.614982067502492 0.2381331437721777 -6
    endloop
  endfacet
  facet normal 0 0 -1
    outer loop
      vertex 8.518070910460093 -1.604223058453829 -6
      vertex 8.764579859044487 -10.594557088167099 -6
      vertex 7.367618430961198 -11.60950897565271 -6
    endloop
  endfacet
  facet normal 0 0 -1
    outer loop
      vertex 7.367618430961198 -11.60950897565271 -6
      vertex 6.9128677106876 -1.8070073809607916 -6
      vertex 7.143975502287123 -1.8663457763845084 -6
    endloop
  endfacet
  facet normal 0 0 -1
    outer loop
      vertex 7.367618430961198 -11.60950897565271 -6
      vertex 7.143975502287123 -1.8663457763845084 -6
      vertex 7.380698012894304 -1.896250784013716 -6
    endloop
  endfacet
  facet normal 0 0 -1
    outer loop
      vertex 7.367618430961198 -11.60950897565271 -6
      vertex 7.380698012894304 -1.896250784013716 -6
      vertex 7.619301987105696 -1.896250784013716 -6
    endloop
  endfacet
  facet normal 0 0 -1
    outer loop
      vertex 7.367618430961198 -11.60950897565271 -6
      vertex 7.619301987105696 -1.896250784013716 -6
      vertex 7.856024497712877 -1.8663457763845084 -6
    endloop
  endfacet
  facet normal 0 0 -1
    outer loop
      vertex 7.367618430961198 -11.60950897565271 -6
      vertex 7.856024497712877 -1.8663457763845084 -6
      vertex 8.0871322893124 -1.8070073809607916 -6
    endloop
  endfacet
  facet normal 0 0 -1
    outer loop
      vertex 7.367618430961198 -11.60950897565271 -6
      vertex 8.0871322893124 -1.8070073809607916 -6
      vertex 8.308980653973638 -1.7191713996854372 -6
    endloop
  endfacet
  facet normal 0 0 -1
    outer loop
      vertex 7.367618430961198 -11.60950897565271 -6
      vertex 8.308980653973638 -1.7191713996854372 -6
      vertex 8.518070910460093 -1.604223058453829 -6
    endloop
  endfacet
  facet normal 0 0 -1
    outer loop
      vertex 8.764579859044487 -10.594557088167099 -6
      vertex 8.518070910460093 -1.604223058453829 -6
      vertex 8.71110558052251 -1.463975161273999 -6
    endloop
  endfacet
  facet normal 0 0 -1
    outer loop
      vertex 8.764579859044487 -10.594557088167099 -6
      vertex 8.71110558052251 -1.463975161273999 -6
      vertex 8.885040392100683 -1.300639501264508 -6
    endloop
  endfacet
  facet normal 0 0 -1
    outer loop
      vertex 8.764579859044487 -10.594557088167099 -6
      vertex 8.885040392100683 -1.300639501264508 -6
      vertex 9.0371322893124 -1.1167919793556988 -6
    endloop
  endfacet
  facet normal 0 0 -1
    outer loop
      vertex 8.764579859044487 -10.594557088167099 -6
      vertex 9.0371322893124 -1.1167919793556988 -6
      vertex 9.16498269208334 -0.9153319807932592 -6
    endloop
  endfacet
  facet normal 0 0 -1
    outer loop
      vertex 8.764579859044487 -10.594557088167099 -6
      vertex 9.16498269208334 -0.9153319807932592 -6
      vertex 9.266575323187677 -0.6994366501008888 -6
    endloop
  endfacet
  facet normal 0 0 -1
    outer loop
      vertex 8.764579859044487 -10.594557088167099 -6
      vertex 9.266575323187677 -0.6994366501008888 -6
      vertex 9.340308006144399 -0.4725107856132234 -6
    endloop
  endfacet
  facet normal 0 0 -1
    outer loop
      vertex 8.764579859044487 -10.594557088167099 -6
      vertex 9.340308006144399 -0.4725107856132234 -6
      vertex 9.385017932497508 -0.2381331437721777 -6
    endloop
  endfacet
  facet normal 0 0 -1
    outer loop
      vertex 8.764579859044487 -10.594557088167099 -6
      vertex 9.385017932497508 -0.2381331437721777 -6
      vertex 9.4 0 -6
    endloop
  endfacet
  facet normal 0 0 -1
    outer loop
      vertex 11.123983672655527 8.082047219021506 -6
      vertex 10.02331862704441 -9.412522706519466 -6
      vertex 8.764579859044487 -10.594557088167099 -6
    endloop
  endfacet
  facet normal 0 0 -1
    outer loop
      vertex 8.764579859044487 -10.594557088167099 -6
      vertex 9.4 0 -6
      vertex 11.123983672655527 8.082047219021506 -6
    endloop
  endfacet
  facet normal 0 0 -1
    outer loop
      vertex 12.049216850603123 6.624113018898585 -6
      vertex 11.123983672655527 -8.082047219021506 -6
      vertex 10.02331862704441 -9.412522706519466 -6
    endloop
  endfacet
  facet normal 0 0 -1
    outer loop
      vertex 12.784426680963456 5.061712599414322 -6
      vertex 12.049216850603123 -6.624113018898586 -6
      vertex 11.123983672655527 -8.082047219021506 -6
    endloop
  endfacet
  facet normal 0 0 -1
    outer loop
      vertex 12.049216850603123 -6.624113018898586 -6
      vertex 13.318018465518676 3.4194859485167535 -6
      vertex 12.784426680963454 -5.061712599414328 -6
    endloop
  endfacet
  facet normal 0 0 -1
    outer loop
      vertex 13.641577143074072 1.7233319615091836 -6
      vertex 13.318018465518678 -3.4194859485167486 -6
      vertex 12.784426680963454 -5.061712599414328 -6
    endloop
  endfacet
  facet normal 0 0 -1
    outer loop
      vertex 13.641577143074072 1.7233319615091836 -6
      vertex 13.641577143074072 -1.7233319615091809 -6
      vertex 13.318018465518678 -3.4194859485167486 -6
    endloop
  endfacet
  facet normal 0 0 1
    outer loop
      vertex 0.8633696435280644 -13.722867515888733 6
      vertex 2.5764930755537163 -13.506449697519468 6
      vertex 0.42577929156507244 -8.27982705246602 6
    endloop
  endfacet
  facet normal 0 0 1
    outer loop
      vertex 4.248983672655527 -13.07702709905836 6
      vertex 0.8763066800438635 -7.856753674101715 6
      vertex 2.5764930755537163 -13.506449697519468 6
    endloop
  endfacet
  facet normal 0 0 1
    outer loop
      vertex -0.06279051952931376 -8.373026728428272 6
      vertex -0.18738131458572482 -8.357287250728689 6
      vertex 0.8633696435280644 -13.722867515888733 6
    endloop
  endfacet
  facet normal 0 0 1
    outer loop
      vertex -0.06279051952931376 -8.373026728428272 6
      vertex 0.8633696435280644 -13.722867515888733 6
      vertex 0.06279051952931376 -8.373026728428272 6
    endloop
  endfacet
  facet normal 0 0 1
    outer loop
      vertex 0.8633696435280644 -13.722867515888733 6
      vertex 0.18738131458572482 -8.357287250728689 6
      vertex 0.06279051952931376 -8.373026728428272 6
    endloop
  endfacet
  facet normal 0 0 1
    outer loop
      vertex 0.8633696435280644 -13.722867515888733 6
      vertex 0.3090169943749474 -8.326056516295154 6
      vertex 0.18738131458572482 -8.357287250728689 6
    endloop
  endfacet
  facet normal 0 0 1
    outer loop
      vertex 0.8633696435280644 -13.722867515888733 6
      vertex 0.42577929156507244 -8.27982705246602 6
      vertex 0.3090169943749474 -8.326056516295154 6
    endloop
  endfacet
  facet normal 0 0 1
    outer loop
      vertex 2.5764930755537163 -13.506449697519468 6
      vertex 0.5358267949789968 -8.219327925502014 6
      vertex 0.42577929156507244 -8.27982705246602 6
    endloop
  endfacet
  facet normal 0 0 1
    outer loop
      vertex 2.5764930755537163 -13.506449697519468 6
      vertex 0.6374239897486896 -8.14551324277579 6
      vertex 0.5358267949789968 -8.219327925502014 6
    endloop
  endfacet
  facet normal 0 0 1
    outer loop
      vertex 2.5764930755537163 -13.506449697519468 6
      vertex 0.7289686274214117 -8.059547105928688 6
      vertex 0.6374239897486896 -8.14551324277579 6
    endloop
  endfacet
  facet normal 0 0 1
    outer loop
      vertex 2.5764930755537163 -13.506449697519468 6
      vertex 0.8090169943749475 -7.962785252292473 6
      vertex 0.7289686274214117 -8.059547105928688 6
    endloop
  endfacet
  facet normal 0 0 1
    outer loop
      vertex 2.5764930755537163 -13.506449697519468 6
      vertex 0.8763066800438635 -7.856753674101715 6
      vertex 0.8090169943749475 -7.962785252292473 6
    endloop
  endfacet
  facet normal 0 0 1
    outer loop
      vertex 4.248983672655527 -13.07702709905836 6
      vertex 0.9297764858882515 -7.7431245526846775 6
      vertex 0.8763066800438635 -7.856753674101715 6
    endloop
  endfacet
  facet normal 0 0 1
    outer loop
      vertex 4.248983672655527 -13.07702709905836 6
      vertex 0.9685831611286311 -7.623689887164855 6
      vertex 0.9297764858882515 -7.7431245526846775 6
    endloop
  endfacet
  facet normal 0 0 1
    outer loop
      vertex 4.248983672655527 -13.07702709905836 6
      vertex 0.9921147013144779 -7.500333233564304 6
      vertex 0.9685831611286311 -7.623689887164855 6
    endloop
  endfacet
  facet normal 0 0 1
    outer loop
      vertex 4.248983672655527 -13.07702709905836 6
      vertex 1 -7.375 6
      vertex 0.9921147013144779 -7.500333233564304 6
    endloop
  endfacet
  facet normal 0 0 1
    outer loop
      vertex 4.248983672655527 -13.07702709905836 6
      vertex 0.9921147013144779 -7.249666766435696 6
      vertex 1 -7.375 6
    endloop
  endfacet
  facet normal 0 0 1
    outer loop
      vertex 4.248983672655527 -13.07702709905836 6
      vertex 1.210728951410789 -0.31086235895606806 6
      vertex 0.9921147013144779 -7.249666766435696 6
    endloop
  endfacet
  facet normal 0 0 1
    outer loop
      vertex 0.06279051952931328 -6.376973271571728 6
      vertex 0.18738131458572457 -6.392712749271311 6
      vertex 0.07848814941164224 -1.2475334105353395 6
    endloop
  endfacet
  facet normal 0 0 1
    outer loop
      vertex 0.18738131458572457 -6.392712749271311 6
      vertex 0.3090169943749474 -6.423943483704846 6
      vertex 0.07848814941164224 -1.2475334105353395 6
    endloop
  endfacet
  facet normal 0 0 1
    outer loop
      vertex 0.3090169943749474 -6.423943483704846 6
      vertex 0.4257792915650727 -6.470172947533981 6
      vertex 0.07848814941164224 -1.2475334105353395 6
    endloop
  endfacet
  facet normal 0 0 1
    outer loop
      vertex 0.4257792915650727 -6.470172947533981 6
      vertex 0.5358267949789968 -6.530672074497985 6
      vertex 0.38627124296868426 -1.1888206453689418 6
    endloop
  endfacet
  facet normal 0 0 1
    outer loop
      vertex 0.5358267949789968 -6.530672074497985 6
      vertex 0.6374239897486896 -6.604486757224211 6
      vertex 0.5322241144563405 -1.1310338155825246 6
    endloop
  endfacet
  facet normal 0 0 1
    outer loop
      vertex 0.6374239897486896 -6.604486757224211 6
      vertex 0.7289686274214117 -6.690452894071312 6
      vertex 0.6697834937237452 -1.0554099068775191 6
    endloop
  endfacet
  facet normal 0 0 1
    outer loop
      vertex 0.7967799871858625 -0.9631415534697363 6
      vertex 0.8090169943749475 -6.787214747707527 6
      vertex 0.8763066800438635 -6.893246325898285 6
    endloop
  endfacet
  facet normal 0 0 1
    outer loop
      vertex 0.8090169943749475 -6.787214747707527 6
      vertex 0.7967799871858625 -0.9631415534697363 6
      vertex 0.7289686274214117 -6.690452894071312 6
    endloop
  endfacet
  facet normal 0 0 1
    outer loop
      vertex 0.9297764858882515 -7.0068754473153225 6
      vertex 0.7967799871858625 -0.9631415534697363 6
      vertex 0.8763066800438635 -6.893246325898285 6
    endloop
  endfacet
  facet normal 0 0 1
    outer loop
      vertex 0.9685831611286311 -7.126310112835145 6
      vertex 1.162220607360314 -0.46015569085584795 6
      vertex 0.9297764858882515 -7.0068754473153225 6
    endloop
  endfacet
  facet normal 0 0 1
    outer loop
      vertex 0.9921147013144779 -7.249666766435696 6
      vertex 1.210728951410789 -0.31086235895606806 6
      vertex 0.9685831611286311 -7.126310112835145 6
    endloop
  endfacet
  facet normal 0 0 1
    outer loop
      vertex 4.248983672655527 -13.07702709905836 6
      vertex 1.2401433766430974 -0.15666654195538007 6
      vertex 1.210728951410789 -0.31086235895606806 6
    endloop
  endfacet
  facet normal 0 0 1
    outer loop
      vertex 4.248983672655527 -13.07702709905836 6
      vertex 1.25 0 6
      vertex 1.2401433766430974 -0.15666654195538007 6
    endloop
  endfacet
  facet normal 0 0 1
    outer loop
      vertex 0.06279051952931328 -6.376973271571728 6
      vertex 0.07848814941164224 -1.2475334105353395 6
      vertex -0.0784881494116422 -1.2475334105353395 6
    endloop
  endfacet
  facet normal 0 0 1
    outer loop
      vertex 0.4257792915650727 -6.470172947533981 6
      vertex 0.23422664323215603 -1.2278590634108608 6
      vertex 0.07848814941164224 -1.2475334105353395 6
    endloop
  endfacet
  facet normal 0 0 1
    outer loop
      vertex 0.4257792915650727 -6.470172947533981 6
      vertex 0.38627124296868426 -1.1888206453689418 6
      vertex 0.23422664323215603 -1.2278590634108608 6
    endloop
  endfacet
  facet normal 0 0 1
    outer loop
      vertex 0.5358267949789968 -6.530672074497985 6
      vertex 0.5322241144563405 -1.1310338155825246 6
      vertex 0.38627124296868426 -1.1888206453689418 6
    endloop
  endfacet
  facet normal 0 0 1
    outer loop
      vertex 0.6374239897486896 -6.604486757224211 6
      vertex 0.6697834937237452 -1.0554099068775191 6
      vertex 0.5322241144563405 -1.1310338155825246 6
    endloop
  endfacet
  facet normal 0 0 1
    outer loop
      vertex 0.7289686274214117 -6.690452894071312 6
      vertex 0.7967799871858625 -0.9631415534697363 6
      vertex 0.6697834937237452 -1.0554099068775191 6
    endloop
  endfacet
  facet normal 0 0 1
    outer loop
      vertex 0.9297764858882515 -7.0068754473153225 6
      vertex 0.9112107842767646 -0.8556838824108606 6
      vertex 0.7967799871858625 -0.9631415534697363 6
    endloop
  endfacet
  facet normal 0 0 1
    outer loop
      vertex 0.9297764858882515 -7.0068754473153225 6
      vertex 1.0112712429686843 -0.7347315653655915 6
      vertex 0.9112107842767646 -0.8556838824108606 6
    endloop
  endfacet
  facet normal 0 0 1
    outer loop
      vertex 0.9297764858882515 -7.0068754473153225 6
      vertex 1.0953833500548293 -0.6021920926271442 6
      vertex 1.0112712429686843 -0.7347315653655915 6
    endloop
  endfacet
  facet normal 0 0 1
    outer loop
      vertex 0.9297764858882515 -7.0068754473153225 6
      vertex 1.162220607360314 -0.46015569085584795 6
      vertex 1.0953833500548293 -0.6021920926271442 6
    endloop
  endfacet
  facet normal 0 0 1
    outer loop
      vertex 0.9685831611286311 -7.126310112835145 6
      vertex 1.210728951410789 -0.31086235895606806 6
      vertex 1.162220607360314 -0.46015569085584795 6
    endloop
  endfacet
  facet normal 0 0 1
    outer loop
      vertex 4.248983672655527 -13.07702709905836 6
      vertex 0.9921147013144779 7.249666766435696 6
      vertex 1.25 0 6
    endloop
  endfacet
  facet normal 0 0 1
    outer loop
      vertex 5.854465259019746 -12.441371971407769 6
      vertex 2.5764930755537128 13.50644969751947 6
      vertex 4.248983672655527 -13.07702709905836 6
    endloop
  endfacet
  facet normal 0 0 1
    outer loop
      vertex 7.367618430961198 -11.60950897565271 6
      vertex 4.248983672655527 13.07702709905836 6
      vertex 5.854465259019746 -12.441371971407769 6
    endloop
  endfacet
  facet normal 0 0 1
    outer loop
      vertex 7.367618430961198 -11.60950897565271 6
      vertex 6.286474508437578 -0.8816778784387097 6
      vertex 6.185539979934205 -0.722630511152573 6
    endloop
  endfacet
  facet normal 0 0 1
    outer loop
      vertex 7.367618430961198 -11.60950897565271 6
      vertex 6.185539979934205 -0.722630511152573 6
      vertex 6.105335271167623 -0.5521868290270168 6
    endloop
  endfacet
  facet normal 0 0 1
    outer loop
      vertex 7.367618430961198 -11.60950897565271 6
      vertex 6.406547058867883 -1.0268206588930329 6
      vertex 6.286474508437578 -0.8816778784387097 6
    endloop
  endfacet
  facet normal 0 0 1
    outer loop
      vertex 7.367618430961198 -11.60950897565271 6
      vertex 6.696259807531505 -1.2664918882530225 6
      vertex 6.543864015376966 -1.155769864163684 6
    endloop
  endfacet
  facet normal 0 0 1
    outer loop
      vertex 7.367618430961198 -11.60950897565271 6
      vertex 6.543864015376966 -1.155769864163684 6
      vertex 6.406547058867883 -1.0268206588930329 6
    endloop
  endfacet
  facet normal 0 0 1
    outer loop
      vertex 7.367618430961198 -11.60950897565271 6
      vertex 6.105335271167623 -0.5521868290270168 6
      vertex 6.047125258307053 -0.3730348307472823 6
    endloop
  endfacet
  facet normal 0 0 1
    outer loop
      vertex 7.367618430961198 -11.60950897565271 6
      vertex 6.047125258307053 -0.3730348307472823 6
      vertex 6.011827948028284 -0.1879998503464561 6
    endloop
  endfacet
  facet normal 0 0 1
    outer loop
      vertex 7.367618430961198 -11.60950897565271 6
      vertex 8.764579859044487 -10.594557088167099 6
      vertex 6.696259807531505 -1.2664918882530225 6
    endloop
  endfacet
  facet normal 0 0 1
    outer loop
      vertex 7.594185779293971 -1.4970400926424072 6
      vertex 8.764579859044487 -10.594557088167099 6
      vertex 10.02331862704441 -9.412522706519466 6
    endloop
  endfacet
  facet normal 0 0 1
    outer loop
      vertex 8.764579859044487 -10.594557088167099 6
      vertex 6.861331062652392 -1.3572405786990294 6
      vertex 6.696259807531505 -1.2664918882530225 6
    endloop
  endfacet
  facet normal 0 0 1
    outer loop
      vertex 8.764579859044487 -10.594557088167099 6
      vertex 7.036474508437579 -1.4265847744427302 6
      vertex 6.861331062652392 -1.3572405786990294 6
    endloop
  endfacet
  facet normal 0 0 1
    outer loop
      vertex 8.764579859044487 -10.594557088167099 6
      vertex 7.218928028121413 -1.4734308760930328 6
      vertex 7.036474508437579 -1.4265847744427302 6
    endloop
  endfacet
  facet normal 0 0 1
    outer loop
      vertex 8.764579859044487 -10.594557088167099 6
      vertex 7.405814220706029 -1.4970400926424072 6
      vertex 7.218928028121413 -1.4734308760930328 6
    endloop
  endfacet
  facet normal 0 0 1
    outer loop
      vertex 8.764579859044487 -10.594557088167099 6
      vertex 7.594185779293971 -1.4970400926424072 6
      vertex 7.405814220706029 -1.4970400926424072 6
    endloop
  endfacet
  facet normal 0 0 1
    outer loop
      vertex 10.02331862704441 -9.412522706519466 6
      vertex 7.781071971878587 -1.4734308760930328 6
      vertex 7.594185779293971 -1.4970400926424072 6
    endloop
  endfacet
  facet normal 0 0 1
    outer loop
      vertex 10.02331862704441 -9.412522706519466 6
      vertex 7.963525491562421 -1.4265847744427302 6
      vertex 7.781071971878587 -1.4734308760930328 6
    endloop
  endfacet
  facet normal 0 0 1
    outer loop
      vertex 10.02331862704441 -9.412522706519466 6
      vertex 8.138668937347608 -1.3572405786990294 6
      vertex 7.963525491562421 -1.4265847744427302 6
    endloop
  endfacet
  facet normal 0 0 1
    outer loop
      vertex 10.02331862704441 -9.412522706519466 6
      vertex 8.303740192468494 -1.266491888253023 6
      vertex 8.138668937347608 -1.3572405786990294 6
    endloop
  endfacet
  facet normal 0 0 1
    outer loop
      vertex 10.02331862704441 -9.412522706519466 6
      vertex 8.456135984623035 -1.1557698641636835 6
      vertex 8.303740192468494 -1.266491888253023 6
    endloop
  endfacet
  facet normal 0 0 1
    outer loop
      vertex 10.02331862704441 -9.412522706519466 6
      vertex 8.593452941132117 -1.0268206588930329 6
      vertex 8.456135984623035 -1.1557698641636835 6
    endloop
  endfacet
  facet normal 0 0 1
    outer loop
      vertex 10.02331862704441 -9.412522706519466 6
      vertex 8.713525491562422 -0.8816778784387097 6
      vertex 8.593452941132117 -1.0268206588930329 6
    endloop
  endfacet
  facet normal 0 0 1
    outer loop
      vertex 10.02331862704441 -9.412522706519466 6
      vertex 8.814460020065795 -0.722630511152573 6
      vertex 8.713525491562422 -0.8816778784387097 6
    endloop
  endfacet
  facet normal 0 0 1
    outer loop
      vertex 10.02331862704441 -9.412522706519466 6
      vertex 8.894664728832376 -0.5521868290270175 6
      vertex 8.814460020065795 -0.722630511152573 6
    endloop
  endfacet
  facet normal 0 0 1
    outer loop
      vertex 10.02331862704441 -9.412522706519466 6
      vertex 8.952874741692947 -0.37303483074728166 6
      vertex 8.894664728832376 -0.5521868290270175 6
    endloop
  endfacet
  facet normal 0 0 1
    outer loop
      vertex 10.02331862704441 -9.412522706519466 6
      vertex 8.988172051971716 -0.1879998503464561 6
      vertex 8.952874741692947 -0.37303483074728166 6
    endloop
  endfacet
  facet normal 0 0 1
    outer loop
      vertex 10.02331862704441 -9.412522706519466 6
      vertex 9 0 6
      vertex 8.988172051971716 -0.1879998503464561 6
    endloop
  endfacet
  facet normal 0 0 1
    outer loop
      vertex 8.764579859044485 10.5945570881671 6
      vertex 10.02331862704441 -9.412522706519466 6
      vertex 11.123983672655527 -8.082047219021506 6
    endloop
  endfacet
  facet normal 0 0 1
    outer loop
      vertex 10.023318627044409 9.41252270651947 6
      vertex 11.123983672655527 -8.082047219021506 6
      vertex 12.049216850603123 -6.624113018898586 6
    endloop
  endfacet
  facet normal 0 0 1
    outer loop
      vertex 11.123983672655527 8.082047219021506 6
      vertex 12.049216850603123 -6.624113018898586 6
      vertex 12.784426680963454 -5.061712599414328 6
    endloop
  endfacet
  facet normal 0 0 1
    outer loop
      vertex 12.049216850603123 6.624113018898585 6
      vertex 12.784426680963454 -5.061712599414328 6
      vertex 13.318018465518678 -3.4194859485167486 6
    endloop
  endfacet
  facet normal 0 0 1
    outer loop
      vertex 13.641577143074072 -1.7233319615091809 6
      vertex 12.784426680963456 5.061712599414322 6
      vertex 13.318018465518678 -3.4194859485167486 6
    endloop
  endfacet
  facet normal 0 0 -1
    outer loop
      vertex 1.8485295702712001 2.2344884040497885 -6
      vertex 1.5538977054390903 2.4485509839558435 -6
      vertex 1.5935599743717241 5.448716893060526 -6
    endloop
  endfacet
  facet normal 0 0 -1
    outer loop
      vertex 2.5412893721272045 1.3970856548949744 -6
      vertex 2.3244412147206286 6.454688618288305 -6
      vertex 2.696351809075929 1.067561202785566 -6
    endloop
  endfacet
  facet normal 0 0 -1
    outer loop
      vertex 2.3244412147206286 6.454688618288305 -6
      vertex 2.3461492836873474 1.704577231648172 -6
      vertex 2.1140090195220935 1.9851866071931972 -6
    endloop
  endfacet
  facet normal 0 0 -1
    outer loop
      vertex 2.3244412147206286 6.454688618288305 -6
      vertex 2.5412893721272045 1.3970856548949744 -6
      vertex 2.3461492836873474 1.704577231648172 -6
    endloop
  endfacet
  facet normal 0 0 -1
    outer loop
      vertex 0.18209250663500565 2.8942775124419873 -6
      vertex -0.1820925066350085 2.8942775124419873 -6
      vertex 0.1569762988232844 4.8799331789293205 -6
    endloop
  endfacet
  facet normal 0 0 -1
    outer loop
      vertex 0.46845328646431206 4.919281873178278 -6
      vertex 0.5434058122986013 2.848633027113197 -6
      vertex 0.18209250663500565 2.8942775124419873 -6
    endloop
  endfacet
  facet normal 0 0 -1
    outer loop
      vertex 0.18209250663500565 2.8942775124419873 -6
      vertex 0.1569762988232844 4.8799331789293205 -6
      vertex 0.46845328646431206 4.919281873178278 -6
    endloop
  endfacet
  facet normal 0 0 -1
    outer loop
      vertex 0.5434058122986013 2.848633027113197 -6
      vertex 0.7725424859373685 4.997358709262116 -6
      vertex 0.8961492836873475 2.758063897255945 -6
    endloop
  endfacet
  facet normal 0 0 -1
    outer loop
      vertex 0.5434058122986013 2.848633027113197 -6
      vertex 0.46845328646431206 4.919281873178278 -6
      vertex 0.7725424859373685 4.997358709262116 -6
    endloop
  endfacet
  facet normal 0 0 -1
    outer loop
      vertex 0.8961492836873475 2.758063897255945 -6
      vertex 1.064448228912681 5.112932368834951 -6
      vertex 1.2347599455387108 2.6239984521514566 -6
    endloop
  endfacet
  facet normal 0 0 -1
    outer loop
      vertex 1.2347599455387108 2.6239984521514566 -6
      vertex 1.3395669874474918 5.264180186244962 -6
      vertex 1.5538977054390903 2.4485509839558435 -6
    endloop
  endfacet
  facet normal 0 0 -1
    outer loop
      vertex 1.064448228912681 5.112932368834951 -6
      vertex 0.8961492836873475 2.758063897255945 -6
      vertex 0.7725424859373685 4.997358709262116 -6
    endloop
  endfacet
  facet normal 0 0 -1
    outer loop
      vertex 1.2347599455387108 2.6239984521514566 -6
      vertex 1.064448228912681 5.112932368834951 -6
      vertex 1.3395669874474918 5.264180186244962 -6
    endloop
  endfacet
  facet normal 0 0 -1
    outer loop
      vertex 1.5538977054390903 2.4485509839558435 -6
      vertex 1.3395669874474918 5.264180186244962 -6
      vertex 1.5935599743717241 5.448716893060526 -6
    endloop
  endfacet
  facet normal 0 0 -1
    outer loop
      vertex 1.8485295702712001 2.2344884040497885 -6
      vertex 2.3244412147206286 6.454688618288305 -6
      vertex 2.1140090195220935 1.9851866071931972 -6
    endloop
  endfacet
  facet normal 0 0 -1
    outer loop
      vertex 1.8485295702712001 2.2344884040497885 -6
      vertex 1.5935599743717241 5.448716893060526 -6
      vertex 1.8224215685535292 5.663632235178278 -6
    endloop
  endfacet
  facet normal 0 0 -1
    outer loop
      vertex 1.8485295702712001 2.2344884040497885 -6
      vertex 1.8224215685535292 5.663632235178278 -6
      vertex 2.0225424859373686 5.905536869268817 -6
    endloop
  endfacet
  facet normal 0 0 -1
    outer loop
      vertex 1.8485295702712001 2.2344884040497885 -6
      vertex 2.0225424859373686 5.905536869268817 -6
      vertex 2.1907667001096587 6.1706158147457115 -6
    endloop
  endfacet
  facet normal 0 0 -1
    outer loop
      vertex 1.8485295702712001 2.2344884040497885 -6
      vertex 2.1907667001096587 6.1706158147457115 -6
      vertex 2.3244412147206286 6.454688618288305 -6
    endloop
  endfacet
  facet normal 0 0 -1
    outer loop
      vertex 2.696351809075929 1.067561202785566 -6
      vertex 2.3244412147206286 6.454688618288305 -6
      vertex 2.4214579028215777 6.753275282087863 -6
    endloop
  endfacet
  facet normal 0 0 -1
    outer loop
      vertex 2.696351809075929 1.067561202785566 -6
      vertex 2.4214579028215777 6.753275282087863 -6
      vertex 2.4802867532861947 7.06166691608924 -6
    endloop
  endfacet
  facet normal 0 0 -1
    outer loop
      vertex 2.696351809075929 1.067561202785566 -6
      vertex 2.4802867532861947 7.06166691608924 -6
      vertex 2.5 7.375 -6
    endloop
  endfacet
  facet normal 0 0 -1
    outer loop
      vertex 5.854465259019749 12.441371971407767 -6
      vertex 2.9 0 -6
      vertex 2.8771326338119856 0.36346637733648235 -6
    endloop
  endfacet
  facet normal 0 0 -1
    outer loop
      vertex 5.854465259019749 12.441371971407767 -6
      vertex 2.8771326338119856 0.36346637733648235 -6
      vertex 2.80889116727303 0.7212006727780789 -6
    endloop
  endfacet
  facet normal 0 0 -1
    outer loop
      vertex 5.854465259019749 12.441371971407767 -6
      vertex 2.80889116727303 0.7212006727780789 -6
      vertex 2.696351809075929 1.067561202785566 -6
    endloop
  endfacet
  facet normal 0 0 -1
    outer loop
      vertex 5.854465259019749 12.441371971407767 -6
      vertex 5.659691993855601 0.4725107856132242 -6
      vertex 5.614982067502492 0.2381331437721777 -6
    endloop
  endfacet
  facet normal 0 0 -1
    outer loop
      vertex 5.854465259019749 12.441371971407767 -6
      vertex 5.733424676812322 0.699436650100888 -6
      vertex 5.659691993855601 0.4725107856132242 -6
    endloop
  endfacet
  facet normal 0 0 -1
    outer loop
      vertex 5.854465259019749 12.441371971407767 -6
      vertex 5.83501730791666 0.9153319807932592 -6
      vertex 5.733424676812322 0.699436650100888 -6
    endloop
  endfacet
  facet normal 0 0 -1
    outer loop
      vertex 5.854465259019749 12.441371971407767 -6
      vertex 5.9628677106876005 1.1167919793556988 -6
      vertex 5.83501730791666 0.9153319807932592 -6
    endloop
  endfacet
  facet normal 0 0 -1
    outer loop
      vertex 5.854465259019749 12.441371971407767 -6
      vertex 6.114959607899317 1.300639501264508 -6
      vertex 5.9628677106876005 1.1167919793556988 -6
    endloop
  endfacet
  facet normal 0 0 -1
    outer loop
      vertex 6.114959607899317 1.300639501264508 -6
      vertex 7.367618430961204 11.609508975652707 -6
      vertex 6.28889441947749 1.4639751612739997 -6
    endloop
  endfacet
  facet normal 0 0 -1
    outer loop
      vertex 6.28889441947749 1.4639751612739997 -6
      vertex 7.367618430961204 11.609508975652707 -6
      vertex 6.481929089539906 1.6042230584538284 -6
    endloop
  endfacet
  facet normal 0 0 -1
    outer loop
      vertex 6.481929089539906 1.6042230584538284 -6
      vertex 7.367618430961204 11.609508975652707 -6
      vertex 6.691019346026362 1.719171399685437 -6
    endloop
  endfacet
  facet normal 0 0 -1
    outer loop
      vertex 2.696351809075929 1.067561202785566 -6
      vertex 2.5 7.375 -6
      vertex 4.248983672655527 13.07702709905836 -6
    endloop
  endfacet
  facet normal 0 0 -1
    outer loop
      vertex 4.248983672655527 13.07702709905836 -6
      vertex 2.5 7.375 -6
      vertex 2.4802867532861947 7.68833308391076 -6
    endloop
  endfacet
  facet normal 0 0 -1
    outer loop
      vertex 2.3244412147206286 8.295311381711695 -6
      vertex 4.248983672655527 13.07702709905836 -6
      vertex 2.4214579028215777 7.996724717912137 -6
    endloop
  endfacet
  facet normal 0 0 -1
    outer loop
      vertex 4.248983672655527 13.07702709905836 -6
      vertex 2.3244412147206286 8.295311381711695 -6
      vertex 2.1907667001096587 8.579384185254288 -6
    endloop
  endfacet
  facet normal 0 0 -1
    outer loop
      vertex 4.248983672655527 13.07702709905836 -6
      vertex 2.1907667001096587 8.579384185254288 -6
      vertex 2.0225424859373686 8.844463130731183 -6
    endloop
  endfacet
  facet normal 0 0 -1
    outer loop
      vertex 4.248983672655527 13.07702709905836 -6
      vertex 2.4802867532861947 7.68833308391076 -6
      vertex 2.4214579028215777 7.996724717912137 -6
    endloop
  endfacet
  facet normal 0 0 -1
    outer loop
      vertex -0.46845328646431145 9.830718126821722 -6
      vertex 0.8633696435280575 13.722867515888733 -6
      vertex -0.15697629882328318 9.87006682107068 -6
    endloop
  endfacet
  facet normal 0 0 -1
    outer loop
      vertex 0.8633696435280575 13.722867515888733 -6
      vertex 0.46845328646431145 9.830718126821722 -6
      vertex 0.15697629882328318 9.87006682107068 -6
    endloop
  endfacet
  facet normal 0 0 -1
    outer loop
      vertex -0.15697629882328318 9.87006682107068 -6
      vertex 0.8633696435280575 13.722867515888733 -6
      vertex 0.15697629882328318 9.87006682107068 -6
    endloop
  endfacet
  facet normal 0 0 -1
    outer loop
      vertex 0.46845328646431145 9.830718126821722 -6
      vertex 2.5764930755537128 13.50644969751947 -6
      vertex 0.7725424859373685 9.752641290737884 -6
    endloop
  endfacet
  facet normal 0 0 -1
    outer loop
      vertex 0.7725424859373685 9.752641290737884 -6
      vertex 2.5764930755537128 13.50644969751947 -6
      vertex 1.0644482289126818 9.63706763116505 -6
    endloop
  endfacet
  facet normal 0 0 -1
    outer loop
      vertex 0.46845328646431145 9.830718126821722 -6
      vertex 0.8633696435280575 13.722867515888733 -6
      vertex 2.5764930755537128 13.50644969751947 -6
    endloop
  endfacet
  facet normal 0 0 -1
    outer loop
      vertex 4.248983672655527 13.07702709905836 -6
      vertex 1.8224215685535292 9.086367764821722 -6
      vertex 1.5935599743717241 9.301283106939474 -6
    endloop
  endfacet
  facet normal 0 0 -1
    outer loop
      vertex 4.248983672655527 13.07702709905836 -6
      vertex 1.5935599743717241 9.301283106939474 -6
      vertex 1.3395669874474918 9.485819813755038 -6
    endloop
  endfacet
  facet normal 0 0 -1
    outer loop
      vertex 4.248983672655527 13.07702709905836 -6
      vertex 1.3395669874474918 9.485819813755038 -6
      vertex 1.0644482289126818 9.63706763116505 -6
    endloop
  endfacet
  facet normal 0 0 -1
    outer loop
      vertex 4.248983672655527 13.07702709905836 -6
      vertex 2.0225424859373686 8.844463130731183 -6
      vertex 1.8224215685535292 9.086367764821722 -6
    endloop
  endfacet
  facet normal 0 0 -1
    outer loop
      vertex 4.248983672655527 13.07702709905836 -6
      vertex 1.0644482289126818 9.63706763116505 -6
      vertex 2.5764930755537128 13.50644969751947 -6
    endloop
  endfacet
  facet normal 0 0 -1
    outer loop
      vertex 5.854465259019749 12.441371971407767 -6
      vertex 2.696351809075929 1.067561202785566 -6
      vertex 4.248983672655527 13.07702709905836 -6
    endloop
  endfacet
  facet normal 0 0 -1
    outer loop
      vertex 6.114959607899317 1.300639501264508 -6
      vertex 5.854465259019749 12.441371971407767 -6
      vertex 7.367618430961204 11.609508975652707 -6
    endloop
  endfacet
  facet normal 0 0 -1
    outer loop
      vertex 11.123983672655527 8.082047219021506 -6
      vertex 9.266575323187677 0.6994366501008881 -6
      vertex 9.16498269208334 0.9153319807932591 -6
    endloop
  endfacet
  facet normal 0 0 -1
    outer loop
      vertex 11.123983672655527 8.082047219021506 -6
      vertex 9.4 0 -6
      vertex 9.385017932497508 0.2381331437721781 -6
    endloop
  endfacet
  facet normal 0 0 -1
    outer loop
      vertex 11.123983672655527 8.082047219021506 -6
      vertex 9.385017932497508 0.2381331437721781 -6
      vertex 9.340308006144399 0.47251078561322407 -6
    endloop
  endfacet
  facet normal 0 0 -1
    outer loop
      vertex 11.123983672655527 8.082047219021506 -6
      vertex 9.340308006144399 0.47251078561322407 -6
      vertex 9.266575323187677 0.6994366501008881 -6
    endloop
  endfacet
  facet normal 0 0 -1
    outer loop
      vertex 6.691019346026362 1.719171399685437 -6
      vertex 8.764579859044483 10.5945570881671 -6
      vertex 6.9128677106876 1.8070073809607916 -6
    endloop
  endfacet
  facet normal 0 0 -1
    outer loop
      vertex 6.9128677106876 1.8070073809607916 -6
      vertex 8.764579859044483 10.5945570881671 -6
      vertex 7.143975502287123 1.8663457763845084 -6
    endloop
  endfacet
  facet normal 0 0 -1
    outer loop
      vertex 8.764579859044483 10.5945570881671 -6
      vertex 7.380698012894305 1.896250784013716 -6
      vertex 7.143975502287123 1.8663457763845084 -6
    endloop
  endfacet
  facet normal 0 0 -1
    outer loop
      vertex 8.764579859044483 10.5945570881671 -6
      vertex 7.619301987105695 1.896250784013716 -6
      vertex 7.380698012894305 1.896250784013716 -6
    endloop
  endfacet
  facet normal 0 0 -1
    outer loop
      vertex 10.023318627044409 9.41252270651947 -6
      vertex 7.856024497712877 1.8663457763845084 -6
      vertex 7.619301987105695 1.896250784013716 -6
    endloop
  endfacet
  facet normal 0 0 -1
    outer loop
      vertex 10.023318627044409 9.41252270651947 -6
      vertex 8.518070910460093 1.6042230584538286 -6
      vertex 8.308980653973638 1.719171399685437 -6
    endloop
  endfacet
  facet normal 0 0 -1
    outer loop
      vertex 10.023318627044409 9.41252270651947 -6
      vertex 9.16498269208334 0.9153319807932591 -6
      vertex 9.0371322893124 1.1167919793556988 -6
    endloop
  endfacet
  facet normal 0 0 -1
    outer loop
      vertex 10.023318627044409 9.41252270651947 -6
      vertex 8.885040392100683 1.3006395012645084 -6
      vertex 8.71110558052251 1.4639751612739993 -6
    endloop
  endfacet
  facet normal 0 0 -1
    outer loop
      vertex 8.518070910460093 1.6042230584538286 -6
      vertex 10.023318627044409 9.41252270651947 -6
      vertex 8.71110558052251 1.4639751612739993 -6
    endloop
  endfacet
  facet normal 0 0 -1
    outer loop
      vertex 10.023318627044409 9.41252270651947 -6
      vertex 9.0371322893124 1.1167919793556988 -6
      vertex 8.885040392100683 1.3006395012645084 -6
    endloop
  endfacet
  facet normal 0 0 -1
    outer loop
      vertex 10.023318627044409 9.41252270651947 -6
      vertex 8.0871322893124 1.8070073809607916 -6
      vertex 7.856024497712877 1.8663457763845084 -6
    endloop
  endfacet
  facet normal 0 0 -1
    outer loop
      vertex 10.023318627044409 9.41252270651947 -6
      vertex 8.308980653973638 1.719171399685437 -6
      vertex 8.0871322893124 1.8070073809607916 -6
    endloop
  endfacet
  facet normal 0 0 -1
    outer loop
      vertex 9.16498269208334 0.9153319807932591 -6
      vertex 10.023318627044409 9.41252270651947 -6
      vertex 11.123983672655527 8.082047219021506 -6
    endloop
  endfacet
  facet normal 0 0 -1
    outer loop
      vertex 12.784426680963456 5.061712599414322 -6
      vertex 11.123983672655527 -8.082047219021506 -6
      vertex 12.049216850603123 6.624113018898585 -6
    endloop
  endfacet
  facet normal 0 0 -1
    outer loop
      vertex 10.02331862704441 -9.412522706519466 -6
      vertex 11.123983672655527 8.082047219021506 -6
      vertex 12.049216850603123 6.624113018898585 -6
    endloop
  endfacet
  facet normal 0 0 -1
    outer loop
      vertex 12.049216850603123 -6.624113018898586 -6
      vertex 12.784426680963456 5.061712599414322 -6
      vertex 13.318018465518676 3.4194859485167535 -6
    endloop
  endfacet
  facet normal 0 0 -1
    outer loop
      vertex 12.784426680963454 -5.061712599414328 -6
      vertex 13.318018465518676 3.4194859485167535 -6
      vertex 13.641577143074072 1.7233319615091836 -6
    endloop
  endfacet
  facet normal 0 0 -1
    outer loop
      vertex 13.641577143074072 -1.7233319615091809 -6
      vertex 13.641577143074072 1.7233319615091836 -6
      vertex 13.75 0 -6
    endloop
  endfacet
  facet normal 0 0 -1
    outer loop
      vertex 6.691019346026362 1.719171399685437 -6
      vertex 7.367618430961204 11.609508975652707 -6
      vertex 8.764579859044483 10.5945570881671 -6
    endloop
  endfacet
  facet normal 0 0 -1
    outer loop
      vertex 7.619301987105695 1.896250784013716 -6
      vertex 8.764579859044483 10.5945570881671 -6
      vertex 10.023318627044409 9.41252270651947 -6
    endloop
  endfacet
  facet normal 0 0 1
    outer loop
      vertex 0.23422664323215572 1.2278590634108608 6
      vertex 0.06279051952931376 6.376973271571728 6
      vertex 0.07848814941164159 1.2475334105353395 6
    endloop
  endfacet
  facet normal 0 0 1
    outer loop
      vertex 0.38627124296868426 1.1888206453689418 6
      vertex 0.18738131458572482 6.392712749271311 6
      vertex 0.23422664323215572 1.2278590634108608 6
    endloop
  endfacet
  facet normal 0 0 1
    outer loop
      vertex 0.42577929156507244 6.47017294753398 6
      vertex 0.38627124296868426 1.1888206453689418 6
      vertex 0.5322241144563409 1.1310338155825244 6
    endloop
  endfacet
  facet normal 0 0 1
    outer loop
      vertex 0.5358267949789968 6.530672074497985 6
      vertex 0.5322241144563409 1.1310338155825244 6
      vertex 0.6697834937237458 1.055409906877519 6
    endloop
  endfacet
  facet normal 0 0 1
    outer loop
      vertex 0.6374239897486896 6.604486757224211 6
      vertex 0.6697834937237458 1.055409906877519 6
      vertex 0.7967799871858622 0.9631415534697364 6
    endloop
  endfacet
  facet normal 0 0 1
    outer loop
      vertex 0.7289686274214117 6.690452894071312 6
      vertex 0.7967799871858622 0.9631415534697364 6
      vertex 0.9112107842767645 0.8556838824108609 6
    endloop
  endfacet
  facet normal 0 0 1
    outer loop
      vertex 1.25 0 6
      vertex 0.9921147013144779 7.249666766435696 6
      vertex 1.2401433766430974 0.15666654195538032 6
    endloop
  endfacet
  facet normal 0 0 1
    outer loop
      vertex 1.2401433766430974 0.15666654195538032 6
      vertex 0.9921147013144779 7.249666766435696 6
      vertex 1.2107289514107888 0.3108623589560685 6
    endloop
  endfacet
  facet normal 0 0 1
    outer loop
      vertex 0.8763066800438635 6.893246325898285 6
      vertex 1.0112712429686843 0.7347315653655915 6
      vertex 1.0953833500548296 0.6021920926271441 6
    endloop
  endfacet
  facet normal 0 0 1
    outer loop
      vertex 1.0953833500548296 0.6021920926271441 6
      vertex 1.162220607360314 0.46015569085584745 6
      vertex 0.9297764858882515 7.0068754473153225 6
    endloop
  endfacet
  facet normal 0 0 1
    outer loop
      vertex 0.8763066800438635 6.893246325898285 6
      vertex 0.9112107842767645 0.8556838824108609 6
      vertex 1.0112712429686843 0.7347315653655915 6
    endloop
  endfacet
  facet normal 0 0 1
    outer loop
      vertex 1.2107289514107888 0.3108623589560685 6
      vertex 0.9685831611286311 7.126310112835145 6
      vertex 1.162220607360314 0.46015569085584745 6
    endloop
  endfacet
  facet normal 0 0 1
    outer loop
      vertex 4.248983672655527 -13.07702709905836 6
      vertex 1 7.375 6
      vertex 0.9921147013144779 7.249666766435696 6
    endloop
  endfacet
  facet normal 0 0 1
    outer loop
      vertex 4.248983672655527 -13.07702709905836 6
      vertex 0.9921147013144779 7.500333233564304 6
      vertex 1 7.375 6
    endloop
  endfacet
  facet normal 0 0 1
    outer loop
      vertex 4.248983672655527 -13.07702709905836 6
      vertex 0.8633696435280576 13.722867515888733 6
      vertex 0.9921147013144779 7.500333233564304 6
    endloop
  endfacet
  facet normal 0 0 1
    outer loop
      vertex -0.06279051952931376 6.376973271571728 6
      vertex 0.07848814941164159 1.2475334105353395 6
      vertex 0.06279051952931376 6.376973271571728 6
    endloop
  endfacet
  facet normal 0 0 1
    outer loop
      vertex 0.18738131458572482 6.392712749271311 6
      vertex 0.06279051952931376 6.376973271571728 6
      vertex 0.23422664323215572 1.2278590634108608 6
    endloop
  endfacet
  facet normal 0 0 1
    outer loop
      vertex 0.3090169943749474 6.423943483704846 6
      vertex 0.18738131458572482 6.392712749271311 6
      vertex 0.38627124296868426 1.1888206453689418 6
    endloop
  endfacet
  facet normal 0 0 1
    outer loop
      vertex 0.42577929156507244 6.47017294753398 6
      vertex 0.3090169943749474 6.423943483704846 6
      vertex 0.38627124296868426 1.1888206453689418 6
    endloop
  endfacet
  facet normal 0 0 1
    outer loop
      vertex 0.5358267949789968 6.530672074497985 6
      vertex 0.42577929156507244 6.47017294753398 6
      vertex 0.5322241144563409 1.1310338155825244 6
    endloop
  endfacet
  facet normal 0 0 1
    outer loop
      vertex 0.6374239897486896 6.604486757224211 6
      vertex 0.5358267949789968 6.530672074497985 6
      vertex 0.6697834937237458 1.055409906877519 6
    endloop
  endfacet
  facet normal 0 0 1
    outer loop
      vertex 0.7289686274214117 6.690452894071312 6
      vertex 0.6374239897486896 6.604486757224211 6
      vertex 0.7967799871858622 0.9631415534697364 6
    endloop
  endfacet
  facet normal 0 0 1
    outer loop
      vertex 0.9112107842767645 0.8556838824108609 6
      vertex 0.8090169943749475 6.787214747707527 6
      vertex 0.7289686274214117 6.690452894071312 6
    endloop
  endfacet
  facet normal 0 0 1
    outer loop
      vertex 0.9112107842767645 0.8556838824108609 6
      vertex 0.8763066800438635 6.893246325898285 6
      vertex 0.8090169943749475 6.787214747707527 6
    endloop
  endfacet
  facet normal 0 0 1
    outer loop
      vertex 0.8763066800438635 6.893246325898285 6
      vertex 1.0953833500548296 0.6021920926271441 6
      vertex 0.9297764858882515 7.0068754473153225 6
    endloop
  endfacet
  facet normal 0 0 1
    outer loop
      vertex 0.9297764858882515 7.0068754473153225 6
      vertex 1.162220607360314 0.46015569085584745 6
      vertex 0.9685831611286311 7.126310112835145 6
    endloop
  endfacet
  facet normal 0 0 1
    outer loop
      vertex 0.9685831611286311 7.126310112835145 6
      vertex 1.2107289514107888 0.3108623589560685 6
      vertex 0.9921147013144779 7.249666766435696 6
    endloop
  endfacet
  facet normal 0 0 1
    outer loop
      vertex 4.248983672655527 -13.07702709905836 6
      vertex 2.5764930755537128 13.50644969751947 6
      vertex 0.8633696435280576 13.722867515888733 6
    endloop
  endfacet
  facet normal 0 0 1
    outer loop
      vertex 7.367618430961198 -11.60950897565271 6
      vertex 6.011827948028284 -0.1879998503464561 6
      vertex 4.248983672655527 13.07702709905836 6
    endloop
  endfacet
  facet normal 0 0 1
    outer loop
      vertex 5.854465259019746 -12.441371971407769 6
      vertex 4.248983672655527 13.07702709905836 6
      vertex 2.5764930755537128 13.50644969751947 6
    endloop
  endfacet
  facet normal 0 0 1
    outer loop
      vertex 4.248983672655527 13.07702709905836 6
      vertex 6.011827948028284 -0.1879998503464561 6
      vertex 6 0 6
    endloop
  endfacet
  facet normal 0 0 1
    outer loop
      vertex 4.248983672655527 13.07702709905836 6
      vertex 6 0 6
      vertex 6.011827948028284 0.1879998503464561 6
    endloop
  endfacet
  facet normal 0 0 1
    outer loop
      vertex 4.248983672655527 13.07702709905836 6
      vertex 6.011827948028284 0.1879998503464561 6
      vertex 6.047125258307053 0.3730348307472823 6
    endloop
  endfacet
  facet normal 0 0 1
    outer loop
      vertex 4.248983672655527 13.07702709905836 6
      vertex 6.047125258307053 0.3730348307472823 6
      vertex 6.105335271167623 0.5521868290270168 6
    endloop
  endfacet
  facet normal 0 0 1
    outer loop
      vertex 4.248983672655527 13.07702709905836 6
      vertex 6.105335271167623 0.5521868290270168 6
      vertex 6.185539979934205 0.722630511152573 6
    endloop
  endfacet
  facet normal 0 0 1
    outer loop
      vertex 5.85446525901975 12.441371971407767 6
      vertex 6.185539979934205 0.722630511152573 6
      vertex 6.286474508437578 0.8816778784387097 6
    endloop
  endfacet
  facet normal 0 0 1
    outer loop
      vertex 5.85446525901975 12.441371971407767 6
      vertex 6.286474508437578 0.8816778784387097 6
      vertex 6.406547058867883 1.0268206588930329 6
    endloop
  endfacet
  facet normal 0 0 1
    outer loop
      vertex 5.85446525901975 12.441371971407767 6
      vertex 6.406547058867883 1.0268206588930329 6
      vertex 6.543864015376966 1.155769864163684 6
    endloop
  endfacet
  facet normal 0 0 1
    outer loop
      vertex 5.85446525901975 12.441371971407767 6
      vertex 6.543864015376966 1.155769864163684 6
      vertex 6.696259807531505 1.2664918882530225 6
    endloop
  endfacet
  facet normal 0 0 1
    outer loop
      vertex 5.85446525901975 12.441371971407767 6
      vertex 6.696259807531505 1.2664918882530225 6
      vertex 6.861331062652391 1.3572405786990291 6
    endloop
  endfacet
  facet normal 0 0 1
    outer loop
      vertex 7.036474508437579 1.4265847744427302 6
      vertex 5.85446525901975 12.441371971407767 6
      vertex 6.861331062652391 1.3572405786990291 6
    endloop
  endfacet
  facet normal 0 0 1
    outer loop
      vertex 0.8633696435280576 13.722867515888733 6
      vertex 0.8090169943749475 7.962785252292473 6
      vertex 0.8763066800438635 7.856753674101715 6
    endloop
  endfacet
  facet normal 0 0 1
    outer loop
      vertex 0.8633696435280576 13.722867515888733 6
      vertex 0.4257792915650727 8.27982705246602 6
      vertex 0.5358267949789968 8.219327925502014 6
    endloop
  endfacet
  facet normal 0 0 1
    outer loop
      vertex 0.8633696435280576 13.722867515888733 6
      vertex 0.18738131458572457 8.357287250728689 6
      vertex 0.3090169943749474 8.326056516295154 6
    endloop
  endfacet
  facet normal 0 0 1
    outer loop
      vertex 0.8633696435280576 13.722867515888733 6
      vertex 0.3090169943749474 8.326056516295154 6
      vertex 0.4257792915650727 8.27982705246602 6
    endloop
  endfacet
  facet normal 0 0 1
    outer loop
      vertex 0.8633696435280576 13.722867515888733 6
      vertex 0.5358267949789968 8.219327925502014 6
      vertex 0.6374239897486896 8.14551324277579 6
    endloop
  endfacet
  facet normal 0 0 1
    outer loop
      vertex 0.8633696435280576 13.722867515888733 6
      vertex 0.6374239897486896 8.14551324277579 6
      vertex 0.7289686274214117 8.059547105928688 6
    endloop
  endfacet
  facet normal 0 0 1
    outer loop
      vertex 0.8633696435280576 13.722867515888733 6
      vertex 0.7289686274214117 8.059547105928688 6
      vertex 0.8090169943749475 7.962785252292473 6
    endloop
  endfacet
  facet normal 0 0 1
    outer loop
      vertex 0.8633696435280576 13.722867515888733 6
      vertex 0.9685831611286311 7.623689887164855 6
      vertex 0.9921147013144779 7.500333233564304 6
    endloop
  endfacet
  facet normal 0 0 1
    outer loop
      vertex 0.8633696435280576 13.722867515888733 6
      vertex 0.9297764858882515 7.7431245526846775 6
      vertex 0.9685831611286311 7.623689887164855 6
    endloop
  endfacet
  facet normal 0 0 1
    outer loop
      vertex 0.9297764858882515 7.7431245526846775 6
      vertex 0.8633696435280576 13.722867515888733 6
      vertex 0.8763066800438635 7.856753674101715 6
    endloop
  endfacet
  facet normal 0 0 1
    outer loop
      vertex 0.18738131458572457 8.357287250728689 6
      vertex 0.8633696435280576 13.722867515888733 6
      vertex -0.8633696435280575 13.722867515888733 6
    endloop
  endfacet
  facet normal 0 0 1
    outer loop
      vertex 7.036474508437579 1.4265847744427302 6
      vertex 7.367618430961204 11.609508975652707 6
      vertex 5.85446525901975 12.441371971407767 6
    endloop
  endfacet
  facet normal 0 0 1
    outer loop
      vertex 6.185539979934205 0.722630511152573 6
      vertex 5.85446525901975 12.441371971407767 6
      vertex 4.248983672655527 13.07702709905836 6
    endloop
  endfacet
  facet normal 0 0 1
    outer loop
      vertex 10.02331862704441 -9.412522706519466 6
      vertex 8.764579859044485 10.5945570881671 6
      vertex 9 0 6
    endloop
  endfacet
  facet normal 0 0 1
    outer loop
      vertex 7.367618430961204 11.609508975652707 6
      vertex 7.036474508437579 1.4265847744427302 6
      vertex 7.218928028121413 1.473430876093033 6
    endloop
  endfacet
  facet normal 0 0 1
    outer loop
      vertex 7.367618430961204 11.609508975652707 6
      vertex 7.218928028121413 1.473430876093033 6
      vertex 7.40581422070603 1.4970400926424072 6
    endloop
  endfacet
  facet normal 0 0 1
    outer loop
      vertex 7.367618430961204 11.609508975652707 6
      vertex 7.40581422070603 1.4970400926424072 6
      vertex 7.59418577929397 1.4970400926424072 6
    endloop
  endfacet
  facet normal 0 0 1
    outer loop
      vertex 7.367618430961204 11.609508975652707 6
      vertex 7.59418577929397 1.4970400926424072 6
      vertex 7.781071971878587 1.473430876093033 6
    endloop
  endfacet
  facet normal 0 0 1
    outer loop
      vertex 7.367618430961204 11.609508975652707 6
      vertex 7.781071971878587 1.473430876093033 6
      vertex 7.963525491562421 1.4265847744427302 6
    endloop
  endfacet
  facet normal 0 0 1
    outer loop
      vertex 7.367618430961204 11.609508975652707 6
      vertex 8.303740192468496 1.2664918882530225 6
      vertex 8.456135984623035 1.1557698641636838 6
    endloop
  endfacet
  facet normal 0 0 1
    outer loop
      vertex 8.593452941132117 1.026820658893033 6
      vertex 7.367618430961204 11.609508975652707 6
      vertex 8.456135984623035 1.1557698641636838 6
    endloop
  endfacet
  facet normal 0 0 1
    outer loop
      vertex 7.367618430961204 11.609508975652707 6
      vertex 7.963525491562421 1.4265847744427302 6
      vertex 8.138668937347608 1.3572405786990291 6
    endloop
  endfacet
  facet normal 0 0 1
    outer loop
      vertex 7.367618430961204 11.609508975652707 6
      vertex 8.138668937347608 1.3572405786990291 6
      vertex 8.303740192468496 1.2664918882530225 6
    endloop
  endfacet
  facet normal 0 0 1
    outer loop
      vertex 8.764579859044485 10.5945570881671 6
      vertex 8.988172051971716 0.1879998503464564 6
      vertex 9 0 6
    endloop
  endfacet
  facet normal 0 0 1
    outer loop
      vertex 8.764579859044485 10.5945570881671 6
      vertex 8.952874741692947 0.37303483074728216 6
      vertex 8.988172051971716 0.1879998503464564 6
    endloop
  endfacet
  facet normal 0 0 1
    outer loop
      vertex 8.764579859044485 10.5945570881671 6
      vertex 8.894664728832376 0.552186829027017 6
      vertex 8.952874741692947 0.37303483074728216 6
    endloop
  endfacet
  facet normal 0 0 1
    outer loop
      vertex 8.764579859044485 10.5945570881671 6
      vertex 8.713525491562422 0.8816778784387097 6
      vertex 8.814460020065795 0.722630511152573 6
    endloop
  endfacet
  facet normal 0 0 1
    outer loop
      vertex 8.764579859044485 10.5945570881671 6
      vertex 8.593452941132117 1.026820658893033 6
      vertex 8.713525491562422 0.8816778784387097 6
    endloop
  endfacet
  facet normal 0 0 1
    outer loop
      vertex 8.764579859044485 10.5945570881671 6
      vertex 8.814460020065795 0.722630511152573 6
      vertex 8.894664728832376 0.552186829027017 6
    endloop
  endfacet
  facet normal 0 0 1
    outer loop
      vertex 11.123983672655527 -8.082047219021506 6
      vertex 10.023318627044409 9.41252270651947 6
      vertex 8.764579859044485 10.5945570881671 6
    endloop
  endfacet
  facet normal 0 0 1
    outer loop
      vertex 12.784426680963454 -5.061712599414328 6
      vertex 12.049216850603123 6.624113018898585 6
      vertex 11.123983672655527 8.082047219021506 6
    endloop
  endfacet
  facet normal 0 0 1
    outer loop
      vertex 13.75 0 6
      vertex 13.641577143074072 1.7233319615091836 6
      vertex 13.641577143074072 -1.7233319615091809 6
    endloop
  endfacet
  facet normal 0 0 1
    outer loop
      vertex 13.641577143074072 -1.7233319615091809 6
      vertex 13.641577143074072 1.7233319615091836 6
      vertex 13.318018465518676 3.4194859485167535 6
    endloop
  endfacet
  facet normal 0 0 1
    outer loop
      vertex 12.049216850603123 6.624113018898585 6
      vertex 13.318018465518678 -3.4194859485167486 6
      vertex 12.784426680963456 5.061712599414322 6
    endloop
  endfacet
  facet normal 0 0 1
    outer loop
      vertex 13.641577143074072 -1.7233319615091809 6
      vertex 13.318018465518676 3.4194859485167535 6
      vertex 12.784426680963456 5.061712599414322 6
    endloop
  endfacet
  facet normal 0 0 1
    outer loop
      vertex 12.049216850603123 -6.624113018898586 6
      vertex 11.123983672655527 8.082047219021506 6
      vertex 10.023318627044409 9.41252270651947 6
    endloop
  endfacet
  facet normal 0 0 1
    outer loop
      vertex 8.593452941132117 1.026820658893033 6
      vertex 8.764579859044485 10.5945570881671 6
      vertex 7.367618430961204 11.609508975652707 6
    endloop
  endfacet
endsolid OpenSCAD_Model
