solid OpenSCAD_Model
  facet normal 0 0 -1
    outer loop
      vertex -19.71690030098693 -10.839457667288595 9
      vertex -19.820916362186214 -14.400738681165594 9
      vertex -21.469513661074654 -11.802965015492028 9
    endloop
  endfacet
  facet normal 0 0 -1
    outer loop
      vertex -18.202882373436317 -13.225168176580645 9
      vertex -17.859731371824584 -16.77140409525287 9
      vertex -19.820916362186214 -14.400738681165594 9
    endloop
  endfacet
  facet normal 0 0 -1
    outer loop
      vertex -18.202882373436317 -13.225168176580645 9
      vertex -19.820916362186214 -14.400738681165594 9
      vertex -19.71690030098693 -10.839457667288595 9
    endloop
  endfacet
  facet normal 0 0 -1
    outer loop
      vertex -14.342039769345517 -17.33654796245526 9
      vertex -13.127756476985422 -20.686034174799367 9
      vertex -15.616887748842895 -18.87757444800684 9
    endloop
  endfacet
  facet normal 0 0 -1
    outer loop
      vertex -14.342039769345517 -17.33654796245526 9
      vertex -12.056102887027427 -18.99737832379534 9
      vertex -13.127756476985422 -20.686034174799367 9
    endloop
  endfacet
  facet normal 0 0 -1
    outer loop
      vertex -16.401794116981762 -15.40230988339549 9
      vertex -15.616887748842895 -18.87757444800684 9
      vertex -17.859731371824584 -16.77140409525287 9
    endloop
  endfacet
  facet normal 0 0 -1
    outer loop
      vertex -14.342039769345517 -17.33654796245526 9
      vertex -15.616887748842895 -18.87757444800684 9
      vertex -16.401794116981762 -15.40230988339549 9
    endloop
  endfacet
  facet normal 0 0 -1
    outer loop
      vertex -18.202882373436317 -13.225168176580645 9
      vertex -16.401794116981762 -15.40230988339549 9
      vertex -17.859731371824584 -16.77140409525287 9
    endloop
  endfacet
  facet normal 0 0 -1
    outer loop
      vertex -20.919970932485658 -8.282802435405252 9
      vertex -21.469513661074654 -11.802965015492028 9
      vertex -22.77952390426216 -9.019051540774608 9
    endloop
  endfacet
  facet normal 0 0 -1
    outer loop
      vertex -20.919970932485658 -8.282802435405252 9
      vertex -22.77952390426216 -9.019051540774608 9
      vertex -21.7931211253942 -5.595522461209234 9
    endloop
  endfacet
  facet normal 0 0 -1
    outer loop
      vertex -19.71690030098693 -10.839457667288595 9
      vertex -21.469513661074654 -11.802965015492028 9
      vertex -20.919970932485658 -8.282802435405252 9
    endloop
  endfacet
  facet normal 0 0 -1
    outer loop
      vertex -21.7931211253942 -5.595522461209234 9
      vertex -22.77952390426216 -9.019051540774608 9
      vertex -22.322580779575752 -2.8199977551968414 9
    endloop
  endfacet
  facet normal 0 0 -1
    outer loop
      vertex -22.322580779575752 -2.8199977551968414 9
      vertex -22.77952390426216 -9.019051540774608 9
      vertex -22.5 0 9
    endloop
  endfacet
  facet normal 0 0 -1
    outer loop
      vertex -23.730287447651463 -6.0929022355389435 9
      vertex -24.306810182204707 -3.0706642223254494 9
      vertex -24.306810182204707 3.0706642223254494 9
    endloop
  endfacet
  facet normal 0 0 -1
    outer loop
      vertex -22.77952390426216 -9.019051540774608 9
      vertex -23.730287447651463 -6.0929022355389435 9
      vertex -23.730287447651463 6.0929022355389435 9
    endloop
  endfacet
  facet normal 0 0 -1
    outer loop
      vertex -22.5 0 9
      vertex -22.77952390426216 -9.019051540774608 9
      vertex -23.730287447651463 6.0929022355389435 9
    endloop
  endfacet
  facet normal 0 0 -1
    outer loop
      vertex -9.58003406021413 -20.35860868048544 9
      vertex -7.570916362186211 -23.30088464923126 9
      vertex -10.431592643344274 -22.16826278541748 9
    endloop
  endfacet
  facet normal 0 0 -1
    outer loop
      vertex -12.056102887027427 -18.99737832379534 9
      vertex -10.431592643344274 -22.16826278541748 9
      vertex -13.127756476985422 -20.686034174799367 9
    endloop
  endfacet
  facet normal 0 0 -1
    outer loop
      vertex -12.056102887027427 -18.99737832379534 9
      vertex -9.58003406021413 -20.35860868048544 9
      vertex -10.431592643344274 -22.16826278541748 9
    endloop
  endfacet
  facet normal 0 0 -1
    outer loop
      vertex -9.58003406021413 -20.35860868048544 9
      vertex -6.952882373436316 -21.398771616640953 9
      vertex -7.570916362186211 -23.30088464923126 9
    endloop
  endfacet
  facet normal 0 0 -1
    outer loop
      vertex -6.952882373436316 -21.398771616640953 9
      vertex -4.590842207350258 -24.06603764285287 9
      vertex -7.570916362186211 -23.30088464923126 9
    endloop
  endfacet
  facet normal 0 0 -1
    outer loop
      vertex -6.952882373436316 -21.398771616640953 9
      vertex -4.2160795781788085 -22.101463141395495 9
      vertex -4.590842207350258 -24.06603764285287 9
    endloop
  endfacet
  facet normal 0 0 -1
    outer loop
      vertex -4.2160795781788085 -22.101463141395495 9
      vertex -1.538367728468187 -24.45165484649265 9
      vertex -4.590842207350258 -24.06603764285287 9
    endloop
  endfacet
  facet normal 0 0 -1
    outer loop
      vertex -4.2160795781788085 -22.101463141395495 9
      vertex -1.4127866894095598 -22.45560138963611 9
      vertex -1.538367728468187 -24.45165484649265 9
    endloop
  endfacet
  facet normal 0 0 -1
    outer loop
      vertex -1.4127866894095598 -22.45560138963611 9
      vertex 1.5383677284681871 -24.45165484649265 9
      vertex -1.538367728468187 -24.45165484649265 9
    endloop
  endfacet
  facet normal 0 0 -1
    outer loop
      vertex -24.5 0 9
      vertex -24.306810182204707 3.0706642223254494 9
      vertex -24.306810182204707 -3.0706642223254494 9
    endloop
  endfacet
  facet normal 0 0 -1
    outer loop
      vertex -23.730287447651463 6.0929022355389435 9
      vertex -23.730287447651463 -6.0929022355389435 9
      vertex -24.306810182204707 3.0706642223254494 9
    endloop
  endfacet
  facet normal 0 0 -1
    outer loop
      vertex -22.5 0 9
      vertex -23.730287447651463 6.0929022355389435 9
      vertex -22.322580779575752 2.8199977551968414 9
    endloop
  endfacet
  facet normal 0 0 -1
    outer loop
      vertex -22.322580779575752 2.8199977551968414 9
      vertex -23.730287447651463 6.0929022355389435 9
      vertex -22.77952390426216 9.019051540774608 9
    endloop
  endfacet
  facet normal 0 0 -1
    outer loop
      vertex -22.322580779575752 2.8199977551968414 9
      vertex -22.77952390426216 9.019051540774608 9
      vertex -21.7931211253942 5.595522461209234 9
    endloop
  endfacet
  facet normal 0 0 -1
    outer loop
      vertex -21.7931211253942 5.595522461209234 9
      vertex -22.77952390426216 9.019051540774608 9
      vertex -20.919970932485658 8.282802435405252 9
    endloop
  endfacet
  facet normal 0 0 -1
    outer loop
      vertex -20.919970932485658 8.282802435405252 9
      vertex -22.77952390426216 9.019051540774608 9
      vertex -19.71690030098693 10.839457667288595 9
    endloop
  endfacet
  facet normal 0 0 -1
    outer loop
      vertex -19.71690030098693 10.839457667288595 9
      vertex -22.77952390426216 9.019051540774608 9
      vertex -21.469513661074654 11.802965015492026 9
    endloop
  endfacet
  facet normal 0 0 -1
    outer loop
      vertex -19.71690030098693 10.839457667288595 9
      vertex -21.469513661074654 11.802965015492026 9
      vertex -18.202882373436317 13.225168176580645 9
    endloop
  endfacet
  facet normal 0 0 -1
    outer loop
      vertex -18.202882373436317 13.225168176580645 9
      vertex -21.469513661074654 11.802965015492026 9
      vertex -19.820916362186214 14.400738681165592 9
    endloop
  endfacet
  facet normal 0 0 -1
    outer loop
      vertex -18.202882373436317 13.225168176580645 9
      vertex -19.820916362186214 14.400738681165592 9
      vertex -16.401794116981762 15.40230988339549 9
    endloop
  endfacet
  facet normal 0 0 -1
    outer loop
      vertex -16.401794116981762 15.40230988339549 9
      vertex -19.820916362186214 14.400738681165592 9
      vertex -17.859731371824587 16.77140409525287 9
    endloop
  endfacet
  facet normal 0 0 -1
    outer loop
      vertex -16.401794116981762 15.40230988339549 9
      vertex -17.859731371824587 16.77140409525287 9
      vertex -14.342039769345517 17.33654796245526 9
    endloop
  endfacet
  facet normal 0 0 -1
    outer loop
      vertex -14.342039769345517 17.33654796245526 9
      vertex -17.859731371824587 16.77140409525287 9
      vertex -15.616887748842895 18.87757444800684 9
    endloop
  endfacet
  facet normal 0 0 -1
    outer loop
      vertex -14.342039769345517 17.33654796245526 9
      vertex -15.616887748842895 18.87757444800684 9
      vertex -12.056102887027427 18.99737832379534 9
    endloop
  endfacet
  facet normal 0 0 -1
    outer loop
      vertex -12.056102887027427 18.99737832379534 9
      vertex -15.616887748842895 18.87757444800684 9
      vertex -13.127756476985422 20.686034174799367 9
    endloop
  endfacet
  facet normal 0 0 -1
    outer loop
      vertex -12.056102887027427 18.99737832379534 9
      vertex -13.127756476985422 20.686034174799367 9
      vertex -9.580034060214135 20.35860868048544 9
    endloop
  endfacet
  facet normal 0 0 -1
    outer loop
      vertex -9.580034060214135 20.35860868048544 9
      vertex -13.127756476985422 20.686034174799367 9
      vertex -10.431592643344281 22.168262785417475 9
    endloop
  endfacet
  facet normal 0 0 -1
    outer loop
      vertex -9.580034060214135 20.35860868048544 9
      vertex -10.431592643344281 22.168262785417475 9
      vertex -6.952882373436316 21.398771616640953 9
    endloop
  endfacet
  facet normal 0 0 -1
    outer loop
      vertex -6.952882373436316 21.398771616640953 9
      vertex -10.431592643344281 22.168262785417475 9
      vertex -7.570916362186211 23.30088464923126 9
    endloop
  endfacet
  facet normal 0 0 -1
    outer loop
      vertex -6.952882373436316 21.398771616640953 9
      vertex -7.570916362186211 23.30088464923126 9
      vertex -4.216079578178803 22.101463141395495 9
    endloop
  endfacet
  facet normal 0 0 -1
    outer loop
      vertex -4.216079578178803 22.101463141395495 9
      vertex -7.570916362186211 23.30088464923126 9
      vertex -4.590842207350252 24.066037642852873 9
    endloop
  endfacet
  facet normal 0 0 -1
    outer loop
      vertex -4.216079578178803 22.101463141395495 9
      vertex -4.590842207350252 24.066037642852873 9
      vertex -1.4127866894095475 22.45560138963611 9
    endloop
  endfacet
  facet normal 0 0 -1
    outer loop
      vertex -1.4127866894095475 22.45560138963611 9
      vertex -4.590842207350252 24.066037642852873 9
      vertex -1.5383677284681754 24.45165484649265 9
    endloop
  endfacet
  facet normal 0 0 -1
    outer loop
      vertex -1.4127866894095475 22.45560138963611 9
      vertex -1.5383677284681754 24.45165484649265 9
      vertex 1.4127866894095487 22.45560138963611 9
    endloop
  endfacet
  facet normal 0 0 -1
    outer loop
      vertex -1.4127866894095598 -22.45560138963611 9
      vertex 1.4127866894095598 -22.45560138963611 9
      vertex 1.5383677284681871 -24.45165484649265 9
    endloop
  endfacet
  facet normal 0 0 -1
    outer loop
      vertex 1.4127866894095598 -22.45560138963611 9
      vertex 4.590842207350258 -24.06603764285287 9
      vertex 1.5383677284681871 -24.45165484649265 9
    endloop
  endfacet
  facet normal 0 0 -1
    outer loop
      vertex 1.4127866894095598 -22.45560138963611 9
      vertex 4.2160795781788085 -22.101463141395495 9
      vertex 4.590842207350258 -24.06603764285287 9
    endloop
  endfacet
  facet normal 0 0 -1
    outer loop
      vertex 4.2160795781788085 -22.101463141395495 9
      vertex 7.570916362186211 -23.30088464923126 9
      vertex 4.590842207350258 -24.06603764285287 9
    endloop
  endfacet
  facet normal 0 0 -1
    outer loop
      vertex 4.2160795781788085 -22.101463141395495 9
      vertex 6.952882373436316 -21.398771616640953 9
      vertex 7.570916362186211 -23.30088464923126 9
    endloop
  endfacet
  facet normal 0 0 -1
    outer loop
      vertex 6.952882373436316 -21.398771616640953 9
      vertex 10.431592643344276 -22.16826278541748 9
      vertex 7.570916362186211 -23.30088464923126 9
    endloop
  endfacet
  facet normal 0 0 -1
    outer loop
      vertex 6.952882373436316 -21.398771616640953 9
      vertex 9.58003406021413 -20.35860868048544 9
      vertex 10.431592643344276 -22.16826278541748 9
    endloop
  endfacet
  facet normal 0 0 -1
    outer loop
      vertex 9.58003406021413 -20.35860868048544 9
      vertex 13.127756476985407 -20.686034174799374 9
      vertex 10.431592643344276 -22.16826278541748 9
    endloop
  endfacet
  facet normal 0 0 -1
    outer loop
      vertex 9.58003406021413 -20.35860868048544 9
      vertex 12.056102887027414 -18.997378323795346 9
      vertex 13.127756476985407 -20.686034174799374 9
    endloop
  endfacet
  facet normal 0 0 -1
    outer loop
      vertex 12.056102887027414 -18.997378323795346 9
      vertex 15.616887748842904 -18.877574448006833 9
      vertex 13.127756476985407 -20.686034174799374 9
    endloop
  endfacet
  facet normal 0 0 -1
    outer loop
      vertex 12.056102887027414 -18.997378323795346 9
      vertex 14.342039769345524 -17.336547962455253 9
      vertex 15.616887748842904 -18.877574448006833 9
    endloop
  endfacet
  facet normal 0 0 -1
    outer loop
      vertex 14.342039769345524 -17.336547962455253 9
      vertex 17.859731371824587 -16.77140409525287 9
      vertex 15.616887748842904 -18.877574448006833 9
    endloop
  endfacet
  facet normal 0 0 -1
    outer loop
      vertex 14.342039769345524 -17.336547962455253 9
      vertex 16.401794116981762 -15.40230988339549 9
      vertex 17.859731371824587 -16.77140409525287 9
    endloop
  endfacet
  facet normal 0 0 -1
    outer loop
      vertex 16.401794116981762 -15.40230988339549 9
      vertex 19.820916362186214 -14.400738681165592 9
      vertex 17.859731371824587 -16.77140409525287 9
    endloop
  endfacet
  facet normal 0 0 -1
    outer loop
      vertex 16.401794116981762 -15.40230988339549 9
      vertex 18.202882373436317 -13.225168176580645 9
      vertex 19.820916362186214 -14.400738681165592 9
    endloop
  endfacet
  facet normal 0 0 -1
    outer loop
      vertex 18.202882373436317 -13.225168176580645 9
      vertex 21.469513661074654 -11.802965015492026 9
      vertex 19.820916362186214 -14.400738681165592 9
    endloop
  endfacet
  facet normal 0 0 -1
    outer loop
      vertex 18.202882373436317 -13.225168176580645 9
      vertex 19.71690030098693 -10.839457667288595 9
      vertex 21.469513661074654 -11.802965015492026 9
    endloop
  endfacet
  facet normal 0 0 -1
    outer loop
      vertex 19.71690030098693 -10.839457667288595 9
      vertex 22.779523904262156 -9.019051540774619 9
      vertex 21.469513661074654 -11.802965015492026 9
    endloop
  endfacet
  facet normal 0 0 -1
    outer loop
      vertex 19.71690030098693 -10.839457667288595 9
      vertex 20.919970932485654 -8.282802435405262 9
      vertex 22.779523904262156 -9.019051540774619 9
    endloop
  endfacet
  facet normal 0 0 -1
    outer loop
      vertex 20.919970932485654 -8.282802435405262 9
      vertex 21.7931211253942 -5.5955224612092245 9
      vertex 22.779523904262156 -9.019051540774619 9
    endloop
  endfacet
  facet normal 0 0 -1
    outer loop
      vertex 21.7931211253942 -5.5955224612092245 9
      vertex 22.322580779575752 -2.8199977551968414 9
      vertex 22.779523904262156 -9.019051540774619 9
    endloop
  endfacet
  facet normal 0 0 -1
    outer loop
      vertex 22.322580779575752 -2.8199977551968414 9
      vertex 23.730287447651463 -6.092902235538934 9
      vertex 22.779523904262156 -9.019051540774619 9
    endloop
  endfacet
  facet normal 0 0 -1
    outer loop
      vertex 22.322580779575752 -2.8199977551968414 9
      vertex 22.5 0 9
      vertex 23.730287447651463 -6.092902235538934 9
    endloop
  endfacet
  facet normal 0 0 -1
    outer loop
      vertex 23.730287447651463 -6.092902235538934 9
      vertex 23.730287447651463 6.092902235538943 9
      vertex 24.306810182204707 -3.0706642223254494 9
    endloop
  endfacet
  facet normal 0 0 -1
    outer loop
      vertex 1.4127866894095487 22.45560138963611 9
      vertex -1.5383677284681754 24.45165484649265 9
      vertex 1.538367728468175 24.45165484649265 9
    endloop
  endfacet
  facet normal 0 0 -1
    outer loop
      vertex 1.4127866894095487 22.45560138963611 9
      vertex 1.538367728468175 24.45165484649265 9
      vertex 4.216079578178803 22.101463141395495 9
    endloop
  endfacet
  facet normal 0 0 -1
    outer loop
      vertex 4.216079578178803 22.101463141395495 9
      vertex 1.538367728468175 24.45165484649265 9
      vertex 4.590842207350252 24.066037642852873 9
    endloop
  endfacet
  facet normal 0 0 -1
    outer loop
      vertex 4.216079578178803 22.101463141395495 9
      vertex 4.590842207350252 24.066037642852873 9
      vertex 6.952882373436316 21.398771616640953 9
    endloop
  endfacet
  facet normal 0 0 -1
    outer loop
      vertex 6.952882373436316 21.398771616640953 9
      vertex 4.590842207350252 24.066037642852873 9
      vertex 7.570916362186211 23.30088464923126 9
    endloop
  endfacet
  facet normal 0 0 -1
    outer loop
      vertex 6.952882373436316 21.398771616640953 9
      vertex 7.570916362186211 23.30088464923126 9
      vertex 9.580034060214135 20.35860868048544 9
    endloop
  endfacet
  facet normal 0 0 -1
    outer loop
      vertex 9.580034060214135 20.35860868048544 9
      vertex 10.431592643344281 22.168262785417475 9
      vertex 12.056102887027425 18.99737832379534 9
    endloop
  endfacet
  facet normal 0 0 -1
    outer loop
      vertex 12.056102887027425 18.99737832379534 9
      vertex 10.431592643344281 22.168262785417475 9
      vertex 13.127756476985418 20.68603417479937 9
    endloop
  endfacet
  facet normal 0 0 -1
    outer loop
      vertex 9.580034060214135 20.35860868048544 9
      vertex 7.570916362186211 23.30088464923126 9
      vertex 10.431592643344281 22.168262785417475 9
    endloop
  endfacet
  facet normal 0 0 -1
    outer loop
      vertex 22.5 0 9
      vertex 22.77952390426216 9.019051540774612 9
      vertex 23.730287447651463 -6.092902235538934 9
    endloop
  endfacet
  facet normal 0 0 -1
    outer loop
      vertex 24.306810182204707 -3.0706642223254494 9
      vertex 24.306810182204707 3.0706642223254543 9
      vertex 24.5 0 9
    endloop
  endfacet
  facet normal 0 0 -1
    outer loop
      vertex 22.77952390426216 9.019051540774612 9
      vertex 23.730287447651463 6.092902235538943 9
      vertex 23.730287447651463 -6.092902235538934 9
    endloop
  endfacet
  facet normal 0 0 -1
    outer loop
      vertex 23.730287447651463 6.092902235538943 9
      vertex 24.306810182204707 3.0706642223254543 9
      vertex 24.306810182204707 -3.0706642223254494 9
    endloop
  endfacet
  facet normal 0 0 -1
    outer loop
      vertex 22.5 0 9
      vertex 22.322580779575752 2.819997755196846 9
      vertex 22.77952390426216 9.019051540774612 9
    endloop
  endfacet
  facet normal 0 0 -1
    outer loop
      vertex 22.322580779575752 2.819997755196846 9
      vertex 21.7931211253942 5.5955224612092325 9
      vertex 22.77952390426216 9.019051540774612 9
    endloop
  endfacet
  facet normal 0 0 -1
    outer loop
      vertex 20.919970932485654 8.282802435405255 9
      vertex 19.716900300986932 10.839457667288595 9
      vertex 21.469513661074657 11.802965015492026 9
    endloop
  endfacet
  facet normal 0 0 -1
    outer loop
      vertex 21.7931211253942 5.5955224612092325 9
      vertex 20.919970932485654 8.282802435405255 9
      vertex 22.77952390426216 9.019051540774612 9
    endloop
  endfacet
  facet normal 0 0 -1
    outer loop
      vertex 20.919970932485654 8.282802435405255 9
      vertex 21.469513661074657 11.802965015492026 9
      vertex 22.77952390426216 9.019051540774612 9
    endloop
  endfacet
  facet normal 0 0 -1
    outer loop
      vertex 16.40179411698176 15.402309883395496 9
      vertex 17.85973137182458 16.771404095252873 9
      vertex 18.202882373436317 13.225168176580645 9
    endloop
  endfacet
  facet normal 0 0 -1
    outer loop
      vertex 16.40179411698176 15.402309883395496 9
      vertex 14.342039769345519 17.336547962455256 9
      vertex 15.616887748842899 18.877574448006833 9
    endloop
  endfacet
  facet normal 0 0 -1
    outer loop
      vertex 16.40179411698176 15.402309883395496 9
      vertex 15.616887748842899 18.877574448006833 9
      vertex 17.85973137182458 16.771404095252873 9
    endloop
  endfacet
  facet normal 0 0 -1
    outer loop
      vertex 12.056102887027425 18.99737832379534 9
      vertex 13.127756476985418 20.68603417479937 9
      vertex 14.342039769345519 17.336547962455256 9
    endloop
  endfacet
  facet normal 0 0 -1
    outer loop
      vertex 14.342039769345519 17.336547962455256 9
      vertex 13.127756476985418 20.68603417479937 9
      vertex 15.616887748842899 18.877574448006833 9
    endloop
  endfacet
  facet normal 0 0 -1
    outer loop
      vertex 19.716900300986932 10.839457667288595 9
      vertex 18.202882373436317 13.225168176580645 9
      vertex 19.820916362186214 14.400738681165594 9
    endloop
  endfacet
  facet normal 0 0 -1
    outer loop
      vertex 18.202882373436317 13.225168176580645 9
      vertex 17.85973137182458 16.771404095252873 9
      vertex 19.820916362186214 14.400738681165594 9
    endloop
  endfacet
  facet normal 0 0 -1
    outer loop
      vertex 19.716900300986932 10.839457667288595 9
      vertex 19.820916362186214 14.400738681165594 9
      vertex 21.469513661074657 11.802965015492026 9
    endloop
  endfacet
  facet normal -0.9822872507286886 0.18738131458572416 -1.3097318382026378e-17
    outer loop
      vertex -22.057850952484976 4.207760108203038 3
      vertex -21.7931211253942 5.595522461209234 0
      vertex -22.322580779575752 2.8199977551968414 0
    endloop
  endfacet
  facet normal -0.9822872507286886 0.18738131458572416 0
    outer loop
      vertex -22.322580779575752 2.8199977551968414 3
      vertex -22.057850952484976 4.207760108203038 3
      vertex -22.322580779575752 2.8199977551968414 0
    endloop
  endfacet
  facet normal -0.9048270524660194 0.42577929156507305 0
    outer loop
      vertex -20.919970932485658 8.282802435405252 3
      vertex -20.11792384481984 9.987239256660814 1
      vertex -20.919970932485658 8.282802435405252 0
    endloop
  endfacet
  facet normal -0.9048270524660198 0.425779291565072 2.1217655778882747e-15
    outer loop
      vertex -20.11792384481984 9.987239256660814 1
      vertex -20.318435616736295 9.561130051346924 0
      vertex -20.919970932485658 8.282802435405252 0
    endloop
  endfacet
  facet normal -0.5877852522924724 0.809016994374948 9.430069235059038e-16
    outer loop
      vertex -14.342039769345517 17.33654796245526 3
      vertex -12.056102887027427 18.99737832379534 0
      vertex -13.199071328186472 18.1669631431253 0
    endloop
  endfacet
  facet normal -0.24868988716485543 0.9685831611286309 0
    outer loop
      vertex -6.952882373436316 21.398771616640953 3
      vertex -5.58448097580756 21.750117379018224 3
      vertex -6.952882373436316 21.398771616640953 0
    endloop
  endfacet
  facet normal -0.12533323356430473 0.9921147013144779 0
    outer loop
      vertex -1.4127866894095487 22.45560138963611 3
      vertex -1.4127866894095487 22.45560138963611 0
      vertex -4.216079578178803 22.101463141395495 0
    endloop
  endfacet
  facet normal -0.12533323356430473 0.9921147013144779 0
    outer loop
      vertex -4.216079578178803 22.101463141395495 3
      vertex -1.4127866894095487 22.45560138963611 3
      vertex -4.216079578178803 22.101463141395495 0
    endloop
  endfacet
  facet normal 0.12533323356430498 -0.9921147013144778 0
    outer loop
      vertex 4.2160795781788085 -22.101463141395495 3
      vertex 1.4127866894095598 -22.45560138963611 0
      vertex 4.2160795781788085 -22.101463141395495 0
    endloop
  endfacet
  facet normal 0.36812455268467675 -0.9297764858882519 -2.2789333984725984e-15
    outer loop
      vertex 7.828599602362254 -21.05205063792245 1
      vertex 8.266458216825223 -20.878690148563194 0
      vertex 9.58003406021413 -20.35860868048544 0
    endloop
  endfacet
  facet normal 0.3681245526846779 -0.9297764858882515 0
    outer loop
      vertex 7.828599602362254 -21.05205063792245 1
      vertex 9.58003406021413 -20.35860868048544 0
      vertex 9.58003406021413 -20.35860868048544 3
    endloop
  endfacet
  facet normal 0.9822872507286886 -0.18738131458572482 0
    outer loop
      vertex 22.322580779575752 -2.8199977551968414 3
      vertex 21.7931211253942 -5.5955224612092245 0
      vertex 22.322580779575752 -2.8199977551968414 0
    endloop
  endfacet
  facet normal 0 1 0
    outer loop
      vertex 0.47092889646984926 22.45560138963611 0.9999999999999991
      vertex 1.4127866894095475 22.45560138963611 3
      vertex 1.4127866894095484 22.45560138963611 0
    endloop
  endfacet
  facet normal 0.9980267284282716 0.06279051952931315 0
    outer loop
      vertex 22.5 0 3
      vertex 22.5 0 0
      vertex 22.411290389787876 1.409998877598423 0
    endloop
  endfacet
  facet normal 0.9980267284282716 0.06279051952931315 0
    outer loop
      vertex 22.5 0 3
      vertex 22.411290389787876 1.409998877598423 0
      vertex 22.411290389787876 1.409998877598423 3
    endloop
  endfacet
  facet normal 0.5877852522924734 0.8090169943749472 0
    outer loop
      vertex 14.342039769345519 17.336547962455256 3
      vertex 14.342039769345519 17.336547962455256 0
      vertex 12.056102887027425 18.99737832379534 0
    endloop
  endfacet
  facet normal 0.5877852522924734 0.8090169943749472 0
    outer loop
      vertex 13.199071328186472 18.166963143125297 3
      vertex 14.342039769345519 17.336547962455256 3
      vertex 12.056102887027425 18.99737832379534 0
    endloop
  endfacet
  facet normal -0.8443279255020153 -0.5358267949789963 0
    outer loop
      vertex -18.202882373436317 -13.225168176580645 3
      vertex -19.71690030098693 -10.839457667288595 0
      vertex -18.202882373436317 -13.225168176580645 0
    endloop
  endfacet
  facet normal -0.5877852522924731 -0.8090169943749473 0
    outer loop
      vertex -12.056102887027427 -18.99737832379534 3
      vertex -14.342039769345517 -17.33654796245526 0
      vertex -12.056102887027427 -18.99737832379534 0
    endloop
  endfacet
  facet normal -0.770513242775789 -0.6374239897486899 0
    outer loop
      vertex -16.401794116981762 -15.40230988339549 3
      vertex -18.202882373436317 -13.225168176580645 0
      vertex -16.401794116981762 -15.40230988339549 0
    endloop
  endfacet
  facet normal -0.6845471059286893 -0.7289686274214111 0
    outer loop
      vertex -14.342039769345517 -17.33654796245526 3
      vertex -16.401794116981762 -15.40230988339549 0
      vertex -14.342039769345517 -17.33654796245526 0
    endloop
  endfacet
  facet normal -0.6845471059286893 -0.7289686274214111 0
    outer loop
      vertex -14.342039769345517 -17.33654796245526 3
      vertex -16.401794116981762 -15.40230988339549 3
      vertex -16.401794116981762 -15.40230988339549 0
    endloop
  endfacet
  facet normal -0.770513242775789 -0.6374239897486899 0
    outer loop
      vertex -18.202882373436317 -13.225168176580645 3
      vertex -18.202882373436317 -13.225168176580645 0
      vertex -16.401794116981762 -15.40230988339549 3
    endloop
  endfacet
  facet normal -0.5877852522924731 -0.8090169943749473 0
    outer loop
      vertex -14.342039769345517 -17.33654796245526 3
      vertex -14.342039769345517 -17.33654796245526 0
      vertex -12.056102887027427 -18.99737832379534 3
    endloop
  endfacet
  facet normal -0.9048270524660195 -0.4257792915650731 0
    outer loop
      vertex -19.71690030098693 -10.839457667288595 3
      vertex -20.919970932485658 -8.282802435405252 0
      vertex -19.71690030098693 -10.839457667288595 0
    endloop
  endfacet
  facet normal -0.9510565162951534 -0.3090169943749477 0
    outer loop
      vertex -20.919970932485658 -8.282802435405252 3
      vertex -21.7931211253942 -5.595522461209234 0
      vertex -20.919970932485658 -8.282802435405252 0
    endloop
  endfacet
  facet normal -0.9510565162951534 -0.3090169943749477 0
    outer loop
      vertex -20.919970932485658 -8.282802435405252 3
      vertex -21.7931211253942 -5.595522461209234 3
      vertex -21.7931211253942 -5.595522461209234 0
    endloop
  endfacet
  facet normal -0.8443279255020153 -0.5358267949789963 0
    outer loop
      vertex -18.202882373436317 -13.225168176580645 3
      vertex -19.71690030098693 -10.839457667288595 3
      vertex -19.71690030098693 -10.839457667288595 0
    endloop
  endfacet
  facet normal -0.9048270524660195 -0.4257792915650731 0
    outer loop
      vertex -19.71690030098693 -10.839457667288595 3
      vertex -20.919970932485658 -8.282802435405252 3
      vertex -20.919970932485658 -8.282802435405252 0
    endloop
  endfacet
  facet normal -0.9822872507286886 -0.18738131458572416 0
    outer loop
      vertex -21.7931211253942 -5.595522461209234 3
      vertex -22.322580779575752 -2.8199977551968414 0
      vertex -21.7931211253942 -5.595522461209234 0
    endloop
  endfacet
  facet normal -0.9980267284282716 -0.06279051952931325 0
    outer loop
      vertex -22.322580779575752 -2.8199977551968414 3
      vertex -22.5 0 0
      vertex -22.322580779575752 -2.8199977551968414 0
    endloop
  endfacet
  facet normal -0.9822872507286886 -0.18738131458572416 0
    outer loop
      vertex -21.7931211253942 -5.595522461209234 3
      vertex -22.322580779575752 -2.8199977551968414 3
      vertex -22.322580779575752 -2.8199977551968414 0
    endloop
  endfacet
  facet normal -0.9980267284282716 -0.06279051952931325 0
    outer loop
      vertex -22.322580779575752 -2.8199977551968414 3
      vertex -22.5 0 3
      vertex -22.5 0 0
    endloop
  endfacet
  facet normal -0.48175367410171427 -0.8763066800438641 0
    outer loop
      vertex -9.58003406021413 -20.35860868048544 3
      vertex -12.056102887027427 -18.99737832379534 0
      vertex -9.58003406021413 -20.35860868048544 0
    endloop
  endfacet
  facet normal -0.3681245526846779 -0.9297764858882513 0
    outer loop
      vertex -6.952882373436316 -21.398771616640953 3
      vertex -9.58003406021413 -20.35860868048544 0
      vertex -6.952882373436316 -21.398771616640953 0
    endloop
  endfacet
  facet normal -0.48175367410171427 -0.8763066800438641 0
    outer loop
      vertex -12.056102887027427 -18.99737832379534 3
      vertex -12.056102887027427 -18.99737832379534 0
      vertex -9.58003406021413 -20.35860868048544 3
    endloop
  endfacet
  facet normal -0.3681245526846779 -0.9297764858882513 0
    outer loop
      vertex -9.58003406021413 -20.35860868048544 3
      vertex -9.58003406021413 -20.35860868048544 0
      vertex -6.952882373436316 -21.398771616640953 3
    endloop
  endfacet
  facet normal -0.2486898871648558 -0.9685831611286309 0
    outer loop
      vertex -4.2160795781788085 -22.101463141395495 3
      vertex -6.952882373436316 -21.398771616640953 0
      vertex -4.2160795781788085 -22.101463141395495 0
    endloop
  endfacet
  facet normal -0.125333233564305 -0.9921147013144778 1.8553045553841854e-17
    outer loop
      vertex -1.4127866894095598 -22.45560138963611 3
      vertex -4.2160795781788085 -22.101463141395495 0
      vertex -1.4127866894095602 -22.45560138963611 0
    endloop
  endfacet
  facet normal -0.2486898871648558 -0.9685831611286309 0
    outer loop
      vertex -6.952882373436316 -21.398771616640953 3
      vertex -6.952882373436316 -21.398771616640953 0
      vertex -4.2160795781788085 -22.101463141395495 3
    endloop
  endfacet
  facet normal -0.12533323356430498 -0.9921147013144778 0
    outer loop
      vertex -4.2160795781788085 -22.101463141395495 3
      vertex -4.2160795781788085 -22.101463141395495 0
      vertex -1.4127866894095598 -22.45560138963611 3
    endloop
  endfacet
  facet normal 0 -1 0
    outer loop
      vertex -1.4127866894095598 -22.45560138963611 3
      vertex -1.4127866894095602 -22.45560138963611 0
      vertex 1.4127866894095598 -22.45560138963611 3
    endloop
  endfacet
  facet normal -0.9980267284282716 0.06279051952931325 0
    outer loop
      vertex -22.5 0 3
      vertex -22.322580779575752 2.8199977551968414 0
      vertex -22.5 0 0
    endloop
  endfacet
  facet normal -0.9980267284282716 0.06279051952931325 0
    outer loop
      vertex -22.5 0 3
      vertex -22.322580779575752 2.8199977551968414 3
      vertex -22.322580779575752 2.8199977551968414 0
    endloop
  endfacet
  facet normal -0.9822872507286886 0.1873813145857242 0
    outer loop
      vertex -22.057850952484976 4.207760108203038 3
      vertex -21.7931211253942 5.595522461209234 3
      vertex -21.7931211253942 5.595522461209234 0
    endloop
  endfacet
  facet normal -0.9510565162951534 0.3090169943749477 0
    outer loop
      vertex -21.7931211253942 5.595522461209234 3
      vertex -20.919970932485658 8.282802435405252 0
      vertex -21.7931211253942 5.595522461209234 0
    endloop
  endfacet
  facet normal -0.9048270524660189 0.4257792915650741 1.0608827889441364e-15
    outer loop
      vertex -20.11792384481984 9.987239256660814 1
      vertex -19.71690030098693 10.839457667288595 0
      vertex -20.318435616736295 9.561130051346924 0
    endloop
  endfacet
  facet normal -0.9048270524660194 0.42577929156507305 0
    outer loop
      vertex -20.11792384481984 9.987239256660814 1
      vertex -19.71690030098693 10.839457667288595 3
      vertex -19.71690030098693 10.839457667288595 0
    endloop
  endfacet
  facet normal -0.8443279255020153 0.5358267949789963 0
    outer loop
      vertex -19.71690030098693 10.839457667288595 3
      vertex -18.202882373436317 13.225168176580645 0
      vertex -19.71690030098693 10.839457667288595 0
    endloop
  endfacet
  facet normal -0.9510565162951534 0.3090169943749477 0
    outer loop
      vertex -21.7931211253942 5.595522461209234 3
      vertex -20.919970932485658 8.282802435405252 3
      vertex -20.919970932485658 8.282802435405252 0
    endloop
  endfacet
  facet normal -0.9048270524660194 0.42577929156507305 0
    outer loop
      vertex -20.919970932485658 8.282802435405252 3
      vertex -19.71690030098693 10.839457667288595 3
      vertex -20.11792384481984 9.987239256660814 1
    endloop
  endfacet
  facet normal -0.9822872507286886 0.18738131458572416 0
    outer loop
      vertex -22.322580779575752 2.8199977551968414 3
      vertex -22.057850952484976 4.207760108203038 6
      vertex -22.057850952484976 4.207760108203038 3
    endloop
  endfacet
  facet normal -0.9822872507286886 0.1873813145857242 0
    outer loop
      vertex -22.057850952484976 4.207760108203038 3
      vertex -22.057850952484976 4.207760108203038 6
      vertex -21.7931211253942 5.595522461209234 6
    endloop
  endfacet
  facet normal -0.8443279255020153 0.5358267949789963 0
    outer loop
      vertex -19.71690030098693 10.839457667288595 3
      vertex -18.202882373436317 13.225168176580645 3
      vertex -18.202882373436317 13.225168176580645 0
    endloop
  endfacet
  facet normal -0.770513242775789 0.6374239897486899 0
    outer loop
      vertex -18.202882373436317 13.225168176580645 3
      vertex -16.401794116981762 15.40230988339549 0
      vertex -18.202882373436317 13.225168176580645 0
    endloop
  endfacet
  facet normal -0.6845471059286893 0.7289686274214111 0
    outer loop
      vertex -16.401794116981762 15.40230988339549 3
      vertex -14.342039769345517 17.33654796245526 0
      vertex -16.401794116981762 15.40230988339549 0
    endloop
  endfacet
  facet normal -0.587785252292474 0.8090169943749468 0
    outer loop
      vertex -14.342039769345517 17.33654796245526 3
      vertex -13.199071328186472 18.1669631431253 0
      vertex -14.342039769345517 17.33654796245526 0
    endloop
  endfacet
  facet normal -0.770513242775789 0.6374239897486899 0
    outer loop
      vertex -18.202882373436317 13.225168176580645 3
      vertex -16.401794116981762 15.40230988339549 3
      vertex -16.401794116981762 15.40230988339549 0
    endloop
  endfacet
  facet normal -0.6845471059286893 0.7289686274214111 0
    outer loop
      vertex -16.401794116981762 15.40230988339549 3
      vertex -14.342039769345517 17.33654796245526 3
      vertex -14.342039769345517 17.33654796245526 0
    endloop
  endfacet
  facet normal -0.5877852522924731 0.8090169943749473 0
    outer loop
      vertex -14.342039769345517 17.33654796245526 3
      vertex -12.056102887027427 18.99737832379534 3
      vertex -12.056102887027427 18.99737832379534 0
    endloop
  endfacet
  facet normal -0.4817536741017151 0.8763066800438637 0
    outer loop
      vertex -12.056102887027427 18.99737832379534 3
      vertex -9.580034060214135 20.35860868048544 0
      vertex -12.056102887027427 18.99737832379534 0
    endloop
  endfacet
  facet normal -0.3681245526846773 0.9297764858882517 0
    outer loop
      vertex -9.580034060214135 20.35860868048544 3
      vertex -6.952882373436316 21.398771616640953 0
      vertex -9.580034060214135 20.35860868048544 0
    endloop
  endfacet
  facet normal -0.4817536741017151 0.8763066800438637 0
    outer loop
      vertex -12.056102887027427 18.99737832379534 3
      vertex -9.580034060214135 20.35860868048544 3
      vertex -9.580034060214135 20.35860868048544 0
    endloop
  endfacet
  facet normal -0.3681245526846773 0.9297764858882517 0
    outer loop
      vertex -9.580034060214135 20.35860868048544 3
      vertex -6.952882373436316 21.398771616640953 3
      vertex -6.952882373436316 21.398771616640953 0
    endloop
  endfacet
  facet normal -0.24868988716485538 0.9685831611286309 -3.929195514607921e-17
    outer loop
      vertex -5.58448097580756 21.750117379018224 3
      vertex -4.216079578178803 22.101463141395495 0
      vertex -6.952882373436316 21.398771616640953 0
    endloop
  endfacet
  facet normal 0 1 0
    outer loop
      vertex -1.4127866894095487 22.45560138963611 3
      vertex 0.47092889646984926 22.45560138963611 0.9999999999999991
      vertex -1.4127866894095487 22.45560138963611 0
    endloop
  endfacet
  facet normal -0.24868988716485527 0.9685831611286309 0
    outer loop
      vertex -5.58448097580756 21.750117379018224 3
      vertex -4.216079578178803 22.101463141395495 3
      vertex -4.216079578178803 22.101463141395495 0
    endloop
  endfacet
  facet normal -0.24868988716485543 0.9685831611286309 0
    outer loop
      vertex -6.952882373436316 21.398771616640953 3
      vertex -5.58448097580756 21.750117379018224 6
      vertex -5.58448097580756 21.750117379018224 3
    endloop
  endfacet
  facet normal -0.24868988716485527 0.9685831611286309 0
    outer loop
      vertex -5.58448097580756 21.750117379018224 3
      vertex -5.58448097580756 21.750117379018224 6
      vertex -4.216079578178803 22.101463141395495 6
    endloop
  endfacet
  facet normal 0 -1 0
    outer loop
      vertex 1.4127866894095598 -22.45560138963611 3
      vertex -1.4127866894095602 -22.45560138963611 0
      vertex 1.4127866894095598 -22.45560138963611 0
    endloop
  endfacet
  facet normal 0.2486898871648558 -0.9685831611286309 0
    outer loop
      vertex 6.952882373436316 -21.398771616640953 3
      vertex 4.2160795781788085 -22.101463141395495 0
      vertex 6.952882373436316 -21.398771616640953 0
    endloop
  endfacet
  facet normal 0.12533323356430498 -0.9921147013144778 0
    outer loop
      vertex 1.4127866894095598 -22.45560138963611 3
      vertex 1.4127866894095598 -22.45560138963611 0
      vertex 4.2160795781788085 -22.101463141395495 3
    endloop
  endfacet
  facet normal 0.2486898871648558 -0.9685831611286309 0
    outer loop
      vertex 4.2160795781788085 -22.101463141395495 3
      vertex 4.2160795781788085 -22.101463141395495 0
      vertex 6.952882373436316 -21.398771616640953 3
    endloop
  endfacet
  facet normal 0.36812455268467914 -0.929776485888251 -1.1001747440902196e-15
    outer loop
      vertex 7.828599602362254 -21.05205063792245 1
      vertex 6.952882373436316 -21.398771616640953 0
      vertex 8.266458216825223 -20.878690148563194 0
    endloop
  endfacet
  facet normal 0.3681245526846781 -0.9297764858882513 0
    outer loop
      vertex 6.952882373436316 -21.398771616640953 3
      vertex 6.952882373436316 -21.398771616640953 0
      vertex 7.828599602362254 -21.05205063792245 1
    endloop
  endfacet
  facet normal 0.4817536741017142 -0.8763066800438641 0
    outer loop
      vertex 12.056102887027414 -18.997378323795346 3
      vertex 9.58003406021413 -20.35860868048544 0
      vertex 12.056102887027414 -18.997378323795346 0
    endloop
  endfacet
  facet normal 0.368124552684678 -0.9297764858882515 -5.893793271911892e-17
    outer loop
      vertex 6.952882373436316 -21.398771616640953 3
      vertex 7.828599602362254 -21.05205063792245 1
      vertex 9.58003406021413 -20.35860868048544 3
    endloop
  endfacet
  facet normal 0.4817536741017142 -0.8763066800438641 0
    outer loop
      vertex 9.58003406021413 -20.35860868048544 3
      vertex 9.58003406021413 -20.35860868048544 0
      vertex 12.056102887027414 -18.997378323795346 3
    endloop
  endfacet
  facet normal 0.5877852522924732 -0.8090169943749475 0
    outer loop
      vertex 12.056102887027414 -18.997378323795346 3
      vertex 12.056102887027414 -18.997378323795346 0
      vertex 14.342039769345524 -17.336547962455253 3
    endloop
  endfacet
  facet normal 0.5877852522924732 -0.8090169943749475 0
    outer loop
      vertex 14.342039769345524 -17.336547962455253 3
      vertex 12.056102887027414 -18.997378323795346 0
      vertex 14.342039769345524 -17.336547962455253 0
    endloop
  endfacet
  facet normal 0.6845471059286892 -0.7289686274214112 0
    outer loop
      vertex 14.342039769345524 -17.336547962455253 3
      vertex 14.342039769345524 -17.336547962455253 0
      vertex 16.401794116981762 -15.40230988339549 0
    endloop
  endfacet
  facet normal 0.770513242775789 -0.6374239897486899 0
    outer loop
      vertex 18.202882373436317 -13.225168176580645 3
      vertex 16.401794116981762 -15.40230988339549 0
      vertex 18.202882373436317 -13.225168176580645 0
    endloop
  endfacet
  facet normal 0.770513242775789 -0.6374239897486899 0
    outer loop
      vertex 16.401794116981762 -15.40230988339549 3
      vertex 16.401794116981762 -15.40230988339549 0
      vertex 18.202882373436317 -13.225168176580645 3
    endloop
  endfacet
  facet normal 0.8443279255020153 -0.5358267949789963 0
    outer loop
      vertex 18.202882373436317 -13.225168176580645 3
      vertex 18.202882373436317 -13.225168176580645 0
      vertex 19.71690030098693 -10.839457667288595 3
    endloop
  endfacet
  facet normal 0.6845471059286892 -0.7289686274214112 0
    outer loop
      vertex 14.342039769345524 -17.336547962455253 3
      vertex 16.401794116981762 -15.40230988339549 0
      vertex 14.342039769345524 -17.336547962455253 6
    endloop
  endfacet
  facet normal 0.6845471059286892 -0.7289686274214112 0
    outer loop
      vertex 16.401794116981762 -15.40230988339549 3
      vertex 14.342039769345524 -17.336547962455253 6
      vertex 16.401794116981762 -15.40230988339549 0
    endloop
  endfacet
  facet normal 0.6845471059286892 -0.7289686274214112 0
    outer loop
      vertex 16.401794116981762 -15.40230988339549 3
      vertex 16.401794116981762 -15.40230988339549 6
      vertex 14.342039769345524 -17.336547962455253 6
    endloop
  endfacet
  facet normal 0.8443279255020153 -0.5358267949789963 0
    outer loop
      vertex 19.71690030098693 -10.839457667288595 3
      vertex 18.202882373436317 -13.225168176580645 0
      vertex 19.71690030098693 -10.839457667288595 0
    endloop
  endfacet
  facet normal 0.9048270524660191 -0.42577929156507344 0
    outer loop
      vertex 20.919970932485654 -8.282802435405262 3
      vertex 19.71690030098693 -10.839457667288595 0
      vertex 20.919970932485654 -8.282802435405262 0
    endloop
  endfacet
  facet normal 0.9510565162951538 -0.30901699437494673 0
    outer loop
      vertex 21.7931211253942 -5.5955224612092245 3
      vertex 20.919970932485654 -8.282802435405262 0
      vertex 21.7931211253942 -5.5955224612092245 0
    endloop
  endfacet
  facet normal 0.9048270524660191 -0.42577929156507344 0
    outer loop
      vertex 19.71690030098693 -10.839457667288595 3
      vertex 19.71690030098693 -10.839457667288595 0
      vertex 20.919970932485654 -8.282802435405262 3
    endloop
  endfacet
  facet normal 0.9510565162951538 -0.30901699437494673 0
    outer loop
      vertex 20.919970932485654 -8.282802435405262 3
      vertex 20.919970932485654 -8.282802435405262 0
      vertex 21.7931211253942 -5.5955224612092245 3
    endloop
  endfacet
  facet normal 0.9980267284282716 -0.06279051952931325 0
    outer loop
      vertex 22.5 0 3
      vertex 22.322580779575752 -2.8199977551968414 0
      vertex 22.5 0 0
    endloop
  endfacet
  facet normal 0.9822872507286886 -0.18738131458572482 0
    outer loop
      vertex 21.7931211253942 -5.5955224612092245 3
      vertex 21.7931211253942 -5.5955224612092245 0
      vertex 22.322580779575752 -2.8199977551968414 3
    endloop
  endfacet
  facet normal 0.9980267284282716 -0.06279051952931325 0
    outer loop
      vertex 22.322580779575752 -2.8199977551968414 3
      vertex 22.322580779575752 -2.8199977551968414 0
      vertex 22.5 0 3
    endloop
  endfacet
  facet normal 0 1 0
    outer loop
      vertex 0.47092889646984926 22.45560138963611 0.9999999999999991
      vertex 1.4127866894095484 22.45560138963611 0
      vertex -1.4127866894095487 22.45560138963611 0
    endloop
  endfacet
  facet normal 0.12533323356430476 0.9921147013144779 3.7106091107683633e-17
    outer loop
      vertex 1.4127866894095475 22.45560138963611 3
      vertex 4.216079578178803 22.101463141395495 0
      vertex 1.4127866894095484 22.45560138963611 0
    endloop
  endfacet
  facet normal 0.24868988716485538 0.9685831611286309 0
    outer loop
      vertex 4.216079578178803 22.101463141395495 3
      vertex 6.952882373436316 21.398771616640953 0
      vertex 4.216079578178803 22.101463141395495 0
    endloop
  endfacet
  facet normal 0 1 0
    outer loop
      vertex -1.4127866894095487 22.45560138963611 3
      vertex 1.4127866894095475 22.45560138963611 3
      vertex 0.47092889646984926 22.45560138963611 0.9999999999999991
    endloop
  endfacet
  facet normal 0.1253332335643047 0.9921147013144779 0
    outer loop
      vertex 1.4127866894095475 22.45560138963611 3
      vertex 4.216079578178803 22.101463141395495 3
      vertex 4.216079578178803 22.101463141395495 0
    endloop
  endfacet
  facet normal 0.24868988716485538 0.9685831611286309 0
    outer loop
      vertex 4.216079578178803 22.101463141395495 3
      vertex 6.952882373436316 21.398771616640953 3
      vertex 6.952882373436316 21.398771616640953 0
    endloop
  endfacet
  facet normal 0.3681245526846773 0.9297764858882517 0
    outer loop
      vertex 6.952882373436316 21.398771616640953 3
      vertex 9.580034060214135 20.35860868048544 0
      vertex 6.952882373436316 21.398771616640953 0
    endloop
  endfacet
  facet normal 0.48175367410171527 0.8763066800438635 0
    outer loop
      vertex 9.580034060214135 20.35860868048544 3
      vertex 12.056102887027425 18.99737832379534 0
      vertex 9.580034060214135 20.35860868048544 0
    endloop
  endfacet
  facet normal 0.3681245526846773 0.9297764858882517 0
    outer loop
      vertex 6.952882373436316 21.398771616640953 3
      vertex 9.580034060214135 20.35860868048544 3
      vertex 9.580034060214135 20.35860868048544 0
    endloop
  endfacet
  facet normal 0.48175367410171527 0.8763066800438635 0
    outer loop
      vertex 9.580034060214135 20.35860868048544 3
      vertex 12.056102887027425 18.99737832379534 3
      vertex 12.056102887027425 18.99737832379534 0
    endloop
  endfacet
  facet normal 0.9980267284282716 0.06279051952931315 0
    outer loop
      vertex 22.411290389787876 1.409998877598423 3
      vertex 22.411290389787876 1.409998877598423 0
      vertex 22.322580779575752 2.819997755196846 0
    endloop
  endfacet
  facet normal 0.9822872507286886 0.1873813145857246 0
    outer loop
      vertex 21.7931211253942 5.5955224612092325 3
      vertex 22.322580779575752 2.819997755196846 0
      vertex 21.7931211253942 5.5955224612092325 0
    endloop
  endfacet
  facet normal 0.9980267284282716 0.06279051952931315 0
    outer loop
      vertex 22.411290389787876 1.409998877598423 3
      vertex 22.322580779575752 2.819997755196846 0
      vertex 22.322580779575752 2.819997755196846 3
    endloop
  endfacet
  facet normal 0.9822872507286886 0.1873813145857246 0
    outer loop
      vertex 22.322580779575752 2.819997755196846 3
      vertex 22.322580779575752 2.819997755196846 0
      vertex 21.7931211253942 5.5955224612092325 3
    endloop
  endfacet
  facet normal 0.9510565162951533 0.30901699437494834 0
    outer loop
      vertex 20.919970932485654 8.282802435405255 3
      vertex 21.7931211253942 5.5955224612092325 0
      vertex 20.919970932485654 8.282802435405255 0
    endloop
  endfacet
  facet normal 0.9048270524660201 0.42577929156507144 0
    outer loop
      vertex 19.716900300986932 10.839457667288595 3
      vertex 20.919970932485654 8.282802435405255 0
      vertex 19.716900300986932 10.839457667288595 0
    endloop
  endfacet
  facet normal 0.9048270524660201 0.42577929156507144 0
    outer loop
      vertex 20.919970932485654 8.282802435405255 3
      vertex 20.919970932485654 8.282802435405255 0
      vertex 19.716900300986932 10.839457667288595 3
    endloop
  endfacet
  facet normal 0.8443279255020147 0.5358267949789972 0
    outer loop
      vertex 19.716900300986932 10.839457667288595 3
      vertex 19.716900300986932 10.839457667288595 0
      vertex 18.202882373436317 13.225168176580645 3
    endloop
  endfacet
  facet normal 0.9510565162951533 0.30901699437494834 0
    outer loop
      vertex 21.7931211253942 5.5955224612092325 3
      vertex 21.7931211253942 5.5955224612092325 0
      vertex 20.919970932485654 8.282802435405255 3
    endloop
  endfacet
  facet normal 0.9980267284282716 0.06279051952931315 0
    outer loop
      vertex 22.411290389787876 1.409998877598423 3
      vertex 22.322580779575752 2.819997755196846 3
      vertex 22.411290389787876 1.409998877598423 6
    endloop
  endfacet
  facet normal 0.9980267284282716 0.06279051952931315 0
    outer loop
      vertex 22.411290389787876 1.409998877598423 3
      vertex 22.411290389787876 1.409998877598423 6
      vertex 22.5 0 6
    endloop
  endfacet
  facet normal 0.9822872507286886 0.18738131458572455 0
    outer loop
      vertex 21.7931211253942 5.5955224612092325 3
      vertex 21.7931211253942 5.5955224612092325 6
      vertex 22.057850952484976 4.207760108203039 6
    endloop
  endfacet
  facet normal 0.6845471059286884 0.7289686274214117 0
    outer loop
      vertex 14.342039769345519 17.336547962455256 3
      vertex 16.40179411698176 15.402309883395496 0
      vertex 14.342039769345519 17.336547962455256 0
    endloop
  endfacet
  facet normal 0.7705132427757891 0.6374239897486897 0
    outer loop
      vertex 16.40179411698176 15.402309883395496 3
      vertex 18.202882373436317 13.225168176580645 0
      vertex 16.40179411698176 15.402309883395496 0
    endloop
  endfacet
  facet normal 0.7705132427757891 0.6374239897486897 0
    outer loop
      vertex 16.40179411698176 15.402309883395496 3
      vertex 18.202882373436317 13.225168176580645 3
      vertex 18.202882373436317 13.225168176580645 0
    endloop
  endfacet
  facet normal 0.6845471059286884 0.7289686274214117 0
    outer loop
      vertex 16.40179411698176 15.402309883395496 3
      vertex 16.40179411698176 15.402309883395496 0
      vertex 14.342039769345519 17.336547962455256 3
    endloop
  endfacet
  facet normal 0.5877852522924734 0.8090169943749472 0
    outer loop
      vertex 12.056102887027425 18.99737832379534 3
      vertex 13.199071328186472 18.166963143125297 3
      vertex 12.056102887027425 18.99737832379534 0
    endloop
  endfacet
  facet normal 0.8443279255020147 0.5358267949789972 0
    outer loop
      vertex 18.202882373436317 13.225168176580645 3
      vertex 19.716900300986932 10.839457667288595 0
      vertex 18.202882373436317 13.225168176580645 0
    endloop
  endfacet
  facet normal 0.5877852522924734 0.8090169943749472 0
    outer loop
      vertex 13.199071328186472 18.166963143125297 3
      vertex 14.342039769345519 17.336547962455256 6
      vertex 14.342039769345519 17.336547962455256 3
    endloop
  endfacet
  facet normal -0.6845471059286893 -0.7289686274214111 0
    outer loop
      vertex -14.342039769345517 -17.33654796245526 3
      vertex -16.401794116981762 -15.40230988339549 9
      vertex -16.401794116981762 -15.40230988339549 3
    endloop
  endfacet
  facet normal -0.770513242775789 -0.6374239897486899 0
    outer loop
      vertex -18.202882373436317 -13.225168176580645 3
      vertex -16.401794116981762 -15.40230988339549 3
      vertex -18.202882373436317 -13.225168176580645 9
    endloop
  endfacet
  facet normal -0.5877852522924731 -0.8090169943749473 0
    outer loop
      vertex -14.342039769345517 -17.33654796245526 3
      vertex -12.056102887027427 -18.99737832379534 3
      vertex -14.342039769345517 -17.33654796245526 9
    endloop
  endfacet
  facet normal -0.9510565162951534 -0.3090169943749477 0
    outer loop
      vertex -20.919970932485658 -8.282802435405252 3
      vertex -21.7931211253942 -5.595522461209234 9
      vertex -21.7931211253942 -5.595522461209234 3
    endloop
  endfacet
  facet normal -0.8443279255020153 -0.5358267949789963 0
    outer loop
      vertex -18.202882373436317 -13.225168176580645 3
      vertex -19.71690030098693 -10.839457667288595 9
      vertex -19.71690030098693 -10.839457667288595 3
    endloop
  endfacet
  facet normal -0.9048270524660195 -0.4257792915650731 0
    outer loop
      vertex -19.71690030098693 -10.839457667288595 3
      vertex -20.919970932485658 -8.282802435405252 9
      vertex -20.919970932485658 -8.282802435405252 3
    endloop
  endfacet
  facet normal -0.9822872507286886 -0.18738131458572416 0
    outer loop
      vertex -21.7931211253942 -5.595522461209234 3
      vertex -22.322580779575752 -2.8199977551968414 9
      vertex -22.322580779575752 -2.8199977551968414 3
    endloop
  endfacet
  facet normal -0.9980267284282716 -0.06279051952931325 0
    outer loop
      vertex -22.322580779575752 -2.8199977551968414 3
      vertex -22.5 0 9
      vertex -22.5 0 3
    endloop
  endfacet
  facet normal -0.48175367410171427 -0.8763066800438641 0
    outer loop
      vertex -12.056102887027427 -18.99737832379534 3
      vertex -9.58003406021413 -20.35860868048544 3
      vertex -12.056102887027427 -18.99737832379534 9
    endloop
  endfacet
  facet normal -0.3681245526846779 -0.9297764858882513 0
    outer loop
      vertex -9.58003406021413 -20.35860868048544 3
      vertex -6.952882373436316 -21.398771616640953 3
      vertex -9.58003406021413 -20.35860868048544 9
    endloop
  endfacet
  facet normal -0.2486898871648558 -0.9685831611286309 0
    outer loop
      vertex -6.952882373436316 -21.398771616640953 3
      vertex -4.2160795781788085 -22.101463141395495 3
      vertex -6.952882373436316 -21.398771616640953 9
    endloop
  endfacet
  facet normal -0.12533323356430498 -0.9921147013144778 0
    outer loop
      vertex -4.2160795781788085 -22.101463141395495 3
      vertex -1.4127866894095598 -22.45560138963611 3
      vertex -4.2160795781788085 -22.101463141395495 9
    endloop
  endfacet
  facet normal 0 -1 0
    outer loop
      vertex -1.4127866894095598 -22.45560138963611 3
      vertex 1.4127866894095598 -22.45560138963611 3
      vertex -1.4127866894095598 -22.45560138963611 9
    endloop
  endfacet
  facet normal -0.8443279255020153 -0.5358267949789963 0
    outer loop
      vertex -18.202882373436317 -13.225168176580645 3
      vertex -18.202882373436317 -13.225168176580645 9
      vertex -19.71690030098693 -10.839457667288595 9
    endloop
  endfacet
  facet normal -0.5877852522924731 -0.8090169943749473 0
    outer loop
      vertex -12.056102887027427 -18.99737832379534 3
      vertex -12.056102887027427 -18.99737832379534 9
      vertex -14.342039769345517 -17.33654796245526 9
    endloop
  endfacet
  facet normal -0.770513242775789 -0.6374239897486899 0
    outer loop
      vertex -16.401794116981762 -15.40230988339549 3
      vertex -16.401794116981762 -15.40230988339549 9
      vertex -18.202882373436317 -13.225168176580645 9
    endloop
  endfacet
  facet normal -0.6845471059286893 -0.7289686274214111 0
    outer loop
      vertex -14.342039769345517 -17.33654796245526 3
      vertex -14.342039769345517 -17.33654796245526 9
      vertex -16.401794116981762 -15.40230988339549 9
    endloop
  endfacet
  facet normal -0.9048270524660195 -0.4257792915650731 0
    outer loop
      vertex -19.71690030098693 -10.839457667288595 3
      vertex -19.71690030098693 -10.839457667288595 9
      vertex -20.919970932485658 -8.282802435405252 9
    endloop
  endfacet
  facet normal -0.9510565162951534 -0.3090169943749477 0
    outer loop
      vertex -20.919970932485658 -8.282802435405252 3
      vertex -20.919970932485658 -8.282802435405252 9
      vertex -21.7931211253942 -5.595522461209234 9
    endloop
  endfacet
  facet normal -0.9822872507286886 -0.18738131458572416 0
    outer loop
      vertex -21.7931211253942 -5.595522461209234 3
      vertex -21.7931211253942 -5.595522461209234 9
      vertex -22.322580779575752 -2.8199977551968414 9
    endloop
  endfacet
  facet normal -0.9980267284282716 -0.06279051952931325 0
    outer loop
      vertex -22.322580779575752 -2.8199977551968414 3
      vertex -22.322580779575752 -2.8199977551968414 9
      vertex -22.5 0 9
    endloop
  endfacet
  facet normal -0.48175367410171427 -0.8763066800438641 0
    outer loop
      vertex -9.58003406021413 -20.35860868048544 3
      vertex -9.58003406021413 -20.35860868048544 9
      vertex -12.056102887027427 -18.99737832379534 9
    endloop
  endfacet
  facet normal -0.3681245526846779 -0.9297764858882513 0
    outer loop
      vertex -6.952882373436316 -21.398771616640953 3
      vertex -6.952882373436316 -21.398771616640953 9
      vertex -9.58003406021413 -20.35860868048544 9
    endloop
  endfacet
  facet normal -0.2486898871648558 -0.9685831611286309 0
    outer loop
      vertex -4.2160795781788085 -22.101463141395495 3
      vertex -4.2160795781788085 -22.101463141395495 9
      vertex -6.952882373436316 -21.398771616640953 9
    endloop
  endfacet
  facet normal -0.12533323356430498 -0.9921147013144778 0
    outer loop
      vertex -1.4127866894095598 -22.45560138963611 3
      vertex -1.4127866894095598 -22.45560138963611 9
      vertex -4.2160795781788085 -22.101463141395495 9
    endloop
  endfacet
  facet normal -0.9822872507286886 0.1873813145857242 0
    outer loop
      vertex -22.057850952484976 4.207760108203038 3
      vertex -21.7931211253942 5.595522461209234 6
      vertex -21.7931211253942 5.595522461209234 3
    endloop
  endfacet
  facet normal -0.9980267284282716 0.06279051952931325 0
    outer loop
      vertex -22.5 0 3
      vertex -22.322580779575752 2.8199977551968414 9
      vertex -22.322580779575752 2.8199977551968414 3
    endloop
  endfacet
  facet normal -0.9510565162951534 0.3090169943749477 0
    outer loop
      vertex -21.7931211253942 5.595522461209234 3
      vertex -20.919970932485658 8.282802435405252 9
      vertex -20.919970932485658 8.282802435405252 3
    endloop
  endfacet
  facet normal -0.9048270524660195 0.4257792915650731 0
    outer loop
      vertex -20.919970932485658 8.282802435405252 3
      vertex -19.71690030098693 10.839457667288595 9
      vertex -19.71690030098693 10.839457667288595 3
    endloop
  endfacet
  facet normal -0.8443279255020153 0.5358267949789963 0
    outer loop
      vertex -19.71690030098693 10.839457667288595 3
      vertex -18.202882373436317 13.225168176580645 9
      vertex -18.202882373436317 13.225168176580645 3
    endloop
  endfacet
  facet normal -0.770513242775789 0.6374239897486899 0
    outer loop
      vertex -18.202882373436317 13.225168176580645 3
      vertex -16.401794116981762 15.40230988339549 9
      vertex -16.401794116981762 15.40230988339549 3
    endloop
  endfacet
  facet normal -0.6845471059286893 0.7289686274214111 0
    outer loop
      vertex -16.401794116981762 15.40230988339549 3
      vertex -14.342039769345517 17.33654796245526 9
      vertex -14.342039769345517 17.33654796245526 3
    endloop
  endfacet
  facet normal -0.5877852522924731 0.8090169943749473 0
    outer loop
      vertex -14.342039769345517 17.33654796245526 3
      vertex -12.056102887027427 18.99737832379534 9
      vertex -12.056102887027427 18.99737832379534 3
    endloop
  endfacet
  facet normal -0.4817536741017151 0.8763066800438637 0
    outer loop
      vertex -12.056102887027427 18.99737832379534 3
      vertex -9.580034060214135 20.35860868048544 9
      vertex -9.580034060214135 20.35860868048544 3
    endloop
  endfacet
  facet normal -0.3681245526846773 0.9297764858882517 0
    outer loop
      vertex -9.580034060214135 20.35860868048544 3
      vertex -6.952882373436316 21.398771616640953 9
      vertex -6.952882373436316 21.398771616640953 3
    endloop
  endfacet
  facet normal -0.24868988716485527 0.9685831611286309 0
    outer loop
      vertex -5.58448097580756 21.750117379018224 3
      vertex -4.216079578178803 22.101463141395495 6
      vertex -4.216079578178803 22.101463141395495 3
    endloop
  endfacet
  facet normal -0.12533323356430473 0.9921147013144779 1.9645977573039598e-17
    outer loop
      vertex -4.216079578178803 22.101463141395495 3
      vertex -1.4127866894095475 22.45560138963611 9
      vertex -1.4127866894095487 22.45560138963611 3
    endloop
  endfacet
  facet normal -0.9980267284282716 0.06279051952931325 0
    outer loop
      vertex -22.5 0 3
      vertex -22.5 0 9
      vertex -22.322580779575752 2.8199977551968414 9
    endloop
  endfacet
  facet normal -0.9822872507286886 0.18738131458572416 0
    outer loop
      vertex -22.322580779575752 2.8199977551968414 3
      vertex -22.322580779575752 2.8199977551968414 9
      vertex -22.057850952484976 4.207760108203038 6
    endloop
  endfacet
  facet normal -0.9822872507286886 0.1873813145857242 0
    outer loop
      vertex -22.057850952484976 4.207760108203038 6
      vertex -21.7931211253942 5.595522461209234 9
      vertex -21.7931211253942 5.595522461209234 6
    endloop
  endfacet
  facet normal -0.9822872507286886 0.18738131458572416 1.3097318382026378e-17
    outer loop
      vertex -22.322580779575752 2.8199977551968414 9
      vertex -21.7931211253942 5.595522461209234 9
      vertex -22.057850952484976 4.207760108203038 6
    endloop
  endfacet
  facet normal -0.9510565162951534 0.3090169943749477 0
    outer loop
      vertex -21.7931211253942 5.595522461209234 3
      vertex -21.7931211253942 5.595522461209234 6
      vertex -20.919970932485658 8.282802435405252 9
    endloop
  endfacet
  facet normal -0.9048270524660195 0.4257792915650731 0
    outer loop
      vertex -20.919970932485658 8.282802435405252 3
      vertex -20.919970932485658 8.282802435405252 9
      vertex -19.71690030098693 10.839457667288595 9
    endloop
  endfacet
  facet normal -0.8443279255020153 0.5358267949789963 0
    outer loop
      vertex -19.71690030098693 10.839457667288595 3
      vertex -19.71690030098693 10.839457667288595 9
      vertex -18.202882373436317 13.225168176580645 9
    endloop
  endfacet
  facet normal -0.9510565162951534 0.3090169943749477 0
    outer loop
      vertex -21.7931211253942 5.595522461209234 6
      vertex -21.7931211253942 5.595522461209234 9
      vertex -20.919970932485658 8.282802435405252 9
    endloop
  endfacet
  facet normal -0.770513242775789 0.6374239897486899 0
    outer loop
      vertex -18.202882373436317 13.225168176580645 3
      vertex -18.202882373436317 13.225168176580645 9
      vertex -16.401794116981762 15.40230988339549 9
    endloop
  endfacet
  facet normal -0.6845471059286893 0.7289686274214111 0
    outer loop
      vertex -16.401794116981762 15.40230988339549 3
      vertex -16.401794116981762 15.40230988339549 9
      vertex -14.342039769345517 17.33654796245526 9
    endloop
  endfacet
  facet normal -0.5877852522924731 0.8090169943749473 0
    outer loop
      vertex -14.342039769345517 17.33654796245526 3
      vertex -14.342039769345517 17.33654796245526 9
      vertex -12.056102887027427 18.99737832379534 9
    endloop
  endfacet
  facet normal -0.4817536741017151 0.8763066800438637 0
    outer loop
      vertex -12.056102887027427 18.99737832379534 3
      vertex -12.056102887027427 18.99737832379534 9
      vertex -9.580034060214135 20.35860868048544 9
    endloop
  endfacet
  facet normal -0.3681245526846773 0.9297764858882517 0
    outer loop
      vertex -9.580034060214135 20.35860868048544 3
      vertex -9.580034060214135 20.35860868048544 9
      vertex -6.952882373436316 21.398771616640953 9
    endloop
  endfacet
  facet normal -0.24868988716485543 0.9685831611286309 0
    outer loop
      vertex -6.952882373436316 21.398771616640953 3
      vertex -6.952882373436316 21.398771616640953 9
      vertex -5.58448097580756 21.750117379018224 6
    endloop
  endfacet
  facet normal -0.1253332335643047 0.9921147013144779 0
    outer loop
      vertex -4.216079578178803 22.101463141395495 3
      vertex -4.216079578178803 22.101463141395495 6
      vertex -1.4127866894095475 22.45560138963611 9
    endloop
  endfacet
  facet normal -0.24868988716485527 0.9685831611286309 0
    outer loop
      vertex -5.58448097580756 21.750117379018224 6
      vertex -4.216079578178803 22.101463141395495 9
      vertex -4.216079578178803 22.101463141395495 6
    endloop
  endfacet
  facet normal 0 1 0
    outer loop
      vertex -1.4127866894095487 22.45560138963611 3
      vertex -1.4127866894095475 22.45560138963611 9
      vertex 1.4127866894095487 22.45560138963611 9
    endloop
  endfacet
  facet normal -0.24868988716485538 0.9685831611286309 3.929195514607921e-17
    outer loop
      vertex -6.952882373436316 21.398771616640953 9
      vertex -4.216079578178803 22.101463141395495 9
      vertex -5.58448097580756 21.750117379018224 6
    endloop
  endfacet
  facet normal -0.1253332335643047 0.9921147013144779 0
    outer loop
      vertex -4.216079578178803 22.101463141395495 6
      vertex -4.216079578178803 22.101463141395495 9
      vertex -1.4127866894095475 22.45560138963611 9
    endloop
  endfacet
  facet normal 0.12533323356430498 -0.9921147013144778 0
    outer loop
      vertex 1.4127866894095598 -22.45560138963611 3
      vertex 4.2160795781788085 -22.101463141395495 3
      vertex 1.4127866894095598 -22.45560138963611 9
    endloop
  endfacet
  facet normal 0.2486898871648558 -0.9685831611286309 0
    outer loop
      vertex 4.2160795781788085 -22.101463141395495 3
      vertex 6.952882373436316 -21.398771616640953 3
      vertex 4.2160795781788085 -22.101463141395495 9
    endloop
  endfacet
  facet normal 0.3681245526846779 -0.9297764858882513 0
    outer loop
      vertex 6.952882373436316 -21.398771616640953 3
      vertex 9.58003406021413 -20.35860868048544 3
      vertex 6.952882373436316 -21.398771616640953 9
    endloop
  endfacet
  facet normal 0.4817536741017142 -0.8763066800438641 0
    outer loop
      vertex 9.58003406021413 -20.35860868048544 3
      vertex 12.056102887027414 -18.997378323795346 3
      vertex 9.58003406021413 -20.35860868048544 9
    endloop
  endfacet
  facet normal 0.5877852522924732 -0.8090169943749475 0
    outer loop
      vertex 12.056102887027414 -18.997378323795346 3
      vertex 14.342039769345524 -17.336547962455253 3
      vertex 12.056102887027414 -18.997378323795346 9
    endloop
  endfacet
  facet normal 0.770513242775789 -0.6374239897486899 0
    outer loop
      vertex 16.401794116981762 -15.40230988339549 3
      vertex 18.202882373436317 -13.225168176580645 3
      vertex 16.401794116981762 -15.40230988339549 6
    endloop
  endfacet
  facet normal 0.8443279255020153 -0.5358267949789963 0
    outer loop
      vertex 18.202882373436317 -13.225168176580645 3
      vertex 19.71690030098693 -10.839457667288595 3
      vertex 18.202882373436317 -13.225168176580645 9
    endloop
  endfacet
  facet normal 0.9048270524660191 -0.42577929156507344 0
    outer loop
      vertex 19.71690030098693 -10.839457667288595 3
      vertex 20.919970932485654 -8.282802435405262 3
      vertex 19.71690030098693 -10.839457667288595 9
    endloop
  endfacet
  facet normal 0.9510565162951538 -0.30901699437494673 0
    outer loop
      vertex 20.919970932485654 -8.282802435405262 3
      vertex 21.7931211253942 -5.5955224612092245 3
      vertex 20.919970932485654 -8.282802435405262 9
    endloop
  endfacet
  facet normal 0.9822872507286886 -0.18738131458572482 0
    outer loop
      vertex 21.7931211253942 -5.5955224612092245 3
      vertex 22.322580779575752 -2.8199977551968414 3
      vertex 21.7931211253942 -5.5955224612092245 9
    endloop
  endfacet
  facet normal 0.9980267284282716 -0.06279051952931325 0
    outer loop
      vertex 22.322580779575752 -2.8199977551968414 3
      vertex 22.5 0 3
      vertex 22.322580779575752 -2.8199977551968414 9
    endloop
  endfacet
  facet normal 0 -1 0
    outer loop
      vertex -1.4127866894095598 -22.45560138963611 9
      vertex 1.4127866894095598 -22.45560138963611 3
      vertex 1.4127866894095598 -22.45560138963611 9
    endloop
  endfacet
  facet normal 0.12533323356430498 -0.9921147013144778 0
    outer loop
      vertex 4.2160795781788085 -22.101463141395495 3
      vertex 4.2160795781788085 -22.101463141395495 9
      vertex 1.4127866894095598 -22.45560138963611 9
    endloop
  endfacet
  facet normal 0.2486898871648558 -0.9685831611286309 0
    outer loop
      vertex 6.952882373436316 -21.398771616640953 3
      vertex 6.952882373436316 -21.398771616640953 9
      vertex 4.2160795781788085 -22.101463141395495 9
    endloop
  endfacet
  facet normal 0.3681245526846779 -0.9297764858882513 0
    outer loop
      vertex 9.58003406021413 -20.35860868048544 3
      vertex 9.58003406021413 -20.35860868048544 9
      vertex 6.952882373436316 -21.398771616640953 9
    endloop
  endfacet
  facet normal 0.4817536741017142 -0.8763066800438641 0
    outer loop
      vertex 12.056102887027414 -18.997378323795346 3
      vertex 12.056102887027414 -18.997378323795346 9
      vertex 9.58003406021413 -20.35860868048544 9
    endloop
  endfacet
  facet normal 0.5877852522924732 -0.8090169943749475 0
    outer loop
      vertex 14.342039769345524 -17.336547962455253 3
      vertex 14.342039769345524 -17.336547962455253 6
      vertex 12.056102887027414 -18.997378323795346 9
    endloop
  endfacet
  facet normal 0.6845471059286892 -0.7289686274214112 0
    outer loop
      vertex 14.342039769345524 -17.336547962455253 6
      vertex 16.401794116981762 -15.40230988339549 6
      vertex 14.342039769345524 -17.336547962455253 9
    endloop
  endfacet
  facet normal 0.770513242775789 -0.6374239897486899 0
    outer loop
      vertex 18.202882373436317 -13.225168176580645 3
      vertex 16.401794116981762 -15.40230988339549 9
      vertex 16.401794116981762 -15.40230988339549 6
    endloop
  endfacet
  facet normal 0.770513242775789 -0.6374239897486899 0
    outer loop
      vertex 18.202882373436317 -13.225168176580645 3
      vertex 18.202882373436317 -13.225168176580645 9
      vertex 16.401794116981762 -15.40230988339549 9
    endloop
  endfacet
  facet normal 0.5877852522924732 -0.8090169943749475 0
    outer loop
      vertex 12.056102887027414 -18.997378323795346 9
      vertex 14.342039769345524 -17.336547962455253 6
      vertex 14.342039769345524 -17.336547962455253 9
    endloop
  endfacet
  facet normal 0.6845471059286892 -0.7289686274214112 0
    outer loop
      vertex 14.342039769345524 -17.336547962455253 9
      vertex 16.401794116981762 -15.40230988339549 6
      vertex 16.401794116981762 -15.40230988339549 9
    endloop
  endfacet
  facet normal 0.8443279255020153 -0.5358267949789963 0
    outer loop
      vertex 19.71690030098693 -10.839457667288595 3
      vertex 19.71690030098693 -10.839457667288595 9
      vertex 18.202882373436317 -13.225168176580645 9
    endloop
  endfacet
  facet normal 0.9048270524660191 -0.42577929156507344 0
    outer loop
      vertex 20.919970932485654 -8.282802435405262 3
      vertex 20.919970932485654 -8.282802435405262 9
      vertex 19.71690030098693 -10.839457667288595 9
    endloop
  endfacet
  facet normal 0.9510565162951538 -0.30901699437494673 0
    outer loop
      vertex 21.7931211253942 -5.5955224612092245 3
      vertex 21.7931211253942 -5.5955224612092245 9
      vertex 20.919970932485654 -8.282802435405262 9
    endloop
  endfacet
  facet normal 0.9822872507286886 -0.18738131458572482 0
    outer loop
      vertex 22.322580779575752 -2.8199977551968414 3
      vertex 22.322580779575752 -2.8199977551968414 9
      vertex 21.7931211253942 -5.5955224612092245 9
    endloop
  endfacet
  facet normal 0.9980267284282716 -0.06279051952931325 0
    outer loop
      vertex 22.322580779575752 -2.8199977551968414 9
      vertex 22.5 0 3
      vertex 22.5 0 6
    endloop
  endfacet
  facet normal 0.9980267284282716 -0.06279051952931325 0
    outer loop
      vertex 22.322580779575752 -2.8199977551968414 9
      vertex 22.5 0 6
      vertex 22.5 0 9
    endloop
  endfacet
  facet normal 0 1 0
    outer loop
      vertex -1.4127866894095487 22.45560138963611 3
      vertex 1.4127866894095487 22.45560138963611 9
      vertex 1.4127866894095475 22.45560138963611 3
    endloop
  endfacet
  facet normal 0.1253332335643047 0.9921147013144779 0
    outer loop
      vertex 1.4127866894095475 22.45560138963611 3
      vertex 4.216079578178803 22.101463141395495 9
      vertex 4.216079578178803 22.101463141395495 3
    endloop
  endfacet
  facet normal 0.24868988716485538 0.9685831611286309 0
    outer loop
      vertex 4.216079578178803 22.101463141395495 3
      vertex 6.952882373436316 21.398771616640953 9
      vertex 6.952882373436316 21.398771616640953 3
    endloop
  endfacet
  facet normal 0.3681245526846773 0.9297764858882517 0
    outer loop
      vertex 6.952882373436316 21.398771616640953 3
      vertex 9.580034060214135 20.35860868048544 9
      vertex 9.580034060214135 20.35860868048544 3
    endloop
  endfacet
  facet normal 0.48175367410171527 0.8763066800438635 0
    outer loop
      vertex 9.580034060214135 20.35860868048544 3
      vertex 12.056102887027425 18.99737832379534 9
      vertex 12.056102887027425 18.99737832379534 3
    endloop
  endfacet
  facet normal 0.9980267284282716 0.06279051952931315 0
    outer loop
      vertex 22.5 0 3
      vertex 22.411290389787876 1.409998877598423 3
      vertex 22.5 0 6
    endloop
  endfacet
  facet normal 0.9822872507286886 0.1873813145857246 2.6194636764052815e-17
    outer loop
      vertex 22.322580779575752 2.819997755196846 3
      vertex 21.7931211253942 5.5955224612092325 3
      vertex 22.057850952484976 4.207760108203039 6
    endloop
  endfacet
  facet normal 0.9510565162951533 0.30901699437494834 0
    outer loop
      vertex 21.7931211253942 5.5955224612092325 3
      vertex 20.919970932485654 8.282802435405255 3
      vertex 21.7931211253942 5.5955224612092325 6
    endloop
  endfacet
  facet normal 0.9048270524660201 0.42577929156507144 0
    outer loop
      vertex 20.919970932485654 8.282802435405255 3
      vertex 19.716900300986932 10.839457667288595 3
      vertex 20.919970932485654 8.282802435405255 9
    endloop
  endfacet
  facet normal 0.8443279255020147 0.5358267949789972 0
    outer loop
      vertex 19.716900300986932 10.839457667288595 3
      vertex 18.202882373436317 13.225168176580645 3
      vertex 19.716900300986932 10.839457667288595 9
    endloop
  endfacet
  facet normal 0.5877852522924734 0.8090169943749472 0
    outer loop
      vertex 12.056102887027425 18.99737832379534 3
      vertex 14.342039769345519 17.336547962455256 6
      vertex 13.199071328186472 18.166963143125297 3
    endloop
  endfacet
  facet normal 0.7705132427757891 0.6374239897486897 0
    outer loop
      vertex 16.40179411698176 15.402309883395496 3
      vertex 18.202882373436317 13.225168176580645 9
      vertex 18.202882373436317 13.225168176580645 3
    endloop
  endfacet
  facet normal 0.6845471059286884 0.7289686274214117 0
    outer loop
      vertex 16.40179411698176 15.402309883395496 3
      vertex 14.342039769345519 17.336547962455256 3
      vertex 16.40179411698176 15.402309883395496 9
    endloop
  endfacet
  facet normal 0.12533323356430476 0.9921147013144779 -2.319130694230227e-17
    outer loop
      vertex 1.4127866894095475 22.45560138963611 3
      vertex 1.4127866894095487 22.45560138963611 9
      vertex 4.216079578178803 22.101463141395495 9
    endloop
  endfacet
  facet normal 0.24868988716485538 0.9685831611286309 0
    outer loop
      vertex 4.216079578178803 22.101463141395495 3
      vertex 4.216079578178803 22.101463141395495 9
      vertex 6.952882373436316 21.398771616640953 9
    endloop
  endfacet
  facet normal 0.3681245526846773 0.9297764858882517 0
    outer loop
      vertex 6.952882373436316 21.398771616640953 3
      vertex 6.952882373436316 21.398771616640953 9
      vertex 9.580034060214135 20.35860868048544 9
    endloop
  endfacet
  facet normal 0.48175367410171527 0.8763066800438635 0
    outer loop
      vertex 9.580034060214135 20.35860868048544 3
      vertex 9.580034060214135 20.35860868048544 9
      vertex 12.056102887027425 18.99737832379534 9
    endloop
  endfacet
  facet normal 0.9980267284282716 0.06279051952931315 0
    outer loop
      vertex 22.322580779575752 2.819997755196846 3
      vertex 22.322580779575752 2.819997755196846 9
      vertex 22.411290389787876 1.409998877598423 6
    endloop
  endfacet
  facet normal 0.9980267284282716 0.06279051952931315 0
    outer loop
      vertex 22.5 0 6
      vertex 22.411290389787876 1.409998877598423 6
      vertex 22.5 0 9
    endloop
  endfacet
  facet normal 0.9822872507286886 0.18738131458572463 0
    outer loop
      vertex 22.322580779575752 2.819997755196846 3
      vertex 22.057850952484976 4.207760108203039 6
      vertex 22.322580779575752 2.819997755196846 9
    endloop
  endfacet
  facet normal 0.9822872507286886 0.18738131458572455 0
    outer loop
      vertex 21.7931211253942 5.5955224612092325 6
      vertex 21.7931211253942 5.5955224612092325 9
      vertex 22.057850952484976 4.207760108203039 6
    endloop
  endfacet
  facet normal 0.9980267284282716 0.06279051952931315 0
    outer loop
      vertex 22.5 0 9
      vertex 22.411290389787876 1.409998877598423 6
      vertex 22.322580779575752 2.819997755196846 9
    endloop
  endfacet
  facet normal 0.9822872507286886 0.1873813145857246 -2.6194636764052815e-17
    outer loop
      vertex 22.322580779575752 2.819997755196846 9
      vertex 22.057850952484976 4.207760108203039 6
      vertex 21.7931211253942 5.5955224612092325 9
    endloop
  endfacet
  facet normal 0.9510565162951533 0.30901699437494834 0
    outer loop
      vertex 20.919970932485654 8.282802435405255 3
      vertex 20.919970932485654 8.282802435405255 9
      vertex 21.7931211253942 5.5955224612092325 9
    endloop
  endfacet
  facet normal 0.9048270524660201 0.42577929156507144 0
    outer loop
      vertex 19.716900300986932 10.839457667288595 3
      vertex 19.716900300986932 10.839457667288595 9
      vertex 20.919970932485654 8.282802435405255 9
    endloop
  endfacet
  facet normal 0.9510565162951533 0.30901699437494834 0
    outer loop
      vertex 20.919970932485654 8.282802435405255 3
      vertex 21.7931211253942 5.5955224612092325 9
      vertex 21.7931211253942 5.5955224612092325 6
    endloop
  endfacet
  facet normal 0.5877852522924734 0.8090169943749472 0
    outer loop
      vertex 12.056102887027425 18.99737832379534 3
      vertex 14.342039769345519 17.336547962455256 9
      vertex 14.342039769345519 17.336547962455256 6
    endloop
  endfacet
  facet normal 0.6845471059286884 0.7289686274214117 0
    outer loop
      vertex 14.342039769345519 17.336547962455256 3
      vertex 14.342039769345519 17.336547962455256 6
      vertex 16.40179411698176 15.402309883395496 9
    endloop
  endfacet
  facet normal 0.7705132427757891 0.6374239897486897 0
    outer loop
      vertex 16.40179411698176 15.402309883395496 3
      vertex 16.40179411698176 15.402309883395496 9
      vertex 18.202882373436317 13.225168176580645 9
    endloop
  endfacet
  facet normal 0.6845471059286884 0.7289686274214117 0
    outer loop
      vertex 16.40179411698176 15.402309883395496 9
      vertex 14.342039769345519 17.336547962455256 6
      vertex 14.342039769345519 17.336547962455256 9
    endloop
  endfacet
  facet normal 0.5877852522924734 0.8090169943749472 0
    outer loop
      vertex 12.056102887027425 18.99737832379534 3
      vertex 12.056102887027425 18.99737832379534 9
      vertex 14.342039769345519 17.336547962455256 9
    endloop
  endfacet
  facet normal 0.8443279255020147 0.5358267949789972 0
    outer loop
      vertex 18.202882373436317 13.225168176580645 3
      vertex 18.202882373436317 13.225168176580645 9
      vertex 19.716900300986932 10.839457667288595 9
    endloop
  endfacet
  facet normal 0.8443279255020154 0.5358267949789962 0
    outer loop
      vertex -9.252613360087727 -0.9635073482034308 6
      vertex -9.118033988749895 -1.1755705045849463 0
      vertex -9.252613360087727 -0.9635073482034308 0
    endloop
  endfacet
  facet normal 0.9048270524660182 0.4257792915650753 0
    outer loop
      vertex -9.359552971776504 -0.7362491053693557 6
      vertex -9.252613360087727 -0.9635073482034308 0
      vertex -9.359552971776504 -0.7362491053693557 0
    endloop
  endfacet
  facet normal 0.9510565162951545 0.30901699437494473 0
    outer loop
      vertex -9.437166322257262 -0.4973797743297097 6
      vertex -9.359552971776504 -0.7362491053693557 0
      vertex -9.437166322257262 -0.4973797743297097 0
    endloop
  endfacet
  facet normal 0.982287250728689 0.1873813145857224 0
    outer loop
      vertex -9.484229402628955 -0.25066646712860813 6
      vertex -9.437166322257262 -0.4973797743297097 0
      vertex -9.484229402628955 -0.25066646712860813 0
    endloop
  endfacet
  facet normal 0.9980267284282713 0.06279051952931575 0
    outer loop
      vertex -9.5 0 6
      vertex -9.484229402628955 -0.25066646712860813 0
      vertex -9.5 0 0
    endloop
  endfacet
  facet normal 0.5877852522924731 0.8090169943749475 0
    outer loop
      vertex -8.571653589957993 -1.68865585100403 6
      vertex -8.571653589957993 -1.68865585100403 0
      vertex -8.774847979497379 -1.5410264855515787 0
    endloop
  endfacet
  facet normal 0.48175367410171727 0.8763066800438624 0
    outer loop
      vertex -8.351558583130146 -1.8096541049320392 6
      vertex -8.351558583130146 -1.8096541049320392 0
      vertex -8.571653589957993 -1.68865585100403 0
    endloop
  endfacet
  facet normal 0.3681245526846768 0.9297764858882519 0
    outer loop
      vertex -8.118033988749895 -1.902113032590307 6
      vertex -8.118033988749895 -1.902113032590307 0
      vertex -8.351558583130146 -1.8096541049320392 0
    endloop
  endfacet
  facet normal 0.24868988716485488 0.9685831611286311 0
    outer loop
      vertex -7.87476262917145 -1.9645745014573772 6
      vertex -7.87476262917145 -1.9645745014573772 0
      vertex -8.118033988749895 -1.902113032590307 0
    endloop
  endfacet
  facet normal 0.12533323356430512 0.9921147013144777 0
    outer loop
      vertex -7.625581039058628 -1.9960534568565431 6
      vertex -7.625581039058628 -1.9960534568565431 0
      vertex -7.87476262917145 -1.9645745014573772 0
    endloop
  endfacet
  facet normal 0.7705132427757896 0.6374239897486894 0
    outer loop
      vertex -9.118033988749895 -1.1755705045849463 6
      vertex -8.957937254842824 -1.369094211857377 0
      vertex -9.118033988749895 -1.1755705045849463 0
    endloop
  endfacet
  facet normal 0.6845471059286873 0.7289686274214127 0
    outer loop
      vertex -8.774847979497379 -1.5410264855515787 6
      vertex -8.774847979497379 -1.5410264855515787 0
      vertex -8.957937254842824 -1.369094211857377 0
    endloop
  endfacet
  facet normal 0 1 0
    outer loop
      vertex -7.374418960941372 -1.9960534568565431 6
      vertex -7.374418960941372 -1.9960534568565431 0
      vertex -7.625581039058628 -1.9960534568565431 0
    endloop
  endfacet
  facet normal -0.12533323356430512 0.9921147013144777 0
    outer loop
      vertex -7.12523737082855 -1.9645745014573772 6
      vertex -7.12523737082855 -1.9645745014573772 0
      vertex -7.374418960941372 -1.9960534568565431 0
    endloop
  endfacet
  facet normal -0.24868988716485488 0.9685831611286311 0
    outer loop
      vertex -6.881966011250105 -1.902113032590307 6
      vertex -6.881966011250105 -1.902113032590307 0
      vertex -7.12523737082855 -1.9645745014573772 0
    endloop
  endfacet
  facet normal -0.368124552684678 0.9297764858882513 0
    outer loop
      vertex -6.648441416869855 -1.8096541049320392 6
      vertex -6.648441416869855 -1.8096541049320392 0
      vertex -6.881966011250105 -1.902113032590307 0
    endloop
  endfacet
  facet normal -0.48175367410171527 0.8763066800438636 0
    outer loop
      vertex -6.428346410042008 -1.6886558510040306 6
      vertex -6.428346410042008 -1.6886558510040306 0
      vertex -6.648441416869855 -1.8096541049320392 0
    endloop
  endfacet
  facet normal -0.5877852522924715 0.8090169943749486 0
    outer loop
      vertex -6.22515202050262 -1.541026485551578 6
      vertex -6.22515202050262 -1.541026485551578 0
      vertex -6.428346410042008 -1.6886558510040306 0
    endloop
  endfacet
  facet normal -0.6845471059286894 0.7289686274214108 0
    outer loop
      vertex -6.0420627451571765 -1.369094211857377 6
      vertex -6.0420627451571765 -1.369094211857377 0
      vertex -6.22515202050262 -1.541026485551578 0
    endloop
  endfacet
  facet normal -0.7705132427757896 0.6374239897486894 0
    outer loop
      vertex -6.0420627451571765 -1.369094211857377 6
      vertex -5.881966011250105 -1.1755705045849463 0
      vertex -6.0420627451571765 -1.369094211857377 0
    endloop
  endfacet
  facet normal -0.8443279255020154 0.5358267949789962 0
    outer loop
      vertex -5.881966011250105 -1.1755705045849463 6
      vertex -5.747386639912273 -0.9635073482034308 0
      vertex -5.881966011250105 -1.1755705045849463 0
    endloop
  endfacet
  facet normal -0.904827052466019 0.425779291565074 0
    outer loop
      vertex -5.747386639912273 -0.9635073482034308 6
      vertex -5.640447028223497 -0.7362491053693567 0
      vertex -5.747386639912273 -0.9635073482034308 0
    endloop
  endfacet
  facet normal -0.9510565162951541 0.30901699437494573 0
    outer loop
      vertex -5.640447028223497 -0.7362491053693567 6
      vertex -5.562833677742738 -0.49737977432970887 0
      vertex -5.640447028223497 -0.7362491053693567 0
    endloop
  endfacet
  facet normal -0.9822872507286884 0.18738131458572643 0
    outer loop
      vertex -5.562833677742738 -0.49737977432970887 6
      vertex -5.515770597371044 -0.25066646712860813 0
      vertex -5.562833677742738 -0.49737977432970887 0
    endloop
  endfacet
  facet normal -0.9980267284282717 0.06279051952931222 0
    outer loop
      vertex -5.515770597371044 -0.25066646712860813 6
      vertex -5.5 0 0
      vertex -5.515770597371044 -0.25066646712860813 0
    endloop
  endfacet
  facet normal 0.9048270524660182 0.4257792915650753 0
    outer loop
      vertex -9.359552971776504 -0.7362491053693557 6
      vertex -9.252613360087727 -0.9635073482034308 6
      vertex -9.252613360087727 -0.9635073482034308 0
    endloop
  endfacet
  facet normal 0.9510565162951545 0.30901699437494473 0
    outer loop
      vertex -9.359552971776504 -0.7362491053693557 6
      vertex -9.359552971776504 -0.7362491053693557 0
      vertex -9.437166322257262 -0.4973797743297097 6
    endloop
  endfacet
  facet normal 0.982287250728689 0.1873813145857224 0
    outer loop
      vertex -9.437166322257262 -0.4973797743297097 6
      vertex -9.437166322257262 -0.4973797743297097 0
      vertex -9.484229402628955 -0.25066646712860813 6
    endloop
  endfacet
  facet normal 0.9980267284282713 0.06279051952931575 0
    outer loop
      vertex -9.484229402628955 -0.25066646712860813 6
      vertex -9.484229402628955 -0.25066646712860813 0
      vertex -9.5 0 6
    endloop
  endfacet
  facet normal 0.5877852522924731 0.8090169943749475 0
    outer loop
      vertex -8.571653589957993 -1.68865585100403 6
      vertex -8.774847979497379 -1.5410264855515787 0
      vertex -8.774847979497379 -1.5410264855515787 6
    endloop
  endfacet
  facet normal 0.48175367410171727 0.8763066800438624 0
    outer loop
      vertex -8.571653589957993 -1.68865585100403 6
      vertex -8.351558583130146 -1.8096541049320392 6
      vertex -8.571653589957993 -1.68865585100403 0
    endloop
  endfacet
  facet normal 0.3681245526846768 0.9297764858882519 0
    outer loop
      vertex -8.351558583130146 -1.8096541049320392 6
      vertex -8.118033988749895 -1.902113032590307 6
      vertex -8.351558583130146 -1.8096541049320392 0
    endloop
  endfacet
  facet normal 0.24868988716485488 0.9685831611286311 0
    outer loop
      vertex -8.118033988749895 -1.902113032590307 6
      vertex -7.87476262917145 -1.9645745014573772 6
      vertex -8.118033988749895 -1.902113032590307 0
    endloop
  endfacet
  facet normal 0.12533323356430512 0.9921147013144777 0
    outer loop
      vertex -7.87476262917145 -1.9645745014573772 6
      vertex -7.625581039058628 -1.9960534568565431 6
      vertex -7.87476262917145 -1.9645745014573772 0
    endloop
  endfacet
  facet normal 0.7705132427757896 0.6374239897486894 0
    outer loop
      vertex -9.118033988749895 -1.1755705045849463 6
      vertex -8.957937254842824 -1.369094211857377 6
      vertex -8.957937254842824 -1.369094211857377 0
    endloop
  endfacet
  facet normal 0.6845471059286873 0.7289686274214127 0
    outer loop
      vertex -8.957937254842824 -1.369094211857377 6
      vertex -8.774847979497379 -1.5410264855515787 6
      vertex -8.957937254842824 -1.369094211857377 0
    endloop
  endfacet
  facet normal 0.8443279255020154 0.5358267949789962 0
    outer loop
      vertex -9.118033988749895 -1.1755705045849463 6
      vertex -9.118033988749895 -1.1755705045849463 0
      vertex -9.252613360087727 -0.9635073482034308 6
    endloop
  endfacet
  facet normal 0 1 0
    outer loop
      vertex -7.625581039058628 -1.9960534568565431 6
      vertex -7.374418960941372 -1.9960534568565431 6
      vertex -7.625581039058628 -1.9960534568565431 0
    endloop
  endfacet
  facet normal -0.12533323356430512 0.9921147013144777 0
    outer loop
      vertex -7.374418960941372 -1.9960534568565431 6
      vertex -7.12523737082855 -1.9645745014573772 6
      vertex -7.374418960941372 -1.9960534568565431 0
    endloop
  endfacet
  facet normal -0.24868988716485488 0.9685831611286311 0
    outer loop
      vertex -7.12523737082855 -1.9645745014573772 6
      vertex -6.881966011250105 -1.902113032590307 6
      vertex -7.12523737082855 -1.9645745014573772 0
    endloop
  endfacet
  facet normal -0.368124552684678 0.9297764858882513 0
    outer loop
      vertex -6.881966011250105 -1.902113032590307 6
      vertex -6.648441416869855 -1.8096541049320392 6
      vertex -6.881966011250105 -1.902113032590307 0
    endloop
  endfacet
  facet normal -0.48175367410171527 0.8763066800438636 0
    outer loop
      vertex -6.648441416869855 -1.8096541049320392 6
      vertex -6.428346410042008 -1.6886558510040306 6
      vertex -6.648441416869855 -1.8096541049320392 0
    endloop
  endfacet
  facet normal -0.5877852522924715 0.8090169943749486 0
    outer loop
      vertex -6.428346410042008 -1.6886558510040306 6
      vertex -6.22515202050262 -1.541026485551578 6
      vertex -6.428346410042008 -1.6886558510040306 0
    endloop
  endfacet
  facet normal -0.6845471059286894 0.7289686274214108 0
    outer loop
      vertex -6.22515202050262 -1.541026485551578 6
      vertex -6.0420627451571765 -1.369094211857377 6
      vertex -6.22515202050262 -1.541026485551578 0
    endloop
  endfacet
  facet normal -0.7705132427757896 0.6374239897486894 0
    outer loop
      vertex -6.0420627451571765 -1.369094211857377 6
      vertex -5.881966011250105 -1.1755705045849463 6
      vertex -5.881966011250105 -1.1755705045849463 0
    endloop
  endfacet
  facet normal -0.8443279255020154 0.5358267949789962 0
    outer loop
      vertex -5.881966011250105 -1.1755705045849463 6
      vertex -5.747386639912273 -0.9635073482034308 6
      vertex -5.747386639912273 -0.9635073482034308 0
    endloop
  endfacet
  facet normal -0.904827052466019 0.425779291565074 0
    outer loop
      vertex -5.747386639912273 -0.9635073482034308 6
      vertex -5.640447028223497 -0.7362491053693567 6
      vertex -5.640447028223497 -0.7362491053693567 0
    endloop
  endfacet
  facet normal -0.9510565162951541 0.30901699437494573 0
    outer loop
      vertex -5.640447028223497 -0.7362491053693567 6
      vertex -5.562833677742738 -0.49737977432970887 6
      vertex -5.562833677742738 -0.49737977432970887 0
    endloop
  endfacet
  facet normal -0.9822872507286884 0.18738131458572643 0
    outer loop
      vertex -5.562833677742738 -0.49737977432970887 6
      vertex -5.515770597371044 -0.25066646712860813 6
      vertex -5.515770597371044 -0.25066646712860813 0
    endloop
  endfacet
  facet normal -0.9980267284282717 0.06279051952931222 0
    outer loop
      vertex -5.515770597371044 -0.25066646712860813 6
      vertex -5.5 0 6
      vertex -5.5 0 0
    endloop
  endfacet
  facet normal 0 0 -1
    outer loop
      vertex -9.252613360087727 -0.9635073482034308 6
      vertex -9.243449690031536 -0.4476417968967387 6
      vertex -9.173597674598852 -0.6626241948324202 6
    endloop
  endfacet
  facet normal 0 0 -1
    outer loop
      vertex -9.252613360087727 -0.9635073482034308 6
      vertex -9.285806462366061 -0.22559982041574733 6
      vertex -9.243449690031536 -0.4476417968967387 6
    endloop
  endfacet
  facet normal 0 0 -1
    outer loop
      vertex -9.359552971776504 -0.7362491053693557 6
      vertex -9.437166322257262 -0.4973797743297097 6
      vertex -9.437166322257262 0.4973797743297097 6
    endloop
  endfacet
  facet normal 0 0 -1
    outer loop
      vertex -9.437166322257262 -0.4973797743297097 6
      vertex -9.484229402628955 -0.25066646712860813 6
      vertex -9.484229402628955 0.25066646712860813 6
    endloop
  endfacet
  facet normal 0 0 -1
    outer loop
      vertex -9.359552971776504 -0.7362491053693557 6
      vertex -9.359552971776504 0.7362491053693557 6
      vertex -9.252613360087727 -0.9635073482034308 6
    endloop
  endfacet
  facet normal 0 0 -1
    outer loop
      vertex -9.252613360087727 -0.9635073482034308 6
      vertex -9.359552971776504 0.7362491053693557 6
      vertex -9.285806462366061 -0.22559982041574733 6
    endloop
  endfacet
  facet normal 0 0 -1
    outer loop
      vertex -8.571653589957993 -1.68865585100403 6
      vertex -8.774847979497379 -1.5410264855515787 6
      vertex -8.464488230962194 -1.5197902659036269 6
    endloop
  endfacet
  facet normal 0 0 -1
    outer loop
      vertex -8.571653589957993 -1.68865585100403 6
      vertex -8.464488230962194 -1.5197902659036269 6
      vertex -8.26640272481713 -1.6286886944388352 6
    endloop
  endfacet
  facet normal 0 0 -1
    outer loop
      vertex -8.571653589957993 -1.68865585100403 6
      vertex -8.26640272481713 -1.6286886944388352 6
      vertex -8.351558583130146 -1.8096541049320392 6
    endloop
  endfacet
  facet normal 0 0 -1
    outer loop
      vertex -8.351558583130146 -1.8096541049320392 6
      vertex -8.056230589874906 -1.7119017293312764 6
      vertex -8.118033988749895 -1.902113032590307 6
    endloop
  endfacet
  facet normal 0 0 -1
    outer loop
      vertex -8.351558583130146 -1.8096541049320392 6
      vertex -8.26640272481713 -1.6286886944388352 6
      vertex -8.056230589874906 -1.7119017293312764 6
    endloop
  endfacet
  facet normal 0 0 -1
    outer loop
      vertex -7.87476262917145 -1.9645745014573772 6
      vertex -7.613022935152765 -1.7964481111708888 6
      vertex -7.625581039058628 -1.9960534568565431 6
    endloop
  endfacet
  facet normal 0 0 -1
    outer loop
      vertex -8.118033988749895 -1.902113032590307 6
      vertex -7.837286366254305 -1.7681170513116395 6
      vertex -7.87476262917145 -1.9645745014573772 6
    endloop
  endfacet
  facet normal 0 0 -1
    outer loop
      vertex -8.118033988749895 -1.902113032590307 6
      vertex -8.056230589874906 -1.7119017293312764 6
      vertex -7.837286366254305 -1.7681170513116395 6
    endloop
  endfacet
  facet normal 0 0 -1
    outer loop
      vertex -7.87476262917145 -1.9645745014573772 6
      vertex -7.837286366254305 -1.7681170513116395 6
      vertex -7.613022935152765 -1.7964481111708888 6
    endloop
  endfacet
  facet normal 0 0 -1
    outer loop
      vertex -9.118033988749895 -1.1755705045849463 6
      vertex -8.956230589874906 -1.0580134541264516 6
      vertex -8.957937254842824 -1.369094211857377 6
    endloop
  endfacet
  facet normal 0 0 -1
    outer loop
      vertex -8.957937254842824 -1.369094211857377 6
      vertex -8.956230589874906 -1.0580134541264516 6
      vertex -8.812143529358542 -1.2321847906716394 6
    endloop
  endfacet
  facet normal 0 0 -1
    outer loop
      vertex -8.957937254842824 -1.369094211857377 6
      vertex -8.812143529358542 -1.2321847906716394 6
      vertex -8.647363181547641 -1.386923836996421 6
    endloop
  endfacet
  facet normal 0 0 -1
    outer loop
      vertex -9.118033988749895 -1.1755705045849463 6
      vertex -9.252613360087727 -0.9635073482034308 6
      vertex -9.077352024078955 -0.8671566133830877 6
    endloop
  endfacet
  facet normal 0 0 -1
    outer loop
      vertex -9.118033988749895 -1.1755705045849463 6
      vertex -9.077352024078955 -0.8671566133830877 6
      vertex -8.956230589874906 -1.0580134541264516 6
    endloop
  endfacet
  facet normal 0 0 -1
    outer loop
      vertex -9.252613360087727 -0.9635073482034308 6
      vertex -9.173597674598852 -0.6626241948324202 6
      vertex -9.077352024078955 -0.8671566133830877 6
    endloop
  endfacet
  facet normal 0 0 -1
    outer loop
      vertex -8.957937254842824 -1.369094211857377 6
      vertex -8.647363181547641 -1.386923836996421 6
      vertex -8.774847979497379 -1.5410264855515787 6
    endloop
  endfacet
  facet normal 0 0 -1
    outer loop
      vertex -8.774847979497379 -1.5410264855515787 6
      vertex -8.647363181547641 -1.386923836996421 6
      vertex -8.464488230962194 -1.5197902659036269 6
    endloop
  endfacet
  facet normal 0 0 -1
    outer loop
      vertex -7.625581039058628 -1.9960534568565431 6
      vertex -7.386977064847235 -1.7964481111708888 6
      vertex -7.374418960941372 -1.9960534568565431 6
    endloop
  endfacet
  facet normal 0 0 -1
    outer loop
      vertex -7.625581039058628 -1.9960534568565431 6
      vertex -7.613022935152765 -1.7964481111708888 6
      vertex -7.386977064847235 -1.7964481111708888 6
    endloop
  endfacet
  facet normal 0 0 -1
    outer loop
      vertex -7.374418960941372 -1.9960534568565431 6
      vertex -7.386977064847235 -1.7964481111708888 6
      vertex -7.162713633745695 -1.7681170513116395 6
    endloop
  endfacet
  facet normal 0 0 -1
    outer loop
      vertex -7.374418960941372 -1.9960534568565431 6
      vertex -7.162713633745695 -1.7681170513116395 6
      vertex -7.12523737082855 -1.9645745014573772 6
    endloop
  endfacet
  facet normal 0 0 -1
    outer loop
      vertex -7.12523737082855 -1.9645745014573772 6
      vertex -7.162713633745695 -1.7681170513116395 6
      vertex -6.943769410125094 -1.7119017293312764 6
    endloop
  endfacet
  facet normal 0 0 -1
    outer loop
      vertex -7.12523737082855 -1.9645745014573772 6
      vertex -6.943769410125094 -1.7119017293312764 6
      vertex -6.881966011250105 -1.902113032590307 6
    endloop
  endfacet
  facet normal 0 0 -1
    outer loop
      vertex -6.881966011250105 -1.902113032590307 6
      vertex -6.943769410125094 -1.7119017293312764 6
      vertex -6.73359727518287 -1.6286886944388352 6
    endloop
  endfacet
  facet normal 0 0 -1
    outer loop
      vertex -6.881966011250105 -1.902113032590307 6
      vertex -6.73359727518287 -1.6286886944388352 6
      vertex -6.648441416869855 -1.8096541049320392 6
    endloop
  endfacet
  facet normal 0 0 -1
    outer loop
      vertex -6.648441416869855 -1.8096541049320392 6
      vertex -6.73359727518287 -1.6286886944388352 6
      vertex -6.535511769037807 -1.5197902659036275 6
    endloop
  endfacet
  facet normal 0 0 -1
    outer loop
      vertex -6.648441416869855 -1.8096541049320392 6
      vertex -6.535511769037807 -1.5197902659036275 6
      vertex -6.428346410042008 -1.6886558510040306 6
    endloop
  endfacet
  facet normal 0 0 -1
    outer loop
      vertex -6.428346410042008 -1.6886558510040306 6
      vertex -6.535511769037807 -1.5197902659036275 6
      vertex -6.352636818452358 -1.3869238369964203 6
    endloop
  endfacet
  facet normal 0 0 -1
    outer loop
      vertex -6.428346410042008 -1.6886558510040306 6
      vertex -6.352636818452358 -1.3869238369964203 6
      vertex -6.22515202050262 -1.541026485551578 6
    endloop
  endfacet
  facet normal 0 0 -1
    outer loop
      vertex -6.352636818452358 -1.3869238369964203 6
      vertex -6.187856470641459 -1.2321847906716394 6
      vertex -6.22515202050262 -1.541026485551578 6
    endloop
  endfacet
  facet normal 0 0 -1
    outer loop
      vertex -6.22515202050262 -1.541026485551578 6
      vertex -6.187856470641459 -1.2321847906716394 6
      vertex -6.0420627451571765 -1.369094211857377 6
    endloop
  endfacet
  facet normal 0 0 -1
    outer loop
      vertex -6.0420627451571765 -1.369094211857377 6
      vertex -6.187856470641459 -1.2321847906716394 6
      vertex -6.043769410125094 -1.0580134541264516 6
    endloop
  endfacet
  facet normal 0 0 -1
    outer loop
      vertex -6.0420627451571765 -1.369094211857377 6
      vertex -6.043769410125094 -1.0580134541264516 6
      vertex -5.922647975921046 -0.8671566133830877 6
    endloop
  endfacet
  facet normal 0 0 -1
    outer loop
      vertex -6.0420627451571765 -1.369094211857377 6
      vertex -5.922647975921046 -0.8671566133830877 6
      vertex -5.881966011250105 -1.1755705045849463 6
    endloop
  endfacet
  facet normal 0 0 -1
    outer loop
      vertex -5.881966011250105 -1.1755705045849463 6
      vertex -5.922647975921046 -0.8671566133830877 6
      vertex -5.826402325401148 -0.6626241948324211 6
    endloop
  endfacet
  facet normal 0 0 -1
    outer loop
      vertex -5.881966011250105 -1.1755705045849463 6
      vertex -5.826402325401148 -0.6626241948324211 6
      vertex -5.747386639912273 -0.9635073482034308 6
    endloop
  endfacet
  facet normal 0 0 -1
    outer loop
      vertex -5.747386639912273 -0.9635073482034308 6
      vertex -5.826402325401148 -0.6626241948324211 6
      vertex -5.756550309968464 -0.447641796896738 6
    endloop
  endfacet
  facet normal 0 0 -1
    outer loop
      vertex -5.747386639912273 -0.9635073482034308 6
      vertex -5.71419353763394 -0.22559982041574733 6
      vertex -5.640447028223497 -0.7362491053693567 6
    endloop
  endfacet
  facet normal 0 0 -1
    outer loop
      vertex -5.747386639912273 -0.9635073482034308 6
      vertex -5.756550309968464 -0.447641796896738 6
      vertex -5.71419353763394 -0.22559982041574733 6
    endloop
  endfacet
  facet normal 0 0 -1
    outer loop
      vertex -5.640447028223497 -0.7362491053693567 6
      vertex -5.71419353763394 -0.22559982041574733 6
      vertex -5.7 0 6
    endloop
  endfacet
  facet normal 0 0 -1
    outer loop
      vertex -5.640447028223497 -0.7362491053693567 6
      vertex -5.640447028223497 0.736249105369356 6
      vertex -5.562833677742738 -0.49737977432970887 6
    endloop
  endfacet
  facet normal 0 0 -1
    outer loop
      vertex -5.562833677742738 -0.49737977432970887 6
      vertex -5.562833677742738 0.4973797743297096 6
      vertex -5.515770597371044 -0.25066646712860813 6
    endloop
  endfacet
  facet normal 0.9980267284282713 -0.06279051952931575 0
    outer loop
      vertex -9.484229402628955 0.25066646712860813 6
      vertex -9.5 0 0
      vertex -9.484229402628955 0.25066646712860813 0
    endloop
  endfacet
  facet normal 0.982287250728689 -0.1873813145857224 0
    outer loop
      vertex -9.437166322257262 0.4973797743297097 6
      vertex -9.484229402628955 0.25066646712860813 0
      vertex -9.437166322257262 0.4973797743297097 0
    endloop
  endfacet
  facet normal 0.9510565162951545 -0.30901699437494473 0
    outer loop
      vertex -9.359552971776504 0.7362491053693557 6
      vertex -9.437166322257262 0.4973797743297097 0
      vertex -9.359552971776504 0.7362491053693557 0
    endloop
  endfacet
  facet normal 0.9048270524660182 -0.4257792915650753 0
    outer loop
      vertex -9.252613360087727 0.9635073482034308 6
      vertex -9.359552971776504 0.7362491053693557 0
      vertex -9.252613360087727 0.9635073482034308 0
    endloop
  endfacet
  facet normal 0.8443279255020154 -0.5358267949789962 0
    outer loop
      vertex -9.118033988749895 1.1755705045849463 6
      vertex -9.252613360087727 0.9635073482034308 0
      vertex -9.118033988749895 1.1755705045849463 0
    endloop
  endfacet
  facet normal 0.7705132427757896 -0.6374239897486894 0
    outer loop
      vertex -8.957937254842824 1.369094211857377 6
      vertex -9.118033988749895 1.1755705045849463 0
      vertex -8.957937254842824 1.369094211857377 0
    endloop
  endfacet
  facet normal 0.6845471059286873 -0.7289686274214127 0
    outer loop
      vertex -8.957937254842824 1.369094211857377 6
      vertex -8.957937254842824 1.369094211857377 0
      vertex -8.774847979497379 1.5410264855515787 0
    endloop
  endfacet
  facet normal 0.5877852522924731 -0.8090169943749475 0
    outer loop
      vertex -8.774847979497379 1.5410264855515787 6
      vertex -8.774847979497379 1.5410264855515787 0
      vertex -8.571653589957993 1.68865585100403 0
    endloop
  endfacet
  facet normal 0.4817536741017166 -0.8763066800438628 0
    outer loop
      vertex -8.571653589957993 1.68865585100403 6
      vertex -8.571653589957993 1.68865585100403 0
      vertex -8.351558583130146 1.809654104932039 0
    endloop
  endfacet
  facet normal 0.3681245526846776 -0.9297764858882517 0
    outer loop
      vertex -8.351558583130146 1.809654104932039 6
      vertex -8.351558583130146 1.809654104932039 0
      vertex -8.118033988749895 1.902113032590307 0
    endloop
  endfacet
  facet normal 0.24868988716485485 -0.968583161128631 0
    outer loop
      vertex -8.118033988749895 1.902113032590307 6
      vertex -8.118033988749895 1.902113032590307 0
      vertex -7.874762629171449 1.9645745014573774 0
    endloop
  endfacet
  facet normal 0.12533323356430426 -0.9921147013144778 0
    outer loop
      vertex -7.874762629171449 1.9645745014573774 6
      vertex -7.874762629171449 1.9645745014573774 0
      vertex -7.625581039058627 1.9960534568565431 0
    endloop
  endfacet
  facet normal -0.6845471059286872 -0.7289686274214129 0
    outer loop
      vertex -6.2251520205026205 1.5410264855515783 6
      vertex -6.2251520205026205 1.5410264855515783 0
      vertex -6.0420627451571765 1.3690942118573775 0
    endloop
  endfacet
  facet normal 0 -1 0
    outer loop
      vertex -7.625581039058627 1.9960534568565431 6
      vertex -7.625581039058627 1.9960534568565431 0
      vertex -7.374418960941373 1.9960534568565431 0
    endloop
  endfacet
  facet normal -0.12533323356430426 -0.9921147013144778 0
    outer loop
      vertex -7.374418960941373 1.9960534568565431 6
      vertex -7.374418960941373 1.9960534568565431 0
      vertex -7.125237370828551 1.9645745014573774 0
    endloop
  endfacet
  facet normal -0.24868988716485485 -0.968583161128631 0
    outer loop
      vertex -7.125237370828551 1.9645745014573774 6
      vertex -7.125237370828551 1.9645745014573774 0
      vertex -6.881966011250105 1.902113032590307 0
    endloop
  endfacet
  facet normal -0.3681245526846776 -0.9297764858882517 0
    outer loop
      vertex -6.881966011250105 1.902113032590307 6
      vertex -6.881966011250105 1.902113032590307 0
      vertex -6.648441416869854 1.809654104932039 0
    endloop
  endfacet
  facet normal -0.48175367410171593 -0.8763066800438631 0
    outer loop
      vertex -6.648441416869854 1.809654104932039 6
      vertex -6.648441416869854 1.809654104932039 0
      vertex -6.428346410042007 1.6886558510040302 0
    endloop
  endfacet
  facet normal -0.5877852522924731 -0.8090169943749475 0
    outer loop
      vertex -6.428346410042007 1.6886558510040302 6
      vertex -6.428346410042007 1.6886558510040302 0
      vertex -6.2251520205026205 1.5410264855515783 0
    endloop
  endfacet
  facet normal -0.9980267284282717 -0.06279051952931214 0
    outer loop
      vertex -5.5 0 6
      vertex -5.515770597371044 0.2506664671286085 0
      vertex -5.5 0 0
    endloop
  endfacet
  facet normal -0.9822872507286883 -0.18738131458572616 0
    outer loop
      vertex -5.515770597371044 0.2506664671286085 6
      vertex -5.562833677742738 0.4973797743297096 0
      vertex -5.515770597371044 0.2506664671286085 0
    endloop
  endfacet
  facet normal -0.9510565162951536 -0.3090169943749475 0
    outer loop
      vertex -5.562833677742738 0.4973797743297096 6
      vertex -5.640447028223497 0.736249105369356 0
      vertex -5.562833677742738 0.4973797743297096 0
    endloop
  endfacet
  facet normal -0.8443279255020155 -0.535826794978996 0
    outer loop
      vertex -5.747386639912273 0.9635073482034306 6
      vertex -5.881966011250105 1.1755705045849463 0
      vertex -5.747386639912273 0.9635073482034306 0
    endloop
  endfacet
  facet normal -0.7705132427757903 -0.6374239897486884 0
    outer loop
      vertex -5.881966011250105 1.1755705045849463 6
      vertex -6.0420627451571765 1.3690942118573775 0
      vertex -5.881966011250105 1.1755705045849463 0
    endloop
  endfacet
  facet normal -0.9048270524660194 -0.4257792915650729 0
    outer loop
      vertex -5.640447028223497 0.736249105369356 6
      vertex -5.747386639912273 0.9635073482034306 0
      vertex -5.640447028223497 0.736249105369356 0
    endloop
  endfacet
  facet normal 0.9980267284282713 -0.06279051952931575 0
    outer loop
      vertex -9.5 0 6
      vertex -9.5 0 0
      vertex -9.484229402628955 0.25066646712860813 6
    endloop
  endfacet
  facet normal 0.982287250728689 -0.1873813145857224 0
    outer loop
      vertex -9.484229402628955 0.25066646712860813 6
      vertex -9.484229402628955 0.25066646712860813 0
      vertex -9.437166322257262 0.4973797743297097 6
    endloop
  endfacet
  facet normal 0.9510565162951545 -0.30901699437494473 0
    outer loop
      vertex -9.437166322257262 0.4973797743297097 6
      vertex -9.437166322257262 0.4973797743297097 0
      vertex -9.359552971776504 0.7362491053693557 6
    endloop
  endfacet
  facet normal 0.9048270524660182 -0.4257792915650753 0
    outer loop
      vertex -9.359552971776504 0.7362491053693557 6
      vertex -9.359552971776504 0.7362491053693557 0
      vertex -9.252613360087727 0.9635073482034308 6
    endloop
  endfacet
  facet normal 0.8443279255020154 -0.5358267949789962 0
    outer loop
      vertex -9.252613360087727 0.9635073482034308 6
      vertex -9.252613360087727 0.9635073482034308 0
      vertex -9.118033988749895 1.1755705045849463 6
    endloop
  endfacet
  facet normal 0.7705132427757896 -0.6374239897486894 0
    outer loop
      vertex -9.118033988749895 1.1755705045849463 6
      vertex -9.118033988749895 1.1755705045849463 0
      vertex -8.957937254842824 1.369094211857377 6
    endloop
  endfacet
  facet normal 0.6845471059286873 -0.7289686274214127 0
    outer loop
      vertex -8.957937254842824 1.369094211857377 6
      vertex -8.774847979497379 1.5410264855515787 0
      vertex -8.774847979497379 1.5410264855515787 6
    endloop
  endfacet
  facet normal 0.5877852522924731 -0.8090169943749475 0
    outer loop
      vertex -8.774847979497379 1.5410264855515787 6
      vertex -8.571653589957993 1.68865585100403 0
      vertex -8.571653589957993 1.68865585100403 6
    endloop
  endfacet
  facet normal 0.4817536741017166 -0.8763066800438628 0
    outer loop
      vertex -8.571653589957993 1.68865585100403 6
      vertex -8.351558583130146 1.809654104932039 0
      vertex -8.351558583130146 1.809654104932039 6
    endloop
  endfacet
  facet normal 0.3681245526846776 -0.9297764858882517 0
    outer loop
      vertex -8.351558583130146 1.809654104932039 6
      vertex -8.118033988749895 1.902113032590307 0
      vertex -8.118033988749895 1.902113032590307 6
    endloop
  endfacet
  facet normal 0.24868988716485485 -0.968583161128631 0
    outer loop
      vertex -8.118033988749895 1.902113032590307 6
      vertex -7.874762629171449 1.9645745014573774 0
      vertex -7.874762629171449 1.9645745014573774 6
    endloop
  endfacet
  facet normal 0.12533323356430426 -0.9921147013144778 0
    outer loop
      vertex -7.874762629171449 1.9645745014573774 6
      vertex -7.625581039058627 1.9960534568565431 0
      vertex -7.625581039058627 1.9960534568565431 6
    endloop
  endfacet
  facet normal 0 -1 0
    outer loop
      vertex -7.625581039058627 1.9960534568565431 6
      vertex -7.374418960941373 1.9960534568565431 0
      vertex -7.374418960941373 1.9960534568565431 6
    endloop
  endfacet
  facet normal -0.12533323356430426 -0.9921147013144778 0
    outer loop
      vertex -7.374418960941373 1.9960534568565431 6
      vertex -7.125237370828551 1.9645745014573774 0
      vertex -7.125237370828551 1.9645745014573774 6
    endloop
  endfacet
  facet normal -0.24868988716485485 -0.968583161128631 0
    outer loop
      vertex -7.125237370828551 1.9645745014573774 6
      vertex -6.881966011250105 1.902113032590307 0
      vertex -6.881966011250105 1.902113032590307 6
    endloop
  endfacet
  facet normal -0.3681245526846776 -0.9297764858882517 0
    outer loop
      vertex -6.881966011250105 1.902113032590307 6
      vertex -6.648441416869854 1.809654104932039 0
      vertex -6.648441416869854 1.809654104932039 6
    endloop
  endfacet
  facet normal -0.48175367410171593 -0.8763066800438631 0
    outer loop
      vertex -6.648441416869854 1.809654104932039 6
      vertex -6.428346410042007 1.6886558510040302 0
      vertex -6.428346410042007 1.6886558510040302 6
    endloop
  endfacet
  facet normal -0.5877852522924731 -0.8090169943749475 0
    outer loop
      vertex -6.428346410042007 1.6886558510040302 6
      vertex -6.2251520205026205 1.5410264855515783 0
      vertex -6.2251520205026205 1.5410264855515783 6
    endloop
  endfacet
  facet normal -0.9980267284282717 -0.06279051952931214 0
    outer loop
      vertex -5.5 0 6
      vertex -5.515770597371044 0.2506664671286085 6
      vertex -5.515770597371044 0.2506664671286085 0
    endloop
  endfacet
  facet normal -0.9510565162951536 -0.3090169943749475 0
    outer loop
      vertex -5.562833677742738 0.4973797743297096 6
      vertex -5.640447028223497 0.736249105369356 6
      vertex -5.640447028223497 0.736249105369356 0
    endloop
  endfacet
  facet normal -0.9822872507286883 -0.18738131458572616 0
    outer loop
      vertex -5.515770597371044 0.2506664671286085 6
      vertex -5.562833677742738 0.4973797743297096 6
      vertex -5.562833677742738 0.4973797743297096 0
    endloop
  endfacet
  facet normal -0.8443279255020155 -0.535826794978996 0
    outer loop
      vertex -5.747386639912273 0.9635073482034306 6
      vertex -5.881966011250105 1.1755705045849463 6
      vertex -5.881966011250105 1.1755705045849463 0
    endloop
  endfacet
  facet normal -0.7705132427757903 -0.6374239897486884 0
    outer loop
      vertex -6.0420627451571765 1.3690942118573775 6
      vertex -6.0420627451571765 1.3690942118573775 0
      vertex -5.881966011250105 1.1755705045849463 6
    endloop
  endfacet
  facet normal -0.6845471059286872 -0.7289686274214129 0
    outer loop
      vertex -6.2251520205026205 1.5410264855515783 6
      vertex -6.0420627451571765 1.3690942118573775 0
      vertex -6.0420627451571765 1.3690942118573775 6
    endloop
  endfacet
  facet normal -0.9048270524660194 -0.4257792915650729 0
    outer loop
      vertex -5.747386639912273 0.9635073482034306 6
      vertex -5.747386639912273 0.9635073482034306 0
      vertex -5.640447028223497 0.736249105369356 6
    endloop
  endfacet
  facet normal 0 0 -1
    outer loop
      vertex -9.484229402628955 -0.25066646712860813 6
      vertex -9.5 0 6
      vertex -9.484229402628955 0.25066646712860813 6
    endloop
  endfacet
  facet normal 0 0 -1
    outer loop
      vertex -9.437166322257262 -0.4973797743297097 6
      vertex -9.484229402628955 0.25066646712860813 6
      vertex -9.437166322257262 0.4973797743297097 6
    endloop
  endfacet
  facet normal 0 0 -1
    outer loop
      vertex -9.359552971776504 -0.7362491053693557 6
      vertex -9.437166322257262 0.4973797743297097 6
      vertex -9.359552971776504 0.7362491053693557 6
    endloop
  endfacet
  facet normal 0 0 -1
    outer loop
      vertex -9.285806462366061 -0.22559982041574733 6
      vertex -9.359552971776504 0.7362491053693557 6
      vertex -9.3 0 6
    endloop
  endfacet
  facet normal 0 0 -1
    outer loop
      vertex -9.359552971776504 0.7362491053693557 6
      vertex -9.285806462366061 0.22559982041574733 6
      vertex -9.3 0 6
    endloop
  endfacet
  facet normal 0 0 -1
    outer loop
      vertex -9.285806462366061 0.22559982041574733 6
      vertex -9.252613360087727 0.9635073482034308 6
      vertex -9.243449690031536 0.4476417968967387 6
    endloop
  endfacet
  facet normal 0 0 -1
    outer loop
      vertex -9.359552971776504 0.7362491053693557 6
      vertex -9.252613360087727 0.9635073482034308 6
      vertex -9.285806462366061 0.22559982041574733 6
    endloop
  endfacet
  facet normal 0 0 -1
    outer loop
      vertex -9.243449690031536 0.4476417968967387 6
      vertex -9.252613360087727 0.9635073482034308 6
      vertex -9.173597674598852 0.6626241948324202 6
    endloop
  endfacet
  facet normal 0 0 -1
    outer loop
      vertex -9.173597674598852 0.6626241948324202 6
      vertex -9.252613360087727 0.9635073482034308 6
      vertex -9.118033988749895 1.1755705045849463 6
    endloop
  endfacet
  facet normal 0 0 -1
    outer loop
      vertex -9.173597674598852 0.6626241948324202 6
      vertex -9.118033988749895 1.1755705045849463 6
      vertex -9.077352024078955 0.8671566133830877 6
    endloop
  endfacet
  facet normal 0 0 -1
    outer loop
      vertex -9.077352024078955 0.8671566133830877 6
      vertex -9.118033988749895 1.1755705045849463 6
      vertex -8.957937254842824 1.369094211857377 6
    endloop
  endfacet
  facet normal 0 0 -1
    outer loop
      vertex -9.077352024078955 0.8671566133830877 6
      vertex -8.957937254842824 1.369094211857377 6
      vertex -8.956230589874906 1.0580134541264516 6
    endloop
  endfacet
  facet normal 0 0 -1
    outer loop
      vertex -8.956230589874906 1.0580134541264516 6
      vertex -8.957937254842824 1.369094211857377 6
      vertex -8.812143529358542 1.2321847906716394 6
    endloop
  endfacet
  facet normal 0 0 -1
    outer loop
      vertex -8.957937254842824 1.369094211857377 6
      vertex -8.774847979497379 1.5410264855515787 6
      vertex -8.812143529358542 1.2321847906716394 6
    endloop
  endfacet
  facet normal 0 0 -1
    outer loop
      vertex -8.812143529358542 1.2321847906716394 6
      vertex -8.774847979497379 1.5410264855515787 6
      vertex -8.647363181547641 1.386923836996421 6
    endloop
  endfacet
  facet normal 0 0 -1
    outer loop
      vertex -8.774847979497379 1.5410264855515787 6
      vertex -8.571653589957993 1.68865585100403 6
      vertex -8.647363181547641 1.386923836996421 6
    endloop
  endfacet
  facet normal 0 0 -1
    outer loop
      vertex -8.647363181547641 1.386923836996421 6
      vertex -8.571653589957993 1.68865585100403 6
      vertex -8.464488230962194 1.5197902659036269 6
    endloop
  endfacet
  facet normal 0 0 -1
    outer loop
      vertex -8.464488230962194 1.5197902659036269 6
      vertex -8.571653589957993 1.68865585100403 6
      vertex -8.351558583130146 1.809654104932039 6
    endloop
  endfacet
  facet normal 0 0 -1
    outer loop
      vertex -8.464488230962194 1.5197902659036269 6
      vertex -8.351558583130146 1.809654104932039 6
      vertex -8.26640272481713 1.628688694438835 6
    endloop
  endfacet
  facet normal 0 0 -1
    outer loop
      vertex -8.351558583130146 1.809654104932039 6
      vertex -8.118033988749895 1.902113032590307 6
      vertex -8.26640272481713 1.628688694438835 6
    endloop
  endfacet
  facet normal 0 0 -1
    outer loop
      vertex -8.26640272481713 1.628688694438835 6
      vertex -8.118033988749895 1.902113032590307 6
      vertex -8.056230589874906 1.7119017293312764 6
    endloop
  endfacet
  facet normal 0 0 -1
    outer loop
      vertex -8.056230589874906 1.7119017293312764 6
      vertex -8.118033988749895 1.902113032590307 6
      vertex -7.874762629171449 1.9645745014573774 6
    endloop
  endfacet
  facet normal 0 0 -1
    outer loop
      vertex -8.056230589874906 1.7119017293312764 6
      vertex -7.874762629171449 1.9645745014573774 6
      vertex -7.837286366254304 1.7681170513116398 6
    endloop
  endfacet
  facet normal 0 0 -1
    outer loop
      vertex -7.837286366254304 1.7681170513116398 6
      vertex -7.874762629171449 1.9645745014573774 6
      vertex -7.625581039058627 1.9960534568565431 6
    endloop
  endfacet
  facet normal 0 0 -1
    outer loop
      vertex -7.837286366254304 1.7681170513116398 6
      vertex -7.625581039058627 1.9960534568565431 6
      vertex -7.613022935152764 1.7964481111708888 6
    endloop
  endfacet
  facet normal 0 0 -1
    outer loop
      vertex -6.5355117690378055 1.519790265903627 6
      vertex -6.2251520205026205 1.5410264855515783 6
      vertex -6.352636818452359 1.3869238369964205 6
    endloop
  endfacet
  facet normal 0 0 -1
    outer loop
      vertex -6.352636818452359 1.3869238369964205 6
      vertex -6.0420627451571765 1.3690942118573775 6
      vertex -6.187856470641459 1.2321847906716397 6
    endloop
  endfacet
  facet normal 0 0 -1
    outer loop
      vertex -6.352636818452359 1.3869238369964205 6
      vertex -6.2251520205026205 1.5410264855515783 6
      vertex -6.0420627451571765 1.3690942118573775 6
    endloop
  endfacet
  facet normal 0 0 -1
    outer loop
      vertex -7.613022935152764 1.7964481111708888 6
      vertex -7.374418960941373 1.9960534568565431 6
      vertex -7.386977064847236 1.7964481111708888 6
    endloop
  endfacet
  facet normal 0 0 -1
    outer loop
      vertex -7.613022935152764 1.7964481111708888 6
      vertex -7.625581039058627 1.9960534568565431 6
      vertex -7.374418960941373 1.9960534568565431 6
    endloop
  endfacet
  facet normal 0 0 -1
    outer loop
      vertex -7.386977064847236 1.7964481111708888 6
      vertex -7.374418960941373 1.9960534568565431 6
      vertex -7.125237370828551 1.9645745014573774 6
    endloop
  endfacet
  facet normal 0 0 -1
    outer loop
      vertex -7.386977064847236 1.7964481111708888 6
      vertex -7.125237370828551 1.9645745014573774 6
      vertex -7.162713633745696 1.7681170513116398 6
    endloop
  endfacet
  facet normal 0 0 -1
    outer loop
      vertex -7.162713633745696 1.7681170513116398 6
      vertex -6.881966011250105 1.902113032590307 6
      vertex -6.943769410125094 1.7119017293312764 6
    endloop
  endfacet
  facet normal 0 0 -1
    outer loop
      vertex -7.162713633745696 1.7681170513116398 6
      vertex -7.125237370828551 1.9645745014573774 6
      vertex -6.881966011250105 1.902113032590307 6
    endloop
  endfacet
  facet normal 0 0 -1
    outer loop
      vertex -6.943769410125094 1.7119017293312764 6
      vertex -6.648441416869854 1.809654104932039 6
      vertex -6.733597275182869 1.628688694438835 6
    endloop
  endfacet
  facet normal 0 0 -1
    outer loop
      vertex -6.943769410125094 1.7119017293312764 6
      vertex -6.881966011250105 1.902113032590307 6
      vertex -6.648441416869854 1.809654104932039 6
    endloop
  endfacet
  facet normal 0 0 -1
    outer loop
      vertex -6.5355117690378055 1.519790265903627 6
      vertex -6.733597275182869 1.628688694438835 6
      vertex -6.428346410042007 1.6886558510040302 6
    endloop
  endfacet
  facet normal 0 0 -1
    outer loop
      vertex -6.733597275182869 1.628688694438835 6
      vertex -6.648441416869854 1.809654104932039 6
      vertex -6.428346410042007 1.6886558510040302 6
    endloop
  endfacet
  facet normal 0 0 -1
    outer loop
      vertex -6.5355117690378055 1.519790265903627 6
      vertex -6.428346410042007 1.6886558510040302 6
      vertex -6.2251520205026205 1.5410264855515783 6
    endloop
  endfacet
  facet normal 0 0 -1
    outer loop
      vertex -5.756550309968464 0.44764179689673866 6
      vertex -5.826402325401148 0.6626241948324204 6
      vertex -5.747386639912273 0.9635073482034306 6
    endloop
  endfacet
  facet normal 0 0 -1
    outer loop
      vertex -5.640447028223497 -0.7362491053693567 6
      vertex -5.7 0 6
      vertex -5.747386639912273 0.9635073482034306 6
    endloop
  endfacet
  facet normal 0 0 -1
    outer loop
      vertex -5.640447028223497 -0.7362491053693567 6
      vertex -5.747386639912273 0.9635073482034306 6
      vertex -5.640447028223497 0.736249105369356 6
    endloop
  endfacet
  facet normal 0 0 -1
    outer loop
      vertex -5.562833677742738 -0.49737977432970887 6
      vertex -5.640447028223497 0.736249105369356 6
      vertex -5.562833677742738 0.4973797743297096 6
    endloop
  endfacet
  facet normal 0 0 -1
    outer loop
      vertex -5.515770597371044 -0.25066646712860813 6
      vertex -5.515770597371044 0.2506664671286085 6
      vertex -5.5 0 6
    endloop
  endfacet
  facet normal 0 0 -1
    outer loop
      vertex -5.515770597371044 -0.25066646712860813 6
      vertex -5.562833677742738 0.4973797743297096 6
      vertex -5.515770597371044 0.2506664671286085 6
    endloop
  endfacet
  facet normal 0 0 -1
    outer loop
      vertex -5.747386639912273 0.9635073482034306 6
      vertex -5.7 0 6
      vertex -5.71419353763394 0.22559982041574766 6
    endloop
  endfacet
  facet normal 0 0 -1
    outer loop
      vertex -5.756550309968464 0.44764179689673866 6
      vertex -5.747386639912273 0.9635073482034306 6
      vertex -5.71419353763394 0.22559982041574766 6
    endloop
  endfacet
  facet normal 0 0 -1
    outer loop
      vertex -5.922647975921046 0.8671566133830876 6
      vertex -6.043769410125094 1.0580134541264516 6
      vertex -5.881966011250105 1.1755705045849463 6
    endloop
  endfacet
  facet normal 0 0 -1
    outer loop
      vertex -5.826402325401148 0.6626241948324204 6
      vertex -5.922647975921046 0.8671566133830876 6
      vertex -5.747386639912273 0.9635073482034306 6
    endloop
  endfacet
  facet normal 0 0 -1
    outer loop
      vertex -5.922647975921046 0.8671566133830876 6
      vertex -5.881966011250105 1.1755705045849463 6
      vertex -5.747386639912273 0.9635073482034306 6
    endloop
  endfacet
  facet normal 0 0 -1
    outer loop
      vertex -6.187856470641459 1.2321847906716397 6
      vertex -6.0420627451571765 1.3690942118573775 6
      vertex -6.043769410125094 1.0580134541264516 6
    endloop
  endfacet
  facet normal 0 0 -1
    outer loop
      vertex -6.043769410125094 1.0580134541264516 6
      vertex -6.0420627451571765 1.3690942118573775 6
      vertex -5.881966011250105 1.1755705045849463 6
    endloop
  endfacet
  facet normal 0.9510565162951534 0.30901699437494823 0
    outer loop
      vertex -9.173597674598852 -0.6626241948324202 6
      vertex -9.243449690031536 -0.4476417968967387 6
      vertex -9.243449690031536 -0.4476417968967387 12
    endloop
  endfacet
  facet normal 0.9822872507286879 0.18738131458572846 0
    outer loop
      vertex -9.243449690031536 -0.4476417968967387 6
      vertex -9.285806462366061 -0.22559982041574733 6
      vertex -9.285806462366061 -0.22559982041574733 12
    endloop
  endfacet
  facet normal 0.9980267284282716 0.06279051952931261 0
    outer loop
      vertex -9.285806462366061 -0.22559982041574733 6
      vertex -9.3 0 6
      vertex -9.3 0 12
    endloop
  endfacet
  facet normal 0.4817536741017142 0.8763066800438641 0
    outer loop
      vertex -8.464488230962194 -1.5197902659036269 6
      vertex -8.464488230962194 -1.5197902659036269 12
      vertex -8.26640272481713 -1.6286886944388352 6
    endloop
  endfacet
  facet normal 0.36812455268467875 0.9297764858882511 0
    outer loop
      vertex -8.26640272481713 -1.6286886944388352 6
      vertex -8.26640272481713 -1.6286886944388352 12
      vertex -8.056230589874906 -1.7119017293312764 6
    endloop
  endfacet
  facet normal 0.248689887164855 0.9685831611286311 0
    outer loop
      vertex -8.056230589874906 -1.7119017293312764 6
      vertex -8.056230589874906 -1.7119017293312764 12
      vertex -7.837286366254305 -1.7681170513116395 6
    endloop
  endfacet
  facet normal 0.1253332335643046 0.9921147013144778 0
    outer loop
      vertex -7.837286366254305 -1.7681170513116395 6
      vertex -7.837286366254305 -1.7681170513116395 12
      vertex -7.613022935152765 -1.7964481111708888 6
    endloop
  endfacet
  facet normal 0.8443279255020147 0.5358267949789973 0
    outer loop
      vertex -8.956230589874906 -1.0580134541264516 6
      vertex -9.077352024078955 -0.8671566133830877 6
      vertex -9.077352024078955 -0.8671566133830877 12
    endloop
  endfacet
  facet normal 0.7705132427757897 0.637423989748689 0
    outer loop
      vertex -8.956230589874906 -1.0580134541264516 6
      vertex -8.956230589874906 -1.0580134541264516 12
      vertex -8.812143529358542 -1.2321847906716394 6
    endloop
  endfacet
  facet normal 0.6845471059286872 0.7289686274214128 0
    outer loop
      vertex -8.647363181547641 -1.386923836996421 6
      vertex -8.812143529358542 -1.2321847906716394 6
      vertex -8.812143529358542 -1.2321847906716394 12
    endloop
  endfacet
  facet normal 0.587785252292473 0.8090169943749476 0
    outer loop
      vertex -8.647363181547641 -1.386923836996421 6
      vertex -8.647363181547641 -1.386923836996421 12
      vertex -8.464488230962194 -1.5197902659036269 6
    endloop
  endfacet
  facet normal 0.9048270524660214 0.42577929156506894 0
    outer loop
      vertex -9.173597674598852 -0.6626241948324202 6
      vertex -9.173597674598852 -0.6626241948324202 12
      vertex -9.077352024078955 -0.8671566133830877 6
    endloop
  endfacet
  facet normal 0 1 0
    outer loop
      vertex -7.613022935152765 -1.7964481111708888 6
      vertex -7.613022935152765 -1.7964481111708888 12
      vertex -7.386977064847235 -1.7964481111708888 6
    endloop
  endfacet
  facet normal -0.1253332335643046 0.9921147013144778 0
    outer loop
      vertex -7.386977064847235 -1.7964481111708888 6
      vertex -7.386977064847235 -1.7964481111708888 12
      vertex -7.162713633745695 -1.7681170513116395 6
    endloop
  endfacet
  facet normal -0.248689887164855 0.9685831611286311 0
    outer loop
      vertex -7.162713633745695 -1.7681170513116395 6
      vertex -7.162713633745695 -1.7681170513116395 12
      vertex -6.943769410125094 -1.7119017293312764 6
    endloop
  endfacet
  facet normal -0.36812455268467875 0.9297764858882511 0
    outer loop
      vertex -6.943769410125094 -1.7119017293312764 6
      vertex -6.943769410125094 -1.7119017293312764 12
      vertex -6.73359727518287 -1.6286886944388352 6
    endloop
  endfacet
  facet normal -0.48175367410171527 0.8763066800438637 0
    outer loop
      vertex -6.73359727518287 -1.6286886944388352 6
      vertex -6.73359727518287 -1.6286886944388352 12
      vertex -6.535511769037807 -1.5197902659036275 6
    endloop
  endfacet
  facet normal -0.5877852522924712 0.8090169943749488 0
    outer loop
      vertex -6.535511769037807 -1.5197902659036275 6
      vertex -6.535511769037807 -1.5197902659036275 12
      vertex -6.352636818452358 -1.3869238369964203 6
    endloop
  endfacet
  facet normal -0.6845471059286896 0.7289686274214107 0
    outer loop
      vertex -6.352636818452358 -1.3869238369964203 6
      vertex -6.352636818452358 -1.3869238369964203 12
      vertex -6.187856470641459 -1.2321847906716394 6
    endloop
  endfacet
  facet normal -0.7705132427757878 0.6374239897486914 0
    outer loop
      vertex -6.187856470641459 -1.2321847906716394 6
      vertex -6.187856470641459 -1.2321847906716394 12
      vertex -6.043769410125094 -1.0580134541264516 6
    endloop
  endfacet
  facet normal -0.8443279255020164 0.5358267949789944 0
    outer loop
      vertex -6.043769410125094 -1.0580134541264516 6
      vertex -6.043769410125094 -1.0580134541264516 12
      vertex -5.922647975921046 -0.8671566133830877 6
    endloop
  endfacet
  facet normal -0.904827052466019 0.42577929156507366 0
    outer loop
      vertex -5.922647975921046 -0.8671566133830877 6
      vertex -5.922647975921046 -0.8671566133830877 12
      vertex -5.826402325401148 -0.6626241948324211 6
    endloop
  endfacet
  facet normal -0.951056516295154 0.30901699437494606 0
    outer loop
      vertex -5.826402325401148 -0.6626241948324211 6
      vertex -5.826402325401148 -0.6626241948324211 12
      vertex -5.756550309968464 -0.447641796896738 6
    endloop
  endfacet
  facet normal -0.9822872507286886 0.1873813145857253 0
    outer loop
      vertex -5.756550309968464 -0.447641796896738 6
      vertex -5.756550309968464 -0.447641796896738 12
      vertex -5.71419353763394 -0.22559982041574733 6
    endloop
  endfacet
  facet normal -0.9980267284282716 0.06279051952931261 0
    outer loop
      vertex -5.71419353763394 -0.22559982041574733 6
      vertex -5.71419353763394 -0.22559982041574733 12
      vertex -5.7 0 6
    endloop
  endfacet
  facet normal 0.9510565162951534 0.30901699437494823 0
    outer loop
      vertex -9.173597674598852 -0.6626241948324202 6
      vertex -9.243449690031536 -0.4476417968967387 12
      vertex -9.173597674598852 -0.6626241948324202 12
    endloop
  endfacet
  facet normal 0.9822872507286879 0.18738131458572846 0
    outer loop
      vertex -9.243449690031536 -0.4476417968967387 6
      vertex -9.285806462366061 -0.22559982041574733 12
      vertex -9.243449690031536 -0.4476417968967387 12
    endloop
  endfacet
  facet normal 0.9980267284282716 0.06279051952931261 0
    outer loop
      vertex -9.285806462366061 -0.22559982041574733 6
      vertex -9.3 0 12
      vertex -9.285806462366061 -0.22559982041574733 12
    endloop
  endfacet
  facet normal 0.4817536741017142 0.8763066800438641 0
    outer loop
      vertex -8.26640272481713 -1.6286886944388352 6
      vertex -8.464488230962194 -1.5197902659036269 12
      vertex -8.26640272481713 -1.6286886944388352 12
    endloop
  endfacet
  facet normal 0.36812455268467875 0.9297764858882511 0
    outer loop
      vertex -8.056230589874906 -1.7119017293312764 6
      vertex -8.26640272481713 -1.6286886944388352 12
      vertex -8.056230589874906 -1.7119017293312764 12
    endloop
  endfacet
  facet normal 0.248689887164855 0.9685831611286311 0
    outer loop
      vertex -7.837286366254305 -1.7681170513116395 6
      vertex -8.056230589874906 -1.7119017293312764 12
      vertex -7.837286366254305 -1.7681170513116395 12
    endloop
  endfacet
  facet normal 0.1253332335643046 0.9921147013144778 0
    outer loop
      vertex -7.613022935152765 -1.7964481111708888 6
      vertex -7.837286366254305 -1.7681170513116395 12
      vertex -7.613022935152765 -1.7964481111708888 12
    endloop
  endfacet
  facet normal 0.7705132427757897 0.637423989748689 0
    outer loop
      vertex -8.812143529358542 -1.2321847906716394 6
      vertex -8.956230589874906 -1.0580134541264516 12
      vertex -8.812143529358542 -1.2321847906716394 12
    endloop
  endfacet
  facet normal 0.8443279255020147 0.5358267949789973 0
    outer loop
      vertex -8.956230589874906 -1.0580134541264516 6
      vertex -9.077352024078955 -0.8671566133830877 12
      vertex -8.956230589874906 -1.0580134541264516 12
    endloop
  endfacet
  facet normal 0.9048270524660214 0.42577929156506894 0
    outer loop
      vertex -9.077352024078955 -0.8671566133830877 6
      vertex -9.173597674598852 -0.6626241948324202 12
      vertex -9.077352024078955 -0.8671566133830877 12
    endloop
  endfacet
  facet normal 0.6845471059286872 0.7289686274214128 0
    outer loop
      vertex -8.647363181547641 -1.386923836996421 6
      vertex -8.812143529358542 -1.2321847906716394 12
      vertex -8.647363181547641 -1.386923836996421 12
    endloop
  endfacet
  facet normal 0.587785252292473 0.8090169943749476 0
    outer loop
      vertex -8.464488230962194 -1.5197902659036269 6
      vertex -8.647363181547641 -1.386923836996421 12
      vertex -8.464488230962194 -1.5197902659036269 12
    endloop
  endfacet
  facet normal 0 1 0
    outer loop
      vertex -7.386977064847235 -1.7964481111708888 6
      vertex -7.613022935152765 -1.7964481111708888 12
      vertex -7.386977064847235 -1.7964481111708888 12
    endloop
  endfacet
  facet normal -0.1253332335643046 0.9921147013144778 0
    outer loop
      vertex -7.162713633745695 -1.7681170513116395 6
      vertex -7.386977064847235 -1.7964481111708888 12
      vertex -7.162713633745695 -1.7681170513116395 12
    endloop
  endfacet
  facet normal -0.248689887164855 0.9685831611286311 0
    outer loop
      vertex -6.943769410125094 -1.7119017293312764 6
      vertex -7.162713633745695 -1.7681170513116395 12
      vertex -6.943769410125094 -1.7119017293312764 12
    endloop
  endfacet
  facet normal -0.36812455268467875 0.9297764858882511 0
    outer loop
      vertex -6.73359727518287 -1.6286886944388352 6
      vertex -6.943769410125094 -1.7119017293312764 12
      vertex -6.73359727518287 -1.6286886944388352 12
    endloop
  endfacet
  facet normal -0.48175367410171527 0.8763066800438637 0
    outer loop
      vertex -6.535511769037807 -1.5197902659036275 6
      vertex -6.73359727518287 -1.6286886944388352 12
      vertex -6.535511769037807 -1.5197902659036275 12
    endloop
  endfacet
  facet normal -0.5877852522924712 0.8090169943749488 0
    outer loop
      vertex -6.352636818452358 -1.3869238369964203 6
      vertex -6.535511769037807 -1.5197902659036275 12
      vertex -6.352636818452358 -1.3869238369964203 12
    endloop
  endfacet
  facet normal -0.6845471059286896 0.7289686274214107 0
    outer loop
      vertex -6.187856470641459 -1.2321847906716394 6
      vertex -6.352636818452358 -1.3869238369964203 12
      vertex -6.187856470641459 -1.2321847906716394 12
    endloop
  endfacet
  facet normal -0.7705132427757878 0.6374239897486914 0
    outer loop
      vertex -6.043769410125094 -1.0580134541264516 6
      vertex -6.187856470641459 -1.2321847906716394 12
      vertex -6.043769410125094 -1.0580134541264516 12
    endloop
  endfacet
  facet normal -0.8443279255020164 0.5358267949789944 0
    outer loop
      vertex -5.922647975921046 -0.8671566133830877 6
      vertex -6.043769410125094 -1.0580134541264516 12
      vertex -5.922647975921046 -0.8671566133830877 12
    endloop
  endfacet
  facet normal -0.904827052466019 0.42577929156507366 0
    outer loop
      vertex -5.826402325401148 -0.6626241948324211 6
      vertex -5.922647975921046 -0.8671566133830877 12
      vertex -5.826402325401148 -0.6626241948324211 12
    endloop
  endfacet
  facet normal -0.951056516295154 0.30901699437494606 0
    outer loop
      vertex -5.756550309968464 -0.447641796896738 6
      vertex -5.826402325401148 -0.6626241948324211 12
      vertex -5.756550309968464 -0.447641796896738 12
    endloop
  endfacet
  facet normal -0.9822872507286886 0.1873813145857253 0
    outer loop
      vertex -5.71419353763394 -0.22559982041574733 6
      vertex -5.756550309968464 -0.447641796896738 12
      vertex -5.71419353763394 -0.22559982041574733 12
    endloop
  endfacet
  facet normal -0.9980267284282716 0.06279051952931261 0
    outer loop
      vertex -5.7 0 6
      vertex -5.71419353763394 -0.22559982041574733 12
      vertex -5.7 0 12
    endloop
  endfacet
  facet normal 0.9980267284282716 -0.06279051952931261 0
    outer loop
      vertex -9.3 0 6
      vertex -9.285806462366061 0.22559982041574733 6
      vertex -9.285806462366061 0.22559982041574733 12
    endloop
  endfacet
  facet normal 0.9822872507286879 -0.18738131458572846 0
    outer loop
      vertex -9.285806462366061 0.22559982041574733 6
      vertex -9.243449690031536 0.4476417968967387 6
      vertex -9.243449690031536 0.4476417968967387 12
    endloop
  endfacet
  facet normal 0.9510565162951534 -0.30901699437494823 0
    outer loop
      vertex -9.243449690031536 0.4476417968967387 6
      vertex -9.173597674598852 0.6626241948324202 6
      vertex -9.173597674598852 0.6626241948324202 12
    endloop
  endfacet
  facet normal 0.9048270524660214 -0.42577929156506894 0
    outer loop
      vertex -9.173597674598852 0.6626241948324202 6
      vertex -9.077352024078955 0.8671566133830877 6
      vertex -9.077352024078955 0.8671566133830877 12
    endloop
  endfacet
  facet normal 0.8443279255020147 -0.5358267949789973 0
    outer loop
      vertex -9.077352024078955 0.8671566133830877 6
      vertex -8.956230589874906 1.0580134541264516 6
      vertex -8.956230589874906 1.0580134541264516 12
    endloop
  endfacet
  facet normal 0.7705132427757897 -0.637423989748689 0
    outer loop
      vertex -8.956230589874906 1.0580134541264516 6
      vertex -8.812143529358542 1.2321847906716394 6
      vertex -8.812143529358542 1.2321847906716394 12
    endloop
  endfacet
  facet normal 0.6845471059286872 -0.7289686274214128 0
    outer loop
      vertex -8.812143529358542 1.2321847906716394 6
      vertex -8.647363181547641 1.386923836996421 6
      vertex -8.647363181547641 1.386923836996421 12
    endloop
  endfacet
  facet normal 0.587785252292473 -0.8090169943749476 0
    outer loop
      vertex -8.647363181547641 1.386923836996421 6
      vertex -8.464488230962194 1.5197902659036269 6
      vertex -8.464488230962194 1.5197902659036269 12
    endloop
  endfacet
  facet normal 0.4817536741017135 -0.8763066800438646 0
    outer loop
      vertex -8.464488230962194 1.5197902659036269 6
      vertex -8.26640272481713 1.628688694438835 6
      vertex -8.26640272481713 1.628688694438835 12
    endloop
  endfacet
  facet normal 0.3681245526846796 -0.9297764858882508 0
    outer loop
      vertex -8.26640272481713 1.628688694438835 6
      vertex -8.056230589874906 1.7119017293312764 6
      vertex -8.056230589874906 1.7119017293312764 12
    endloop
  endfacet
  facet normal 0.24868988716485496 -0.9685831611286311 0
    outer loop
      vertex -8.056230589874906 1.7119017293312764 6
      vertex -7.837286366254304 1.7681170513116398 6
      vertex -7.837286366254304 1.7681170513116398 12
    endloop
  endfacet
  facet normal 0.12533323356430362 -0.992114701314478 0
    outer loop
      vertex -7.837286366254304 1.7681170513116398 6
      vertex -7.613022935152764 1.7964481111708888 6
      vertex -7.613022935152764 1.7964481111708888 12
    endloop
  endfacet
  facet normal -0.5877852522924749 -0.8090169943749461 0
    outer loop
      vertex -6.5355117690378055 1.519790265903627 6
      vertex -6.352636818452359 1.3869238369964205 6
      vertex -6.352636818452359 1.3869238369964205 12
    endloop
  endfacet
  facet normal -0.6845471059286877 -0.7289686274214126 0
    outer loop
      vertex -6.352636818452359 1.3869238369964205 6
      vertex -6.187856470641459 1.2321847906716397 6
      vertex -6.187856470641459 1.2321847906716397 12
    endloop
  endfacet
  facet normal 0 -1 0
    outer loop
      vertex -7.613022935152764 1.7964481111708888 6
      vertex -7.386977064847236 1.7964481111708888 6
      vertex -7.386977064847236 1.7964481111708888 12
    endloop
  endfacet
  facet normal -0.12533323356430362 -0.992114701314478 0
    outer loop
      vertex -7.386977064847236 1.7964481111708888 6
      vertex -7.162713633745696 1.7681170513116398 6
      vertex -7.162713633745696 1.7681170513116398 12
    endloop
  endfacet
  facet normal -0.24868988716485496 -0.9685831611286311 0
    outer loop
      vertex -7.162713633745696 1.7681170513116398 6
      vertex -6.943769410125094 1.7119017293312764 6
      vertex -6.943769410125094 1.7119017293312764 12
    endloop
  endfacet
  facet normal -0.3681245526846783 -0.9297764858882513 0
    outer loop
      vertex -6.943769410125094 1.7119017293312764 6
      vertex -6.733597275182869 1.628688694438835 6
      vertex -6.733597275182869 1.628688694438835 12
    endloop
  endfacet
  facet normal -0.4817536741017144 -0.8763066800438641 0
    outer loop
      vertex -6.5355117690378055 1.519790265903627 6
      vertex -6.5355117690378055 1.519790265903627 12
      vertex -6.733597275182869 1.628688694438835 6
    endloop
  endfacet
  facet normal -0.9510565162951535 -0.30901699437494784 0
    outer loop
      vertex -5.756550309968464 0.44764179689673866 6
      vertex -5.756550309968464 0.44764179689673866 12
      vertex -5.826402325401148 0.6626241948324204 6
    endloop
  endfacet
  facet normal -0.9048270524660196 -0.42577929156507277 0
    outer loop
      vertex -5.826402325401148 0.6626241948324204 6
      vertex -5.826402325401148 0.6626241948324204 12
      vertex -5.922647975921046 0.8671566133830876 6
    endloop
  endfacet
  facet normal -0.9980267284282716 -0.06279051952931253 0
    outer loop
      vertex -5.7 0 6
      vertex -5.7 0 12
      vertex -5.71419353763394 0.22559982041574766 6
    endloop
  endfacet
  facet normal -0.9822872507286887 -0.18738131458572502 0
    outer loop
      vertex -5.756550309968464 0.44764179689673866 6
      vertex -5.71419353763394 0.22559982041574766 6
      vertex -5.71419353763394 0.22559982041574766 12
    endloop
  endfacet
  facet normal -0.8443279255020166 -0.5358267949789943 0
    outer loop
      vertex -5.922647975921046 0.8671566133830876 6
      vertex -5.922647975921046 0.8671566133830876 12
      vertex -6.043769410125094 1.0580134541264516 6
    endloop
  endfacet
  facet normal -0.7705132427757883 -0.637423989748691 0
    outer loop
      vertex -6.187856470641459 1.2321847906716397 6
      vertex -6.043769410125094 1.0580134541264516 6
      vertex -6.043769410125094 1.0580134541264516 12
    endloop
  endfacet
  facet normal 0.9980267284282716 -0.06279051952931261 0
    outer loop
      vertex -9.3 0 6
      vertex -9.285806462366061 0.22559982041574733 12
      vertex -9.3 0 12
    endloop
  endfacet
  facet normal 0.9822872507286879 -0.18738131458572846 0
    outer loop
      vertex -9.285806462366061 0.22559982041574733 6
      vertex -9.243449690031536 0.4476417968967387 12
      vertex -9.285806462366061 0.22559982041574733 12
    endloop
  endfacet
  facet normal 0.9510565162951534 -0.30901699437494823 0
    outer loop
      vertex -9.243449690031536 0.4476417968967387 6
      vertex -9.173597674598852 0.6626241948324202 12
      vertex -9.243449690031536 0.4476417968967387 12
    endloop
  endfacet
  facet normal 0.9048270524660214 -0.42577929156506894 0
    outer loop
      vertex -9.173597674598852 0.6626241948324202 6
      vertex -9.077352024078955 0.8671566133830877 12
      vertex -9.173597674598852 0.6626241948324202 12
    endloop
  endfacet
  facet normal 0.8443279255020147 -0.5358267949789973 0
    outer loop
      vertex -9.077352024078955 0.8671566133830877 6
      vertex -8.956230589874906 1.0580134541264516 12
      vertex -9.077352024078955 0.8671566133830877 12
    endloop
  endfacet
  facet normal 0.7705132427757897 -0.637423989748689 0
    outer loop
      vertex -8.956230589874906 1.0580134541264516 6
      vertex -8.812143529358542 1.2321847906716394 12
      vertex -8.956230589874906 1.0580134541264516 12
    endloop
  endfacet
  facet normal 0.6845471059286872 -0.7289686274214128 0
    outer loop
      vertex -8.812143529358542 1.2321847906716394 6
      vertex -8.647363181547641 1.386923836996421 12
      vertex -8.812143529358542 1.2321847906716394 12
    endloop
  endfacet
  facet normal 0.587785252292473 -0.8090169943749476 0
    outer loop
      vertex -8.647363181547641 1.386923836996421 6
      vertex -8.464488230962194 1.5197902659036269 12
      vertex -8.647363181547641 1.386923836996421 12
    endloop
  endfacet
  facet normal 0.4817536741017135 -0.8763066800438646 0
    outer loop
      vertex -8.464488230962194 1.5197902659036269 6
      vertex -8.26640272481713 1.628688694438835 12
      vertex -8.464488230962194 1.5197902659036269 12
    endloop
  endfacet
  facet normal 0.3681245526846796 -0.9297764858882508 0
    outer loop
      vertex -8.26640272481713 1.628688694438835 6
      vertex -8.056230589874906 1.7119017293312764 12
      vertex -8.26640272481713 1.628688694438835 12
    endloop
  endfacet
  facet normal 0.24868988716485496 -0.9685831611286311 0
    outer loop
      vertex -8.056230589874906 1.7119017293312764 6
      vertex -7.837286366254304 1.7681170513116398 12
      vertex -8.056230589874906 1.7119017293312764 12
    endloop
  endfacet
  facet normal 0.12533323356430362 -0.992114701314478 0
    outer loop
      vertex -7.837286366254304 1.7681170513116398 6
      vertex -7.613022935152764 1.7964481111708888 12
      vertex -7.837286366254304 1.7681170513116398 12
    endloop
  endfacet
  facet normal -0.5877852522924749 -0.8090169943749461 0
    outer loop
      vertex -6.5355117690378055 1.519790265903627 6
      vertex -6.352636818452359 1.3869238369964205 12
      vertex -6.5355117690378055 1.519790265903627 12
    endloop
  endfacet
  facet normal -0.6845471059286877 -0.7289686274214126 0
    outer loop
      vertex -6.352636818452359 1.3869238369964205 6
      vertex -6.187856470641459 1.2321847906716397 12
      vertex -6.352636818452359 1.3869238369964205 12
    endloop
  endfacet
  facet normal -0.7705132427757883 -0.637423989748691 0
    outer loop
      vertex -6.187856470641459 1.2321847906716397 6
      vertex -6.043769410125094 1.0580134541264516 12
      vertex -6.187856470641459 1.2321847906716397 12
    endloop
  endfacet
  facet normal 0 -1 0
    outer loop
      vertex -7.613022935152764 1.7964481111708888 6
      vertex -7.386977064847236 1.7964481111708888 12
      vertex -7.613022935152764 1.7964481111708888 12
    endloop
  endfacet
  facet normal -0.12533323356430362 -0.992114701314478 0
    outer loop
      vertex -7.386977064847236 1.7964481111708888 6
      vertex -7.162713633745696 1.7681170513116398 12
      vertex -7.386977064847236 1.7964481111708888 12
    endloop
  endfacet
  facet normal -0.24868988716485496 -0.9685831611286311 0
    outer loop
      vertex -7.162713633745696 1.7681170513116398 6
      vertex -6.943769410125094 1.7119017293312764 12
      vertex -7.162713633745696 1.7681170513116398 12
    endloop
  endfacet
  facet normal -0.3681245526846783 -0.9297764858882513 0
    outer loop
      vertex -6.943769410125094 1.7119017293312764 6
      vertex -6.733597275182869 1.628688694438835 12
      vertex -6.943769410125094 1.7119017293312764 12
    endloop
  endfacet
  facet normal -0.4817536741017144 -0.8763066800438641 0
    outer loop
      vertex -6.733597275182869 1.628688694438835 6
      vertex -6.5355117690378055 1.519790265903627 12
      vertex -6.733597275182869 1.628688694438835 12
    endloop
  endfacet
  facet normal -0.9822872507286887 -0.18738131458572502 0
    outer loop
      vertex -5.756550309968464 0.44764179689673866 6
      vertex -5.71419353763394 0.22559982041574766 12
      vertex -5.756550309968464 0.44764179689673866 12
    endloop
  endfacet
  facet normal -0.9510565162951535 -0.30901699437494784 0
    outer loop
      vertex -5.826402325401148 0.6626241948324204 6
      vertex -5.756550309968464 0.44764179689673866 12
      vertex -5.826402325401148 0.6626241948324204 12
    endloop
  endfacet
  facet normal -0.9980267284282716 -0.06279051952931253 0
    outer loop
      vertex -5.71419353763394 0.22559982041574766 6
      vertex -5.7 0 12
      vertex -5.71419353763394 0.22559982041574766 12
    endloop
  endfacet
  facet normal -0.8443279255020166 -0.5358267949789943 0
    outer loop
      vertex -6.043769410125094 1.0580134541264516 6
      vertex -5.922647975921046 0.8671566133830876 12
      vertex -6.043769410125094 1.0580134541264516 12
    endloop
  endfacet
  facet normal -0.9048270524660196 -0.42577929156507277 0
    outer loop
      vertex -5.922647975921046 0.8671566133830876 6
      vertex -5.826402325401148 0.6626241948324204 12
      vertex -5.922647975921046 0.8671566133830876 12
    endloop
  endfacet
  facet normal 0.9048270524660196 0.4257792915650724 0
    outer loop
      vertex 5.640447028223497 -0.7362491053693557 6
      vertex 5.747386639912273 -0.9635073482034308 0
      vertex 5.640447028223497 -0.7362491053693557 0
    endloop
  endfacet
  facet normal 0.7705132427757896 0.6374239897486894 0
    outer loop
      vertex 5.881966011250105 -1.1755705045849463 6
      vertex 6.0420627451571765 -1.369094211857377 0
      vertex 5.881966011250105 -1.1755705045849463 0
    endloop
  endfacet
  facet normal 0.8443279255020154 0.5358267949789962 0
    outer loop
      vertex 5.747386639912273 -0.9635073482034308 6
      vertex 5.881966011250105 -1.1755705045849463 0
      vertex 5.747386639912273 -0.9635073482034308 0
    endloop
  endfacet
  facet normal 0.9510565162951534 0.3090169943749479 0
    outer loop
      vertex 5.562833677742738 -0.4973797743297097 6
      vertex 5.640447028223497 -0.7362491053693557 0
      vertex 5.562833677742738 -0.4973797743297097 0
    endloop
  endfacet
  facet normal 0.9822872507286885 0.18738131458572582 0
    outer loop
      vertex 5.515770597371044 -0.25066646712860813 6
      vertex 5.562833677742738 -0.4973797743297097 0
      vertex 5.515770597371044 -0.25066646712860813 0
    endloop
  endfacet
  facet normal 0.9980267284282717 0.06279051952931222 0
    outer loop
      vertex 5.5 0 6
      vertex 5.515770597371044 -0.25066646712860813 0
      vertex 5.5 0 0
    endloop
  endfacet
  facet normal 0.5877852522924715 0.8090169943749488 0
    outer loop
      vertex 6.428346410042007 -1.68865585100403 6
      vertex 6.428346410042007 -1.68865585100403 0
      vertex 6.2251520205026205 -1.5410264855515787 0
    endloop
  endfacet
  facet normal 0.48175367410171577 0.8763066800438633 0
    outer loop
      vertex 6.648441416869855 -1.8096541049320392 6
      vertex 6.648441416869855 -1.8096541049320392 0
      vertex 6.428346410042007 -1.68865585100403 0
    endloop
  endfacet
  facet normal 0.368124552684678 0.9297764858882513 0
    outer loop
      vertex 6.881966011250105 -1.902113032590307 6
      vertex 6.881966011250105 -1.902113032590307 0
      vertex 6.648441416869855 -1.8096541049320392 0
    endloop
  endfacet
  facet normal 0.24868988716485488 0.9685831611286311 0
    outer loop
      vertex 7.12523737082855 -1.9645745014573772 6
      vertex 7.12523737082855 -1.9645745014573772 0
      vertex 6.881966011250105 -1.902113032590307 0
    endloop
  endfacet
  facet normal 0.12533323356430512 0.9921147013144777 0
    outer loop
      vertex 7.374418960941372 -1.9960534568565431 6
      vertex 7.374418960941372 -1.9960534568565431 0
      vertex 7.12523737082855 -1.9645745014573772 0
    endloop
  endfacet
  facet normal 0 1 0
    outer loop
      vertex 7.625581039058628 -1.9960534568565431 6
      vertex 7.625581039058628 -1.9960534568565431 0
      vertex 7.374418960941372 -1.9960534568565431 0
    endloop
  endfacet
  facet normal 0.6845471059286891 0.7289686274214111 0
    outer loop
      vertex 6.2251520205026205 -1.5410264855515787 6
      vertex 6.2251520205026205 -1.5410264855515787 0
      vertex 6.0420627451571765 -1.369094211857377 0
    endloop
  endfacet
  facet normal -0.12533323356430512 0.9921147013144777 0
    outer loop
      vertex 7.87476262917145 -1.9645745014573772 6
      vertex 7.87476262917145 -1.9645745014573772 0
      vertex 7.625581039058628 -1.9960534568565431 0
    endloop
  endfacet
  facet normal -0.24868988716485488 0.9685831611286311 0
    outer loop
      vertex 8.118033988749895 -1.902113032590307 6
      vertex 8.118033988749895 -1.902113032590307 0
      vertex 7.87476262917145 -1.9645745014573772 0
    endloop
  endfacet
  facet normal -0.3681245526846768 0.9297764858882519 0
    outer loop
      vertex 8.351558583130146 -1.8096541049320392 6
      vertex 8.351558583130146 -1.8096541049320392 0
      vertex 8.118033988749895 -1.902113032590307 0
    endloop
  endfacet
  facet normal -0.48175367410171527 0.8763066800438636 0
    outer loop
      vertex 8.571653589957993 -1.6886558510040306 6
      vertex 8.571653589957993 -1.6886558510040306 0
      vertex 8.351558583130146 -1.8096541049320392 0
    endloop
  endfacet
  facet normal -0.5877852522924731 0.8090169943749472 0
    outer loop
      vertex 8.77484797949738 -1.541026485551578 6
      vertex 8.77484797949738 -1.541026485551578 0
      vertex 8.571653589957993 -1.6886558510040306 0
    endloop
  endfacet
  facet normal -0.6845471059286894 0.7289686274214108 0
    outer loop
      vertex 8.957937254842824 -1.369094211857377 6
      vertex 8.957937254842824 -1.369094211857377 0
      vertex 8.77484797949738 -1.541026485551578 0
    endloop
  endfacet
  facet normal -0.7705132427757896 0.6374239897486894 0
    outer loop
      vertex 8.957937254842824 -1.369094211857377 6
      vertex 9.118033988749895 -1.1755705045849463 0
      vertex 8.957937254842824 -1.369094211857377 0
    endloop
  endfacet
  facet normal -0.8443279255020154 0.5358267949789962 0
    outer loop
      vertex 9.118033988749895 -1.1755705045849463 6
      vertex 9.252613360087727 -0.9635073482034308 0
      vertex 9.118033988749895 -1.1755705045849463 0
    endloop
  endfacet
  facet normal -0.9048270524660204 0.42577929156507105 0
    outer loop
      vertex 9.252613360087727 -0.9635073482034308 6
      vertex 9.359552971776502 -0.7362491053693567 0
      vertex 9.252613360087727 -0.9635073482034308 0
    endloop
  endfacet
  facet normal -0.9510565162951531 0.30901699437494895 0
    outer loop
      vertex 9.359552971776502 -0.7362491053693567 6
      vertex 9.437166322257262 -0.49737977432970887 0
      vertex 9.359552971776502 -0.7362491053693567 0
    endloop
  endfacet
  facet normal -0.982287250728689 0.18738131458572302 0
    outer loop
      vertex 9.437166322257262 -0.49737977432970887 6
      vertex 9.484229402628955 -0.25066646712860813 0
      vertex 9.437166322257262 -0.49737977432970887 0
    endloop
  endfacet
  facet normal -0.9980267284282713 0.06279051952931575 0
    outer loop
      vertex 9.484229402628955 -0.25066646712860813 6
      vertex 9.5 0 0
      vertex 9.484229402628955 -0.25066646712860813 0
    endloop
  endfacet
  facet normal 0.9048270524660196 0.4257792915650724 0
    outer loop
      vertex 5.640447028223497 -0.7362491053693557 6
      vertex 5.747386639912273 -0.9635073482034308 6
      vertex 5.747386639912273 -0.9635073482034308 0
    endloop
  endfacet
  facet normal 0.6845471059286891 0.7289686274214111 0
    outer loop
      vertex 6.0420627451571765 -1.369094211857377 6
      vertex 6.2251520205026205 -1.5410264855515787 6
      vertex 6.0420627451571765 -1.369094211857377 0
    endloop
  endfacet
  facet normal 0.7705132427757896 0.6374239897486894 0
    outer loop
      vertex 5.881966011250105 -1.1755705045849463 6
      vertex 6.0420627451571765 -1.369094211857377 6
      vertex 6.0420627451571765 -1.369094211857377 0
    endloop
  endfacet
  facet normal 0.8443279255020154 0.5358267949789962 0
    outer loop
      vertex 5.881966011250105 -1.1755705045849463 6
      vertex 5.881966011250105 -1.1755705045849463 0
      vertex 5.747386639912273 -0.9635073482034308 6
    endloop
  endfacet
  facet normal 0.9822872507286885 0.18738131458572582 0
    outer loop
      vertex 5.562833677742738 -0.4973797743297097 6
      vertex 5.562833677742738 -0.4973797743297097 0
      vertex 5.515770597371044 -0.25066646712860813 6
    endloop
  endfacet
  facet normal 0.9510565162951534 0.3090169943749479 0
    outer loop
      vertex 5.640447028223497 -0.7362491053693557 6
      vertex 5.640447028223497 -0.7362491053693557 0
      vertex 5.562833677742738 -0.4973797743297097 6
    endloop
  endfacet
  facet normal 0.9980267284282717 0.06279051952931222 0
    outer loop
      vertex 5.515770597371044 -0.25066646712860813 6
      vertex 5.515770597371044 -0.25066646712860813 0
      vertex 5.5 0 6
    endloop
  endfacet
  facet normal 0.5877852522924715 0.8090169943749488 0
    outer loop
      vertex 6.2251520205026205 -1.5410264855515787 6
      vertex 6.428346410042007 -1.68865585100403 6
      vertex 6.2251520205026205 -1.5410264855515787 0
    endloop
  endfacet
  facet normal 0.48175367410171577 0.8763066800438633 0
    outer loop
      vertex 6.428346410042007 -1.68865585100403 6
      vertex 6.648441416869855 -1.8096541049320392 6
      vertex 6.428346410042007 -1.68865585100403 0
    endloop
  endfacet
  facet normal 0.368124552684678 0.9297764858882513 0
    outer loop
      vertex 6.648441416869855 -1.8096541049320392 6
      vertex 6.881966011250105 -1.902113032590307 6
      vertex 6.648441416869855 -1.8096541049320392 0
    endloop
  endfacet
  facet normal 0.24868988716485488 0.9685831611286311 0
    outer loop
      vertex 6.881966011250105 -1.902113032590307 6
      vertex 7.12523737082855 -1.9645745014573772 6
      vertex 6.881966011250105 -1.902113032590307 0
    endloop
  endfacet
  facet normal 0.12533323356430512 0.9921147013144777 0
    outer loop
      vertex 7.12523737082855 -1.9645745014573772 6
      vertex 7.374418960941372 -1.9960534568565431 6
      vertex 7.12523737082855 -1.9645745014573772 0
    endloop
  endfacet
  facet normal 0 1 0
    outer loop
      vertex 7.374418960941372 -1.9960534568565431 6
      vertex 7.625581039058628 -1.9960534568565431 6
      vertex 7.374418960941372 -1.9960534568565431 0
    endloop
  endfacet
  facet normal -0.12533323356430512 0.9921147013144777 0
    outer loop
      vertex 7.625581039058628 -1.9960534568565431 6
      vertex 7.87476262917145 -1.9645745014573772 6
      vertex 7.625581039058628 -1.9960534568565431 0
    endloop
  endfacet
  facet normal -0.24868988716485488 0.9685831611286311 0
    outer loop
      vertex 7.87476262917145 -1.9645745014573772 6
      vertex 8.118033988749895 -1.902113032590307 6
      vertex 7.87476262917145 -1.9645745014573772 0
    endloop
  endfacet
  facet normal -0.3681245526846768 0.9297764858882519 0
    outer loop
      vertex 8.118033988749895 -1.902113032590307 6
      vertex 8.351558583130146 -1.8096541049320392 6
      vertex 8.118033988749895 -1.902113032590307 0
    endloop
  endfacet
  facet normal -0.48175367410171527 0.8763066800438636 0
    outer loop
      vertex 8.351558583130146 -1.8096541049320392 6
      vertex 8.571653589957993 -1.6886558510040306 6
      vertex 8.351558583130146 -1.8096541049320392 0
    endloop
  endfacet
  facet normal -0.5877852522924731 0.8090169943749472 0
    outer loop
      vertex 8.571653589957993 -1.6886558510040306 6
      vertex 8.77484797949738 -1.541026485551578 6
      vertex 8.571653589957993 -1.6886558510040306 0
    endloop
  endfacet
  facet normal -0.6845471059286894 0.7289686274214108 0
    outer loop
      vertex 8.77484797949738 -1.541026485551578 6
      vertex 8.957937254842824 -1.369094211857377 6
      vertex 8.77484797949738 -1.541026485551578 0
    endloop
  endfacet
  facet normal -0.7705132427757896 0.6374239897486894 0
    outer loop
      vertex 8.957937254842824 -1.369094211857377 6
      vertex 9.118033988749895 -1.1755705045849463 6
      vertex 9.118033988749895 -1.1755705045849463 0
    endloop
  endfacet
  facet normal -0.8443279255020154 0.5358267949789962 0
    outer loop
      vertex 9.118033988749895 -1.1755705045849463 6
      vertex 9.252613360087727 -0.9635073482034308 6
      vertex 9.252613360087727 -0.9635073482034308 0
    endloop
  endfacet
  facet normal -0.9048270524660204 0.42577929156507105 0
    outer loop
      vertex 9.252613360087727 -0.9635073482034308 6
      vertex 9.359552971776502 -0.7362491053693567 6
      vertex 9.359552971776502 -0.7362491053693567 0
    endloop
  endfacet
  facet normal -0.9510565162951531 0.30901699437494895 0
    outer loop
      vertex 9.359552971776502 -0.7362491053693567 6
      vertex 9.437166322257262 -0.49737977432970887 6
      vertex 9.437166322257262 -0.49737977432970887 0
    endloop
  endfacet
  facet normal -0.982287250728689 0.18738131458572302 0
    outer loop
      vertex 9.437166322257262 -0.49737977432970887 6
      vertex 9.484229402628955 -0.25066646712860813 6
      vertex 9.484229402628955 -0.25066646712860813 0
    endloop
  endfacet
  facet normal -0.9980267284282713 0.06279051952931575 0
    outer loop
      vertex 9.484229402628955 -0.25066646712860813 6
      vertex 9.5 0 6
      vertex 9.5 0 0
    endloop
  endfacet
  facet normal 0 0 -1
    outer loop
      vertex 5.881966011250105 -1.1755705045849463 6
      vertex 6.043769410125094 -1.0580134541264516 6
      vertex 6.0420627451571765 -1.369094211857377 6
    endloop
  endfacet
  facet normal 0 0 -1
    outer loop
      vertex 6.0420627451571765 -1.369094211857377 6
      vertex 6.043769410125094 -1.0580134541264516 6
      vertex 6.187856470641459 -1.2321847906716394 6
    endloop
  endfacet
  facet normal 0 0 -1
    outer loop
      vertex 5.881966011250105 -1.1755705045849463 6
      vertex 5.747386639912273 -0.9635073482034308 6
      vertex 5.922647975921046 -0.8671566133830877 6
    endloop
  endfacet
  facet normal 0 0 -1
    outer loop
      vertex 5.747386639912273 -0.9635073482034308 6
      vertex 5.826402325401148 -0.6626241948324202 6
      vertex 5.922647975921046 -0.8671566133830877 6
    endloop
  endfacet
  facet normal 0 0 -1
    outer loop
      vertex 5.881966011250105 -1.1755705045849463 6
      vertex 5.922647975921046 -0.8671566133830877 6
      vertex 6.043769410125094 -1.0580134541264516 6
    endloop
  endfacet
  facet normal 0 0 -1
    outer loop
      vertex 5.71419353763394 -0.22559982041574733 6
      vertex 5.756550309968464 -0.4476417968967387 6
      vertex 5.747386639912273 -0.9635073482034308 6
    endloop
  endfacet
  facet normal 0 0 -1
    outer loop
      vertex 5.71419353763394 -0.22559982041574733 6
      vertex 5.747386639912273 -0.9635073482034308 6
      vertex 5.7 0 6
    endloop
  endfacet
  facet normal 0 0 -1
    outer loop
      vertex 5.562833677742738 -0.4973797743297097 6
      vertex 5.515770597371044 -0.25066646712860813 6
      vertex 5.515770597371044 0.25066646712860813 6
    endloop
  endfacet
  facet normal 0 0 -1
    outer loop
      vertex 5.640447028223497 -0.7362491053693557 6
      vertex 5.562833677742738 -0.4973797743297097 6
      vertex 5.562833677742738 0.4973797743297097 6
    endloop
  endfacet
  facet normal 0 0 -1
    outer loop
      vertex 5.640447028223497 -0.7362491053693557 6
      vertex 5.640447028223497 0.7362491053693557 6
      vertex 5.747386639912273 -0.9635073482034308 6
    endloop
  endfacet
  facet normal 0 0 -1
    outer loop
      vertex 5.747386639912273 -0.9635073482034308 6
      vertex 5.640447028223497 0.7362491053693557 6
      vertex 5.7 0 6
    endloop
  endfacet
  facet normal 0 0 -1
    outer loop
      vertex 5.747386639912273 -0.9635073482034308 6
      vertex 5.756550309968464 -0.4476417968967387 6
      vertex 5.826402325401148 -0.6626241948324202 6
    endloop
  endfacet
  facet normal 0 0 -1
    outer loop
      vertex 6.2251520205026205 -1.5410264855515787 6
      vertex 6.5355117690378055 -1.5197902659036269 6
      vertex 6.428346410042007 -1.68865585100403 6
    endloop
  endfacet
  facet normal 0 0 -1
    outer loop
      vertex 6.428346410042007 -1.68865585100403 6
      vertex 6.73359727518287 -1.6286886944388352 6
      vertex 6.648441416869855 -1.8096541049320392 6
    endloop
  endfacet
  facet normal 0 0 -1
    outer loop
      vertex 6.428346410042007 -1.68865585100403 6
      vertex 6.5355117690378055 -1.5197902659036269 6
      vertex 6.73359727518287 -1.6286886944388352 6
    endloop
  endfacet
  facet normal 0 0 -1
    outer loop
      vertex 6.648441416869855 -1.8096541049320392 6
      vertex 6.943769410125094 -1.7119017293312764 6
      vertex 6.881966011250105 -1.902113032590307 6
    endloop
  endfacet
  facet normal 0 0 -1
    outer loop
      vertex 6.648441416869855 -1.8096541049320392 6
      vertex 6.73359727518287 -1.6286886944388352 6
      vertex 6.943769410125094 -1.7119017293312764 6
    endloop
  endfacet
  facet normal 0 0 -1
    outer loop
      vertex 6.881966011250105 -1.902113032590307 6
      vertex 7.162713633745695 -1.7681170513116395 6
      vertex 7.12523737082855 -1.9645745014573772 6
    endloop
  endfacet
  facet normal 0 0 -1
    outer loop
      vertex 6.881966011250105 -1.902113032590307 6
      vertex 6.943769410125094 -1.7119017293312764 6
      vertex 7.162713633745695 -1.7681170513116395 6
    endloop
  endfacet
  facet normal 0 0 -1
    outer loop
      vertex 7.12523737082855 -1.9645745014573772 6
      vertex 7.162713633745695 -1.7681170513116395 6
      vertex 7.386977064847235 -1.7964481111708888 6
    endloop
  endfacet
  facet normal 0 0 -1
    outer loop
      vertex 7.12523737082855 -1.9645745014573772 6
      vertex 7.386977064847235 -1.7964481111708888 6
      vertex 7.374418960941372 -1.9960534568565431 6
    endloop
  endfacet
  facet normal 0 0 -1
    outer loop
      vertex 7.374418960941372 -1.9960534568565431 6
      vertex 7.613022935152765 -1.7964481111708888 6
      vertex 7.625581039058628 -1.9960534568565431 6
    endloop
  endfacet
  facet normal 0 0 -1
    outer loop
      vertex 7.374418960941372 -1.9960534568565431 6
      vertex 7.386977064847235 -1.7964481111708888 6
      vertex 7.613022935152765 -1.7964481111708888 6
    endloop
  endfacet
  facet normal 0 0 -1
    outer loop
      vertex 6.0420627451571765 -1.369094211857377 6
      vertex 6.352636818452359 -1.386923836996421 6
      vertex 6.2251520205026205 -1.5410264855515787 6
    endloop
  endfacet
  facet normal 0 0 -1
    outer loop
      vertex 6.0420627451571765 -1.369094211857377 6
      vertex 6.187856470641459 -1.2321847906716394 6
      vertex 6.352636818452359 -1.386923836996421 6
    endloop
  endfacet
  facet normal 0 0 -1
    outer loop
      vertex 6.2251520205026205 -1.5410264855515787 6
      vertex 6.352636818452359 -1.386923836996421 6
      vertex 6.5355117690378055 -1.5197902659036269 6
    endloop
  endfacet
  facet normal 0 0 -1
    outer loop
      vertex 7.625581039058628 -1.9960534568565431 6
      vertex 7.613022935152765 -1.7964481111708888 6
      vertex 7.837286366254305 -1.7681170513116395 6
    endloop
  endfacet
  facet normal 0 0 -1
    outer loop
      vertex 7.625581039058628 -1.9960534568565431 6
      vertex 7.837286366254305 -1.7681170513116395 6
      vertex 7.87476262917145 -1.9645745014573772 6
    endloop
  endfacet
  facet normal 0 0 -1
    outer loop
      vertex 7.87476262917145 -1.9645745014573772 6
      vertex 7.837286366254305 -1.7681170513116395 6
      vertex 8.056230589874906 -1.7119017293312764 6
    endloop
  endfacet
  facet normal 0 0 -1
    outer loop
      vertex 7.87476262917145 -1.9645745014573772 6
      vertex 8.056230589874906 -1.7119017293312764 6
      vertex 8.118033988749895 -1.902113032590307 6
    endloop
  endfacet
  facet normal 0 0 -1
    outer loop
      vertex 8.118033988749895 -1.902113032590307 6
      vertex 8.056230589874906 -1.7119017293312764 6
      vertex 8.26640272481713 -1.6286886944388352 6
    endloop
  endfacet
  facet normal 0 0 -1
    outer loop
      vertex 8.118033988749895 -1.902113032590307 6
      vertex 8.26640272481713 -1.6286886944388352 6
      vertex 8.351558583130146 -1.8096541049320392 6
    endloop
  endfacet
  facet normal 0 0 -1
    outer loop
      vertex 8.26640272481713 -1.6286886944388352 6
      vertex 8.464488230962193 -1.5197902659036275 6
      vertex 8.351558583130146 -1.8096541049320392 6
    endloop
  endfacet
  facet normal 0 0 -1
    outer loop
      vertex 8.351558583130146 -1.8096541049320392 6
      vertex 8.464488230962193 -1.5197902659036275 6
      vertex 8.571653589957993 -1.6886558510040306 6
    endloop
  endfacet
  facet normal 0 0 -1
    outer loop
      vertex 8.571653589957993 -1.6886558510040306 6
      vertex 8.464488230962193 -1.5197902659036275 6
      vertex 8.647363181547641 -1.3869238369964203 6
    endloop
  endfacet
  facet normal 0 0 -1
    outer loop
      vertex 8.571653589957993 -1.6886558510040306 6
      vertex 8.647363181547641 -1.3869238369964203 6
      vertex 8.77484797949738 -1.541026485551578 6
    endloop
  endfacet
  facet normal 0 0 -1
    outer loop
      vertex 8.647363181547641 -1.3869238369964203 6
      vertex 8.812143529358542 -1.2321847906716394 6
      vertex 8.77484797949738 -1.541026485551578 6
    endloop
  endfacet
  facet normal 0 0 -1
    outer loop
      vertex 8.77484797949738 -1.541026485551578 6
      vertex 8.812143529358542 -1.2321847906716394 6
      vertex 8.957937254842824 -1.369094211857377 6
    endloop
  endfacet
  facet normal 0 0 -1
    outer loop
      vertex 8.812143529358542 -1.2321847906716394 6
      vertex 8.956230589874906 -1.0580134541264516 6
      vertex 8.957937254842824 -1.369094211857377 6
    endloop
  endfacet
  facet normal 0 0 -1
    outer loop
      vertex 8.957937254842824 -1.369094211857377 6
      vertex 8.956230589874906 -1.0580134541264516 6
      vertex 9.077352024078955 -0.8671566133830877 6
    endloop
  endfacet
  facet normal 0 0 -1
    outer loop
      vertex 8.957937254842824 -1.369094211857377 6
      vertex 9.077352024078955 -0.8671566133830877 6
      vertex 9.118033988749895 -1.1755705045849463 6
    endloop
  endfacet
  facet normal 0 0 -1
    outer loop
      vertex 9.118033988749895 -1.1755705045849463 6
      vertex 9.077352024078955 -0.8671566133830877 6
      vertex 9.173597674598852 -0.6626241948324211 6
    endloop
  endfacet
  facet normal 0 0 -1
    outer loop
      vertex 9.118033988749895 -1.1755705045849463 6
      vertex 9.173597674598852 -0.6626241948324211 6
      vertex 9.252613360087727 -0.9635073482034308 6
    endloop
  endfacet
  facet normal 0 0 -1
    outer loop
      vertex 9.252613360087727 -0.9635073482034308 6
      vertex 9.173597674598852 -0.6626241948324211 6
      vertex 9.243449690031536 -0.447641796896738 6
    endloop
  endfacet
  facet normal 0 0 -1
    outer loop
      vertex 9.252613360087727 -0.9635073482034308 6
      vertex 9.285806462366061 -0.22559982041574733 6
      vertex 9.359552971776502 -0.7362491053693567 6
    endloop
  endfacet
  facet normal 0 0 -1
    outer loop
      vertex 9.252613360087727 -0.9635073482034308 6
      vertex 9.243449690031536 -0.447641796896738 6
      vertex 9.285806462366061 -0.22559982041574733 6
    endloop
  endfacet
  facet normal 0 0 -1
    outer loop
      vertex 9.285806462366061 -0.22559982041574733 6
      vertex 9.3 0 6
      vertex 9.359552971776502 -0.7362491053693567 6
    endloop
  endfacet
  facet normal 0 0 -1
    outer loop
      vertex 9.359552971776502 -0.7362491053693567 6
      vertex 9.3 0 6
      vertex 9.285806462366061 0.22559982041574766 6
    endloop
  endfacet
  facet normal 0 0 -1
    outer loop
      vertex 9.359552971776502 -0.7362491053693567 6
      vertex 9.359552971776502 0.736249105369356 6
      vertex 9.437166322257262 -0.49737977432970887 6
    endloop
  endfacet
  facet normal 0 0 -1
    outer loop
      vertex 9.437166322257262 -0.49737977432970887 6
      vertex 9.437166322257262 0.4973797743297096 6
      vertex 9.484229402628955 -0.25066646712860813 6
    endloop
  endfacet
  facet normal 0.9980267284282717 -0.06279051952931222 0
    outer loop
      vertex 5.515770597371044 0.25066646712860813 6
      vertex 5.5 0 0
      vertex 5.515770597371044 0.25066646712860813 0
    endloop
  endfacet
  facet normal 0.9822872507286885 -0.18738131458572582 0
    outer loop
      vertex 5.562833677742738 0.4973797743297097 6
      vertex 5.515770597371044 0.25066646712860813 0
      vertex 5.562833677742738 0.4973797743297097 0
    endloop
  endfacet
  facet normal 0.9510565162951534 -0.3090169943749479 0
    outer loop
      vertex 5.640447028223497 0.7362491053693557 6
      vertex 5.562833677742738 0.4973797743297097 0
      vertex 5.640447028223497 0.7362491053693557 0
    endloop
  endfacet
  facet normal 0.9048270524660196 -0.4257792915650724 0
    outer loop
      vertex 5.747386639912273 0.9635073482034308 6
      vertex 5.640447028223497 0.7362491053693557 0
      vertex 5.747386639912273 0.9635073482034308 0
    endloop
  endfacet
  facet normal 0.8443279255020154 -0.5358267949789962 0
    outer loop
      vertex 5.881966011250105 1.1755705045849463 6
      vertex 5.747386639912273 0.9635073482034308 0
      vertex 5.881966011250105 1.1755705045849463 0
    endloop
  endfacet
  facet normal 0.7705132427757896 -0.6374239897486894 0
    outer loop
      vertex 6.0420627451571765 1.369094211857377 6
      vertex 5.881966011250105 1.1755705045849463 0
      vertex 6.0420627451571765 1.369094211857377 0
    endloop
  endfacet
  facet normal 0.6845471059286891 -0.7289686274214111 0
    outer loop
      vertex 6.0420627451571765 1.369094211857377 6
      vertex 6.0420627451571765 1.369094211857377 0
      vertex 6.2251520205026205 1.5410264855515787 0
    endloop
  endfacet
  facet normal 0.5877852522924715 -0.8090169943749488 0
    outer loop
      vertex 6.2251520205026205 1.5410264855515787 6
      vertex 6.2251520205026205 1.5410264855515787 0
      vertex 6.428346410042007 1.68865585100403 0
    endloop
  endfacet
  facet normal 0.4817536741017166 -0.8763066800438628 0
    outer loop
      vertex 6.428346410042007 1.68865585100403 6
      vertex 6.428346410042007 1.68865585100403 0
      vertex 6.648441416869854 1.809654104932039 0
    endloop
  endfacet
  facet normal 0.3681245526846776 -0.9297764858882517 0
    outer loop
      vertex 6.648441416869854 1.809654104932039 6
      vertex 6.648441416869854 1.809654104932039 0
      vertex 6.881966011250105 1.902113032590307 0
    endloop
  endfacet
  facet normal 0.24868988716485485 -0.968583161128631 0
    outer loop
      vertex 6.881966011250105 1.902113032590307 6
      vertex 6.881966011250105 1.902113032590307 0
      vertex 7.125237370828551 1.9645745014573774 0
    endloop
  endfacet
  facet normal 0.12533323356430426 -0.9921147013144778 0
    outer loop
      vertex 7.125237370828551 1.9645745014573774 6
      vertex 7.125237370828551 1.9645745014573774 0
      vertex 7.374418960941373 1.9960534568565431 0
    endloop
  endfacet
  facet normal 0 -1 0
    outer loop
      vertex 7.374418960941373 1.9960534568565431 6
      vertex 7.374418960941373 1.9960534568565431 0
      vertex 7.625581039058627 1.9960534568565431 0
    endloop
  endfacet
  facet normal -0.684547105928689 -0.7289686274214112 0
    outer loop
      vertex 8.77484797949738 1.5410264855515783 6
      vertex 8.77484797949738 1.5410264855515783 0
      vertex 8.957937254842824 1.3690942118573775 0
    endloop
  endfacet
  facet normal -0.7705132427757903 -0.6374239897486884 0
    outer loop
      vertex 9.118033988749895 1.1755705045849463 6
      vertex 8.957937254842824 1.3690942118573775 0
      vertex 9.118033988749895 1.1755705045849463 0
    endloop
  endfacet
  facet normal -0.12533323356430426 -0.9921147013144778 0
    outer loop
      vertex 7.625581039058627 1.9960534568565431 6
      vertex 7.625581039058627 1.9960534568565431 0
      vertex 7.874762629171449 1.9645745014573774 0
    endloop
  endfacet
  facet normal -0.24868988716485485 -0.968583161128631 0
    outer loop
      vertex 7.874762629171449 1.9645745014573774 6
      vertex 7.874762629171449 1.9645745014573774 0
      vertex 8.118033988749895 1.902113032590307 0
    endloop
  endfacet
  facet normal -0.3681245526846776 -0.9297764858882517 0
    outer loop
      vertex 8.118033988749895 1.902113032590307 6
      vertex 8.118033988749895 1.902113032590307 0
      vertex 8.351558583130146 1.809654104932039 0
    endloop
  endfacet
  facet normal -0.48175367410171593 -0.8763066800438631 0
    outer loop
      vertex 8.351558583130146 1.809654104932039 6
      vertex 8.351558583130146 1.809654104932039 0
      vertex 8.571653589957993 1.6886558510040302 0
    endloop
  endfacet
  facet normal -0.5877852522924715 -0.8090169943749486 0
    outer loop
      vertex 8.571653589957993 1.6886558510040302 6
      vertex 8.571653589957993 1.6886558510040302 0
      vertex 8.77484797949738 1.5410264855515783 0
    endloop
  endfacet
  facet normal -0.9980267284282713 -0.06279051952931565 0
    outer loop
      vertex 9.5 0 6
      vertex 9.484229402628955 0.2506664671286085 0
      vertex 9.5 0 0
    endloop
  endfacet
  facet normal -0.982287250728689 -0.18738131458572277 0
    outer loop
      vertex 9.484229402628955 0.2506664671286085 6
      vertex 9.437166322257262 0.4973797743297096 0
      vertex 9.484229402628955 0.2506664671286085 0
    endloop
  endfacet
  facet normal -0.9510565162951525 -0.30901699437495067 0
    outer loop
      vertex 9.437166322257262 0.4973797743297096 6
      vertex 9.359552971776502 0.736249105369356 0
      vertex 9.437166322257262 0.4973797743297096 0
    endloop
  endfacet
  facet normal -0.9048270524660208 -0.42577929156507005 0
    outer loop
      vertex 9.359552971776502 0.736249105369356 6
      vertex 9.252613360087727 0.9635073482034306 0
      vertex 9.359552971776502 0.736249105369356 0
    endloop
  endfacet
  facet normal -0.8443279255020155 -0.535826794978996 0
    outer loop
      vertex 9.252613360087727 0.9635073482034306 6
      vertex 9.118033988749895 1.1755705045849463 0
      vertex 9.252613360087727 0.9635073482034306 0
    endloop
  endfacet
  facet normal 0.9980267284282717 -0.06279051952931222 0
    outer loop
      vertex 5.5 0 6
      vertex 5.5 0 0
      vertex 5.515770597371044 0.25066646712860813 6
    endloop
  endfacet
  facet normal 0.9822872507286885 -0.18738131458572582 0
    outer loop
      vertex 5.515770597371044 0.25066646712860813 6
      vertex 5.515770597371044 0.25066646712860813 0
      vertex 5.562833677742738 0.4973797743297097 6
    endloop
  endfacet
  facet normal 0.9510565162951534 -0.3090169943749479 0
    outer loop
      vertex 5.562833677742738 0.4973797743297097 6
      vertex 5.562833677742738 0.4973797743297097 0
      vertex 5.640447028223497 0.7362491053693557 6
    endloop
  endfacet
  facet normal 0.9048270524660196 -0.4257792915650724 0
    outer loop
      vertex 5.640447028223497 0.7362491053693557 6
      vertex 5.640447028223497 0.7362491053693557 0
      vertex 5.747386639912273 0.9635073482034308 6
    endloop
  endfacet
  facet normal 0.8443279255020154 -0.5358267949789962 0
    outer loop
      vertex 5.747386639912273 0.9635073482034308 6
      vertex 5.747386639912273 0.9635073482034308 0
      vertex 5.881966011250105 1.1755705045849463 6
    endloop
  endfacet
  facet normal 0.7705132427757896 -0.6374239897486894 0
    outer loop
      vertex 5.881966011250105 1.1755705045849463 6
      vertex 5.881966011250105 1.1755705045849463 0
      vertex 6.0420627451571765 1.369094211857377 6
    endloop
  endfacet
  facet normal 0.6845471059286891 -0.7289686274214111 0
    outer loop
      vertex 6.0420627451571765 1.369094211857377 6
      vertex 6.2251520205026205 1.5410264855515787 0
      vertex 6.2251520205026205 1.5410264855515787 6
    endloop
  endfacet
  facet normal 0.5877852522924715 -0.8090169943749488 0
    outer loop
      vertex 6.2251520205026205 1.5410264855515787 6
      vertex 6.428346410042007 1.68865585100403 0
      vertex 6.428346410042007 1.68865585100403 6
    endloop
  endfacet
  facet normal 0.4817536741017166 -0.8763066800438628 0
    outer loop
      vertex 6.428346410042007 1.68865585100403 6
      vertex 6.648441416869854 1.809654104932039 0
      vertex 6.648441416869854 1.809654104932039 6
    endloop
  endfacet
  facet normal 0.3681245526846776 -0.9297764858882517 0
    outer loop
      vertex 6.648441416869854 1.809654104932039 6
      vertex 6.881966011250105 1.902113032590307 0
      vertex 6.881966011250105 1.902113032590307 6
    endloop
  endfacet
  facet normal 0.24868988716485485 -0.968583161128631 0
    outer loop
      vertex 6.881966011250105 1.902113032590307 6
      vertex 7.125237370828551 1.9645745014573774 0
      vertex 7.125237370828551 1.9645745014573774 6
    endloop
  endfacet
  facet normal 0.12533323356430426 -0.9921147013144778 0
    outer loop
      vertex 7.125237370828551 1.9645745014573774 6
      vertex 7.374418960941373 1.9960534568565431 0
      vertex 7.374418960941373 1.9960534568565431 6
    endloop
  endfacet
  facet normal 0 -1 0
    outer loop
      vertex 7.374418960941373 1.9960534568565431 6
      vertex 7.625581039058627 1.9960534568565431 0
      vertex 7.625581039058627 1.9960534568565431 6
    endloop
  endfacet
  facet normal -0.8443279255020155 -0.535826794978996 0
    outer loop
      vertex 9.252613360087727 0.9635073482034306 6
      vertex 9.118033988749895 1.1755705045849463 6
      vertex 9.118033988749895 1.1755705045849463 0
    endloop
  endfacet
  facet normal -0.684547105928689 -0.7289686274214112 0
    outer loop
      vertex 8.77484797949738 1.5410264855515783 6
      vertex 8.957937254842824 1.3690942118573775 0
      vertex 8.957937254842824 1.3690942118573775 6
    endloop
  endfacet
  facet normal -0.7705132427757903 -0.6374239897486884 0
    outer loop
      vertex 8.957937254842824 1.3690942118573775 6
      vertex 8.957937254842824 1.3690942118573775 0
      vertex 9.118033988749895 1.1755705045849463 6
    endloop
  endfacet
  facet normal -0.12533323356430426 -0.9921147013144778 0
    outer loop
      vertex 7.625581039058627 1.9960534568565431 6
      vertex 7.874762629171449 1.9645745014573774 0
      vertex 7.874762629171449 1.9645745014573774 6
    endloop
  endfacet
  facet normal -0.24868988716485485 -0.968583161128631 0
    outer loop
      vertex 7.874762629171449 1.9645745014573774 6
      vertex 8.118033988749895 1.902113032590307 0
      vertex 8.118033988749895 1.902113032590307 6
    endloop
  endfacet
  facet normal -0.3681245526846776 -0.9297764858882517 0
    outer loop
      vertex 8.118033988749895 1.902113032590307 6
      vertex 8.351558583130146 1.809654104932039 0
      vertex 8.351558583130146 1.809654104932039 6
    endloop
  endfacet
  facet normal -0.48175367410171593 -0.8763066800438631 0
    outer loop
      vertex 8.351558583130146 1.809654104932039 6
      vertex 8.571653589957993 1.6886558510040302 0
      vertex 8.571653589957993 1.6886558510040302 6
    endloop
  endfacet
  facet normal -0.5877852522924715 -0.8090169943749486 0
    outer loop
      vertex 8.77484797949738 1.5410264855515783 6
      vertex 8.571653589957993 1.6886558510040302 6
      vertex 8.77484797949738 1.5410264855515783 0
    endloop
  endfacet
  facet normal -0.9980267284282713 -0.06279051952931565 0
    outer loop
      vertex 9.5 0 6
      vertex 9.484229402628955 0.2506664671286085 6
      vertex 9.484229402628955 0.2506664671286085 0
    endloop
  endfacet
  facet normal -0.982287250728689 -0.18738131458572277 0
    outer loop
      vertex 9.484229402628955 0.2506664671286085 6
      vertex 9.437166322257262 0.4973797743297096 6
      vertex 9.437166322257262 0.4973797743297096 0
    endloop
  endfacet
  facet normal -0.9510565162951525 -0.30901699437495067 0
    outer loop
      vertex 9.437166322257262 0.4973797743297096 6
      vertex 9.359552971776502 0.736249105369356 6
      vertex 9.359552971776502 0.736249105369356 0
    endloop
  endfacet
  facet normal -0.9048270524660208 -0.42577929156507005 0
    outer loop
      vertex 9.252613360087727 0.9635073482034306 6
      vertex 9.252613360087727 0.9635073482034306 0
      vertex 9.359552971776502 0.736249105369356 6
    endloop
  endfacet
  facet normal 0 0 -1
    outer loop
      vertex 5.515770597371044 -0.25066646712860813 6
      vertex 5.5 0 6
      vertex 5.515770597371044 0.25066646712860813 6
    endloop
  endfacet
  facet normal 0 0 -1
    outer loop
      vertex 5.562833677742738 -0.4973797743297097 6
      vertex 5.515770597371044 0.25066646712860813 6
      vertex 5.562833677742738 0.4973797743297097 6
    endloop
  endfacet
  facet normal 0 0 -1
    outer loop
      vertex 5.640447028223497 -0.7362491053693557 6
      vertex 5.562833677742738 0.4973797743297097 6
      vertex 5.640447028223497 0.7362491053693557 6
    endloop
  endfacet
  facet normal 0 0 -1
    outer loop
      vertex 5.7 0 6
      vertex 5.640447028223497 0.7362491053693557 6
      vertex 5.71419353763394 0.22559982041574733 6
    endloop
  endfacet
  facet normal 0 0 -1
    outer loop
      vertex 5.71419353763394 0.22559982041574733 6
      vertex 5.747386639912273 0.9635073482034308 6
      vertex 5.756550309968464 0.4476417968967387 6
    endloop
  endfacet
  facet normal 0 0 -1
    outer loop
      vertex 5.71419353763394 0.22559982041574733 6
      vertex 5.640447028223497 0.7362491053693557 6
      vertex 5.747386639912273 0.9635073482034308 6
    endloop
  endfacet
  facet normal 0 0 -1
    outer loop
      vertex 5.756550309968464 0.4476417968967387 6
      vertex 5.747386639912273 0.9635073482034308 6
      vertex 5.826402325401148 0.6626241948324202 6
    endloop
  endfacet
  facet normal 0 0 -1
    outer loop
      vertex 5.826402325401148 0.6626241948324202 6
      vertex 5.747386639912273 0.9635073482034308 6
      vertex 5.881966011250105 1.1755705045849463 6
    endloop
  endfacet
  facet normal 0 0 -1
    outer loop
      vertex 5.826402325401148 0.6626241948324202 6
      vertex 5.881966011250105 1.1755705045849463 6
      vertex 5.922647975921046 0.8671566133830877 6
    endloop
  endfacet
  facet normal 0 0 -1
    outer loop
      vertex 5.922647975921046 0.8671566133830877 6
      vertex 5.881966011250105 1.1755705045849463 6
      vertex 6.0420627451571765 1.369094211857377 6
    endloop
  endfacet
  facet normal 0 0 -1
    outer loop
      vertex 5.922647975921046 0.8671566133830877 6
      vertex 6.0420627451571765 1.369094211857377 6
      vertex 6.043769410125094 1.0580134541264516 6
    endloop
  endfacet
  facet normal 0 0 -1
    outer loop
      vertex 6.043769410125094 1.0580134541264516 6
      vertex 6.0420627451571765 1.369094211857377 6
      vertex 6.187856470641459 1.2321847906716394 6
    endloop
  endfacet
  facet normal 0 0 -1
    outer loop
      vertex 6.187856470641459 1.2321847906716394 6
      vertex 6.0420627451571765 1.369094211857377 6
      vertex 6.2251520205026205 1.5410264855515787 6
    endloop
  endfacet
  facet normal 0 0 -1
    outer loop
      vertex 6.187856470641459 1.2321847906716394 6
      vertex 6.2251520205026205 1.5410264855515787 6
      vertex 6.352636818452359 1.386923836996421 6
    endloop
  endfacet
  facet normal 0 0 -1
    outer loop
      vertex 6.2251520205026205 1.5410264855515787 6
      vertex 6.428346410042007 1.68865585100403 6
      vertex 6.352636818452359 1.386923836996421 6
    endloop
  endfacet
  facet normal 0 0 -1
    outer loop
      vertex 6.352636818452359 1.386923836996421 6
      vertex 6.428346410042007 1.68865585100403 6
      vertex 6.5355117690378055 1.5197902659036269 6
    endloop
  endfacet
  facet normal 0 0 -1
    outer loop
      vertex 6.5355117690378055 1.5197902659036269 6
      vertex 6.428346410042007 1.68865585100403 6
      vertex 6.648441416869854 1.809654104932039 6
    endloop
  endfacet
  facet normal 0 0 -1
    outer loop
      vertex 6.5355117690378055 1.5197902659036269 6
      vertex 6.648441416869854 1.809654104932039 6
      vertex 6.733597275182869 1.628688694438835 6
    endloop
  endfacet
  facet normal 0 0 -1
    outer loop
      vertex 6.733597275182869 1.628688694438835 6
      vertex 6.648441416869854 1.809654104932039 6
      vertex 6.881966011250105 1.902113032590307 6
    endloop
  endfacet
  facet normal 0 0 -1
    outer loop
      vertex 6.733597275182869 1.628688694438835 6
      vertex 6.881966011250105 1.902113032590307 6
      vertex 6.943769410125094 1.7119017293312764 6
    endloop
  endfacet
  facet normal 0 0 -1
    outer loop
      vertex 6.943769410125094 1.7119017293312764 6
      vertex 6.881966011250105 1.902113032590307 6
      vertex 7.125237370828551 1.9645745014573774 6
    endloop
  endfacet
  facet normal 0 0 -1
    outer loop
      vertex 6.943769410125094 1.7119017293312764 6
      vertex 7.125237370828551 1.9645745014573774 6
      vertex 7.162713633745696 1.7681170513116398 6
    endloop
  endfacet
  facet normal 0 0 -1
    outer loop
      vertex 7.162713633745696 1.7681170513116398 6
      vertex 7.125237370828551 1.9645745014573774 6
      vertex 7.374418960941373 1.9960534568565431 6
    endloop
  endfacet
  facet normal 0 0 -1
    outer loop
      vertex 7.162713633745696 1.7681170513116398 6
      vertex 7.374418960941373 1.9960534568565431 6
      vertex 7.386977064847236 1.7964481111708888 6
    endloop
  endfacet
  facet normal 0 0 -1
    outer loop
      vertex 7.386977064847236 1.7964481111708888 6
      vertex 7.625581039058627 1.9960534568565431 6
      vertex 7.613022935152764 1.7964481111708888 6
    endloop
  endfacet
  facet normal 0 0 -1
    outer loop
      vertex 7.386977064847236 1.7964481111708888 6
      vertex 7.374418960941373 1.9960534568565431 6
      vertex 7.625581039058627 1.9960534568565431 6
    endloop
  endfacet
  facet normal 0 0 -1
    outer loop
      vertex 8.464488230962194 1.519790265903627 6
      vertex 8.77484797949738 1.5410264855515783 6
      vertex 8.647363181547641 1.3869238369964205 6
    endloop
  endfacet
  facet normal 0 0 -1
    outer loop
      vertex 8.647363181547641 1.3869238369964205 6
      vertex 8.77484797949738 1.5410264855515783 6
      vertex 8.957937254842824 1.3690942118573775 6
    endloop
  endfacet
  facet normal 0 0 -1
    outer loop
      vertex 9.077352024078955 0.8671566133830876 6
      vertex 9.252613360087727 0.9635073482034306 6
      vertex 9.173597674598852 0.6626241948324204 6
    endloop
  endfacet
  facet normal 0 0 -1
    outer loop
      vertex 9.077352024078955 0.8671566133830876 6
      vertex 8.956230589874906 1.0580134541264516 6
      vertex 9.118033988749895 1.1755705045849463 6
    endloop
  endfacet
  facet normal 0 0 -1
    outer loop
      vertex 9.077352024078955 0.8671566133830876 6
      vertex 9.118033988749895 1.1755705045849463 6
      vertex 9.252613360087727 0.9635073482034306 6
    endloop
  endfacet
  facet normal 0 0 -1
    outer loop
      vertex 8.81214352935854 1.2321847906716397 6
      vertex 8.647363181547641 1.3869238369964205 6
      vertex 8.957937254842824 1.3690942118573775 6
    endloop
  endfacet
  facet normal 0 0 -1
    outer loop
      vertex 8.81214352935854 1.2321847906716397 6
      vertex 8.957937254842824 1.3690942118573775 6
      vertex 8.956230589874906 1.0580134541264516 6
    endloop
  endfacet
  facet normal 0 0 -1
    outer loop
      vertex 8.956230589874906 1.0580134541264516 6
      vertex 8.957937254842824 1.3690942118573775 6
      vertex 9.118033988749895 1.1755705045849463 6
    endloop
  endfacet
  facet normal 0 0 -1
    outer loop
      vertex 7.613022935152764 1.7964481111708888 6
      vertex 7.874762629171449 1.9645745014573774 6
      vertex 7.837286366254304 1.7681170513116398 6
    endloop
  endfacet
  facet normal 0 0 -1
    outer loop
      vertex 7.837286366254304 1.7681170513116398 6
      vertex 8.118033988749895 1.902113032590307 6
      vertex 8.056230589874906 1.7119017293312764 6
    endloop
  endfacet
  facet normal 0 0 -1
    outer loop
      vertex 7.837286366254304 1.7681170513116398 6
      vertex 7.874762629171449 1.9645745014573774 6
      vertex 8.118033988749895 1.902113032590307 6
    endloop
  endfacet
  facet normal 0 0 -1
    outer loop
      vertex 7.613022935152764 1.7964481111708888 6
      vertex 7.625581039058627 1.9960534568565431 6
      vertex 7.874762629171449 1.9645745014573774 6
    endloop
  endfacet
  facet normal 0 0 -1
    outer loop
      vertex 8.056230589874906 1.7119017293312764 6
      vertex 8.351558583130146 1.809654104932039 6
      vertex 8.26640272481713 1.628688694438835 6
    endloop
  endfacet
  facet normal 0 0 -1
    outer loop
      vertex 8.056230589874906 1.7119017293312764 6
      vertex 8.118033988749895 1.902113032590307 6
      vertex 8.351558583130146 1.809654104932039 6
    endloop
  endfacet
  facet normal 0 0 -1
    outer loop
      vertex 8.26640272481713 1.628688694438835 6
      vertex 8.351558583130146 1.809654104932039 6
      vertex 8.571653589957993 1.6886558510040302 6
    endloop
  endfacet
  facet normal 0 0 -1
    outer loop
      vertex 8.26640272481713 1.628688694438835 6
      vertex 8.571653589957993 1.6886558510040302 6
      vertex 8.464488230962194 1.519790265903627 6
    endloop
  endfacet
  facet normal 0 0 -1
    outer loop
      vertex 8.464488230962194 1.519790265903627 6
      vertex 8.571653589957993 1.6886558510040302 6
      vertex 8.77484797949738 1.5410264855515783 6
    endloop
  endfacet
  facet normal 0 0 -1
    outer loop
      vertex 9.359552971776502 -0.7362491053693567 6
      vertex 9.285806462366061 0.22559982041574766 6
      vertex 9.252613360087727 0.9635073482034306 6
    endloop
  endfacet
  facet normal 0 0 -1
    outer loop
      vertex 9.359552971776502 -0.7362491053693567 6
      vertex 9.252613360087727 0.9635073482034306 6
      vertex 9.359552971776502 0.736249105369356 6
    endloop
  endfacet
  facet normal 0 0 -1
    outer loop
      vertex 9.484229402628955 -0.25066646712860813 6
      vertex 9.437166322257262 0.4973797743297096 6
      vertex 9.484229402628955 0.2506664671286085 6
    endloop
  endfacet
  facet normal 0 0 -1
    outer loop
      vertex 9.484229402628955 -0.25066646712860813 6
      vertex 9.484229402628955 0.2506664671286085 6
      vertex 9.5 0 6
    endloop
  endfacet
  facet normal 0 0 -1
    outer loop
      vertex 9.437166322257262 -0.49737977432970887 6
      vertex 9.359552971776502 0.736249105369356 6
      vertex 9.437166322257262 0.4973797743297096 6
    endloop
  endfacet
  facet normal 0 0 -1
    outer loop
      vertex 9.285806462366061 0.22559982041574766 6
      vertex 9.243449690031536 0.44764179689673866 6
      vertex 9.252613360087727 0.9635073482034306 6
    endloop
  endfacet
  facet normal 0 0 -1
    outer loop
      vertex 9.243449690031536 0.44764179689673866 6
      vertex 9.173597674598852 0.6626241948324204 6
      vertex 9.252613360087727 0.9635073482034306 6
    endloop
  endfacet
  facet normal 0.7705132427757878 0.6374239897486914 0
    outer loop
      vertex 6.043769410125094 -1.0580134541264516 6
      vertex 6.043769410125094 -1.0580134541264516 12
      vertex 6.187856470641459 -1.2321847906716394 6
    endloop
  endfacet
  facet normal 0.8443279255020164 0.5358267949789944 0
    outer loop
      vertex 6.043769410125094 -1.0580134541264516 6
      vertex 5.922647975921046 -0.8671566133830877 6
      vertex 5.922647975921046 -0.8671566133830877 12
    endloop
  endfacet
  facet normal 0.9822872507286887 0.18738131458572468 0
    outer loop
      vertex 5.71419353763394 -0.22559982041574733 6
      vertex 5.71419353763394 -0.22559982041574733 12
      vertex 5.756550309968464 -0.4476417968967387 6
    endloop
  endfacet
  facet normal 0.9980267284282716 0.06279051952931261 0
    outer loop
      vertex 5.71419353763394 -0.22559982041574733 6
      vertex 5.7 0 6
      vertex 5.7 0 12
    endloop
  endfacet
  facet normal 0.9048270524660197 0.4257792915650721 0
    outer loop
      vertex 5.922647975921046 -0.8671566133830877 6
      vertex 5.826402325401148 -0.6626241948324202 6
      vertex 5.826402325401148 -0.6626241948324202 12
    endloop
  endfacet
  facet normal 0.9510565162951534 0.30901699437494823 0
    outer loop
      vertex 5.826402325401148 -0.6626241948324202 6
      vertex 5.756550309968464 -0.4476417968967387 6
      vertex 5.756550309968464 -0.4476417968967387 12
    endloop
  endfacet
  facet normal 0.4817536741017142 0.8763066800438641 0
    outer loop
      vertex 6.73359727518287 -1.6286886944388352 6
      vertex 6.5355117690378055 -1.5197902659036269 6
      vertex 6.5355117690378055 -1.5197902659036269 12
    endloop
  endfacet
  facet normal 0.36812455268467875 0.9297764858882511 0
    outer loop
      vertex 6.73359727518287 -1.6286886944388352 6
      vertex 6.73359727518287 -1.6286886944388352 12
      vertex 6.943769410125094 -1.7119017293312764 6
    endloop
  endfacet
  facet normal 0.248689887164855 0.9685831611286311 0
    outer loop
      vertex 6.943769410125094 -1.7119017293312764 6
      vertex 6.943769410125094 -1.7119017293312764 12
      vertex 7.162713633745695 -1.7681170513116395 6
    endloop
  endfacet
  facet normal 0.1253332335643046 0.9921147013144778 0
    outer loop
      vertex 7.162713633745695 -1.7681170513116395 6
      vertex 7.162713633745695 -1.7681170513116395 12
      vertex 7.386977064847235 -1.7964481111708888 6
    endloop
  endfacet
  facet normal 0 1 0
    outer loop
      vertex 7.386977064847235 -1.7964481111708888 6
      vertex 7.386977064847235 -1.7964481111708888 12
      vertex 7.613022935152765 -1.7964481111708888 6
    endloop
  endfacet
  facet normal 0.6845471059286893 0.728968627421411 0
    outer loop
      vertex 6.187856470641459 -1.2321847906716394 6
      vertex 6.187856470641459 -1.2321847906716394 12
      vertex 6.352636818452359 -1.386923836996421 6
    endloop
  endfacet
  facet normal 0.587785252292473 0.8090169943749476 0
    outer loop
      vertex 6.352636818452359 -1.386923836996421 6
      vertex 6.352636818452359 -1.386923836996421 12
      vertex 6.5355117690378055 -1.5197902659036269 6
    endloop
  endfacet
  facet normal -0.1253332335643046 0.9921147013144778 0
    outer loop
      vertex 7.613022935152765 -1.7964481111708888 6
      vertex 7.613022935152765 -1.7964481111708888 12
      vertex 7.837286366254305 -1.7681170513116395 6
    endloop
  endfacet
  facet normal -0.248689887164855 0.9685831611286311 0
    outer loop
      vertex 7.837286366254305 -1.7681170513116395 6
      vertex 7.837286366254305 -1.7681170513116395 12
      vertex 8.056230589874906 -1.7119017293312764 6
    endloop
  endfacet
  facet normal -0.36812455268467875 0.9297764858882511 0
    outer loop
      vertex 8.056230589874906 -1.7119017293312764 6
      vertex 8.056230589874906 -1.7119017293312764 12
      vertex 8.26640272481713 -1.6286886944388352 6
    endloop
  endfacet
  facet normal -0.48175367410171527 0.8763066800438637 0
    outer loop
      vertex 8.26640272481713 -1.6286886944388352 6
      vertex 8.26640272481713 -1.6286886944388352 12
      vertex 8.464488230962193 -1.5197902659036275 6
    endloop
  endfacet
  facet normal -0.5877852522924731 0.8090169943749475 0
    outer loop
      vertex 8.464488230962193 -1.5197902659036275 6
      vertex 8.464488230962193 -1.5197902659036275 12
      vertex 8.647363181547641 -1.3869238369964203 6
    endloop
  endfacet
  facet normal -0.6845471059286857 0.7289686274214143 0
    outer loop
      vertex 8.647363181547641 -1.3869238369964203 6
      vertex 8.647363181547641 -1.3869238369964203 12
      vertex 8.812143529358542 -1.2321847906716394 6
    endloop
  endfacet
  facet normal -0.7705132427757897 0.637423989748689 0
    outer loop
      vertex 8.812143529358542 -1.2321847906716394 6
      vertex 8.812143529358542 -1.2321847906716394 12
      vertex 8.956230589874906 -1.0580134541264516 6
    endloop
  endfacet
  facet normal -0.8443279255020147 0.5358267949789973 0
    outer loop
      vertex 8.956230589874906 -1.0580134541264516 6
      vertex 8.956230589874906 -1.0580134541264516 12
      vertex 9.077352024078955 -0.8671566133830877 6
    endloop
  endfacet
  facet normal -0.9048270524660206 0.42577929156507044 0
    outer loop
      vertex 9.077352024078955 -0.8671566133830877 6
      vertex 9.077352024078955 -0.8671566133830877 12
      vertex 9.173597674598852 -0.6626241948324211 6
    endloop
  endfacet
  facet normal -0.951056516295154 0.30901699437494606 0
    outer loop
      vertex 9.173597674598852 -0.6626241948324211 6
      vertex 9.173597674598852 -0.6626241948324211 12
      vertex 9.243449690031536 -0.447641796896738 6
    endloop
  endfacet
  facet normal -0.9822872507286878 0.18738131458572907 0
    outer loop
      vertex 9.243449690031536 -0.447641796896738 6
      vertex 9.243449690031536 -0.447641796896738 12
      vertex 9.285806462366061 -0.22559982041574733 6
    endloop
  endfacet
  facet normal -0.9980267284282716 0.06279051952931261 0
    outer loop
      vertex 9.285806462366061 -0.22559982041574733 6
      vertex 9.285806462366061 -0.22559982041574733 12
      vertex 9.3 0 6
    endloop
  endfacet
  facet normal 0.9048270524660197 0.4257792915650721 0
    outer loop
      vertex 5.922647975921046 -0.8671566133830877 6
      vertex 5.826402325401148 -0.6626241948324202 12
      vertex 5.922647975921046 -0.8671566133830877 12
    endloop
  endfacet
  facet normal 0.8443279255020164 0.5358267949789944 0
    outer loop
      vertex 6.043769410125094 -1.0580134541264516 6
      vertex 5.922647975921046 -0.8671566133830877 12
      vertex 6.043769410125094 -1.0580134541264516 12
    endloop
  endfacet
  facet normal 0.9980267284282716 0.06279051952931261 0
    outer loop
      vertex 5.71419353763394 -0.22559982041574733 6
      vertex 5.7 0 12
      vertex 5.71419353763394 -0.22559982041574733 12
    endloop
  endfacet
  facet normal 0.9510565162951534 0.30901699437494823 0
    outer loop
      vertex 5.826402325401148 -0.6626241948324202 6
      vertex 5.756550309968464 -0.4476417968967387 12
      vertex 5.826402325401148 -0.6626241948324202 12
    endloop
  endfacet
  facet normal 0.9822872507286887 0.18738131458572468 0
    outer loop
      vertex 5.756550309968464 -0.4476417968967387 6
      vertex 5.71419353763394 -0.22559982041574733 12
      vertex 5.756550309968464 -0.4476417968967387 12
    endloop
  endfacet
  facet normal 0.4817536741017142 0.8763066800438641 0
    outer loop
      vertex 6.73359727518287 -1.6286886944388352 6
      vertex 6.5355117690378055 -1.5197902659036269 12
      vertex 6.73359727518287 -1.6286886944388352 12
    endloop
  endfacet
  facet normal 0.36812455268467875 0.9297764858882511 0
    outer loop
      vertex 6.943769410125094 -1.7119017293312764 6
      vertex 6.73359727518287 -1.6286886944388352 12
      vertex 6.943769410125094 -1.7119017293312764 12
    endloop
  endfacet
  facet normal 0.248689887164855 0.9685831611286311 0
    outer loop
      vertex 7.162713633745695 -1.7681170513116395 6
      vertex 6.943769410125094 -1.7119017293312764 12
      vertex 7.162713633745695 -1.7681170513116395 12
    endloop
  endfacet
  facet normal 0.1253332335643046 0.9921147013144778 0
    outer loop
      vertex 7.386977064847235 -1.7964481111708888 6
      vertex 7.162713633745695 -1.7681170513116395 12
      vertex 7.386977064847235 -1.7964481111708888 12
    endloop
  endfacet
  facet normal 0 1 0
    outer loop
      vertex 7.613022935152765 -1.7964481111708888 6
      vertex 7.386977064847235 -1.7964481111708888 12
      vertex 7.613022935152765 -1.7964481111708888 12
    endloop
  endfacet
  facet normal 0.7705132427757878 0.6374239897486914 0
    outer loop
      vertex 6.187856470641459 -1.2321847906716394 6
      vertex 6.043769410125094 -1.0580134541264516 12
      vertex 6.187856470641459 -1.2321847906716394 12
    endloop
  endfacet
  facet normal 0.6845471059286893 0.728968627421411 0
    outer loop
      vertex 6.352636818452359 -1.386923836996421 6
      vertex 6.187856470641459 -1.2321847906716394 12
      vertex 6.352636818452359 -1.386923836996421 12
    endloop
  endfacet
  facet normal 0.587785252292473 0.8090169943749476 0
    outer loop
      vertex 6.5355117690378055 -1.5197902659036269 6
      vertex 6.352636818452359 -1.386923836996421 12
      vertex 6.5355117690378055 -1.5197902659036269 12
    endloop
  endfacet
  facet normal -0.1253332335643046 0.9921147013144778 0
    outer loop
      vertex 7.837286366254305 -1.7681170513116395 6
      vertex 7.613022935152765 -1.7964481111708888 12
      vertex 7.837286366254305 -1.7681170513116395 12
    endloop
  endfacet
  facet normal -0.248689887164855 0.9685831611286311 0
    outer loop
      vertex 8.056230589874906 -1.7119017293312764 6
      vertex 7.837286366254305 -1.7681170513116395 12
      vertex 8.056230589874906 -1.7119017293312764 12
    endloop
  endfacet
  facet normal -0.36812455268467875 0.9297764858882511 0
    outer loop
      vertex 8.26640272481713 -1.6286886944388352 6
      vertex 8.056230589874906 -1.7119017293312764 12
      vertex 8.26640272481713 -1.6286886944388352 12
    endloop
  endfacet
  facet normal -0.48175367410171527 0.8763066800438637 0
    outer loop
      vertex 8.464488230962193 -1.5197902659036275 6
      vertex 8.26640272481713 -1.6286886944388352 12
      vertex 8.464488230962193 -1.5197902659036275 12
    endloop
  endfacet
  facet normal -0.5877852522924731 0.8090169943749475 0
    outer loop
      vertex 8.647363181547641 -1.3869238369964203 6
      vertex 8.464488230962193 -1.5197902659036275 12
      vertex 8.647363181547641 -1.3869238369964203 12
    endloop
  endfacet
  facet normal -0.6845471059286857 0.7289686274214143 0
    outer loop
      vertex 8.812143529358542 -1.2321847906716394 6
      vertex 8.647363181547641 -1.3869238369964203 12
      vertex 8.812143529358542 -1.2321847906716394 12
    endloop
  endfacet
  facet normal -0.7705132427757897 0.637423989748689 0
    outer loop
      vertex 8.956230589874906 -1.0580134541264516 6
      vertex 8.812143529358542 -1.2321847906716394 12
      vertex 8.956230589874906 -1.0580134541264516 12
    endloop
  endfacet
  facet normal -0.8443279255020147 0.5358267949789973 0
    outer loop
      vertex 9.077352024078955 -0.8671566133830877 6
      vertex 8.956230589874906 -1.0580134541264516 12
      vertex 9.077352024078955 -0.8671566133830877 12
    endloop
  endfacet
  facet normal -0.9048270524660206 0.42577929156507044 0
    outer loop
      vertex 9.173597674598852 -0.6626241948324211 6
      vertex 9.077352024078955 -0.8671566133830877 12
      vertex 9.173597674598852 -0.6626241948324211 12
    endloop
  endfacet
  facet normal -0.951056516295154 0.30901699437494606 0
    outer loop
      vertex 9.243449690031536 -0.447641796896738 6
      vertex 9.173597674598852 -0.6626241948324211 12
      vertex 9.243449690031536 -0.447641796896738 12
    endloop
  endfacet
  facet normal -0.9822872507286878 0.18738131458572907 0
    outer loop
      vertex 9.285806462366061 -0.22559982041574733 6
      vertex 9.243449690031536 -0.447641796896738 12
      vertex 9.285806462366061 -0.22559982041574733 12
    endloop
  endfacet
  facet normal -0.9980267284282716 0.06279051952931261 0
    outer loop
      vertex 9.3 0 6
      vertex 9.285806462366061 -0.22559982041574733 12
      vertex 9.3 0 12
    endloop
  endfacet
  facet normal 0.9980267284282716 -0.06279051952931261 0
    outer loop
      vertex 5.7 0 6
      vertex 5.71419353763394 0.22559982041574733 6
      vertex 5.71419353763394 0.22559982041574733 12
    endloop
  endfacet
  facet normal 0.9822872507286887 -0.18738131458572468 0
    outer loop
      vertex 5.71419353763394 0.22559982041574733 6
      vertex 5.756550309968464 0.4476417968967387 6
      vertex 5.756550309968464 0.4476417968967387 12
    endloop
  endfacet
  facet normal 0.9510565162951534 -0.30901699437494823 0
    outer loop
      vertex 5.756550309968464 0.4476417968967387 6
      vertex 5.826402325401148 0.6626241948324202 6
      vertex 5.826402325401148 0.6626241948324202 12
    endloop
  endfacet
  facet normal 0.9048270524660197 -0.4257792915650721 0
    outer loop
      vertex 5.826402325401148 0.6626241948324202 6
      vertex 5.922647975921046 0.8671566133830877 6
      vertex 5.922647975921046 0.8671566133830877 12
    endloop
  endfacet
  facet normal 0.8443279255020164 -0.5358267949789944 0
    outer loop
      vertex 5.922647975921046 0.8671566133830877 6
      vertex 6.043769410125094 1.0580134541264516 6
      vertex 6.043769410125094 1.0580134541264516 12
    endloop
  endfacet
  facet normal 0.7705132427757878 -0.6374239897486914 0
    outer loop
      vertex 6.043769410125094 1.0580134541264516 6
      vertex 6.187856470641459 1.2321847906716394 6
      vertex 6.187856470641459 1.2321847906716394 12
    endloop
  endfacet
  facet normal 0.6845471059286893 -0.728968627421411 0
    outer loop
      vertex 6.187856470641459 1.2321847906716394 6
      vertex 6.352636818452359 1.386923836996421 6
      vertex 6.352636818452359 1.386923836996421 12
    endloop
  endfacet
  facet normal 0.587785252292473 -0.8090169943749476 0
    outer loop
      vertex 6.352636818452359 1.386923836996421 6
      vertex 6.5355117690378055 1.5197902659036269 6
      vertex 6.5355117690378055 1.5197902659036269 12
    endloop
  endfacet
  facet normal 0.4817536741017151 -0.8763066800438637 0
    outer loop
      vertex 6.5355117690378055 1.5197902659036269 6
      vertex 6.733597275182869 1.628688694438835 6
      vertex 6.733597275182869 1.628688694438835 12
    endloop
  endfacet
  facet normal 0.3681245526846783 -0.9297764858882513 0
    outer loop
      vertex 6.733597275182869 1.628688694438835 6
      vertex 6.943769410125094 1.7119017293312764 6
      vertex 6.943769410125094 1.7119017293312764 12
    endloop
  endfacet
  facet normal 0.24868988716485496 -0.9685831611286311 0
    outer loop
      vertex 6.943769410125094 1.7119017293312764 6
      vertex 7.162713633745696 1.7681170513116398 6
      vertex 7.162713633745696 1.7681170513116398 12
    endloop
  endfacet
  facet normal 0.12533323356430362 -0.992114701314478 0
    outer loop
      vertex 7.162713633745696 1.7681170513116398 6
      vertex 7.386977064847236 1.7964481111708888 6
      vertex 7.386977064847236 1.7964481111708888 12
    endloop
  endfacet
  facet normal 0 -1 0
    outer loop
      vertex 7.386977064847236 1.7964481111708888 6
      vertex 7.613022935152764 1.7964481111708888 6
      vertex 7.613022935152764 1.7964481111708888 12
    endloop
  endfacet
  facet normal -0.9048270524660211 -0.4257792915650695 0
    outer loop
      vertex 9.077352024078955 0.8671566133830876 6
      vertex 9.173597674598852 0.6626241948324204 6
      vertex 9.173597674598852 0.6626241948324204 12
    endloop
  endfacet
  facet normal -0.5877852522924749 -0.8090169943749461 0
    outer loop
      vertex 8.464488230962194 1.519790265903627 6
      vertex 8.647363181547641 1.3869238369964205 6
      vertex 8.647363181547641 1.3869238369964205 12
    endloop
  endfacet
  facet normal -0.6845471059286896 -0.7289686274214107 0
    outer loop
      vertex 8.81214352935854 1.2321847906716397 6
      vertex 8.81214352935854 1.2321847906716397 12
      vertex 8.647363181547641 1.3869238369964205 6
    endloop
  endfacet
  facet normal -0.7705132427757863 -0.6374239897486932 0
    outer loop
      vertex 8.81214352935854 1.2321847906716397 6
      vertex 8.956230589874906 1.0580134541264516 6
      vertex 8.956230589874906 1.0580134541264516 12
    endloop
  endfacet
  facet normal -0.8443279255020149 -0.5358267949789971 0
    outer loop
      vertex 9.077352024078955 0.8671566133830876 6
      vertex 9.077352024078955 0.8671566133830876 12
      vertex 8.956230589874906 1.0580134541264516 6
    endloop
  endfacet
  facet normal -0.12533323356430362 -0.992114701314478 0
    outer loop
      vertex 7.613022935152764 1.7964481111708888 6
      vertex 7.837286366254304 1.7681170513116398 6
      vertex 7.837286366254304 1.7681170513116398 12
    endloop
  endfacet
  facet normal -0.24868988716485496 -0.9685831611286311 0
    outer loop
      vertex 7.837286366254304 1.7681170513116398 6
      vertex 8.056230589874906 1.7119017293312764 6
      vertex 8.056230589874906 1.7119017293312764 12
    endloop
  endfacet
  facet normal -0.3681245526846796 -0.9297764858882508 0
    outer loop
      vertex 8.056230589874906 1.7119017293312764 6
      vertex 8.26640272481713 1.628688694438835 6
      vertex 8.26640272481713 1.628688694438835 12
    endloop
  endfacet
  facet normal -0.4817536741017127 -0.876306680043865 0
    outer loop
      vertex 8.26640272481713 1.628688694438835 6
      vertex 8.464488230962194 1.519790265903627 6
      vertex 8.464488230962194 1.519790265903627 12
    endloop
  endfacet
  facet normal -0.9980267284282716 -0.06279051952931253 0
    outer loop
      vertex 9.3 0 6
      vertex 9.3 0 12
      vertex 9.285806462366061 0.22559982041574766 6
    endloop
  endfacet
  facet normal -0.9822872507286878 -0.1873813145857288 0
    outer loop
      vertex 9.285806462366061 0.22559982041574766 6
      vertex 9.285806462366061 0.22559982041574766 12
      vertex 9.243449690031536 0.44764179689673866 6
    endloop
  endfacet
  facet normal -0.9510565162951535 -0.30901699437494784 0
    outer loop
      vertex 9.243449690031536 0.44764179689673866 6
      vertex 9.243449690031536 0.44764179689673866 12
      vertex 9.173597674598852 0.6626241948324204 6
    endloop
  endfacet
  facet normal 0.9980267284282716 -0.06279051952931261 0
    outer loop
      vertex 5.7 0 6
      vertex 5.71419353763394 0.22559982041574733 12
      vertex 5.7 0 12
    endloop
  endfacet
  facet normal 0.9822872507286887 -0.18738131458572468 0
    outer loop
      vertex 5.71419353763394 0.22559982041574733 6
      vertex 5.756550309968464 0.4476417968967387 12
      vertex 5.71419353763394 0.22559982041574733 12
    endloop
  endfacet
  facet normal 0.9510565162951534 -0.30901699437494823 0
    outer loop
      vertex 5.756550309968464 0.4476417968967387 6
      vertex 5.826402325401148 0.6626241948324202 12
      vertex 5.756550309968464 0.4476417968967387 12
    endloop
  endfacet
  facet normal 0.9048270524660197 -0.4257792915650721 0
    outer loop
      vertex 5.826402325401148 0.6626241948324202 6
      vertex 5.922647975921046 0.8671566133830877 12
      vertex 5.826402325401148 0.6626241948324202 12
    endloop
  endfacet
  facet normal 0.8443279255020164 -0.5358267949789944 0
    outer loop
      vertex 5.922647975921046 0.8671566133830877 6
      vertex 6.043769410125094 1.0580134541264516 12
      vertex 5.922647975921046 0.8671566133830877 12
    endloop
  endfacet
  facet normal 0.7705132427757878 -0.6374239897486914 0
    outer loop
      vertex 6.043769410125094 1.0580134541264516 6
      vertex 6.187856470641459 1.2321847906716394 12
      vertex 6.043769410125094 1.0580134541264516 12
    endloop
  endfacet
  facet normal 0.6845471059286893 -0.728968627421411 0
    outer loop
      vertex 6.187856470641459 1.2321847906716394 6
      vertex 6.352636818452359 1.386923836996421 12
      vertex 6.187856470641459 1.2321847906716394 12
    endloop
  endfacet
  facet normal 0.587785252292473 -0.8090169943749476 0
    outer loop
      vertex 6.352636818452359 1.386923836996421 6
      vertex 6.5355117690378055 1.5197902659036269 12
      vertex 6.352636818452359 1.386923836996421 12
    endloop
  endfacet
  facet normal 0.4817536741017151 -0.8763066800438637 0
    outer loop
      vertex 6.5355117690378055 1.5197902659036269 6
      vertex 6.733597275182869 1.628688694438835 12
      vertex 6.5355117690378055 1.5197902659036269 12
    endloop
  endfacet
  facet normal 0.3681245526846783 -0.9297764858882513 0
    outer loop
      vertex 6.733597275182869 1.628688694438835 6
      vertex 6.943769410125094 1.7119017293312764 12
      vertex 6.733597275182869 1.628688694438835 12
    endloop
  endfacet
  facet normal 0.24868988716485496 -0.9685831611286311 0
    outer loop
      vertex 6.943769410125094 1.7119017293312764 6
      vertex 7.162713633745696 1.7681170513116398 12
      vertex 6.943769410125094 1.7119017293312764 12
    endloop
  endfacet
  facet normal 0.12533323356430362 -0.992114701314478 0
    outer loop
      vertex 7.162713633745696 1.7681170513116398 6
      vertex 7.386977064847236 1.7964481111708888 12
      vertex 7.162713633745696 1.7681170513116398 12
    endloop
  endfacet
  facet normal 0 -1 0
    outer loop
      vertex 7.386977064847236 1.7964481111708888 6
      vertex 7.613022935152764 1.7964481111708888 12
      vertex 7.386977064847236 1.7964481111708888 12
    endloop
  endfacet
  facet normal -0.5877852522924749 -0.8090169943749461 0
    outer loop
      vertex 8.464488230962194 1.519790265903627 6
      vertex 8.647363181547641 1.3869238369964205 12
      vertex 8.464488230962194 1.519790265903627 12
    endloop
  endfacet
  facet normal -0.6845471059286896 -0.7289686274214107 0
    outer loop
      vertex 8.647363181547641 1.3869238369964205 6
      vertex 8.81214352935854 1.2321847906716397 12
      vertex 8.647363181547641 1.3869238369964205 12
    endloop
  endfacet
  facet normal -0.9048270524660211 -0.4257792915650695 0
    outer loop
      vertex 9.077352024078955 0.8671566133830876 6
      vertex 9.173597674598852 0.6626241948324204 12
      vertex 9.077352024078955 0.8671566133830876 12
    endloop
  endfacet
  facet normal -0.8443279255020149 -0.5358267949789971 0
    outer loop
      vertex 8.956230589874906 1.0580134541264516 6
      vertex 9.077352024078955 0.8671566133830876 12
      vertex 8.956230589874906 1.0580134541264516 12
    endloop
  endfacet
  facet normal -0.7705132427757863 -0.6374239897486932 0
    outer loop
      vertex 8.81214352935854 1.2321847906716397 6
      vertex 8.956230589874906 1.0580134541264516 12
      vertex 8.81214352935854 1.2321847906716397 12
    endloop
  endfacet
  facet normal -0.12533323356430362 -0.992114701314478 0
    outer loop
      vertex 7.613022935152764 1.7964481111708888 6
      vertex 7.837286366254304 1.7681170513116398 12
      vertex 7.613022935152764 1.7964481111708888 12
    endloop
  endfacet
  facet normal -0.24868988716485496 -0.9685831611286311 0
    outer loop
      vertex 7.837286366254304 1.7681170513116398 6
      vertex 8.056230589874906 1.7119017293312764 12
      vertex 7.837286366254304 1.7681170513116398 12
    endloop
  endfacet
  facet normal -0.3681245526846796 -0.9297764858882508 0
    outer loop
      vertex 8.056230589874906 1.7119017293312764 6
      vertex 8.26640272481713 1.628688694438835 12
      vertex 8.056230589874906 1.7119017293312764 12
    endloop
  endfacet
  facet normal -0.4817536741017127 -0.876306680043865 0
    outer loop
      vertex 8.26640272481713 1.628688694438835 6
      vertex 8.464488230962194 1.519790265903627 12
      vertex 8.26640272481713 1.628688694438835 12
    endloop
  endfacet
  facet normal -0.9980267284282716 -0.06279051952931253 0
    outer loop
      vertex 9.285806462366061 0.22559982041574766 6
      vertex 9.3 0 12
      vertex 9.285806462366061 0.22559982041574766 12
    endloop
  endfacet
  facet normal -0.9822872507286878 -0.1873813145857288 0
    outer loop
      vertex 9.243449690031536 0.44764179689673866 6
      vertex 9.285806462366061 0.22559982041574766 12
      vertex 9.243449690031536 0.44764179689673866 12
    endloop
  endfacet
  facet normal -0.9510565162951535 -0.30901699437494784 0
    outer loop
      vertex 9.173597674598852 0.6626241948324204 6
      vertex 9.243449690031536 0.44764179689673866 12
      vertex 9.173597674598852 0.6626241948324204 12
    endloop
  endfacet
  facet normal 0.9048270524660195 0.4257792915650728 0
    outer loop
      vertex -3.3007065249032923 -1.3068421620306063 6.599999999999999
      vertex -3.110888714155715 -1.7102255430610895 0
      vertex -3.3007065249032923 -1.3068421620306063 0
    endloop
  endfacet
  facet normal 0.9510565162951535 0.3090169943749479 0
    outer loop
      vertex -3.4384702220066403 -0.8828490994352347 6.599999999999999
      vertex -3.3007065249032923 -1.3068421620306063 0
      vertex -3.4384702220066403 -0.8828490994352347 0
    endloop
  endfacet
  facet normal 0.9822872507286887 0.18738131458572452 0
    outer loop
      vertex -3.5220071896663963 -0.4449329791532794 6.599999999999999
      vertex -3.4384702220066403 -0.8828490994352347 0
      vertex -3.5220071896663963 -0.4449329791532794 0
    endloop
  endfacet
  facet normal 0.9980267284282717 0.06279051952931318 0
    outer loop
      vertex -3.55 0 6.599999999999999
      vertex -3.5220071896663963 -0.4449329791532794 0
      vertex -3.55 0 0
    endloop
  endfacet
  facet normal 0.4817536741017155 0.8763066800438635 0
    outer loop
      vertex -1.511516485056007 -3.2121360362543694 6.599999999999999
      vertex -1.511516485056007 -3.2121360362543694 0
      vertex -1.9021851221754384 -2.9973641355321528 0
    endloop
  endfacet
  facet normal 0.3681245526846777 0.9297764858882516 0
    outer loop
      vertex -1.0970103300310632 -3.376250632847795 6.599999999999999
      vertex -1.0970103300310632 -3.376250632847795 0
      vertex -1.511516485056007 -3.2121360362543694 0
    endloop
  endfacet
  facet normal 0.2486898871648554 0.968583161128631 4.183352101846283e-18
    outer loop
      vertex -0.6652036667793231 -3.4871197400868446 6.599999999999999
      vertex -0.665203666779323 -3.4871197400868446 0
      vertex -1.0970103300310632 -3.376250632847795 0
    endloop
  endfacet
  facet normal 0.1253332335643048 0.9921147013144778 1.0541503155591947e-18
    outer loop
      vertex -0.22290634432906384 -3.542994885920364 6.599999999999999
      vertex -0.22290634432906378 -3.542994885920364 0
      vertex -0.665203666779323 -3.4871197400868446 0
    endloop
  endfacet
  facet normal 0.6845471059286894 0.728968627421411 0
    outer loop
      vertex -2.262855163607848 -2.735322011854052 6.599999999999999
      vertex -2.262855163607848 -2.735322011854052 0
      vertex -2.5878386273460112 -2.430142226046844 0
    endloop
  endfacet
  facet normal 0.7705132427757891 0.6374239897486899 0
    outer loop
      vertex -2.8720103300310633 -2.0866376456382794 6.599999999999999
      vertex -2.5878386273460112 -2.430142226046844 0
      vertex -2.8720103300310633 -2.0866376456382794 0
    endloop
  endfacet
  facet normal 0.8443279255020153 0.5358267949789962 0
    outer loop
      vertex -3.110888714155715 -1.7102255430610895 6.599999999999999
      vertex -2.8720103300310633 -2.0866376456382794 0
      vertex -3.110888714155715 -1.7102255430610895 0
    endloop
  endfacet
  facet normal 0.5877852522924725 0.809016994374948 0
    outer loop
      vertex -1.9021851221754384 -2.9973641355321528 6.599999999999999
      vertex -1.9021851221754384 -2.9973641355321528 0
      vertex -2.262855163607848 -2.735322011854052 0
    endloop
  endfacet
  facet normal 0.9048270524660195 0.4257792915650728 0
    outer loop
      vertex -3.3007065249032923 -1.3068421620306063 6.599999999999999
      vertex -3.110888714155715 -1.7102255430610895 6.599999999999999
      vertex -3.110888714155715 -1.7102255430610895 0
    endloop
  endfacet
  facet normal 0.9510565162951535 0.3090169943749479 0
    outer loop
      vertex -3.3007065249032923 -1.3068421620306063 6.599999999999999
      vertex -3.3007065249032923 -1.3068421620306063 0
      vertex -3.4384702220066403 -0.8828490994352347 6.599999999999999
    endloop
  endfacet
  facet normal 0.9822872507286887 0.18738131458572452 0
    outer loop
      vertex -3.4384702220066403 -0.8828490994352347 6.599999999999999
      vertex -3.4384702220066403 -0.8828490994352347 0
      vertex -3.5220071896663963 -0.4449329791532794 6.599999999999999
    endloop
  endfacet
  facet normal 0.9980267284282717 0.06279051952931318 0
    outer loop
      vertex -3.5220071896663963 -0.4449329791532794 6.599999999999999
      vertex -3.5220071896663963 -0.4449329791532794 0
      vertex -3.55 0 6.599999999999999
    endloop
  endfacet
  facet normal 0.4817536741017155 0.8763066800438635 0
    outer loop
      vertex -1.511516485056007 -3.2121360362543694 6.599999999999999
      vertex -1.9021851221754384 -2.9973641355321528 0
      vertex -1.9021851221754384 -2.9973641355321528 6.599999999999999
    endloop
  endfacet
  facet normal 0.3681245526846777 0.9297764858882516 0
    outer loop
      vertex -1.511516485056007 -3.2121360362543694 6.599999999999999
      vertex -1.0970103300310632 -3.376250632847795 6.599999999999999
      vertex -1.511516485056007 -3.2121360362543694 0
    endloop
  endfacet
  facet normal 0.2486898871648555 0.968583161128631 0
    outer loop
      vertex -1.0970103300310632 -3.376250632847795 6.599999999999999
      vertex -0.6652036667793231 -3.4871197400868446 6.599999999999999
      vertex -1.0970103300310632 -3.376250632847795 0
    endloop
  endfacet
  facet normal 0.12533323356430479 0.9921147013144778 2.108300631118389e-18
    outer loop
      vertex -0.6652036667793231 -3.4871197400868446 6.599999999999999
      vertex -0.22290634432906384 -3.542994885920364 6.599999999999999
      vertex -0.665203666779323 -3.4871197400868446 0
    endloop
  endfacet
  facet normal 0 1 0
    outer loop
      vertex -0.22290634432906384 -3.542994885920364 6.599999999999999
      vertex 0.22290634432906384 -3.542994885920364 6.599999999999999
      vertex -0.22290634432906378 -3.542994885920364 0
    endloop
  endfacet
  facet normal 0.7705132427757891 0.6374239897486899 0
    outer loop
      vertex -2.8720103300310633 -2.0866376456382794 6.599999999999999
      vertex -2.5878386273460112 -2.430142226046844 6.599999999999999
      vertex -2.5878386273460112 -2.430142226046844 0
    endloop
  endfacet
  facet normal 0.6845471059286894 0.728968627421411 0
    outer loop
      vertex -2.262855163607848 -2.735322011854052 6.599999999999999
      vertex -2.5878386273460112 -2.430142226046844 0
      vertex -2.5878386273460112 -2.430142226046844 6.599999999999999
    endloop
  endfacet
  facet normal 0.8443279255020153 0.5358267949789962 0
    outer loop
      vertex -2.8720103300310633 -2.0866376456382794 6.599999999999999
      vertex -2.8720103300310633 -2.0866376456382794 0
      vertex -3.110888714155715 -1.7102255430610895 6.599999999999999
    endloop
  endfacet
  facet normal 0.5877852522924725 0.809016994374948 0
    outer loop
      vertex -2.262855163607848 -2.735322011854052 6.599999999999999
      vertex -1.9021851221754384 -2.9973641355321528 6.599999999999999
      vertex -2.262855163607848 -2.735322011854052 0
    endloop
  endfacet
  facet normal 0 0 -1
    outer loop
      vertex -3.4384702220066403 -0.8828490994352347 6.599999999999999
      vertex -3.5220071896663963 -0.4449329791532794 6.599999999999999
      vertex -3.5220071896663963 0.4449329791532794 6.599999999999999
    endloop
  endfacet
  facet normal 0 0 -1
    outer loop
      vertex -3.3007065249032923 -1.3068421620306063 6.599999999999999
      vertex -3.4384702220066403 -0.8828490994352347 6.599999999999999
      vertex -3.4384702220066403 0.8828490994352347 6.599999999999999
    endloop
  endfacet
  facet normal 0 0 -1
    outer loop
      vertex -3.3007065249032923 -1.3068421620306063 6.599999999999999
      vertex -3.3007065249032923 1.3068421620306063 6.599999999999999
      vertex -3.110888714155715 -1.7102255430610895 6.599999999999999
    endloop
  endfacet
  facet normal 0 0 -1
    outer loop
      vertex -1.0970103300310632 -3.376250632847795 6.599999999999999
      vertex 1.5 -2.5 6.599999999999999
      vertex -0.6652036667793231 -3.4871197400868446 6.599999999999999
    endloop
  endfacet
  facet normal 0 0 -1
    outer loop
      vertex -2.262855163607848 -2.735322011854052 6.599999999999999
      vertex -1.5 -1.5 6.599999999999999
      vertex -1.9021851221754384 -2.9973641355321528 6.599999999999999
    endloop
  endfacet
  facet normal 0 0 -1
    outer loop
      vertex -1.511516485056007 -3.2121360362543694 6.599999999999999
      vertex -1.9021851221754384 -2.9973641355321528 6.599999999999999
      vertex -1.5 -1.5 6.599999999999999
    endloop
  endfacet
  facet normal 0 0 -1
    outer loop
      vertex -2.262855163607848 -2.735322011854052 6.599999999999999
      vertex -2.5878386273460112 -2.430142226046844 6.599999999999999
      vertex -1.5 -1.5 6.599999999999999
    endloop
  endfacet
  facet normal 0 0 -1
    outer loop
      vertex -2.5878386273460112 -2.430142226046844 6.599999999999999
      vertex -2.5 -1.5 6.599999999999999
      vertex -1.5 -1.5 6.599999999999999
    endloop
  endfacet
  facet normal 0 0 -1
    outer loop
      vertex -2.8720103300310633 -2.0866376456382794 6.599999999999999
      vertex -2.8720103300310633 2.0866376456382794 6.599999999999999
      vertex -2.5878386273460112 -2.430142226046844 6.599999999999999
    endloop
  endfacet
  facet normal 0 0 -1
    outer loop
      vertex -2.8720103300310633 -2.0866376456382794 6.599999999999999
      vertex -3.110888714155715 -1.7102255430610895 6.599999999999999
      vertex -3.110888714155715 1.7102255430610895 6.599999999999999
    endloop
  endfacet
  facet normal 0 0 -1
    outer loop
      vertex -2.5878386273460112 -2.430142226046844 6.599999999999999
      vertex -2.5878386273460112 2.430142226046844 6.599999999999999
      vertex -2.5 -1.5 6.599999999999999
    endloop
  endfacet
  facet normal 0 0 -1
    outer loop
      vertex -1.511516485056007 -3.2121360362543694 6.599999999999999
      vertex -1.5 -1.5 6.599999999999999
      vertex -1.5 -2.5 6.599999999999999
    endloop
  endfacet
  facet normal 0 0 -1
    outer loop
      vertex -1.511516485056007 -3.2121360362543694 6.599999999999999
      vertex -1.5 -2.5 6.599999999999999
      vertex 1.5 -2.5 6.599999999999999
    endloop
  endfacet
  facet normal 0 0 -1
    outer loop
      vertex -1.511516485056007 -3.2121360362543694 6.599999999999999
      vertex 1.5 -2.5 6.599999999999999
      vertex -1.0970103300310632 -3.376250632847795 6.599999999999999
    endloop
  endfacet
  facet normal 0.9980267284282717 -0.06279051952931318 0
    outer loop
      vertex -3.5220071896663963 0.4449329791532794 6.599999999999999
      vertex -3.55 0 0
      vertex -3.5220071896663963 0.4449329791532794 0
    endloop
  endfacet
  facet normal 0.9822872507286887 -0.18738131458572452 0
    outer loop
      vertex -3.4384702220066403 0.8828490994352347 6.599999999999999
      vertex -3.5220071896663963 0.4449329791532794 0
      vertex -3.4384702220066403 0.8828490994352347 0
    endloop
  endfacet
  facet normal 0.9510565162951535 -0.3090169943749479 0
    outer loop
      vertex -3.3007065249032923 1.3068421620306063 6.599999999999999
      vertex -3.4384702220066403 0.8828490994352347 0
      vertex -3.3007065249032923 1.3068421620306063 0
    endloop
  endfacet
  facet normal 0.9048270524660195 -0.4257792915650728 0
    outer loop
      vertex -3.110888714155715 1.7102255430610895 6.599999999999999
      vertex -3.3007065249032923 1.3068421620306063 0
      vertex -3.110888714155715 1.7102255430610895 0
    endloop
  endfacet
  facet normal 0.8443279255020153 -0.5358267949789962 0
    outer loop
      vertex -2.8720103300310633 2.0866376456382794 6.599999999999999
      vertex -3.110888714155715 1.7102255430610895 0
      vertex -2.8720103300310633 2.0866376456382794 0
    endloop
  endfacet
  facet normal 0.7705132427757891 -0.6374239897486899 0
    outer loop
      vertex -2.5878386273460112 2.430142226046844 6.599999999999999
      vertex -2.8720103300310633 2.0866376456382794 0
      vertex -2.5878386273460112 2.430142226046844 0
    endloop
  endfacet
  facet normal 0.6845471059286894 -0.728968627421411 0
    outer loop
      vertex -2.5878386273460112 2.430142226046844 6.599999999999999
      vertex -2.5878386273460112 2.430142226046844 0
      vertex -2.262855163607848 2.735322011854052 0
    endloop
  endfacet
  facet normal 0.5877852522924725 -0.809016994374948 0
    outer loop
      vertex -2.262855163607848 2.735322011854052 6.599999999999999
      vertex -2.262855163607848 2.735322011854052 0
      vertex -1.9021851221754384 2.9973641355321528 0
    endloop
  endfacet
  facet normal 0.48175367410171566 -0.8763066800438634 0
    outer loop
      vertex -1.9021851221754384 2.9973641355321528 6.599999999999999
      vertex -1.9021851221754384 2.9973641355321528 0
      vertex -1.511516485056008 3.212136036254369 0
    endloop
  endfacet
  facet normal 0.36812455268467764 -0.9297764858882516 0
    outer loop
      vertex -1.511516485056008 3.212136036254369 6.599999999999999
      vertex -1.511516485056008 3.212136036254369 0
      vertex -1.0970103300310632 3.376250632847795 0
    endloop
  endfacet
  facet normal 0.24868988716485593 -0.9685831611286307 0
    outer loop
      vertex -1.0970103300310632 3.376250632847795 6.599999999999999
      vertex -1.0970103300310632 3.376250632847795 0
      vertex -0.6652036667793223 3.487119740086845 0
    endloop
  endfacet
  facet normal 0.12533323356430356 -0.992114701314478 -2.1083006311183687e-18
    outer loop
      vertex -0.6652036667793222 3.487119740086845 6.599999999999999
      vertex -0.6652036667793223 3.487119740086845 0
      vertex -0.22290634432906217 3.542994885920364 0
    endloop
  endfacet
  facet normal 0 -1 0
    outer loop
      vertex -0.22290634432906212 3.542994885920364 6.599999999999999
      vertex -0.22290634432906217 3.542994885920364 0
      vertex 0.22290634432905693 3.542994885920364 0
    endloop
  endfacet
  facet normal 0.9980267284282717 -0.06279051952931318 0
    outer loop
      vertex -3.55 0 6.599999999999999
      vertex -3.55 0 0
      vertex -3.5220071896663963 0.4449329791532794 6.599999999999999
    endloop
  endfacet
  facet normal 0.9822872507286887 -0.18738131458572452 0
    outer loop
      vertex -3.5220071896663963 0.4449329791532794 6.599999999999999
      vertex -3.5220071896663963 0.4449329791532794 0
      vertex -3.4384702220066403 0.8828490994352347 6.599999999999999
    endloop
  endfacet
  facet normal 0.9510565162951535 -0.3090169943749479 0
    outer loop
      vertex -3.4384702220066403 0.8828490994352347 6.599999999999999
      vertex -3.4384702220066403 0.8828490994352347 0
      vertex -3.3007065249032923 1.3068421620306063 6.599999999999999
    endloop
  endfacet
  facet normal 0.9048270524660195 -0.4257792915650728 0
    outer loop
      vertex -3.3007065249032923 1.3068421620306063 6.599999999999999
      vertex -3.3007065249032923 1.3068421620306063 0
      vertex -3.110888714155715 1.7102255430610895 6.599999999999999
    endloop
  endfacet
  facet normal 0.8443279255020153 -0.5358267949789962 0
    outer loop
      vertex -3.110888714155715 1.7102255430610895 6.599999999999999
      vertex -3.110888714155715 1.7102255430610895 0
      vertex -2.8720103300310633 2.0866376456382794 6.599999999999999
    endloop
  endfacet
  facet normal 0.7705132427757891 -0.6374239897486899 0
    outer loop
      vertex -2.8720103300310633 2.0866376456382794 6.599999999999999
      vertex -2.8720103300310633 2.0866376456382794 0
      vertex -2.5878386273460112 2.430142226046844 6.599999999999999
    endloop
  endfacet
  facet normal 0.6845471059286894 -0.728968627421411 0
    outer loop
      vertex -2.5878386273460112 2.430142226046844 6.599999999999999
      vertex -2.262855163607848 2.735322011854052 0
      vertex -2.262855163607848 2.735322011854052 6.599999999999999
    endloop
  endfacet
  facet normal 0.5877852522924725 -0.809016994374948 0
    outer loop
      vertex -2.262855163607848 2.735322011854052 6.599999999999999
      vertex -1.9021851221754384 2.9973641355321528 0
      vertex -1.9021851221754384 2.9973641355321528 6.599999999999999
    endloop
  endfacet
  facet normal 0.48175367410171566 -0.8763066800438634 0
    outer loop
      vertex -1.9021851221754384 2.9973641355321528 6.599999999999999
      vertex -1.511516485056008 3.212136036254369 0
      vertex -1.511516485056008 3.212136036254369 6.599999999999999
    endloop
  endfacet
  facet normal 0.36812455268467764 -0.9297764858882516 0
    outer loop
      vertex -1.511516485056008 3.212136036254369 6.599999999999999
      vertex -1.0970103300310632 3.376250632847795 0
      vertex -1.0970103300310632 3.376250632847795 6.599999999999999
    endloop
  endfacet
  facet normal 0.2486898871648559 -0.9685831611286307 -4.716543911581211e-18
    outer loop
      vertex -1.0970103300310632 3.376250632847795 6.599999999999999
      vertex -0.6652036667793223 3.487119740086845 0
      vertex -0.6652036667793222 3.487119740086845 6.599999999999999
    endloop
  endfacet
  facet normal 0.12533323356430356 -0.992114701314478 -2.358271955790606e-18
    outer loop
      vertex -0.6652036667793222 3.487119740086845 6.599999999999999
      vertex -0.22290634432906217 3.542994885920364 0
      vertex -0.22290634432906212 3.542994885920364 6.599999999999999
    endloop
  endfacet
  facet normal 0 0 -1
    outer loop
      vertex -3.5220071896663963 -0.4449329791532794 6.599999999999999
      vertex -3.55 0 6.599999999999999
      vertex -3.5220071896663963 0.4449329791532794 6.599999999999999
    endloop
  endfacet
  facet normal 0 0 -1
    outer loop
      vertex -3.4384702220066403 -0.8828490994352347 6.599999999999999
      vertex -3.5220071896663963 0.4449329791532794 6.599999999999999
      vertex -3.4384702220066403 0.8828490994352347 6.599999999999999
    endloop
  endfacet
  facet normal 0 0 -1
    outer loop
      vertex -3.3007065249032923 -1.3068421620306063 6.599999999999999
      vertex -3.4384702220066403 0.8828490994352347 6.599999999999999
      vertex -3.3007065249032923 1.3068421620306063 6.599999999999999
    endloop
  endfacet
  facet normal 0 0 -1
    outer loop
      vertex -3.110888714155715 -1.7102255430610895 6.599999999999999
      vertex -3.3007065249032923 1.3068421620306063 6.599999999999999
      vertex -3.110888714155715 1.7102255430610895 6.599999999999999
    endloop
  endfacet
  facet normal 0 0 -1
    outer loop
      vertex -2.8720103300310633 -2.0866376456382794 6.599999999999999
      vertex -3.110888714155715 1.7102255430610895 6.599999999999999
      vertex -2.8720103300310633 2.0866376456382794 6.599999999999999
    endloop
  endfacet
  facet normal 0 0 -1
    outer loop
      vertex -2.5878386273460112 -2.430142226046844 6.599999999999999
      vertex -2.8720103300310633 2.0866376456382794 6.599999999999999
      vertex -2.5878386273460112 2.430142226046844 6.599999999999999
    endloop
  endfacet
  facet normal 0 0 -1
    outer loop
      vertex -2.5 -1.5 6.599999999999999
      vertex -2.5878386273460112 2.430142226046844 6.599999999999999
      vertex -2.5 1.5 6.599999999999999
    endloop
  endfacet
  facet normal 0 0 -1
    outer loop
      vertex -2.5 1.5 6.599999999999999
      vertex -2.5878386273460112 2.430142226046844 6.599999999999999
      vertex -2.262855163607848 2.735322011854052 6.599999999999999
    endloop
  endfacet
  facet normal 0 0 -1
    outer loop
      vertex -2.5 1.5 6.599999999999999
      vertex -1.511516485056008 3.212136036254369 6.599999999999999
      vertex -1.5 1.5 6.599999999999999
    endloop
  endfacet
  facet normal 0 0 -1
    outer loop
      vertex -2.5 1.5 6.599999999999999
      vertex -2.262855163607848 2.735322011854052 6.599999999999999
      vertex -1.9021851221754384 2.9973641355321528 6.599999999999999
    endloop
  endfacet
  facet normal 0 0 -1
    outer loop
      vertex -2.5 1.5 6.599999999999999
      vertex -1.9021851221754384 2.9973641355321528 6.599999999999999
      vertex -1.511516485056008 3.212136036254369 6.599999999999999
    endloop
  endfacet
  facet normal 0 0 -1
    outer loop
      vertex -1.5 1.5 6.599999999999999
      vertex -1.511516485056008 3.212136036254369 6.599999999999999
      vertex -1.5 2.5 6.599999999999999
    endloop
  endfacet
  facet normal 0 0 -1
    outer loop
      vertex -1.5 2.5 6.599999999999999
      vertex -1.511516485056008 3.212136036254369 6.599999999999999
      vertex -1.0970103300310632 3.376250632847795 6.599999999999999
    endloop
  endfacet
  facet normal 0 0 -1
    outer loop
      vertex -1.5 2.5 6.599999999999999
      vertex -1.0970103300310632 3.376250632847795 6.599999999999999
      vertex -0.6652036667793222 3.487119740086845 6.599999999999999
    endloop
  endfacet
  facet normal 0 0 -1
    outer loop
      vertex -1.5 2.5 6.599999999999999
      vertex -0.6652036667793222 3.487119740086845 6.599999999999999
      vertex -0.22290634432906212 3.542994885920364 6.599999999999999
    endloop
  endfacet
  facet normal 0 0 -1
    outer loop
      vertex -1.5 2.5 6.599999999999999
      vertex -0.22290634432906212 3.542994885920364 6.599999999999999
      vertex 0.22290634432906212 3.542994885920364 6.599999999999999
    endloop
  endfacet
  facet normal 0 0 -1
    outer loop
      vertex -1.5 2.5 6.599999999999999
      vertex 0.22290634432906212 3.542994885920364 6.599999999999999
      vertex 0.6652036667793222 3.487119740086845 6.599999999999999
    endloop
  endfacet
  facet normal 0 1 0
    outer loop
      vertex 0.22290634432906384 -3.542994885920364 6.599999999999999
      vertex 0.2229063443290639 -3.542994885920364 0
      vertex -0.22290634432906378 -3.542994885920364 0
    endloop
  endfacet
  facet normal -0.12533323356430476 0.9921147013144778 -2.1083006311183883e-18
    outer loop
      vertex 0.6652036667793231 -3.4871197400868446 6.599999999999999
      vertex 0.6652036667793232 -3.4871197400868446 0
      vertex 0.2229063443290639 -3.542994885920364 0
    endloop
  endfacet
  facet normal -0.24868988716485557 0.968583161128631 0
    outer loop
      vertex 1.0970103300310632 -3.376250632847795 6.599999999999999
      vertex 1.0970103300310632 -3.376250632847795 0
      vertex 0.6652036667793232 -3.4871197400868446 0
    endloop
  endfacet
  facet normal -0.3681245526846777 0.9297764858882516 0
    outer loop
      vertex 1.511516485056007 -3.2121360362543694 6.599999999999999
      vertex 1.511516485056007 -3.2121360362543694 0
      vertex 1.0970103300310632 -3.376250632847795 0
    endloop
  endfacet
  facet normal -0.481753674101715 0.8763066800438638 0
    outer loop
      vertex 1.9021851221754364 -2.997364135532154 6.599999999999999
      vertex 1.9021851221754364 -2.997364135532154 0
      vertex 1.511516485056007 -3.2121360362543694 0
    endloop
  endfacet
  facet normal -0.5877852522924726 0.8090169943749478 0
    outer loop
      vertex 2.262855163607849 -2.735322011854051 6.599999999999999
      vertex 2.262855163607849 -2.735322011854051 0
      vertex 1.9021851221754364 -2.997364135532154 0
    endloop
  endfacet
  facet normal -0.6845471059286892 0.7289686274214109 0
    outer loop
      vertex 2.5878386273460112 -2.430142226046844 6.599999999999999
      vertex 2.5878386273460112 -2.430142226046844 0
      vertex 2.262855163607849 -2.735322011854051 0
    endloop
  endfacet
  facet normal -0.7705132427757891 0.6374239897486899 0
    outer loop
      vertex 2.5878386273460112 -2.430142226046844 6.599999999999999
      vertex 2.8720103300310633 -2.0866376456382794 0
      vertex 2.5878386273460112 -2.430142226046844 0
    endloop
  endfacet
  facet normal -0.8443279255020153 0.5358267949789962 0
    outer loop
      vertex 2.8720103300310633 -2.0866376456382794 6.599999999999999
      vertex 3.110888714155715 -1.7102255430610895 0
      vertex 2.8720103300310633 -2.0866376456382794 0
    endloop
  endfacet
  facet normal -0.904827052466019 0.42577929156507355 0
    outer loop
      vertex 3.110888714155715 -1.7102255430610895 6.599999999999999
      vertex 3.300706524903292 -1.306842162030608 0
      vertex 3.110888714155715 -1.7102255430610895 0
    endloop
  endfacet
  facet normal -0.9510565162951535 0.3090169943749475 0
    outer loop
      vertex 3.300706524903292 -1.306842162030608 6.599999999999999
      vertex 3.4384702220066408 -0.8828490994352332 0
      vertex 3.300706524903292 -1.306842162030608 0
    endloop
  endfacet
  facet normal -0.9822872507286886 0.18738131458572413 0
    outer loop
      vertex 3.4384702220066408 -0.8828490994352332 6.599999999999999
      vertex 3.5220071896663963 -0.4449329791532794 0
      vertex 3.4384702220066408 -0.8828490994352332 0
    endloop
  endfacet
  facet normal -0.9980267284282717 0.06279051952931318 0
    outer loop
      vertex 3.5220071896663963 -0.4449329791532794 6.599999999999999
      vertex 3.55 0 0
      vertex 3.5220071896663963 -0.4449329791532794 0
    endloop
  endfacet
  facet normal -0.12533323356430479 0.9921147013144778 -1.0541503155591945e-18
    outer loop
      vertex 0.22290634432906384 -3.542994885920364 6.599999999999999
      vertex 0.6652036667793231 -3.4871197400868446 6.599999999999999
      vertex 0.2229063443290639 -3.542994885920364 0
    endloop
  endfacet
  facet normal -0.2486898871648555 0.968583161128631 -4.183352101846285e-18
    outer loop
      vertex 0.6652036667793231 -3.4871197400868446 6.599999999999999
      vertex 1.0970103300310632 -3.376250632847795 6.599999999999999
      vertex 0.6652036667793232 -3.4871197400868446 0
    endloop
  endfacet
  facet normal -0.3681245526846777 0.9297764858882516 0
    outer loop
      vertex 1.0970103300310632 -3.376250632847795 6.599999999999999
      vertex 1.511516485056007 -3.2121360362543694 6.599999999999999
      vertex 1.0970103300310632 -3.376250632847795 0
    endloop
  endfacet
  facet normal -0.481753674101715 0.8763066800438638 0
    outer loop
      vertex 1.511516485056007 -3.2121360362543694 6.599999999999999
      vertex 1.9021851221754364 -2.997364135532154 6.599999999999999
      vertex 1.511516485056007 -3.2121360362543694 0
    endloop
  endfacet
  facet normal -0.5877852522924726 0.8090169943749478 0
    outer loop
      vertex 1.9021851221754364 -2.997364135532154 6.599999999999999
      vertex 2.262855163607849 -2.735322011854051 6.599999999999999
      vertex 1.9021851221754364 -2.997364135532154 0
    endloop
  endfacet
  facet normal -0.6845471059286892 0.7289686274214109 0
    outer loop
      vertex 2.262855163607849 -2.735322011854051 6.599999999999999
      vertex 2.5878386273460112 -2.430142226046844 6.599999999999999
      vertex 2.262855163607849 -2.735322011854051 0
    endloop
  endfacet
  facet normal -0.7705132427757891 0.6374239897486899 0
    outer loop
      vertex 2.5878386273460112 -2.430142226046844 6.599999999999999
      vertex 2.8720103300310633 -2.0866376456382794 6.599999999999999
      vertex 2.8720103300310633 -2.0866376456382794 0
    endloop
  endfacet
  facet normal -0.8443279255020153 0.5358267949789962 0
    outer loop
      vertex 2.8720103300310633 -2.0866376456382794 6.599999999999999
      vertex 3.110888714155715 -1.7102255430610895 6.599999999999999
      vertex 3.110888714155715 -1.7102255430610895 0
    endloop
  endfacet
  facet normal -0.904827052466019 0.42577929156507355 0
    outer loop
      vertex 3.110888714155715 -1.7102255430610895 6.599999999999999
      vertex 3.300706524903292 -1.306842162030608 6.599999999999999
      vertex 3.300706524903292 -1.306842162030608 0
    endloop
  endfacet
  facet normal -0.9510565162951535 0.3090169943749475 0
    outer loop
      vertex 3.300706524903292 -1.306842162030608 6.599999999999999
      vertex 3.4384702220066408 -0.8828490994352332 6.599999999999999
      vertex 3.4384702220066408 -0.8828490994352332 0
    endloop
  endfacet
  facet normal -0.9822872507286886 0.18738131458572413 0
    outer loop
      vertex 3.4384702220066408 -0.8828490994352332 6.599999999999999
      vertex 3.5220071896663963 -0.4449329791532794 6.599999999999999
      vertex 3.5220071896663963 -0.4449329791532794 0
    endloop
  endfacet
  facet normal -0.9980267284282717 0.06279051952931318 0
    outer loop
      vertex 3.5220071896663963 -0.4449329791532794 6.599999999999999
      vertex 3.55 0 6.599999999999999
      vertex 3.55 0 0
    endloop
  endfacet
  facet normal 0 0 -1
    outer loop
      vertex -0.6652036667793231 -3.4871197400868446 6.599999999999999
      vertex 1.5 -2.5 6.599999999999999
      vertex -0.22290634432906384 -3.542994885920364 6.599999999999999
    endloop
  endfacet
  facet normal 0 0 -1
    outer loop
      vertex -0.22290634432906384 -3.542994885920364 6.599999999999999
      vertex 1.5 -2.5 6.599999999999999
      vertex 0.22290634432906384 -3.542994885920364 6.599999999999999
    endloop
  endfacet
  facet normal 0 0 -1
    outer loop
      vertex 0.22290634432906384 -3.542994885920364 6.599999999999999
      vertex 1.5 -2.5 6.599999999999999
      vertex 0.6652036667793231 -3.4871197400868446 6.599999999999999
    endloop
  endfacet
  facet normal 0 0 -1
    outer loop
      vertex 0.6652036667793231 -3.4871197400868446 6.599999999999999
      vertex 1.5 -2.5 6.599999999999999
      vertex 1.0970103300310632 -3.376250632847795 6.599999999999999
    endloop
  endfacet
  facet normal 0 0 -1
    outer loop
      vertex 1.0970103300310632 -3.376250632847795 6.599999999999999
      vertex 1.5 -2.5 6.599999999999999
      vertex 1.511516485056007 -3.2121360362543694 6.599999999999999
    endloop
  endfacet
  facet normal 0 0 -1
    outer loop
      vertex 1.511516485056007 -3.2121360362543694 6.599999999999999
      vertex 1.5 -2.5 6.599999999999999
      vertex 1.5 -1.5 6.599999999999999
    endloop
  endfacet
  facet normal 0 0 -1
    outer loop
      vertex 1.511516485056007 -3.2121360362543694 6.599999999999999
      vertex 2.5 -1.5 6.599999999999999
      vertex 1.9021851221754364 -2.997364135532154 6.599999999999999
    endloop
  endfacet
  facet normal 0 0 -1
    outer loop
      vertex 1.9021851221754364 -2.997364135532154 6.599999999999999
      vertex 2.5 -1.5 6.599999999999999
      vertex 2.262855163607849 -2.735322011854051 6.599999999999999
    endloop
  endfacet
  facet normal 0 0 -1
    outer loop
      vertex 1.511516485056007 -3.2121360362543694 6.599999999999999
      vertex 1.5 -1.5 6.599999999999999
      vertex 2.5 -1.5 6.599999999999999
    endloop
  endfacet
  facet normal 0 0 -1
    outer loop
      vertex 2.262855163607849 -2.735322011854051 6.599999999999999
      vertex 2.5 -1.5 6.599999999999999
      vertex 2.5878386273460112 -2.430142226046844 6.599999999999999
    endloop
  endfacet
  facet normal 0 0 -1
    outer loop
      vertex 2.5878386273460112 -2.430142226046844 6.599999999999999
      vertex 2.5 -1.5 6.599999999999999
      vertex 2.5 1.5 6.599999999999999
    endloop
  endfacet
  facet normal 0 0 -1
    outer loop
      vertex 2.5878386273460112 -2.430142226046844 6.599999999999999
      vertex 2.587838627346011 2.430142226046845 6.599999999999999
      vertex 2.8720103300310633 -2.0866376456382794 6.599999999999999
    endloop
  endfacet
  facet normal 0 0 -1
    outer loop
      vertex 2.8720103300310633 -2.0866376456382794 6.599999999999999
      vertex 2.8720103300310633 2.0866376456382794 6.599999999999999
      vertex 3.110888714155715 -1.7102255430610895 6.599999999999999
    endloop
  endfacet
  facet normal 0 0 -1
    outer loop
      vertex 3.110888714155715 -1.7102255430610895 6.599999999999999
      vertex 3.1108887141557156 1.7102255430610893 6.599999999999999
      vertex 3.300706524903292 -1.306842162030608 6.599999999999999
    endloop
  endfacet
  facet normal 0 0 -1
    outer loop
      vertex 3.300706524903292 -1.306842162030608 6.599999999999999
      vertex 3.3007065249032923 1.3068421620306068 6.599999999999999
      vertex 3.4384702220066408 -0.8828490994352332 6.599999999999999
    endloop
  endfacet
  facet normal 0 0 -1
    outer loop
      vertex 3.4384702220066408 -0.8828490994352332 6.599999999999999
      vertex 3.4384702220066403 0.8828490994352345 6.599999999999999
      vertex 3.5220071896663963 -0.4449329791532794 6.599999999999999
    endloop
  endfacet
  facet normal -0.5877852522924734 -0.8090169943749472 0
    outer loop
      vertex 1.902185122175438 2.997364135532153 6.599999999999999
      vertex 1.902185122175438 2.997364135532153 0
      vertex 2.2628551636078487 2.735322011854051 0
    endloop
  endfacet
  facet normal -0.8443279255020149 -0.5358267949789967 0
    outer loop
      vertex 3.1108887141557156 1.7102255430610893 6.599999999999999
      vertex 2.8720103300310633 2.0866376456382794 0
      vertex 3.1108887141557156 1.7102255430610893 0
    endloop
  endfacet
  facet normal -0.7705132427757895 -0.6374239897486896 0
    outer loop
      vertex 2.8720103300310633 2.0866376456382794 6.599999999999999
      vertex 2.587838627346011 2.430142226046845 0
      vertex 2.8720103300310633 2.0866376456382794 0
    endloop
  endfacet
  facet normal -0.6845471059286883 -0.728968627421412 0
    outer loop
      vertex 2.2628551636078487 2.735322011854051 6.599999999999999
      vertex 2.2628551636078487 2.735322011854051 0
      vertex 2.587838627346011 2.430142226046845 0
    endloop
  endfacet
  facet normal -0.12533323356430218 -0.9921147013144782 9.856305450478263e-17
    outer loop
      vertex 0.22290634432906212 3.542994885920364 6.599999999999999
      vertex 0.22290634432905693 3.542994885920364 0
      vertex 0.6652036667793221 3.487119740086845 0
    endloop
  endfacet
  facet normal -0.24868988716485582 -0.9685831611286307 4.183352101846291e-18
    outer loop
      vertex 0.6652036667793222 3.487119740086845 6.599999999999999
      vertex 0.6652036667793221 3.487119740086845 0
      vertex 1.0970103300310632 3.376250632847795 0
    endloop
  endfacet
  facet normal -0.36812455268467764 -0.9297764858882516 0
    outer loop
      vertex 1.0970103300310632 3.376250632847795 6.599999999999999
      vertex 1.0970103300310632 3.376250632847795 0
      vertex 1.511516485056008 3.212136036254369 0
    endloop
  endfacet
  facet normal -0.4817536741017153 -0.8763066800438635 0
    outer loop
      vertex 1.511516485056008 3.212136036254369 6.599999999999999
      vertex 1.511516485056008 3.212136036254369 0
      vertex 1.902185122175438 2.997364135532153 0
    endloop
  endfacet
  facet normal -0.9980267284282717 -0.06279051952931308 0
    outer loop
      vertex 3.55 0 6.599999999999999
      vertex 3.5220071896663963 0.4449329791532801 0
      vertex 3.55 0 0
    endloop
  endfacet
  facet normal -0.9822872507286887 -0.1873813145857249 0
    outer loop
      vertex 3.5220071896663963 0.4449329791532801 6.599999999999999
      vertex 3.4384702220066403 0.8828490994352345 0
      vertex 3.5220071896663963 0.4449329791532801 0
    endloop
  endfacet
  facet normal -0.9510565162951535 -0.30901699437494745 0
    outer loop
      vertex 3.4384702220066403 0.8828490994352345 6.599999999999999
      vertex 3.3007065249032923 1.3068421620306068 0
      vertex 3.4384702220066403 0.8828490994352345 0
    endloop
  endfacet
  facet normal -0.9048270524660196 -0.42577929156507266 0
    outer loop
      vertex 3.3007065249032923 1.3068421620306068 6.599999999999999
      vertex 3.1108887141557156 1.7102255430610893 0
      vertex 3.3007065249032923 1.3068421620306068 0
    endloop
  endfacet
  facet normal -0.5877852522924734 -0.8090169943749472 0
    outer loop
      vertex 1.902185122175438 2.997364135532153 6.599999999999999
      vertex 2.2628551636078487 2.735322011854051 0
      vertex 2.2628551636078487 2.735322011854051 6.599999999999999
    endloop
  endfacet
  facet normal -0.8443279255020149 -0.5358267949789967 0
    outer loop
      vertex 3.1108887141557156 1.7102255430610893 6.599999999999999
      vertex 2.8720103300310633 2.0866376456382794 6.599999999999999
      vertex 2.8720103300310633 2.0866376456382794 0
    endloop
  endfacet
  facet normal -0.6845471059286883 -0.728968627421412 0
    outer loop
      vertex 2.587838627346011 2.430142226046845 6.599999999999999
      vertex 2.2628551636078487 2.735322011854051 6.599999999999999
      vertex 2.587838627346011 2.430142226046845 0
    endloop
  endfacet
  facet normal -0.7705132427757895 -0.6374239897486896 0
    outer loop
      vertex 2.587838627346011 2.430142226046845 6.599999999999999
      vertex 2.587838627346011 2.430142226046845 0
      vertex 2.8720103300310633 2.0866376456382794 6.599999999999999
    endloop
  endfacet
  facet normal 0 -1 0
    outer loop
      vertex -0.22290634432906212 3.542994885920364 6.599999999999999
      vertex 0.22290634432905693 3.542994885920364 0
      vertex 0.22290634432906212 3.542994885920364 6.599999999999999
    endloop
  endfacet
  facet normal -0.12533323356430356 -0.992114701314478 2.358271955790606e-18
    outer loop
      vertex 0.22290634432906212 3.542994885920364 6.599999999999999
      vertex 0.6652036667793221 3.487119740086845 0
      vertex 0.6652036667793222 3.487119740086845 6.599999999999999
    endloop
  endfacet
  facet normal -0.2486898871648559 -0.9685831611286307 0
    outer loop
      vertex 0.6652036667793222 3.487119740086845 6.599999999999999
      vertex 1.0970103300310632 3.376250632847795 0
      vertex 1.0970103300310632 3.376250632847795 6.599999999999999
    endloop
  endfacet
  facet normal -0.36812455268467764 -0.9297764858882516 0
    outer loop
      vertex 1.0970103300310632 3.376250632847795 6.599999999999999
      vertex 1.511516485056008 3.212136036254369 0
      vertex 1.511516485056008 3.212136036254369 6.599999999999999
    endloop
  endfacet
  facet normal -0.4817536741017153 -0.8763066800438635 0
    outer loop
      vertex 1.902185122175438 2.997364135532153 6.599999999999999
      vertex 1.511516485056008 3.212136036254369 6.599999999999999
      vertex 1.902185122175438 2.997364135532153 0
    endloop
  endfacet
  facet normal -0.9980267284282717 -0.06279051952931308 0
    outer loop
      vertex 3.55 0 6.599999999999999
      vertex 3.5220071896663963 0.4449329791532801 6.599999999999999
      vertex 3.5220071896663963 0.4449329791532801 0
    endloop
  endfacet
  facet normal -0.9822872507286887 -0.1873813145857249 0
    outer loop
      vertex 3.5220071896663963 0.4449329791532801 6.599999999999999
      vertex 3.4384702220066403 0.8828490994352345 6.599999999999999
      vertex 3.4384702220066403 0.8828490994352345 0
    endloop
  endfacet
  facet normal -0.9510565162951535 -0.30901699437494745 0
    outer loop
      vertex 3.4384702220066403 0.8828490994352345 6.599999999999999
      vertex 3.3007065249032923 1.3068421620306068 6.599999999999999
      vertex 3.3007065249032923 1.3068421620306068 0
    endloop
  endfacet
  facet normal -0.9048270524660196 -0.42577929156507266 0
    outer loop
      vertex 3.1108887141557156 1.7102255430610893 6.599999999999999
      vertex 3.1108887141557156 1.7102255430610893 0
      vertex 3.3007065249032923 1.3068421620306068 6.599999999999999
    endloop
  endfacet
  facet normal 0 0 -1
    outer loop
      vertex -1.5 2.5 6.599999999999999
      vertex 1.0970103300310632 3.376250632847795 6.599999999999999
      vertex 1.511516485056008 3.212136036254369 6.599999999999999
    endloop
  endfacet
  facet normal 0 0 -1
    outer loop
      vertex -1.5 2.5 6.599999999999999
      vertex 1.511516485056008 3.212136036254369 6.599999999999999
      vertex 1.5 2.5 6.599999999999999
    endloop
  endfacet
  facet normal 0 0 -1
    outer loop
      vertex 1.5 1.5 6.599999999999999
      vertex 1.5 2.5 6.599999999999999
      vertex 1.511516485056008 3.212136036254369 6.599999999999999
    endloop
  endfacet
  facet normal 0 0 -1
    outer loop
      vertex 2.5878386273460112 -2.430142226046844 6.599999999999999
      vertex 2.5 1.5 6.599999999999999
      vertex 2.587838627346011 2.430142226046845 6.599999999999999
    endloop
  endfacet
  facet normal 0 0 -1
    outer loop
      vertex 3.110888714155715 -1.7102255430610895 6.599999999999999
      vertex 2.8720103300310633 2.0866376456382794 6.599999999999999
      vertex 3.1108887141557156 1.7102255430610893 6.599999999999999
    endloop
  endfacet
  facet normal 0 0 -1
    outer loop
      vertex 2.8720103300310633 -2.0866376456382794 6.599999999999999
      vertex 2.587838627346011 2.430142226046845 6.599999999999999
      vertex 2.8720103300310633 2.0866376456382794 6.599999999999999
    endloop
  endfacet
  facet normal 0 0 -1
    outer loop
      vertex 1.5 1.5 6.599999999999999
      vertex 2.587838627346011 2.430142226046845 6.599999999999999
      vertex 2.5 1.5 6.599999999999999
    endloop
  endfacet
  facet normal 0 0 -1
    outer loop
      vertex 1.5 1.5 6.599999999999999
      vertex 2.2628551636078487 2.735322011854051 6.599999999999999
      vertex 2.587838627346011 2.430142226046845 6.599999999999999
    endloop
  endfacet
  facet normal 0 0 -1
    outer loop
      vertex 1.5 1.5 6.599999999999999
      vertex 1.511516485056008 3.212136036254369 6.599999999999999
      vertex 1.902185122175438 2.997364135532153 6.599999999999999
    endloop
  endfacet
  facet normal 0 0 -1
    outer loop
      vertex 1.5 1.5 6.599999999999999
      vertex 1.902185122175438 2.997364135532153 6.599999999999999
      vertex 2.2628551636078487 2.735322011854051 6.599999999999999
    endloop
  endfacet
  facet normal 0 0 -1
    outer loop
      vertex -1.5 2.5 6.599999999999999
      vertex 0.6652036667793222 3.487119740086845 6.599999999999999
      vertex 1.0970103300310632 3.376250632847795 6.599999999999999
    endloop
  endfacet
  facet normal 0 0 -1
    outer loop
      vertex 3.300706524903292 -1.306842162030608 6.599999999999999
      vertex 3.1108887141557156 1.7102255430610893 6.599999999999999
      vertex 3.3007065249032923 1.3068421620306068 6.599999999999999
    endloop
  endfacet
  facet normal 0 0 -1
    outer loop
      vertex 3.4384702220066408 -0.8828490994352332 6.599999999999999
      vertex 3.3007065249032923 1.3068421620306068 6.599999999999999
      vertex 3.4384702220066403 0.8828490994352345 6.599999999999999
    endloop
  endfacet
  facet normal 0 0 -1
    outer loop
      vertex 3.5220071896663963 -0.4449329791532794 6.599999999999999
      vertex 3.5220071896663963 0.4449329791532801 6.599999999999999
      vertex 3.55 0 6.599999999999999
    endloop
  endfacet
  facet normal 0 0 -1
    outer loop
      vertex 3.5220071896663963 -0.4449329791532794 6.599999999999999
      vertex 3.4384702220066403 0.8828490994352345 6.599999999999999
      vertex 3.5220071896663963 0.4449329791532801 6.599999999999999
    endloop
  endfacet
  facet normal 0 1 0
    outer loop
      vertex -2.5 -1.5 6.599999999999999
      vertex -2.5 -1.5 12
      vertex -1.5 -1.5 6.599999999999999
    endloop
  endfacet
  facet normal 1 0 0
    outer loop
      vertex -2.5 -1.5 6.599999999999999
      vertex -2.5 1.5 12
      vertex -2.5 -1.5 12
    endloop
  endfacet
  facet normal 0 1 0
    outer loop
      vertex -1.5 -1.5 6.599999999999999
      vertex -2.5 -1.5 12
      vertex -1.5 -1.5 12
    endloop
  endfacet
  facet normal 1 0 0
    outer loop
      vertex -2.5 -1.5 6.599999999999999
      vertex -2.5 1.5 6.599999999999999
      vertex -2.5 1.5 12
    endloop
  endfacet
  facet normal 0 -1 0
    outer loop
      vertex -2.5 1.5 6.599999999999999
      vertex -1.5 1.5 6.599999999999999
      vertex -1.5 1.5 12
    endloop
  endfacet
  facet normal 0 -1 0
    outer loop
      vertex -2.5 1.5 6.599999999999999
      vertex -1.5 1.5 12
      vertex -2.5 1.5 12
    endloop
  endfacet
  facet normal 0 1 0
    outer loop
      vertex 1.5 -1.5 6.599999999999999
      vertex 1.5 -1.5 12
      vertex 2.5 -1.5 6.599999999999999
    endloop
  endfacet
  facet normal -1 0 0
    outer loop
      vertex 2.5 -1.5 6.599999999999999
      vertex 2.5 -1.5 12
      vertex 2.5 1.5 6.599999999999999
    endloop
  endfacet
  facet normal 0 1 0
    outer loop
      vertex 2.5 -1.5 6.599999999999999
      vertex 1.5 -1.5 12
      vertex 2.5 -1.5 12
    endloop
  endfacet
  facet normal 0 -1 0
    outer loop
      vertex 1.5 1.5 6.599999999999999
      vertex 2.5 1.5 6.599999999999999
      vertex 2.5 1.5 12
    endloop
  endfacet
  facet normal 0 -1 0
    outer loop
      vertex 1.5 1.5 6.599999999999999
      vertex 2.5 1.5 12
      vertex 1.5 1.5 12
    endloop
  endfacet
  facet normal -1 0 0
    outer loop
      vertex 2.5 1.5 6.599999999999999
      vertex 2.5 -1.5 12
      vertex 2.5 1.5 12
    endloop
  endfacet
  facet normal 1 0 0
    outer loop
      vertex -1.5 -2.5 6.599999999999999
      vertex -1.5 -1.5 6.599999999999999
      vertex -1.5 -1.5 12
    endloop
  endfacet
  facet normal 0 1 0
    outer loop
      vertex -1.5 -2.5 6.599999999999999
      vertex -1.5 -2.5 12
      vertex 1.5 -2.5 6.599999999999999
    endloop
  endfacet
  facet normal 1 0 0
    outer loop
      vertex -1.5 -2.5 6.599999999999999
      vertex -1.5 -1.5 12
      vertex -1.5 -2.5 12
    endloop
  endfacet
  facet normal 1 0 0
    outer loop
      vertex -1.5 1.5 6.599999999999999
      vertex -1.5 2.5 6.599999999999999
      vertex -1.5 2.5 12
    endloop
  endfacet
  facet normal 1 0 0
    outer loop
      vertex -1.5 1.5 6.599999999999999
      vertex -1.5 2.5 12
      vertex -1.5 1.5 12
    endloop
  endfacet
  facet normal 0 -1 0
    outer loop
      vertex -1.5 2.5 6.599999999999999
      vertex 1.5 2.5 12
      vertex -1.5 2.5 12
    endloop
  endfacet
  facet normal -1 0 0
    outer loop
      vertex 1.5 -2.5 6.599999999999999
      vertex 1.5 -2.5 12
      vertex 1.5 -1.5 6.599999999999999
    endloop
  endfacet
  facet normal 0 1 0
    outer loop
      vertex 1.5 -2.5 6.599999999999999
      vertex -1.5 -2.5 12
      vertex 1.5 -2.5 12
    endloop
  endfacet
  facet normal -1 0 0
    outer loop
      vertex 1.5 -1.5 6.599999999999999
      vertex 1.5 -2.5 12
      vertex 1.5 -1.5 12
    endloop
  endfacet
  facet normal 0 -1 0
    outer loop
      vertex -1.5 2.5 6.599999999999999
      vertex 1.5 2.5 6.599999999999999
      vertex 1.5 2.5 12
    endloop
  endfacet
  facet normal -1 0 0
    outer loop
      vertex 1.5 1.5 6.599999999999999
      vertex 1.5 1.5 12
      vertex 1.5 2.5 6.599999999999999
    endloop
  endfacet
  facet normal -1 0 0
    outer loop
      vertex 1.5 2.5 6.599999999999999
      vertex 1.5 1.5 12
      vertex 1.5 2.5 12
    endloop
  endfacet
  facet normal 0 0 -1
    outer loop
      vertex -20.919970932485658 8.282802435405252 0
      vertex -21.7931211253942 -5.595522461209234 0
      vertex -22.322580779575752 -2.8199977551968414 0
    endloop
  endfacet
  facet normal 0 0 -1
    outer loop
      vertex -20.919970932485658 -8.282802435405252 0
      vertex -19.71690030098693 10.839457667288595 0
      vertex -19.71690030098693 -10.839457667288595 0
    endloop
  endfacet
  facet normal 0 0 -1
    outer loop
      vertex -21.7931211253942 -5.595522461209234 0
      vertex -19.71690030098693 10.839457667288595 0
      vertex -20.919970932485658 -8.282802435405252 0
    endloop
  endfacet
  facet normal 0 0 -1
    outer loop
      vertex -18.202882373436317 -13.225168176580645 0
      vertex -14.342039769345517 17.33654796245526 0
      vertex -16.401794116981762 -15.40230988339549 0
    endloop
  endfacet
  facet normal 0 0 -1
    outer loop
      vertex -19.71690030098693 -10.839457667288595 0
      vertex -16.401794116981762 15.40230988339549 0
      vertex -18.202882373436317 -13.225168176580645 0
    endloop
  endfacet
  facet normal 0 0 -1
    outer loop
      vertex -16.401794116981762 -15.40230988339549 0
      vertex -12.056102887027427 18.99737832379534 0
      vertex -14.342039769345517 -17.33654796245526 0
    endloop
  endfacet
  facet normal 0 0 -1
    outer loop
      vertex -12.056102887027427 -18.99737832379534 0
      vertex -7.374418960941372 -1.9960534568565431 0
      vertex -9.58003406021413 -20.35860868048544 0
    endloop
  endfacet
  facet normal 0 0 -1
    outer loop
      vertex -9.58003406021413 -20.35860868048544 0
      vertex -6.0420627451571765 -1.369094211857377 0
      vertex -6.952882373436316 -21.398771616640953 0
    endloop
  endfacet
  facet normal 0 0 -1
    outer loop
      vertex -6.0420627451571765 -1.369094211857377 0
      vertex -4.2160795781788085 -22.101463141395495 0
      vertex -6.952882373436316 -21.398771616640953 0
    endloop
  endfacet
  facet normal 0 0 -1
    outer loop
      vertex -4.2160795781788085 -22.101463141395495 0
      vertex -0.22290634432906378 -3.542994885920364 0
      vertex -1.4127866894095602 -22.45560138963611 0
    endloop
  endfacet
  facet normal 0 0 -1
    outer loop
      vertex -1.4127866894095602 -22.45560138963611 0
      vertex -0.22290634432906378 -3.542994885920364 0
      vertex 1.4127866894095598 -22.45560138963611 0
    endloop
  endfacet
  facet normal 0 0 -1
    outer loop
      vertex -12.056102887027427 -18.99737832379534 0
      vertex -9.359552971776504 -0.7362491053693557 0
      vertex -9.252613360087727 -0.9635073482034308 0
    endloop
  endfacet
  facet normal 0 0 -1
    outer loop
      vertex -8.957937254842824 -1.369094211857377 0
      vertex -12.056102887027427 -18.99737832379534 0
      vertex -9.118033988749895 -1.1755705045849463 0
    endloop
  endfacet
  facet normal 0 0 -1
    outer loop
      vertex -12.056102887027427 -18.99737832379534 0
      vertex -9.252613360087727 -0.9635073482034308 0
      vertex -9.118033988749895 -1.1755705045849463 0
    endloop
  endfacet
  facet normal 0 0 -1
    outer loop
      vertex -12.056102887027427 -18.99737832379534 0
      vertex -9.5 0 0
      vertex -9.484229402628955 -0.25066646712860813 0
    endloop
  endfacet
  facet normal 0 0 -1
    outer loop
      vertex -12.056102887027427 -18.99737832379534 0
      vertex -9.437166322257262 -0.4973797743297097 0
      vertex -9.359552971776504 -0.7362491053693557 0
    endloop
  endfacet
  facet normal 0 0 -1
    outer loop
      vertex -12.056102887027427 -18.99737832379534 0
      vertex -9.484229402628955 -0.25066646712860813 0
      vertex -9.437166322257262 -0.4973797743297097 0
    endloop
  endfacet
  facet normal 0 0 -1
    outer loop
      vertex -12.056102887027427 -18.99737832379534 0
      vertex -8.957937254842824 -1.369094211857377 0
      vertex -8.774847979497379 -1.5410264855515787 0
    endloop
  endfacet
  facet normal 0 0 -1
    outer loop
      vertex -12.056102887027427 -18.99737832379534 0
      vertex -8.774847979497379 -1.5410264855515787 0
      vertex -8.571653589957993 -1.68865585100403 0
    endloop
  endfacet
  facet normal 0 0 -1
    outer loop
      vertex -12.056102887027427 -18.99737832379534 0
      vertex -8.571653589957993 -1.68865585100403 0
      vertex -8.351558583130146 -1.8096541049320392 0
    endloop
  endfacet
  facet normal 0 0 -1
    outer loop
      vertex -12.056102887027427 -18.99737832379534 0
      vertex -8.351558583130146 -1.8096541049320392 0
      vertex -8.118033988749895 -1.902113032590307 0
    endloop
  endfacet
  facet normal 0 0 -1
    outer loop
      vertex -12.056102887027427 -18.99737832379534 0
      vertex -8.118033988749895 -1.902113032590307 0
      vertex -7.87476262917145 -1.9645745014573772 0
    endloop
  endfacet
  facet normal 0 0 -1
    outer loop
      vertex -12.056102887027427 -18.99737832379534 0
      vertex -7.87476262917145 -1.9645745014573772 0
      vertex -7.625581039058628 -1.9960534568565431 0
    endloop
  endfacet
  facet normal 0 0 -1
    outer loop
      vertex -12.056102887027427 -18.99737832379534 0
      vertex -7.625581039058628 -1.9960534568565431 0
      vertex -7.374418960941372 -1.9960534568565431 0
    endloop
  endfacet
  facet normal 0 0 -1
    outer loop
      vertex -9.58003406021413 -20.35860868048544 0
      vertex -7.374418960941372 -1.9960534568565431 0
      vertex -7.12523737082855 -1.9645745014573772 0
    endloop
  endfacet
  facet normal 0 0 -1
    outer loop
      vertex -9.58003406021413 -20.35860868048544 0
      vertex -7.12523737082855 -1.9645745014573772 0
      vertex -6.881966011250105 -1.902113032590307 0
    endloop
  endfacet
  facet normal 0 0 -1
    outer loop
      vertex -9.58003406021413 -20.35860868048544 0
      vertex -6.881966011250105 -1.902113032590307 0
      vertex -6.648441416869855 -1.8096541049320392 0
    endloop
  endfacet
  facet normal 0 0 -1
    outer loop
      vertex -9.58003406021413 -20.35860868048544 0
      vertex -6.648441416869855 -1.8096541049320392 0
      vertex -6.428346410042008 -1.6886558510040306 0
    endloop
  endfacet
  facet normal 0 0 -1
    outer loop
      vertex -9.58003406021413 -20.35860868048544 0
      vertex -6.428346410042008 -1.6886558510040306 0
      vertex -6.22515202050262 -1.541026485551578 0
    endloop
  endfacet
  facet normal 0 0 -1
    outer loop
      vertex -9.58003406021413 -20.35860868048544 0
      vertex -6.22515202050262 -1.541026485551578 0
      vertex -6.0420627451571765 -1.369094211857377 0
    endloop
  endfacet
  facet normal 0 0 -1
    outer loop
      vertex -14.342039769345517 -17.33654796245526 0
      vertex -9.580034060214135 20.35860868048544 0
      vertex -12.056102887027427 -18.99737832379534 0
    endloop
  endfacet
  facet normal 0 0 -1
    outer loop
      vertex -4.2160795781788085 -22.101463141395495 0
      vertex -6.0420627451571765 -1.369094211857377 0
      vertex -5.881966011250105 -1.1755705045849463 0
    endloop
  endfacet
  facet normal 0 0 -1
    outer loop
      vertex -4.2160795781788085 -22.101463141395495 0
      vertex -5.881966011250105 -1.1755705045849463 0
      vertex -5.747386639912273 -0.9635073482034308 0
    endloop
  endfacet
  facet normal 0 0 -1
    outer loop
      vertex -4.2160795781788085 -22.101463141395495 0
      vertex -5.747386639912273 -0.9635073482034308 0
      vertex -5.640447028223497 -0.7362491053693567 0
    endloop
  endfacet
  facet normal 0 0 -1
    outer loop
      vertex -4.2160795781788085 -22.101463141395495 0
      vertex -5.640447028223497 -0.7362491053693567 0
      vertex -5.562833677742738 -0.49737977432970887 0
    endloop
  endfacet
  facet normal 0 0 -1
    outer loop
      vertex -4.2160795781788085 -22.101463141395495 0
      vertex -5.562833677742738 -0.49737977432970887 0
      vertex -5.515770597371044 -0.25066646712860813 0
    endloop
  endfacet
  facet normal 0 0 -1
    outer loop
      vertex -4.2160795781788085 -22.101463141395495 0
      vertex -5.515770597371044 -0.25066646712860813 0
      vertex -5.5 0 0
    endloop
  endfacet
  facet normal 0 0 -1
    outer loop
      vertex -4.2160795781788085 -22.101463141395495 0
      vertex -2.8720103300310633 -2.0866376456382794 0
      vertex -2.5878386273460112 -2.430142226046844 0
    endloop
  endfacet
  facet normal 0 0 -1
    outer loop
      vertex -4.2160795781788085 -22.101463141395495 0
      vertex -3.110888714155715 -1.7102255430610895 0
      vertex -2.8720103300310633 -2.0866376456382794 0
    endloop
  endfacet
  facet normal 0 0 -1
    outer loop
      vertex -4.2160795781788085 -22.101463141395495 0
      vertex -3.4384702220066403 -0.8828490994352347 0
      vertex -3.3007065249032923 -1.3068421620306063 0
    endloop
  endfacet
  facet normal 0 0 -1
    outer loop
      vertex -3.110888714155715 -1.7102255430610895 0
      vertex -4.2160795781788085 -22.101463141395495 0
      vertex -3.3007065249032923 -1.3068421620306063 0
    endloop
  endfacet
  facet normal 0 0 -1
    outer loop
      vertex -4.2160795781788085 -22.101463141395495 0
      vertex -3.5220071896663963 -0.4449329791532794 0
      vertex -3.4384702220066403 -0.8828490994352347 0
    endloop
  endfacet
  facet normal 0 0 -1
    outer loop
      vertex -4.2160795781788085 -22.101463141395495 0
      vertex -3.55 0 0
      vertex -3.5220071896663963 -0.4449329791532794 0
    endloop
  endfacet
  facet normal 0 0 -1
    outer loop
      vertex -4.2160795781788085 -22.101463141395495 0
      vertex -2.262855163607848 -2.735322011854052 0
      vertex -1.9021851221754384 -2.9973641355321528 0
    endloop
  endfacet
  facet normal 0 0 -1
    outer loop
      vertex -4.2160795781788085 -22.101463141395495 0
      vertex -1.9021851221754384 -2.9973641355321528 0
      vertex -1.511516485056007 -3.2121360362543694 0
    endloop
  endfacet
  facet normal 0 0 -1
    outer loop
      vertex -4.2160795781788085 -22.101463141395495 0
      vertex -1.511516485056007 -3.2121360362543694 0
      vertex -1.0970103300310632 -3.376250632847795 0
    endloop
  endfacet
  facet normal 0 0 -1
    outer loop
      vertex -4.2160795781788085 -22.101463141395495 0
      vertex -1.0970103300310632 -3.376250632847795 0
      vertex -0.665203666779323 -3.4871197400868446 0
    endloop
  endfacet
  facet normal 0 0 -1
    outer loop
      vertex -4.2160795781788085 -22.101463141395495 0
      vertex -0.665203666779323 -3.4871197400868446 0
      vertex -0.22290634432906378 -3.542994885920364 0
    endloop
  endfacet
  facet normal 0 0 -1
    outer loop
      vertex -4.2160795781788085 -22.101463141395495 0
      vertex -2.5878386273460112 -2.430142226046844 0
      vertex -2.262855163607848 -2.735322011854052 0
    endloop
  endfacet
  facet normal -0.8443279255020159 -0.5358267949789953 0
    outer loop
      vertex -21.469513661074654 -11.802965015492028 12
      vertex -21.469513661074654 -11.802965015492028 9
      vertex -19.820916362186214 -14.400738681165594 9
    endloop
  endfacet
  facet normal -0.7705132427757884 -0.6374239897486907 3.774308212626273e-16
    outer loop
      vertex -19.820916362186214 -14.400738681165592 12
      vertex -19.820916362186214 -14.400738681165594 9
      vertex -17.859731371824584 -16.77140409525287 9
    endloop
  endfacet
  facet normal -0.7705132427757893 -0.6374239897486897 -8.660267664850127e-16
    outer loop
      vertex -19.820916362186214 -14.400738681165592 12
      vertex -17.859731371824584 -16.77140409525287 9
      vertex -17.859731371824587 -16.77140409525287 12
    endloop
  endfacet
  facet normal -0.8443279255020157 -0.5358267949789957 3.172731973316182e-16
    outer loop
      vertex -19.820916362186214 -14.400738681165592 12
      vertex -21.469513661074654 -11.802965015492028 12
      vertex -19.820916362186214 -14.400738681165594 9
    endloop
  endfacet
  facet normal -0.587785252292473 -0.8090169943749476 0
    outer loop
      vertex -15.616887748842895 -18.87757444800684 12
      vertex -15.616887748842895 -18.87757444800684 9
      vertex -13.127756476985422 -20.686034174799367 9
    endloop
  endfacet
  facet normal -0.587785252292473 -0.8090169943749476 0
    outer loop
      vertex -15.616887748842895 -18.87757444800684 12
      vertex -13.127756476985422 -20.686034174799367 9
      vertex -13.127756476985422 -20.686034174799367 12
    endloop
  endfacet
  facet normal -0.6845471059286893 -0.7289686274214109 -8.106666223387165e-16
    outer loop
      vertex -17.859731371824587 -16.77140409525287 12
      vertex -17.859731371824584 -16.77140409525287 9
      vertex -15.616887748842895 -18.87757444800684 9
    endloop
  endfacet
  facet normal -0.6845471059286887 -0.7289686274214116 0
    outer loop
      vertex -15.616887748842895 -18.87757444800684 12
      vertex -17.859731371824587 -16.77140409525287 12
      vertex -15.616887748842895 -18.87757444800684 9
    endloop
  endfacet
  facet normal -0.9048270524660192 -0.42577929156507316 0
    outer loop
      vertex -22.77952390426216 -9.019051540774608 12
      vertex -22.77952390426216 -9.019051540774608 9
      vertex -21.469513661074654 -11.802965015492028 9
    endloop
  endfacet
  facet normal -0.9510565162951534 -0.30901699437494784 0
    outer loop
      vertex -23.730287447651463 -6.0929022355389435 12
      vertex -23.730287447651463 -6.0929022355389435 9
      vertex -22.77952390426216 -9.019051540774608 9
    endloop
  endfacet
  facet normal -0.9048270524660192 -0.42577929156507316 0
    outer loop
      vertex -21.469513661074654 -11.802965015492028 12
      vertex -22.77952390426216 -9.019051540774608 12
      vertex -21.469513661074654 -11.802965015492028 9
    endloop
  endfacet
  facet normal -0.9510565162951534 -0.30901699437494784 0
    outer loop
      vertex -22.77952390426216 -9.019051540774608 12
      vertex -23.730287447651463 -6.0929022355389435 12
      vertex -22.77952390426216 -9.019051540774608 9
    endloop
  endfacet
  facet normal -0.9822872507286887 -0.18738131458572405 0
    outer loop
      vertex -24.306810182204707 -3.0706642223254494 12
      vertex -24.306810182204707 -3.0706642223254494 9
      vertex -23.730287447651463 -6.0929022355389435 9
    endloop
  endfacet
  facet normal -0.9980267284282714 -0.06279051952931344 0
    outer loop
      vertex -24.5 0 12
      vertex -24.5 0 9
      vertex -24.306810182204707 -3.0706642223254494 9
    endloop
  endfacet
  facet normal -0.9822872507286887 -0.18738131458572405 0
    outer loop
      vertex -23.730287447651463 -6.0929022355389435 12
      vertex -24.306810182204707 -3.0706642223254494 12
      vertex -23.730287447651463 -6.0929022355389435 9
    endloop
  endfacet
  facet normal 0 0 1
    outer loop
      vertex -21.469513661074654 -11.802965015492028 12
      vertex -22.77952390426216 9.019051540774608 12
      vertex -22.77952390426216 -9.019051540774608 12
    endloop
  endfacet
  facet normal -0.9980267284282714 -0.06279051952931344 0
    outer loop
      vertex -24.306810182204707 -3.0706642223254494 12
      vertex -24.5 0 12
      vertex -24.306810182204707 -3.0706642223254494 9
    endloop
  endfacet
  facet normal 0 0 1
    outer loop
      vertex -23.730287447651463 -6.0929022355389435 12
      vertex -24.306810182204707 3.0706642223254494 12
      vertex -24.306810182204707 -3.0706642223254494 12
    endloop
  endfacet
  facet normal 0 0 1
    outer loop
      vertex -22.77952390426216 -9.019051540774608 12
      vertex -23.730287447651463 6.0929022355389435 12
      vertex -23.730287447651463 -6.0929022355389435 12
    endloop
  endfacet
  facet normal 0 0 1
    outer loop
      vertex -19.820916362186214 -14.400738681165592 12
      vertex -21.469513661074654 11.802965015492028 12
      vertex -21.469513661074654 -11.802965015492028 12
    endloop
  endfacet
  facet normal 0 0 1
    outer loop
      vertex -19.820916362186214 -14.400738681165592 12
      vertex -17.859731371824587 -16.77140409525287 12
      vertex -19.820916362186214 14.400738681165592 12
    endloop
  endfacet
  facet normal 0 0 1
    outer loop
      vertex -15.616887748842895 -18.87757444800684 12
      vertex -17.859731371824587 16.77140409525287 12
      vertex -17.859731371824587 -16.77140409525287 12
    endloop
  endfacet
  facet normal 0 0 1
    outer loop
      vertex -15.616887748842895 -18.87757444800684 12
      vertex -13.127756476985422 -20.686034174799367 12
      vertex -15.616887748842895 18.87757444800684 12
    endloop
  endfacet
  facet normal -0.3681245526846779 -0.9297764858882515 0
    outer loop
      vertex -10.431592643344274 -22.16826278541748 12
      vertex -10.431592643344274 -22.16826278541748 9
      vertex -7.570916362186211 -23.30088464923126 9
    endloop
  endfacet
  facet normal -0.4817536741017145 -0.8763066800438639 0
    outer loop
      vertex -13.127756476985422 -20.686034174799367 12
      vertex -13.127756476985422 -20.686034174799367 9
      vertex -10.431592643344274 -22.16826278541748 9
    endloop
  endfacet
  facet normal -0.24868988716485477 -0.9685831611286312 0
    outer loop
      vertex -7.570916362186211 -23.30088464923126 12
      vertex -7.570916362186211 -23.30088464923126 9
      vertex -4.590842207350258 -24.06603764285287 9
    endloop
  endfacet
  facet normal -0.4817536741017145 -0.8763066800438639 0
    outer loop
      vertex -13.127756476985422 -20.686034174799367 12
      vertex -10.431592643344274 -22.16826278541748 9
      vertex -10.431592643344274 -22.16826278541748 12
    endloop
  endfacet
  facet normal -0.3681245526846779 -0.9297764858882515 0
    outer loop
      vertex -10.431592643344274 -22.16826278541748 12
      vertex -7.570916362186211 -23.30088464923126 9
      vertex -7.570916362186211 -23.30088464923126 12
    endloop
  endfacet
  facet normal 0 0 1
    outer loop
      vertex -10.431592643344274 -22.16826278541748 12
      vertex -7.570916362186211 -23.30088464923126 12
      vertex -9.077352024078955 -0.8671566133830877 12
    endloop
  endfacet
  facet normal 0 0 1
    outer loop
      vertex -7.570916362186211 -23.30088464923126 12
      vertex -4.590842207350258 -24.06603764285287 12
      vertex -6.352636818452358 -1.3869238369964203 12
    endloop
  endfacet
  facet normal -0.12533323356430498 -0.9921147013144778 0
    outer loop
      vertex -4.590842207350258 -24.06603764285287 12
      vertex -4.590842207350258 -24.06603764285287 9
      vertex -1.538367728468187 -24.45165484649265 9
    endloop
  endfacet
  facet normal 0 -1 0
    outer loop
      vertex -1.5383677284681871 -24.45165484649265 12
      vertex -1.538367728468187 -24.45165484649265 9
      vertex 1.5383677284681871 -24.45165484649265 9
    endloop
  endfacet
  facet normal -0.24868988716485477 -0.9685831611286312 0
    outer loop
      vertex -7.570916362186211 -23.30088464923126 12
      vertex -4.590842207350258 -24.06603764285287 9
      vertex -4.590842207350258 -24.06603764285287 12
    endloop
  endfacet
  facet normal -0.12533323356430498 -0.9921147013144778 0
    outer loop
      vertex -4.590842207350258 -24.06603764285287 12
      vertex -1.538367728468187 -24.45165484649265 9
      vertex -1.5383677284681871 -24.45165484649265 12
    endloop
  endfacet
  facet normal 0 0 1
    outer loop
      vertex -1.5383677284681871 -24.45165484649265 12
      vertex 1.5383677284681871 -24.45165484649265 12
      vertex -1.5 -2.5 12
    endloop
  endfacet
  facet normal 0 0 1
    outer loop
      vertex -13.127756476985422 -20.686034174799367 12
      vertex -10.431592643344274 -22.16826278541748 12
      vertex -13.127756476985422 20.686034174799367 12
    endloop
  endfacet
  facet normal 0 0 1
    outer loop
      vertex -10.431592643344274 -22.16826278541748 12
      vertex -9.173597674598852 -0.6626241948324202 12
      vertex -9.243449690031536 -0.4476417968967387 12
    endloop
  endfacet
  facet normal 0 0 1
    outer loop
      vertex -10.431592643344274 -22.16826278541748 12
      vertex -9.077352024078955 -0.8671566133830877 12
      vertex -9.173597674598852 -0.6626241948324202 12
    endloop
  endfacet
  facet normal 0 0 1
    outer loop
      vertex -10.431592643344274 -22.16826278541748 12
      vertex -9.285806462366061 -0.22559982041574733 12
      vertex -9.3 0 12
    endloop
  endfacet
  facet normal 0 0 1
    outer loop
      vertex -10.431592643344274 -22.16826278541748 12
      vertex -9.243449690031536 -0.4476417968967387 12
      vertex -9.285806462366061 -0.22559982041574733 12
    endloop
  endfacet
  facet normal 0 0 1
    outer loop
      vertex -7.570916362186211 -23.30088464923126 12
      vertex -8.956230589874906 -1.0580134541264516 12
      vertex -9.077352024078955 -0.8671566133830877 12
    endloop
  endfacet
  facet normal 0 0 1
    outer loop
      vertex -7.570916362186211 -23.30088464923126 12
      vertex -8.812143529358542 -1.2321847906716394 12
      vertex -8.956230589874906 -1.0580134541264516 12
    endloop
  endfacet
  facet normal 0 0 1
    outer loop
      vertex -7.570916362186211 -23.30088464923126 12
      vertex -8.26640272481713 -1.6286886944388352 12
      vertex -8.464488230962194 -1.5197902659036269 12
    endloop
  endfacet
  facet normal 0 0 1
    outer loop
      vertex -7.570916362186211 -23.30088464923126 12
      vertex -8.647363181547641 -1.386923836996421 12
      vertex -8.812143529358542 -1.2321847906716394 12
    endloop
  endfacet
  facet normal 0 0 1
    outer loop
      vertex -7.570916362186211 -23.30088464923126 12
      vertex -8.464488230962194 -1.5197902659036269 12
      vertex -8.647363181547641 -1.386923836996421 12
    endloop
  endfacet
  facet normal 0 0 1
    outer loop
      vertex -7.570916362186211 -23.30088464923126 12
      vertex -8.056230589874906 -1.7119017293312764 12
      vertex -8.26640272481713 -1.6286886944388352 12
    endloop
  endfacet
  facet normal 0 0 1
    outer loop
      vertex -7.570916362186211 -23.30088464923126 12
      vertex -7.837286366254305 -1.7681170513116395 12
      vertex -8.056230589874906 -1.7119017293312764 12
    endloop
  endfacet
  facet normal 0 0 1
    outer loop
      vertex -7.570916362186211 -23.30088464923126 12
      vertex -7.613022935152765 -1.7964481111708888 12
      vertex -7.837286366254305 -1.7681170513116395 12
    endloop
  endfacet
  facet normal 0 0 1
    outer loop
      vertex -7.570916362186211 -23.30088464923126 12
      vertex -7.386977064847235 -1.7964481111708888 12
      vertex -7.613022935152765 -1.7964481111708888 12
    endloop
  endfacet
  facet normal 0 0 1
    outer loop
      vertex -7.570916362186211 -23.30088464923126 12
      vertex -7.162713633745695 -1.7681170513116395 12
      vertex -7.386977064847235 -1.7964481111708888 12
    endloop
  endfacet
  facet normal 0 0 1
    outer loop
      vertex -7.570916362186211 -23.30088464923126 12
      vertex -6.943769410125094 -1.7119017293312764 12
      vertex -7.162713633745695 -1.7681170513116395 12
    endloop
  endfacet
  facet normal 0 0 1
    outer loop
      vertex -7.570916362186211 -23.30088464923126 12
      vertex -6.73359727518287 -1.6286886944388352 12
      vertex -6.943769410125094 -1.7119017293312764 12
    endloop
  endfacet
  facet normal 0 0 1
    outer loop
      vertex -7.570916362186211 -23.30088464923126 12
      vertex -6.535511769037807 -1.5197902659036275 12
      vertex -6.73359727518287 -1.6286886944388352 12
    endloop
  endfacet
  facet normal 0 0 1
    outer loop
      vertex -7.570916362186211 -23.30088464923126 12
      vertex -6.352636818452358 -1.3869238369964203 12
      vertex -6.535511769037807 -1.5197902659036275 12
    endloop
  endfacet
  facet normal 0 0 1
    outer loop
      vertex -4.590842207350258 -24.06603764285287 12
      vertex -6.187856470641459 -1.2321847906716394 12
      vertex -6.352636818452358 -1.3869238369964203 12
    endloop
  endfacet
  facet normal 0 0 1
    outer loop
      vertex -4.590842207350258 -24.06603764285287 12
      vertex -6.043769410125094 -1.0580134541264516 12
      vertex -6.187856470641459 -1.2321847906716394 12
    endloop
  endfacet
  facet normal 0 0 1
    outer loop
      vertex -4.590842207350258 -24.06603764285287 12
      vertex -5.922647975921046 -0.8671566133830877 12
      vertex -6.043769410125094 -1.0580134541264516 12
    endloop
  endfacet
  facet normal 0 0 1
    outer loop
      vertex -4.590842207350258 -24.06603764285287 12
      vertex -5.826402325401148 -0.6626241948324211 12
      vertex -5.922647975921046 -0.8671566133830877 12
    endloop
  endfacet
  facet normal 0 0 1
    outer loop
      vertex -4.590842207350258 -24.06603764285287 12
      vertex -5.756550309968464 -0.447641796896738 12
      vertex -5.826402325401148 -0.6626241948324211 12
    endloop
  endfacet
  facet normal 0 0 1
    outer loop
      vertex -4.590842207350258 -24.06603764285287 12
      vertex -5.71419353763394 -0.22559982041574733 12
      vertex -5.756550309968464 -0.447641796896738 12
    endloop
  endfacet
  facet normal 0 0 1
    outer loop
      vertex -4.590842207350258 -24.06603764285287 12
      vertex -5.7 0 12
      vertex -5.71419353763394 -0.22559982041574733 12
    endloop
  endfacet
  facet normal 0 0 1
    outer loop
      vertex -4.590842207350258 -24.06603764285287 12
      vertex -1.5383677284681871 -24.45165484649265 12
      vertex -4.590842207350252 24.066037642852873 12
    endloop
  endfacet
  facet normal 0 0 1
    outer loop
      vertex -1.5383677284681871 -24.45165484649265 12
      vertex -1.5 -2.5 12
      vertex -1.5 -1.5 12
    endloop
  endfacet
  facet normal 0 0 1
    outer loop
      vertex -1.5383677284681871 -24.45165484649265 12
      vertex -1.5 -1.5 12
      vertex -2.5 -1.5 12
    endloop
  endfacet
  facet normal 0 0 1
    outer loop
      vertex -1.5383677284681871 -24.45165484649265 12
      vertex -2.5 -1.5 12
      vertex -4.590842207350252 24.066037642852873 12
    endloop
  endfacet
  facet normal 0 0 -1
    outer loop
      vertex -22.5 0 0
      vertex -21.7931211253942 5.595522461209234 0
      vertex -22.322580779575752 -2.8199977551968414 0
    endloop
  endfacet
  facet normal 0 0 -1
    outer loop
      vertex -22.5 0 0
      vertex -22.322580779575752 2.8199977551968414 0
      vertex -21.7931211253942 5.595522461209234 0
    endloop
  endfacet
  facet normal 0 0 -1
    outer loop
      vertex -20.919970932485658 8.282802435405252 0
      vertex -22.322580779575752 -2.8199977551968414 0
      vertex -21.7931211253942 5.595522461209234 0
    endloop
  endfacet
  facet normal 0 0 -1
    outer loop
      vertex -21.7931211253942 -5.595522461209234 0
      vertex -20.919970932485658 8.282802435405252 0
      vertex -20.318435616736295 9.561130051346924 0
    endloop
  endfacet
  facet normal 0 0 -1
    outer loop
      vertex -21.7931211253942 -5.595522461209234 0
      vertex -20.318435616736295 9.561130051346924 0
      vertex -19.71690030098693 10.839457667288595 0
    endloop
  endfacet
  facet normal 0 0 -1
    outer loop
      vertex -19.71690030098693 -10.839457667288595 0
      vertex -19.71690030098693 10.839457667288595 0
      vertex -18.202882373436317 13.225168176580645 0
    endloop
  endfacet
  facet normal 0 0 -1
    outer loop
      vertex -19.71690030098693 -10.839457667288595 0
      vertex -18.202882373436317 13.225168176580645 0
      vertex -16.401794116981762 15.40230988339549 0
    endloop
  endfacet
  facet normal 0 0 -1
    outer loop
      vertex -18.202882373436317 -13.225168176580645 0
      vertex -16.401794116981762 15.40230988339549 0
      vertex -14.342039769345517 17.33654796245526 0
    endloop
  endfacet
  facet normal 0 0 -1
    outer loop
      vertex -16.401794116981762 -15.40230988339549 0
      vertex -14.342039769345517 17.33654796245526 0
      vertex -13.199071328186472 18.1669631431253 0
    endloop
  endfacet
  facet normal 0 0 -1
    outer loop
      vertex -16.401794116981762 -15.40230988339549 0
      vertex -13.199071328186472 18.1669631431253 0
      vertex -12.056102887027427 18.99737832379534 0
    endloop
  endfacet
  facet normal 0 0 -1
    outer loop
      vertex -12.056102887027427 -18.99737832379534 0
      vertex -9.580034060214135 20.35860868048544 0
      vertex -9.5 0 0
    endloop
  endfacet
  facet normal 0 0 -1
    outer loop
      vertex -14.342039769345517 -17.33654796245526 0
      vertex -12.056102887027427 18.99737832379534 0
      vertex -9.580034060214135 20.35860868048544 0
    endloop
  endfacet
  facet normal 0 0 -1
    outer loop
      vertex -9.580034060214135 20.35860868048544 0
      vertex -9.484229402628955 0.25066646712860813 0
      vertex -9.5 0 0
    endloop
  endfacet
  facet normal 0 0 -1
    outer loop
      vertex -9.580034060214135 20.35860868048544 0
      vertex -9.437166322257262 0.4973797743297097 0
      vertex -9.484229402628955 0.25066646712860813 0
    endloop
  endfacet
  facet normal 0 0 -1
    outer loop
      vertex -9.580034060214135 20.35860868048544 0
      vertex -9.359552971776504 0.7362491053693557 0
      vertex -9.437166322257262 0.4973797743297097 0
    endloop
  endfacet
  facet normal 0 0 -1
    outer loop
      vertex -9.580034060214135 20.35860868048544 0
      vertex -9.252613360087727 0.9635073482034308 0
      vertex -9.359552971776504 0.7362491053693557 0
    endloop
  endfacet
  facet normal 0 0 -1
    outer loop
      vertex -9.580034060214135 20.35860868048544 0
      vertex -9.118033988749895 1.1755705045849463 0
      vertex -9.252613360087727 0.9635073482034308 0
    endloop
  endfacet
  facet normal 0 0 -1
    outer loop
      vertex -9.580034060214135 20.35860868048544 0
      vertex -8.957937254842824 1.369094211857377 0
      vertex -9.118033988749895 1.1755705045849463 0
    endloop
  endfacet
  facet normal 0 0 -1
    outer loop
      vertex -8.957937254842824 1.369094211857377 0
      vertex -6.952882373436316 21.398771616640953 0
      vertex -8.774847979497379 1.5410264855515787 0
    endloop
  endfacet
  facet normal 0 0 -1
    outer loop
      vertex -6.952882373436316 21.398771616640953 0
      vertex -8.571653589957993 1.68865585100403 0
      vertex -8.774847979497379 1.5410264855515787 0
    endloop
  endfacet
  facet normal 0 0 -1
    outer loop
      vertex -6.952882373436316 21.398771616640953 0
      vertex -8.351558583130146 1.809654104932039 0
      vertex -8.571653589957993 1.68865585100403 0
    endloop
  endfacet
  facet normal 0 0 -1
    outer loop
      vertex -6.952882373436316 21.398771616640953 0
      vertex -8.118033988749895 1.902113032590307 0
      vertex -8.351558583130146 1.809654104932039 0
    endloop
  endfacet
  facet normal 0 0 -1
    outer loop
      vertex -6.952882373436316 21.398771616640953 0
      vertex -7.874762629171449 1.9645745014573774 0
      vertex -8.118033988749895 1.902113032590307 0
    endloop
  endfacet
  facet normal 0 0 -1
    outer loop
      vertex -6.952882373436316 21.398771616640953 0
      vertex -7.625581039058627 1.9960534568565431 0
      vertex -7.874762629171449 1.9645745014573774 0
    endloop
  endfacet
  facet normal 0 0 -1
    outer loop
      vertex -7.625581039058627 1.9960534568565431 0
      vertex -6.952882373436316 21.398771616640953 0
      vertex -7.374418960941373 1.9960534568565431 0
    endloop
  endfacet
  facet normal 0 0 -1
    outer loop
      vertex -6.952882373436316 21.398771616640953 0
      vertex -7.125237370828551 1.9645745014573774 0
      vertex -7.374418960941373 1.9960534568565431 0
    endloop
  endfacet
  facet normal 0 0 -1
    outer loop
      vertex -6.952882373436316 21.398771616640953 0
      vertex -6.881966011250105 1.902113032590307 0
      vertex -7.125237370828551 1.9645745014573774 0
    endloop
  endfacet
  facet normal 0 0 -1
    outer loop
      vertex -6.952882373436316 21.398771616640953 0
      vertex -6.648441416869854 1.809654104932039 0
      vertex -6.881966011250105 1.902113032590307 0
    endloop
  endfacet
  facet normal 0 0 -1
    outer loop
      vertex -6.428346410042007 1.6886558510040302 0
      vertex -6.952882373436316 21.398771616640953 0
      vertex -6.2251520205026205 1.5410264855515783 0
    endloop
  endfacet
  facet normal 0 0 -1
    outer loop
      vertex -6.428346410042007 1.6886558510040302 0
      vertex -6.648441416869854 1.809654104932039 0
      vertex -6.952882373436316 21.398771616640953 0
    endloop
  endfacet
  facet normal 0 0 -1
    outer loop
      vertex -6.2251520205026205 1.5410264855515783 0
      vertex -6.952882373436316 21.398771616640953 0
      vertex -6.0420627451571765 1.3690942118573775 0
    endloop
  endfacet
  facet normal 0 0 -1
    outer loop
      vertex -4.2160795781788085 -22.101463141395495 0
      vertex -5.5 0 0
      vertex -4.216079578178803 22.101463141395495 0
    endloop
  endfacet
  facet normal 0 0 -1
    outer loop
      vertex -4.2160795781788085 -22.101463141395495 0
      vertex -4.216079578178803 22.101463141395495 0
      vertex -3.55 0 0
    endloop
  endfacet
  facet normal 0 0 -1
    outer loop
      vertex -4.216079578178803 22.101463141395495 0
      vertex -5.5 0 0
      vertex -5.515770597371044 0.2506664671286085 0
    endloop
  endfacet
  facet normal 0 0 -1
    outer loop
      vertex -4.216079578178803 22.101463141395495 0
      vertex -5.515770597371044 0.2506664671286085 0
      vertex -5.562833677742738 0.4973797743297096 0
    endloop
  endfacet
  facet normal 0 0 -1
    outer loop
      vertex -6.0420627451571765 1.3690942118573775 0
      vertex -4.216079578178803 22.101463141395495 0
      vertex -5.881966011250105 1.1755705045849463 0
    endloop
  endfacet
  facet normal 0 0 -1
    outer loop
      vertex -4.216079578178803 22.101463141395495 0
      vertex -5.640447028223497 0.736249105369356 0
      vertex -5.747386639912273 0.9635073482034306 0
    endloop
  endfacet
  facet normal 0 0 -1
    outer loop
      vertex -4.216079578178803 22.101463141395495 0
      vertex -5.562833677742738 0.4973797743297096 0
      vertex -5.640447028223497 0.736249105369356 0
    endloop
  endfacet
  facet normal 0 0 -1
    outer loop
      vertex -4.216079578178803 22.101463141395495 0
      vertex -5.747386639912273 0.9635073482034306 0
      vertex -5.881966011250105 1.1755705045849463 0
    endloop
  endfacet
  facet normal 0 0 -1
    outer loop
      vertex -4.216079578178803 22.101463141395495 0
      vertex -3.5220071896663963 0.4449329791532794 0
      vertex -3.55 0 0
    endloop
  endfacet
  facet normal 0 0 -1
    outer loop
      vertex -4.216079578178803 22.101463141395495 0
      vertex -3.4384702220066403 0.8828490994352347 0
      vertex -3.5220071896663963 0.4449329791532794 0
    endloop
  endfacet
  facet normal 0 0 -1
    outer loop
      vertex -4.216079578178803 22.101463141395495 0
      vertex -3.3007065249032923 1.3068421620306063 0
      vertex -3.4384702220066403 0.8828490994352347 0
    endloop
  endfacet
  facet normal 0 0 -1
    outer loop
      vertex -4.216079578178803 22.101463141395495 0
      vertex -3.110888714155715 1.7102255430610895 0
      vertex -3.3007065249032923 1.3068421620306063 0
    endloop
  endfacet
  facet normal 0 0 -1
    outer loop
      vertex -3.110888714155715 1.7102255430610895 0
      vertex -1.4127866894095487 22.45560138963611 0
      vertex -2.8720103300310633 2.0866376456382794 0
    endloop
  endfacet
  facet normal 0 0 -1
    outer loop
      vertex -1.4127866894095487 22.45560138963611 0
      vertex -2.5878386273460112 2.430142226046844 0
      vertex -2.8720103300310633 2.0866376456382794 0
    endloop
  endfacet
  facet normal 0 0 -1
    outer loop
      vertex -1.4127866894095487 22.45560138963611 0
      vertex -2.262855163607848 2.735322011854052 0
      vertex -2.5878386273460112 2.430142226046844 0
    endloop
  endfacet
  facet normal 0 0 -1
    outer loop
      vertex -1.4127866894095487 22.45560138963611 0
      vertex -1.9021851221754384 2.9973641355321528 0
      vertex -2.262855163607848 2.735322011854052 0
    endloop
  endfacet
  facet normal 0 0 -1
    outer loop
      vertex -1.9021851221754384 2.9973641355321528 0
      vertex -1.4127866894095487 22.45560138963611 0
      vertex -1.511516485056008 3.212136036254369 0
    endloop
  endfacet
  facet normal 0 0 -1
    outer loop
      vertex -1.4127866894095487 22.45560138963611 0
      vertex -1.0970103300310632 3.376250632847795 0
      vertex -1.511516485056008 3.212136036254369 0
    endloop
  endfacet
  facet normal 0 0 -1
    outer loop
      vertex -1.4127866894095487 22.45560138963611 0
      vertex -0.6652036667793223 3.487119740086845 0
      vertex -1.0970103300310632 3.376250632847795 0
    endloop
  endfacet
  facet normal 0 0 -1
    outer loop
      vertex -1.4127866894095487 22.45560138963611 0
      vertex -0.22290634432906217 3.542994885920364 0
      vertex -0.6652036667793223 3.487119740086845 0
    endloop
  endfacet
  facet normal 0 0 -1
    outer loop
      vertex 0.22290634432905693 3.542994885920364 0
      vertex -0.22290634432906217 3.542994885920364 0
      vertex -1.4127866894095487 22.45560138963611 0
    endloop
  endfacet
  facet normal 0 0 -1
    outer loop
      vertex -8.957937254842824 1.369094211857377 0
      vertex -9.580034060214135 20.35860868048544 0
      vertex -6.952882373436316 21.398771616640953 0
    endloop
  endfacet
  facet normal 0 0 -1
    outer loop
      vertex -4.216079578178803 22.101463141395495 0
      vertex -6.0420627451571765 1.3690942118573775 0
      vertex -6.952882373436316 21.398771616640953 0
    endloop
  endfacet
  facet normal 0 0 -1
    outer loop
      vertex -3.110888714155715 1.7102255430610895 0
      vertex -4.216079578178803 22.101463141395495 0
      vertex -1.4127866894095487 22.45560138963611 0
    endloop
  endfacet
  facet normal -0.9980267284282714 0.06279051952931344 0
    outer loop
      vertex -24.306810182204707 3.0706642223254494 12
      vertex -24.306810182204707 3.0706642223254494 9
      vertex -24.5 0 9
    endloop
  endfacet
  facet normal -0.9822872507286887 0.18738131458572405 0
    outer loop
      vertex -23.730287447651463 6.0929022355389435 12
      vertex -23.730287447651463 6.0929022355389435 9
      vertex -24.306810182204707 3.0706642223254494 9
    endloop
  endfacet
  facet normal -0.9980267284282714 0.06279051952931344 0
    outer loop
      vertex -24.5 0 12
      vertex -24.306810182204707 3.0706642223254494 12
      vertex -24.5 0 9
    endloop
  endfacet
  facet normal 0 0 1
    outer loop
      vertex -24.306810182204707 -3.0706642223254494 12
      vertex -24.306810182204707 3.0706642223254494 12
      vertex -24.5 0 12
    endloop
  endfacet
  facet normal 0 0 1
    outer loop
      vertex -23.730287447651463 -6.0929022355389435 12
      vertex -23.730287447651463 6.0929022355389435 12
      vertex -24.306810182204707 3.0706642223254494 12
    endloop
  endfacet
  facet normal 0 0 1
    outer loop
      vertex -22.77952390426216 -9.019051540774608 12
      vertex -22.77952390426216 9.019051540774608 12
      vertex -23.730287447651463 6.0929022355389435 12
    endloop
  endfacet
  facet normal 0 0 1
    outer loop
      vertex -21.469513661074654 -11.802965015492028 12
      vertex -21.469513661074654 11.802965015492028 12
      vertex -22.77952390426216 9.019051540774608 12
    endloop
  endfacet
  facet normal -0.9822872507286887 0.18738131458572405 0
    outer loop
      vertex -24.306810182204707 3.0706642223254494 12
      vertex -23.730287447651463 6.0929022355389435 12
      vertex -24.306810182204707 3.0706642223254494 9
    endloop
  endfacet
  facet normal 0 0 1
    outer loop
      vertex -19.820916362186214 -14.400738681165592 12
      vertex -19.820916362186214 14.400738681165592 12
      vertex -21.469513661074654 11.802965015492028 12
    endloop
  endfacet
  facet normal 0 0 1
    outer loop
      vertex -17.859731371824587 -16.77140409525287 12
      vertex -17.859731371824587 16.77140409525287 12
      vertex -19.820916362186214 14.400738681165592 12
    endloop
  endfacet
  facet normal -0.9510565162951534 0.30901699437494784 0
    outer loop
      vertex -22.77952390426216 9.019051540774608 12
      vertex -22.77952390426216 9.019051540774608 9
      vertex -23.730287447651463 6.0929022355389435 9
    endloop
  endfacet
  facet normal -0.9048270524660192 0.4257792915650734 -2.521119855488705e-16
    outer loop
      vertex -21.469513661074654 11.802965015492028 12
      vertex -21.469513661074654 11.802965015492026 9
      vertex -22.77952390426216 9.019051540774608 9
    endloop
  endfacet
  facet normal -0.9510565162951534 0.30901699437494784 0
    outer loop
      vertex -23.730287447651463 6.0929022355389435 12
      vertex -22.77952390426216 9.019051540774608 12
      vertex -23.730287447651463 6.0929022355389435 9
    endloop
  endfacet
  facet normal -0.9048270524660192 0.42577929156507316 0
    outer loop
      vertex -22.77952390426216 9.019051540774608 12
      vertex -21.469513661074654 11.802965015492028 12
      vertex -22.77952390426216 9.019051540774608 9
    endloop
  endfacet
  facet normal 0 0 1
    outer loop
      vertex -15.616887748842895 -18.87757444800684 12
      vertex -15.616887748842895 18.87757444800684 12
      vertex -17.859731371824587 16.77140409525287 12
    endloop
  endfacet
  facet normal 0 0 1
    outer loop
      vertex -13.127756476985422 -20.686034174799367 12
      vertex -13.127756476985422 20.686034174799367 12
      vertex -15.616887748842895 18.87757444800684 12
    endloop
  endfacet
  facet normal -0.8443279255020159 0.5358267949789953 0
    outer loop
      vertex -19.820916362186214 14.400738681165592 12
      vertex -19.820916362186214 14.400738681165592 9
      vertex -21.469513661074654 11.802965015492026 9
    endloop
  endfacet
  facet normal -0.7705132427757893 0.6374239897486897 0
    outer loop
      vertex -17.859731371824587 16.77140409525287 12
      vertex -17.859731371824587 16.77140409525287 9
      vertex -19.820916362186214 14.400738681165592 9
    endloop
  endfacet
  facet normal -0.8443279255020157 0.5358267949789957 -3.172731973316182e-16
    outer loop
      vertex -21.469513661074654 11.802965015492028 12
      vertex -19.820916362186214 14.400738681165592 12
      vertex -21.469513661074654 11.802965015492026 9
    endloop
  endfacet
  facet normal -0.7705132427757893 0.6374239897486897 0
    outer loop
      vertex -19.820916362186214 14.400738681165592 12
      vertex -17.859731371824587 16.77140409525287 12
      vertex -19.820916362186214 14.400738681165592 9
    endloop
  endfacet
  facet normal -0.6845471059286887 0.7289686274214116 0
    outer loop
      vertex -15.616887748842895 18.87757444800684 12
      vertex -15.616887748842895 18.87757444800684 9
      vertex -17.859731371824587 16.77140409525287 9
    endloop
  endfacet
  facet normal -0.6845471059286887 0.7289686274214116 0
    outer loop
      vertex -17.859731371824587 16.77140409525287 12
      vertex -15.616887748842895 18.87757444800684 12
      vertex -17.859731371824587 16.77140409525287 9
    endloop
  endfacet
  facet normal -0.587785252292473 0.8090169943749476 0
    outer loop
      vertex -13.127756476985422 20.686034174799367 12
      vertex -13.127756476985422 20.686034174799367 9
      vertex -15.616887748842895 18.87757444800684 9
    endloop
  endfacet
  facet normal -0.587785252292473 0.8090169943749476 0
    outer loop
      vertex -15.616887748842895 18.87757444800684 12
      vertex -13.127756476985422 20.686034174799367 12
      vertex -15.616887748842895 18.87757444800684 9
    endloop
  endfacet
  facet normal 0 0 1
    outer loop
      vertex -10.431592643344274 -22.16826278541748 12
      vertex -9.3 0 12
      vertex -10.431592643344281 22.168262785417475 12
    endloop
  endfacet
  facet normal 0 0 1
    outer loop
      vertex -10.431592643344274 -22.16826278541748 12
      vertex -10.431592643344281 22.168262785417475 12
      vertex -13.127756476985422 20.686034174799367 12
    endloop
  endfacet
  facet normal 0 0 1
    outer loop
      vertex -10.431592643344281 22.168262785417475 12
      vertex -9.3 0 12
      vertex -9.285806462366061 0.22559982041574733 12
    endloop
  endfacet
  facet normal 0 0 1
    outer loop
      vertex -10.431592643344281 22.168262785417475 12
      vertex -9.285806462366061 0.22559982041574733 12
      vertex -9.243449690031536 0.4476417968967387 12
    endloop
  endfacet
  facet normal 0 0 1
    outer loop
      vertex -10.431592643344281 22.168262785417475 12
      vertex -9.243449690031536 0.4476417968967387 12
      vertex -9.173597674598852 0.6626241948324202 12
    endloop
  endfacet
  facet normal 0 0 1
    outer loop
      vertex -10.431592643344281 22.168262785417475 12
      vertex -9.173597674598852 0.6626241948324202 12
      vertex -9.077352024078955 0.8671566133830877 12
    endloop
  endfacet
  facet normal 0 0 1
    outer loop
      vertex -10.431592643344281 22.168262785417475 12
      vertex -9.077352024078955 0.8671566133830877 12
      vertex -8.956230589874906 1.0580134541264516 12
    endloop
  endfacet
  facet normal 0 0 1
    outer loop
      vertex -10.431592643344281 22.168262785417475 12
      vertex -8.956230589874906 1.0580134541264516 12
      vertex -8.812143529358542 1.2321847906716394 12
    endloop
  endfacet
  facet normal 0 0 1
    outer loop
      vertex -10.431592643344281 22.168262785417475 12
      vertex -8.812143529358542 1.2321847906716394 12
      vertex -8.647363181547641 1.386923836996421 12
    endloop
  endfacet
  facet normal 0 0 1
    outer loop
      vertex -10.431592643344281 22.168262785417475 12
      vertex -8.647363181547641 1.386923836996421 12
      vertex -8.464488230962194 1.5197902659036269 12
    endloop
  endfacet
  facet normal 0 0 1
    outer loop
      vertex -10.431592643344281 22.168262785417475 12
      vertex -8.464488230962194 1.5197902659036269 12
      vertex -8.26640272481713 1.628688694438835 12
    endloop
  endfacet
  facet normal 0 0 1
    outer loop
      vertex -10.431592643344281 22.168262785417475 12
      vertex -8.26640272481713 1.628688694438835 12
      vertex -8.056230589874906 1.7119017293312764 12
    endloop
  endfacet
  facet normal 0 0 1
    outer loop
      vertex -10.431592643344281 22.168262785417475 12
      vertex -8.056230589874906 1.7119017293312764 12
      vertex -7.837286366254304 1.7681170513116398 12
    endloop
  endfacet
  facet normal 0 0 1
    outer loop
      vertex -10.431592643344281 22.168262785417475 12
      vertex -7.837286366254304 1.7681170513116398 12
      vertex -7.613022935152764 1.7964481111708888 12
    endloop
  endfacet
  facet normal 0 0 1
    outer loop
      vertex -10.431592643344281 22.168262785417475 12
      vertex -7.613022935152764 1.7964481111708888 12
      vertex -7.386977064847236 1.7964481111708888 12
    endloop
  endfacet
  facet normal 0 0 1
    outer loop
      vertex -7.570916362186211 23.30088464923126 12
      vertex -7.386977064847236 1.7964481111708888 12
      vertex -7.162713633745696 1.7681170513116398 12
    endloop
  endfacet
  facet normal 0 0 1
    outer loop
      vertex -7.570916362186211 23.30088464923126 12
      vertex -7.162713633745696 1.7681170513116398 12
      vertex -6.943769410125094 1.7119017293312764 12
    endloop
  endfacet
  facet normal 0 0 1
    outer loop
      vertex -7.570916362186211 23.30088464923126 12
      vertex -6.943769410125094 1.7119017293312764 12
      vertex -6.733597275182869 1.628688694438835 12
    endloop
  endfacet
  facet normal 0 0 1
    outer loop
      vertex -7.570916362186211 23.30088464923126 12
      vertex -6.733597275182869 1.628688694438835 12
      vertex -6.5355117690378055 1.519790265903627 12
    endloop
  endfacet
  facet normal 0 0 1
    outer loop
      vertex -7.570916362186211 23.30088464923126 12
      vertex -6.5355117690378055 1.519790265903627 12
      vertex -6.352636818452359 1.3869238369964205 12
    endloop
  endfacet
  facet normal 0 0 1
    outer loop
      vertex -7.570916362186211 23.30088464923126 12
      vertex -6.352636818452359 1.3869238369964205 12
      vertex -6.187856470641459 1.2321847906716397 12
    endloop
  endfacet
  facet normal 0 0 1
    outer loop
      vertex -7.570916362186211 23.30088464923126 12
      vertex -6.187856470641459 1.2321847906716397 12
      vertex -6.043769410125094 1.0580134541264516 12
    endloop
  endfacet
  facet normal 0 0 1
    outer loop
      vertex -4.590842207350258 -24.06603764285287 12
      vertex -4.590842207350252 24.066037642852873 12
      vertex -5.7 0 12
    endloop
  endfacet
  facet normal 0 0 1
    outer loop
      vertex -4.590842207350252 24.066037642852873 12
      vertex -5.826402325401148 0.6626241948324204 12
      vertex -5.756550309968464 0.44764179689673866 12
    endloop
  endfacet
  facet normal 0 0 1
    outer loop
      vertex -4.590842207350252 24.066037642852873 12
      vertex -5.922647975921046 0.8671566133830876 12
      vertex -5.826402325401148 0.6626241948324204 12
    endloop
  endfacet
  facet normal 0 0 1
    outer loop
      vertex -4.590842207350252 24.066037642852873 12
      vertex -6.043769410125094 1.0580134541264516 12
      vertex -5.922647975921046 0.8671566133830876 12
    endloop
  endfacet
  facet normal 0 0 1
    outer loop
      vertex -4.590842207350252 24.066037642852873 12
      vertex -5.71419353763394 0.22559982041574766 12
      vertex -5.7 0 12
    endloop
  endfacet
  facet normal 0 0 1
    outer loop
      vertex -4.590842207350252 24.066037642852873 12
      vertex -5.756550309968464 0.44764179689673866 12
      vertex -5.71419353763394 0.22559982041574766 12
    endloop
  endfacet
  facet normal 0 0 1
    outer loop
      vertex -4.590842207350252 24.066037642852873 12
      vertex -2.5 -1.5 12
      vertex -2.5 1.5 12
    endloop
  endfacet
  facet normal 0 0 1
    outer loop
      vertex -4.590842207350252 24.066037642852873 12
      vertex -2.5 1.5 12
      vertex -1.5 1.5 12
    endloop
  endfacet
  facet normal 0 0 1
    outer loop
      vertex -1.5383677284681754 24.45165484649265 12
      vertex -1.5 1.5 12
      vertex -1.5 2.5 12
    endloop
  endfacet
  facet normal 0 0 1
    outer loop
      vertex -1.5383677284681754 24.45165484649265 12
      vertex -1.5 2.5 12
      vertex 1.5 2.5 12
    endloop
  endfacet
  facet normal 0 0 1
    outer loop
      vertex -10.431592643344281 22.168262785417475 12
      vertex -7.386977064847236 1.7964481111708888 12
      vertex -7.570916362186211 23.30088464923126 12
    endloop
  endfacet
  facet normal -0.48175367410171466 0.8763066800438639 0
    outer loop
      vertex -10.431592643344281 22.168262785417475 12
      vertex -10.431592643344281 22.168262785417475 9
      vertex -13.127756476985422 20.686034174799367 9
    endloop
  endfacet
  facet normal -0.36812455268467814 0.9297764858882515 0
    outer loop
      vertex -7.570916362186211 23.30088464923126 12
      vertex -7.570916362186211 23.30088464923126 9
      vertex -10.431592643344281 22.168262785417475 9
    endloop
  endfacet
  facet normal -0.48175367410171466 0.8763066800438639 0
    outer loop
      vertex -13.127756476985422 20.686034174799367 12
      vertex -10.431592643344281 22.168262785417475 12
      vertex -13.127756476985422 20.686034174799367 9
    endloop
  endfacet
  facet normal -0.36812455268467814 0.9297764858882515 0
    outer loop
      vertex -10.431592643344281 22.168262785417475 12
      vertex -7.570916362186211 23.30088464923126 12
      vertex -10.431592643344281 22.168262785417475 9
    endloop
  endfacet
  facet normal -0.24868988716485535 0.9685831611286311 0
    outer loop
      vertex -7.570916362186211 23.30088464923126 12
      vertex -4.590842207350252 24.066037642852873 12
      vertex -7.570916362186211 23.30088464923126 9
    endloop
  endfacet
  facet normal 0 0 1
    outer loop
      vertex -7.570916362186211 23.30088464923126 12
      vertex -6.043769410125094 1.0580134541264516 12
      vertex -4.590842207350252 24.066037642852873 12
    endloop
  endfacet
  facet normal 0 0 1
    outer loop
      vertex -4.590842207350252 24.066037642852873 12
      vertex -1.5 1.5 12
      vertex -1.5383677284681754 24.45165484649265 12
    endloop
  endfacet
  facet normal -0.24868988716485535 0.9685831611286311 0
    outer loop
      vertex -4.590842207350252 24.066037642852873 12
      vertex -4.590842207350252 24.066037642852873 9
      vertex -7.570916362186211 23.30088464923126 9
    endloop
  endfacet
  facet normal -0.12533323356430362 0.992114701314478 0
    outer loop
      vertex -1.5383677284681754 24.45165484649265 12
      vertex -1.5383677284681754 24.45165484649265 9
      vertex -4.590842207350252 24.066037642852873 9
    endloop
  endfacet
  facet normal -0.12533323356430362 0.992114701314478 0
    outer loop
      vertex -4.590842207350252 24.066037642852873 12
      vertex -1.5383677284681754 24.45165484649265 12
      vertex -4.590842207350252 24.066037642852873 9
    endloop
  endfacet
  facet normal 0 1 0
    outer loop
      vertex -1.5383677284681754 24.45165484649265 12
      vertex 1.5383677284681754 24.45165484649265 12
      vertex -1.5383677284681754 24.45165484649265 9
    endloop
  endfacet
  facet normal 0 0 -1
    outer loop
      vertex 1.4127866894095598 -22.45560138963611 0
      vertex 3.110888714155715 -1.7102255430610895 0
      vertex 4.2160795781788085 -22.101463141395495 0
    endloop
  endfacet
  facet normal 0 0 -1
    outer loop
      vertex 4.2160795781788085 -22.101463141395495 0
      vertex 6.0420627451571765 -1.369094211857377 0
      vertex 6.952882373436316 -21.398771616640953 0
    endloop
  endfacet
  facet normal 0 0 -1
    outer loop
      vertex 6.952882373436316 -21.398771616640953 0
      vertex 8.957937254842824 -1.369094211857377 0
      vertex 8.266458216825223 -20.878690148563194 0
    endloop
  endfacet
  facet normal 0 0 -1
    outer loop
      vertex 8.957937254842824 -1.369094211857377 0
      vertex 9.58003406021413 -20.35860868048544 0
      vertex 8.266458216825223 -20.878690148563194 0
    endloop
  endfacet
  facet normal 0 0 -1
    outer loop
      vertex -0.22290634432906378 -3.542994885920364 0
      vertex 0.2229063443290639 -3.542994885920364 0
      vertex 1.4127866894095598 -22.45560138963611 0
    endloop
  endfacet
  facet normal 0 0 -1
    outer loop
      vertex 1.4127866894095598 -22.45560138963611 0
      vertex 0.2229063443290639 -3.542994885920364 0
      vertex 0.6652036667793232 -3.4871197400868446 0
    endloop
  endfacet
  facet normal 0 0 -1
    outer loop
      vertex 1.4127866894095598 -22.45560138963611 0
      vertex 0.6652036667793232 -3.4871197400868446 0
      vertex 1.0970103300310632 -3.376250632847795 0
    endloop
  endfacet
  facet normal 0 0 -1
    outer loop
      vertex 1.4127866894095598 -22.45560138963611 0
      vertex 1.0970103300310632 -3.376250632847795 0
      vertex 1.511516485056007 -3.2121360362543694 0
    endloop
  endfacet
  facet normal 0 0 -1
    outer loop
      vertex 1.4127866894095598 -22.45560138963611 0
      vertex 1.511516485056007 -3.2121360362543694 0
      vertex 1.9021851221754364 -2.997364135532154 0
    endloop
  endfacet
  facet normal 0 0 -1
    outer loop
      vertex 1.4127866894095598 -22.45560138963611 0
      vertex 1.9021851221754364 -2.997364135532154 0
      vertex 2.262855163607849 -2.735322011854051 0
    endloop
  endfacet
  facet normal 0 0 -1
    outer loop
      vertex 1.4127866894095598 -22.45560138963611 0
      vertex 2.262855163607849 -2.735322011854051 0
      vertex 2.5878386273460112 -2.430142226046844 0
    endloop
  endfacet
  facet normal 0 0 -1
    outer loop
      vertex 1.4127866894095598 -22.45560138963611 0
      vertex 2.5878386273460112 -2.430142226046844 0
      vertex 2.8720103300310633 -2.0866376456382794 0
    endloop
  endfacet
  facet normal 0 0 -1
    outer loop
      vertex 1.4127866894095598 -22.45560138963611 0
      vertex 2.8720103300310633 -2.0866376456382794 0
      vertex 3.110888714155715 -1.7102255430610895 0
    endloop
  endfacet
  facet normal 0 0 -1
    outer loop
      vertex 4.2160795781788085 -22.101463141395495 0
      vertex 3.110888714155715 -1.7102255430610895 0
      vertex 3.300706524903292 -1.306842162030608 0
    endloop
  endfacet
  facet normal 0 0 -1
    outer loop
      vertex 4.2160795781788085 -22.101463141395495 0
      vertex 3.300706524903292 -1.306842162030608 0
      vertex 3.4384702220066408 -0.8828490994352332 0
    endloop
  endfacet
  facet normal 0 0 -1
    outer loop
      vertex 4.2160795781788085 -22.101463141395495 0
      vertex 3.4384702220066408 -0.8828490994352332 0
      vertex 3.5220071896663963 -0.4449329791532794 0
    endloop
  endfacet
  facet normal 0 0 -1
    outer loop
      vertex 4.2160795781788085 -22.101463141395495 0
      vertex 3.5220071896663963 -0.4449329791532794 0
      vertex 3.55 0 0
    endloop
  endfacet
  facet normal 0 0 -1
    outer loop
      vertex 4.2160795781788085 -22.101463141395495 0
      vertex 5.747386639912273 -0.9635073482034308 0
      vertex 5.881966011250105 -1.1755705045849463 0
    endloop
  endfacet
  facet normal 0 0 -1
    outer loop
      vertex 4.2160795781788085 -22.101463141395495 0
      vertex 5.562833677742738 -0.4973797743297097 0
      vertex 5.640447028223497 -0.7362491053693557 0
    endloop
  endfacet
  facet normal 0 0 -1
    outer loop
      vertex 4.2160795781788085 -22.101463141395495 0
      vertex 5.640447028223497 -0.7362491053693557 0
      vertex 5.747386639912273 -0.9635073482034308 0
    endloop
  endfacet
  facet normal 0 0 -1
    outer loop
      vertex 6.0420627451571765 -1.369094211857377 0
      vertex 4.2160795781788085 -22.101463141395495 0
      vertex 5.881966011250105 -1.1755705045849463 0
    endloop
  endfacet
  facet normal 0 0 -1
    outer loop
      vertex 4.2160795781788085 -22.101463141395495 0
      vertex 5.515770597371044 -0.25066646712860813 0
      vertex 5.562833677742738 -0.4973797743297097 0
    endloop
  endfacet
  facet normal 0 0 -1
    outer loop
      vertex 4.2160795781788085 -22.101463141395495 0
      vertex 5.5 0 0
      vertex 5.515770597371044 -0.25066646712860813 0
    endloop
  endfacet
  facet normal 0 0 -1
    outer loop
      vertex 6.952882373436316 -21.398771616640953 0
      vertex 6.0420627451571765 -1.369094211857377 0
      vertex 6.2251520205026205 -1.5410264855515787 0
    endloop
  endfacet
  facet normal 0 0 -1
    outer loop
      vertex 6.952882373436316 -21.398771616640953 0
      vertex 6.428346410042007 -1.68865585100403 0
      vertex 6.648441416869855 -1.8096541049320392 0
    endloop
  endfacet
  facet normal 0 0 -1
    outer loop
      vertex 6.952882373436316 -21.398771616640953 0
      vertex 6.2251520205026205 -1.5410264855515787 0
      vertex 6.428346410042007 -1.68865585100403 0
    endloop
  endfacet
  facet normal 0 0 -1
    outer loop
      vertex 6.952882373436316 -21.398771616640953 0
      vertex 6.648441416869855 -1.8096541049320392 0
      vertex 6.881966011250105 -1.902113032590307 0
    endloop
  endfacet
  facet normal 0 0 -1
    outer loop
      vertex 6.952882373436316 -21.398771616640953 0
      vertex 6.881966011250105 -1.902113032590307 0
      vertex 7.12523737082855 -1.9645745014573772 0
    endloop
  endfacet
  facet normal 0 0 -1
    outer loop
      vertex 6.952882373436316 -21.398771616640953 0
      vertex 7.12523737082855 -1.9645745014573772 0
      vertex 7.374418960941372 -1.9960534568565431 0
    endloop
  endfacet
  facet normal 0 0 -1
    outer loop
      vertex 6.952882373436316 -21.398771616640953 0
      vertex 7.374418960941372 -1.9960534568565431 0
      vertex 7.625581039058628 -1.9960534568565431 0
    endloop
  endfacet
  facet normal 0 0 -1
    outer loop
      vertex 6.952882373436316 -21.398771616640953 0
      vertex 7.625581039058628 -1.9960534568565431 0
      vertex 7.87476262917145 -1.9645745014573772 0
    endloop
  endfacet
  facet normal 0 0 -1
    outer loop
      vertex 6.952882373436316 -21.398771616640953 0
      vertex 7.87476262917145 -1.9645745014573772 0
      vertex 8.118033988749895 -1.902113032590307 0
    endloop
  endfacet
  facet normal 0 0 -1
    outer loop
      vertex 6.952882373436316 -21.398771616640953 0
      vertex 8.118033988749895 -1.902113032590307 0
      vertex 8.351558583130146 -1.8096541049320392 0
    endloop
  endfacet
  facet normal 0 0 -1
    outer loop
      vertex 6.952882373436316 -21.398771616640953 0
      vertex 8.351558583130146 -1.8096541049320392 0
      vertex 8.571653589957993 -1.6886558510040306 0
    endloop
  endfacet
  facet normal 0 0 -1
    outer loop
      vertex 6.952882373436316 -21.398771616640953 0
      vertex 8.571653589957993 -1.6886558510040306 0
      vertex 8.77484797949738 -1.541026485551578 0
    endloop
  endfacet
  facet normal 0 0 -1
    outer loop
      vertex 6.952882373436316 -21.398771616640953 0
      vertex 8.77484797949738 -1.541026485551578 0
      vertex 8.957937254842824 -1.369094211857377 0
    endloop
  endfacet
  facet normal 0 0 -1
    outer loop
      vertex 9.58003406021413 -20.35860868048544 0
      vertex 8.957937254842824 -1.369094211857377 0
      vertex 9.118033988749895 -1.1755705045849463 0
    endloop
  endfacet
  facet normal 0 0 -1
    outer loop
      vertex 9.58003406021413 -20.35860868048544 0
      vertex 9.118033988749895 -1.1755705045849463 0
      vertex 9.252613360087727 -0.9635073482034308 0
    endloop
  endfacet
  facet normal 0 0 -1
    outer loop
      vertex 9.58003406021413 -20.35860868048544 0
      vertex 9.252613360087727 -0.9635073482034308 0
      vertex 9.359552971776502 -0.7362491053693567 0
    endloop
  endfacet
  facet normal 0 0 -1
    outer loop
      vertex 9.58003406021413 -20.35860868048544 0
      vertex 9.359552971776502 -0.7362491053693567 0
      vertex 9.437166322257262 -0.49737977432970887 0
    endloop
  endfacet
  facet normal 0 0 -1
    outer loop
      vertex 9.58003406021413 -20.35860868048544 0
      vertex 9.437166322257262 -0.49737977432970887 0
      vertex 9.484229402628955 -0.25066646712860813 0
    endloop
  endfacet
  facet normal 0 0 -1
    outer loop
      vertex 9.58003406021413 -20.35860868048544 0
      vertex 9.484229402628955 -0.25066646712860813 0
      vertex 9.5 0 0
    endloop
  endfacet
  facet normal 0 0 -1
    outer loop
      vertex 9.58003406021413 -20.35860868048544 0
      vertex 14.342039769345519 17.336547962455256 0
      vertex 12.056102887027414 -18.997378323795346 0
    endloop
  endfacet
  facet normal 0 0 -1
    outer loop
      vertex 9.58003406021413 -20.35860868048544 0
      vertex 9.5 0 0
      vertex 12.056102887027425 18.99737832379534 0
    endloop
  endfacet
  facet normal 0 0 -1
    outer loop
      vertex 12.056102887027414 -18.997378323795346 0
      vertex 16.40179411698176 15.402309883395496 0
      vertex 14.342039769345524 -17.336547962455253 0
    endloop
  endfacet
  facet normal 0 0 -1
    outer loop
      vertex 14.342039769345524 -17.336547962455253 0
      vertex 18.202882373436317 13.225168176580645 0
      vertex 16.401794116981762 -15.40230988339549 0
    endloop
  endfacet
  facet normal 0 0 -1
    outer loop
      vertex 16.401794116981762 -15.40230988339549 0
      vertex 19.716900300986932 10.839457667288595 0
      vertex 18.202882373436317 -13.225168176580645 0
    endloop
  endfacet
  facet normal 0 0 -1
    outer loop
      vertex 19.716900300986932 10.839457667288595 0
      vertex 19.71690030098693 -10.839457667288595 0
      vertex 18.202882373436317 -13.225168176580645 0
    endloop
  endfacet
  facet normal 0 0 -1
    outer loop
      vertex 19.71690030098693 -10.839457667288595 0
      vertex 21.7931211253942 5.5955224612092325 0
      vertex 20.919970932485654 -8.282802435405262 0
    endloop
  endfacet
  facet normal 0 0 -1
    outer loop
      vertex 20.919970932485654 -8.282802435405262 0
      vertex 22.322580779575752 2.819997755196846 0
      vertex 21.7931211253942 -5.5955224612092245 0
    endloop
  endfacet
  facet normal 0 0 -1
    outer loop
      vertex 21.7931211253942 -5.5955224612092245 0
      vertex 22.411290389787876 1.409998877598423 0
      vertex 22.322580779575752 -2.8199977551968414 0
    endloop
  endfacet
  facet normal 0 0 -1
    outer loop
      vertex 22.411290389787876 1.409998877598423 0
      vertex 21.7931211253942 -5.5955224612092245 0
      vertex 22.322580779575752 2.819997755196846 0
    endloop
  endfacet
  facet normal 0 0 -1
    outer loop
      vertex 22.322580779575752 -2.8199977551968414 0
      vertex 22.411290389787876 1.409998877598423 0
      vertex 22.5 0 0
    endloop
  endfacet
  facet normal 0.12533323356430498 -0.9921147013144778 0
    outer loop
      vertex 1.5383677284681871 -24.45165484649265 12
      vertex 1.5383677284681871 -24.45165484649265 9
      vertex 4.590842207350258 -24.06603764285287 9
    endloop
  endfacet
  facet normal 0.24868988716485477 -0.9685831611286312 0
    outer loop
      vertex 4.590842207350258 -24.06603764285287 12
      vertex 4.590842207350258 -24.06603764285287 9
      vertex 7.570916362186211 -23.30088464923126 9
    endloop
  endfacet
  facet normal 0 -1 0
    outer loop
      vertex -1.5383677284681871 -24.45165484649265 12
      vertex 1.5383677284681871 -24.45165484649265 9
      vertex 1.5383677284681871 -24.45165484649265 12
    endloop
  endfacet
  facet normal 0.12533323356430498 -0.9921147013144778 0
    outer loop
      vertex 1.5383677284681871 -24.45165484649265 12
      vertex 4.590842207350258 -24.06603764285287 9
      vertex 4.590842207350258 -24.06603764285287 12
    endloop
  endfacet
  facet normal 0 0 1
    outer loop
      vertex 1.5383677284681871 -24.45165484649265 12
      vertex 4.590842207350258 -24.06603764285287 12
      vertex 1.5 -1.5 12
    endloop
  endfacet
  facet normal 0 0 1
    outer loop
      vertex 4.590842207350258 -24.06603764285287 12
      vertex 7.570916362186211 -23.30088464923126 12
      vertex 6.043769410125094 -1.0580134541264516 12
    endloop
  endfacet
  facet normal 0.36812455268467764 -0.9297764858882515 0
    outer loop
      vertex 7.570916362186211 -23.30088464923126 12
      vertex 7.570916362186211 -23.30088464923126 9
      vertex 10.431592643344276 -22.16826278541748 9
    endloop
  endfacet
  facet normal 0.481753674101715 -0.8763066800438638 2.852554779655936e-16
    outer loop
      vertex 10.431592643344274 -22.16826278541748 12
      vertex 10.431592643344276 -22.16826278541748 9
      vertex 13.127756476985407 -20.686034174799374 9
    endloop
  endfacet
  facet normal 0.24868988716485477 -0.9685831611286312 0
    outer loop
      vertex 4.590842207350258 -24.06603764285287 12
      vertex 7.570916362186211 -23.30088464923126 9
      vertex 7.570916362186211 -23.30088464923126 12
    endloop
  endfacet
  facet normal 0.3681245526846779 -0.9297764858882515 2.405629906902814e-16
    outer loop
      vertex 7.570916362186211 -23.30088464923126 12
      vertex 10.431592643344276 -22.16826278541748 9
      vertex 10.431592643344274 -22.16826278541748 12
    endloop
  endfacet
  facet normal 0.4817536741017147 -0.8763066800438638 0
    outer loop
      vertex 10.431592643344274 -22.16826278541748 12
      vertex 13.127756476985407 -20.686034174799374 9
      vertex 13.127756476985407 -20.686034174799374 12
    endloop
  endfacet
  facet normal 0 0 1
    outer loop
      vertex 7.570916362186211 -23.30088464923126 12
      vertex 10.431592643344274 -22.16826278541748 12
      vertex 7.386977064847235 -1.7964481111708888 12
    endloop
  endfacet
  facet normal 0 0 1
    outer loop
      vertex 1.5383677284681871 -24.45165484649265 12
      vertex 1.5 -2.5 12
      vertex -1.5 -2.5 12
    endloop
  endfacet
  facet normal 0 0 1
    outer loop
      vertex 1.5383677284681871 -24.45165484649265 12
      vertex 1.5 -1.5 12
      vertex 1.5 -2.5 12
    endloop
  endfacet
  facet normal 0 0 1
    outer loop
      vertex 4.590842207350258 -24.06603764285287 12
      vertex 2.5 -1.5 12
      vertex 1.5 -1.5 12
    endloop
  endfacet
  facet normal 0 0 1
    outer loop
      vertex 4.590842207350258 -24.06603764285287 12
      vertex 2.5 1.5 12
      vertex 2.5 -1.5 12
    endloop
  endfacet
  facet normal 0 0 1
    outer loop
      vertex 4.590842207350258 -24.06603764285287 12
      vertex 5.756550309968464 -0.4476417968967387 12
      vertex 5.71419353763394 -0.22559982041574733 12
    endloop
  endfacet
  facet normal 0 0 1
    outer loop
      vertex 4.590842207350258 -24.06603764285287 12
      vertex 5.71419353763394 -0.22559982041574733 12
      vertex 5.7 0 12
    endloop
  endfacet
  facet normal 0 0 1
    outer loop
      vertex 4.590842207350258 -24.06603764285287 12
      vertex 6.043769410125094 -1.0580134541264516 12
      vertex 5.922647975921046 -0.8671566133830877 12
    endloop
  endfacet
  facet normal 0 0 1
    outer loop
      vertex 4.590842207350258 -24.06603764285287 12
      vertex 5.922647975921046 -0.8671566133830877 12
      vertex 5.826402325401148 -0.6626241948324202 12
    endloop
  endfacet
  facet normal 0 0 1
    outer loop
      vertex 4.590842207350258 -24.06603764285287 12
      vertex 5.826402325401148 -0.6626241948324202 12
      vertex 5.756550309968464 -0.4476417968967387 12
    endloop
  endfacet
  facet normal 0 0 1
    outer loop
      vertex 7.570916362186211 -23.30088464923126 12
      vertex 6.187856470641459 -1.2321847906716394 12
      vertex 6.043769410125094 -1.0580134541264516 12
    endloop
  endfacet
  facet normal 0 0 1
    outer loop
      vertex 7.570916362186211 -23.30088464923126 12
      vertex 6.352636818452359 -1.386923836996421 12
      vertex 6.187856470641459 -1.2321847906716394 12
    endloop
  endfacet
  facet normal 0 0 1
    outer loop
      vertex 7.570916362186211 -23.30088464923126 12
      vertex 6.5355117690378055 -1.5197902659036269 12
      vertex 6.352636818452359 -1.386923836996421 12
    endloop
  endfacet
  facet normal 0 0 1
    outer loop
      vertex 7.570916362186211 -23.30088464923126 12
      vertex 6.73359727518287 -1.6286886944388352 12
      vertex 6.5355117690378055 -1.5197902659036269 12
    endloop
  endfacet
  facet normal 0 0 1
    outer loop
      vertex 7.570916362186211 -23.30088464923126 12
      vertex 6.943769410125094 -1.7119017293312764 12
      vertex 6.73359727518287 -1.6286886944388352 12
    endloop
  endfacet
  facet normal 0 0 1
    outer loop
      vertex 7.570916362186211 -23.30088464923126 12
      vertex 7.162713633745695 -1.7681170513116395 12
      vertex 6.943769410125094 -1.7119017293312764 12
    endloop
  endfacet
  facet normal 0 0 1
    outer loop
      vertex 7.570916362186211 -23.30088464923126 12
      vertex 7.386977064847235 -1.7964481111708888 12
      vertex 7.162713633745695 -1.7681170513116395 12
    endloop
  endfacet
  facet normal 0 0 1
    outer loop
      vertex 10.431592643344274 -22.16826278541748 12
      vertex 7.613022935152765 -1.7964481111708888 12
      vertex 7.386977064847235 -1.7964481111708888 12
    endloop
  endfacet
  facet normal 0 0 1
    outer loop
      vertex 10.431592643344274 -22.16826278541748 12
      vertex 7.837286366254305 -1.7681170513116395 12
      vertex 7.613022935152765 -1.7964481111708888 12
    endloop
  endfacet
  facet normal 0 0 1
    outer loop
      vertex 10.431592643344274 -22.16826278541748 12
      vertex 8.056230589874906 -1.7119017293312764 12
      vertex 7.837286366254305 -1.7681170513116395 12
    endloop
  endfacet
  facet normal 0 0 1
    outer loop
      vertex 10.431592643344274 -22.16826278541748 12
      vertex 8.26640272481713 -1.6286886944388352 12
      vertex 8.056230589874906 -1.7119017293312764 12
    endloop
  endfacet
  facet normal 0 0 1
    outer loop
      vertex 10.431592643344274 -22.16826278541748 12
      vertex 8.464488230962193 -1.5197902659036275 12
      vertex 8.26640272481713 -1.6286886944388352 12
    endloop
  endfacet
  facet normal 0 0 1
    outer loop
      vertex 10.431592643344274 -22.16826278541748 12
      vertex 8.647363181547641 -1.3869238369964203 12
      vertex 8.464488230962193 -1.5197902659036275 12
    endloop
  endfacet
  facet normal 0 0 1
    outer loop
      vertex 10.431592643344274 -22.16826278541748 12
      vertex 8.812143529358542 -1.2321847906716394 12
      vertex 8.647363181547641 -1.3869238369964203 12
    endloop
  endfacet
  facet normal 0 0 1
    outer loop
      vertex 10.431592643344274 -22.16826278541748 12
      vertex 8.956230589874906 -1.0580134541264516 12
      vertex 8.812143529358542 -1.2321847906716394 12
    endloop
  endfacet
  facet normal 0 0 1
    outer loop
      vertex 10.431592643344274 -22.16826278541748 12
      vertex 9.077352024078955 -0.8671566133830877 12
      vertex 8.956230589874906 -1.0580134541264516 12
    endloop
  endfacet
  facet normal 0 0 1
    outer loop
      vertex 10.431592643344274 -22.16826278541748 12
      vertex 9.173597674598852 -0.6626241948324211 12
      vertex 9.077352024078955 -0.8671566133830877 12
    endloop
  endfacet
  facet normal 0 0 1
    outer loop
      vertex 10.431592643344274 -22.16826278541748 12
      vertex 9.243449690031536 -0.447641796896738 12
      vertex 9.173597674598852 -0.6626241948324211 12
    endloop
  endfacet
  facet normal 0 0 1
    outer loop
      vertex 10.431592643344274 -22.16826278541748 12
      vertex 9.285806462366061 -0.22559982041574733 12
      vertex 9.243449690031536 -0.447641796896738 12
    endloop
  endfacet
  facet normal 0 0 1
    outer loop
      vertex 10.431592643344274 -22.16826278541748 12
      vertex 9.3 0 12
      vertex 9.285806462366061 -0.22559982041574733 12
    endloop
  endfacet
  facet normal 0 0 1
    outer loop
      vertex 10.431592643344274 -22.16826278541748 12
      vertex 13.127756476985407 -20.686034174799374 12
      vertex 10.431592643344281 22.168262785417475 12
    endloop
  endfacet
  facet normal 0.5877852522924724 -0.8090169943749479 0
    outer loop
      vertex 13.127756476985407 -20.686034174799374 12
      vertex 13.127756476985407 -20.686034174799374 9
      vertex 15.616887748842904 -18.877574448006833 9
    endloop
  endfacet
  facet normal 0.5877852522924724 -0.8090169943749479 0
    outer loop
      vertex 13.127756476985407 -20.686034174799374 12
      vertex 15.616887748842904 -18.877574448006833 9
      vertex 15.616887748842904 -18.877574448006833 12
    endloop
  endfacet
  facet normal 0.684547105928689 -0.7289686274214113 0
    outer loop
      vertex 15.616887748842904 -18.877574448006833 12
      vertex 15.616887748842904 -18.877574448006833 9
      vertex 17.859731371824587 -16.77140409525287 9
    endloop
  endfacet
  facet normal 0.684547105928689 -0.7289686274214113 0
    outer loop
      vertex 15.616887748842904 -18.877574448006833 12
      vertex 17.859731371824587 -16.77140409525287 9
      vertex 17.859731371824587 -16.77140409525287 12
    endloop
  endfacet
  facet normal 0.7705132427757893 -0.6374239897486897 0
    outer loop
      vertex 17.859731371824587 -16.77140409525287 12
      vertex 17.859731371824587 -16.77140409525287 9
      vertex 19.820916362186214 -14.400738681165592 9
    endloop
  endfacet
  facet normal 0.8443279255020159 -0.5358267949789953 0
    outer loop
      vertex 19.820916362186214 -14.400738681165592 12
      vertex 19.820916362186214 -14.400738681165592 9
      vertex 21.469513661074654 -11.802965015492026 9
    endloop
  endfacet
  facet normal 0.7705132427757893 -0.6374239897486897 0
    outer loop
      vertex 17.859731371824587 -16.77140409525287 12
      vertex 19.820916362186214 -14.400738681165592 9
      vertex 19.820916362186214 -14.400738681165592 12
    endloop
  endfacet
  facet normal 0.8443279255020157 -0.5358267949789957 -2.886755888283377e-16
    outer loop
      vertex 19.820916362186214 -14.400738681165592 12
      vertex 21.469513661074654 -11.802965015492026 9
      vertex 21.469513661074654 -11.802965015492028 12
    endloop
  endfacet
  facet normal 0 0 1
    outer loop
      vertex 13.127756476985407 -20.686034174799374 12
      vertex 15.616887748842904 -18.877574448006833 12
      vertex 13.127756476985418 20.68603417479937 12
    endloop
  endfacet
  facet normal 0 0 1
    outer loop
      vertex 15.616887748842904 -18.877574448006833 12
      vertex 17.859731371824587 -16.77140409525287 12
      vertex 15.616887748842899 18.877574448006833 12
    endloop
  endfacet
  facet normal 0.904827052466019 -0.4257792915650738 -2.5211198554887074e-16
    outer loop
      vertex 21.469513661074654 -11.802965015492028 12
      vertex 21.469513661074654 -11.802965015492026 9
      vertex 22.779523904262156 -9.019051540774619 9
    endloop
  endfacet
  facet normal 0.9510565162951538 -0.30901699437494695 0
    outer loop
      vertex 22.779523904262156 -9.019051540774619 12
      vertex 22.779523904262156 -9.019051540774619 9
      vertex 23.730287447651463 -6.092902235538934 9
    endloop
  endfacet
  facet normal 0.9048270524660191 -0.42577929156507355 0
    outer loop
      vertex 21.469513661074654 -11.802965015492028 12
      vertex 22.779523904262156 -9.019051540774619 9
      vertex 22.779523904262156 -9.019051540774619 12
    endloop
  endfacet
  facet normal 0.9510565162951538 -0.30901699437494695 0
    outer loop
      vertex 22.779523904262156 -9.019051540774619 12
      vertex 23.730287447651463 -6.092902235538934 9
      vertex 23.730287447651463 -6.092902235538934 12
    endloop
  endfacet
  facet normal 0.9822872507286886 -0.18738131458572468 0
    outer loop
      vertex 23.730287447651463 -6.092902235538934 12
      vertex 23.730287447651463 -6.092902235538934 9
      vertex 24.306810182204707 -3.0706642223254494 9
    endloop
  endfacet
  facet normal 0.9980267284282714 -0.06279051952931344 0
    outer loop
      vertex 24.306810182204707 -3.0706642223254494 12
      vertex 24.306810182204707 -3.0706642223254494 9
      vertex 24.5 0 9
    endloop
  endfacet
  facet normal 0 0 1
    outer loop
      vertex 17.859731371824587 -16.77140409525287 12
      vertex 19.820916362186214 -14.400738681165592 12
      vertex 17.859731371824584 16.771404095252873 12
    endloop
  endfacet
  facet normal 0 0 1
    outer loop
      vertex 19.820916362186214 -14.400738681165592 12
      vertex 21.469513661074654 -11.802965015492028 12
      vertex 19.820916362186214 14.400738681165592 12
    endloop
  endfacet
  facet normal 0.9822872507286886 -0.18738131458572468 0
    outer loop
      vertex 23.730287447651463 -6.092902235538934 12
      vertex 24.306810182204707 -3.0706642223254494 9
      vertex 24.306810182204707 -3.0706642223254494 12
    endloop
  endfacet
  facet normal 0.9980267284282714 -0.06279051952931344 0
    outer loop
      vertex 24.306810182204707 -3.0706642223254494 12
      vertex 24.5 0 9
      vertex 24.5 0 12
    endloop
  endfacet
  facet normal 0 0 1
    outer loop
      vertex 21.469513661074654 -11.802965015492028 12
      vertex 22.779523904262156 -9.019051540774619 12
      vertex 21.469513661074657 11.802965015492026 12
    endloop
  endfacet
  facet normal 0 0 1
    outer loop
      vertex 22.779523904262156 -9.019051540774619 12
      vertex 23.730287447651463 -6.092902235538934 12
      vertex 22.77952390426216 9.01905154077461 12
    endloop
  endfacet
  facet normal 0 0 1
    outer loop
      vertex 23.730287447651463 -6.092902235538934 12
      vertex 24.306810182204707 -3.0706642223254494 12
      vertex 23.730287447651463 6.092902235538943 12
    endloop
  endfacet
  facet normal 0 0 -1
    outer loop
      vertex 4.2160795781788085 -22.101463141395495 0
      vertex 3.55 0 0
      vertex 4.216079578178803 22.101463141395495 0
    endloop
  endfacet
  facet normal 0 0 -1
    outer loop
      vertex 4.2160795781788085 -22.101463141395495 0
      vertex 4.216079578178803 22.101463141395495 0
      vertex 5.5 0 0
    endloop
  endfacet
  facet normal 0 0 -1
    outer loop
      vertex 4.216079578178803 22.101463141395495 0
      vertex 2.587838627346011 2.430142226046845 0
      vertex 2.2628551636078487 2.735322011854051 0
    endloop
  endfacet
  facet normal 0 0 -1
    outer loop
      vertex 4.216079578178803 22.101463141395495 0
      vertex 0.6652036667793221 3.487119740086845 0
      vertex 0.22290634432905693 3.542994885920364 0
    endloop
  endfacet
  facet normal 0 0 -1
    outer loop
      vertex 4.216079578178803 22.101463141395495 0
      vertex 1.0970103300310632 3.376250632847795 0
      vertex 0.6652036667793221 3.487119740086845 0
    endloop
  endfacet
  facet normal 0 0 -1
    outer loop
      vertex 4.216079578178803 22.101463141395495 0
      vertex 1.511516485056008 3.212136036254369 0
      vertex 1.0970103300310632 3.376250632847795 0
    endloop
  endfacet
  facet normal 0 0 -1
    outer loop
      vertex 4.216079578178803 22.101463141395495 0
      vertex 1.902185122175438 2.997364135532153 0
      vertex 1.511516485056008 3.212136036254369 0
    endloop
  endfacet
  facet normal 0 0 -1
    outer loop
      vertex 4.216079578178803 22.101463141395495 0
      vertex 2.2628551636078487 2.735322011854051 0
      vertex 1.902185122175438 2.997364135532153 0
    endloop
  endfacet
  facet normal 0 0 -1
    outer loop
      vertex 4.216079578178803 22.101463141395495 0
      vertex 3.55 0 0
      vertex 3.5220071896663963 0.4449329791532801 0
    endloop
  endfacet
  facet normal 0 0 -1
    outer loop
      vertex 4.216079578178803 22.101463141395495 0
      vertex 3.5220071896663963 0.4449329791532801 0
      vertex 3.4384702220066403 0.8828490994352345 0
    endloop
  endfacet
  facet normal 0 0 -1
    outer loop
      vertex 3.1108887141557156 1.7102255430610893 0
      vertex 4.216079578178803 22.101463141395495 0
      vertex 3.3007065249032923 1.3068421620306068 0
    endloop
  endfacet
  facet normal 0 0 -1
    outer loop
      vertex 4.216079578178803 22.101463141395495 0
      vertex 3.4384702220066403 0.8828490994352345 0
      vertex 3.3007065249032923 1.3068421620306068 0
    endloop
  endfacet
  facet normal 0 0 -1
    outer loop
      vertex 4.216079578178803 22.101463141395495 0
      vertex 3.1108887141557156 1.7102255430610893 0
      vertex 2.8720103300310633 2.0866376456382794 0
    endloop
  endfacet
  facet normal 0 0 -1
    outer loop
      vertex 4.216079578178803 22.101463141395495 0
      vertex 2.8720103300310633 2.0866376456382794 0
      vertex 2.587838627346011 2.430142226046845 0
    endloop
  endfacet
  facet normal 0 0 -1
    outer loop
      vertex 4.216079578178803 22.101463141395495 0
      vertex 5.515770597371044 0.25066646712860813 0
      vertex 5.5 0 0
    endloop
  endfacet
  facet normal 0 0 -1
    outer loop
      vertex 4.216079578178803 22.101463141395495 0
      vertex 5.562833677742738 0.4973797743297097 0
      vertex 5.515770597371044 0.25066646712860813 0
    endloop
  endfacet
  facet normal 0 0 -1
    outer loop
      vertex 4.216079578178803 22.101463141395495 0
      vertex 5.640447028223497 0.7362491053693557 0
      vertex 5.562833677742738 0.4973797743297097 0
    endloop
  endfacet
  facet normal 0 0 -1
    outer loop
      vertex 4.216079578178803 22.101463141395495 0
      vertex 5.747386639912273 0.9635073482034308 0
      vertex 5.640447028223497 0.7362491053693557 0
    endloop
  endfacet
  facet normal 0 0 -1
    outer loop
      vertex 4.216079578178803 22.101463141395495 0
      vertex 5.881966011250105 1.1755705045849463 0
      vertex 5.747386639912273 0.9635073482034308 0
    endloop
  endfacet
  facet normal 0 0 -1
    outer loop
      vertex 4.216079578178803 22.101463141395495 0
      vertex 6.0420627451571765 1.369094211857377 0
      vertex 5.881966011250105 1.1755705045849463 0
    endloop
  endfacet
  facet normal 0 0 -1
    outer loop
      vertex 14.342039769345519 17.336547962455256 0
      vertex 9.58003406021413 -20.35860868048544 0
      vertex 12.056102887027425 18.99737832379534 0
    endloop
  endfacet
  facet normal 0 0 -1
    outer loop
      vertex 6.0420627451571765 1.369094211857377 0
      vertex 9.580034060214135 20.35860868048544 0
      vertex 6.2251520205026205 1.5410264855515787 0
    endloop
  endfacet
  facet normal 0 0 -1
    outer loop
      vertex 9.580034060214135 20.35860868048544 0
      vertex 6.428346410042007 1.68865585100403 0
      vertex 6.2251520205026205 1.5410264855515787 0
    endloop
  endfacet
  facet normal 0 0 -1
    outer loop
      vertex 9.580034060214135 20.35860868048544 0
      vertex 6.648441416869854 1.809654104932039 0
      vertex 6.428346410042007 1.68865585100403 0
    endloop
  endfacet
  facet normal 0 0 -1
    outer loop
      vertex 9.580034060214135 20.35860868048544 0
      vertex 6.881966011250105 1.902113032590307 0
      vertex 6.648441416869854 1.809654104932039 0
    endloop
  endfacet
  facet normal 0 0 -1
    outer loop
      vertex 9.580034060214135 20.35860868048544 0
      vertex 7.125237370828551 1.9645745014573774 0
      vertex 6.881966011250105 1.902113032590307 0
    endloop
  endfacet
  facet normal 0 0 -1
    outer loop
      vertex 9.580034060214135 20.35860868048544 0
      vertex 7.374418960941373 1.9960534568565431 0
      vertex 7.125237370828551 1.9645745014573774 0
    endloop
  endfacet
  facet normal 0 0 -1
    outer loop
      vertex 12.056102887027425 18.99737832379534 0
      vertex 7.625581039058627 1.9960534568565431 0
      vertex 7.374418960941373 1.9960534568565431 0
    endloop
  endfacet
  facet normal 0 0 -1
    outer loop
      vertex 12.056102887027425 18.99737832379534 0
      vertex 7.874762629171449 1.9645745014573774 0
      vertex 7.625581039058627 1.9960534568565431 0
    endloop
  endfacet
  facet normal 0 0 -1
    outer loop
      vertex 12.056102887027425 18.99737832379534 0
      vertex 8.118033988749895 1.902113032590307 0
      vertex 7.874762629171449 1.9645745014573774 0
    endloop
  endfacet
  facet normal 0 0 -1
    outer loop
      vertex 12.056102887027425 18.99737832379534 0
      vertex 8.351558583130146 1.809654104932039 0
      vertex 8.118033988749895 1.902113032590307 0
    endloop
  endfacet
  facet normal 0 0 -1
    outer loop
      vertex 12.056102887027425 18.99737832379534 0
      vertex 8.571653589957993 1.6886558510040302 0
      vertex 8.351558583130146 1.809654104932039 0
    endloop
  endfacet
  facet normal 0 0 -1
    outer loop
      vertex 12.056102887027425 18.99737832379534 0
      vertex 8.77484797949738 1.5410264855515783 0
      vertex 8.571653589957993 1.6886558510040302 0
    endloop
  endfacet
  facet normal 0 0 -1
    outer loop
      vertex 12.056102887027425 18.99737832379534 0
      vertex 8.957937254842824 1.3690942118573775 0
      vertex 8.77484797949738 1.5410264855515783 0
    endloop
  endfacet
  facet normal 0 0 -1
    outer loop
      vertex 12.056102887027425 18.99737832379534 0
      vertex 9.484229402628955 0.2506664671286085 0
      vertex 9.437166322257262 0.4973797743297096 0
    endloop
  endfacet
  facet normal 0 0 -1
    outer loop
      vertex 12.056102887027425 18.99737832379534 0
      vertex 9.437166322257262 0.4973797743297096 0
      vertex 9.359552971776502 0.736249105369356 0
    endloop
  endfacet
  facet normal 0 0 -1
    outer loop
      vertex 12.056102887027425 18.99737832379534 0
      vertex 9.5 0 0
      vertex 9.484229402628955 0.2506664671286085 0
    endloop
  endfacet
  facet normal 0 0 -1
    outer loop
      vertex 12.056102887027425 18.99737832379534 0
      vertex 9.252613360087727 0.9635073482034306 0
      vertex 9.118033988749895 1.1755705045849463 0
    endloop
  endfacet
  facet normal 0 0 -1
    outer loop
      vertex 8.957937254842824 1.3690942118573775 0
      vertex 12.056102887027425 18.99737832379534 0
      vertex 9.118033988749895 1.1755705045849463 0
    endloop
  endfacet
  facet normal 0 0 -1
    outer loop
      vertex 12.056102887027425 18.99737832379534 0
      vertex 9.359552971776502 0.736249105369356 0
      vertex 9.252613360087727 0.9635073482034306 0
    endloop
  endfacet
  facet normal 0 0 -1
    outer loop
      vertex 0.22290634432905693 3.542994885920364 0
      vertex -1.4127866894095487 22.45560138963611 0
      vertex 1.4127866894095484 22.45560138963611 0
    endloop
  endfacet
  facet normal 0 0 -1
    outer loop
      vertex 1.4127866894095484 22.45560138963611 0
      vertex 4.216079578178803 22.101463141395495 0
      vertex 0.22290634432905693 3.542994885920364 0
    endloop
  endfacet
  facet normal 0 0 -1
    outer loop
      vertex 6.0420627451571765 1.369094211857377 0
      vertex 4.216079578178803 22.101463141395495 0
      vertex 6.952882373436316 21.398771616640953 0
    endloop
  endfacet
  facet normal 0 0 -1
    outer loop
      vertex 6.0420627451571765 1.369094211857377 0
      vertex 6.952882373436316 21.398771616640953 0
      vertex 9.580034060214135 20.35860868048544 0
    endloop
  endfacet
  facet normal 0 0 -1
    outer loop
      vertex 12.056102887027425 18.99737832379534 0
      vertex 7.374418960941373 1.9960534568565431 0
      vertex 9.580034060214135 20.35860868048544 0
    endloop
  endfacet
  facet normal 0 0 -1
    outer loop
      vertex 16.40179411698176 15.402309883395496 0
      vertex 12.056102887027414 -18.997378323795346 0
      vertex 14.342039769345519 17.336547962455256 0
    endloop
  endfacet
  facet normal 0 0 -1
    outer loop
      vertex 19.716900300986932 10.839457667288595 0
      vertex 16.401794116981762 -15.40230988339549 0
      vertex 18.202882373436317 13.225168176580645 0
    endloop
  endfacet
  facet normal 0 0 -1
    outer loop
      vertex 18.202882373436317 13.225168176580645 0
      vertex 14.342039769345524 -17.336547962455253 0
      vertex 16.40179411698176 15.402309883395496 0
    endloop
  endfacet
  facet normal 0 0 -1
    outer loop
      vertex 21.7931211253942 5.5955224612092325 0
      vertex 19.71690030098693 -10.839457667288595 0
      vertex 20.919970932485654 8.282802435405255 0
    endloop
  endfacet
  facet normal 0 0 -1
    outer loop
      vertex 19.71690030098693 -10.839457667288595 0
      vertex 19.716900300986932 10.839457667288595 0
      vertex 20.919970932485654 8.282802435405255 0
    endloop
  endfacet
  facet normal 0 0 -1
    outer loop
      vertex 20.919970932485654 -8.282802435405262 0
      vertex 21.7931211253942 5.5955224612092325 0
      vertex 22.322580779575752 2.819997755196846 0
    endloop
  endfacet
  facet normal 0 0 1
    outer loop
      vertex 4.590842207350258 -24.06603764285287 12
      vertex 1.5383677284681754 24.45165484649265 12
      vertex 2.5 1.5 12
    endloop
  endfacet
  facet normal 0 0 1
    outer loop
      vertex 4.590842207350258 -24.06603764285287 12
      vertex 5.7 0 12
      vertex 4.590842207350252 24.066037642852873 12
    endloop
  endfacet
  facet normal 0 0 1
    outer loop
      vertex 1.5383677284681754 24.45165484649265 12
      vertex 1.5 1.5 12
      vertex 2.5 1.5 12
    endloop
  endfacet
  facet normal 0 0 1
    outer loop
      vertex 1.5383677284681754 24.45165484649265 12
      vertex 1.5 2.5 12
      vertex 1.5 1.5 12
    endloop
  endfacet
  facet normal 0 0 1
    outer loop
      vertex 4.590842207350258 -24.06603764285287 12
      vertex 4.590842207350252 24.066037642852873 12
      vertex 1.5383677284681754 24.45165484649265 12
    endloop
  endfacet
  facet normal 0 0 1
    outer loop
      vertex 4.590842207350252 24.066037642852873 12
      vertex 5.7 0 12
      vertex 5.71419353763394 0.22559982041574733 12
    endloop
  endfacet
  facet normal 0 0 1
    outer loop
      vertex 4.590842207350252 24.066037642852873 12
      vertex 5.71419353763394 0.22559982041574733 12
      vertex 5.756550309968464 0.4476417968967387 12
    endloop
  endfacet
  facet normal 0 0 1
    outer loop
      vertex 4.590842207350252 24.066037642852873 12
      vertex 5.756550309968464 0.4476417968967387 12
      vertex 5.826402325401148 0.6626241948324202 12
    endloop
  endfacet
  facet normal 0 0 1
    outer loop
      vertex 4.590842207350252 24.066037642852873 12
      vertex 5.826402325401148 0.6626241948324202 12
      vertex 5.922647975921046 0.8671566133830877 12
    endloop
  endfacet
  facet normal 0 0 1
    outer loop
      vertex 4.590842207350252 24.066037642852873 12
      vertex 5.922647975921046 0.8671566133830877 12
      vertex 6.043769410125094 1.0580134541264516 12
    endloop
  endfacet
  facet normal 0 0 1
    outer loop
      vertex 4.590842207350252 24.066037642852873 12
      vertex 6.043769410125094 1.0580134541264516 12
      vertex 6.187856470641459 1.2321847906716394 12
    endloop
  endfacet
  facet normal 0 0 1
    outer loop
      vertex 4.590842207350252 24.066037642852873 12
      vertex 6.187856470641459 1.2321847906716394 12
      vertex 6.352636818452359 1.386923836996421 12
    endloop
  endfacet
  facet normal 0 0 1
    outer loop
      vertex 10.431592643344274 -22.16826278541748 12
      vertex 10.431592643344281 22.168262785417475 12
      vertex 9.3 0 12
    endloop
  endfacet
  facet normal 0 0 1
    outer loop
      vertex 7.570916362186211 23.30088464923126 12
      vertex 6.352636818452359 1.386923836996421 12
      vertex 6.5355117690378055 1.5197902659036269 12
    endloop
  endfacet
  facet normal 0 0 1
    outer loop
      vertex 7.570916362186211 23.30088464923126 12
      vertex 6.5355117690378055 1.5197902659036269 12
      vertex 6.733597275182869 1.628688694438835 12
    endloop
  endfacet
  facet normal 0 0 1
    outer loop
      vertex 7.570916362186211 23.30088464923126 12
      vertex 6.733597275182869 1.628688694438835 12
      vertex 6.943769410125094 1.7119017293312764 12
    endloop
  endfacet
  facet normal 0 0 1
    outer loop
      vertex 7.570916362186211 23.30088464923126 12
      vertex 6.943769410125094 1.7119017293312764 12
      vertex 7.162713633745696 1.7681170513116398 12
    endloop
  endfacet
  facet normal 0 0 1
    outer loop
      vertex 7.570916362186211 23.30088464923126 12
      vertex 7.162713633745696 1.7681170513116398 12
      vertex 7.386977064847236 1.7964481111708888 12
    endloop
  endfacet
  facet normal 0 0 1
    outer loop
      vertex 7.570916362186211 23.30088464923126 12
      vertex 7.386977064847236 1.7964481111708888 12
      vertex 7.613022935152764 1.7964481111708888 12
    endloop
  endfacet
  facet normal 0 0 1
    outer loop
      vertex 7.570916362186211 23.30088464923126 12
      vertex 7.613022935152764 1.7964481111708888 12
      vertex 7.837286366254304 1.7681170513116398 12
    endloop
  endfacet
  facet normal 0 0 1
    outer loop
      vertex 7.570916362186211 23.30088464923126 12
      vertex 7.837286366254304 1.7681170513116398 12
      vertex 8.056230589874906 1.7119017293312764 12
    endloop
  endfacet
  facet normal 0 0 1
    outer loop
      vertex 7.570916362186211 23.30088464923126 12
      vertex 8.056230589874906 1.7119017293312764 12
      vertex 8.26640272481713 1.628688694438835 12
    endloop
  endfacet
  facet normal 0 0 1
    outer loop
      vertex 7.570916362186211 23.30088464923126 12
      vertex 8.464488230962194 1.519790265903627 12
      vertex 8.647363181547641 1.3869238369964205 12
    endloop
  endfacet
  facet normal 0 0 1
    outer loop
      vertex 7.570916362186211 23.30088464923126 12
      vertex 8.647363181547641 1.3869238369964205 12
      vertex 8.81214352935854 1.2321847906716397 12
    endloop
  endfacet
  facet normal 0 0 1
    outer loop
      vertex 7.570916362186211 23.30088464923126 12
      vertex 8.26640272481713 1.628688694438835 12
      vertex 8.464488230962194 1.519790265903627 12
    endloop
  endfacet
  facet normal 0 0 1
    outer loop
      vertex 7.570916362186211 23.30088464923126 12
      vertex 8.81214352935854 1.2321847906716397 12
      vertex 8.956230589874906 1.0580134541264516 12
    endloop
  endfacet
  facet normal 0 0 1
    outer loop
      vertex 7.570916362186211 23.30088464923126 12
      vertex 8.956230589874906 1.0580134541264516 12
      vertex 9.077352024078955 0.8671566133830876 12
    endloop
  endfacet
  facet normal 0 0 1
    outer loop
      vertex 10.431592643344281 22.168262785417475 12
      vertex 9.243449690031536 0.44764179689673866 12
      vertex 9.285806462366061 0.22559982041574766 12
    endloop
  endfacet
  facet normal 0 0 1
    outer loop
      vertex 10.431592643344281 22.168262785417475 12
      vertex 9.285806462366061 0.22559982041574766 12
      vertex 9.3 0 12
    endloop
  endfacet
  facet normal 0 0 1
    outer loop
      vertex 10.431592643344281 22.168262785417475 12
      vertex 9.077352024078955 0.8671566133830876 12
      vertex 9.173597674598852 0.6626241948324204 12
    endloop
  endfacet
  facet normal 0 0 1
    outer loop
      vertex 10.431592643344281 22.168262785417475 12
      vertex 9.173597674598852 0.6626241948324204 12
      vertex 9.243449690031536 0.44764179689673866 12
    endloop
  endfacet
  facet normal 0 0 1
    outer loop
      vertex 13.127756476985407 -20.686034174799374 12
      vertex 13.127756476985418 20.68603417479937 12
      vertex 10.431592643344281 22.168262785417475 12
    endloop
  endfacet
  facet normal 0 0 1
    outer loop
      vertex -1.5383677284681754 24.45165484649265 12
      vertex 1.5 2.5 12
      vertex 1.5383677284681754 24.45165484649265 12
    endloop
  endfacet
  facet normal 0 1 0
    outer loop
      vertex 1.5383677284681754 24.45165484649265 12
      vertex 1.538367728468175 24.45165484649265 9
      vertex -1.5383677284681754 24.45165484649265 9
    endloop
  endfacet
  facet normal 0.1253332335643036 0.992114701314478 0
    outer loop
      vertex 4.590842207350252 24.066037642852873 12
      vertex 4.590842207350252 24.066037642852873 9
      vertex 1.538367728468175 24.45165484649265 9
    endloop
  endfacet
  facet normal 0.12533323356430362 0.992114701314478 -1.8553045553841647e-17
    outer loop
      vertex 1.5383677284681754 24.45165484649265 12
      vertex 4.590842207350252 24.066037642852873 12
      vertex 1.538367728468175 24.45165484649265 9
    endloop
  endfacet
  facet normal 0.24868988716485535 0.9685831611286311 0
    outer loop
      vertex 4.590842207350252 24.066037642852873 12
      vertex 7.570916362186211 23.30088464923126 12
      vertex 4.590842207350252 24.066037642852873 9
    endloop
  endfacet
  facet normal 0 0 1
    outer loop
      vertex 4.590842207350252 24.066037642852873 12
      vertex 6.352636818452359 1.386923836996421 12
      vertex 7.570916362186211 23.30088464923126 12
    endloop
  endfacet
  facet normal 0 0 1
    outer loop
      vertex 7.570916362186211 23.30088464923126 12
      vertex 9.077352024078955 0.8671566133830876 12
      vertex 10.431592643344281 22.168262785417475 12
    endloop
  endfacet
  facet normal 0.24868988716485535 0.9685831611286311 0
    outer loop
      vertex 7.570916362186211 23.30088464923126 12
      vertex 7.570916362186211 23.30088464923126 9
      vertex 4.590842207350252 24.066037642852873 9
    endloop
  endfacet
  facet normal 0.4817536741017142 0.8763066800438641 0
    outer loop
      vertex 13.127756476985418 20.68603417479937 12
      vertex 13.127756476985418 20.68603417479937 9
      vertex 10.431592643344281 22.168262785417475 9
    endloop
  endfacet
  facet normal 0.36812455268467814 0.9297764858882515 0
    outer loop
      vertex 10.431592643344281 22.168262785417475 12
      vertex 10.431592643344281 22.168262785417475 9
      vertex 7.570916362186211 23.30088464923126 9
    endloop
  endfacet
  facet normal 0.36812455268467814 0.9297764858882515 0
    outer loop
      vertex 7.570916362186211 23.30088464923126 12
      vertex 10.431592643344281 22.168262785417475 12
      vertex 7.570916362186211 23.30088464923126 9
    endloop
  endfacet
  facet normal 0.4817536741017142 0.8763066800438641 0
    outer loop
      vertex 10.431592643344281 22.168262785417475 12
      vertex 13.127756476985418 20.68603417479937 12
      vertex 10.431592643344281 22.168262785417475 9
    endloop
  endfacet
  facet normal 0 0 1
    outer loop
      vertex 15.616887748842904 -18.877574448006833 12
      vertex 15.616887748842899 18.877574448006833 12
      vertex 13.127756476985418 20.68603417479937 12
    endloop
  endfacet
  facet normal 0 0 1
    outer loop
      vertex 17.859731371824587 -16.77140409525287 12
      vertex 17.859731371824584 16.771404095252873 12
      vertex 15.616887748842899 18.877574448006833 12
    endloop
  endfacet
  facet normal 0.9980267284282714 0.06279051952931335 0
    outer loop
      vertex 24.5 0 12
      vertex 24.5 0 9
      vertex 24.306810182204707 3.0706642223254543 9
    endloop
  endfacet
  facet normal 0.9822872507286886 0.1873813145857244 0
    outer loop
      vertex 24.306810182204707 3.0706642223254543 12
      vertex 24.306810182204707 3.0706642223254543 9
      vertex 23.730287447651463 6.092902235538943 9
    endloop
  endfacet
  facet normal 0 0 1
    outer loop
      vertex 19.820916362186214 -14.400738681165592 12
      vertex 19.820916362186214 14.400738681165592 12
      vertex 17.859731371824584 16.771404095252873 12
    endloop
  endfacet
  facet normal 0 0 1
    outer loop
      vertex 21.469513661074654 -11.802965015492028 12
      vertex 21.469513661074657 11.802965015492026 12
      vertex 19.820916362186214 14.400738681165592 12
    endloop
  endfacet
  facet normal 0.9980267284282714 0.06279051952931335 0
    outer loop
      vertex 24.5 0 12
      vertex 24.306810182204707 3.0706642223254543 9
      vertex 24.306810182204707 3.0706642223254543 12
    endloop
  endfacet
  facet normal 0 0 1
    outer loop
      vertex 24.306810182204707 -3.0706642223254494 12
      vertex 24.5 0 12
      vertex 24.306810182204707 3.0706642223254543 12
    endloop
  endfacet
  facet normal 0 0 1
    outer loop
      vertex 23.730287447651463 -6.092902235538934 12
      vertex 23.730287447651463 6.092902235538943 12
      vertex 22.77952390426216 9.01905154077461 12
    endloop
  endfacet
  facet normal 0 0 1
    outer loop
      vertex 24.306810182204707 -3.0706642223254494 12
      vertex 24.306810182204707 3.0706642223254543 12
      vertex 23.730287447651463 6.092902235538943 12
    endloop
  endfacet
  facet normal 0.9822872507286886 0.1873813145857244 0
    outer loop
      vertex 24.306810182204707 3.0706642223254543 12
      vertex 23.730287447651463 6.092902235538943 9
      vertex 23.730287447651463 6.092902235538943 12
    endloop
  endfacet
  facet normal 0 0 1
    outer loop
      vertex 22.779523904262156 -9.019051540774619 12
      vertex 22.77952390426216 9.01905154077461 12
      vertex 21.469513661074657 11.802965015492026 12
    endloop
  endfacet
  facet normal 0.9510565162951535 0.3090169943749474 0
    outer loop
      vertex 23.730287447651463 6.092902235538943 12
      vertex 23.730287447651463 6.092902235538943 9
      vertex 22.77952390426216 9.019051540774612 9
    endloop
  endfacet
  facet normal 0.9048270524660195 0.4257792915650729 2.521119855488702e-16
    outer loop
      vertex 22.77952390426216 9.01905154077461 12
      vertex 22.77952390426216 9.019051540774612 9
      vertex 21.469513661074657 11.802965015492026 9
    endloop
  endfacet
  facet normal 0.9510565162951534 0.3090169943749476 1.4433779441416857e-16
    outer loop
      vertex 23.730287447651463 6.092902235538943 12
      vertex 22.77952390426216 9.019051540774612 9
      vertex 22.77952390426216 9.01905154077461 12
    endloop
  endfacet
  facet normal 0.9048270524660195 0.42577929156507266 0
    outer loop
      vertex 22.77952390426216 9.01905154077461 12
      vertex 21.469513661074657 11.802965015492026 9
      vertex 21.469513661074657 11.802965015492026 12
    endloop
  endfacet
  facet normal 0.6845471059286885 0.7289686274214116 -8.106666223387157e-16
    outer loop
      vertex 17.859731371824584 16.771404095252873 12
      vertex 17.85973137182458 16.771404095252873 9
      vertex 15.616887748842899 18.877574448006833 9
    endloop
  endfacet
  facet normal 0.6845471059286881 0.7289686274214122 0
    outer loop
      vertex 17.859731371824584 16.771404095252873 12
      vertex 15.616887748842899 18.877574448006833 9
      vertex 15.616887748842899 18.877574448006833 12
    endloop
  endfacet
  facet normal 0.5877852522924741 0.8090169943749468 0
    outer loop
      vertex 15.616887748842899 18.877574448006833 12
      vertex 15.616887748842899 18.877574448006833 9
      vertex 13.127756476985418 20.68603417479937 9
    endloop
  endfacet
  facet normal 0.5877852522924741 0.8090169943749468 0
    outer loop
      vertex 13.127756476985418 20.68603417479937 12
      vertex 15.616887748842899 18.877574448006833 12
      vertex 13.127756476985418 20.68603417479937 9
    endloop
  endfacet
  facet normal 0.7705132427757884 0.6374239897486909 3.774308212626274e-16
    outer loop
      vertex 19.820916362186214 14.400738681165592 12
      vertex 19.820916362186214 14.400738681165594 9
      vertex 17.85973137182458 16.771404095252873 9
    endloop
  endfacet
  facet normal 0.8443279255020156 0.535826794978996 0
    outer loop
      vertex 21.469513661074657 11.802965015492026 12
      vertex 21.469513661074657 11.802965015492026 9
      vertex 19.820916362186214 14.400738681165594 9
    endloop
  endfacet
  facet normal 0.8443279255020153 0.5358267949789962 2.8867558882833733e-16
    outer loop
      vertex 21.469513661074657 11.802965015492026 12
      vertex 19.820916362186214 14.400738681165594 9
      vertex 19.820916362186214 14.400738681165592 12
    endloop
  endfacet
  facet normal 0.770513242775789 0.6374239897486899 -9.12470979102159e-16
    outer loop
      vertex 17.859731371824584 16.771404095252873 12
      vertex 19.820916362186214 14.400738681165592 12
      vertex 17.85973137182458 16.771404095252873 9
    endloop
  endfacet
endsolid OpenSCAD_Model
