solid OpenSCAD_Model
  facet normal 0 0 1
    outer loop
      vertex -19.71690030098693 -10.839457667288595 -3
      vertex -21.469513661074654 -11.802965015492028 -3
      vertex -19.820916362186214 -14.400738681165592 -3
    endloop
  endfacet
  facet normal 0 0 1
    outer loop
      vertex -18.202882373436317 -13.225168176580645 -3
      vertex -19.820916362186214 -14.400738681165592 -3
      vertex -17.859731371824587 -16.77140409525287 -3
    endloop
  endfacet
  facet normal 0 0 1
    outer loop
      vertex -18.202882373436317 -13.225168176580645 -3
      vertex -19.71690030098693 -10.839457667288595 -3
      vertex -19.820916362186214 -14.400738681165592 -3
    endloop
  endfacet
  facet normal 0 0 1
    outer loop
      vertex -14.342039769345517 -17.33654796245526 -3
      vertex -15.616887748842895 -18.87757444800684 -3
      vertex -13.127756476985422 -20.686034174799367 -3
    endloop
  endfacet
  facet normal 0 0 1
    outer loop
      vertex -14.342039769345517 -17.33654796245526 -3
      vertex -13.127756476985422 -20.686034174799367 -3
      vertex -12.056102887027427 -18.99737832379534 -3
    endloop
  endfacet
  facet normal 0 0 1
    outer loop
      vertex -16.401794116981762 -15.40230988339549 -3
      vertex -17.859731371824587 -16.77140409525287 -3
      vertex -15.616887748842895 -18.87757444800684 -3
    endloop
  endfacet
  facet normal 0 0 1
    outer loop
      vertex -14.342039769345517 -17.33654796245526 -3
      vertex -16.401794116981762 -15.40230988339549 -3
      vertex -15.616887748842895 -18.87757444800684 -3
    endloop
  endfacet
  facet normal 0 0 1
    outer loop
      vertex -18.202882373436317 -13.225168176580645 -3
      vertex -17.859731371824587 -16.77140409525287 -3
      vertex -16.401794116981762 -15.40230988339549 -3
    endloop
  endfacet
  facet normal 0 0 1
    outer loop
      vertex -21.7931211253942 -5.595522461209234 -3
      vertex -22.77952390426216 -9.019051540774608 -3
      vertex -21.469513661074654 -11.802965015492028 -3
    endloop
  endfacet
  facet normal 0 0 1
    outer loop
      vertex -20.919970932485658 -8.282802435405252 -3
      vertex -21.469513661074654 -11.802965015492028 -3
      vertex -19.71690030098693 -10.839457667288595 -3
    endloop
  endfacet
  facet normal 0 0 1
    outer loop
      vertex -20.919970932485658 -8.282802435405252 -3
      vertex -21.7931211253942 -5.595522461209234 -3
      vertex -21.469513661074654 -11.802965015492028 -3
    endloop
  endfacet
  facet normal 0 0 1
    outer loop
      vertex -21.7931211253942 -5.595522461209234 -3
      vertex -22.322580779575752 -2.8199977551968414 -3
      vertex -22.77952390426216 -9.019051540774608 -3
    endloop
  endfacet
  facet normal 0 0 1
    outer loop
      vertex -22.322580779575752 -2.8199977551968414 -3
      vertex -22.5 0 -3
      vertex -22.77952390426216 -9.019051540774608 -3
    endloop
  endfacet
  facet normal 0 0 1
    outer loop
      vertex -24.5 0 -3
      vertex -24.306810182204707 -3.0706642223254494 -3
      vertex -23.730287447651463 -6.0929022355389435 -3
    endloop
  endfacet
  facet normal 0 0 1
    outer loop
      vertex -23.730287447651463 -6.0929022355389435 -3
      vertex -22.77952390426216 -9.019051540774608 -3
      vertex -23.730287447651463 6.0929022355389435 -3
    endloop
  endfacet
  facet normal 0 0 1
    outer loop
      vertex -24.306810182204707 3.0706642223254494 -3
      vertex -24.5 0 -3
      vertex -23.730287447651463 -6.0929022355389435 -3
    endloop
  endfacet
  facet normal 0 0 1
    outer loop
      vertex -9.58003406021413 -20.35860868048544 -3
      vertex -10.431592643344274 -22.16826278541748 -3
      vertex -7.570916362186211 -23.30088464923126 -3
    endloop
  endfacet
  facet normal 0 0 1
    outer loop
      vertex -12.056102887027427 -18.99737832379534 -3
      vertex -13.127756476985422 -20.686034174799367 -3
      vertex -10.431592643344274 -22.16826278541748 -3
    endloop
  endfacet
  facet normal 0 0 1
    outer loop
      vertex -12.056102887027427 -18.99737832379534 -3
      vertex -10.431592643344274 -22.16826278541748 -3
      vertex -9.58003406021413 -20.35860868048544 -3
    endloop
  endfacet
  facet normal 0 0 1
    outer loop
      vertex -9.58003406021413 -20.35860868048544 -3
      vertex -7.570916362186211 -23.30088464923126 -3
      vertex -6.952882373436316 -21.398771616640953 -3
    endloop
  endfacet
  facet normal 0 0 1
    outer loop
      vertex -6.952882373436316 -21.398771616640953 -3
      vertex -7.570916362186211 -23.30088464923126 -3
      vertex -4.590842207350258 -24.06603764285287 -3
    endloop
  endfacet
  facet normal 0 0 1
    outer loop
      vertex -6.952882373436316 -21.398771616640953 -3
      vertex -4.590842207350258 -24.06603764285287 -3
      vertex -4.2160795781788085 -22.101463141395495 -3
    endloop
  endfacet
  facet normal 0 0 1
    outer loop
      vertex -4.2160795781788085 -22.101463141395495 -3
      vertex -4.590842207350258 -24.06603764285287 -3
      vertex -1.5383677284681871 -24.45165484649265 -3
    endloop
  endfacet
  facet normal 0 0 1
    outer loop
      vertex -4.2160795781788085 -22.101463141395495 -3
      vertex -1.5383677284681871 -24.45165484649265 -3
      vertex -1.4127866894095598 -22.45560138963611 -3
    endloop
  endfacet
  facet normal 0 0 1
    outer loop
      vertex -1.4127866894095598 -22.45560138963611 -3
      vertex -1.5383677284681871 -24.45165484649265 -3
      vertex 1.5383677284681871 -24.45165484649265 -3
    endloop
  endfacet
  facet normal 0 0 -1
    outer loop
      vertex -18.202882373436317 -13.225168176580645 3
      vertex -19.820916362186214 -14.400738681165592 3
      vertex -21.469513661074654 -11.802965015492028 3
    endloop
  endfacet
  facet normal 0 0 -1
    outer loop
      vertex -14.342039769345517 -17.33654796245526 3
      vertex -12.056102887027427 -18.99737832379534 3
      vertex -15.616887748842895 -18.87757444800684 3
    endloop
  endfacet
  facet normal 0 0 -1
    outer loop
      vertex -12.056102887027427 -18.99737832379534 3
      vertex -13.127756476985422 -20.686034174799367 3
      vertex -15.616887748842895 -18.87757444800684 3
    endloop
  endfacet
  facet normal 0 0 -1
    outer loop
      vertex -16.401794116981762 -15.40230988339549 3
      vertex -17.859731371824587 -16.77140409525287 3
      vertex -19.820916362186214 -14.400738681165592 3
    endloop
  endfacet
  facet normal 0 0 -1
    outer loop
      vertex -14.342039769345517 -17.33654796245526 3
      vertex -15.616887748842895 -18.87757444800684 3
      vertex -17.859731371824587 -16.77140409525287 3
    endloop
  endfacet
  facet normal 0 0 -1
    outer loop
      vertex -14.342039769345517 -17.33654796245526 3
      vertex -17.859731371824587 -16.77140409525287 3
      vertex -16.401794116981762 -15.40230988339549 3
    endloop
  endfacet
  facet normal 0 0 -1
    outer loop
      vertex -18.202882373436317 -13.225168176580645 3
      vertex -16.401794116981762 -15.40230988339549 3
      vertex -19.820916362186214 -14.400738681165592 3
    endloop
  endfacet
  facet normal 0 0 -1
    outer loop
      vertex -20.919970932485658 -8.282802435405252 3
      vertex -21.469513661074654 -11.802965015492028 3
      vertex -22.452021343465283 -9.715029909453964 3
    endloop
  endfacet
  facet normal 0 0 -1
    outer loop
      vertex -20.919970932485658 -8.282802435405252 3
      vertex -22.452021343465283 -9.715029909453964 3
      vertex -22.77952390426216 -9.019051540774608 3
    endloop
  endfacet
  facet normal 0 0 -1
    outer loop
      vertex -20.919970932485658 -8.282802435405252 3
      vertex -22.77952390426216 -9.019051540774608 3
      vertex -21.7931211253942 -5.595522461209234 3
    endloop
  endfacet
  facet normal 0 0 -1
    outer loop
      vertex -20.919970932485658 -8.282802435405252 3
      vertex -19.71690030098693 -10.839457667288595 3
      vertex -21.469513661074654 -11.802965015492028 3
    endloop
  endfacet
  facet normal 0 0 -1
    outer loop
      vertex -18.202882373436317 -13.225168176580645 3
      vertex -21.469513661074654 -11.802965015492028 3
      vertex -19.71690030098693 -10.839457667288595 3
    endloop
  endfacet
  facet normal 0 0 -1
    outer loop
      vertex -21.7931211253942 -5.595522461209234 3
      vertex -22.77952390426216 -9.019051540774608 3
      vertex -22.322580779575752 -2.8199977551968414 3
    endloop
  endfacet
  facet normal 0 0 -1
    outer loop
      vertex -22.322580779575752 -2.8199977551968414 3
      vertex -22.77952390426216 -9.019051540774608 3
      vertex -22.5 0 3
    endloop
  endfacet
  facet normal 0 0 -1
    outer loop
      vertex -22.77952390426216 -9.019051540774608 3
      vertex -23.730287447651463 -6.0929022355389435 3
      vertex -22.77952390426216 9.019051540774608 3
    endloop
  endfacet
  facet normal 0 0 -1
    outer loop
      vertex -23.730287447651463 -6.0929022355389435 3
      vertex -24.306810182204707 -3.0706642223254494 3
      vertex -23.730287447651463 6.0929022355389435 3
    endloop
  endfacet
  facet normal 0 0 -1
    outer loop
      vertex -9.58003406021413 -20.35860868048544 3
      vertex -10.431592643344274 -22.16826278541748 3
      vertex -11.10563360175456 -21.797705632762952 3
    endloop
  endfacet
  facet normal 0 0 -1
    outer loop
      vertex -12.056102887027427 -18.99737832379534 3
      vertex -9.58003406021413 -20.35860868048544 3
      vertex -13.127756476985422 -20.686034174799367 3
    endloop
  endfacet
  facet normal 0 0 -1
    outer loop
      vertex -9.58003406021413 -20.35860868048544 3
      vertex -11.10563360175456 -21.797705632762952 3
      vertex -13.127756476985422 -20.686034174799367 3
    endloop
  endfacet
  facet normal 0 0 -1
    outer loop
      vertex -6.952882373436316 -21.398771616640953 3
      vertex -7.570916362186211 -23.30088464923126 3
      vertex -10.431592643344274 -22.16826278541748 3
    endloop
  endfacet
  facet normal 0 0 -1
    outer loop
      vertex -6.952882373436316 -21.398771616640953 3
      vertex -4.2160795781788085 -22.101463141395495 3
      vertex -7.570916362186211 -23.30088464923126 3
    endloop
  endfacet
  facet normal 0 0 -1
    outer loop
      vertex -9.58003406021413 -20.35860868048544 3
      vertex -6.952882373436316 -21.398771616640953 3
      vertex -10.431592643344274 -22.16826278541748 3
    endloop
  endfacet
  facet normal 0 0 -1
    outer loop
      vertex -4.2160795781788085 -22.101463141395495 3
      vertex -4.590842207350258 -24.06603764285287 3
      vertex -7.570916362186211 -23.30088464923126 3
    endloop
  endfacet
  facet normal 0 0 -1
    outer loop
      vertex -4.2160795781788085 -22.101463141395495 3
      vertex -1.4127866894095598 -22.45560138963611 3
      vertex -4.590842207350258 -24.06603764285287 3
    endloop
  endfacet
  facet normal 0 0 -1
    outer loop
      vertex -1.4127866894095598 -22.45560138963611 3
      vertex -1.5383677284681871 -24.45165484649265 3
      vertex -4.590842207350258 -24.06603764285287 3
    endloop
  endfacet
  facet normal 0 0 -1
    outer loop
      vertex -1.4127866894095598 -22.45560138963611 3
      vertex 1.4127866894095598 -22.45560138963611 3
      vertex -1.5383677284681871 -24.45165484649265 3
    endloop
  endfacet
  facet normal 0 0 1
    outer loop
      vertex -23.730287447651463 -6.0929022355389435 -3
      vertex -24.162679498566398 3.826223725628823 -3
      vertex -24.306810182204707 3.0706642223254494 -3
    endloop
  endfacet
  facet normal 0 0 1
    outer loop
      vertex -23.730287447651463 -6.0929022355389435 -3
      vertex -23.730287447651463 6.0929022355389435 -3
      vertex -24.162679498566398 3.826223725628823 -3
    endloop
  endfacet
  facet normal 0 0 1
    outer loop
      vertex -23.730287447651463 6.0929022355389435 -3
      vertex -22.77952390426216 -9.019051540774608 -3
      vertex -22.77952390426216 9.019051540774608 -3
    endloop
  endfacet
  facet normal 0 0 1
    outer loop
      vertex -22.5 0 -3
      vertex -22.77952390426216 9.019051540774608 -3
      vertex -22.77952390426216 -9.019051540774608 -3
    endloop
  endfacet
  facet normal 0 0 1
    outer loop
      vertex -22.5 0 -3
      vertex -22.322580779575752 2.8199977551968414 -3
      vertex -22.77952390426216 9.019051540774608 -3
    endloop
  endfacet
  facet normal 0 0 1
    outer loop
      vertex -22.322580779575752 2.8199977551968414 -3
      vertex -21.7931211253942 5.595522461209234 -3
      vertex -22.77952390426216 9.019051540774608 -3
    endloop
  endfacet
  facet normal 0 0 1
    outer loop
      vertex -21.7931211253942 5.595522461209234 -3
      vertex -20.919970932485658 8.282802435405252 -3
      vertex -22.77952390426216 9.019051540774608 -3
    endloop
  endfacet
  facet normal 0 0 1
    outer loop
      vertex -20.919970932485658 8.282802435405252 -3
      vertex -21.469513661074654 11.802965015492028 -3
      vertex -22.77952390426216 9.019051540774608 -3
    endloop
  endfacet
  facet normal 0 0 1
    outer loop
      vertex -20.919970932485658 8.282802435405252 -3
      vertex -19.71690030098693 10.839457667288595 -3
      vertex -21.469513661074654 11.802965015492028 -3
    endloop
  endfacet
  facet normal 0 0 1
    outer loop
      vertex -19.71690030098693 10.839457667288595 -3
      vertex -18.202882373436317 13.225168176580645 -3
      vertex -21.469513661074654 11.802965015492028 -3
    endloop
  endfacet
  facet normal 0 0 1
    outer loop
      vertex -18.202882373436317 13.225168176580645 -3
      vertex -19.820916362186214 14.400738681165592 -3
      vertex -21.469513661074654 11.802965015492028 -3
    endloop
  endfacet
  facet normal 0 0 1
    outer loop
      vertex -18.202882373436317 13.225168176580645 -3
      vertex -16.401794116981762 15.40230988339549 -3
      vertex -19.820916362186214 14.400738681165592 -3
    endloop
  endfacet
  facet normal 0 0 1
    outer loop
      vertex -16.401794116981762 15.40230988339549 -3
      vertex -17.859731371824587 16.77140409525287 -3
      vertex -19.820916362186214 14.400738681165592 -3
    endloop
  endfacet
  facet normal 0 0 1
    outer loop
      vertex -16.401794116981762 15.40230988339549 -3
      vertex -14.342039769345517 17.33654796245526 -3
      vertex -17.859731371824587 16.77140409525287 -3
    endloop
  endfacet
  facet normal 0 0 1
    outer loop
      vertex -14.342039769345517 17.33654796245526 -3
      vertex -15.616887748842895 18.87757444800684 -3
      vertex -17.859731371824587 16.77140409525287 -3
    endloop
  endfacet
  facet normal 0 0 1
    outer loop
      vertex -14.342039769345517 17.33654796245526 -3
      vertex -12.056102887027427 18.99737832379534 -3
      vertex -15.616887748842895 18.87757444800684 -3
    endloop
  endfacet
  facet normal 0 0 1
    outer loop
      vertex -12.056102887027427 18.99737832379534 -3
      vertex -13.75003929494979 20.233919243101234 -3
      vertex -15.616887748842895 18.87757444800684 -3
    endloop
  endfacet
  facet normal 0 0 1
    outer loop
      vertex -12.056102887027427 18.99737832379534 -3
      vertex -13.127756476985422 20.686034174799367 -3
      vertex -13.75003929494979 20.233919243101234 -3
    endloop
  endfacet
  facet normal 0 0 1
    outer loop
      vertex -12.056102887027427 18.99737832379534 -3
      vertex -9.580034060214135 20.35860868048544 -3
      vertex -13.127756476985422 20.686034174799367 -3
    endloop
  endfacet
  facet normal 0 0 1
    outer loop
      vertex -9.580034060214135 20.35860868048544 -3
      vertex -10.431592643344281 22.168262785417475 -3
      vertex -13.127756476985422 20.686034174799367 -3
    endloop
  endfacet
  facet normal 0 0 1
    outer loop
      vertex -9.580034060214135 20.35860868048544 -3
      vertex -6.952882373436316 21.398771616640953 -3
      vertex -10.431592643344281 22.168262785417475 -3
    endloop
  endfacet
  facet normal 0 0 1
    outer loop
      vertex -6.952882373436316 21.398771616640953 -3
      vertex -7.570916362186211 23.30088464923126 -3
      vertex -10.431592643344281 22.168262785417475 -3
    endloop
  endfacet
  facet normal 0 0 1
    outer loop
      vertex -6.952882373436316 21.398771616640953 -3
      vertex -4.216079578178803 22.101463141395495 -3
      vertex -7.570916362186211 23.30088464923126 -3
    endloop
  endfacet
  facet normal 0 0 1
    outer loop
      vertex -4.216079578178803 22.101463141395495 -3
      vertex -4.590842207350252 24.066037642852873 -3
      vertex -7.570916362186211 23.30088464923126 -3
    endloop
  endfacet
  facet normal 0 0 1
    outer loop
      vertex -4.216079578178803 22.101463141395495 -3
      vertex -1.4127866894095487 22.45560138963611 -3
      vertex -4.590842207350252 24.066037642852873 -3
    endloop
  endfacet
  facet normal 0 0 1
    outer loop
      vertex -1.4127866894095487 22.45560138963611 -3
      vertex -1.5383677284681754 24.45165484649265 -3
      vertex -4.590842207350252 24.066037642852873 -3
    endloop
  endfacet
  facet normal 0 0 1
    outer loop
      vertex -1.4127866894095487 22.45560138963611 -3
      vertex 1.4127866894095475 22.45560138963611 -3
      vertex -1.5383677284681754 24.45165484649265 -3
    endloop
  endfacet
  facet normal 0 0 -1
    outer loop
      vertex -24.45170254555118 -0.7676660555813624 3
      vertex -23.730287447651463 6.0929022355389435 3
      vertex -24.306810182204707 -3.0706642223254494 3
    endloop
  endfacet
  facet normal 0 0 -1
    outer loop
      vertex -24.45170254555118 -0.7676660555813624 3
      vertex -24.5 0 3
      vertex -23.730287447651463 6.0929022355389435 3
    endloop
  endfacet
  facet normal 0 0 -1
    outer loop
      vertex -24.5 0 3
      vertex -24.306810182204707 3.0706642223254494 3
      vertex -23.730287447651463 6.0929022355389435 3
    endloop
  endfacet
  facet normal 0 0 -1
    outer loop
      vertex -23.730287447651463 -6.0929022355389435 3
      vertex -23.730287447651463 6.0929022355389435 3
      vertex -22.77952390426216 9.019051540774608 3
    endloop
  endfacet
  facet normal 0 0 -1
    outer loop
      vertex -22.5 0 3
      vertex -22.77952390426216 -9.019051540774608 3
      vertex -22.77952390426216 9.019051540774608 3
    endloop
  endfacet
  facet normal 0 0 -1
    outer loop
      vertex -22.5 0 3
      vertex -22.77952390426216 9.019051540774608 3
      vertex -22.322580779575752 2.8199977551968414 3
    endloop
  endfacet
  facet normal 0 0 -1
    outer loop
      vertex -22.322580779575752 2.8199977551968414 3
      vertex -22.77952390426216 9.019051540774608 3
      vertex -21.7931211253942 5.595522461209234 3
    endloop
  endfacet
  facet normal 0 0 -1
    outer loop
      vertex -21.7931211253942 5.595522461209234 3
      vertex -22.77952390426216 9.019051540774608 3
      vertex -21.469513661074654 11.802965015492028 3
    endloop
  endfacet
  facet normal 0 0 -1
    outer loop
      vertex -21.7931211253942 5.595522461209234 3
      vertex -21.469513661074654 11.802965015492028 3
      vertex -20.919970932485658 8.282802435405252 3
    endloop
  endfacet
  facet normal 0 0 -1
    outer loop
      vertex -20.919970932485658 8.282802435405252 3
      vertex -21.469513661074654 11.802965015492028 3
      vertex -19.71690030098693 10.839457667288595 3
    endloop
  endfacet
  facet normal 0 0 -1
    outer loop
      vertex -19.71690030098693 10.839457667288595 3
      vertex -21.469513661074654 11.802965015492028 3
      vertex -19.820916362186214 14.400738681165592 3
    endloop
  endfacet
  facet normal 0 0 -1
    outer loop
      vertex -19.71690030098693 10.839457667288595 3
      vertex -19.820916362186214 14.400738681165592 3
      vertex -18.202882373436317 13.225168176580645 3
    endloop
  endfacet
  facet normal 0 0 -1
    outer loop
      vertex -18.202882373436317 13.225168176580645 3
      vertex -19.820916362186214 14.400738681165592 3
      vertex -17.859731371824587 16.77140409525287 3
    endloop
  endfacet
  facet normal 0 0 -1
    outer loop
      vertex -18.202882373436317 13.225168176580645 3
      vertex -17.859731371824587 16.77140409525287 3
      vertex -16.401794116981762 15.40230988339549 3
    endloop
  endfacet
  facet normal 0 0 -1
    outer loop
      vertex -16.401794116981762 15.40230988339549 3
      vertex -17.859731371824587 16.77140409525287 3
      vertex -15.616887748842895 18.87757444800684 3
    endloop
  endfacet
  facet normal 0 0 -1
    outer loop
      vertex -16.401794116981762 15.40230988339549 3
      vertex -15.616887748842895 18.87757444800684 3
      vertex -14.342039769345517 17.33654796245526 3
    endloop
  endfacet
  facet normal 0 0 -1
    outer loop
      vertex -14.342039769345517 17.33654796245526 3
      vertex -15.616887748842895 18.87757444800684 3
      vertex -13.127756476985422 20.686034174799367 3
    endloop
  endfacet
  facet normal 0 0 -1
    outer loop
      vertex -14.342039769345517 17.33654796245526 3
      vertex -13.127756476985422 20.686034174799367 3
      vertex -12.056102887027427 18.99737832379534 3
    endloop
  endfacet
  facet normal 0 0 -1
    outer loop
      vertex -12.056102887027427 18.99737832379534 3
      vertex -13.127756476985422 20.686034174799367 3
      vertex -10.431592643344281 22.168262785417475 3
    endloop
  endfacet
  facet normal 0 0 -1
    outer loop
      vertex -12.056102887027427 18.99737832379534 3
      vertex -10.431592643344281 22.168262785417475 3
      vertex -9.580034060214135 20.35860868048544 3
    endloop
  endfacet
  facet normal 0 0 -1
    outer loop
      vertex -9.580034060214135 20.35860868048544 3
      vertex -10.431592643344281 22.168262785417475 3
      vertex -7.570916362186211 23.30088464923126 3
    endloop
  endfacet
  facet normal 0 0 -1
    outer loop
      vertex -9.580034060214135 20.35860868048544 3
      vertex -7.570916362186211 23.30088464923126 3
      vertex -6.952882373436316 21.398771616640953 3
    endloop
  endfacet
  facet normal 0 0 -1
    outer loop
      vertex -6.952882373436316 21.398771616640953 3
      vertex -7.570916362186211 23.30088464923126 3
      vertex -4.590842207350252 24.066037642852873 3
    endloop
  endfacet
  facet normal 0 0 -1
    outer loop
      vertex -6.952882373436316 21.398771616640953 3
      vertex -4.590842207350252 24.066037642852873 3
      vertex -4.216079578178803 22.101463141395495 3
    endloop
  endfacet
  facet normal 0 0 -1
    outer loop
      vertex -4.216079578178803 22.101463141395495 3
      vertex -4.590842207350252 24.066037642852873 3
      vertex -1.5383677284681745 24.45165484649265 3
    endloop
  endfacet
  facet normal 0 0 -1
    outer loop
      vertex -4.216079578178803 22.101463141395495 3
      vertex -1.5383677284681745 24.45165484649265 3
      vertex -1.4127866894095475 22.45560138963611 3
    endloop
  endfacet
  facet normal 0 0 -1
    outer loop
      vertex -1.4127866894095475 22.45560138963611 3
      vertex -1.5383677284681745 24.45165484649265 3
      vertex 1.5383677284681754 24.45165484649265 3
    endloop
  endfacet
  facet normal 0 0 1
    outer loop
      vertex -1.4127866894095598 -22.45560138963611 -3
      vertex 1.5383677284681871 -24.45165484649265 -3
      vertex 1.4127866894095598 -22.45560138963611 -3
    endloop
  endfacet
  facet normal 0 0 1
    outer loop
      vertex 1.4127866894095598 -22.45560138963611 -3
      vertex 1.5383677284681871 -24.45165484649265 -3
      vertex 2.301486348188705 -24.355250545582706 -3
    endloop
  endfacet
  facet normal 0 0 1
    outer loop
      vertex 1.4127866894095598 -22.45560138963611 -3
      vertex 2.301486348188705 -24.355250545582706 -3
      vertex 4.590842207350258 -24.06603764285287 -3
    endloop
  endfacet
  facet normal 0 0 1
    outer loop
      vertex 1.4127866894095598 -22.45560138963611 -3
      vertex 4.590842207350258 -24.06603764285287 -3
      vertex 4.2160795781788085 -22.101463141395495 -3
    endloop
  endfacet
  facet normal 0 0 1
    outer loop
      vertex 4.2160795781788085 -22.101463141395495 -3
      vertex 4.590842207350258 -24.06603764285287 -3
      vertex 7.570916362186211 -23.30088464923126 -3
    endloop
  endfacet
  facet normal 0 0 1
    outer loop
      vertex 4.2160795781788085 -22.101463141395495 -3
      vertex 7.570916362186211 -23.30088464923126 -3
      vertex 6.952882373436316 -21.398771616640953 -3
    endloop
  endfacet
  facet normal 0 0 1
    outer loop
      vertex 6.952882373436316 -21.398771616640953 -3
      vertex 7.570916362186211 -23.30088464923126 -3
      vertex 10.431592643344276 -22.16826278541748 -3
    endloop
  endfacet
  facet normal 0 0 1
    outer loop
      vertex 6.952882373436316 -21.398771616640953 -3
      vertex 10.431592643344276 -22.16826278541748 -3
      vertex 9.58003406021413 -20.35860868048544 -3
    endloop
  endfacet
  facet normal 0 0 1
    outer loop
      vertex 9.58003406021413 -20.35860868048544 -3
      vertex 10.431592643344276 -22.16826278541748 -3
      vertex 13.127756476985407 -20.686034174799374 -3
    endloop
  endfacet
  facet normal 0 0 1
    outer loop
      vertex 9.58003406021413 -20.35860868048544 -3
      vertex 13.127756476985407 -20.686034174799374 -3
      vertex 12.056102887027414 -18.997378323795346 -3
    endloop
  endfacet
  facet normal 0 0 1
    outer loop
      vertex 12.056102887027414 -18.997378323795346 -3
      vertex 13.127756476985407 -20.686034174799374 -3
      vertex 13.750039294949781 -20.23391924310124 -3
    endloop
  endfacet
  facet normal 0 0 1
    outer loop
      vertex 12.056102887027414 -18.997378323795346 -3
      vertex 13.750039294949781 -20.23391924310124 -3
      vertex 15.616887748842904 -18.877574448006833 -3
    endloop
  endfacet
  facet normal 0 0 1
    outer loop
      vertex 12.056102887027414 -18.997378323795346 -3
      vertex 15.616887748842904 -18.877574448006833 -3
      vertex 14.342039769345524 -17.336547962455253 -3
    endloop
  endfacet
  facet normal 0 0 1
    outer loop
      vertex 14.342039769345524 -17.336547962455253 -3
      vertex 15.616887748842904 -18.877574448006833 -3
      vertex 17.859731371824587 -16.77140409525287 -3
    endloop
  endfacet
  facet normal 0 0 1
    outer loop
      vertex 14.342039769345524 -17.336547962455253 -3
      vertex 17.859731371824587 -16.77140409525287 -3
      vertex 16.401794116981762 -15.40230988339549 -3
    endloop
  endfacet
  facet normal 0 0 1
    outer loop
      vertex 16.401794116981762 -15.40230988339549 -3
      vertex 17.859731371824587 -16.77140409525287 -3
      vertex 19.820916362186214 -14.400738681165592 -3
    endloop
  endfacet
  facet normal 0 0 1
    outer loop
      vertex 16.401794116981762 -15.40230988339549 -3
      vertex 19.820916362186214 -14.400738681165592 -3
      vertex 18.202882373436317 -13.225168176580645 -3
    endloop
  endfacet
  facet normal 0 0 1
    outer loop
      vertex 18.202882373436317 -13.225168176580645 -3
      vertex 19.820916362186214 -14.400738681165592 -3
      vertex 21.469513661074654 -11.802965015492028 -3
    endloop
  endfacet
  facet normal 0 0 1
    outer loop
      vertex 18.202882373436317 -13.225168176580645 -3
      vertex 21.469513661074654 -11.802965015492028 -3
      vertex 19.71690030098693 -10.839457667288595 -3
    endloop
  endfacet
  facet normal 0 0 1
    outer loop
      vertex 19.71690030098693 -10.839457667288595 -3
      vertex 21.469513661074654 -11.802965015492028 -3
      vertex 20.919970932485654 -8.282802435405262 -3
    endloop
  endfacet
  facet normal 0 0 1
    outer loop
      vertex 20.919970932485654 -8.282802435405262 -3
      vertex 21.469513661074654 -11.802965015492028 -3
      vertex 22.45202134346528 -9.715029909453971 -3
    endloop
  endfacet
  facet normal 0 0 1
    outer loop
      vertex 20.919970932485654 -8.282802435405262 -3
      vertex 22.45202134346528 -9.715029909453971 -3
      vertex 22.779523904262156 -9.019051540774619 -3
    endloop
  endfacet
  facet normal 0 0 1
    outer loop
      vertex 20.919970932485654 -8.282802435405262 -3
      vertex 22.779523904262156 -9.019051540774619 -3
      vertex 21.7931211253942 -5.5955224612092245 -3
    endloop
  endfacet
  facet normal 0 0 1
    outer loop
      vertex 21.7931211253942 -5.5955224612092245 -3
      vertex 22.779523904262156 -9.019051540774619 -3
      vertex 22.322580779575752 -2.8199977551968414 -3
    endloop
  endfacet
  facet normal 0 0 1
    outer loop
      vertex 22.322580779575752 -2.8199977551968414 -3
      vertex 22.779523904262156 -9.019051540774619 -3
      vertex 22.5 0 -3
    endloop
  endfacet
  facet normal 0 0 1
    outer loop
      vertex 22.5 0 -3
      vertex 22.779523904262156 -9.019051540774619 -3
      vertex 22.77952390426216 9.01905154077461 -3
    endloop
  endfacet
  facet normal 0 0 1
    outer loop
      vertex 22.779523904262156 -9.019051540774619 -3
      vertex 23.730287447651463 -6.092902235538934 -3
      vertex 22.77952390426216 9.01905154077461 -3
    endloop
  endfacet
  facet normal 0 0 1
    outer loop
      vertex 23.730287447651463 -6.092902235538934 -3
      vertex 24.306810182204707 -3.0706642223254494 -3
      vertex 23.730287447651463 6.092902235538943 -3
    endloop
  endfacet
  facet normal 0 0 -1
    outer loop
      vertex 1.4127866894095598 -22.45560138963611 3
      vertex 1.5383677284681871 -24.45165484649265 3
      vertex -1.5383677284681871 -24.45165484649265 3
    endloop
  endfacet
  facet normal 0 0 -1
    outer loop
      vertex 1.4127866894095598 -22.45560138963611 3
      vertex 4.2160795781788085 -22.101463141395495 3
      vertex 1.5383677284681871 -24.45165484649265 3
    endloop
  endfacet
  facet normal 0 0 -1
    outer loop
      vertex 4.2160795781788085 -22.101463141395495 3
      vertex 4.590842207350257 -24.06603764285287 3
      vertex 1.5383677284681871 -24.45165484649265 3
    endloop
  endfacet
  facet normal 0 0 -1
    outer loop
      vertex 4.2160795781788085 -22.101463141395495 3
      vertex 6.952882373436316 -21.398771616640953 3
      vertex 4.590842207350257 -24.06603764285287 3
    endloop
  endfacet
  facet normal 0 0 -1
    outer loop
      vertex 6.952882373436316 -21.398771616640953 3
      vertex 7.570916362186211 -23.30088464923126 3
      vertex 4.590842207350257 -24.06603764285287 3
    endloop
  endfacet
  facet normal 0 0 -1
    outer loop
      vertex 6.952882373436316 -21.398771616640953 3
      vertex 9.58003406021413 -20.35860868048544 3
      vertex 7.570916362186211 -23.30088464923126 3
    endloop
  endfacet
  facet normal 0 0 -1
    outer loop
      vertex 9.58003406021413 -20.35860868048544 3
      vertex 10.431592643344274 -22.16826278541748 3
      vertex 7.570916362186211 -23.30088464923126 3
    endloop
  endfacet
  facet normal 0 0 -1
    outer loop
      vertex 9.58003406021413 -20.35860868048544 3
      vertex 12.056102887027414 -18.997378323795346 3
      vertex 10.431592643344274 -22.16826278541748 3
    endloop
  endfacet
  facet normal 0 0 -1
    outer loop
      vertex 12.056102887027414 -18.997378323795346 3
      vertex 13.127756476985406 -20.686034174799374 3
      vertex 10.431592643344274 -22.16826278541748 3
    endloop
  endfacet
  facet normal 0 0 -1
    outer loop
      vertex 12.056102887027414 -18.997378323795346 3
      vertex 14.342039769345524 -17.336547962455253 3
      vertex 13.127756476985406 -20.686034174799374 3
    endloop
  endfacet
  facet normal 0 0 -1
    outer loop
      vertex 14.342039769345524 -17.336547962455253 3
      vertex 15.616887748842904 -18.877574448006833 3
      vertex 13.127756476985406 -20.686034174799374 3
    endloop
  endfacet
  facet normal 0 0 -1
    outer loop
      vertex 14.342039769345524 -17.336547962455253 3
      vertex 16.401794116981762 -15.40230988339549 3
      vertex 15.616887748842904 -18.877574448006833 3
    endloop
  endfacet
  facet normal 0 0 -1
    outer loop
      vertex 16.401794116981762 -15.40230988339549 3
      vertex 17.859731371824587 -16.77140409525287 3
      vertex 15.616887748842904 -18.877574448006833 3
    endloop
  endfacet
  facet normal 0 0 -1
    outer loop
      vertex 16.401794116981762 -15.40230988339549 3
      vertex 18.202882373436317 -13.225168176580645 3
      vertex 17.859731371824587 -16.77140409525287 3
    endloop
  endfacet
  facet normal 0 0 -1
    outer loop
      vertex 18.202882373436317 -13.225168176580645 3
      vertex 19.820916362186214 -14.400738681165592 3
      vertex 17.859731371824587 -16.77140409525287 3
    endloop
  endfacet
  facet normal 0 0 -1
    outer loop
      vertex 18.202882373436317 -13.225168176580645 3
      vertex 19.71690030098693 -10.839457667288595 3
      vertex 19.820916362186214 -14.400738681165592 3
    endloop
  endfacet
  facet normal 0 0 -1
    outer loop
      vertex 19.71690030098693 -10.839457667288595 3
      vertex 21.469513661074654 -11.802965015492028 3
      vertex 19.820916362186214 -14.400738681165592 3
    endloop
  endfacet
  facet normal 0 0 -1
    outer loop
      vertex 19.71690030098693 -10.839457667288595 3
      vertex 20.919970932485654 -8.282802435405262 3
      vertex 21.469513661074654 -11.802965015492028 3
    endloop
  endfacet
  facet normal 0 0 -1
    outer loop
      vertex 20.919970932485654 -8.282802435405262 3
      vertex 21.7931211253942 -5.5955224612092245 3
      vertex 21.469513661074654 -11.802965015492028 3
    endloop
  endfacet
  facet normal 0 0 -1
    outer loop
      vertex 21.7931211253942 -5.5955224612092245 3
      vertex 22.779523904262156 -9.019051540774619 3
      vertex 21.469513661074654 -11.802965015492028 3
    endloop
  endfacet
  facet normal 0 0 -1
    outer loop
      vertex 21.7931211253942 -5.5955224612092245 3
      vertex 22.322580779575752 -2.8199977551968414 3
      vertex 22.779523904262156 -9.019051540774619 3
    endloop
  endfacet
  facet normal 0 0 -1
    outer loop
      vertex 22.322580779575752 -2.8199977551968414 3
      vertex 22.5 0 3
      vertex 22.779523904262156 -9.019051540774619 3
    endloop
  endfacet
  facet normal 0 0 -1
    outer loop
      vertex 22.5 0 3
      vertex 22.77952390426216 9.01905154077461 3
      vertex 22.779523904262156 -9.019051540774619 3
    endloop
  endfacet
  facet normal 0 0 -1
    outer loop
      vertex 23.730287447651463 -6.092902235538934 3
      vertex 22.779523904262156 -9.019051540774619 3
      vertex 23.730287447651463 6.092902235538943 3
    endloop
  endfacet
  facet normal 0 0 -1
    outer loop
      vertex 24.306810182204707 -3.0706642223254494 3
      vertex 23.730287447651463 -6.092902235538934 3
      vertex 24.306810182204707 3.0706642223254543 3
    endloop
  endfacet
  facet normal 0 0 1
    outer loop
      vertex 1.4127866894095475 22.45560138963611 -3
      vertex 1.5383677284681745 24.45165484649265 -3
      vertex -1.5383677284681754 24.45165484649265 -3
    endloop
  endfacet
  facet normal 0 0 1
    outer loop
      vertex 1.4127866894095475 22.45560138963611 -3
      vertex 4.216079578178803 22.101463141395495 -3
      vertex 1.5383677284681745 24.45165484649265 -3
    endloop
  endfacet
  facet normal 0 0 1
    outer loop
      vertex 4.216079578178803 22.101463141395495 -3
      vertex 4.590842207350252 24.066037642852873 -3
      vertex 1.5383677284681745 24.45165484649265 -3
    endloop
  endfacet
  facet normal 0 0 1
    outer loop
      vertex 4.216079578178803 22.101463141395495 -3
      vertex 6.952882373436316 21.398771616640953 -3
      vertex 4.590842207350252 24.066037642852873 -3
    endloop
  endfacet
  facet normal 0 0 1
    outer loop
      vertex 6.952882373436316 21.398771616640953 -3
      vertex 7.570916362186211 23.30088464923126 -3
      vertex 4.590842207350252 24.066037642852873 -3
    endloop
  endfacet
  facet normal 0 0 1
    outer loop
      vertex 6.952882373436316 21.398771616640953 -3
      vertex 9.580034060214135 20.35860868048544 -3
      vertex 7.570916362186211 23.30088464923126 -3
    endloop
  endfacet
  facet normal 0 0 1
    outer loop
      vertex 9.580034060214135 20.35860868048544 -3
      vertex 12.056102887027425 18.99737832379534 -3
      vertex 10.431592643344281 22.168262785417475 -3
    endloop
  endfacet
  facet normal 0 0 1
    outer loop
      vertex 12.056102887027425 18.99737832379534 -3
      vertex 13.127756476985418 20.68603417479937 -3
      vertex 10.431592643344281 22.168262785417475 -3
    endloop
  endfacet
  facet normal 0 0 1
    outer loop
      vertex 9.580034060214135 20.35860868048544 -3
      vertex 10.431592643344281 22.168262785417475 -3
      vertex 7.570916362186211 23.30088464923126 -3
    endloop
  endfacet
  facet normal 0 0 1
    outer loop
      vertex 24.306810182204707 -3.0706642223254494 -3
      vertex 24.5 0 -3
      vertex 23.730287447651463 6.092902235538943 -3
    endloop
  endfacet
  facet normal 0 0 1
    outer loop
      vertex 23.730287447651463 -6.092902235538934 -3
      vertex 23.730287447651463 6.092902235538943 -3
      vertex 22.77952390426216 9.01905154077461 -3
    endloop
  endfacet
  facet normal 0 0 1
    outer loop
      vertex 24.5 0 -3
      vertex 24.306810182204707 3.0706642223254543 -3
      vertex 23.730287447651463 6.092902235538943 -3
    endloop
  endfacet
  facet normal 0 0 1
    outer loop
      vertex 22.5 0 -3
      vertex 22.77952390426216 9.01905154077461 -3
      vertex 22.322580779575752 2.819997755196846 -3
    endloop
  endfacet
  facet normal 0 0 1
    outer loop
      vertex 22.322580779575752 2.819997755196846 -3
      vertex 22.77952390426216 9.01905154077461 -3
      vertex 21.7931211253942 5.5955224612092325 -3
    endloop
  endfacet
  facet normal 0 0 1
    outer loop
      vertex 21.7931211253942 5.5955224612092325 -3
      vertex 21.469513661074657 11.802965015492026 -3
      vertex 20.919970932485654 8.282802435405255 -3
    endloop
  endfacet
  facet normal 0 0 1
    outer loop
      vertex 19.716900300986932 10.839457667288595 -3
      vertex 20.919970932485654 8.282802435405255 -3
      vertex 21.469513661074657 11.802965015492026 -3
    endloop
  endfacet
  facet normal 0 0 1
    outer loop
      vertex 21.7931211253942 5.5955224612092325 -3
      vertex 22.77952390426216 9.01905154077461 -3
      vertex 21.469513661074657 11.802965015492026 -3
    endloop
  endfacet
  facet normal 0 0 1
    outer loop
      vertex 16.40179411698176 15.402309883395496 -3
      vertex 18.202882373436317 13.225168176580645 -3
      vertex 17.85973137182458 16.771404095252873 -3
    endloop
  endfacet
  facet normal 0 0 1
    outer loop
      vertex 16.40179411698176 15.402309883395496 -3
      vertex 15.616887748842899 18.877574448006833 -3
      vertex 14.342039769345519 17.336547962455256 -3
    endloop
  endfacet
  facet normal 0 0 1
    outer loop
      vertex 16.40179411698176 15.402309883395496 -3
      vertex 17.85973137182458 16.771404095252873 -3
      vertex 15.616887748842899 18.877574448006833 -3
    endloop
  endfacet
  facet normal 0 0 1
    outer loop
      vertex 12.056102887027425 18.99737832379534 -3
      vertex 14.342039769345519 17.336547962455256 -3
      vertex 13.127756476985418 20.68603417479937 -3
    endloop
  endfacet
  facet normal 0 0 1
    outer loop
      vertex 14.342039769345519 17.336547962455256 -3
      vertex 15.616887748842899 18.877574448006833 -3
      vertex 13.127756476985418 20.68603417479937 -3
    endloop
  endfacet
  facet normal 0 0 1
    outer loop
      vertex 19.716900300986932 10.839457667288595 -3
      vertex 19.820916362186214 14.400738681165592 -3
      vertex 18.202882373436317 13.225168176580645 -3
    endloop
  endfacet
  facet normal 0 0 1
    outer loop
      vertex 18.202882373436317 13.225168176580645 -3
      vertex 19.820916362186214 14.400738681165592 -3
      vertex 17.85973137182458 16.771404095252873 -3
    endloop
  endfacet
  facet normal 0 0 1
    outer loop
      vertex 19.716900300986932 10.839457667288595 -3
      vertex 21.469513661074657 11.802965015492026 -3
      vertex 19.820916362186214 14.400738681165592 -3
    endloop
  endfacet
  facet normal 0 0 -1
    outer loop
      vertex -1.4127866894095475 22.45560138963611 3
      vertex 1.5383677284681754 24.45165484649265 3
      vertex 1.4127866894095487 22.45560138963611 3
    endloop
  endfacet
  facet normal 0 0 -1
    outer loop
      vertex 1.4127866894095487 22.45560138963611 3
      vertex 1.5383677284681754 24.45165484649265 3
      vertex 4.590842207350252 24.066037642852873 3
    endloop
  endfacet
  facet normal 0 0 -1
    outer loop
      vertex 1.4127866894095487 22.45560138963611 3
      vertex 4.590842207350252 24.066037642852873 3
      vertex 4.216079578178803 22.101463141395495 3
    endloop
  endfacet
  facet normal 0 0 -1
    outer loop
      vertex 4.216079578178803 22.101463141395495 3
      vertex 4.590842207350252 24.066037642852873 3
      vertex 7.570916362186211 23.30088464923126 3
    endloop
  endfacet
  facet normal 0 0 -1
    outer loop
      vertex 6.952882373436316 21.398771616640953 3
      vertex 10.431592643344281 22.168262785417475 3
      vertex 9.580034060214135 20.35860868048544 3
    endloop
  endfacet
  facet normal 0 0 -1
    outer loop
      vertex 4.216079578178803 22.101463141395495 3
      vertex 7.570916362186211 23.30088464923126 3
      vertex 6.952882373436316 21.398771616640953 3
    endloop
  endfacet
  facet normal 0 0 -1
    outer loop
      vertex 6.952882373436316 21.398771616640953 3
      vertex 7.570916362186211 23.30088464923126 3
      vertex 8.286085432475728 23.017729183277815 3
    endloop
  endfacet
  facet normal 0 0 -1
    outer loop
      vertex 6.952882373436316 21.398771616640953 3
      vertex 8.286085432475728 23.017729183277815 3
      vertex 10.431592643344281 22.168262785417475 3
    endloop
  endfacet
  facet normal 0 0 -1
    outer loop
      vertex 9.580034060214135 20.35860868048544 3
      vertex 11.105633601754565 21.79770563276295 3
      vertex 13.127756476985418 20.68603417479937 3
    endloop
  endfacet
  facet normal 0 0 -1
    outer loop
      vertex 9.580034060214135 20.35860868048544 3
      vertex 13.127756476985418 20.68603417479937 3
      vertex 12.056102887027425 18.99737832379534 3
    endloop
  endfacet
  facet normal 0 0 -1
    outer loop
      vertex 9.580034060214135 20.35860868048544 3
      vertex 10.431592643344281 22.168262785417475 3
      vertex 11.105633601754565 21.79770563276295 3
    endloop
  endfacet
  facet normal 0 0 -1
    outer loop
      vertex 22.779523904262156 -9.019051540774619 3
      vertex 23.492596561804138 6.82443956184786 3
      vertex 23.730287447651463 6.092902235538943 3
    endloop
  endfacet
  facet normal 0 0 -1
    outer loop
      vertex 24.306810182204707 -3.0706642223254494 3
      vertex 24.306810182204707 3.0706642223254543 3
      vertex 24.5 0 3
    endloop
  endfacet
  facet normal 0 0 -1
    outer loop
      vertex 23.730287447651463 -6.092902235538934 3
      vertex 23.730287447651463 6.092902235538943 3
      vertex 24.306810182204707 3.0706642223254543 3
    endloop
  endfacet
  facet normal 0 0 -1
    outer loop
      vertex 22.779523904262156 -9.019051540774619 3
      vertex 22.77952390426216 9.01905154077461 3
      vertex 23.492596561804138 6.82443956184786 3
    endloop
  endfacet
  facet normal 0 0 -1
    outer loop
      vertex 22.5 0 3
      vertex 22.322580779575752 2.819997755196846 3
      vertex 22.77952390426216 9.01905154077461 3
    endloop
  endfacet
  facet normal 0 0 -1
    outer loop
      vertex 22.322580779575752 2.819997755196846 3
      vertex 21.7931211253942 5.5955224612092325 3
      vertex 22.77952390426216 9.01905154077461 3
    endloop
  endfacet
  facet normal 0 0 -1
    outer loop
      vertex 19.716900300986932 10.839457667288595 3
      vertex 18.202882373436317 13.225168176580645 3
      vertex 21.469513661074657 11.802965015492026 3
    endloop
  endfacet
  facet normal 0 0 -1
    outer loop
      vertex 19.716900300986932 10.839457667288595 3
      vertex 21.469513661074657 11.802965015492026 3
      vertex 20.919970932485654 8.282802435405255 3
    endloop
  endfacet
  facet normal 0 0 -1
    outer loop
      vertex 21.7931211253942 5.5955224612092325 3
      vertex 20.919970932485654 8.282802435405255 3
      vertex 22.77952390426216 9.01905154077461 3
    endloop
  endfacet
  facet normal 0 0 -1
    outer loop
      vertex 20.919970932485654 8.282802435405255 3
      vertex 21.469513661074657 11.802965015492026 3
      vertex 22.77952390426216 9.01905154077461 3
    endloop
  endfacet
  facet normal 0 0 -1
    outer loop
      vertex 16.40179411698176 15.402309883395496 3
      vertex 19.820916362186214 14.400738681165592 3
      vertex 18.202882373436317 13.225168176580645 3
    endloop
  endfacet
  facet normal 0 0 -1
    outer loop
      vertex 16.40179411698176 15.402309883395496 3
      vertex 14.342039769345519 17.336547962455256 3
      vertex 17.859731371824584 16.771404095252873 3
    endloop
  endfacet
  facet normal 0 0 -1
    outer loop
      vertex 14.342039769345519 17.336547962455256 3
      vertex 15.616887748842899 18.877574448006833 3
      vertex 17.859731371824584 16.771404095252873 3
    endloop
  endfacet
  facet normal 0 0 -1
    outer loop
      vertex 16.40179411698176 15.402309883395496 3
      vertex 17.859731371824584 16.771404095252873 3
      vertex 19.820916362186214 14.400738681165592 3
    endloop
  endfacet
  facet normal 0 0 -1
    outer loop
      vertex 12.056102887027425 18.99737832379534 3
      vertex 13.127756476985418 20.68603417479937 3
      vertex 15.616887748842899 18.877574448006833 3
    endloop
  endfacet
  facet normal 0 0 -1
    outer loop
      vertex 12.056102887027425 18.99737832379534 3
      vertex 15.616887748842899 18.877574448006833 3
      vertex 14.342039769345519 17.336547962455256 3
    endloop
  endfacet
  facet normal 0 0 -1
    outer loop
      vertex 18.202882373436317 13.225168176580645 3
      vertex 19.820916362186214 14.400738681165592 3
      vertex 21.469513661074657 11.802965015492026 3
    endloop
  endfacet
  facet normal -0.6845471059286893 -0.7289686274214111 0
    outer loop
      vertex -14.342039769345517 -17.33654796245526 -3
      vertex -16.401794116981762 -15.40230988339549 3
      vertex -16.401794116981762 -15.40230988339549 -3
    endloop
  endfacet
  facet normal -0.770513242775789 -0.6374239897486899 0
    outer loop
      vertex -18.202882373436317 -13.225168176580645 -3
      vertex -16.401794116981762 -15.40230988339549 -3
      vertex -18.202882373436317 -13.225168176580645 3
    endloop
  endfacet
  facet normal -0.5877852522924731 -0.8090169943749473 0
    outer loop
      vertex -14.342039769345517 -17.33654796245526 -3
      vertex -12.056102887027427 -18.99737832379534 -3
      vertex -14.342039769345517 -17.33654796245526 3
    endloop
  endfacet
  facet normal -0.9510565162951534 -0.3090169943749477 0
    outer loop
      vertex -20.919970932485658 -8.282802435405252 -3
      vertex -21.7931211253942 -5.595522461209234 3
      vertex -21.7931211253942 -5.595522461209234 -3
    endloop
  endfacet
  facet normal -0.8443279255020153 -0.5358267949789963 0
    outer loop
      vertex -18.202882373436317 -13.225168176580645 -3
      vertex -19.71690030098693 -10.839457667288595 3
      vertex -19.71690030098693 -10.839457667288595 -3
    endloop
  endfacet
  facet normal -0.9048270524660195 -0.4257792915650731 0
    outer loop
      vertex -20.919970932485658 -8.282802435405252 -3
      vertex -19.71690030098693 -10.839457667288595 -3
      vertex -20.919970932485658 -8.282802435405252 3
    endloop
  endfacet
  facet normal -0.9822872507286886 -0.18738131458572416 0
    outer loop
      vertex -21.7931211253942 -5.595522461209234 -3
      vertex -22.322580779575752 -2.8199977551968414 3
      vertex -22.322580779575752 -2.8199977551968414 -3
    endloop
  endfacet
  facet normal -0.9980267284282716 -0.06279051952931325 0
    outer loop
      vertex -22.322580779575752 -2.8199977551968414 -3
      vertex -22.5 0 3
      vertex -22.5 0 -3
    endloop
  endfacet
  facet normal -0.48175367410171427 -0.8763066800438641 0
    outer loop
      vertex -12.056102887027427 -18.99737832379534 -3
      vertex -9.58003406021413 -20.35860868048544 -3
      vertex -12.056102887027427 -18.99737832379534 3
    endloop
  endfacet
  facet normal -0.3681245526846779 -0.9297764858882513 0
    outer loop
      vertex -9.58003406021413 -20.35860868048544 -3
      vertex -6.952882373436316 -21.398771616640953 -3
      vertex -9.58003406021413 -20.35860868048544 3
    endloop
  endfacet
  facet normal -0.2486898871648558 -0.9685831611286309 0
    outer loop
      vertex -6.952882373436316 -21.398771616640953 -3
      vertex -4.2160795781788085 -22.101463141395495 -3
      vertex -6.952882373436316 -21.398771616640953 3
    endloop
  endfacet
  facet normal -0.12533323356430498 -0.9921147013144778 0
    outer loop
      vertex -4.2160795781788085 -22.101463141395495 -3
      vertex -1.4127866894095598 -22.45560138963611 -3
      vertex -4.2160795781788085 -22.101463141395495 3
    endloop
  endfacet
  facet normal 0 -1 0
    outer loop
      vertex -1.4127866894095598 -22.45560138963611 -3
      vertex 1.4127866894095598 -22.45560138963611 -3
      vertex -1.4127866894095598 -22.45560138963611 3
    endloop
  endfacet
  facet normal -0.8443279255020153 -0.5358267949789963 0
    outer loop
      vertex -18.202882373436317 -13.225168176580645 -3
      vertex -18.202882373436317 -13.225168176580645 3
      vertex -19.71690030098693 -10.839457667288595 3
    endloop
  endfacet
  facet normal -0.5877852522924731 -0.8090169943749473 0
    outer loop
      vertex -12.056102887027427 -18.99737832379534 -3
      vertex -12.056102887027427 -18.99737832379534 3
      vertex -14.342039769345517 -17.33654796245526 3
    endloop
  endfacet
  facet normal -0.770513242775789 -0.6374239897486899 0
    outer loop
      vertex -16.401794116981762 -15.40230988339549 -3
      vertex -16.401794116981762 -15.40230988339549 3
      vertex -18.202882373436317 -13.225168176580645 3
    endloop
  endfacet
  facet normal -0.6845471059286893 -0.7289686274214111 0
    outer loop
      vertex -14.342039769345517 -17.33654796245526 -3
      vertex -14.342039769345517 -17.33654796245526 3
      vertex -16.401794116981762 -15.40230988339549 3
    endloop
  endfacet
  facet normal -0.9048270524660195 -0.4257792915650731 0
    outer loop
      vertex -19.71690030098693 -10.839457667288595 -3
      vertex -19.71690030098693 -10.839457667288595 3
      vertex -20.919970932485658 -8.282802435405252 3
    endloop
  endfacet
  facet normal -0.9510565162951534 -0.3090169943749477 0
    outer loop
      vertex -20.919970932485658 -8.282802435405252 -3
      vertex -20.919970932485658 -8.282802435405252 3
      vertex -21.7931211253942 -5.595522461209234 3
    endloop
  endfacet
  facet normal -0.9822872507286886 -0.18738131458572416 0
    outer loop
      vertex -21.7931211253942 -5.595522461209234 -3
      vertex -21.7931211253942 -5.595522461209234 3
      vertex -22.322580779575752 -2.8199977551968414 3
    endloop
  endfacet
  facet normal -0.9980267284282716 -0.06279051952931325 0
    outer loop
      vertex -22.322580779575752 -2.8199977551968414 -3
      vertex -22.322580779575752 -2.8199977551968414 3
      vertex -22.5 0 3
    endloop
  endfacet
  facet normal -0.48175367410171427 -0.8763066800438641 0
    outer loop
      vertex -9.58003406021413 -20.35860868048544 -3
      vertex -9.58003406021413 -20.35860868048544 3
      vertex -12.056102887027427 -18.99737832379534 3
    endloop
  endfacet
  facet normal -0.3681245526846779 -0.9297764858882513 0
    outer loop
      vertex -6.952882373436316 -21.398771616640953 -3
      vertex -6.952882373436316 -21.398771616640953 3
      vertex -9.58003406021413 -20.35860868048544 3
    endloop
  endfacet
  facet normal -0.2486898871648558 -0.9685831611286309 0
    outer loop
      vertex -4.2160795781788085 -22.101463141395495 -3
      vertex -4.2160795781788085 -22.101463141395495 3
      vertex -6.952882373436316 -21.398771616640953 3
    endloop
  endfacet
  facet normal -0.12533323356430498 -0.9921147013144778 0
    outer loop
      vertex -1.4127866894095598 -22.45560138963611 -3
      vertex -1.4127866894095598 -22.45560138963611 3
      vertex -4.2160795781788085 -22.101463141395495 3
    endloop
  endfacet
  facet normal -0.9980267284282716 0.06279051952931325 0
    outer loop
      vertex -22.5 0 -3
      vertex -22.322580779575752 2.8199977551968414 3
      vertex -22.322580779575752 2.8199977551968414 -3
    endloop
  endfacet
  facet normal -0.9822872507286886 0.18738131458572416 0
    outer loop
      vertex -22.322580779575752 2.8199977551968414 -3
      vertex -21.7931211253942 5.595522461209234 3
      vertex -21.7931211253942 5.595522461209234 -3
    endloop
  endfacet
  facet normal -0.9510565162951534 0.3090169943749477 0
    outer loop
      vertex -21.7931211253942 5.595522461209234 -3
      vertex -20.919970932485658 8.282802435405252 3
      vertex -20.919970932485658 8.282802435405252 -3
    endloop
  endfacet
  facet normal -0.9048270524660195 0.4257792915650731 0
    outer loop
      vertex -20.919970932485658 8.282802435405252 -3
      vertex -19.71690030098693 10.839457667288595 3
      vertex -19.71690030098693 10.839457667288595 -3
    endloop
  endfacet
  facet normal -0.8443279255020153 0.5358267949789963 0
    outer loop
      vertex -19.71690030098693 10.839457667288595 -3
      vertex -18.202882373436317 13.225168176580645 3
      vertex -18.202882373436317 13.225168176580645 -3
    endloop
  endfacet
  facet normal -0.770513242775789 0.6374239897486899 0
    outer loop
      vertex -18.202882373436317 13.225168176580645 -3
      vertex -16.401794116981762 15.40230988339549 3
      vertex -16.401794116981762 15.40230988339549 -3
    endloop
  endfacet
  facet normal -0.6845471059286893 0.7289686274214111 0
    outer loop
      vertex -16.401794116981762 15.40230988339549 -3
      vertex -14.342039769345517 17.33654796245526 3
      vertex -14.342039769345517 17.33654796245526 -3
    endloop
  endfacet
  facet normal -0.5877852522924731 0.8090169943749473 0
    outer loop
      vertex -14.342039769345517 17.33654796245526 -3
      vertex -12.056102887027427 18.99737832379534 3
      vertex -12.056102887027427 18.99737832379534 -3
    endloop
  endfacet
  facet normal -0.4817536741017151 0.8763066800438637 0
    outer loop
      vertex -12.056102887027427 18.99737832379534 -3
      vertex -9.580034060214135 20.35860868048544 3
      vertex -9.580034060214135 20.35860868048544 -3
    endloop
  endfacet
  facet normal -0.3681245526846773 0.9297764858882517 0
    outer loop
      vertex -9.580034060214135 20.35860868048544 -3
      vertex -6.952882373436316 21.398771616640953 3
      vertex -6.952882373436316 21.398771616640953 -3
    endloop
  endfacet
  facet normal -0.24868988716485538 0.9685831611286309 0
    outer loop
      vertex -6.952882373436316 21.398771616640953 -3
      vertex -4.216079578178803 22.101463141395495 3
      vertex -4.216079578178803 22.101463141395495 -3
    endloop
  endfacet
  facet normal -0.12533323356430473 0.9921147013144779 1.9645977573039598e-17
    outer loop
      vertex -4.216079578178803 22.101463141395495 -3
      vertex -1.4127866894095475 22.45560138963611 3
      vertex -1.4127866894095487 22.45560138963611 -3
    endloop
  endfacet
  facet normal -0.9980267284282716 0.06279051952931325 0
    outer loop
      vertex -22.5 0 -3
      vertex -22.5 0 3
      vertex -22.322580779575752 2.8199977551968414 3
    endloop
  endfacet
  facet normal -0.9822872507286886 0.18738131458572416 0
    outer loop
      vertex -22.322580779575752 2.8199977551968414 -3
      vertex -22.322580779575752 2.8199977551968414 3
      vertex -21.7931211253942 5.595522461209234 3
    endloop
  endfacet
  facet normal -0.9510565162951534 0.3090169943749477 0
    outer loop
      vertex -21.7931211253942 5.595522461209234 -3
      vertex -21.7931211253942 5.595522461209234 3
      vertex -20.919970932485658 8.282802435405252 3
    endloop
  endfacet
  facet normal -0.9048270524660195 0.4257792915650731 0
    outer loop
      vertex -20.919970932485658 8.282802435405252 -3
      vertex -20.919970932485658 8.282802435405252 3
      vertex -19.71690030098693 10.839457667288595 3
    endloop
  endfacet
  facet normal -0.8443279255020153 0.5358267949789963 0
    outer loop
      vertex -19.71690030098693 10.839457667288595 -3
      vertex -19.71690030098693 10.839457667288595 3
      vertex -18.202882373436317 13.225168176580645 3
    endloop
  endfacet
  facet normal -0.770513242775789 0.6374239897486899 0
    outer loop
      vertex -18.202882373436317 13.225168176580645 -3
      vertex -18.202882373436317 13.225168176580645 3
      vertex -16.401794116981762 15.40230988339549 3
    endloop
  endfacet
  facet normal -0.6845471059286893 0.7289686274214111 0
    outer loop
      vertex -16.401794116981762 15.40230988339549 -3
      vertex -16.401794116981762 15.40230988339549 3
      vertex -14.342039769345517 17.33654796245526 3
    endloop
  endfacet
  facet normal -0.5877852522924731 0.8090169943749473 0
    outer loop
      vertex -14.342039769345517 17.33654796245526 -3
      vertex -14.342039769345517 17.33654796245526 3
      vertex -12.056102887027427 18.99737832379534 3
    endloop
  endfacet
  facet normal -0.4817536741017151 0.8763066800438637 0
    outer loop
      vertex -12.056102887027427 18.99737832379534 -3
      vertex -12.056102887027427 18.99737832379534 3
      vertex -9.580034060214135 20.35860868048544 3
    endloop
  endfacet
  facet normal -0.3681245526846773 0.9297764858882517 0
    outer loop
      vertex -9.580034060214135 20.35860868048544 -3
      vertex -9.580034060214135 20.35860868048544 3
      vertex -6.952882373436316 21.398771616640953 3
    endloop
  endfacet
  facet normal -0.24868988716485538 0.9685831611286309 0
    outer loop
      vertex -6.952882373436316 21.398771616640953 -3
      vertex -6.952882373436316 21.398771616640953 3
      vertex -4.216079578178803 22.101463141395495 3
    endloop
  endfacet
  facet normal -0.1253332335643047 0.9921147013144779 0
    outer loop
      vertex -4.216079578178803 22.101463141395495 -3
      vertex -4.216079578178803 22.101463141395495 3
      vertex -1.4127866894095475 22.45560138963611 3
    endloop
  endfacet
  facet normal 0 1 0
    outer loop
      vertex -1.4127866894095487 22.45560138963611 -3
      vertex -1.4127866894095475 22.45560138963611 3
      vertex 1.4127866894095487 22.45560138963611 3
    endloop
  endfacet
  facet normal 0.12533323356430498 -0.9921147013144778 0
    outer loop
      vertex 1.4127866894095598 -22.45560138963611 -3
      vertex 4.2160795781788085 -22.101463141395495 -3
      vertex 1.4127866894095598 -22.45560138963611 3
    endloop
  endfacet
  facet normal 0.2486898871648558 -0.9685831611286309 0
    outer loop
      vertex 4.2160795781788085 -22.101463141395495 -3
      vertex 6.952882373436316 -21.398771616640953 -3
      vertex 4.2160795781788085 -22.101463141395495 3
    endloop
  endfacet
  facet normal 0.3681245526846779 -0.9297764858882513 0
    outer loop
      vertex 6.952882373436316 -21.398771616640953 -3
      vertex 9.58003406021413 -20.35860868048544 -3
      vertex 6.952882373436316 -21.398771616640953 3
    endloop
  endfacet
  facet normal 0.4817536741017142 -0.8763066800438641 0
    outer loop
      vertex 9.58003406021413 -20.35860868048544 -3
      vertex 12.056102887027414 -18.997378323795346 -3
      vertex 9.58003406021413 -20.35860868048544 3
    endloop
  endfacet
  facet normal 0.5877852522924732 -0.8090169943749475 0
    outer loop
      vertex 12.056102887027414 -18.997378323795346 -3
      vertex 14.342039769345524 -17.336547962455253 -3
      vertex 12.056102887027414 -18.997378323795346 3
    endloop
  endfacet
  facet normal 0.6845471059286892 -0.7289686274214112 0
    outer loop
      vertex 14.342039769345524 -17.336547962455253 -3
      vertex 16.401794116981762 -15.40230988339549 -3
      vertex 14.342039769345524 -17.336547962455253 3
    endloop
  endfacet
  facet normal 0.770513242775789 -0.6374239897486899 0
    outer loop
      vertex 16.401794116981762 -15.40230988339549 -3
      vertex 18.202882373436317 -13.225168176580645 -3
      vertex 16.401794116981762 -15.40230988339549 3
    endloop
  endfacet
  facet normal 0.8443279255020153 -0.5358267949789963 0
    outer loop
      vertex 18.202882373436317 -13.225168176580645 -3
      vertex 19.71690030098693 -10.839457667288595 -3
      vertex 18.202882373436317 -13.225168176580645 3
    endloop
  endfacet
  facet normal 0.9048270524660191 -0.42577929156507344 0
    outer loop
      vertex 19.71690030098693 -10.839457667288595 -3
      vertex 20.919970932485654 -8.282802435405262 -3
      vertex 19.71690030098693 -10.839457667288595 3
    endloop
  endfacet
  facet normal 0.9510565162951538 -0.30901699437494673 0
    outer loop
      vertex 20.919970932485654 -8.282802435405262 -3
      vertex 21.7931211253942 -5.5955224612092245 -3
      vertex 20.919970932485654 -8.282802435405262 3
    endloop
  endfacet
  facet normal 0.9822872507286886 -0.18738131458572482 0
    outer loop
      vertex 21.7931211253942 -5.5955224612092245 -3
      vertex 22.322580779575752 -2.8199977551968414 -3
      vertex 21.7931211253942 -5.5955224612092245 3
    endloop
  endfacet
  facet normal 0.9980267284282716 -0.06279051952931325 0
    outer loop
      vertex 22.322580779575752 -2.8199977551968414 -3
      vertex 22.5 0 -3
      vertex 22.322580779575752 -2.8199977551968414 3
    endloop
  endfacet
  facet normal 0 -1 0
    outer loop
      vertex -1.4127866894095598 -22.45560138963611 3
      vertex 1.4127866894095598 -22.45560138963611 -3
      vertex 1.4127866894095598 -22.45560138963611 3
    endloop
  endfacet
  facet normal 0.12533323356430498 -0.9921147013144778 0
    outer loop
      vertex 4.2160795781788085 -22.101463141395495 -3
      vertex 4.2160795781788085 -22.101463141395495 3
      vertex 1.4127866894095598 -22.45560138963611 3
    endloop
  endfacet
  facet normal 0.2486898871648558 -0.9685831611286309 0
    outer loop
      vertex 6.952882373436316 -21.398771616640953 -3
      vertex 6.952882373436316 -21.398771616640953 3
      vertex 4.2160795781788085 -22.101463141395495 3
    endloop
  endfacet
  facet normal 0.3681245526846779 -0.9297764858882513 0
    outer loop
      vertex 9.58003406021413 -20.35860868048544 -3
      vertex 9.58003406021413 -20.35860868048544 3
      vertex 6.952882373436316 -21.398771616640953 3
    endloop
  endfacet
  facet normal 0.4817536741017142 -0.8763066800438641 0
    outer loop
      vertex 12.056102887027414 -18.997378323795346 -3
      vertex 12.056102887027414 -18.997378323795346 3
      vertex 9.58003406021413 -20.35860868048544 3
    endloop
  endfacet
  facet normal 0.5877852522924732 -0.8090169943749475 0
    outer loop
      vertex 14.342039769345524 -17.336547962455253 -3
      vertex 14.342039769345524 -17.336547962455253 3
      vertex 12.056102887027414 -18.997378323795346 3
    endloop
  endfacet
  facet normal 0.6845471059286892 -0.7289686274214112 0
    outer loop
      vertex 16.401794116981762 -15.40230988339549 -3
      vertex 16.401794116981762 -15.40230988339549 3
      vertex 14.342039769345524 -17.336547962455253 3
    endloop
  endfacet
  facet normal 0.770513242775789 -0.6374239897486899 0
    outer loop
      vertex 18.202882373436317 -13.225168176580645 -3
      vertex 18.202882373436317 -13.225168176580645 3
      vertex 16.401794116981762 -15.40230988339549 3
    endloop
  endfacet
  facet normal 0.8443279255020153 -0.5358267949789963 0
    outer loop
      vertex 19.71690030098693 -10.839457667288595 -3
      vertex 19.71690030098693 -10.839457667288595 3
      vertex 18.202882373436317 -13.225168176580645 3
    endloop
  endfacet
  facet normal 0.9048270524660191 -0.42577929156507344 0
    outer loop
      vertex 20.919970932485654 -8.282802435405262 -3
      vertex 20.919970932485654 -8.282802435405262 3
      vertex 19.71690030098693 -10.839457667288595 3
    endloop
  endfacet
  facet normal 0.9510565162951538 -0.30901699437494673 0
    outer loop
      vertex 21.7931211253942 -5.5955224612092245 -3
      vertex 21.7931211253942 -5.5955224612092245 3
      vertex 20.919970932485654 -8.282802435405262 3
    endloop
  endfacet
  facet normal 0.9822872507286886 -0.18738131458572482 0
    outer loop
      vertex 22.322580779575752 -2.8199977551968414 -3
      vertex 22.322580779575752 -2.8199977551968414 3
      vertex 21.7931211253942 -5.5955224612092245 3
    endloop
  endfacet
  facet normal 0.9980267284282716 -0.06279051952931325 0
    outer loop
      vertex 22.322580779575752 -2.8199977551968414 3
      vertex 22.5 0 -3
      vertex 22.5 0 3
    endloop
  endfacet
  facet normal 0 1 0
    outer loop
      vertex -1.4127866894095487 22.45560138963611 -3
      vertex 1.4127866894095487 22.45560138963611 3
      vertex 1.4127866894095475 22.45560138963611 -3
    endloop
  endfacet
  facet normal 0.1253332335643047 0.9921147013144779 0
    outer loop
      vertex 1.4127866894095475 22.45560138963611 -3
      vertex 4.216079578178803 22.101463141395495 3
      vertex 4.216079578178803 22.101463141395495 -3
    endloop
  endfacet
  facet normal 0.24868988716485538 0.9685831611286309 0
    outer loop
      vertex 4.216079578178803 22.101463141395495 -3
      vertex 6.952882373436316 21.398771616640953 3
      vertex 6.952882373436316 21.398771616640953 -3
    endloop
  endfacet
  facet normal 0.3681245526846773 0.9297764858882517 0
    outer loop
      vertex 6.952882373436316 21.398771616640953 -3
      vertex 9.580034060214135 20.35860868048544 3
      vertex 9.580034060214135 20.35860868048544 -3
    endloop
  endfacet
  facet normal 0.48175367410171527 0.8763066800438635 0
    outer loop
      vertex 9.580034060214135 20.35860868048544 -3
      vertex 12.056102887027425 18.99737832379534 3
      vertex 12.056102887027425 18.99737832379534 -3
    endloop
  endfacet
  facet normal 0.9980267284282716 0.06279051952931315 0
    outer loop
      vertex 22.5 0 -3
      vertex 22.322580779575752 2.819997755196846 -3
      vertex 22.5 0 3
    endloop
  endfacet
  facet normal 0.9822872507286886 0.1873813145857246 0
    outer loop
      vertex 22.322580779575752 2.819997755196846 -3
      vertex 21.7931211253942 5.5955224612092325 -3
      vertex 22.322580779575752 2.819997755196846 3
    endloop
  endfacet
  facet normal 0.9048270524660201 0.42577929156507144 0
    outer loop
      vertex 19.716900300986932 10.839457667288595 -3
      vertex 20.919970932485654 8.282802435405255 3
      vertex 20.919970932485654 8.282802435405255 -3
    endloop
  endfacet
  facet normal 0.8443279255020147 0.5358267949789972 0
    outer loop
      vertex 19.716900300986932 10.839457667288595 -3
      vertex 18.202882373436317 13.225168176580645 -3
      vertex 19.716900300986932 10.839457667288595 3
    endloop
  endfacet
  facet normal 0.9510565162951533 0.30901699437494834 0
    outer loop
      vertex 21.7931211253942 5.5955224612092325 -3
      vertex 20.919970932485654 8.282802435405255 -3
      vertex 21.7931211253942 5.5955224612092325 3
    endloop
  endfacet
  facet normal 0.5877852522924734 0.8090169943749472 0
    outer loop
      vertex 12.056102887027425 18.99737832379534 -3
      vertex 14.342039769345519 17.336547962455256 3
      vertex 14.342039769345519 17.336547962455256 -3
    endloop
  endfacet
  facet normal 0.7705132427757891 0.6374239897486897 0
    outer loop
      vertex 16.40179411698176 15.402309883395496 -3
      vertex 18.202882373436317 13.225168176580645 3
      vertex 18.202882373436317 13.225168176580645 -3
    endloop
  endfacet
  facet normal 0.6845471059286884 0.7289686274214117 0
    outer loop
      vertex 16.40179411698176 15.402309883395496 -3
      vertex 14.342039769345519 17.336547962455256 -3
      vertex 16.40179411698176 15.402309883395496 3
    endloop
  endfacet
  facet normal 0.12533323356430476 0.9921147013144779 -2.319130694230227e-17
    outer loop
      vertex 1.4127866894095475 22.45560138963611 -3
      vertex 1.4127866894095487 22.45560138963611 3
      vertex 4.216079578178803 22.101463141395495 3
    endloop
  endfacet
  facet normal 0.24868988716485538 0.9685831611286309 0
    outer loop
      vertex 4.216079578178803 22.101463141395495 -3
      vertex 4.216079578178803 22.101463141395495 3
      vertex 6.952882373436316 21.398771616640953 3
    endloop
  endfacet
  facet normal 0.3681245526846773 0.9297764858882517 0
    outer loop
      vertex 6.952882373436316 21.398771616640953 -3
      vertex 6.952882373436316 21.398771616640953 3
      vertex 9.580034060214135 20.35860868048544 3
    endloop
  endfacet
  facet normal 0.48175367410171527 0.8763066800438635 0
    outer loop
      vertex 9.580034060214135 20.35860868048544 -3
      vertex 9.580034060214135 20.35860868048544 3
      vertex 12.056102887027425 18.99737832379534 3
    endloop
  endfacet
  facet normal 0.9980267284282716 0.06279051952931315 0
    outer loop
      vertex 22.322580779575752 2.819997755196846 -3
      vertex 22.322580779575752 2.819997755196846 3
      vertex 22.5 0 3
    endloop
  endfacet
  facet normal 0.9822872507286886 0.1873813145857246 0
    outer loop
      vertex 21.7931211253942 5.5955224612092325 -3
      vertex 21.7931211253942 5.5955224612092325 3
      vertex 22.322580779575752 2.819997755196846 3
    endloop
  endfacet
  facet normal 0.9510565162951533 0.30901699437494834 0
    outer loop
      vertex 20.919970932485654 8.282802435405255 -3
      vertex 20.919970932485654 8.282802435405255 3
      vertex 21.7931211253942 5.5955224612092325 3
    endloop
  endfacet
  facet normal 0.9048270524660201 0.42577929156507144 0
    outer loop
      vertex 19.716900300986932 10.839457667288595 -3
      vertex 19.716900300986932 10.839457667288595 3
      vertex 20.919970932485654 8.282802435405255 3
    endloop
  endfacet
  facet normal 0.6845471059286884 0.7289686274214117 0
    outer loop
      vertex 14.342039769345519 17.336547962455256 -3
      vertex 14.342039769345519 17.336547962455256 3
      vertex 16.40179411698176 15.402309883395496 3
    endloop
  endfacet
  facet normal 0.7705132427757891 0.6374239897486897 0
    outer loop
      vertex 16.40179411698176 15.402309883395496 -3
      vertex 16.40179411698176 15.402309883395496 3
      vertex 18.202882373436317 13.225168176580645 3
    endloop
  endfacet
  facet normal 0.5877852522924734 0.8090169943749472 0
    outer loop
      vertex 12.056102887027425 18.99737832379534 -3
      vertex 12.056102887027425 18.99737832379534 3
      vertex 14.342039769345519 17.336547962455256 3
    endloop
  endfacet
  facet normal 0.8443279255020147 0.5358267949789972 0
    outer loop
      vertex 18.202882373436317 13.225168176580645 -3
      vertex 18.202882373436317 13.225168176580645 3
      vertex 19.716900300986932 10.839457667288595 3
    endloop
  endfacet
  facet normal -0.7705132427757893 -0.6374239897486897 0
    outer loop
      vertex -17.859731371824587 -16.77140409525287 -6
      vertex -17.859731371824587 -16.77140409525287 -3
      vertex -19.820916362186214 -14.400738681165592 -6
    endloop
  endfacet
  facet normal -0.8443279255020157 -0.5358267949789957 0
    outer loop
      vertex -19.820916362186214 -14.400738681165592 -6
      vertex -19.820916362186214 -14.400738681165592 -3
      vertex -21.469513661074654 -11.802965015492028 -6
    endloop
  endfacet
  facet normal -0.8443279255020157 -0.5358267949789957 0
    outer loop
      vertex -21.469513661074654 -11.802965015492028 -3
      vertex -21.469513661074654 -11.802965015492028 -6
      vertex -19.820916362186214 -14.400738681165592 -3
    endloop
  endfacet
  facet normal -0.7705132427757893 -0.6374239897486897 0
    outer loop
      vertex -19.820916362186214 -14.400738681165592 -6
      vertex -17.859731371824587 -16.77140409525287 -3
      vertex -19.820916362186214 -14.400738681165592 -3
    endloop
  endfacet
  facet normal -0.587785252292473 -0.8090169943749476 0
    outer loop
      vertex -13.127756476985422 -20.686034174799367 -6
      vertex -13.127756476985422 -20.686034174799367 -3
      vertex -15.616887748842895 -18.87757444800684 -6
    endloop
  endfacet
  facet normal -0.587785252292473 -0.8090169943749476 0
    outer loop
      vertex -15.616887748842895 -18.87757444800684 -3
      vertex -15.616887748842895 -18.87757444800684 -6
      vertex -13.127756476985422 -20.686034174799367 -3
    endloop
  endfacet
  facet normal -0.6845471059286887 -0.7289686274214116 0
    outer loop
      vertex -17.859731371824587 -16.77140409525287 -6
      vertex -15.616887748842895 -18.87757444800684 -6
      vertex -15.616887748842895 -18.87757444800684 -3
    endloop
  endfacet
  facet normal -0.6845471059286887 -0.7289686274214116 0
    outer loop
      vertex -17.859731371824587 -16.77140409525287 -3
      vertex -17.859731371824587 -16.77140409525287 -6
      vertex -15.616887748842895 -18.87757444800684 -3
    endloop
  endfacet
  facet normal -0.9048270524660192 -0.42577929156507316 0
    outer loop
      vertex -21.469513661074654 -11.802965015492028 -6
      vertex -21.469513661074654 -11.802965015492028 -3
      vertex -22.77952390426216 -9.019051540774608 -6
    endloop
  endfacet
  facet normal -0.9510565162951534 -0.30901699437494784 0
    outer loop
      vertex -22.77952390426216 -9.019051540774608 -6
      vertex -22.77952390426216 -9.019051540774608 -3
      vertex -23.730287447651463 -6.0929022355389435 -6
    endloop
  endfacet
  facet normal -0.9048270524660192 -0.42577929156507316 0
    outer loop
      vertex -22.77952390426216 -9.019051540774608 -6
      vertex -21.469513661074654 -11.802965015492028 -3
      vertex -22.77952390426216 -9.019051540774608 -3
    endloop
  endfacet
  facet normal -0.9510565162951534 -0.30901699437494784 0
    outer loop
      vertex -23.730287447651463 -6.0929022355389435 -6
      vertex -22.77952390426216 -9.019051540774608 -3
      vertex -23.730287447651463 -6.0929022355389435 -3
    endloop
  endfacet
  facet normal -0.9822872507286887 -0.18738131458572405 0
    outer loop
      vertex -23.730287447651463 -6.0929022355389435 -6
      vertex -23.730287447651463 -6.0929022355389435 -3
      vertex -24.306810182204707 -3.0706642223254494 -6
    endloop
  endfacet
  facet normal -0.9980267284282718 -0.06279051952931118 0
    outer loop
      vertex -24.306810182204707 -3.0706642223254494 -6
      vertex -24.306810182204707 -3.0706642223254494 -3
      vertex -24.339008485170588 -2.5588868519378747 -6
    endloop
  endfacet
  facet normal -0.9822872507286887 -0.18738131458572405 0
    outer loop
      vertex -24.306810182204707 -3.0706642223254494 -6
      vertex -23.730287447651463 -6.0929022355389435 -3
      vertex -24.306810182204707 -3.0706642223254494 -3
    endloop
  endfacet
  facet normal -0.4817536741017145 -0.8763066800438639 0
    outer loop
      vertex -10.431592643344274 -22.16826278541748 -3
      vertex -13.127756476985422 -20.686034174799367 -6
      vertex -10.431592643344274 -22.16826278541748 -6
    endloop
  endfacet
  facet normal -0.3681245526846779 -0.9297764858882515 0
    outer loop
      vertex -7.570916362186211 -23.30088464923126 -3
      vertex -10.431592643344274 -22.16826278541748 -6
      vertex -7.570916362186211 -23.30088464923126 -6
    endloop
  endfacet
  facet normal -0.3681245526846779 -0.9297764858882515 0
    outer loop
      vertex -7.570916362186211 -23.30088464923126 -3
      vertex -10.431592643344274 -22.16826278541748 -3
      vertex -10.431592643344274 -22.16826278541748 -6
    endloop
  endfacet
  facet normal -0.4817536741017145 -0.8763066800438639 0
    outer loop
      vertex -13.127756476985422 -20.686034174799367 -6
      vertex -10.431592643344274 -22.16826278541748 -3
      vertex -13.127756476985422 -20.686034174799367 -3
    endloop
  endfacet
  facet normal -0.24868988716485477 -0.9685831611286312 0
    outer loop
      vertex -7.570916362186211 -23.30088464923126 -6
      vertex -4.590842207350258 -24.06603764285287 -3
      vertex -7.570916362186211 -23.30088464923126 -3
    endloop
  endfacet
  facet normal -0.24868988716485477 -0.9685831611286312 0
    outer loop
      vertex -7.570916362186211 -23.30088464923126 -6
      vertex -4.590842207350258 -24.06603764285287 -6
      vertex -4.590842207350258 -24.06603764285287 -3
    endloop
  endfacet
  facet normal -0.12533323356430498 -0.9921147013144778 0
    outer loop
      vertex -1.5383677284681871 -24.45165484649265 -3
      vertex -4.590842207350258 -24.06603764285287 -6
      vertex -1.5383677284681871 -24.45165484649265 -6
    endloop
  endfacet
  facet normal -0.12533323356430498 -0.9921147013144778 0
    outer loop
      vertex -4.590842207350258 -24.06603764285287 -3
      vertex -4.590842207350258 -24.06603764285287 -6
      vertex -1.5383677284681871 -24.45165484649265 -3
    endloop
  endfacet
  facet normal 0 -1 0
    outer loop
      vertex -1.5383677284681871 -24.45165484649265 -3
      vertex -1.5383677284681871 -24.45165484649265 -6
      vertex 1.5383677284681871 -24.45165484649265 -3
    endloop
  endfacet
  facet normal -0.7705132427757893 -0.6374239897486897 0
    outer loop
      vertex -17.859731371824587 -16.77140409525287 3
      vertex -17.859731371824587 -16.77140409525287 6
      vertex -19.820916362186214 -14.400738681165592 3
    endloop
  endfacet
  facet normal -0.7705132427757893 -0.6374239897486897 0
    outer loop
      vertex -19.820916362186214 -14.400738681165592 6
      vertex -19.820916362186214 -14.400738681165592 3
      vertex -17.859731371824587 -16.77140409525287 6
    endloop
  endfacet
  facet normal -0.587785252292473 -0.8090169943749476 0
    outer loop
      vertex -13.127756476985422 -20.686034174799367 6
      vertex -15.616887748842895 -18.87757444800684 3
      vertex -13.127756476985422 -20.686034174799367 3
    endloop
  endfacet
  facet normal -0.587785252292473 -0.8090169943749476 0
    outer loop
      vertex -13.127756476985422 -20.686034174799367 6
      vertex -15.616887748842895 -18.87757444800684 6
      vertex -15.616887748842895 -18.87757444800684 3
    endloop
  endfacet
  facet normal -0.48175367410171493 -0.8763066800438637 0
    outer loop
      vertex -12.67839583804523 -20.933072276569053 6
      vertex -13.127756476985422 -20.686034174799367 6
      vertex -13.127756476985422 -20.686034174799367 3
    endloop
  endfacet
  facet normal -0.6845471059286887 -0.7289686274214116 0
    outer loop
      vertex -15.616887748842895 -18.87757444800684 6
      vertex -17.859731371824587 -16.77140409525287 3
      vertex -15.616887748842895 -18.87757444800684 3
    endloop
  endfacet
  facet normal -0.6845471059286887 -0.7289686274214116 0
    outer loop
      vertex -15.616887748842895 -18.87757444800684 6
      vertex -17.859731371824587 -16.77140409525287 6
      vertex -17.859731371824587 -16.77140409525287 3
    endloop
  endfacet
  facet normal -0.9048270524660192 -0.4257792915650733 0
    outer loop
      vertex -21.469513661074654 -11.802965015492028 6
      vertex -22.452021343465283 -9.715029909453964 3
      vertex -21.469513661074654 -11.802965015492028 3
    endloop
  endfacet
  facet normal -0.9510565162951534 -0.30901699437494784 0
    outer loop
      vertex -22.77952390426216 -9.019051540774608 3
      vertex -22.77952390426216 -9.019051540774608 6
      vertex -23.730287447651463 -6.0929022355389435 3
    endloop
  endfacet
  facet normal -0.904827052466019 -0.4257792915650736 0
    outer loop
      vertex -22.77952390426216 -9.019051540774608 3
      vertex -22.56118886373091 -9.483037119894178 6
      vertex -22.77952390426216 -9.019051540774608 6
    endloop
  endfacet
  facet normal -0.9048270524660192 -0.42577929156507305 2.0207291217983552e-16
    outer loop
      vertex -22.56118886373091 -9.483037119894178 6
      vertex -22.452021343465283 -9.715029909453964 3
      vertex -21.469513661074654 -11.802965015492028 6
    endloop
  endfacet
  facet normal -0.9510565162951534 -0.30901699437494784 0
    outer loop
      vertex -23.730287447651463 -6.0929022355389435 6
      vertex -23.730287447651463 -6.0929022355389435 3
      vertex -22.77952390426216 -9.019051540774608 6
    endloop
  endfacet
  facet normal -0.8443279255020153 -0.5358267949789961 0
    outer loop
      vertex -21.469513661074654 -11.802965015492028 3
      vertex -21.194747444593247 -12.235927293104288 6
      vertex -21.469513661074654 -11.802965015492028 6
    endloop
  endfacet
  facet normal -0.9980267284282716 -0.06279051952931422 0
    outer loop
      vertex -24.45170254555118 -0.7676660555813624 3
      vertex -24.306810182204707 -3.0706642223254494 3
      vertex -24.306810182204707 -3.0706642223254494 6
    endloop
  endfacet
  facet normal -0.9822872507286888 -0.18738131458572413 0
    outer loop
      vertex -24.306810182204707 -3.0706642223254494 3
      vertex -24.210723059779166 -3.5743705578610316 6
      vertex -24.306810182204707 -3.0706642223254494 6
    endloop
  endfacet
  facet normal -0.9980267284282716 -0.06279051952931392 2.3635313835320135e-16
    outer loop
      vertex -24.46780169703412 -0.5117773703875749 6
      vertex -24.45170254555118 -0.7676660555813624 3
      vertex -24.306810182204707 -3.0706642223254494 6
    endloop
  endfacet
  facet normal -0.9980267284282718 -0.06279051952931115 0
    outer loop
      vertex -24.5 0 3
      vertex -24.46780169703412 -0.5117773703875749 6
      vertex -24.5 0 6
    endloop
  endfacet
  facet normal -0.4817536741017141 -0.8763066800438641 0
    outer loop
      vertex -10.431592643344274 -22.16826278541748 6
      vertex -11.10563360175456 -21.797705632762952 3
      vertex -10.431592643344274 -22.16826278541748 3
    endloop
  endfacet
  facet normal -0.3681245526846779 -0.9297764858882515 0
    outer loop
      vertex -7.570916362186211 -23.30088464923126 6
      vertex -10.431592643344274 -22.16826278541748 3
      vertex -7.570916362186211 -23.30088464923126 3
    endloop
  endfacet
  facet normal -0.3681245526846779 -0.9297764858882515 0
    outer loop
      vertex -10.431592643344274 -22.16826278541748 6
      vertex -10.431592643344274 -22.16826278541748 3
      vertex -7.570916362186211 -23.30088464923126 6
    endloop
  endfacet
  facet normal -0.24868988716485477 -0.9685831611286312 0
    outer loop
      vertex -7.570916362186211 -23.30088464923126 6
      vertex -7.570916362186211 -23.30088464923126 3
      vertex -4.590842207350258 -24.06603764285287 6
    endloop
  endfacet
  facet normal -0.24868988716485477 -0.9685831611286312 0
    outer loop
      vertex -7.570916362186211 -23.30088464923126 3
      vertex -4.590842207350258 -24.06603764285287 3
      vertex -4.590842207350258 -24.06603764285287 6
    endloop
  endfacet
  facet normal -0.12533323356430492 -0.9921147013144777 0
    outer loop
      vertex -4.082096460869913 -24.130307176792833 6
      vertex -4.590842207350258 -24.06603764285287 6
      vertex -4.590842207350258 -24.06603764285287 3
    endloop
  endfacet
  facet normal 0 -1 0
    outer loop
      vertex -1.5383677284681871 -24.45165484649265 6
      vertex -1.5383677284681871 -24.45165484649265 3
      vertex 1.5383677284681871 -24.45165484649265 6
    endloop
  endfacet
  facet normal -0.9980267284282718 0.06279051952931115 0
    outer loop
      vertex -24.5 0 -6
      vertex -24.5 0 -3
      vertex -24.46780169703412 0.5117773703875749 -6
    endloop
  endfacet
  facet normal -0.9822872507286888 0.18738131458572416 5.694577045246485e-16
    outer loop
      vertex -24.210723059779166 3.5743705578610316 -6
      vertex -24.306810182204707 3.0706642223254494 -6
      vertex -24.249157908749382 3.372888023646799 -4.8
    endloop
  endfacet
  facet normal -0.9822872507286884 0.18738131458572632 0
    outer loop
      vertex -24.249157908749382 3.372888023646799 -4.8
      vertex -24.306810182204707 3.0706642223254494 -6
      vertex -24.306810182204707 3.0706642223254494 -3
    endloop
  endfacet
  facet normal -0.9822872507286892 0.18738131458572185 -7.768179907706979e-16
    outer loop
      vertex -24.306810182204707 3.0706642223254494 -3
      vertex -24.162679498566398 3.826223725628823 -3
      vertex -24.249157908749382 3.372888023646799 -4.8
    endloop
  endfacet
  facet normal -0.9510565162951534 0.30901699437494784 0
    outer loop
      vertex -23.730287447651463 6.0929022355389435 -6
      vertex -23.730287447651463 6.0929022355389435 -3
      vertex -22.77952390426216 9.019051540774608 -6
    endloop
  endfacet
  facet normal -0.904827052466019 0.4257792915650736 0
    outer loop
      vertex -22.56118886373091 9.483037119894178 -6
      vertex -22.77952390426216 9.019051540774608 -6
      vertex -22.77952390426216 9.019051540774608 -3
    endloop
  endfacet
  facet normal -0.9510565162951534 0.30901699437494784 0
    outer loop
      vertex -23.730287447651463 6.0929022355389435 -3
      vertex -22.77952390426216 9.019051540774608 -3
      vertex -22.77952390426216 9.019051540774608 -6
    endloop
  endfacet
  facet normal -0.8443279255020157 0.5358267949789957 0
    outer loop
      vertex -21.469513661074654 11.802965015492028 -6
      vertex -21.469513661074654 11.802965015492028 -3
      vertex -19.820916362186214 14.400738681165592 -6
    endloop
  endfacet
  facet normal -0.7705132427757893 0.6374239897486897 0
    outer loop
      vertex -19.820916362186214 14.400738681165592 -6
      vertex -19.820916362186214 14.400738681165592 -3
      vertex -17.859731371824587 16.77140409525287 -6
    endloop
  endfacet
  facet normal -0.8443279255020157 0.5358267949789957 0
    outer loop
      vertex -19.820916362186214 14.400738681165592 -6
      vertex -21.469513661074654 11.802965015492028 -3
      vertex -19.820916362186214 14.400738681165592 -3
    endloop
  endfacet
  facet normal -0.7705132427757893 0.6374239897486897 0
    outer loop
      vertex -17.859731371824587 16.77140409525287 -6
      vertex -19.820916362186214 14.400738681165592 -3
      vertex -17.859731371824587 16.77140409525287 -3
    endloop
  endfacet
  facet normal -0.6845471059286887 0.7289686274214116 0
    outer loop
      vertex -17.859731371824587 16.77140409525287 -6
      vertex -17.859731371824587 16.77140409525287 -3
      vertex -15.616887748842895 18.87757444800684 -6
    endloop
  endfacet
  facet normal -0.6845471059286887 0.7289686274214116 0
    outer loop
      vertex -15.616887748842895 18.87757444800684 -3
      vertex -15.616887748842895 18.87757444800684 -6
      vertex -17.859731371824587 16.77140409525287 -3
    endloop
  endfacet
  facet normal -0.587785252292473 0.8090169943749476 0
    outer loop
      vertex -13.127756476985422 20.686034174799367 -6
      vertex -15.616887748842895 18.87757444800684 -6
      vertex -15.616887748842895 18.87757444800684 -3
    endloop
  endfacet
  facet normal -0.5877852522924725 0.8090169943749479 6.415013085074179e-16
    outer loop
      vertex -13.127756476985422 20.686034174799367 -6
      vertex -15.616887748842895 18.87757444800684 -3
      vertex -13.75003929494979 20.233919243101234 -3
    endloop
  endfacet
  facet normal -0.48175367410171466 0.8763066800438639 0
    outer loop
      vertex -10.431592643344281 22.168262785417475 -6
      vertex -13.127756476985422 20.686034174799367 -6
      vertex -13.127756476985422 20.686034174799367 -3
    endloop
  endfacet
  facet normal -0.36812455268467814 0.9297764858882515 0
    outer loop
      vertex -10.431592643344281 22.168262785417475 -6
      vertex -10.431592643344281 22.168262785417475 -3
      vertex -7.570916362186211 23.30088464923126 -6
    endloop
  endfacet
  facet normal -0.24868988716485751 0.9685831611286305 0
    outer loop
      vertex -7.570916362186211 23.30088464923126 -3
      vertex -7.074237336380218 23.428410148168197 -6
      vertex -7.570916362186211 23.30088464923126 -6
    endloop
  endfacet
  facet normal -0.48175367410171466 0.8763066800438639 0
    outer loop
      vertex -10.431592643344281 22.168262785417475 -6
      vertex -13.127756476985422 20.686034174799367 -3
      vertex -10.431592643344281 22.168262785417475 -3
    endloop
  endfacet
  facet normal -0.36812455268467814 0.9297764858882515 0
    outer loop
      vertex -10.431592643344281 22.168262785417475 -3
      vertex -7.570916362186211 23.30088464923126 -3
      vertex -7.570916362186211 23.30088464923126 -6
    endloop
  endfacet
  facet normal -0.12533323356430362 0.992114701314478 0
    outer loop
      vertex -4.590842207350252 24.066037642852873 -6
      vertex -4.590842207350252 24.066037642852873 -3
      vertex -1.5383677284681754 24.45165484649265 -6
    endloop
  endfacet
  facet normal 0 1 0
    outer loop
      vertex -1.0255784856454504 24.45165484649265 -6
      vertex -1.5383677284681754 24.45165484649265 -6
      vertex -1.5383677284681754 24.45165484649265 -3
    endloop
  endfacet
  facet normal -0.12533323356430362 0.992114701314478 0
    outer loop
      vertex -1.5383677284681754 24.45165484649265 -3
      vertex -1.5383677284681754 24.45165484649265 -6
      vertex -4.590842207350252 24.066037642852873 -3
    endloop
  endfacet
  facet normal -0.9980267284282714 0.06279051952931344 0
    outer loop
      vertex -24.5 0 3
      vertex -24.5 0 6
      vertex -24.306810182204707 3.0706642223254494 3
    endloop
  endfacet
  facet normal -0.9822872507286887 0.18738131458572405 0
    outer loop
      vertex -24.306810182204707 3.0706642223254494 3
      vertex -24.306810182204707 3.0706642223254494 6
      vertex -23.730287447651463 6.0929022355389435 3
    endloop
  endfacet
  facet normal -0.9980267284282714 0.06279051952931344 0
    outer loop
      vertex -24.306810182204707 3.0706642223254494 6
      vertex -24.306810182204707 3.0706642223254494 3
      vertex -24.5 0 6
    endloop
  endfacet
  facet normal -0.9822872507286887 0.18738131458572405 0
    outer loop
      vertex -23.730287447651463 6.0929022355389435 6
      vertex -23.730287447651463 6.0929022355389435 3
      vertex -24.306810182204707 3.0706642223254494 6
    endloop
  endfacet
  facet normal -0.9510565162951534 0.30901699437494784 0
    outer loop
      vertex -23.730287447651463 6.0929022355389435 6
      vertex -22.77952390426216 9.019051540774608 3
      vertex -23.730287447651463 6.0929022355389435 3
    endloop
  endfacet
  facet normal -0.9048270524660192 0.42577929156507316 0
    outer loop
      vertex -22.77952390426216 9.019051540774608 3
      vertex -22.77952390426216 9.019051540774608 6
      vertex -21.469513661074654 11.802965015492028 3
    endloop
  endfacet
  facet normal -0.9510565162951534 0.30901699437494784 0
    outer loop
      vertex -22.77952390426216 9.019051540774608 6
      vertex -22.77952390426216 9.019051540774608 3
      vertex -23.730287447651463 6.0929022355389435 6
    endloop
  endfacet
  facet normal -0.9048270524660192 0.42577929156507316 0
    outer loop
      vertex -21.469513661074654 11.802965015492028 6
      vertex -21.469513661074654 11.802965015492028 3
      vertex -22.77952390426216 9.019051540774608 6
    endloop
  endfacet
  facet normal -0.8443279255020157 0.5358267949789957 0
    outer loop
      vertex -21.469513661074654 11.802965015492028 3
      vertex -21.469513661074654 11.802965015492028 6
      vertex -19.820916362186214 14.400738681165592 3
    endloop
  endfacet
  facet normal -0.7705132427757893 0.6374239897486897 0
    outer loop
      vertex -19.820916362186214 14.400738681165592 3
      vertex -19.820916362186214 14.400738681165592 6
      vertex -17.859731371824587 16.77140409525287 3
    endloop
  endfacet
  facet normal -0.8443279255020157 0.5358267949789957 0
    outer loop
      vertex -19.820916362186214 14.400738681165592 6
      vertex -19.820916362186214 14.400738681165592 3
      vertex -21.469513661074654 11.802965015492028 6
    endloop
  endfacet
  facet normal -0.7705132427757893 0.6374239897486897 0
    outer loop
      vertex -17.859731371824587 16.77140409525287 6
      vertex -17.859731371824587 16.77140409525287 3
      vertex -19.820916362186214 14.400738681165592 6
    endloop
  endfacet
  facet normal -0.6845471059286887 0.7289686274214116 0
    outer loop
      vertex -17.859731371824587 16.77140409525287 3
      vertex -17.859731371824587 16.77140409525287 6
      vertex -15.616887748842895 18.87757444800684 3
    endloop
  endfacet
  facet normal -0.6845471059286887 0.7289686274214116 0
    outer loop
      vertex -15.616887748842895 18.87757444800684 6
      vertex -15.616887748842895 18.87757444800684 3
      vertex -17.859731371824587 16.77140409525287 6
    endloop
  endfacet
  facet normal -0.587785252292473 0.8090169943749476 0
    outer loop
      vertex -15.616887748842895 18.87757444800684 3
      vertex -15.616887748842895 18.87757444800684 6
      vertex -13.127756476985422 20.686034174799367 3
    endloop
  endfacet
  facet normal -0.587785252292473 0.8090169943749476 0
    outer loop
      vertex -13.127756476985422 20.686034174799367 6
      vertex -13.127756476985422 20.686034174799367 3
      vertex -15.616887748842895 18.87757444800684 6
    endloop
  endfacet
  facet normal -0.48175367410171466 0.8763066800438639 0
    outer loop
      vertex -13.127756476985422 20.686034174799367 3
      vertex -13.127756476985422 20.686034174799367 6
      vertex -10.431592643344281 22.168262785417475 3
    endloop
  endfacet
  facet normal -0.36812455268467814 0.9297764858882515 0
    outer loop
      vertex -7.570916362186211 23.30088464923126 3
      vertex -10.431592643344281 22.168262785417475 3
      vertex -10.431592643344281 22.168262785417475 6
    endloop
  endfacet
  facet normal -0.24868988716485535 0.9685831611286311 0
    outer loop
      vertex -7.570916362186211 23.30088464923126 3
      vertex -7.570916362186211 23.30088464923126 6
      vertex -4.590842207350252 24.066037642852873 3
    endloop
  endfacet
  facet normal -0.48175367410171466 0.8763066800438639 0
    outer loop
      vertex -10.431592643344281 22.168262785417475 6
      vertex -10.431592643344281 22.168262785417475 3
      vertex -13.127756476985422 20.686034174799367 6
    endloop
  endfacet
  facet normal -0.36812455268467814 0.9297764858882515 0
    outer loop
      vertex -7.570916362186211 23.30088464923126 6
      vertex -7.570916362186211 23.30088464923126 3
      vertex -10.431592643344281 22.168262785417475 6
    endloop
  endfacet
  facet normal -0.1253332335643036 0.992114701314478 0
    outer loop
      vertex -4.590842207350252 24.066037642852873 3
      vertex -4.590842207350252 24.066037642852873 6
      vertex -1.5383677284681745 24.45165484649265 3
    endloop
  endfacet
  facet normal -0.24868988716485535 0.9685831611286311 0
    outer loop
      vertex -4.590842207350252 24.066037642852873 3
      vertex -7.570916362186211 23.30088464923126 6
      vertex -4.590842207350252 24.066037642852873 6
    endloop
  endfacet
  facet normal -0.12533323356430362 0.992114701314478 -3.7106091107683294e-17
    outer loop
      vertex -1.5383677284681754 24.45165484649265 6
      vertex -1.5383677284681745 24.45165484649265 3
      vertex -4.590842207350252 24.066037642852873 6
    endloop
  endfacet
  facet normal 0 -1 0
    outer loop
      vertex 1.5383677284681871 -24.45165484649265 -6
      vertex 1.5383677284681871 -24.45165484649265 -4.8
      vertex -1.5383677284681871 -24.45165484649265 -6
    endloop
  endfacet
  facet normal 0 -1 0
    outer loop
      vertex 1.5383677284681871 -24.45165484649265 -3
      vertex -1.5383677284681871 -24.45165484649265 -6
      vertex 1.5383677284681871 -24.45165484649265 -4.8
    endloop
  endfacet
  facet normal 0.12533323356430492 -0.9921147013144777 0
    outer loop
      vertex 4.082096460869913 -24.130307176792833 -6
      vertex 4.590842207350258 -24.06603764285287 -6
      vertex 4.590842207350258 -24.06603764285287 -3
    endloop
  endfacet
  facet normal 0.12533323356430495 -0.9921147013144779 0
    outer loop
      vertex 1.5383677284681871 -24.45165484649265 -3
      vertex 1.5383677284681871 -24.45165484649265 -4.8
      vertex 2.301486348188705 -24.355250545582706 -3
    endloop
  endfacet
  facet normal 0.24868988716485477 -0.9685831611286312 0
    outer loop
      vertex 4.590842207350258 -24.06603764285287 -6
      vertex 7.570916362186211 -23.30088464923126 -3
      vertex 4.590842207350258 -24.06603764285287 -3
    endloop
  endfacet
  facet normal 0.24868988716485477 -0.9685831611286312 0
    outer loop
      vertex 7.570916362186211 -23.30088464923126 -6
      vertex 7.570916362186211 -23.30088464923126 -3
      vertex 4.590842207350258 -24.06603764285287 -6
    endloop
  endfacet
  facet normal 0.3681245526846779 -0.9297764858882515 -2.1797352230419514e-16
    outer loop
      vertex 10.431592643344274 -22.16826278541748 -6
      vertex 10.431592643344276 -22.16826278541748 -3
      vertex 7.570916362186211 -23.30088464923126 -6
    endloop
  endfacet
  facet normal 0.4817536741017147 -0.8763066800438638 0
    outer loop
      vertex 10.431592643344274 -22.16826278541748 -6
      vertex 13.127756476985407 -20.686034174799374 -6
      vertex 13.127756476985407 -20.686034174799374 -3
    endloop
  endfacet
  facet normal 0.36812455268467764 -0.9297764858882515 0
    outer loop
      vertex 7.570916362186211 -23.30088464923126 -6
      vertex 10.431592643344276 -22.16826278541748 -3
      vertex 7.570916362186211 -23.30088464923126 -3
    endloop
  endfacet
  facet normal 0.481753674101715 -0.8763066800438638 -2.852554779655936e-16
    outer loop
      vertex 10.431592643344274 -22.16826278541748 -6
      vertex 13.127756476985407 -20.686034174799374 -3
      vertex 10.431592643344276 -22.16826278541748 -3
    endloop
  endfacet
  facet normal 0.5877852522924724 -0.8090169943749479 0
    outer loop
      vertex 13.127756476985407 -20.686034174799374 -6
      vertex 15.616887748842904 -18.877574448006833 -6
      vertex 15.616887748842904 -18.877574448006833 -3
    endloop
  endfacet
  facet normal 0.5877852522924729 -0.8090169943749477 -5.132010468059294e-16
    outer loop
      vertex 13.127756476985407 -20.686034174799374 -6
      vertex 15.616887748842904 -18.877574448006833 -3
      vertex 13.750039294949781 -20.23391924310124 -3
    endloop
  endfacet
  facet normal 0.684547105928689 -0.7289686274214113 0
    outer loop
      vertex 17.859731371824587 -16.77140409525287 -6
      vertex 17.859731371824587 -16.77140409525287 -3
      vertex 15.616887748842904 -18.877574448006833 -6
    endloop
  endfacet
  facet normal 0.684547105928689 -0.7289686274214113 0
    outer loop
      vertex 15.616887748842904 -18.877574448006833 -3
      vertex 15.616887748842904 -18.877574448006833 -6
      vertex 17.859731371824587 -16.77140409525287 -3
    endloop
  endfacet
  facet normal 0.7705132427757893 -0.6374239897486897 0
    outer loop
      vertex 19.820916362186214 -14.400738681165592 -6
      vertex 19.820916362186214 -14.400738681165592 -3
      vertex 17.859731371824587 -16.77140409525287 -6
    endloop
  endfacet
  facet normal 0.8443279255020157 -0.5358267949789957 0
    outer loop
      vertex 21.469513661074654 -11.802965015492028 -6
      vertex 21.469513661074654 -11.802965015492028 -3
      vertex 19.820916362186214 -14.400738681165592 -6
    endloop
  endfacet
  facet normal 0.7705132427757893 -0.6374239897486897 0
    outer loop
      vertex 17.859731371824587 -16.77140409525287 -6
      vertex 19.820916362186214 -14.400738681165592 -3
      vertex 17.859731371824587 -16.77140409525287 -3
    endloop
  endfacet
  facet normal 0.8443279255020157 -0.5358267949789957 0
    outer loop
      vertex 19.820916362186214 -14.400738681165592 -3
      vertex 19.820916362186214 -14.400738681165592 -6
      vertex 21.469513661074654 -11.802965015492028 -3
    endloop
  endfacet
  facet normal 0.904827052466019 -0.42577929156507355 -9.321815889248398e-16
    outer loop
      vertex 22.779523904262156 -9.019051540774619 -6
      vertex 22.648522879943407 -9.29744288824636 -4.8
      vertex 21.469513661074654 -11.802965015492028 -6
    endloop
  endfacet
  facet normal 0.9048270524660188 -0.4257792915650742 8.820642991976981e-16
    outer loop
      vertex 21.469513661074654 -11.802965015492028 -6
      vertex 22.648522879943407 -9.29744288824636 -4.8
      vertex 22.45202134346528 -9.715029909453971 -3
    endloop
  endfacet
  facet normal 0.951056516295153 -0.3090169943749491 4.736083879214875e-16
    outer loop
      vertex 23.63521109331253 -6.3855171660625025 -4.8
      vertex 23.571826857086577 -6.580593786411548 -6
      vertex 23.730287447651463 -6.092902235538934 -6
    endloop
  endfacet
  facet normal 0.9048270524660206 -0.4257792915650703 0
    outer loop
      vertex 22.779523904262156 -9.019051540774619 -6
      vertex 22.779523904262156 -9.019051540774619 -4.8
      vertex 22.648522879943407 -9.29744288824636 -4.8
    endloop
  endfacet
  facet normal 0.9510565162951524 -0.3090169943749509 0
    outer loop
      vertex 23.63521109331253 -6.3855171660625025 -4.8
      vertex 23.730287447651463 -6.092902235538934 -6
      vertex 23.730287447651463 -6.092902235538934 -3
    endloop
  endfacet
  facet normal 0.9048270524660191 -0.4257792915650732 0
    outer loop
      vertex 21.469513661074654 -11.802965015492028 -6
      vertex 22.45202134346528 -9.715029909453971 -3
      vertex 21.469513661074654 -11.802965015492028 -3
    endloop
  endfacet
  facet normal 0.9048270524660207 -0.42577929156507033 0
    outer loop
      vertex 22.648522879943407 -9.29744288824636 -4.8
      vertex 22.779523904262156 -9.019051540774619 -4.8
      vertex 22.779523904262156 -9.019051540774619 -3
    endloop
  endfacet
  facet normal 0.9510565162951538 -0.3090169943749465 0
    outer loop
      vertex 23.63521109331253 -6.3855171660625025 -4.8
      vertex 22.779523904262156 -9.019051540774619 -3
      vertex 22.779523904262156 -9.019051540774619 -4.8
    endloop
  endfacet
  facet normal 0.9510565162951538 -0.30901699437494695 -7.116655141254103e-16
    outer loop
      vertex 23.63521109331253 -6.3855171660625025 -4.8
      vertex 23.730287447651463 -6.092902235538934 -3
      vertex 22.779523904262156 -9.019051540774619 -3
    endloop
  endfacet
  facet normal 0.9822872507286887 -0.18738131458572466 0
    outer loop
      vertex 24.306810182204707 -3.0706642223254494 -6
      vertex 24.306810182204707 -3.0706642223254494 -4.8
      vertex 23.730287447651463 -6.092902235538934 -6
    endloop
  endfacet
  facet normal 0.9822872507286886 -0.18738131458572466 0
    outer loop
      vertex 24.306810182204707 -3.0706642223254494 -4.8
      vertex 24.306810182204707 -3.0706642223254494 -3
      vertex 23.730287447651463 -6.092902235538934 -6
    endloop
  endfacet
  facet normal 0.9980267284282717 -0.06279051952931115 1.768983710837713e-15
    outer loop
      vertex 24.46780169703412 -0.5117773703875749 -6
      vertex 24.5 0 -6
      vertex 24.48068101822047 -0.307066422232545 -4.8
    endloop
  endfacet
  facet normal 0.9980267284282713 -0.06279051952931805 0
    outer loop
      vertex 24.48068101822047 -0.307066422232545 -4.8
      vertex 24.5 0 -6
      vertex 24.5 0 -3
    endloop
  endfacet
  facet normal 0.9822872507286886 -0.18738131458572468 0
    outer loop
      vertex 23.730287447651463 -6.092902235538934 -6
      vertex 24.306810182204707 -3.0706642223254494 -3
      vertex 23.730287447651463 -6.092902235538934 -3
    endloop
  endfacet
  facet normal 0.9980267284282717 -0.06279051952931294 0
    outer loop
      vertex 24.48068101822047 -0.307066422232545 -4.8
      vertex 24.306810182204707 -3.0706642223254494 -3
      vertex 24.306810182204707 -3.0706642223254494 -4.8
    endloop
  endfacet
  facet normal 0.9980267284282717 -0.06279051952931346 -7.880943809593071e-16
    outer loop
      vertex 24.48068101822047 -0.307066422232545 -4.8
      vertex 24.5 0 -3
      vertex 24.306810182204707 -3.0706642223254494 -3
    endloop
  endfacet
  facet normal 0 -1 0
    outer loop
      vertex -1.5383677284681871 -24.45165484649265 3
      vertex 1.5383677284681871 -24.45165484649265 3
      vertex 1.5383677284681871 -24.45165484649265 6
    endloop
  endfacet
  facet normal 0.125333233564305 -0.9921147013144778 -4.811259813805627e-17
    outer loop
      vertex 1.5383677284681871 -24.45165484649265 3
      vertex 4.590842207350257 -24.06603764285287 3
      vertex 4.590842207350258 -24.06603764285287 6
    endloop
  endfacet
  facet normal 0.12533323356430498 -0.9921147013144778 0
    outer loop
      vertex 1.5383677284681871 -24.45165484649265 3
      vertex 4.590842207350258 -24.06603764285287 6
      vertex 1.5383677284681871 -24.45165484649265 6
    endloop
  endfacet
  facet normal 0.24868988716485477 -0.9685831611286312 -7.362699699249438e-17
    outer loop
      vertex 4.590842207350257 -24.06603764285287 3
      vertex 7.570916362186211 -23.30088464923126 6
      vertex 4.590842207350258 -24.06603764285287 6
    endloop
  endfacet
  facet normal 0.24868988716485466 -0.9685831611286312 0
    outer loop
      vertex 4.590842207350257 -24.06603764285287 3
      vertex 7.570916362186211 -23.30088464923126 3
      vertex 7.570916362186211 -23.30088464923126 6
    endloop
  endfacet
  facet normal 0.3681245526846779 -0.9297764858882515 0
    outer loop
      vertex 7.570916362186211 -23.30088464923126 3
      vertex 10.431592643344274 -22.16826278541748 3
      vertex 10.431592643344274 -22.16826278541748 6
    endloop
  endfacet
  facet normal 0.481753674101715 -0.8763066800438638 -2.852554779655936e-16
    outer loop
      vertex 13.127756476985406 -20.686034174799374 3
      vertex 13.127756476985407 -20.686034174799374 6
      vertex 10.431592643344274 -22.16826278541748 3
    endloop
  endfacet
  facet normal 0.3681245526846779 -0.9297764858882515 0
    outer loop
      vertex 7.570916362186211 -23.30088464923126 3
      vertex 10.431592643344274 -22.16826278541748 6
      vertex 7.570916362186211 -23.30088464923126 6
    endloop
  endfacet
  facet normal 0.4817536741017147 -0.8763066800438638 0
    outer loop
      vertex 10.431592643344274 -22.16826278541748 3
      vertex 13.127756476985407 -20.686034174799374 6
      vertex 10.431592643344274 -22.16826278541748 6
    endloop
  endfacet
  facet normal 0.5877852522924721 -0.8090169943749481 0
    outer loop
      vertex 13.127756476985406 -20.686034174799374 3
      vertex 15.616887748842904 -18.877574448006833 3
      vertex 15.616887748842904 -18.877574448006833 6
    endloop
  endfacet
  facet normal 0.5877852522924724 -0.8090169943749479 -3.4803878433611168e-16
    outer loop
      vertex 13.127756476985406 -20.686034174799374 3
      vertex 15.616887748842904 -18.877574448006833 6
      vertex 13.127756476985407 -20.686034174799374 6
    endloop
  endfacet
  facet normal 0.684547105928689 -0.7289686274214113 0
    outer loop
      vertex 15.616887748842904 -18.877574448006833 3
      vertex 17.859731371824587 -16.77140409525287 3
      vertex 17.859731371824587 -16.77140409525287 6
    endloop
  endfacet
  facet normal 0.684547105928689 -0.7289686274214113 0
    outer loop
      vertex 15.616887748842904 -18.877574448006833 6
      vertex 15.616887748842904 -18.877574448006833 3
      vertex 17.859731371824587 -16.77140409525287 6
    endloop
  endfacet
  facet normal 0.7705132427757893 -0.6374239897486897 0
    outer loop
      vertex 17.859731371824587 -16.77140409525287 3
      vertex 19.820916362186214 -14.400738681165592 3
      vertex 19.820916362186214 -14.400738681165592 6
    endloop
  endfacet
  facet normal 0.8443279255020157 -0.5358267949789957 0
    outer loop
      vertex 19.820916362186214 -14.400738681165592 3
      vertex 21.469513661074654 -11.802965015492028 3
      vertex 21.469513661074654 -11.802965015492028 6
    endloop
  endfacet
  facet normal 0.7705132427757893 -0.6374239897486897 0
    outer loop
      vertex 17.859731371824587 -16.77140409525287 3
      vertex 19.820916362186214 -14.400738681165592 6
      vertex 17.859731371824587 -16.77140409525287 6
    endloop
  endfacet
  facet normal 0.8443279255020157 -0.5358267949789957 0
    outer loop
      vertex 19.820916362186214 -14.400738681165592 6
      vertex 19.820916362186214 -14.400738681165592 3
      vertex 21.469513661074654 -11.802965015492028 6
    endloop
  endfacet
  facet normal 0.9048270524660191 -0.42577929156507355 0
    outer loop
      vertex 21.469513661074654 -11.802965015492028 3
      vertex 22.779523904262156 -9.019051540774619 3
      vertex 22.779523904262156 -9.019051540774619 6
    endloop
  endfacet
  facet normal 0.9510565162951538 -0.30901699437494695 0
    outer loop
      vertex 23.730287447651463 -6.092902235538934 6
      vertex 22.779523904262156 -9.019051540774619 3
      vertex 23.730287447651463 -6.092902235538934 3
    endloop
  endfacet
  facet normal 0.9048270524660191 -0.42577929156507355 0
    outer loop
      vertex 21.469513661074654 -11.802965015492028 6
      vertex 21.469513661074654 -11.802965015492028 3
      vertex 22.779523904262156 -9.019051540774619 6
    endloop
  endfacet
  facet normal 0.9510565162951538 -0.30901699437494695 0
    outer loop
      vertex 22.779523904262156 -9.019051540774619 3
      vertex 23.730287447651463 -6.092902235538934 6
      vertex 22.779523904262156 -9.019051540774619 6
    endloop
  endfacet
  facet normal 0.9822872507286886 -0.18738131458572468 0
    outer loop
      vertex 24.306810182204707 -3.0706642223254494 3
      vertex 24.306810182204707 -3.0706642223254494 6
      vertex 23.730287447651463 -6.092902235538934 3
    endloop
  endfacet
  facet normal 0.9980267284282714 -0.06279051952931344 0
    outer loop
      vertex 24.5 0 6
      vertex 24.306810182204707 -3.0706642223254494 3
      vertex 24.5 0 3
    endloop
  endfacet
  facet normal 0.9822872507286886 -0.18738131458572468 0
    outer loop
      vertex 23.730287447651463 -6.092902235538934 6
      vertex 23.730287447651463 -6.092902235538934 3
      vertex 24.306810182204707 -3.0706642223254494 6
    endloop
  endfacet
  facet normal 0.9980267284282714 -0.06279051952931344 0
    outer loop
      vertex 24.306810182204707 -3.0706642223254494 3
      vertex 24.5 0 6
      vertex 24.306810182204707 -3.0706642223254494 6
    endloop
  endfacet
  facet normal 0.12533323356430362 0.992114701314478 3.7106091107683294e-17
    outer loop
      vertex 1.5383677284681754 24.45165484649265 -6
      vertex 1.5383677284681745 24.45165484649265 -3
      vertex 4.590842207350252 24.066037642852873 -6
    endloop
  endfacet
  facet normal 0.24868988716485535 0.9685831611286311 0
    outer loop
      vertex 4.590842207350252 24.066037642852873 -6
      vertex 4.590842207350252 24.066037642852873 -3
      vertex 7.570916362186211 23.30088464923126 -6
    endloop
  endfacet
  facet normal 0.1253332335643036 0.992114701314478 0
    outer loop
      vertex 4.590842207350252 24.066037642852873 -3
      vertex 4.590842207350252 24.066037642852873 -6
      vertex 1.5383677284681745 24.45165484649265 -3
    endloop
  endfacet
  facet normal 0.36812455268467814 0.9297764858882515 0
    outer loop
      vertex 7.570916362186211 23.30088464923126 -6
      vertex 7.570916362186211 23.30088464923126 -3
      vertex 10.431592643344281 22.168262785417475 -6
    endloop
  endfacet
  facet normal 0.4817536741017142 0.8763066800438641 0
    outer loop
      vertex 10.431592643344281 22.168262785417475 -6
      vertex 10.431592643344281 22.168262785417475 -3
      vertex 13.127756476985418 20.68603417479937 -6
    endloop
  endfacet
  facet normal 0.24868988716485535 0.9685831611286311 0
    outer loop
      vertex 7.570916362186211 23.30088464923126 -6
      vertex 4.590842207350252 24.066037642852873 -3
      vertex 7.570916362186211 23.30088464923126 -3
    endloop
  endfacet
  facet normal 0.4817536741017142 0.8763066800438641 0
    outer loop
      vertex 10.431592643344281 22.168262785417475 -3
      vertex 13.127756476985418 20.68603417479937 -3
      vertex 13.127756476985418 20.68603417479937 -6
    endloop
  endfacet
  facet normal 0.36812455268467814 0.9297764858882515 0
    outer loop
      vertex 10.431592643344281 22.168262785417475 -6
      vertex 7.570916362186211 23.30088464923126 -3
      vertex 10.431592643344281 22.168262785417475 -3
    endloop
  endfacet
  facet normal 0.9980267284282714 0.06279051952931335 0
    outer loop
      vertex 24.5 0 -6
      vertex 24.306810182204707 3.0706642223254543 -6
      vertex 24.306810182204707 3.0706642223254543 -3
    endloop
  endfacet
  facet normal 0.9822872507286886 0.1873813145857244 0
    outer loop
      vertex 24.306810182204707 3.0706642223254543 -6
      vertex 23.730287447651463 6.092902235538943 -6
      vertex 23.730287447651463 6.092902235538943 -3
    endloop
  endfacet
  facet normal 0.9980267284282714 0.06279051952931335 0
    outer loop
      vertex 24.5 0 -6
      vertex 24.306810182204707 3.0706642223254543 -3
      vertex 24.5 0 -3
    endloop
  endfacet
  facet normal 0.9822872507286886 0.1873813145857244 0
    outer loop
      vertex 24.306810182204707 3.0706642223254543 -3
      vertex 24.306810182204707 3.0706642223254543 -6
      vertex 23.730287447651463 6.092902235538943 -3
    endloop
  endfacet
  facet normal 0.9510565162951534 0.3090169943749476 0
    outer loop
      vertex 23.730287447651463 6.092902235538943 -6
      vertex 22.77952390426216 9.01905154077461 -6
      vertex 22.77952390426216 9.01905154077461 -3
    endloop
  endfacet
  facet normal 0.9048270524660195 0.42577929156507266 0
    outer loop
      vertex 21.469513661074657 11.802965015492026 -6
      vertex 21.469513661074657 11.802965015492026 -3
      vertex 22.77952390426216 9.01905154077461 -6
    endloop
  endfacet
  facet normal 0.9510565162951534 0.3090169943749476 0
    outer loop
      vertex 23.730287447651463 6.092902235538943 -6
      vertex 22.77952390426216 9.01905154077461 -3
      vertex 23.730287447651463 6.092902235538943 -3
    endloop
  endfacet
  facet normal 0.9048270524660195 0.42577929156507266 0
    outer loop
      vertex 22.77952390426216 9.01905154077461 -3
      vertex 22.77952390426216 9.01905154077461 -6
      vertex 21.469513661074657 11.802965015492026 -3
    endloop
  endfacet
  facet normal 0.6845471059286886 0.7289686274214116 0
    outer loop
      vertex 15.616887748842899 18.877574448006833 -6
      vertex 15.616887748842899 18.877574448006833 -3
      vertex 17.859731371824584 16.77140409525287 -6
    endloop
  endfacet
  facet normal 0.6845471059286885 0.7289686274214116 -5.260564901344253e-17
    outer loop
      vertex 17.85973137182458 16.771404095252873 -3
      vertex 17.859731371824584 16.77140409525287 -6
      vertex 15.616887748842899 18.877574448006833 -3
    endloop
  endfacet
  facet normal 0.5877852522924741 0.8090169943749468 0
    outer loop
      vertex 13.127756476985418 20.68603417479937 -6
      vertex 13.127756476985418 20.68603417479937 -3
      vertex 15.616887748842899 18.877574448006833 -6
    endloop
  endfacet
  facet normal 0.5877852522924741 0.8090169943749468 0
    outer loop
      vertex 15.616887748842899 18.877574448006833 -6
      vertex 13.127756476985418 20.68603417479937 -3
      vertex 15.616887748842899 18.877574448006833 -3
    endloop
  endfacet
  facet normal 0.8443279255020153 0.5358267949789962 0
    outer loop
      vertex 19.820916362186214 14.400738681165592 -6
      vertex 19.820916362186214 14.400738681165592 -3
      vertex 21.469513661074657 11.802965015492026 -6
    endloop
  endfacet
  facet normal 0.7705132427757887 0.6374239897486904 1.5760933657690424e-16
    outer loop
      vertex 17.85973137182458 16.771404095252873 -3
      vertex 19.820916362186214 14.400738681165592 -6
      vertex 17.859731371824584 16.77140409525287 -6
    endloop
  endfacet
  facet normal 0.7705132427757885 0.6374239897486905 0
    outer loop
      vertex 17.85973137182458 16.771404095252873 -3
      vertex 19.820916362186214 14.400738681165592 -3
      vertex 19.820916362186214 14.400738681165592 -6
    endloop
  endfacet
  facet normal 0.8443279255020153 0.5358267949789962 0
    outer loop
      vertex 19.820916362186214 14.400738681165592 -3
      vertex 21.469513661074657 11.802965015492026 -3
      vertex 21.469513661074657 11.802965015492026 -6
    endloop
  endfacet
  facet normal 0.12533323356430362 0.992114701314478 0
    outer loop
      vertex 1.5383677284681754 24.45165484649265 6
      vertex 4.590842207350252 24.066037642852873 3
      vertex 1.5383677284681754 24.45165484649265 3
    endloop
  endfacet
  facet normal 0.24868988716485535 0.9685831611286311 0
    outer loop
      vertex 4.590842207350252 24.066037642852873 3
      vertex 4.590842207350252 24.066037642852873 6
      vertex 7.570916362186211 23.30088464923126 3
    endloop
  endfacet
  facet normal 0 1 0
    outer loop
      vertex 1.0255784856454504 24.45165484649265 6
      vertex 1.5383677284681754 24.45165484649265 6
      vertex 1.5383677284681754 24.45165484649265 3
    endloop
  endfacet
  facet normal 0.12533323356430362 0.992114701314478 0
    outer loop
      vertex 1.5383677284681754 24.45165484649265 6
      vertex 4.590842207350252 24.066037642852873 6
      vertex 4.590842207350252 24.066037642852873 3
    endloop
  endfacet
  facet normal 0.3681245526846783 0.9297764858882512 2.56600523402966e-16
    outer loop
      vertex 10.431592643344281 22.168262785417475 3
      vertex 8.286085432475728 23.017729183277815 3
      vertex 7.570916362186211 23.30088464923126 6
    endloop
  endfacet
  facet normal 0.4817536741017151 0.8763066800438637 0
    outer loop
      vertex 10.431592643344281 22.168262785417475 6
      vertex 11.105633601754565 21.79770563276295 3
      vertex 10.431592643344281 22.168262785417475 3
    endloop
  endfacet
  facet normal 0.24868988716485535 0.9685831611286311 0
    outer loop
      vertex 7.570916362186211 23.30088464923126 6
      vertex 7.570916362186211 23.30088464923126 3
      vertex 4.590842207350252 24.066037642852873 6
    endloop
  endfacet
  facet normal 0.36812455268467814 0.9297764858882515 0
    outer loop
      vertex 10.431592643344281 22.168262785417475 6
      vertex 10.431592643344281 22.168262785417475 3
      vertex 7.570916362186211 23.30088464923126 6
    endloop
  endfacet
  facet normal 0.9980267284282714 0.06279051952931335 0
    outer loop
      vertex 24.5 0 3
      vertex 24.306810182204707 3.0706642223254543 3
      vertex 24.306810182204707 3.0706642223254543 6
    endloop
  endfacet
  facet normal 0.9822872507286886 0.1873813145857244 0
    outer loop
      vertex 24.306810182204707 3.0706642223254543 6
      vertex 24.306810182204707 3.0706642223254543 3
      vertex 23.730287447651463 6.092902235538943 3
    endloop
  endfacet
  facet normal 0.9980267284282714 0.06279051952931335 0
    outer loop
      vertex 24.5 0 3
      vertex 24.306810182204707 3.0706642223254543 6
      vertex 24.5 0 6
    endloop
  endfacet
  facet normal 0.9822872507286886 0.1873813145857244 0
    outer loop
      vertex 23.730287447651463 6.092902235538943 6
      vertex 24.306810182204707 3.0706642223254543 6
      vertex 23.730287447651463 6.092902235538943 3
    endloop
  endfacet
  facet normal 0.9510565162951538 0.3090169943749464 -7.81829719743413e-16
    outer loop
      vertex 23.635211093312535 6.38551716606251 4.8
      vertex 23.730287447651463 6.092902235538943 3
      vertex 23.492596561804138 6.82443956184786 3
    endloop
  endfacet
  facet normal 0.9048270524660195 0.42577929156507266 0
    outer loop
      vertex 21.469513661074657 11.802965015492026 6
      vertex 22.77952390426216 9.01905154077461 3
      vertex 21.469513661074657 11.802965015492026 3
    endloop
  endfacet
  facet normal 0.9510565162951553 0.3090169943749421 0
    outer loop
      vertex 23.635211093312535 6.38551716606251 4.8
      vertex 23.730287447651463 6.092902235538943 6
      vertex 23.730287447651463 6.092902235538943 3
    endloop
  endfacet
  facet normal 0.9510565162951525 0.3090169943749506 2.294745403381504e-15
    outer loop
      vertex 23.635211093312535 6.38551716606251 4.8
      vertex 23.571826857086577 6.580593786411554 6
      vertex 23.730287447651463 6.092902235538943 6
    endloop
  endfacet
  facet normal 0.9048270524660195 0.42577929156507266 0
    outer loop
      vertex 22.77952390426216 9.01905154077461 6
      vertex 22.77952390426216 9.01905154077461 3
      vertex 21.469513661074657 11.802965015492026 6
    endloop
  endfacet
  facet normal 0.6845471059286881 0.7289686274214122 0
    outer loop
      vertex 15.616887748842899 18.877574448006833 6
      vertex 17.859731371824584 16.771404095252873 3
      vertex 15.616887748842899 18.877574448006833 3
    endloop
  endfacet
  facet normal 0.6845471059286881 0.7289686274214122 0
    outer loop
      vertex 15.616887748842899 18.877574448006833 6
      vertex 17.859731371824584 16.771404095252873 6
      vertex 17.859731371824584 16.771404095252873 3
    endloop
  endfacet
  facet normal 0.5877852522924741 0.8090169943749468 0
    outer loop
      vertex 13.127756476985418 20.68603417479937 6
      vertex 15.616887748842899 18.877574448006833 3
      vertex 13.127756476985418 20.68603417479937 3
    endloop
  endfacet
  facet normal 0.48175367410171643 0.876306680043863 0
    outer loop
      vertex 12.678395838045228 20.933072276569057 6
      vertex 13.127756476985418 20.68603417479937 6
      vertex 13.127756476985418 20.68603417479937 3
    endloop
  endfacet
  facet normal 0.5877852522924741 0.8090169943749468 0
    outer loop
      vertex 13.127756476985418 20.68603417479937 6
      vertex 15.616887748842899 18.877574448006833 6
      vertex 15.616887748842899 18.877574448006833 3
    endloop
  endfacet
  facet normal 0.8443279255020153 0.5358267949789962 0
    outer loop
      vertex 19.820916362186214 14.400738681165592 6
      vertex 21.469513661074657 11.802965015492026 3
      vertex 19.820916362186214 14.400738681165592 3
    endloop
  endfacet
  facet normal 0.770513242775789 0.6374239897486899 0
    outer loop
      vertex 17.859731371824584 16.771404095252873 6
      vertex 19.820916362186214 14.400738681165592 3
      vertex 17.859731371824584 16.771404095252873 3
    endloop
  endfacet
  facet normal 0.770513242775789 0.6374239897486899 0
    outer loop
      vertex 19.820916362186214 14.400738681165592 3
      vertex 17.859731371824584 16.771404095252873 6
      vertex 19.820916362186214 14.400738681165592 6
    endloop
  endfacet
  facet normal 0.8443279255020153 0.5358267949789962 0
    outer loop
      vertex 21.469513661074657 11.802965015492026 3
      vertex 19.820916362186214 14.400738681165592 6
      vertex 21.469513661074657 11.802965015492026 6
    endloop
  endfacet
  facet normal 0.8443279255020159 0.5358267949789954 0
    outer loop
      vertex -2.1907667001096587 6.1706158147457115 -4.7
      vertex -2.0225424859373686 5.905536869268817 -6
      vertex -2.1907667001096587 6.1706158147457115 -6
    endloop
  endfacet
  facet normal 0.7705132427757889 0.6374239897486902 0
    outer loop
      vertex -2.0225424859373686 5.905536869268817 -4.7
      vertex -1.8224215685535292 5.663632235178278 -6
      vertex -2.0225424859373686 5.905536869268817 -6
    endloop
  endfacet
  facet normal 0.6845471059286878 0.7289686274214123 0
    outer loop
      vertex -1.593559974371725 5.448716893060528 -4.7
      vertex -1.593559974371725 5.448716893060528 -6
      vertex -1.8224215685535292 5.663632235178278 -6
    endloop
  endfacet
  facet normal 0.5877852522924726 0.8090169943749479 0
    outer loop
      vertex -1.3395669874474905 5.264180186244962 -4.7
      vertex -1.3395669874474905 5.264180186244962 -6
      vertex -1.593559974371725 5.448716893060528 -6
    endloop
  endfacet
  facet normal 0.4817536741017166 0.8763066800438629 0
    outer loop
      vertex -1.064448228912681 5.112932368834951 -4.7
      vertex -1.064448228912681 5.112932368834951 -6
      vertex -1.3395669874474905 5.264180186244962 -6
    endloop
  endfacet
  facet normal 0.36812455268467803 0.9297764858882515 0
    outer loop
      vertex -0.7725424859373685 4.997358709262116 -4.7
      vertex -0.7725424859373685 4.997358709262116 -6
      vertex -1.064448228912681 5.112932368834951 -6
    endloop
  endfacet
  facet normal 0.2486898871648558 0.9685831611286309 0
    outer loop
      vertex -0.46845328646431206 4.919281873178278 -4.7
      vertex -0.46845328646431206 4.919281873178278 -6
      vertex -0.7725424859373685 4.997358709262116 -6
    endloop
  endfacet
  facet normal 0.12533323356430498 0.9921147013144778 0
    outer loop
      vertex -0.1569762988232844 4.8799331789293205 -4.7
      vertex -0.1569762988232844 4.8799331789293205 -6
      vertex -0.46845328646431206 4.919281873178278 -6
    endloop
  endfacet
  facet normal 0.8443279255020159 0.5358267949789954 0
    outer loop
      vertex -2.1907667001096587 6.1706158147457115 -4.7
      vertex -2.0225424859373686 5.905536869268817 -4.7
      vertex -2.0225424859373686 5.905536869268817 -6
    endloop
  endfacet
  facet normal 0.6845471059286878 0.7289686274214123 0
    outer loop
      vertex -1.8224215685535292 5.663632235178278 -4.7
      vertex -1.593559974371725 5.448716893060528 -4.7
      vertex -1.8224215685535292 5.663632235178278 -6
    endloop
  endfacet
  facet normal 0.7705132427757889 0.6374239897486902 0
    outer loop
      vertex -1.8224215685535292 5.663632235178278 -4.7
      vertex -1.8224215685535292 5.663632235178278 -6
      vertex -2.0225424859373686 5.905536869268817 -4.7
    endloop
  endfacet
  facet normal 0.4817536741017166 0.8763066800438629 0
    outer loop
      vertex -1.064448228912681 5.112932368834951 -4.7
      vertex -1.3395669874474905 5.264180186244962 -6
      vertex -1.3395669874474905 5.264180186244962 -4.7
    endloop
  endfacet
  facet normal 0.36812455268467803 0.9297764858882515 0
    outer loop
      vertex -1.064448228912681 5.112932368834951 -4.7
      vertex -0.7725424859373685 4.997358709262116 -4.7
      vertex -1.064448228912681 5.112932368834951 -6
    endloop
  endfacet
  facet normal 0.5877852522924726 0.8090169943749479 0
    outer loop
      vertex -1.593559974371725 5.448716893060528 -4.7
      vertex -1.3395669874474905 5.264180186244962 -4.7
      vertex -1.593559974371725 5.448716893060528 -6
    endloop
  endfacet
  facet normal 0.2486898871648558 0.9685831611286309 0
    outer loop
      vertex -0.7725424859373685 4.997358709262116 -4.7
      vertex -0.46845328646431206 4.919281873178278 -4.7
      vertex -0.7725424859373685 4.997358709262116 -6
    endloop
  endfacet
  facet normal 0.12533323356430498 0.9921147013144778 0
    outer loop
      vertex -0.46845328646431206 4.919281873178278 -4.7
      vertex -0.1569762988232844 4.8799331789293205 -4.7
      vertex -0.46845328646431206 4.919281873178278 -6
    endloop
  endfacet
  facet normal 0 1 0
    outer loop
      vertex -0.1569762988232844 4.8799331789293205 -4.7
      vertex 0.1569762988232844 4.8799331789293205 -4.7
      vertex -0.1569762988232844 4.8799331789293205 -6
    endloop
  endfacet
  facet normal 0.9510565162951533 0.3090169943749479 0
    outer loop
      vertex -2.421457902821578 6.753275282087864 -4.7
      vertex -2.324441214720628 6.454688618288304 -6
      vertex -2.421457902821578 6.753275282087864 -6
    endloop
  endfacet
  facet normal 0.9822872507286887 0.18738131458572424 0
    outer loop
      vertex -2.4802867532861947 7.06166691608924 -4.7
      vertex -2.421457902821578 6.753275282087864 -6
      vertex -2.4802867532861947 7.06166691608924 -6
    endloop
  endfacet
  facet normal 0.9980267284282717 0.06279051952931293 0
    outer loop
      vertex -2.5 7.375 -4.7
      vertex -2.4802867532861947 7.06166691608924 -6
      vertex -2.5 7.375 -6
    endloop
  endfacet
  facet normal 0.9980267284282717 -0.06279051952931275 0
    outer loop
      vertex -2.4802867532861947 7.688333083910761 -4.7
      vertex -2.5 7.375 -6
      vertex -2.4802867532861947 7.688333083910761 -6
    endloop
  endfacet
  facet normal 0.9048270524660192 0.4257792915650734 0
    outer loop
      vertex -2.324441214720628 6.454688618288304 -4.7
      vertex -2.1907667001096587 6.1706158147457115 -6
      vertex -2.324441214720628 6.454688618288304 -6
    endloop
  endfacet
  facet normal 0.9822872507286885 -0.1873813145857256 0
    outer loop
      vertex -2.4214579028215777 7.996724717912137 -4.7
      vertex -2.4802867532861947 7.688333083910761 -6
      vertex -2.4214579028215777 7.996724717912137 -6
    endloop
  endfacet
  facet normal 0.9510565162951533 -0.3090169943749483 0
    outer loop
      vertex -2.324441214720628 8.295311381711695 -4.7
      vertex -2.4214579028215777 7.996724717912137 -6
      vertex -2.324441214720628 8.295311381711695 -6
    endloop
  endfacet
  facet normal 0.9048270524660197 -0.4257792915650722 0
    outer loop
      vertex -2.190766700109659 8.579384185254288 -4.7
      vertex -2.324441214720628 8.295311381711695 -6
      vertex -2.190766700109659 8.579384185254288 -6
    endloop
  endfacet
  facet normal 0.844327925502016 -0.5358267949789951 0
    outer loop
      vertex -2.0225424859373686 8.844463130731183 -4.7
      vertex -2.190766700109659 8.579384185254288 -6
      vertex -2.0225424859373686 8.844463130731183 -6
    endloop
  endfacet
  facet normal 0.7705132427757886 -0.6374239897486905 0
    outer loop
      vertex -1.822421568553529 9.086367764821722 -4.7
      vertex -2.0225424859373686 8.844463130731183 -6
      vertex -1.822421568553529 9.086367764821722 -6
    endloop
  endfacet
  facet normal 0.6845471059286871 -0.728968627421413 0
    outer loop
      vertex -1.822421568553529 9.086367764821722 -4.7
      vertex -1.822421568553529 9.086367764821722 -6
      vertex -1.5935599743717244 9.301283106939472 -6
    endloop
  endfacet
  facet normal 0.9510565162951533 0.3090169943749479 0
    outer loop
      vertex -2.324441214720628 6.454688618288304 -4.7
      vertex -2.324441214720628 6.454688618288304 -6
      vertex -2.421457902821578 6.753275282087864 -4.7
    endloop
  endfacet
  facet normal 0.9822872507286887 0.18738131458572424 0
    outer loop
      vertex -2.421457902821578 6.753275282087864 -4.7
      vertex -2.421457902821578 6.753275282087864 -6
      vertex -2.4802867532861947 7.06166691608924 -4.7
    endloop
  endfacet
  facet normal 0.9980267284282717 0.06279051952931293 0
    outer loop
      vertex -2.4802867532861947 7.06166691608924 -4.7
      vertex -2.4802867532861947 7.06166691608924 -6
      vertex -2.5 7.375 -4.7
    endloop
  endfacet
  facet normal 0.9980267284282717 -0.06279051952931275 0
    outer loop
      vertex -2.5 7.375 -4.7
      vertex -2.5 7.375 -6
      vertex -2.4802867532861947 7.688333083910761 -4.7
    endloop
  endfacet
  facet normal 0.9048270524660192 0.4257792915650734 0
    outer loop
      vertex -2.1907667001096587 6.1706158147457115 -4.7
      vertex -2.1907667001096587 6.1706158147457115 -6
      vertex -2.324441214720628 6.454688618288304 -4.7
    endloop
  endfacet
  facet normal 0 0 -1
    outer loop
      vertex -2.421457902821578 6.753275282087864 -4.7
      vertex -2.4802867532861947 7.06166691608924 -4.7
      vertex -2.4802867532861947 7.688333083910761 -4.7
    endloop
  endfacet
  facet normal 0 0 -1
    outer loop
      vertex -2.324441214720628 6.454688618288304 -4.7
      vertex -2.421457902821578 6.753275282087864 -4.7
      vertex -2.4214579028215777 7.996724717912137 -4.7
    endloop
  endfacet
  facet normal 0 0 -1
    outer loop
      vertex -2.4802867532861947 7.06166691608924 -4.7
      vertex -2.5 7.375 -4.7
      vertex -2.4802867532861947 7.688333083910761 -4.7
    endloop
  endfacet
  facet normal 0 0 -1
    outer loop
      vertex -2.421457902821578 6.753275282087864 -4.7
      vertex -2.4802867532861947 7.688333083910761 -4.7
      vertex -2.4214579028215777 7.996724717912137 -4.7
    endloop
  endfacet
  facet normal 0 0 -1
    outer loop
      vertex -2.324441214720628 6.454688618288304 -4.7
      vertex -2.4214579028215777 7.996724717912137 -4.7
      vertex -2.324441214720628 8.295311381711695 -4.7
    endloop
  endfacet
  facet normal 0 0 -1
    outer loop
      vertex -1.8224215685535292 5.663632235178278 -4.7
      vertex -2.0225424859373686 5.905536869268817 -4.7
      vertex -2.0225424859373686 8.844463130731183 -4.7
    endloop
  endfacet
  facet normal 0 0 -1
    outer loop
      vertex -1.8224215685535292 5.663632235178278 -4.7
      vertex -1.822421568553529 9.086367764821722 -4.7
      vertex -1.593559974371725 5.448716893060528 -4.7
    endloop
  endfacet
  facet normal 0 0 -1
    outer loop
      vertex -2.1907667001096587 6.1706158147457115 -4.7
      vertex -2.324441214720628 6.454688618288304 -4.7
      vertex -2.324441214720628 8.295311381711695 -4.7
    endloop
  endfacet
  facet normal 0 0 -1
    outer loop
      vertex -2.1907667001096587 6.1706158147457115 -4.7
      vertex -2.190766700109659 8.579384185254288 -4.7
      vertex -2.0225424859373686 5.905536869268817 -4.7
    endloop
  endfacet
  facet normal 0.9822872507286885 -0.1873813145857256 0
    outer loop
      vertex -2.4802867532861947 7.688333083910761 -4.7
      vertex -2.4802867532861947 7.688333083910761 -6
      vertex -2.4214579028215777 7.996724717912137 -4.7
    endloop
  endfacet
  facet normal 0.9510565162951533 -0.3090169943749483 0
    outer loop
      vertex -2.4214579028215777 7.996724717912137 -4.7
      vertex -2.4214579028215777 7.996724717912137 -6
      vertex -2.324441214720628 8.295311381711695 -4.7
    endloop
  endfacet
  facet normal 0.9048270524660197 -0.4257792915650722 0
    outer loop
      vertex -2.324441214720628 8.295311381711695 -4.7
      vertex -2.324441214720628 8.295311381711695 -6
      vertex -2.190766700109659 8.579384185254288 -4.7
    endloop
  endfacet
  facet normal 0.844327925502016 -0.5358267949789951 0
    outer loop
      vertex -2.190766700109659 8.579384185254288 -4.7
      vertex -2.190766700109659 8.579384185254288 -6
      vertex -2.0225424859373686 8.844463130731183 -4.7
    endloop
  endfacet
  facet normal 0.7705132427757886 -0.6374239897486905 0
    outer loop
      vertex -2.0225424859373686 8.844463130731183 -4.7
      vertex -2.0225424859373686 8.844463130731183 -6
      vertex -1.822421568553529 9.086367764821722 -4.7
    endloop
  endfacet
  facet normal 0 0 -1
    outer loop
      vertex -2.1907667001096587 6.1706158147457115 -4.7
      vertex -2.324441214720628 8.295311381711695 -4.7
      vertex -2.190766700109659 8.579384185254288 -4.7
    endloop
  endfacet
  facet normal 0 0 -1
    outer loop
      vertex -2.0225424859373686 5.905536869268817 -4.7
      vertex -2.190766700109659 8.579384185254288 -4.7
      vertex -2.0225424859373686 8.844463130731183 -4.7
    endloop
  endfacet
  facet normal 0 0 -1
    outer loop
      vertex -1.8224215685535292 5.663632235178278 -4.7
      vertex -2.0225424859373686 8.844463130731183 -4.7
      vertex -1.822421568553529 9.086367764821722 -4.7
    endloop
  endfacet
  facet normal 0 0 -1
    outer loop
      vertex -1.593559974371725 5.448716893060528 -4.7
      vertex -1.822421568553529 9.086367764821722 -4.7
      vertex -1.5935599743717244 9.301283106939472 -4.7
    endloop
  endfacet
  facet normal 0 0 -1
    outer loop
      vertex -1.593559974371725 5.448716893060528 -4.7
      vertex -1.5935599743717244 9.301283106939472 -4.7
      vertex -1.3395669874474905 5.264180186244962 -4.7
    endloop
  endfacet
  facet normal 0 0 -1
    outer loop
      vertex -1.064448228912681 5.112932368834951 -4.7
      vertex -1.3395669874474905 5.264180186244962 -4.7
      vertex -1.3395669874474916 9.485819813755038 -4.7
    endloop
  endfacet
  facet normal 0 0 -1
    outer loop
      vertex -1.064448228912681 5.112932368834951 -4.7
      vertex -1.0644482289126818 9.63706763116505 -4.7
      vertex -0.7725424859373685 4.997358709262116 -4.7
    endloop
  endfacet
  facet normal 0 0 -1
    outer loop
      vertex -0.7725424859373685 4.997358709262116 -4.7
      vertex -0.7725424859373685 9.752641290737884 -4.7
      vertex -0.46845328646431206 4.919281873178278 -4.7
    endloop
  endfacet
  facet normal 0 0 -1
    outer loop
      vertex -0.46845328646431206 4.919281873178278 -4.7
      vertex -0.46845328646431145 9.830718126821722 -4.7
      vertex -0.1569762988232844 4.8799331789293205 -4.7
    endloop
  endfacet
  facet normal 0 0 -1
    outer loop
      vertex -0.1569762988232844 4.8799331789293205 -4.7
      vertex -0.15697629882328318 9.87006682107068 -4.7
      vertex 0.1569762988232844 4.8799331789293205 -4.7
    endloop
  endfacet
  facet normal 0 0 -1
    outer loop
      vertex -1.3395669874474905 5.264180186244962 -4.7
      vertex -1.5935599743717244 9.301283106939472 -4.7
      vertex -1.3395669874474916 9.485819813755038 -4.7
    endloop
  endfacet
  facet normal 0 0 -1
    outer loop
      vertex -1.064448228912681 5.112932368834951 -4.7
      vertex -1.3395669874474916 9.485819813755038 -4.7
      vertex -1.0644482289126818 9.63706763116505 -4.7
    endloop
  endfacet
  facet normal 0 0 -1
    outer loop
      vertex -0.7725424859373685 4.997358709262116 -4.7
      vertex -1.0644482289126818 9.63706763116505 -4.7
      vertex -0.7725424859373685 9.752641290737884 -4.7
    endloop
  endfacet
  facet normal 0 0 -1
    outer loop
      vertex -0.46845328646431206 4.919281873178278 -4.7
      vertex -0.7725424859373685 9.752641290737884 -4.7
      vertex -0.46845328646431145 9.830718126821722 -4.7
    endloop
  endfacet
  facet normal 0 0 -1
    outer loop
      vertex -0.1569762988232844 4.8799331789293205 -4.7
      vertex -0.46845328646431145 9.830718126821722 -4.7
      vertex -0.15697629882328318 9.87006682107068 -4.7
    endloop
  endfacet
  facet normal 0.5877852522924752 -0.8090169943749459 0
    outer loop
      vertex -1.5935599743717244 9.301283106939472 -4.7
      vertex -1.5935599743717244 9.301283106939472 -6
      vertex -1.3395669874474916 9.485819813755038 -6
    endloop
  endfacet
  facet normal 0.48175367410171605 -0.8763066800438633 0
    outer loop
      vertex -1.3395669874474916 9.485819813755038 -4.7
      vertex -1.3395669874474916 9.485819813755038 -6
      vertex -1.0644482289126818 9.63706763116505 -6
    endloop
  endfacet
  facet normal 0.3681245526846773 -0.9297764858882517 0
    outer loop
      vertex -1.0644482289126818 9.63706763116505 -4.7
      vertex -1.0644482289126818 9.63706763116505 -6
      vertex -0.7725424859373685 9.752641290737884 -6
    endloop
  endfacet
  facet normal 0.2486898871648553 -0.9685831611286309 0
    outer loop
      vertex -0.7725424859373685 9.752641290737884 -4.7
      vertex -0.7725424859373685 9.752641290737884 -6
      vertex -0.46845328646431145 9.830718126821722 -6
    endloop
  endfacet
  facet normal 0.12533323356430473 -0.9921147013144777 0
    outer loop
      vertex -0.46845328646431145 9.830718126821722 -4.7
      vertex -0.46845328646431145 9.830718126821722 -6
      vertex -0.15697629882328318 9.87006682107068 -6
    endloop
  endfacet
  facet normal 0 -1 0
    outer loop
      vertex -0.15697629882328318 9.87006682107068 -4.7
      vertex -0.15697629882328318 9.87006682107068 -6
      vertex 0.15697629882328318 9.87006682107068 -6
    endloop
  endfacet
  facet normal 0.6845471059286871 -0.728968627421413 0
    outer loop
      vertex -1.822421568553529 9.086367764821722 -4.7
      vertex -1.5935599743717244 9.301283106939472 -6
      vertex -1.5935599743717244 9.301283106939472 -4.7
    endloop
  endfacet
  facet normal 0.5877852522924752 -0.8090169943749459 0
    outer loop
      vertex -1.5935599743717244 9.301283106939472 -4.7
      vertex -1.3395669874474916 9.485819813755038 -6
      vertex -1.3395669874474916 9.485819813755038 -4.7
    endloop
  endfacet
  facet normal 0.48175367410171605 -0.8763066800438633 0
    outer loop
      vertex -1.3395669874474916 9.485819813755038 -4.7
      vertex -1.0644482289126818 9.63706763116505 -6
      vertex -1.0644482289126818 9.63706763116505 -4.7
    endloop
  endfacet
  facet normal 0.3681245526846773 -0.9297764858882517 0
    outer loop
      vertex -1.0644482289126818 9.63706763116505 -4.7
      vertex -0.7725424859373685 9.752641290737884 -6
      vertex -0.7725424859373685 9.752641290737884 -4.7
    endloop
  endfacet
  facet normal 0.2486898871648553 -0.9685831611286309 0
    outer loop
      vertex -0.7725424859373685 9.752641290737884 -4.7
      vertex -0.46845328646431145 9.830718126821722 -6
      vertex -0.46845328646431145 9.830718126821722 -4.7
    endloop
  endfacet
  facet normal 0.12533323356430473 -0.9921147013144777 0
    outer loop
      vertex -0.46845328646431145 9.830718126821722 -4.7
      vertex -0.15697629882328318 9.87006682107068 -6
      vertex -0.15697629882328318 9.87006682107068 -4.7
    endloop
  endfacet
  facet normal 0 1 0
    outer loop
      vertex 0.1569762988232844 4.8799331789293205 -4.7
      vertex 0.1569762988232844 4.8799331789293205 -6
      vertex -0.1569762988232844 4.8799331789293205 -6
    endloop
  endfacet
  facet normal -0.12533323356430498 0.9921147013144778 0
    outer loop
      vertex 0.46845328646431206 4.919281873178278 -4.7
      vertex 0.46845328646431206 4.919281873178278 -6
      vertex 0.1569762988232844 4.8799331789293205 -6
    endloop
  endfacet
  facet normal -0.2486898871648558 0.9685831611286309 0
    outer loop
      vertex 0.7725424859373685 4.997358709262116 -4.7
      vertex 0.7725424859373685 4.997358709262116 -6
      vertex 0.46845328646431206 4.919281873178278 -6
    endloop
  endfacet
  facet normal -0.36812455268467803 0.9297764858882515 0
    outer loop
      vertex 1.064448228912681 5.112932368834951 -4.7
      vertex 1.064448228912681 5.112932368834951 -6
      vertex 0.7725424859373685 4.997358709262116 -6
    endloop
  endfacet
  facet normal -0.48175367410171477 0.8763066800438639 0
    outer loop
      vertex 1.3395669874474918 5.264180186244962 -4.7
      vertex 1.3395669874474918 5.264180186244962 -6
      vertex 1.064448228912681 5.112932368834951 -6
    endloop
  endfacet
  facet normal -0.5877852522924721 0.8090169943749481 0
    outer loop
      vertex 1.5935599743717241 5.448716893060526 -4.7
      vertex 1.5935599743717241 5.448716893060526 -6
      vertex 1.3395669874474918 5.264180186244962 -6
    endloop
  endfacet
  facet normal -0.6845471059286894 0.7289686274214108 0
    outer loop
      vertex 1.8224215685535292 5.663632235178278 -4.7
      vertex 1.8224215685535292 5.663632235178278 -6
      vertex 1.5935599743717241 5.448716893060526 -6
    endloop
  endfacet
  facet normal -0.7705132427757889 0.6374239897486902 0
    outer loop
      vertex 1.8224215685535292 5.663632235178278 -4.7
      vertex 2.0225424859373686 5.905536869268817 -6
      vertex 1.8224215685535292 5.663632235178278 -6
    endloop
  endfacet
  facet normal -0.8443279255020159 0.5358267949789954 0
    outer loop
      vertex 2.0225424859373686 5.905536869268817 -4.7
      vertex 2.1907667001096587 6.1706158147457115 -6
      vertex 2.0225424859373686 5.905536869268817 -6
    endloop
  endfacet
  facet normal -0.12533323356430498 0.9921147013144778 0
    outer loop
      vertex 0.1569762988232844 4.8799331789293205 -4.7
      vertex 0.46845328646431206 4.919281873178278 -4.7
      vertex 0.1569762988232844 4.8799331789293205 -6
    endloop
  endfacet
  facet normal -0.2486898871648558 0.9685831611286309 0
    outer loop
      vertex 0.46845328646431206 4.919281873178278 -4.7
      vertex 0.7725424859373685 4.997358709262116 -4.7
      vertex 0.46845328646431206 4.919281873178278 -6
    endloop
  endfacet
  facet normal -0.36812455268467803 0.9297764858882515 0
    outer loop
      vertex 0.7725424859373685 4.997358709262116 -4.7
      vertex 1.064448228912681 5.112932368834951 -4.7
      vertex 0.7725424859373685 4.997358709262116 -6
    endloop
  endfacet
  facet normal -0.48175367410171477 0.8763066800438639 0
    outer loop
      vertex 1.064448228912681 5.112932368834951 -4.7
      vertex 1.3395669874474918 5.264180186244962 -4.7
      vertex 1.064448228912681 5.112932368834951 -6
    endloop
  endfacet
  facet normal -0.5877852522924721 0.8090169943749481 0
    outer loop
      vertex 1.3395669874474918 5.264180186244962 -4.7
      vertex 1.5935599743717241 5.448716893060526 -4.7
      vertex 1.3395669874474918 5.264180186244962 -6
    endloop
  endfacet
  facet normal -0.6845471059286894 0.7289686274214108 0
    outer loop
      vertex 1.5935599743717241 5.448716893060526 -4.7
      vertex 1.8224215685535292 5.663632235178278 -4.7
      vertex 1.5935599743717241 5.448716893060526 -6
    endloop
  endfacet
  facet normal -0.7705132427757889 0.6374239897486902 0
    outer loop
      vertex 1.8224215685535292 5.663632235178278 -4.7
      vertex 2.0225424859373686 5.905536869268817 -4.7
      vertex 2.0225424859373686 5.905536869268817 -6
    endloop
  endfacet
  facet normal -0.8443279255020159 0.5358267949789954 0
    outer loop
      vertex 2.0225424859373686 5.905536869268817 -4.7
      vertex 2.1907667001096587 6.1706158147457115 -4.7
      vertex 2.1907667001096587 6.1706158147457115 -6
    endloop
  endfacet
  facet normal -0.9048270524660191 0.42577929156507344 0
    outer loop
      vertex 2.1907667001096587 6.1706158147457115 -4.7
      vertex 2.3244412147206286 6.454688618288305 -6
      vertex 2.1907667001096587 6.1706158147457115 -6
    endloop
  endfacet
  facet normal -0.9510565162951536 0.309016994374947 0
    outer loop
      vertex 2.3244412147206286 6.454688618288305 -4.7
      vertex 2.4214579028215777 6.753275282087863 -6
      vertex 2.3244412147206286 6.454688618288305 -6
    endloop
  endfacet
  facet normal -0.9822872507286885 0.18738131458572505 0
    outer loop
      vertex 2.4214579028215777 6.753275282087863 -4.7
      vertex 2.4802867532861947 7.06166691608924 -6
      vertex 2.4214579028215777 6.753275282087863 -6
    endloop
  endfacet
  facet normal -0.9980267284282717 0.06279051952931293 0
    outer loop
      vertex 2.4802867532861947 7.06166691608924 -4.7
      vertex 2.5 7.375 -6
      vertex 2.4802867532861947 7.06166691608924 -6
    endloop
  endfacet
  facet normal -0.9980267284282717 -0.06279051952931293 0
    outer loop
      vertex 2.5 7.375 -4.7
      vertex 2.4802867532861947 7.68833308391076 -6
      vertex 2.5 7.375 -6
    endloop
  endfacet
  facet normal -0.9048270524660186 -0.42577929156507455 0
    outer loop
      vertex 2.3244412147206286 8.295311381711695 -4.7
      vertex 2.1907667001096587 8.579384185254288 -6
      vertex 2.3244412147206286 8.295311381711695 -6
    endloop
  endfacet
  facet normal -0.8443279255020167 -0.5358267949789941 0
    outer loop
      vertex 2.1907667001096587 8.579384185254288 -4.7
      vertex 2.0225424859373686 8.844463130731183 -6
      vertex 2.1907667001096587 8.579384185254288 -6
    endloop
  endfacet
  facet normal -0.7705132427757889 -0.6374239897486902 0
    outer loop
      vertex 2.0225424859373686 8.844463130731183 -4.7
      vertex 1.8224215685535292 9.086367764821722 -6
      vertex 2.0225424859373686 8.844463130731183 -6
    endloop
  endfacet
  facet normal -0.9822872507286885 -0.18738131458572505 0
    outer loop
      vertex 2.4802867532861947 7.68833308391076 -4.7
      vertex 2.4214579028215777 7.996724717912137 -6
      vertex 2.4802867532861947 7.68833308391076 -6
    endloop
  endfacet
  facet normal -0.9510565162951536 -0.309016994374947 0
    outer loop
      vertex 2.4214579028215777 7.996724717912137 -4.7
      vertex 2.3244412147206286 8.295311381711695 -6
      vertex 2.4214579028215777 7.996724717912137 -6
    endloop
  endfacet
  facet normal 0 0 -1
    outer loop
      vertex 0.1569762988232844 4.8799331789293205 -4.7
      vertex 0.15697629882328318 9.87006682107068 -4.7
      vertex 0.46845328646431206 4.919281873178278 -4.7
    endloop
  endfacet
  facet normal 0 0 -1
    outer loop
      vertex 0.46845328646431206 4.919281873178278 -4.7
      vertex 0.46845328646431145 9.830718126821722 -4.7
      vertex 0.7725424859373685 4.997358709262116 -4.7
    endloop
  endfacet
  facet normal 0 0 -1
    outer loop
      vertex 0.7725424859373685 4.997358709262116 -4.7
      vertex 0.7725424859373685 9.752641290737884 -4.7
      vertex 1.064448228912681 5.112932368834951 -4.7
    endloop
  endfacet
  facet normal 0 0 -1
    outer loop
      vertex 1.064448228912681 5.112932368834951 -4.7
      vertex 1.0644482289126818 9.63706763116505 -4.7
      vertex 1.3395669874474918 5.264180186244962 -4.7
    endloop
  endfacet
  facet normal 0 0 -1
    outer loop
      vertex 1.3395669874474918 5.264180186244962 -4.7
      vertex 1.3395669874474918 9.485819813755038 -4.7
      vertex 1.5935599743717241 5.448716893060526 -4.7
    endloop
  endfacet
  facet normal 0 0 -1
    outer loop
      vertex -0.15697629882328318 9.87006682107068 -4.7
      vertex 0.15697629882328318 9.87006682107068 -4.7
      vertex 0.1569762988232844 4.8799331789293205 -4.7
    endloop
  endfacet
  facet normal 0 0 -1
    outer loop
      vertex 0.46845328646431206 4.919281873178278 -4.7
      vertex 0.15697629882328318 9.87006682107068 -4.7
      vertex 0.46845328646431145 9.830718126821722 -4.7
    endloop
  endfacet
  facet normal 0 0 -1
    outer loop
      vertex 0.7725424859373685 4.997358709262116 -4.7
      vertex 0.46845328646431145 9.830718126821722 -4.7
      vertex 0.7725424859373685 9.752641290737884 -4.7
    endloop
  endfacet
  facet normal 0 0 -1
    outer loop
      vertex 1.064448228912681 5.112932368834951 -4.7
      vertex 0.7725424859373685 9.752641290737884 -4.7
      vertex 1.0644482289126818 9.63706763116505 -4.7
    endloop
  endfacet
  facet normal 0 0 -1
    outer loop
      vertex 1.3395669874474918 5.264180186244962 -4.7
      vertex 1.0644482289126818 9.63706763116505 -4.7
      vertex 1.3395669874474918 9.485819813755038 -4.7
    endloop
  endfacet
  facet normal 0 0 -1
    outer loop
      vertex 1.5935599743717241 5.448716893060526 -4.7
      vertex 1.3395669874474918 9.485819813755038 -4.7
      vertex 1.5935599743717241 9.301283106939474 -4.7
    endloop
  endfacet
  facet normal -0.9048270524660191 0.42577929156507344 0
    outer loop
      vertex 2.1907667001096587 6.1706158147457115 -4.7
      vertex 2.3244412147206286 6.454688618288305 -4.7
      vertex 2.3244412147206286 6.454688618288305 -6
    endloop
  endfacet
  facet normal -0.9510565162951536 0.309016994374947 0
    outer loop
      vertex 2.3244412147206286 6.454688618288305 -4.7
      vertex 2.4214579028215777 6.753275282087863 -4.7
      vertex 2.4214579028215777 6.753275282087863 -6
    endloop
  endfacet
  facet normal -0.9822872507286885 0.18738131458572505 0
    outer loop
      vertex 2.4214579028215777 6.753275282087863 -4.7
      vertex 2.4802867532861947 7.06166691608924 -4.7
      vertex 2.4802867532861947 7.06166691608924 -6
    endloop
  endfacet
  facet normal -0.9980267284282717 -0.06279051952931293 0
    outer loop
      vertex 2.5 7.375 -4.7
      vertex 2.4802867532861947 7.68833308391076 -4.7
      vertex 2.4802867532861947 7.68833308391076 -6
    endloop
  endfacet
  facet normal -0.9980267284282717 0.06279051952931293 0
    outer loop
      vertex 2.4802867532861947 7.06166691608924 -4.7
      vertex 2.5 7.375 -4.7
      vertex 2.5 7.375 -6
    endloop
  endfacet
  facet normal 0 0 -1
    outer loop
      vertex 1.5935599743717241 5.448716893060526 -4.7
      vertex 1.5935599743717241 9.301283106939474 -4.7
      vertex 1.8224215685535292 5.663632235178278 -4.7
    endloop
  endfacet
  facet normal 0 0 -1
    outer loop
      vertex 1.8224215685535292 5.663632235178278 -4.7
      vertex 1.8224215685535292 9.086367764821722 -4.7
      vertex 2.0225424859373686 5.905536869268817 -4.7
    endloop
  endfacet
  facet normal 0 0 -1
    outer loop
      vertex 2.0225424859373686 5.905536869268817 -4.7
      vertex 2.0225424859373686 8.844463130731183 -4.7
      vertex 2.1907667001096587 6.1706158147457115 -4.7
    endloop
  endfacet
  facet normal 0 0 -1
    outer loop
      vertex 2.1907667001096587 6.1706158147457115 -4.7
      vertex 2.1907667001096587 8.579384185254288 -4.7
      vertex 2.3244412147206286 6.454688618288305 -4.7
    endloop
  endfacet
  facet normal 0 0 -1
    outer loop
      vertex 2.3244412147206286 6.454688618288305 -4.7
      vertex 2.3244412147206286 8.295311381711695 -4.7
      vertex 2.4214579028215777 6.753275282087863 -4.7
    endloop
  endfacet
  facet normal 0 0 -1
    outer loop
      vertex 2.4214579028215777 6.753275282087863 -4.7
      vertex 2.4214579028215777 7.996724717912137 -4.7
      vertex 2.4802867532861947 7.06166691608924 -4.7
    endloop
  endfacet
  facet normal 0 0 -1
    outer loop
      vertex 2.4802867532861947 7.06166691608924 -4.7
      vertex 2.4802867532861947 7.68833308391076 -4.7
      vertex 2.5 7.375 -4.7
    endloop
  endfacet
  facet normal 0 0 -1
    outer loop
      vertex 2.4802867532861947 7.06166691608924 -4.7
      vertex 2.4214579028215777 7.996724717912137 -4.7
      vertex 2.4802867532861947 7.68833308391076 -4.7
    endloop
  endfacet
  facet normal -0.6845471059286894 -0.7289686274214108 0
    outer loop
      vertex 1.8224215685535292 9.086367764821722 -4.7
      vertex 1.5935599743717241 9.301283106939474 -4.7
      vertex 1.8224215685535292 9.086367764821722 -6
    endloop
  endfacet
  facet normal -0.7705132427757889 -0.6374239897486902 0
    outer loop
      vertex 2.0225424859373686 8.844463130731183 -4.7
      vertex 1.8224215685535292 9.086367764821722 -4.7
      vertex 1.8224215685535292 9.086367764821722 -6
    endloop
  endfacet
  facet normal -0.8443279255020167 -0.5358267949789941 0
    outer loop
      vertex 2.0225424859373686 8.844463130731183 -4.7
      vertex 2.0225424859373686 8.844463130731183 -6
      vertex 2.1907667001096587 8.579384185254288 -4.7
    endloop
  endfacet
  facet normal -0.9048270524660186 -0.42577929156507455 0
    outer loop
      vertex 2.1907667001096587 8.579384185254288 -4.7
      vertex 2.1907667001096587 8.579384185254288 -6
      vertex 2.3244412147206286 8.295311381711695 -4.7
    endloop
  endfacet
  facet normal -0.9822872507286885 -0.18738131458572505 0
    outer loop
      vertex 2.4802867532861947 7.68833308391076 -4.7
      vertex 2.4214579028215777 7.996724717912137 -4.7
      vertex 2.4214579028215777 7.996724717912137 -6
    endloop
  endfacet
  facet normal -0.9510565162951536 -0.309016994374947 0
    outer loop
      vertex 2.4214579028215777 7.996724717912137 -4.7
      vertex 2.3244412147206286 8.295311381711695 -4.7
      vertex 2.3244412147206286 8.295311381711695 -6
    endloop
  endfacet
  facet normal 0 0 -1
    outer loop
      vertex 1.8224215685535292 5.663632235178278 -4.7
      vertex 1.5935599743717241 9.301283106939474 -4.7
      vertex 1.8224215685535292 9.086367764821722 -4.7
    endloop
  endfacet
  facet normal 0 0 -1
    outer loop
      vertex 2.0225424859373686 5.905536869268817 -4.7
      vertex 1.8224215685535292 9.086367764821722 -4.7
      vertex 2.0225424859373686 8.844463130731183 -4.7
    endloop
  endfacet
  facet normal 0 0 -1
    outer loop
      vertex 2.3244412147206286 6.454688618288305 -4.7
      vertex 2.1907667001096587 8.579384185254288 -4.7
      vertex 2.3244412147206286 8.295311381711695 -4.7
    endloop
  endfacet
  facet normal 0 0 -1
    outer loop
      vertex 2.1907667001096587 6.1706158147457115 -4.7
      vertex 2.0225424859373686 8.844463130731183 -4.7
      vertex 2.1907667001096587 8.579384185254288 -4.7
    endloop
  endfacet
  facet normal 0 0 -1
    outer loop
      vertex 2.4214579028215777 6.753275282087863 -4.7
      vertex 2.3244412147206286 8.295311381711695 -4.7
      vertex 2.4214579028215777 7.996724717912137 -4.7
    endloop
  endfacet
  facet normal -0.12533323356430473 -0.9921147013144777 0
    outer loop
      vertex 0.15697629882328318 9.87006682107068 -4.7
      vertex 0.15697629882328318 9.87006682107068 -6
      vertex 0.46845328646431145 9.830718126821722 -6
    endloop
  endfacet
  facet normal -0.2486898871648553 -0.9685831611286309 0
    outer loop
      vertex 0.46845328646431145 9.830718126821722 -4.7
      vertex 0.46845328646431145 9.830718126821722 -6
      vertex 0.7725424859373685 9.752641290737884 -6
    endloop
  endfacet
  facet normal -0.3681245526846773 -0.9297764858882517 0
    outer loop
      vertex 0.7725424859373685 9.752641290737884 -4.7
      vertex 0.7725424859373685 9.752641290737884 -6
      vertex 1.0644482289126818 9.63706763116505 -6
    endloop
  endfacet
  facet normal -0.5877852522924721 -0.8090169943749481 0
    outer loop
      vertex 1.3395669874474918 9.485819813755038 -4.7
      vertex 1.3395669874474918 9.485819813755038 -6
      vertex 1.5935599743717241 9.301283106939474 -6
    endloop
  endfacet
  facet normal -0.4817536741017157 -0.8763066800438634 0
    outer loop
      vertex 1.0644482289126818 9.63706763116505 -4.7
      vertex 1.0644482289126818 9.63706763116505 -6
      vertex 1.3395669874474918 9.485819813755038 -6
    endloop
  endfacet
  facet normal -0.6845471059286894 -0.7289686274214108 0
    outer loop
      vertex 1.5935599743717241 9.301283106939474 -4.7
      vertex 1.5935599743717241 9.301283106939474 -6
      vertex 1.8224215685535292 9.086367764821722 -6
    endloop
  endfacet
  facet normal 0 -1 0
    outer loop
      vertex -0.15697629882328318 9.87006682107068 -4.7
      vertex 0.15697629882328318 9.87006682107068 -6
      vertex 0.15697629882328318 9.87006682107068 -4.7
    endloop
  endfacet
  facet normal -0.12533323356430473 -0.9921147013144777 0
    outer loop
      vertex 0.15697629882328318 9.87006682107068 -4.7
      vertex 0.46845328646431145 9.830718126821722 -6
      vertex 0.46845328646431145 9.830718126821722 -4.7
    endloop
  endfacet
  facet normal -0.2486898871648553 -0.9685831611286309 0
    outer loop
      vertex 0.46845328646431145 9.830718126821722 -4.7
      vertex 0.7725424859373685 9.752641290737884 -6
      vertex 0.7725424859373685 9.752641290737884 -4.7
    endloop
  endfacet
  facet normal -0.3681245526846773 -0.9297764858882517 0
    outer loop
      vertex 0.7725424859373685 9.752641290737884 -4.7
      vertex 1.0644482289126818 9.63706763116505 -6
      vertex 1.0644482289126818 9.63706763116505 -4.7
    endloop
  endfacet
  facet normal -0.4817536741017157 -0.8763066800438634 0
    outer loop
      vertex 1.0644482289126818 9.63706763116505 -4.7
      vertex 1.3395669874474918 9.485819813755038 -6
      vertex 1.3395669874474918 9.485819813755038 -4.7
    endloop
  endfacet
  facet normal -0.5877852522924721 -0.8090169943749481 0
    outer loop
      vertex 1.3395669874474918 9.485819813755038 -4.7
      vertex 1.5935599743717241 9.301283106939474 -6
      vertex 1.5935599743717241 9.301283106939474 -4.7
    endloop
  endfacet
  facet normal 0.6845471059286878 0.7289686274214123 0
    outer loop
      vertex -1.593559974371725 -9.301283106939472 -4.7
      vertex -1.593559974371725 -9.301283106939472 -6
      vertex -1.8224215685535292 -9.086367764821722 -6
    endloop
  endfacet
  facet normal 0.4817536741017166 0.8763066800438629 0
    outer loop
      vertex -1.064448228912681 -9.63706763116505 -4.7
      vertex -1.064448228912681 -9.63706763116505 -6
      vertex -1.3395669874474905 -9.485819813755038 -6
    endloop
  endfacet
  facet normal 0.5877852522924726 0.8090169943749479 0
    outer loop
      vertex -1.3395669874474905 -9.485819813755038 -4.7
      vertex -1.3395669874474905 -9.485819813755038 -6
      vertex -1.593559974371725 -9.301283106939472 -6
    endloop
  endfacet
  facet normal 0.36812455268467803 0.9297764858882515 0
    outer loop
      vertex -0.7725424859373685 -9.752641290737884 -4.7
      vertex -0.7725424859373685 -9.752641290737884 -6
      vertex -1.064448228912681 -9.63706763116505 -6
    endloop
  endfacet
  facet normal 0.2486898871648558 0.9685831611286309 0
    outer loop
      vertex -0.46845328646431206 -9.830718126821722 -4.7
      vertex -0.46845328646431206 -9.830718126821722 -6
      vertex -0.7725424859373685 -9.752641290737884 -6
    endloop
  endfacet
  facet normal 0.12533323356430498 0.9921147013144778 0
    outer loop
      vertex -0.1569762988232844 -9.87006682107068 -4.7
      vertex -0.1569762988232844 -9.87006682107068 -6
      vertex -0.46845328646431206 -9.830718126821722 -6
    endloop
  endfacet
  facet normal 0.5877852522924726 0.8090169943749479 0
    outer loop
      vertex -1.593559974371725 -9.301283106939472 -4.7
      vertex -1.3395669874474905 -9.485819813755038 -4.7
      vertex -1.593559974371725 -9.301283106939472 -6
    endloop
  endfacet
  facet normal 0.4817536741017166 0.8763066800438629 0
    outer loop
      vertex -1.3395669874474905 -9.485819813755038 -4.7
      vertex -1.064448228912681 -9.63706763116505 -4.7
      vertex -1.3395669874474905 -9.485819813755038 -6
    endloop
  endfacet
  facet normal 0.36812455268467803 0.9297764858882515 0
    outer loop
      vertex -1.064448228912681 -9.63706763116505 -4.7
      vertex -0.7725424859373685 -9.752641290737884 -4.7
      vertex -1.064448228912681 -9.63706763116505 -6
    endloop
  endfacet
  facet normal 0.2486898871648558 0.9685831611286309 0
    outer loop
      vertex -0.7725424859373685 -9.752641290737884 -4.7
      vertex -0.46845328646431206 -9.830718126821722 -4.7
      vertex -0.7725424859373685 -9.752641290737884 -6
    endloop
  endfacet
  facet normal 0.12533323356430498 0.9921147013144778 0
    outer loop
      vertex -0.46845328646431206 -9.830718126821722 -4.7
      vertex -0.1569762988232844 -9.87006682107068 -4.7
      vertex -0.46845328646431206 -9.830718126821722 -6
    endloop
  endfacet
  facet normal 0 1 0
    outer loop
      vertex -0.1569762988232844 -9.87006682107068 -4.7
      vertex 0.1569762988232844 -9.87006682107068 -4.7
      vertex -0.1569762988232844 -9.87006682107068 -6
    endloop
  endfacet
  facet normal 0.9510565162951532 0.3090169943749488 0
    outer loop
      vertex -2.421457902821578 -7.996724717912136 -4.7
      vertex -2.324441214720628 -8.295311381711695 -6
      vertex -2.421457902821578 -7.996724717912136 -6
    endloop
  endfacet
  facet normal 0.9822872507286887 0.18738131458572424 0
    outer loop
      vertex -2.4802867532861947 -7.68833308391076 -4.7
      vertex -2.421457902821578 -7.996724717912136 -6
      vertex -2.4802867532861947 -7.68833308391076 -6
    endloop
  endfacet
  facet normal 0.7705132427757889 0.6374239897486902 0
    outer loop
      vertex -2.0225424859373686 -8.844463130731183 -4.7
      vertex -1.8224215685535292 -9.086367764821722 -6
      vertex -2.0225424859373686 -8.844463130731183 -6
    endloop
  endfacet
  facet normal 0.8443279255020167 0.5358267949789941 0
    outer loop
      vertex -2.1907667001096587 -8.579384185254288 -4.7
      vertex -2.0225424859373686 -8.844463130731183 -6
      vertex -2.1907667001096587 -8.579384185254288 -6
    endloop
  endfacet
  facet normal 0.9048270524660192 0.4257792915650734 0
    outer loop
      vertex -2.324441214720628 -8.295311381711695 -4.7
      vertex -2.1907667001096587 -8.579384185254288 -6
      vertex -2.324441214720628 -8.295311381711695 -6
    endloop
  endfacet
  facet normal 0.9980267284282717 0.06279051952931293 0
    outer loop
      vertex -2.5 -7.375 -4.7
      vertex -2.4802867532861947 -7.68833308391076 -6
      vertex -2.5 -7.375 -6
    endloop
  endfacet
  facet normal 0.9980267284282717 -0.06279051952931275 0
    outer loop
      vertex -2.4802867532861947 -7.061666916089239 -4.7
      vertex -2.5 -7.375 -6
      vertex -2.4802867532861947 -7.061666916089239 -6
    endloop
  endfacet
  facet normal 0.9822872507286885 -0.1873813145857256 0
    outer loop
      vertex -2.4214579028215777 -6.753275282087863 -4.7
      vertex -2.4802867532861947 -7.061666916089239 -6
      vertex -2.4214579028215777 -6.753275282087863 -6
    endloop
  endfacet
  facet normal 0.9510565162951533 -0.3090169943749483 0
    outer loop
      vertex -2.324441214720628 -6.454688618288305 -4.7
      vertex -2.4214579028215777 -6.753275282087863 -6
      vertex -2.324441214720628 -6.454688618288305 -6
    endloop
  endfacet
  facet normal 0.9048270524660202 -0.4257792915650711 0
    outer loop
      vertex -2.190766700109659 -6.1706158147457115 -4.7
      vertex -2.324441214720628 -6.454688618288305 -6
      vertex -2.190766700109659 -6.1706158147457115 -6
    endloop
  endfacet
  facet normal 0.9510565162951532 0.3090169943749488 0
    outer loop
      vertex -2.324441214720628 -8.295311381711695 -4.7
      vertex -2.324441214720628 -8.295311381711695 -6
      vertex -2.421457902821578 -7.996724717912136 -4.7
    endloop
  endfacet
  facet normal 0.9822872507286887 0.18738131458572424 0
    outer loop
      vertex -2.421457902821578 -7.996724717912136 -4.7
      vertex -2.421457902821578 -7.996724717912136 -6
      vertex -2.4802867532861947 -7.68833308391076 -4.7
    endloop
  endfacet
  facet normal 0.9048270524660192 0.4257792915650734 0
    outer loop
      vertex -2.324441214720628 -8.295311381711695 -4.7
      vertex -2.1907667001096587 -8.579384185254288 -4.7
      vertex -2.1907667001096587 -8.579384185254288 -6
    endloop
  endfacet
  facet normal 0.8443279255020167 0.5358267949789941 0
    outer loop
      vertex -2.1907667001096587 -8.579384185254288 -4.7
      vertex -2.0225424859373686 -8.844463130731183 -4.7
      vertex -2.0225424859373686 -8.844463130731183 -6
    endloop
  endfacet
  facet normal 0.7705132427757889 0.6374239897486902 0
    outer loop
      vertex -1.8224215685535292 -9.086367764821722 -4.7
      vertex -1.8224215685535292 -9.086367764821722 -6
      vertex -2.0225424859373686 -8.844463130731183 -4.7
    endloop
  endfacet
  facet normal 0.6845471059286878 0.7289686274214123 0
    outer loop
      vertex -1.593559974371725 -9.301283106939472 -4.7
      vertex -1.8224215685535292 -9.086367764821722 -6
      vertex -1.8224215685535292 -9.086367764821722 -4.7
    endloop
  endfacet
  facet normal 0 0 -1
    outer loop
      vertex -2.324441214720628 -8.295311381711695 -4.7
      vertex -2.421457902821578 -7.996724717912136 -4.7
      vertex -2.4214579028215777 -6.753275282087863 -4.7
    endloop
  endfacet
  facet normal 0 0 -1
    outer loop
      vertex -2.1907667001096587 -8.579384185254288 -4.7
      vertex -2.190766700109659 -6.1706158147457115 -4.7
      vertex -2.0225424859373686 -8.844463130731183 -4.7
    endloop
  endfacet
  facet normal 0 0 -1
    outer loop
      vertex -2.324441214720628 -8.295311381711695 -4.7
      vertex -2.324441214720628 -6.454688618288305 -4.7
      vertex -2.1907667001096587 -8.579384185254288 -4.7
    endloop
  endfacet
  facet normal 0 0 -1
    outer loop
      vertex -1.8224215685535292 -9.086367764821722 -4.7
      vertex -2.0225424859373686 -8.844463130731183 -4.7
      vertex -2.0225424859373686 -5.905536869268817 -4.7
    endloop
  endfacet
  facet normal 0 0 -1
    outer loop
      vertex -1.593559974371725 -9.301283106939472 -4.7
      vertex -1.8224215685535292 -9.086367764821722 -4.7
      vertex -1.822421568553529 -5.663632235178278 -4.7
    endloop
  endfacet
  facet normal 0.9980267284282717 -0.06279051952931275 0
    outer loop
      vertex -2.5 -7.375 -4.7
      vertex -2.5 -7.375 -6
      vertex -2.4802867532861947 -7.061666916089239 -4.7
    endloop
  endfacet
  facet normal 0.9980267284282717 0.06279051952931293 0
    outer loop
      vertex -2.4802867532861947 -7.68833308391076 -4.7
      vertex -2.4802867532861947 -7.68833308391076 -6
      vertex -2.5 -7.375 -4.7
    endloop
  endfacet
  facet normal 0.9822872507286885 -0.1873813145857256 0
    outer loop
      vertex -2.4802867532861947 -7.061666916089239 -4.7
      vertex -2.4802867532861947 -7.061666916089239 -6
      vertex -2.4214579028215777 -6.753275282087863 -4.7
    endloop
  endfacet
  facet normal 0.9510565162951533 -0.3090169943749483 0
    outer loop
      vertex -2.4214579028215777 -6.753275282087863 -4.7
      vertex -2.4214579028215777 -6.753275282087863 -6
      vertex -2.324441214720628 -6.454688618288305 -4.7
    endloop
  endfacet
  facet normal 0.9048270524660202 -0.4257792915650711 0
    outer loop
      vertex -2.324441214720628 -6.454688618288305 -4.7
      vertex -2.324441214720628 -6.454688618288305 -6
      vertex -2.190766700109659 -6.1706158147457115 -4.7
    endloop
  endfacet
  facet normal 0 0 -1
    outer loop
      vertex -2.421457902821578 -7.996724717912136 -4.7
      vertex -2.4802867532861947 -7.68833308391076 -4.7
      vertex -2.4802867532861947 -7.061666916089239 -4.7
    endloop
  endfacet
  facet normal 0 0 -1
    outer loop
      vertex -2.4802867532861947 -7.68833308391076 -4.7
      vertex -2.5 -7.375 -4.7
      vertex -2.4802867532861947 -7.061666916089239 -4.7
    endloop
  endfacet
  facet normal 0 0 -1
    outer loop
      vertex -2.421457902821578 -7.996724717912136 -4.7
      vertex -2.4802867532861947 -7.061666916089239 -4.7
      vertex -2.4214579028215777 -6.753275282087863 -4.7
    endloop
  endfacet
  facet normal 0 0 -1
    outer loop
      vertex -2.324441214720628 -8.295311381711695 -4.7
      vertex -2.4214579028215777 -6.753275282087863 -4.7
      vertex -2.324441214720628 -6.454688618288305 -4.7
    endloop
  endfacet
  facet normal 0 0 -1
    outer loop
      vertex -2.1907667001096587 -8.579384185254288 -4.7
      vertex -2.324441214720628 -6.454688618288305 -4.7
      vertex -2.190766700109659 -6.1706158147457115 -4.7
    endloop
  endfacet
  facet normal 0 0 -1
    outer loop
      vertex -2.0225424859373686 -8.844463130731183 -4.7
      vertex -2.190766700109659 -6.1706158147457115 -4.7
      vertex -2.0225424859373686 -5.905536869268817 -4.7
    endloop
  endfacet
  facet normal 0 0 -1
    outer loop
      vertex -1.8224215685535292 -9.086367764821722 -4.7
      vertex -2.0225424859373686 -5.905536869268817 -4.7
      vertex -1.822421568553529 -5.663632235178278 -4.7
    endloop
  endfacet
  facet normal 0 0 -1
    outer loop
      vertex -1.593559974371725 -9.301283106939472 -4.7
      vertex -1.822421568553529 -5.663632235178278 -4.7
      vertex -1.5935599743717244 -5.448716893060527 -4.7
    endloop
  endfacet
  facet normal 0 0 -1
    outer loop
      vertex -1.593559974371725 -9.301283106939472 -4.7
      vertex -1.5935599743717244 -5.448716893060527 -4.7
      vertex -1.3395669874474905 -9.485819813755038 -4.7
    endloop
  endfacet
  facet normal 0 0 -1
    outer loop
      vertex -1.3395669874474905 -9.485819813755038 -4.7
      vertex -1.3395669874474916 -5.264180186244962 -4.7
      vertex -1.064448228912681 -9.63706763116505 -4.7
    endloop
  endfacet
  facet normal 0 0 -1
    outer loop
      vertex -1.064448228912681 -9.63706763116505 -4.7
      vertex -1.0644482289126818 -5.112932368834951 -4.7
      vertex -0.7725424859373685 -9.752641290737884 -4.7
    endloop
  endfacet
  facet normal 0 0 -1
    outer loop
      vertex -0.7725424859373685 -9.752641290737884 -4.7
      vertex -0.7725424859373685 -4.997358709262116 -4.7
      vertex -0.46845328646431206 -9.830718126821722 -4.7
    endloop
  endfacet
  facet normal 0 0 -1
    outer loop
      vertex -0.46845328646431206 -9.830718126821722 -4.7
      vertex -0.46845328646431145 -4.919281873178278 -4.7
      vertex -0.1569762988232844 -9.87006682107068 -4.7
    endloop
  endfacet
  facet normal 0 0 -1
    outer loop
      vertex -0.1569762988232844 -9.87006682107068 -4.7
      vertex -0.15697629882328318 -4.8799331789293205 -4.7
      vertex 0.1569762988232844 -9.87006682107068 -4.7
    endloop
  endfacet
  facet normal 0 0 -1
    outer loop
      vertex -1.3395669874474905 -9.485819813755038 -4.7
      vertex -1.5935599743717244 -5.448716893060527 -4.7
      vertex -1.3395669874474916 -5.264180186244962 -4.7
    endloop
  endfacet
  facet normal 0 0 -1
    outer loop
      vertex -1.064448228912681 -9.63706763116505 -4.7
      vertex -1.3395669874474916 -5.264180186244962 -4.7
      vertex -1.0644482289126818 -5.112932368834951 -4.7
    endloop
  endfacet
  facet normal 0 0 -1
    outer loop
      vertex -0.7725424859373685 -9.752641290737884 -4.7
      vertex -1.0644482289126818 -5.112932368834951 -4.7
      vertex -0.7725424859373685 -4.997358709262116 -4.7
    endloop
  endfacet
  facet normal 0 0 -1
    outer loop
      vertex -0.46845328646431206 -9.830718126821722 -4.7
      vertex -0.7725424859373685 -4.997358709262116 -4.7
      vertex -0.46845328646431145 -4.919281873178278 -4.7
    endloop
  endfacet
  facet normal 0 0 -1
    outer loop
      vertex -0.1569762988232844 -9.87006682107068 -4.7
      vertex -0.46845328646431145 -4.919281873178278 -4.7
      vertex -0.15697629882328318 -4.8799331789293205 -4.7
    endloop
  endfacet
  facet normal 0.8443279255020152 -0.5358267949789964 0
    outer loop
      vertex -2.0225424859373686 -5.905536869268817 -4.7
      vertex -2.190766700109659 -6.1706158147457115 -6
      vertex -2.0225424859373686 -5.905536869268817 -6
    endloop
  endfacet
  facet normal 0.7705132427757886 -0.6374239897486905 0
    outer loop
      vertex -1.822421568553529 -5.663632235178278 -4.7
      vertex -2.0225424859373686 -5.905536869268817 -6
      vertex -1.822421568553529 -5.663632235178278 -6
    endloop
  endfacet
  facet normal 0.6845471059286886 -0.7289686274214117 0
    outer loop
      vertex -1.822421568553529 -5.663632235178278 -4.7
      vertex -1.822421568553529 -5.663632235178278 -6
      vertex -1.5935599743717244 -5.448716893060527 -6
    endloop
  endfacet
  facet normal 0.5877852522924734 -0.8090169943749472 0
    outer loop
      vertex -1.5935599743717244 -5.448716893060527 -4.7
      vertex -1.5935599743717244 -5.448716893060527 -6
      vertex -1.3395669874474916 -5.264180186244962 -6
    endloop
  endfacet
  facet normal 0.48175367410171605 -0.8763066800438633 0
    outer loop
      vertex -1.3395669874474916 -5.264180186244962 -4.7
      vertex -1.3395669874474916 -5.264180186244962 -6
      vertex -1.0644482289126818 -5.112932368834951 -6
    endloop
  endfacet
  facet normal 0.3681245526846773 -0.9297764858882517 0
    outer loop
      vertex -1.0644482289126818 -5.112932368834951 -4.7
      vertex -1.0644482289126818 -5.112932368834951 -6
      vertex -0.7725424859373685 -4.997358709262116 -6
    endloop
  endfacet
  facet normal 0.2486898871648553 -0.9685831611286309 0
    outer loop
      vertex -0.7725424859373685 -4.997358709262116 -4.7
      vertex -0.7725424859373685 -4.997358709262116 -6
      vertex -0.46845328646431145 -4.919281873178278 -6
    endloop
  endfacet
  facet normal 0.12533323356430473 -0.9921147013144777 0
    outer loop
      vertex -0.46845328646431145 -4.919281873178278 -4.7
      vertex -0.46845328646431145 -4.919281873178278 -6
      vertex -0.15697629882328318 -4.8799331789293205 -6
    endloop
  endfacet
  facet normal 0 -1 0
    outer loop
      vertex -0.15697629882328318 -4.8799331789293205 -4.7
      vertex -0.15697629882328318 -4.8799331789293205 -6
      vertex 0.15697629882328318 -4.8799331789293205 -6
    endloop
  endfacet
  facet normal 0.8443279255020152 -0.5358267949789964 0
    outer loop
      vertex -2.190766700109659 -6.1706158147457115 -4.7
      vertex -2.190766700109659 -6.1706158147457115 -6
      vertex -2.0225424859373686 -5.905536869268817 -4.7
    endloop
  endfacet
  facet normal 0.7705132427757886 -0.6374239897486905 0
    outer loop
      vertex -2.0225424859373686 -5.905536869268817 -4.7
      vertex -2.0225424859373686 -5.905536869268817 -6
      vertex -1.822421568553529 -5.663632235178278 -4.7
    endloop
  endfacet
  facet normal 0.6845471059286886 -0.7289686274214117 0
    outer loop
      vertex -1.822421568553529 -5.663632235178278 -4.7
      vertex -1.5935599743717244 -5.448716893060527 -6
      vertex -1.5935599743717244 -5.448716893060527 -4.7
    endloop
  endfacet
  facet normal 0.5877852522924734 -0.8090169943749472 0
    outer loop
      vertex -1.5935599743717244 -5.448716893060527 -4.7
      vertex -1.3395669874474916 -5.264180186244962 -6
      vertex -1.3395669874474916 -5.264180186244962 -4.7
    endloop
  endfacet
  facet normal 0.48175367410171605 -0.8763066800438633 0
    outer loop
      vertex -1.3395669874474916 -5.264180186244962 -4.7
      vertex -1.0644482289126818 -5.112932368834951 -6
      vertex -1.0644482289126818 -5.112932368834951 -4.7
    endloop
  endfacet
  facet normal 0.3681245526846773 -0.9297764858882517 0
    outer loop
      vertex -1.0644482289126818 -5.112932368834951 -4.7
      vertex -0.7725424859373685 -4.997358709262116 -6
      vertex -0.7725424859373685 -4.997358709262116 -4.7
    endloop
  endfacet
  facet normal 0.2486898871648553 -0.9685831611286309 0
    outer loop
      vertex -0.7725424859373685 -4.997358709262116 -4.7
      vertex -0.46845328646431145 -4.919281873178278 -6
      vertex -0.46845328646431145 -4.919281873178278 -4.7
    endloop
  endfacet
  facet normal 0.12533323356430473 -0.9921147013144777 0
    outer loop
      vertex -0.46845328646431145 -4.919281873178278 -4.7
      vertex -0.15697629882328318 -4.8799331789293205 -6
      vertex -0.15697629882328318 -4.8799331789293205 -4.7
    endloop
  endfacet
  facet normal 0 1 0
    outer loop
      vertex 0.1569762988232844 -9.87006682107068 -4.7
      vertex 0.1569762988232844 -9.87006682107068 -6
      vertex -0.1569762988232844 -9.87006682107068 -6
    endloop
  endfacet
  facet normal -0.12533323356430498 0.9921147013144778 0
    outer loop
      vertex 0.46845328646431206 -9.830718126821722 -4.7
      vertex 0.46845328646431206 -9.830718126821722 -6
      vertex 0.1569762988232844 -9.87006682107068 -6
    endloop
  endfacet
  facet normal -0.2486898871648558 0.9685831611286309 0
    outer loop
      vertex 0.7725424859373685 -9.752641290737884 -4.7
      vertex 0.7725424859373685 -9.752641290737884 -6
      vertex 0.46845328646431206 -9.830718126821722 -6
    endloop
  endfacet
  facet normal -0.36812455268467803 0.9297764858882515 0
    outer loop
      vertex 1.064448228912681 -9.63706763116505 -4.7
      vertex 1.064448228912681 -9.63706763116505 -6
      vertex 0.7725424859373685 -9.752641290737884 -6
    endloop
  endfacet
  facet normal -0.48175367410171477 0.8763066800438639 0
    outer loop
      vertex 1.3395669874474918 -9.485819813755038 -4.7
      vertex 1.3395669874474918 -9.485819813755038 -6
      vertex 1.064448228912681 -9.63706763116505 -6
    endloop
  endfacet
  facet normal -0.5877852522924721 0.8090169943749481 0
    outer loop
      vertex 1.5935599743717241 -9.301283106939474 -4.7
      vertex 1.5935599743717241 -9.301283106939474 -6
      vertex 1.3395669874474918 -9.485819813755038 -6
    endloop
  endfacet
  facet normal -0.12533323356430498 0.9921147013144778 0
    outer loop
      vertex 0.1569762988232844 -9.87006682107068 -4.7
      vertex 0.46845328646431206 -9.830718126821722 -4.7
      vertex 0.1569762988232844 -9.87006682107068 -6
    endloop
  endfacet
  facet normal -0.2486898871648558 0.9685831611286309 0
    outer loop
      vertex 0.46845328646431206 -9.830718126821722 -4.7
      vertex 0.7725424859373685 -9.752641290737884 -4.7
      vertex 0.46845328646431206 -9.830718126821722 -6
    endloop
  endfacet
  facet normal -0.36812455268467803 0.9297764858882515 0
    outer loop
      vertex 0.7725424859373685 -9.752641290737884 -4.7
      vertex 1.064448228912681 -9.63706763116505 -4.7
      vertex 0.7725424859373685 -9.752641290737884 -6
    endloop
  endfacet
  facet normal -0.48175367410171477 0.8763066800438639 0
    outer loop
      vertex 1.064448228912681 -9.63706763116505 -4.7
      vertex 1.3395669874474918 -9.485819813755038 -4.7
      vertex 1.064448228912681 -9.63706763116505 -6
    endloop
  endfacet
  facet normal -0.5877852522924721 0.8090169943749481 0
    outer loop
      vertex 1.3395669874474918 -9.485819813755038 -4.7
      vertex 1.5935599743717241 -9.301283106939474 -4.7
      vertex 1.3395669874474918 -9.485819813755038 -6
    endloop
  endfacet
  facet normal -0.6845471059286894 0.7289686274214108 0
    outer loop
      vertex 1.5935599743717241 -9.301283106939474 -4.7
      vertex 1.8224215685535292 -9.086367764821722 -4.7
      vertex 1.5935599743717241 -9.301283106939474 -6
    endloop
  endfacet
  facet normal -0.6845471059286894 0.7289686274214108 0
    outer loop
      vertex 1.8224215685535292 -9.086367764821722 -4.7
      vertex 1.8224215685535292 -9.086367764821722 -6
      vertex 1.5935599743717241 -9.301283106939474 -6
    endloop
  endfacet
  facet normal -0.7705132427757889 0.6374239897486902 0
    outer loop
      vertex 1.8224215685535292 -9.086367764821722 -4.7
      vertex 2.0225424859373686 -8.844463130731183 -6
      vertex 1.8224215685535292 -9.086367764821722 -6
    endloop
  endfacet
  facet normal -0.8443279255020167 0.5358267949789941 0
    outer loop
      vertex 2.0225424859373686 -8.844463130731183 -4.7
      vertex 2.1907667001096587 -8.579384185254288 -6
      vertex 2.0225424859373686 -8.844463130731183 -6
    endloop
  endfacet
  facet normal -0.9048270524660186 0.42577929156507455 0
    outer loop
      vertex 2.1907667001096587 -8.579384185254288 -4.7
      vertex 2.3244412147206286 -8.295311381711695 -6
      vertex 2.1907667001096587 -8.579384185254288 -6
    endloop
  endfacet
  facet normal -0.9510565162951536 0.309016994374947 0
    outer loop
      vertex 2.3244412147206286 -8.295311381711695 -4.7
      vertex 2.4214579028215777 -7.996724717912137 -6
      vertex 2.3244412147206286 -8.295311381711695 -6
    endloop
  endfacet
  facet normal -0.9822872507286885 0.18738131458572505 0
    outer loop
      vertex 2.4214579028215777 -7.996724717912137 -4.7
      vertex 2.4802867532861947 -7.68833308391076 -6
      vertex 2.4214579028215777 -7.996724717912137 -6
    endloop
  endfacet
  facet normal -0.9048270524660191 -0.42577929156507344 0
    outer loop
      vertex 2.3244412147206286 -6.454688618288305 -4.7
      vertex 2.1907667001096587 -6.1706158147457115 -6
      vertex 2.3244412147206286 -6.454688618288305 -6
    endloop
  endfacet
  facet normal -0.9980267284282717 0.06279051952931293 0
    outer loop
      vertex 2.4802867532861947 -7.68833308391076 -4.7
      vertex 2.5 -7.375 -6
      vertex 2.4802867532861947 -7.68833308391076 -6
    endloop
  endfacet
  facet normal -0.9980267284282717 -0.06279051952931293 0
    outer loop
      vertex 2.5 -7.375 -4.7
      vertex 2.4802867532861947 -7.06166691608924 -6
      vertex 2.5 -7.375 -6
    endloop
  endfacet
  facet normal -0.9822872507286885 -0.18738131458572505 0
    outer loop
      vertex 2.4802867532861947 -7.06166691608924 -4.7
      vertex 2.4214579028215777 -6.753275282087863 -6
      vertex 2.4802867532861947 -7.06166691608924 -6
    endloop
  endfacet
  facet normal -0.9510565162951536 -0.309016994374947 0
    outer loop
      vertex 2.4214579028215777 -6.753275282087863 -4.7
      vertex 2.3244412147206286 -6.454688618288305 -6
      vertex 2.4214579028215777 -6.753275282087863 -6
    endloop
  endfacet
  facet normal 0 0 -1
    outer loop
      vertex 0.1569762988232844 -9.87006682107068 -4.7
      vertex 0.15697629882328318 -4.8799331789293205 -4.7
      vertex 0.46845328646431206 -9.830718126821722 -4.7
    endloop
  endfacet
  facet normal 0 0 -1
    outer loop
      vertex 0.46845328646431206 -9.830718126821722 -4.7
      vertex 0.46845328646431145 -4.919281873178278 -4.7
      vertex 0.7725424859373685 -9.752641290737884 -4.7
    endloop
  endfacet
  facet normal 0 0 -1
    outer loop
      vertex 0.7725424859373685 -9.752641290737884 -4.7
      vertex 0.7725424859373685 -4.997358709262116 -4.7
      vertex 1.064448228912681 -9.63706763116505 -4.7
    endloop
  endfacet
  facet normal 0 0 -1
    outer loop
      vertex 1.064448228912681 -9.63706763116505 -4.7
      vertex 1.0644482289126818 -5.112932368834951 -4.7
      vertex 1.3395669874474918 -9.485819813755038 -4.7
    endloop
  endfacet
  facet normal 0 0 -1
    outer loop
      vertex 1.3395669874474918 -9.485819813755038 -4.7
      vertex 1.3395669874474918 -5.264180186244962 -4.7
      vertex 1.5935599743717241 -9.301283106939474 -4.7
    endloop
  endfacet
  facet normal 0 0 -1
    outer loop
      vertex -0.15697629882328318 -4.8799331789293205 -4.7
      vertex 0.15697629882328318 -4.8799331789293205 -4.7
      vertex 0.1569762988232844 -9.87006682107068 -4.7
    endloop
  endfacet
  facet normal 0 0 -1
    outer loop
      vertex 0.46845328646431206 -9.830718126821722 -4.7
      vertex 0.15697629882328318 -4.8799331789293205 -4.7
      vertex 0.46845328646431145 -4.919281873178278 -4.7
    endloop
  endfacet
  facet normal 0 0 -1
    outer loop
      vertex 0.7725424859373685 -9.752641290737884 -4.7
      vertex 0.46845328646431145 -4.919281873178278 -4.7
      vertex 0.7725424859373685 -4.997358709262116 -4.7
    endloop
  endfacet
  facet normal 0 0 -1
    outer loop
      vertex 1.064448228912681 -9.63706763116505 -4.7
      vertex 0.7725424859373685 -4.997358709262116 -4.7
      vertex 1.0644482289126818 -5.112932368834951 -4.7
    endloop
  endfacet
  facet normal 0 0 -1
    outer loop
      vertex 1.3395669874474918 -9.485819813755038 -4.7
      vertex 1.0644482289126818 -5.112932368834951 -4.7
      vertex 1.3395669874474918 -5.264180186244962 -4.7
    endloop
  endfacet
  facet normal 0 0 -1
    outer loop
      vertex 1.5935599743717241 -9.301283106939474 -4.7
      vertex 1.3395669874474918 -5.264180186244962 -4.7
      vertex 1.5935599743717241 -5.448716893060526 -4.7
    endloop
  endfacet
  facet normal -0.7705132427757889 0.6374239897486902 0
    outer loop
      vertex 1.8224215685535292 -9.086367764821722 -4.7
      vertex 2.0225424859373686 -8.844463130731183 -4.7
      vertex 2.0225424859373686 -8.844463130731183 -6
    endloop
  endfacet
  facet normal -0.8443279255020167 0.5358267949789941 0
    outer loop
      vertex 2.0225424859373686 -8.844463130731183 -4.7
      vertex 2.1907667001096587 -8.579384185254288 -4.7
      vertex 2.1907667001096587 -8.579384185254288 -6
    endloop
  endfacet
  facet normal -0.9048270524660186 0.42577929156507455 0
    outer loop
      vertex 2.1907667001096587 -8.579384185254288 -4.7
      vertex 2.3244412147206286 -8.295311381711695 -4.7
      vertex 2.3244412147206286 -8.295311381711695 -6
    endloop
  endfacet
  facet normal -0.9510565162951536 0.309016994374947 0
    outer loop
      vertex 2.3244412147206286 -8.295311381711695 -4.7
      vertex 2.4214579028215777 -7.996724717912137 -4.7
      vertex 2.4214579028215777 -7.996724717912137 -6
    endloop
  endfacet
  facet normal -0.9822872507286885 0.18738131458572505 0
    outer loop
      vertex 2.4214579028215777 -7.996724717912137 -4.7
      vertex 2.4802867532861947 -7.68833308391076 -4.7
      vertex 2.4802867532861947 -7.68833308391076 -6
    endloop
  endfacet
  facet normal 0 0 -1
    outer loop
      vertex 1.5935599743717241 -9.301283106939474 -4.7
      vertex 1.5935599743717241 -5.448716893060526 -4.7
      vertex 1.8224215685535292 -9.086367764821722 -4.7
    endloop
  endfacet
  facet normal 0 0 -1
    outer loop
      vertex 1.8224215685535292 -9.086367764821722 -4.7
      vertex 1.8224215685535292 -5.663632235178278 -4.7
      vertex 2.0225424859373686 -8.844463130731183 -4.7
    endloop
  endfacet
  facet normal 0 0 -1
    outer loop
      vertex 2.0225424859373686 -8.844463130731183 -4.7
      vertex 2.0225424859373686 -5.905536869268817 -4.7
      vertex 2.1907667001096587 -8.579384185254288 -4.7
    endloop
  endfacet
  facet normal 0 0 -1
    outer loop
      vertex 2.1907667001096587 -8.579384185254288 -4.7
      vertex 2.1907667001096587 -6.1706158147457115 -4.7
      vertex 2.3244412147206286 -8.295311381711695 -4.7
    endloop
  endfacet
  facet normal -0.9048270524660191 -0.42577929156507344 0
    outer loop
      vertex 2.3244412147206286 -6.454688618288305 -4.7
      vertex 2.1907667001096587 -6.1706158147457115 -4.7
      vertex 2.1907667001096587 -6.1706158147457115 -6
    endloop
  endfacet
  facet normal -0.9980267284282717 0.06279051952931293 0
    outer loop
      vertex 2.4802867532861947 -7.68833308391076 -4.7
      vertex 2.5 -7.375 -4.7
      vertex 2.5 -7.375 -6
    endloop
  endfacet
  facet normal -0.9980267284282717 -0.06279051952931293 0
    outer loop
      vertex 2.5 -7.375 -4.7
      vertex 2.4802867532861947 -7.06166691608924 -4.7
      vertex 2.4802867532861947 -7.06166691608924 -6
    endloop
  endfacet
  facet normal -0.9822872507286885 -0.18738131458572505 0
    outer loop
      vertex 2.4802867532861947 -7.06166691608924 -4.7
      vertex 2.4214579028215777 -6.753275282087863 -4.7
      vertex 2.4214579028215777 -6.753275282087863 -6
    endloop
  endfacet
  facet normal -0.9510565162951536 -0.309016994374947 0
    outer loop
      vertex 2.4214579028215777 -6.753275282087863 -4.7
      vertex 2.3244412147206286 -6.454688618288305 -4.7
      vertex 2.3244412147206286 -6.454688618288305 -6
    endloop
  endfacet
  facet normal 0 0 -1
    outer loop
      vertex 2.1907667001096587 -8.579384185254288 -4.7
      vertex 2.0225424859373686 -5.905536869268817 -4.7
      vertex 2.1907667001096587 -6.1706158147457115 -4.7
    endloop
  endfacet
  facet normal 0 0 -1
    outer loop
      vertex 2.3244412147206286 -8.295311381711695 -4.7
      vertex 2.1907667001096587 -6.1706158147457115 -4.7
      vertex 2.3244412147206286 -6.454688618288305 -4.7
    endloop
  endfacet
  facet normal 0 0 -1
    outer loop
      vertex 1.8224215685535292 -9.086367764821722 -4.7
      vertex 1.5935599743717241 -5.448716893060526 -4.7
      vertex 1.8224215685535292 -5.663632235178278 -4.7
    endloop
  endfacet
  facet normal 0 0 -1
    outer loop
      vertex 2.0225424859373686 -8.844463130731183 -4.7
      vertex 1.8224215685535292 -5.663632235178278 -4.7
      vertex 2.0225424859373686 -5.905536869268817 -4.7
    endloop
  endfacet
  facet normal 0 0 -1
    outer loop
      vertex 2.3244412147206286 -8.295311381711695 -4.7
      vertex 2.3244412147206286 -6.454688618288305 -4.7
      vertex 2.4214579028215777 -7.996724717912137 -4.7
    endloop
  endfacet
  facet normal 0 0 -1
    outer loop
      vertex 2.4214579028215777 -7.996724717912137 -4.7
      vertex 2.4214579028215777 -6.753275282087863 -4.7
      vertex 2.4802867532861947 -7.68833308391076 -4.7
    endloop
  endfacet
  facet normal 0 0 -1
    outer loop
      vertex 2.4802867532861947 -7.68833308391076 -4.7
      vertex 2.4802867532861947 -7.06166691608924 -4.7
      vertex 2.5 -7.375 -4.7
    endloop
  endfacet
  facet normal 0 0 -1
    outer loop
      vertex 2.4214579028215777 -7.996724717912137 -4.7
      vertex 2.3244412147206286 -6.454688618288305 -4.7
      vertex 2.4214579028215777 -6.753275282087863 -4.7
    endloop
  endfacet
  facet normal 0 0 -1
    outer loop
      vertex 2.4802867532861947 -7.68833308391076 -4.7
      vertex 2.4214579028215777 -6.753275282087863 -4.7
      vertex 2.4802867532861947 -7.06166691608924 -4.7
    endloop
  endfacet
  facet normal -0.12533323356430473 -0.9921147013144777 0
    outer loop
      vertex 0.15697629882328318 -4.8799331789293205 -4.7
      vertex 0.15697629882328318 -4.8799331789293205 -6
      vertex 0.46845328646431145 -4.919281873178278 -6
    endloop
  endfacet
  facet normal -0.2486898871648553 -0.9685831611286309 0
    outer loop
      vertex 0.46845328646431145 -4.919281873178278 -4.7
      vertex 0.46845328646431145 -4.919281873178278 -6
      vertex 0.7725424859373685 -4.997358709262116 -6
    endloop
  endfacet
  facet normal -0.3681245526846773 -0.9297764858882517 0
    outer loop
      vertex 0.7725424859373685 -4.997358709262116 -4.7
      vertex 0.7725424859373685 -4.997358709262116 -6
      vertex 1.0644482289126818 -5.112932368834951 -6
    endloop
  endfacet
  facet normal -0.4817536741017157 -0.8763066800438634 0
    outer loop
      vertex 1.0644482289126818 -5.112932368834951 -4.7
      vertex 1.0644482289126818 -5.112932368834951 -6
      vertex 1.3395669874474918 -5.264180186244962 -6
    endloop
  endfacet
  facet normal -0.5877852522924721 -0.8090169943749481 0
    outer loop
      vertex 1.3395669874474918 -5.264180186244962 -4.7
      vertex 1.3395669874474918 -5.264180186244962 -6
      vertex 1.5935599743717241 -5.448716893060526 -6
    endloop
  endfacet
  facet normal -0.6845471059286894 -0.7289686274214108 0
    outer loop
      vertex 1.5935599743717241 -5.448716893060526 -4.7
      vertex 1.5935599743717241 -5.448716893060526 -6
      vertex 1.8224215685535292 -5.663632235178278 -6
    endloop
  endfacet
  facet normal -0.7705132427757889 -0.6374239897486902 0
    outer loop
      vertex 2.0225424859373686 -5.905536869268817 -4.7
      vertex 1.8224215685535292 -5.663632235178278 -6
      vertex 2.0225424859373686 -5.905536869268817 -6
    endloop
  endfacet
  facet normal -0.8443279255020159 -0.5358267949789954 0
    outer loop
      vertex 2.1907667001096587 -6.1706158147457115 -4.7
      vertex 2.0225424859373686 -5.905536869268817 -6
      vertex 2.1907667001096587 -6.1706158147457115 -6
    endloop
  endfacet
  facet normal 0 -1 0
    outer loop
      vertex -0.15697629882328318 -4.8799331789293205 -4.7
      vertex 0.15697629882328318 -4.8799331789293205 -6
      vertex 0.15697629882328318 -4.8799331789293205 -4.7
    endloop
  endfacet
  facet normal -0.12533323356430473 -0.9921147013144777 0
    outer loop
      vertex 0.15697629882328318 -4.8799331789293205 -4.7
      vertex 0.46845328646431145 -4.919281873178278 -6
      vertex 0.46845328646431145 -4.919281873178278 -4.7
    endloop
  endfacet
  facet normal -0.2486898871648553 -0.9685831611286309 0
    outer loop
      vertex 0.46845328646431145 -4.919281873178278 -4.7
      vertex 0.7725424859373685 -4.997358709262116 -6
      vertex 0.7725424859373685 -4.997358709262116 -4.7
    endloop
  endfacet
  facet normal -0.5877852522924721 -0.8090169943749481 0
    outer loop
      vertex 1.3395669874474918 -5.264180186244962 -4.7
      vertex 1.5935599743717241 -5.448716893060526 -6
      vertex 1.5935599743717241 -5.448716893060526 -4.7
    endloop
  endfacet
  facet normal -0.3681245526846773 -0.9297764858882517 0
    outer loop
      vertex 0.7725424859373685 -4.997358709262116 -4.7
      vertex 1.0644482289126818 -5.112932368834951 -6
      vertex 1.0644482289126818 -5.112932368834951 -4.7
    endloop
  endfacet
  facet normal -0.4817536741017157 -0.8763066800438634 0
    outer loop
      vertex 1.3395669874474918 -5.264180186244962 -4.7
      vertex 1.0644482289126818 -5.112932368834951 -4.7
      vertex 1.3395669874474918 -5.264180186244962 -6
    endloop
  endfacet
  facet normal -0.7705132427757889 -0.6374239897486902 0
    outer loop
      vertex 2.0225424859373686 -5.905536869268817 -4.7
      vertex 1.8224215685535292 -5.663632235178278 -4.7
      vertex 1.8224215685535292 -5.663632235178278 -6
    endloop
  endfacet
  facet normal -0.6845471059286894 -0.7289686274214108 0
    outer loop
      vertex 1.5935599743717241 -5.448716893060526 -4.7
      vertex 1.8224215685535292 -5.663632235178278 -6
      vertex 1.8224215685535292 -5.663632235178278 -4.7
    endloop
  endfacet
  facet normal -0.8443279255020159 -0.5358267949789954 0
    outer loop
      vertex 2.0225424859373686 -5.905536869268817 -4.7
      vertex 2.0225424859373686 -5.905536869268817 -6
      vertex 2.1907667001096587 -6.1706158147457115 -4.7
    endloop
  endfacet
  facet normal 0 0 1
    outer loop
      vertex -0.8763066800438635 6.893246325898285 -4.699999999999999
      vertex -0.8763066800438636 7.856753674101715 -4.699999999999999
      vertex -0.9297764858882512 7.006875447315322 -4.699999999999999
    endloop
  endfacet
  facet normal 0 0 1
    outer loop
      vertex -0.8090169943749475 6.787214747707527 -4.699999999999999
      vertex -0.8090169943749475 7.962785252292473 -4.699999999999999
      vertex -0.8763066800438635 6.893246325898285 -4.699999999999999
    endloop
  endfacet
  facet normal 0 0 1
    outer loop
      vertex -0.9685831611286312 7.126310112835146 -4.699999999999999
      vertex -0.9685831611286311 7.623689887164855 -4.699999999999999
      vertex -0.9921147013144779 7.249666766435696 -4.699999999999999
    endloop
  endfacet
  facet normal 0 0 1
    outer loop
      vertex -0.9921147013144779 7.249666766435696 -4.699999999999999
      vertex -0.9921147013144779 7.500333233564304 -4.699999999999999
      vertex -1 7.375 -4.699999999999999
    endloop
  endfacet
  facet normal 0 0 1
    outer loop
      vertex -0.9921147013144779 7.249666766435696 -4.699999999999999
      vertex -0.9685831611286311 7.623689887164855 -4.699999999999999
      vertex -0.9921147013144779 7.500333233564304 -4.699999999999999
    endloop
  endfacet
  facet normal 0 0 1
    outer loop
      vertex -0.9297764858882512 7.006875447315322 -4.699999999999999
      vertex -0.9297764858882513 7.743124552684678 -4.699999999999999
      vertex -0.9685831611286312 7.126310112835146 -4.699999999999999
    endloop
  endfacet
  facet normal 0 0 1
    outer loop
      vertex -0.9685831611286312 7.126310112835146 -4.699999999999999
      vertex -0.9297764858882513 7.743124552684678 -4.699999999999999
      vertex -0.9685831611286311 7.623689887164855 -4.699999999999999
    endloop
  endfacet
  facet normal 0 0 1
    outer loop
      vertex -0.9297764858882512 7.006875447315322 -4.699999999999999
      vertex -0.8763066800438636 7.856753674101715 -4.699999999999999
      vertex -0.9297764858882513 7.743124552684678 -4.699999999999999
    endloop
  endfacet
  facet normal 0 0 1
    outer loop
      vertex -0.8763066800438635 6.893246325898285 -4.699999999999999
      vertex -0.8090169943749475 7.962785252292473 -4.699999999999999
      vertex -0.8763066800438636 7.856753674101715 -4.699999999999999
    endloop
  endfacet
  facet normal 0 0 1
    outer loop
      vertex -0.8090169943749475 6.787214747707527 -4.699999999999999
      vertex -0.7289686274214116 8.059547105928688 -4.699999999999999
      vertex -0.8090169943749475 7.962785252292473 -4.699999999999999
    endloop
  endfacet
  facet normal 0 0 1
    outer loop
      vertex -0.7289686274214117 6.690452894071312 -4.699999999999999
      vertex -0.7289686274214116 8.059547105928688 -4.699999999999999
      vertex -0.8090169943749475 6.787214747707527 -4.699999999999999
    endloop
  endfacet
  facet normal 0 0 1
    outer loop
      vertex -0.7289686274214117 6.690452894071312 -4.699999999999999
      vertex -0.63742398974869 6.604486757224211 -4.699999999999999
      vertex -0.6374239897486897 8.14551324277579 -4.699999999999999
    endloop
  endfacet
  facet normal 0 0 1
    outer loop
      vertex -0.5358267949789962 6.530672074497985 -4.699999999999999
      vertex -0.5358267949789967 8.219327925502014 -4.699999999999999
      vertex -0.63742398974869 6.604486757224211 -4.699999999999999
    endloop
  endfacet
  facet normal 0 0 1
    outer loop
      vertex -0.5358267949789962 6.530672074497985 -4.699999999999999
      vertex -0.42577929156507244 6.47017294753398 -4.699999999999999
      vertex -0.4257792915650727 8.27982705246602 -4.699999999999999
    endloop
  endfacet
  facet normal 0 0 1
    outer loop
      vertex -0.7289686274214117 6.690452894071312 -4.699999999999999
      vertex -0.6374239897486897 8.14551324277579 -4.699999999999999
      vertex -0.7289686274214116 8.059547105928688 -4.699999999999999
    endloop
  endfacet
  facet normal 0 0 1
    outer loop
      vertex -0.3090169943749474 6.423943483704846 -4.699999999999999
      vertex -0.18738131458572482 6.392712749271311 -4.699999999999999
      vertex -0.18738131458572457 8.357287250728689 -4.699999999999999
    endloop
  endfacet
  facet normal 0 0 1
    outer loop
      vertex -0.3090169943749474 6.423943483704846 -4.699999999999999
      vertex -0.3090169943749474 8.326056516295154 -4.699999999999999
      vertex -0.42577929156507244 6.47017294753398 -4.699999999999999
    endloop
  endfacet
  facet normal 0 0 1
    outer loop
      vertex -0.18738131458572482 6.392712749271311 -4.699999999999999
      vertex -0.06279051952931376 6.376973271571728 -4.699999999999999
      vertex -0.06279051952931328 8.373026728428272 -4.699999999999999
    endloop
  endfacet
  facet normal 0 0 1
    outer loop
      vertex -0.63742398974869 6.604486757224211 -4.699999999999999
      vertex -0.5358267949789967 8.219327925502014 -4.699999999999999
      vertex -0.6374239897486897 8.14551324277579 -4.699999999999999
    endloop
  endfacet
  facet normal 0 0 1
    outer loop
      vertex -0.5358267949789962 6.530672074497985 -4.699999999999999
      vertex -0.4257792915650727 8.27982705246602 -4.699999999999999
      vertex -0.5358267949789967 8.219327925502014 -4.699999999999999
    endloop
  endfacet
  facet normal 0 0 1
    outer loop
      vertex -0.42577929156507244 6.47017294753398 -4.699999999999999
      vertex -0.3090169943749474 8.326056516295154 -4.699999999999999
      vertex -0.4257792915650727 8.27982705246602 -4.699999999999999
    endloop
  endfacet
  facet normal 0 0 1
    outer loop
      vertex -0.3090169943749474 6.423943483704846 -4.699999999999999
      vertex -0.18738131458572457 8.357287250728689 -4.699999999999999
      vertex -0.3090169943749474 8.326056516295154 -4.699999999999999
    endloop
  endfacet
  facet normal 0 0 1
    outer loop
      vertex -0.18738131458572482 6.392712749271311 -4.699999999999999
      vertex -0.06279051952931328 8.373026728428272 -4.699999999999999
      vertex -0.18738131458572457 8.357287250728689 -4.699999999999999
    endloop
  endfacet
  facet normal 0 0 1
    outer loop
      vertex -0.06279051952931376 6.376973271571728 -4.699999999999999
      vertex 0.06279051952931328 8.373026728428272 -4.699999999999999
      vertex -0.06279051952931328 8.373026728428272 -4.699999999999999
    endloop
  endfacet
  facet normal 0.7705132427757877 0.6374239897486916 0
    outer loop
      vertex -0.7289686274214117 6.690452894071312 -4.699999999999999
      vertex -0.8090169943749475 6.787214747707527 -4.699999999999999
      vertex -0.8090169943749475 6.787214747707527 6
    endloop
  endfacet
  facet normal 0.8443279255020162 0.5358267949789948 0
    outer loop
      vertex -0.8090169943749475 6.787214747707527 -4.699999999999999
      vertex -0.8763066800438635 6.893246325898285 -4.699999999999999
      vertex -0.8763066800438635 6.893246325898285 6
    endloop
  endfacet
  facet normal 0.9822872507286886 0.18738131458572538 0
    outer loop
      vertex -0.9685831611286312 7.126310112835146 -4.699999999999999
      vertex -0.9921147013144779 7.249666766435696 -4.699999999999999
      vertex -0.9921147013144779 7.249666766435696 6
    endloop
  endfacet
  facet normal 0.904827052466019 0.42577929156507377 0
    outer loop
      vertex -0.8763066800438635 6.893246325898285 -4.699999999999999
      vertex -0.9297764858882512 7.006875447315322 -4.699999999999999
      vertex -0.9297764858882512 7.006875447315322 6
    endloop
  endfacet
  facet normal 0.9510565162951538 0.30901699437494673 0
    outer loop
      vertex -0.9297764858882512 7.006875447315322 -4.699999999999999
      vertex -0.9685831611286312 7.126310112835146 -4.699999999999999
      vertex -0.9685831611286312 7.126310112835146 6
    endloop
  endfacet
  facet normal 0.9980267284282716 0.06279051952931301 0
    outer loop
      vertex -0.9921147013144779 7.249666766435696 -4.699999999999999
      vertex -1 7.375 -4.699999999999999
      vertex -1 7.375 6
    endloop
  endfacet
  facet normal 0.9980267284282716 -0.06279051952931301 0
    outer loop
      vertex -1 7.375 -4.699999999999999
      vertex -0.9921147013144779 7.500333233564304 -4.699999999999999
      vertex -0.9921147013144779 7.500333233564304 6
    endloop
  endfacet
  facet normal 0.9822872507286885 -0.18738131458572488 0
    outer loop
      vertex -0.9921147013144779 7.500333233564304 -4.699999999999999
      vertex -0.9685831611286311 7.623689887164855 -4.699999999999999
      vertex -0.9685831611286311 7.623689887164855 6
    endloop
  endfacet
  facet normal 0.3681245526846756 0.9297764858882523 0
    outer loop
      vertex -0.3090169943749474 6.423943483704846 -4.699999999999999
      vertex -0.42577929156507244 6.47017294753398 -4.699999999999999
      vertex -0.42577929156507244 6.47017294753398 6
    endloop
  endfacet
  facet normal 0.68454710592869 0.7289686274214103 0
    outer loop
      vertex -0.7289686274214117 6.690452894071312 -4.699999999999999
      vertex -0.7289686274214117 6.690452894071312 6
      vertex -0.63742398974869 6.604486757224211 -4.699999999999999
    endloop
  endfacet
  facet normal 0.5877852522924728 0.8090169943749478 0
    outer loop
      vertex -0.5358267949789962 6.530672074497985 -4.699999999999999
      vertex -0.63742398974869 6.604486757224211 -4.699999999999999
      vertex -0.63742398974869 6.604486757224211 6
    endloop
  endfacet
  facet normal 0.4817536741017176 0.8763066800438624 0
    outer loop
      vertex -0.5358267949789962 6.530672074497985 -4.699999999999999
      vertex -0.5358267949789962 6.530672074497985 6
      vertex -0.42577929156507244 6.47017294753398 -4.699999999999999
    endloop
  endfacet
  facet normal 0.24868988716485582 0.968583161128631 0
    outer loop
      vertex -0.3090169943749474 6.423943483704846 -4.699999999999999
      vertex -0.3090169943749474 6.423943483704846 6
      vertex -0.18738131458572482 6.392712749271311 -4.699999999999999
    endloop
  endfacet
  facet normal 0.12533323356430495 0.9921147013144778 0
    outer loop
      vertex -0.18738131458572482 6.392712749271311 -4.699999999999999
      vertex -0.18738131458572482 6.392712749271311 6
      vertex -0.06279051952931376 6.376973271571728 -4.699999999999999
    endloop
  endfacet
  facet normal 0 1 0
    outer loop
      vertex -0.06279051952931376 6.376973271571728 -4.699999999999999
      vertex -0.06279051952931376 6.376973271571728 6
      vertex 0.06279051952931376 6.376973271571728 -4.699999999999999
    endloop
  endfacet
  facet normal 0.9510565162951536 -0.30901699437494723 0
    outer loop
      vertex -0.9685831611286311 7.623689887164855 -4.699999999999999
      vertex -0.9297764858882513 7.743124552684678 -4.699999999999999
      vertex -0.9297764858882513 7.743124552684678 6
    endloop
  endfacet
  facet normal 0.904827052466019 -0.42577929156507377 0
    outer loop
      vertex -0.9297764858882513 7.743124552684678 -4.699999999999999
      vertex -0.8763066800438636 7.856753674101715 -4.699999999999999
      vertex -0.8763066800438636 7.856753674101715 6
    endloop
  endfacet
  facet normal 0.8443279255020157 -0.5358267949789953 0
    outer loop
      vertex -0.8763066800438636 7.856753674101715 -4.699999999999999
      vertex -0.8090169943749475 7.962785252292473 -4.699999999999999
      vertex -0.8090169943749475 7.962785252292473 6
    endloop
  endfacet
  facet normal 0.7705132427757873 -0.6374239897486921 0
    outer loop
      vertex -0.8090169943749475 7.962785252292473 -4.699999999999999
      vertex -0.7289686274214116 8.059547105928688 -4.699999999999999
      vertex -0.7289686274214116 8.059547105928688 6
    endloop
  endfacet
  facet normal 0.6845471059286933 -0.7289686274214072 0
    outer loop
      vertex -0.7289686274214116 8.059547105928688 -4.699999999999999
      vertex -0.6374239897486897 8.14551324277579 -4.699999999999999
      vertex -0.6374239897486897 8.14551324277579 6
    endloop
  endfacet
  facet normal 0.5877852522924661 -0.8090169943749526 0
    outer loop
      vertex -0.6374239897486897 8.14551324277579 -4.699999999999999
      vertex -0.5358267949789967 8.219327925502014 -4.699999999999999
      vertex -0.5358267949789967 8.219327925502014 6
    endloop
  endfacet
  facet normal 0.48175367410172243 -0.8763066800438596 0
    outer loop
      vertex -0.5358267949789967 8.219327925502014 -4.699999999999999
      vertex -0.4257792915650727 8.27982705246602 -4.699999999999999
      vertex -0.4257792915650727 8.27982705246602 6
    endloop
  endfacet
  facet normal 0.36812455268467476 -0.9297764858882527 0
    outer loop
      vertex -0.4257792915650727 8.27982705246602 -4.699999999999999
      vertex -0.3090169943749474 8.326056516295154 -4.699999999999999
      vertex -0.3090169943749474 8.326056516295154 6
    endloop
  endfacet
  facet normal 0.24868988716485532 -0.968583161128631 0
    outer loop
      vertex -0.3090169943749474 8.326056516295154 -4.699999999999999
      vertex -0.18738131458572457 8.357287250728689 -4.699999999999999
      vertex -0.18738131458572457 8.357287250728689 6
    endloop
  endfacet
  facet normal 0.1253332335643047 -0.9921147013144778 0
    outer loop
      vertex -0.18738131458572457 8.357287250728689 -4.699999999999999
      vertex -0.06279051952931328 8.373026728428272 -4.699999999999999
      vertex -0.06279051952931328 8.373026728428272 6
    endloop
  endfacet
  facet normal 0.8443279255020162 0.5358267949789948 0
    outer loop
      vertex -0.8090169943749475 6.787214747707527 -4.699999999999999
      vertex -0.8763066800438635 6.893246325898285 6
      vertex -0.8090169943749475 6.787214747707527 6
    endloop
  endfacet
  facet normal 0.9822872507286886 0.18738131458572538 0
    outer loop
      vertex -0.9685831611286312 7.126310112835146 -4.699999999999999
      vertex -0.9921147013144779 7.249666766435696 6
      vertex -0.9685831611286312 7.126310112835146 6
    endloop
  endfacet
  facet normal 0.904827052466019 0.42577929156507377 0
    outer loop
      vertex -0.8763066800438635 6.893246325898285 -4.699999999999999
      vertex -0.9297764858882512 7.006875447315322 6
      vertex -0.8763066800438635 6.893246325898285 6
    endloop
  endfacet
  facet normal 0.9510565162951538 0.30901699437494673 0
    outer loop
      vertex -0.9297764858882512 7.006875447315322 -4.699999999999999
      vertex -0.9685831611286312 7.126310112835146 6
      vertex -0.9297764858882512 7.006875447315322 6
    endloop
  endfacet
  facet normal 0.9980267284282716 0.06279051952931301 0
    outer loop
      vertex -0.9921147013144779 7.249666766435696 -4.699999999999999
      vertex -1 7.375 6
      vertex -0.9921147013144779 7.249666766435696 6
    endloop
  endfacet
  facet normal 0.9980267284282716 -0.06279051952931301 0
    outer loop
      vertex -1 7.375 -4.699999999999999
      vertex -0.9921147013144779 7.500333233564304 6
      vertex -1 7.375 6
    endloop
  endfacet
  facet normal 0.9822872507286885 -0.18738131458572488 0
    outer loop
      vertex -0.9921147013144779 7.500333233564304 -4.699999999999999
      vertex -0.9685831611286311 7.623689887164855 6
      vertex -0.9921147013144779 7.500333233564304 6
    endloop
  endfacet
  facet normal 0.4817536741017176 0.8763066800438624 0
    outer loop
      vertex -0.42577929156507244 6.47017294753398 -4.699999999999999
      vertex -0.5358267949789962 6.530672074497985 6
      vertex -0.42577929156507244 6.47017294753398 6
    endloop
  endfacet
  facet normal 0.68454710592869 0.7289686274214103 0
    outer loop
      vertex -0.63742398974869 6.604486757224211 -4.699999999999999
      vertex -0.7289686274214117 6.690452894071312 6
      vertex -0.63742398974869 6.604486757224211 6
    endloop
  endfacet
  facet normal 0.7705132427757877 0.6374239897486916 0
    outer loop
      vertex -0.7289686274214117 6.690452894071312 -4.699999999999999
      vertex -0.8090169943749475 6.787214747707527 6
      vertex -0.7289686274214117 6.690452894071312 6
    endloop
  endfacet
  facet normal 0.5877852522924728 0.8090169943749478 0
    outer loop
      vertex -0.5358267949789962 6.530672074497985 -4.699999999999999
      vertex -0.63742398974869 6.604486757224211 6
      vertex -0.5358267949789962 6.530672074497985 6
    endloop
  endfacet
  facet normal 0.3681245526846756 0.9297764858882523 0
    outer loop
      vertex -0.3090169943749474 6.423943483704846 -4.699999999999999
      vertex -0.42577929156507244 6.47017294753398 6
      vertex -0.3090169943749474 6.423943483704846 6
    endloop
  endfacet
  facet normal 0.24868988716485582 0.968583161128631 0
    outer loop
      vertex -0.18738131458572482 6.392712749271311 -4.699999999999999
      vertex -0.3090169943749474 6.423943483704846 6
      vertex -0.18738131458572482 6.392712749271311 6
    endloop
  endfacet
  facet normal 0.12533323356430495 0.9921147013144778 0
    outer loop
      vertex -0.06279051952931376 6.376973271571728 -4.699999999999999
      vertex -0.18738131458572482 6.392712749271311 6
      vertex -0.06279051952931376 6.376973271571728 6
    endloop
  endfacet
  facet normal 0.9510565162951536 -0.30901699437494723 0
    outer loop
      vertex -0.9685831611286311 7.623689887164855 -4.699999999999999
      vertex -0.9297764858882513 7.743124552684678 6
      vertex -0.9685831611286311 7.623689887164855 6
    endloop
  endfacet
  facet normal 0.904827052466019 -0.42577929156507377 0
    outer loop
      vertex -0.9297764858882513 7.743124552684678 -4.699999999999999
      vertex -0.8763066800438636 7.856753674101715 6
      vertex -0.9297764858882513 7.743124552684678 6
    endloop
  endfacet
  facet normal 0.8443279255020157 -0.5358267949789953 0
    outer loop
      vertex -0.8763066800438636 7.856753674101715 -4.699999999999999
      vertex -0.8090169943749475 7.962785252292473 6
      vertex -0.8763066800438636 7.856753674101715 6
    endloop
  endfacet
  facet normal 0.7705132427757873 -0.6374239897486921 0
    outer loop
      vertex -0.8090169943749475 7.962785252292473 -4.699999999999999
      vertex -0.7289686274214116 8.059547105928688 6
      vertex -0.8090169943749475 7.962785252292473 6
    endloop
  endfacet
  facet normal 0.6845471059286933 -0.7289686274214072 0
    outer loop
      vertex -0.7289686274214116 8.059547105928688 -4.699999999999999
      vertex -0.6374239897486897 8.14551324277579 6
      vertex -0.7289686274214116 8.059547105928688 6
    endloop
  endfacet
  facet normal 0.5877852522924661 -0.8090169943749526 0
    outer loop
      vertex -0.6374239897486897 8.14551324277579 -4.699999999999999
      vertex -0.5358267949789967 8.219327925502014 6
      vertex -0.6374239897486897 8.14551324277579 6
    endloop
  endfacet
  facet normal 0.48175367410172243 -0.8763066800438596 0
    outer loop
      vertex -0.5358267949789967 8.219327925502014 -4.699999999999999
      vertex -0.4257792915650727 8.27982705246602 6
      vertex -0.5358267949789967 8.219327925502014 6
    endloop
  endfacet
  facet normal 0.36812455268467476 -0.9297764858882527 0
    outer loop
      vertex -0.4257792915650727 8.27982705246602 -4.699999999999999
      vertex -0.3090169943749474 8.326056516295154 6
      vertex -0.4257792915650727 8.27982705246602 6
    endloop
  endfacet
  facet normal 0.24868988716485532 -0.968583161128631 0
    outer loop
      vertex -0.3090169943749474 8.326056516295154 -4.699999999999999
      vertex -0.18738131458572457 8.357287250728689 6
      vertex -0.3090169943749474 8.326056516295154 6
    endloop
  endfacet
  facet normal 0.1253332335643047 -0.9921147013144778 0
    outer loop
      vertex -0.18738131458572457 8.357287250728689 -4.699999999999999
      vertex -0.06279051952931328 8.373026728428272 6
      vertex -0.18738131458572457 8.357287250728689 6
    endloop
  endfacet
  facet normal 0 -1 0
    outer loop
      vertex -0.06279051952931328 8.373026728428272 -4.699999999999999
      vertex 0.06279051952931328 8.373026728428272 6
      vertex -0.06279051952931328 8.373026728428272 6
    endloop
  endfacet
  facet normal 0 0 1
    outer loop
      vertex -0.06279051952931376 6.376973271571728 -4.699999999999999
      vertex 0.06279051952931376 6.376973271571728 -4.699999999999999
      vertex 0.06279051952931328 8.373026728428272 -4.699999999999999
    endloop
  endfacet
  facet normal 0 0 1
    outer loop
      vertex 0.06279051952931376 6.376973271571728 -4.699999999999999
      vertex 0.18738131458572482 6.392712749271311 -4.699999999999999
      vertex 0.18738131458572457 8.357287250728689 -4.699999999999999
    endloop
  endfacet
  facet normal 0 0 1
    outer loop
      vertex 0.18738131458572482 6.392712749271311 -4.699999999999999
      vertex 0.3090169943749474 6.423943483704846 -4.699999999999999
      vertex 0.3090169943749474 8.326056516295154 -4.699999999999999
    endloop
  endfacet
  facet normal 0 0 1
    outer loop
      vertex 0.3090169943749474 6.423943483704846 -4.699999999999999
      vertex 0.42577929156507244 6.47017294753398 -4.699999999999999
      vertex 0.4257792915650727 8.27982705246602 -4.699999999999999
    endloop
  endfacet
  facet normal 0 0 1
    outer loop
      vertex 0.42577929156507244 6.47017294753398 -4.699999999999999
      vertex 0.5358267949789968 6.530672074497985 -4.699999999999999
      vertex 0.5358267949789968 8.219327925502014 -4.699999999999999
    endloop
  endfacet
  facet normal 0 0 1
    outer loop
      vertex 0.5358267949789968 6.530672074497985 -4.699999999999999
      vertex 0.6374239897486896 6.604486757224211 -4.699999999999999
      vertex 0.6374239897486896 8.14551324277579 -4.699999999999999
    endloop
  endfacet
  facet normal 0 0 1
    outer loop
      vertex 0.6374239897486896 6.604486757224211 -4.699999999999999
      vertex 0.7289686274214117 6.690452894071312 -4.699999999999999
      vertex 0.7289686274214117 8.059547105928688 -4.699999999999999
    endloop
  endfacet
  facet normal 0 0 1
    outer loop
      vertex 0.5358267949789968 6.530672074497985 -4.699999999999999
      vertex 0.6374239897486896 8.14551324277579 -4.699999999999999
      vertex 0.5358267949789968 8.219327925502014 -4.699999999999999
    endloop
  endfacet
  facet normal 0 0 1
    outer loop
      vertex 0.6374239897486896 6.604486757224211 -4.699999999999999
      vertex 0.7289686274214117 8.059547105928688 -4.699999999999999
      vertex 0.6374239897486896 8.14551324277579 -4.699999999999999
    endloop
  endfacet
  facet normal 0 0 1
    outer loop
      vertex 0.7289686274214117 6.690452894071312 -4.699999999999999
      vertex 0.8090169943749475 7.962785252292473 -4.699999999999999
      vertex 0.7289686274214117 8.059547105928688 -4.699999999999999
    endloop
  endfacet
  facet normal 0 0 1
    outer loop
      vertex 0.7289686274214117 6.690452894071312 -4.699999999999999
      vertex 0.8090169943749475 6.787214747707527 -4.699999999999999
      vertex 0.8090169943749475 7.962785252292473 -4.699999999999999
    endloop
  endfacet
  facet normal 0 0 1
    outer loop
      vertex 0.8090169943749475 6.787214747707527 -4.699999999999999
      vertex 0.8763066800438635 6.893246325898285 -4.699999999999999
      vertex 0.8763066800438635 7.856753674101715 -4.699999999999999
    endloop
  endfacet
  facet normal 0 0 1
    outer loop
      vertex 0.8763066800438635 6.893246325898285 -4.699999999999999
      vertex 0.9297764858882515 7.0068754473153225 -4.699999999999999
      vertex 0.9297764858882515 7.7431245526846775 -4.699999999999999
    endloop
  endfacet
  facet normal 0 0 1
    outer loop
      vertex 0.9297764858882515 7.0068754473153225 -4.699999999999999
      vertex 0.9685831611286311 7.126310112835145 -4.699999999999999
      vertex 0.9685831611286311 7.623689887164855 -4.699999999999999
    endloop
  endfacet
  facet normal 0 0 1
    outer loop
      vertex 0.8090169943749475 6.787214747707527 -4.699999999999999
      vertex 0.8763066800438635 7.856753674101715 -4.699999999999999
      vertex 0.8090169943749475 7.962785252292473 -4.699999999999999
    endloop
  endfacet
  facet normal 0 0 1
    outer loop
      vertex 0.8763066800438635 6.893246325898285 -4.699999999999999
      vertex 0.9297764858882515 7.7431245526846775 -4.699999999999999
      vertex 0.8763066800438635 7.856753674101715 -4.699999999999999
    endloop
  endfacet
  facet normal 0 0 1
    outer loop
      vertex 0.9297764858882515 7.0068754473153225 -4.699999999999999
      vertex 0.9685831611286311 7.623689887164855 -4.699999999999999
      vertex 0.9297764858882515 7.7431245526846775 -4.699999999999999
    endloop
  endfacet
  facet normal 0 0 1
    outer loop
      vertex 0.9685831611286311 7.126310112835145 -4.699999999999999
      vertex 0.9921147013144779 7.249666766435696 -4.699999999999999
      vertex 0.9921147013144779 7.500333233564304 -4.699999999999999
    endloop
  endfacet
  facet normal 0 0 1
    outer loop
      vertex 0.9921147013144779 7.249666766435696 -4.699999999999999
      vertex 1 7.375 -4.699999999999999
      vertex 0.9921147013144779 7.500333233564304 -4.699999999999999
    endloop
  endfacet
  facet normal 0 0 1
    outer loop
      vertex 0.9685831611286311 7.126310112835145 -4.699999999999999
      vertex 0.9921147013144779 7.500333233564304 -4.699999999999999
      vertex 0.9685831611286311 7.623689887164855 -4.699999999999999
    endloop
  endfacet
  facet normal 0 0 1
    outer loop
      vertex 0.06279051952931376 6.376973271571728 -4.699999999999999
      vertex 0.18738131458572457 8.357287250728689 -4.699999999999999
      vertex 0.06279051952931328 8.373026728428272 -4.699999999999999
    endloop
  endfacet
  facet normal 0 0 1
    outer loop
      vertex 0.18738131458572482 6.392712749271311 -4.699999999999999
      vertex 0.3090169943749474 8.326056516295154 -4.699999999999999
      vertex 0.18738131458572457 8.357287250728689 -4.699999999999999
    endloop
  endfacet
  facet normal 0 0 1
    outer loop
      vertex 0.3090169943749474 6.423943483704846 -4.699999999999999
      vertex 0.4257792915650727 8.27982705246602 -4.699999999999999
      vertex 0.3090169943749474 8.326056516295154 -4.699999999999999
    endloop
  endfacet
  facet normal 0 0 1
    outer loop
      vertex 0.42577929156507244 6.47017294753398 -4.699999999999999
      vertex 0.5358267949789968 8.219327925502014 -4.699999999999999
      vertex 0.4257792915650727 8.27982705246602 -4.699999999999999
    endloop
  endfacet
  facet normal -0.12533323356430495 0.9921147013144778 0
    outer loop
      vertex 0.06279051952931376 6.376973271571728 -4.699999999999999
      vertex 0.06279051952931376 6.376973271571728 6
      vertex 0.18738131458572482 6.392712749271311 -4.699999999999999
    endloop
  endfacet
  facet normal -0.24868988716485582 0.968583161128631 0
    outer loop
      vertex 0.18738131458572482 6.392712749271311 -4.699999999999999
      vertex 0.18738131458572482 6.392712749271311 6
      vertex 0.3090169943749474 6.423943483704846 -4.699999999999999
    endloop
  endfacet
  facet normal -0.3681245526846756 0.9297764858882523 0
    outer loop
      vertex 0.3090169943749474 6.423943483704846 -4.699999999999999
      vertex 0.3090169943749474 6.423943483704846 6
      vertex 0.42577929156507244 6.47017294753398 -4.699999999999999
    endloop
  endfacet
  facet normal -0.48175367410171577 0.8763066800438635 0
    outer loop
      vertex 0.42577929156507244 6.47017294753398 -4.699999999999999
      vertex 0.42577929156507244 6.47017294753398 6
      vertex 0.5358267949789968 6.530672074497985 -4.699999999999999
    endloop
  endfacet
  facet normal -0.5877852522924762 0.8090169943749453 0
    outer loop
      vertex 0.5358267949789968 6.530672074497985 -4.699999999999999
      vertex 0.5358267949789968 6.530672074497985 6
      vertex 0.6374239897486896 6.604486757224211 -4.699999999999999
    endloop
  endfacet
  facet normal -0.6845471059286886 0.7289686274214116 0
    outer loop
      vertex 0.6374239897486896 6.604486757224211 -4.699999999999999
      vertex 0.6374239897486896 6.604486757224211 6
      vertex 0.7289686274214117 6.690452894071312 -4.699999999999999
    endloop
  endfacet
  facet normal -0.7705132427757877 0.6374239897486916 0
    outer loop
      vertex 0.7289686274214117 6.690452894071312 -4.699999999999999
      vertex 0.7289686274214117 6.690452894071312 6
      vertex 0.8090169943749475 6.787214747707527 -4.699999999999999
    endloop
  endfacet
  facet normal -0.8443279255020162 0.5358267949789948 0
    outer loop
      vertex 0.8090169943749475 6.787214747707527 -4.699999999999999
      vertex 0.8090169943749475 6.787214747707527 6
      vertex 0.8763066800438635 6.893246325898285 -4.699999999999999
    endloop
  endfacet
  facet normal -0.9048270524660196 0.4257792915650725 0
    outer loop
      vertex 0.8763066800438635 6.893246325898285 -4.699999999999999
      vertex 0.8763066800438635 6.893246325898285 6
      vertex 0.9297764858882515 7.0068754473153225 -4.699999999999999
    endloop
  endfacet
  facet normal -0.9510565162951532 0.30901699437494856 0
    outer loop
      vertex 0.9297764858882515 7.0068754473153225 -4.699999999999999
      vertex 0.9297764858882515 7.0068754473153225 6
      vertex 0.9685831611286311 7.126310112835145 -4.699999999999999
    endloop
  endfacet
  facet normal -0.9822872507286885 0.18738131458572488 0
    outer loop
      vertex 0.9685831611286311 7.126310112835145 -4.699999999999999
      vertex 0.9685831611286311 7.126310112835145 6
      vertex 0.9921147013144779 7.249666766435696 -4.699999999999999
    endloop
  endfacet
  facet normal -0.9980267284282716 0.06279051952931301 0
    outer loop
      vertex 0.9921147013144779 7.249666766435696 -4.699999999999999
      vertex 0.9921147013144779 7.249666766435696 6
      vertex 1 7.375 -4.699999999999999
    endloop
  endfacet
  facet normal -0.9980267284282716 -0.06279051952931301 0
    outer loop
      vertex 1 7.375 -4.699999999999999
      vertex 1 7.375 6
      vertex 0.9921147013144779 7.500333233564304 -4.699999999999999
    endloop
  endfacet
  facet normal -0.9822872507286885 -0.18738131458572488 0
    outer loop
      vertex 0.9921147013144779 7.500333233564304 -4.699999999999999
      vertex 0.9921147013144779 7.500333233564304 6
      vertex 0.9685831611286311 7.623689887164855 -4.699999999999999
    endloop
  endfacet
  facet normal 0 -1 0
    outer loop
      vertex -0.06279051952931328 8.373026728428272 -4.699999999999999
      vertex 0.06279051952931328 8.373026728428272 -4.699999999999999
      vertex 0.06279051952931328 8.373026728428272 6
    endloop
  endfacet
  facet normal -0.1253332335643047 -0.9921147013144778 0
    outer loop
      vertex 0.06279051952931328 8.373026728428272 -4.699999999999999
      vertex 0.18738131458572457 8.357287250728689 -4.699999999999999
      vertex 0.18738131458572457 8.357287250728689 6
    endloop
  endfacet
  facet normal -0.24868988716485532 -0.968583161128631 0
    outer loop
      vertex 0.18738131458572457 8.357287250728689 -4.699999999999999
      vertex 0.3090169943749474 8.326056516295154 -4.699999999999999
      vertex 0.3090169943749474 8.326056516295154 6
    endloop
  endfacet
  facet normal -0.36812455268467476 -0.9297764858882527 0
    outer loop
      vertex 0.3090169943749474 8.326056516295154 -4.699999999999999
      vertex 0.4257792915650727 8.27982705246602 -4.699999999999999
      vertex 0.4257792915650727 8.27982705246602 6
    endloop
  endfacet
  facet normal -0.48175367410172215 -0.8763066800438598 0
    outer loop
      vertex 0.5358267949789968 8.219327925502014 -4.699999999999999
      vertex 0.5358267949789968 8.219327925502014 6
      vertex 0.4257792915650727 8.27982705246602 -4.699999999999999
    endloop
  endfacet
  facet normal -0.5877852522924669 -0.8090169943749519 0
    outer loop
      vertex 0.5358267949789968 8.219327925502014 -4.699999999999999
      vertex 0.6374239897486896 8.14551324277579 -4.699999999999999
      vertex 0.6374239897486896 8.14551324277579 6
    endloop
  endfacet
  facet normal -0.6845471059286924 -0.7289686274214081 0
    outer loop
      vertex 0.6374239897486896 8.14551324277579 -4.699999999999999
      vertex 0.7289686274214117 8.059547105928688 -4.699999999999999
      vertex 0.7289686274214117 8.059547105928688 6
    endloop
  endfacet
  facet normal -0.9510565162951532 -0.30901699437494856 0
    outer loop
      vertex 0.9685831611286311 7.623689887164855 -4.699999999999999
      vertex 0.9685831611286311 7.623689887164855 6
      vertex 0.9297764858882515 7.7431245526846775 -4.699999999999999
    endloop
  endfacet
  facet normal -0.9048270524660196 -0.4257792915650725 0
    outer loop
      vertex 0.8763066800438635 7.856753674101715 -4.699999999999999
      vertex 0.9297764858882515 7.7431245526846775 -4.699999999999999
      vertex 0.9297764858882515 7.7431245526846775 6
    endloop
  endfacet
  facet normal -0.8443279255020162 -0.5358267949789948 0
    outer loop
      vertex 0.8763066800438635 7.856753674101715 -4.699999999999999
      vertex 0.8763066800438635 7.856753674101715 6
      vertex 0.8090169943749475 7.962785252292473 -4.699999999999999
    endloop
  endfacet
  facet normal -0.7705132427757877 -0.6374239897486916 0
    outer loop
      vertex 0.7289686274214117 8.059547105928688 -4.699999999999999
      vertex 0.8090169943749475 7.962785252292473 -4.699999999999999
      vertex 0.8090169943749475 7.962785252292473 6
    endloop
  endfacet
  facet normal 0 1 0
    outer loop
      vertex 0.06279051952931376 6.376973271571728 -4.699999999999999
      vertex -0.06279051952931376 6.376973271571728 6
      vertex 0.06279051952931376 6.376973271571728 6
    endloop
  endfacet
  facet normal -0.12533323356430495 0.9921147013144778 0
    outer loop
      vertex 0.18738131458572482 6.392712749271311 -4.699999999999999
      vertex 0.06279051952931376 6.376973271571728 6
      vertex 0.18738131458572482 6.392712749271311 6
    endloop
  endfacet
  facet normal -0.24868988716485582 0.968583161128631 0
    outer loop
      vertex 0.3090169943749474 6.423943483704846 -4.699999999999999
      vertex 0.18738131458572482 6.392712749271311 6
      vertex 0.3090169943749474 6.423943483704846 6
    endloop
  endfacet
  facet normal -0.3681245526846756 0.9297764858882523 0
    outer loop
      vertex 0.42577929156507244 6.47017294753398 -4.699999999999999
      vertex 0.3090169943749474 6.423943483704846 6
      vertex 0.42577929156507244 6.47017294753398 6
    endloop
  endfacet
  facet normal -0.48175367410171577 0.8763066800438635 0
    outer loop
      vertex 0.5358267949789968 6.530672074497985 -4.699999999999999
      vertex 0.42577929156507244 6.47017294753398 6
      vertex 0.5358267949789968 6.530672074497985 6
    endloop
  endfacet
  facet normal -0.5877852522924762 0.8090169943749453 0
    outer loop
      vertex 0.6374239897486896 6.604486757224211 -4.699999999999999
      vertex 0.5358267949789968 6.530672074497985 6
      vertex 0.6374239897486896 6.604486757224211 6
    endloop
  endfacet
  facet normal -0.6845471059286886 0.7289686274214116 0
    outer loop
      vertex 0.7289686274214117 6.690452894071312 -4.699999999999999
      vertex 0.6374239897486896 6.604486757224211 6
      vertex 0.7289686274214117 6.690452894071312 6
    endloop
  endfacet
  facet normal -0.7705132427757877 0.6374239897486916 0
    outer loop
      vertex 0.8090169943749475 6.787214747707527 -4.699999999999999
      vertex 0.7289686274214117 6.690452894071312 6
      vertex 0.8090169943749475 6.787214747707527 6
    endloop
  endfacet
  facet normal -0.8443279255020162 0.5358267949789948 0
    outer loop
      vertex 0.8763066800438635 6.893246325898285 -4.699999999999999
      vertex 0.8090169943749475 6.787214747707527 6
      vertex 0.8763066800438635 6.893246325898285 6
    endloop
  endfacet
  facet normal -0.9048270524660196 0.4257792915650725 0
    outer loop
      vertex 0.9297764858882515 7.0068754473153225 -4.699999999999999
      vertex 0.8763066800438635 6.893246325898285 6
      vertex 0.9297764858882515 7.0068754473153225 6
    endloop
  endfacet
  facet normal -0.9510565162951532 0.30901699437494856 0
    outer loop
      vertex 0.9685831611286311 7.126310112835145 -4.699999999999999
      vertex 0.9297764858882515 7.0068754473153225 6
      vertex 0.9685831611286311 7.126310112835145 6
    endloop
  endfacet
  facet normal -0.9822872507286885 0.18738131458572488 0
    outer loop
      vertex 0.9921147013144779 7.249666766435696 -4.699999999999999
      vertex 0.9685831611286311 7.126310112835145 6
      vertex 0.9921147013144779 7.249666766435696 6
    endloop
  endfacet
  facet normal -0.9980267284282716 0.06279051952931301 0
    outer loop
      vertex 1 7.375 -4.699999999999999
      vertex 0.9921147013144779 7.249666766435696 6
      vertex 1 7.375 6
    endloop
  endfacet
  facet normal -0.9980267284282716 -0.06279051952931301 0
    outer loop
      vertex 0.9921147013144779 7.500333233564304 -4.699999999999999
      vertex 1 7.375 6
      vertex 0.9921147013144779 7.500333233564304 6
    endloop
  endfacet
  facet normal -0.9822872507286885 -0.18738131458572488 0
    outer loop
      vertex 0.9685831611286311 7.623689887164855 -4.699999999999999
      vertex 0.9921147013144779 7.500333233564304 6
      vertex 0.9685831611286311 7.623689887164855 6
    endloop
  endfacet
  facet normal -0.1253332335643047 -0.9921147013144778 0
    outer loop
      vertex 0.06279051952931328 8.373026728428272 -4.699999999999999
      vertex 0.18738131458572457 8.357287250728689 6
      vertex 0.06279051952931328 8.373026728428272 6
    endloop
  endfacet
  facet normal -0.24868988716485532 -0.968583161128631 0
    outer loop
      vertex 0.18738131458572457 8.357287250728689 -4.699999999999999
      vertex 0.3090169943749474 8.326056516295154 6
      vertex 0.18738131458572457 8.357287250728689 6
    endloop
  endfacet
  facet normal -0.36812455268467476 -0.9297764858882527 0
    outer loop
      vertex 0.3090169943749474 8.326056516295154 -4.699999999999999
      vertex 0.4257792915650727 8.27982705246602 6
      vertex 0.3090169943749474 8.326056516295154 6
    endloop
  endfacet
  facet normal -0.5877852522924669 -0.8090169943749519 0
    outer loop
      vertex 0.5358267949789968 8.219327925502014 -4.699999999999999
      vertex 0.6374239897486896 8.14551324277579 6
      vertex 0.5358267949789968 8.219327925502014 6
    endloop
  endfacet
  facet normal -0.48175367410172215 -0.8763066800438598 0
    outer loop
      vertex 0.4257792915650727 8.27982705246602 -4.699999999999999
      vertex 0.5358267949789968 8.219327925502014 6
      vertex 0.4257792915650727 8.27982705246602 6
    endloop
  endfacet
  facet normal -0.6845471059286924 -0.7289686274214081 0
    outer loop
      vertex 0.6374239897486896 8.14551324277579 -4.699999999999999
      vertex 0.7289686274214117 8.059547105928688 6
      vertex 0.6374239897486896 8.14551324277579 6
    endloop
  endfacet
  facet normal -0.7705132427757877 -0.6374239897486916 0
    outer loop
      vertex 0.7289686274214117 8.059547105928688 -4.699999999999999
      vertex 0.8090169943749475 7.962785252292473 6
      vertex 0.7289686274214117 8.059547105928688 6
    endloop
  endfacet
  facet normal -0.9510565162951532 -0.30901699437494856 0
    outer loop
      vertex 0.9297764858882515 7.7431245526846775 -4.699999999999999
      vertex 0.9685831611286311 7.623689887164855 6
      vertex 0.9297764858882515 7.7431245526846775 6
    endloop
  endfacet
  facet normal -0.9048270524660196 -0.4257792915650725 0
    outer loop
      vertex 0.8763066800438635 7.856753674101715 -4.699999999999999
      vertex 0.9297764858882515 7.7431245526846775 6
      vertex 0.8763066800438635 7.856753674101715 6
    endloop
  endfacet
  facet normal -0.8443279255020162 -0.5358267949789948 0
    outer loop
      vertex 0.8090169943749475 7.962785252292473 -4.699999999999999
      vertex 0.8763066800438635 7.856753674101715 6
      vertex 0.8090169943749475 7.962785252292473 6
    endloop
  endfacet
  facet normal 0 0 1
    outer loop
      vertex -0.42577929156507244 -8.27982705246602 -4.699999999999999
      vertex -0.4257792915650727 -6.470172947533981 -4.699999999999999
      vertex -0.5358267949789962 -8.219327925502014 -4.699999999999999
    endloop
  endfacet
  facet normal 0 0 1
    outer loop
      vertex -0.42577929156507244 -8.27982705246602 -4.699999999999999
      vertex -0.3090169943749474 -8.326056516295154 -4.699999999999999
      vertex -0.3090169943749474 -6.423943483704846 -4.699999999999999
    endloop
  endfacet
  facet normal 0 0 1
    outer loop
      vertex -0.3090169943749474 -8.326056516295154 -4.699999999999999
      vertex -0.18738131458572482 -8.357287250728689 -4.699999999999999
      vertex -0.18738131458572457 -6.392712749271311 -4.699999999999999
    endloop
  endfacet
  facet normal 0 0 1
    outer loop
      vertex -0.18738131458572482 -8.357287250728689 -4.699999999999999
      vertex -0.06279051952931376 -8.373026728428272 -4.699999999999999
      vertex -0.06279051952931328 -6.376973271571728 -4.699999999999999
    endloop
  endfacet
  facet normal 0 0 1
    outer loop
      vertex -0.9685831611286312 -7.623689887164854 -4.699999999999999
      vertex -0.9685831611286311 -7.126310112835145 -4.699999999999999
      vertex -0.9921147013144779 -7.500333233564304 -4.699999999999999
    endloop
  endfacet
  facet normal 0 0 1
    outer loop
      vertex -0.9921147013144779 -7.500333233564304 -4.699999999999999
      vertex -0.9921147013144779 -7.249666766435696 -4.699999999999999
      vertex -1 -7.375 -4.699999999999999
    endloop
  endfacet
  facet normal 0 0 1
    outer loop
      vertex -0.9921147013144779 -7.500333233564304 -4.699999999999999
      vertex -0.9685831611286311 -7.126310112835145 -4.699999999999999
      vertex -0.9921147013144779 -7.249666766435696 -4.699999999999999
    endloop
  endfacet
  facet normal 0 0 1
    outer loop
      vertex -0.9297764858882512 -7.743124552684678 -4.699999999999999
      vertex -0.9297764858882513 -7.006875447315322 -4.699999999999999
      vertex -0.9685831611286312 -7.623689887164854 -4.699999999999999
    endloop
  endfacet
  facet normal 0 0 1
    outer loop
      vertex -0.9297764858882512 -7.743124552684678 -4.699999999999999
      vertex -0.8763066800438635 -7.856753674101715 -4.699999999999999
      vertex -0.8763066800438636 -6.893246325898285 -4.699999999999999
    endloop
  endfacet
  facet normal 0 0 1
    outer loop
      vertex -0.8090169943749475 -7.962785252292473 -4.699999999999999
      vertex -0.8090169943749475 -6.787214747707527 -4.699999999999999
      vertex -0.8763066800438635 -7.856753674101715 -4.699999999999999
    endloop
  endfacet
  facet normal 0 0 1
    outer loop
      vertex -0.9685831611286312 -7.623689887164854 -4.699999999999999
      vertex -0.9297764858882513 -7.006875447315322 -4.699999999999999
      vertex -0.9685831611286311 -7.126310112835145 -4.699999999999999
    endloop
  endfacet
  facet normal 0 0 1
    outer loop
      vertex -0.9297764858882512 -7.743124552684678 -4.699999999999999
      vertex -0.8763066800438636 -6.893246325898285 -4.699999999999999
      vertex -0.9297764858882513 -7.006875447315322 -4.699999999999999
    endloop
  endfacet
  facet normal 0 0 1
    outer loop
      vertex -0.8763066800438635 -7.856753674101715 -4.699999999999999
      vertex -0.8090169943749475 -6.787214747707527 -4.699999999999999
      vertex -0.8763066800438636 -6.893246325898285 -4.699999999999999
    endloop
  endfacet
  facet normal 0 0 1
    outer loop
      vertex -0.8090169943749475 -7.962785252292473 -4.699999999999999
      vertex -0.7289686274214116 -6.690452894071312 -4.699999999999999
      vertex -0.8090169943749475 -6.787214747707527 -4.699999999999999
    endloop
  endfacet
  facet normal 0 0 1
    outer loop
      vertex -0.8090169943749475 -7.962785252292473 -4.699999999999999
      vertex -0.7289686274214117 -8.059547105928688 -4.699999999999999
      vertex -0.7289686274214116 -6.690452894071312 -4.699999999999999
    endloop
  endfacet
  facet normal 0 0 1
    outer loop
      vertex -0.7289686274214117 -8.059547105928688 -4.699999999999999
      vertex -0.63742398974869 -8.145513242775788 -4.699999999999999
      vertex -0.6374239897486897 -6.604486757224211 -4.699999999999999
    endloop
  endfacet
  facet normal 0 0 1
    outer loop
      vertex -0.63742398974869 -8.145513242775788 -4.699999999999999
      vertex -0.5358267949789962 -8.219327925502014 -4.699999999999999
      vertex -0.5358267949789967 -6.530672074497985 -4.699999999999999
    endloop
  endfacet
  facet normal 0 0 1
    outer loop
      vertex -0.7289686274214117 -8.059547105928688 -4.699999999999999
      vertex -0.6374239897486897 -6.604486757224211 -4.699999999999999
      vertex -0.7289686274214116 -6.690452894071312 -4.699999999999999
    endloop
  endfacet
  facet normal 0 0 1
    outer loop
      vertex -0.63742398974869 -8.145513242775788 -4.699999999999999
      vertex -0.5358267949789967 -6.530672074497985 -4.699999999999999
      vertex -0.6374239897486897 -6.604486757224211 -4.699999999999999
    endloop
  endfacet
  facet normal 0 0 1
    outer loop
      vertex -0.5358267949789962 -8.219327925502014 -4.699999999999999
      vertex -0.4257792915650727 -6.470172947533981 -4.699999999999999
      vertex -0.5358267949789967 -6.530672074497985 -4.699999999999999
    endloop
  endfacet
  facet normal 0 0 1
    outer loop
      vertex -0.42577929156507244 -8.27982705246602 -4.699999999999999
      vertex -0.3090169943749474 -6.423943483704846 -4.699999999999999
      vertex -0.4257792915650727 -6.470172947533981 -4.699999999999999
    endloop
  endfacet
  facet normal 0 0 1
    outer loop
      vertex -0.3090169943749474 -8.326056516295154 -4.699999999999999
      vertex -0.18738131458572457 -6.392712749271311 -4.699999999999999
      vertex -0.3090169943749474 -6.423943483704846 -4.699999999999999
    endloop
  endfacet
  facet normal 0 0 1
    outer loop
      vertex -0.18738131458572482 -8.357287250728689 -4.699999999999999
      vertex -0.06279051952931328 -6.376973271571728 -4.699999999999999
      vertex -0.18738131458572457 -6.392712749271311 -4.699999999999999
    endloop
  endfacet
  facet normal 0 0 1
    outer loop
      vertex -0.06279051952931376 -8.373026728428272 -4.699999999999999
      vertex 0.06279051952931328 -6.376973271571728 -4.699999999999999
      vertex -0.06279051952931328 -6.376973271571728 -4.699999999999999
    endloop
  endfacet
  facet normal 0.7705132427757877 0.6374239897486916 0
    outer loop
      vertex -0.8090169943749475 -7.962785252292473 -4.699999999999999
      vertex -0.8090169943749475 -7.962785252292473 6
      vertex -0.7289686274214117 -8.059547105928688 -4.699999999999999
    endloop
  endfacet
  facet normal 0.8443279255020162 0.5358267949789948 0
    outer loop
      vertex -0.8090169943749475 -7.962785252292473 -4.699999999999999
      vertex -0.8763066800438635 -7.856753674101715 -4.699999999999999
      vertex -0.8763066800438635 -7.856753674101715 6
    endloop
  endfacet
  facet normal 0.904827052466019 0.42577929156507377 0
    outer loop
      vertex -0.9297764858882512 -7.743124552684678 -4.699999999999999
      vertex -0.9297764858882512 -7.743124552684678 6
      vertex -0.8763066800438635 -7.856753674101715 -4.699999999999999
    endloop
  endfacet
  facet normal 0.9510565162951538 0.30901699437494673 0
    outer loop
      vertex -0.9297764858882512 -7.743124552684678 -4.699999999999999
      vertex -0.9685831611286312 -7.623689887164854 -4.699999999999999
      vertex -0.9685831611286312 -7.623689887164854 6
    endloop
  endfacet
  facet normal 0.6845471059286862 0.7289686274214139 0
    outer loop
      vertex -0.7289686274214117 -8.059547105928688 -4.699999999999999
      vertex -0.7289686274214117 -8.059547105928688 6
      vertex -0.63742398974869 -8.145513242775788 -4.699999999999999
    endloop
  endfacet
  facet normal 0.5877852522924728 0.8090169943749478 0
    outer loop
      vertex -0.63742398974869 -8.145513242775788 -4.699999999999999
      vertex -0.63742398974869 -8.145513242775788 6
      vertex -0.5358267949789962 -8.219327925502014 -4.699999999999999
    endloop
  endfacet
  facet normal 0.481753674101723 0.8763066800438593 0
    outer loop
      vertex -0.42577929156507244 -8.27982705246602 -4.699999999999999
      vertex -0.5358267949789962 -8.219327925502014 -4.699999999999999
      vertex -0.5358267949789962 -8.219327925502014 6
    endloop
  endfacet
  facet normal 0.3681245526846756 0.9297764858882523 0
    outer loop
      vertex -0.42577929156507244 -8.27982705246602 -4.699999999999999
      vertex -0.42577929156507244 -8.27982705246602 6
      vertex -0.3090169943749474 -8.326056516295154 -4.699999999999999
    endloop
  endfacet
  facet normal 0.24868988716485582 0.968583161128631 0
    outer loop
      vertex -0.3090169943749474 -8.326056516295154 -4.699999999999999
      vertex -0.3090169943749474 -8.326056516295154 6
      vertex -0.18738131458572482 -8.357287250728689 -4.699999999999999
    endloop
  endfacet
  facet normal 0.12533323356430495 0.9921147013144778 0
    outer loop
      vertex -0.18738131458572482 -8.357287250728689 -4.699999999999999
      vertex -0.18738131458572482 -8.357287250728689 6
      vertex -0.06279051952931376 -8.373026728428272 -4.699999999999999
    endloop
  endfacet
  facet normal 0 1 0
    outer loop
      vertex -0.06279051952931376 -8.373026728428272 -4.699999999999999
      vertex -0.06279051952931376 -8.373026728428272 6
      vertex 0.06279051952931376 -8.373026728428272 -4.699999999999999
    endloop
  endfacet
  facet normal 0.9822872507286886 0.18738131458572538 0
    outer loop
      vertex -0.9685831611286312 -7.623689887164854 -4.699999999999999
      vertex -0.9921147013144779 -7.500333233564304 -4.699999999999999
      vertex -0.9921147013144779 -7.500333233564304 6
    endloop
  endfacet
  facet normal 0.9980267284282716 0.06279051952931301 0
    outer loop
      vertex -0.9921147013144779 -7.500333233564304 -4.699999999999999
      vertex -1 -7.375 -4.699999999999999
      vertex -1 -7.375 6
    endloop
  endfacet
  facet normal 0.9980267284282716 -0.06279051952931301 0
    outer loop
      vertex -1 -7.375 -4.699999999999999
      vertex -0.9921147013144779 -7.249666766435696 -4.699999999999999
      vertex -0.9921147013144779 -7.249666766435696 6
    endloop
  endfacet
  facet normal 0.9822872507286885 -0.18738131458572488 0
    outer loop
      vertex -0.9921147013144779 -7.249666766435696 -4.699999999999999
      vertex -0.9685831611286311 -7.126310112835145 -4.699999999999999
      vertex -0.9685831611286311 -7.126310112835145 6
    endloop
  endfacet
  facet normal 0.9510565162951536 -0.30901699437494723 0
    outer loop
      vertex -0.9685831611286311 -7.126310112835145 -4.699999999999999
      vertex -0.9297764858882513 -7.006875447315322 -4.699999999999999
      vertex -0.9297764858882513 -7.006875447315322 6
    endloop
  endfacet
  facet normal 0.904827052466019 -0.42577929156507377 0
    outer loop
      vertex -0.9297764858882513 -7.006875447315322 -4.699999999999999
      vertex -0.8763066800438636 -6.893246325898285 -4.699999999999999
      vertex -0.8763066800438636 -6.893246325898285 6
    endloop
  endfacet
  facet normal 0.8443279255020157 -0.5358267949789953 0
    outer loop
      vertex -0.8763066800438636 -6.893246325898285 -4.699999999999999
      vertex -0.8090169943749475 -6.787214747707527 -4.699999999999999
      vertex -0.8090169943749475 -6.787214747707527 6
    endloop
  endfacet
  facet normal 0.7705132427757873 -0.6374239897486921 0
    outer loop
      vertex -0.8090169943749475 -6.787214747707527 -4.699999999999999
      vertex -0.7289686274214116 -6.690452894071312 -4.699999999999999
      vertex -0.7289686274214116 -6.690452894071312 6
    endloop
  endfacet
  facet normal 0.6845471059286895 -0.7289686274214107 0
    outer loop
      vertex -0.7289686274214116 -6.690452894071312 -4.699999999999999
      vertex -0.6374239897486897 -6.604486757224211 -4.699999999999999
      vertex -0.6374239897486897 -6.604486757224211 6
    endloop
  endfacet
  facet normal 0.5877852522924754 -0.8090169943749459 0
    outer loop
      vertex -0.6374239897486897 -6.604486757224211 -4.699999999999999
      vertex -0.5358267949789967 -6.530672074497985 -4.699999999999999
      vertex -0.5358267949789967 -6.530672074497985 6
    endloop
  endfacet
  facet normal 0.4817536741017116 -0.8763066800438655 0
    outer loop
      vertex -0.5358267949789967 -6.530672074497985 -4.699999999999999
      vertex -0.4257792915650727 -6.470172947533981 -4.699999999999999
      vertex -0.4257792915650727 -6.470172947533981 6
    endloop
  endfacet
  facet normal 0.36812455268468086 -0.9297764858882502 0
    outer loop
      vertex -0.4257792915650727 -6.470172947533981 -4.699999999999999
      vertex -0.3090169943749474 -6.423943483704846 -4.699999999999999
      vertex -0.3090169943749474 -6.423943483704846 6
    endloop
  endfacet
  facet normal 0.24868988716485532 -0.968583161128631 0
    outer loop
      vertex -0.3090169943749474 -6.423943483704846 -4.699999999999999
      vertex -0.18738131458572457 -6.392712749271311 -4.699999999999999
      vertex -0.18738131458572457 -6.392712749271311 6
    endloop
  endfacet
  facet normal 0.1253332335643047 -0.9921147013144778 0
    outer loop
      vertex -0.18738131458572457 -6.392712749271311 -4.699999999999999
      vertex -0.06279051952931328 -6.376973271571728 -4.699999999999999
      vertex -0.06279051952931328 -6.376973271571728 6
    endloop
  endfacet
  facet normal 0.8443279255020162 0.5358267949789948 0
    outer loop
      vertex -0.8090169943749475 -7.962785252292473 -4.699999999999999
      vertex -0.8763066800438635 -7.856753674101715 6
      vertex -0.8090169943749475 -7.962785252292473 6
    endloop
  endfacet
  facet normal 0.904827052466019 0.42577929156507377 0
    outer loop
      vertex -0.8763066800438635 -7.856753674101715 -4.699999999999999
      vertex -0.9297764858882512 -7.743124552684678 6
      vertex -0.8763066800438635 -7.856753674101715 6
    endloop
  endfacet
  facet normal 0.9510565162951538 0.30901699437494673 0
    outer loop
      vertex -0.9297764858882512 -7.743124552684678 -4.699999999999999
      vertex -0.9685831611286312 -7.623689887164854 6
      vertex -0.9297764858882512 -7.743124552684678 6
    endloop
  endfacet
  facet normal 0.7705132427757877 0.6374239897486916 0
    outer loop
      vertex -0.7289686274214117 -8.059547105928688 -4.699999999999999
      vertex -0.8090169943749475 -7.962785252292473 6
      vertex -0.7289686274214117 -8.059547105928688 6
    endloop
  endfacet
  facet normal 0.6845471059286862 0.7289686274214139 0
    outer loop
      vertex -0.63742398974869 -8.145513242775788 -4.699999999999999
      vertex -0.7289686274214117 -8.059547105928688 6
      vertex -0.63742398974869 -8.145513242775788 6
    endloop
  endfacet
  facet normal 0.481753674101723 0.8763066800438593 0
    outer loop
      vertex -0.42577929156507244 -8.27982705246602 -4.699999999999999
      vertex -0.5358267949789962 -8.219327925502014 6
      vertex -0.42577929156507244 -8.27982705246602 6
    endloop
  endfacet
  facet normal 0.5877852522924728 0.8090169943749478 0
    outer loop
      vertex -0.5358267949789962 -8.219327925502014 -4.699999999999999
      vertex -0.63742398974869 -8.145513242775788 6
      vertex -0.5358267949789962 -8.219327925502014 6
    endloop
  endfacet
  facet normal 0.3681245526846756 0.9297764858882523 0
    outer loop
      vertex -0.3090169943749474 -8.326056516295154 -4.699999999999999
      vertex -0.42577929156507244 -8.27982705246602 6
      vertex -0.3090169943749474 -8.326056516295154 6
    endloop
  endfacet
  facet normal 0.24868988716485582 0.968583161128631 0
    outer loop
      vertex -0.18738131458572482 -8.357287250728689 -4.699999999999999
      vertex -0.3090169943749474 -8.326056516295154 6
      vertex -0.18738131458572482 -8.357287250728689 6
    endloop
  endfacet
  facet normal 0.12533323356430495 0.9921147013144778 0
    outer loop
      vertex -0.06279051952931376 -8.373026728428272 -4.699999999999999
      vertex -0.18738131458572482 -8.357287250728689 6
      vertex -0.06279051952931376 -8.373026728428272 6
    endloop
  endfacet
  facet normal 0.9822872507286886 0.18738131458572538 0
    outer loop
      vertex -0.9685831611286312 -7.623689887164854 -4.699999999999999
      vertex -0.9921147013144779 -7.500333233564304 6
      vertex -0.9685831611286312 -7.623689887164854 6
    endloop
  endfacet
  facet normal 0.9980267284282716 0.06279051952931301 0
    outer loop
      vertex -0.9921147013144779 -7.500333233564304 -4.699999999999999
      vertex -1 -7.375 6
      vertex -0.9921147013144779 -7.500333233564304 6
    endloop
  endfacet
  facet normal 0.9980267284282716 -0.06279051952931301 0
    outer loop
      vertex -1 -7.375 -4.699999999999999
      vertex -0.9921147013144779 -7.249666766435696 6
      vertex -1 -7.375 6
    endloop
  endfacet
  facet normal 0.9822872507286885 -0.18738131458572488 0
    outer loop
      vertex -0.9921147013144779 -7.249666766435696 -4.699999999999999
      vertex -0.9685831611286311 -7.126310112835145 6
      vertex -0.9921147013144779 -7.249666766435696 6
    endloop
  endfacet
  facet normal 0.9510565162951536 -0.30901699437494723 0
    outer loop
      vertex -0.9685831611286311 -7.126310112835145 -4.699999999999999
      vertex -0.9297764858882513 -7.006875447315322 6
      vertex -0.9685831611286311 -7.126310112835145 6
    endloop
  endfacet
  facet normal 0.904827052466019 -0.42577929156507377 0
    outer loop
      vertex -0.9297764858882513 -7.006875447315322 -4.699999999999999
      vertex -0.8763066800438636 -6.893246325898285 6
      vertex -0.9297764858882513 -7.006875447315322 6
    endloop
  endfacet
  facet normal 0.8443279255020157 -0.5358267949789953 0
    outer loop
      vertex -0.8763066800438636 -6.893246325898285 -4.699999999999999
      vertex -0.8090169943749475 -6.787214747707527 6
      vertex -0.8763066800438636 -6.893246325898285 6
    endloop
  endfacet
  facet normal 0.7705132427757873 -0.6374239897486921 0
    outer loop
      vertex -0.8090169943749475 -6.787214747707527 -4.699999999999999
      vertex -0.7289686274214116 -6.690452894071312 6
      vertex -0.8090169943749475 -6.787214747707527 6
    endloop
  endfacet
  facet normal 0.6845471059286895 -0.7289686274214107 0
    outer loop
      vertex -0.7289686274214116 -6.690452894071312 -4.699999999999999
      vertex -0.6374239897486897 -6.604486757224211 6
      vertex -0.7289686274214116 -6.690452894071312 6
    endloop
  endfacet
  facet normal 0.5877852522924754 -0.8090169943749459 0
    outer loop
      vertex -0.6374239897486897 -6.604486757224211 -4.699999999999999
      vertex -0.5358267949789967 -6.530672074497985 6
      vertex -0.6374239897486897 -6.604486757224211 6
    endloop
  endfacet
  facet normal 0.4817536741017116 -0.8763066800438655 0
    outer loop
      vertex -0.5358267949789967 -6.530672074497985 -4.699999999999999
      vertex -0.4257792915650727 -6.470172947533981 6
      vertex -0.5358267949789967 -6.530672074497985 6
    endloop
  endfacet
  facet normal 0.36812455268468086 -0.9297764858882502 0
    outer loop
      vertex -0.4257792915650727 -6.470172947533981 -4.699999999999999
      vertex -0.3090169943749474 -6.423943483704846 6
      vertex -0.4257792915650727 -6.470172947533981 6
    endloop
  endfacet
  facet normal 0.24868988716485532 -0.968583161128631 0
    outer loop
      vertex -0.3090169943749474 -6.423943483704846 -4.699999999999999
      vertex -0.18738131458572457 -6.392712749271311 6
      vertex -0.3090169943749474 -6.423943483704846 6
    endloop
  endfacet
  facet normal 0.1253332335643047 -0.9921147013144778 0
    outer loop
      vertex -0.18738131458572457 -6.392712749271311 -4.699999999999999
      vertex -0.06279051952931328 -6.376973271571728 6
      vertex -0.18738131458572457 -6.392712749271311 6
    endloop
  endfacet
  facet normal 0 -1 0
    outer loop
      vertex -0.06279051952931328 -6.376973271571728 -4.699999999999999
      vertex 0.06279051952931328 -6.376973271571728 6
      vertex -0.06279051952931328 -6.376973271571728 6
    endloop
  endfacet
  facet normal 0 0 1
    outer loop
      vertex -0.06279051952931376 -8.373026728428272 -4.699999999999999
      vertex 0.06279051952931376 -8.373026728428272 -4.699999999999999
      vertex 0.06279051952931328 -6.376973271571728 -4.699999999999999
    endloop
  endfacet
  facet normal 0 0 1
    outer loop
      vertex 0.06279051952931376 -8.373026728428272 -4.699999999999999
      vertex 0.18738131458572482 -8.357287250728689 -4.699999999999999
      vertex 0.18738131458572457 -6.392712749271311 -4.699999999999999
    endloop
  endfacet
  facet normal 0 0 1
    outer loop
      vertex 0.18738131458572482 -8.357287250728689 -4.699999999999999
      vertex 0.3090169943749474 -8.326056516295154 -4.699999999999999
      vertex 0.3090169943749474 -6.423943483704846 -4.699999999999999
    endloop
  endfacet
  facet normal 0 0 1
    outer loop
      vertex 0.3090169943749474 -8.326056516295154 -4.699999999999999
      vertex 0.42577929156507244 -8.27982705246602 -4.699999999999999
      vertex 0.4257792915650727 -6.470172947533981 -4.699999999999999
    endloop
  endfacet
  facet normal 0 0 1
    outer loop
      vertex 0.42577929156507244 -8.27982705246602 -4.699999999999999
      vertex 0.5358267949789968 -8.219327925502014 -4.699999999999999
      vertex 0.5358267949789968 -6.530672074497985 -4.699999999999999
    endloop
  endfacet
  facet normal 0 0 1
    outer loop
      vertex 0.5358267949789968 -8.219327925502014 -4.699999999999999
      vertex 0.6374239897486896 -8.14551324277579 -4.699999999999999
      vertex 0.6374239897486896 -6.604486757224211 -4.699999999999999
    endloop
  endfacet
  facet normal 0 0 1
    outer loop
      vertex 0.06279051952931376 -8.373026728428272 -4.699999999999999
      vertex 0.18738131458572457 -6.392712749271311 -4.699999999999999
      vertex 0.06279051952931328 -6.376973271571728 -4.699999999999999
    endloop
  endfacet
  facet normal 0 0 1
    outer loop
      vertex 0.3090169943749474 -8.326056516295154 -4.699999999999999
      vertex 0.4257792915650727 -6.470172947533981 -4.699999999999999
      vertex 0.3090169943749474 -6.423943483704846 -4.699999999999999
    endloop
  endfacet
  facet normal 0 0 1
    outer loop
      vertex 0.18738131458572482 -8.357287250728689 -4.699999999999999
      vertex 0.3090169943749474 -6.423943483704846 -4.699999999999999
      vertex 0.18738131458572457 -6.392712749271311 -4.699999999999999
    endloop
  endfacet
  facet normal 0 0 1
    outer loop
      vertex 0.6374239897486896 -8.14551324277579 -4.699999999999999
      vertex 0.7289686274214117 -8.059547105928688 -4.699999999999999
      vertex 0.7289686274214117 -6.690452894071312 -4.699999999999999
    endloop
  endfacet
  facet normal 0 0 1
    outer loop
      vertex 0.42577929156507244 -8.27982705246602 -4.699999999999999
      vertex 0.5358267949789968 -6.530672074497985 -4.699999999999999
      vertex 0.4257792915650727 -6.470172947533981 -4.699999999999999
    endloop
  endfacet
  facet normal 0 0 1
    outer loop
      vertex 0.5358267949789968 -8.219327925502014 -4.699999999999999
      vertex 0.6374239897486896 -6.604486757224211 -4.699999999999999
      vertex 0.5358267949789968 -6.530672074497985 -4.699999999999999
    endloop
  endfacet
  facet normal 0 0 1
    outer loop
      vertex 0.6374239897486896 -8.14551324277579 -4.699999999999999
      vertex 0.7289686274214117 -6.690452894071312 -4.699999999999999
      vertex 0.6374239897486896 -6.604486757224211 -4.699999999999999
    endloop
  endfacet
  facet normal 0 0 1
    outer loop
      vertex 0.7289686274214117 -8.059547105928688 -4.699999999999999
      vertex 0.8090169943749475 -6.787214747707527 -4.699999999999999
      vertex 0.7289686274214117 -6.690452894071312 -4.699999999999999
    endloop
  endfacet
  facet normal 0 0 1
    outer loop
      vertex 0.7289686274214117 -8.059547105928688 -4.699999999999999
      vertex 0.8090169943749475 -7.962785252292473 -4.699999999999999
      vertex 0.8090169943749475 -6.787214747707527 -4.699999999999999
    endloop
  endfacet
  facet normal 0 0 1
    outer loop
      vertex 0.8090169943749475 -7.962785252292473 -4.699999999999999
      vertex 0.8763066800438635 -7.856753674101715 -4.699999999999999
      vertex 0.8763066800438635 -6.893246325898285 -4.699999999999999
    endloop
  endfacet
  facet normal 0 0 1
    outer loop
      vertex 0.8763066800438635 -7.856753674101715 -4.699999999999999
      vertex 0.9297764858882515 -7.7431245526846775 -4.699999999999999
      vertex 0.9297764858882515 -7.0068754473153225 -4.699999999999999
    endloop
  endfacet
  facet normal 0 0 1
    outer loop
      vertex 0.9297764858882515 -7.7431245526846775 -4.699999999999999
      vertex 0.9685831611286311 -7.623689887164855 -4.699999999999999
      vertex 0.9685831611286311 -7.126310112835145 -4.699999999999999
    endloop
  endfacet
  facet normal 0 0 1
    outer loop
      vertex 0.9297764858882515 -7.7431245526846775 -4.699999999999999
      vertex 0.9685831611286311 -7.126310112835145 -4.699999999999999
      vertex 0.9297764858882515 -7.0068754473153225 -4.699999999999999
    endloop
  endfacet
  facet normal 0 0 1
    outer loop
      vertex 0.9685831611286311 -7.623689887164855 -4.699999999999999
      vertex 0.9921147013144779 -7.500333233564304 -4.699999999999999
      vertex 0.9921147013144779 -7.249666766435696 -4.699999999999999
    endloop
  endfacet
  facet normal 0 0 1
    outer loop
      vertex 0.9921147013144779 -7.500333233564304 -4.699999999999999
      vertex 1 -7.375 -4.699999999999999
      vertex 0.9921147013144779 -7.249666766435696 -4.699999999999999
    endloop
  endfacet
  facet normal 0 0 1
    outer loop
      vertex 0.9685831611286311 -7.623689887164855 -4.699999999999999
      vertex 0.9921147013144779 -7.249666766435696 -4.699999999999999
      vertex 0.9685831611286311 -7.126310112835145 -4.699999999999999
    endloop
  endfacet
  facet normal 0 0 1
    outer loop
      vertex 0.8090169943749475 -7.962785252292473 -4.699999999999999
      vertex 0.8763066800438635 -6.893246325898285 -4.699999999999999
      vertex 0.8090169943749475 -6.787214747707527 -4.699999999999999
    endloop
  endfacet
  facet normal 0 0 1
    outer loop
      vertex 0.8763066800438635 -7.856753674101715 -4.699999999999999
      vertex 0.9297764858882515 -7.0068754473153225 -4.699999999999999
      vertex 0.8763066800438635 -6.893246325898285 -4.699999999999999
    endloop
  endfacet
  facet normal -0.12533323356430495 0.9921147013144778 0
    outer loop
      vertex 0.06279051952931376 -8.373026728428272 -4.699999999999999
      vertex 0.06279051952931376 -8.373026728428272 6
      vertex 0.18738131458572482 -8.357287250728689 -4.699999999999999
    endloop
  endfacet
  facet normal -0.24868988716485582 0.968583161128631 0
    outer loop
      vertex 0.18738131458572482 -8.357287250728689 -4.699999999999999
      vertex 0.18738131458572482 -8.357287250728689 6
      vertex 0.3090169943749474 -8.326056516295154 -4.699999999999999
    endloop
  endfacet
  facet normal -0.3681245526846756 0.9297764858882523 0
    outer loop
      vertex 0.3090169943749474 -8.326056516295154 -4.699999999999999
      vertex 0.3090169943749474 -8.326056516295154 6
      vertex 0.42577929156507244 -8.27982705246602 -4.699999999999999
    endloop
  endfacet
  facet normal -0.48175367410172115 0.8763066800438604 0
    outer loop
      vertex 0.42577929156507244 -8.27982705246602 -4.699999999999999
      vertex 0.42577929156507244 -8.27982705246602 6
      vertex 0.5358267949789968 -8.219327925502014 -4.699999999999999
    endloop
  endfacet
  facet normal -0.5877852522924669 0.8090169943749519 0
    outer loop
      vertex 0.5358267949789968 -8.219327925502014 -4.699999999999999
      vertex 0.5358267949789968 -8.219327925502014 6
      vertex 0.6374239897486896 -8.14551324277579 -4.699999999999999
    endloop
  endfacet
  facet normal -0.6845471059286924 0.7289686274214081 0
    outer loop
      vertex 0.6374239897486896 -8.14551324277579 -4.699999999999999
      vertex 0.6374239897486896 -8.14551324277579 6
      vertex 0.7289686274214117 -8.059547105928688 -4.699999999999999
    endloop
  endfacet
  facet normal -0.7705132427757877 0.6374239897486916 0
    outer loop
      vertex 0.7289686274214117 -8.059547105928688 -4.699999999999999
      vertex 0.7289686274214117 -8.059547105928688 6
      vertex 0.8090169943749475 -7.962785252292473 -4.699999999999999
    endloop
  endfacet
  facet normal -0.8443279255020162 0.5358267949789948 0
    outer loop
      vertex 0.8090169943749475 -7.962785252292473 -4.699999999999999
      vertex 0.8090169943749475 -7.962785252292473 6
      vertex 0.8763066800438635 -7.856753674101715 -4.699999999999999
    endloop
  endfacet
  facet normal -0.9048270524660196 0.4257792915650725 0
    outer loop
      vertex 0.8763066800438635 -7.856753674101715 -4.699999999999999
      vertex 0.8763066800438635 -7.856753674101715 6
      vertex 0.9297764858882515 -7.7431245526846775 -4.699999999999999
    endloop
  endfacet
  facet normal -0.9510565162951532 0.30901699437494856 0
    outer loop
      vertex 0.9297764858882515 -7.7431245526846775 -4.699999999999999
      vertex 0.9297764858882515 -7.7431245526846775 6
      vertex 0.9685831611286311 -7.623689887164855 -4.699999999999999
    endloop
  endfacet
  facet normal 0 -1 0
    outer loop
      vertex -0.06279051952931328 -6.376973271571728 -4.699999999999999
      vertex 0.06279051952931328 -6.376973271571728 -4.699999999999999
      vertex 0.06279051952931328 -6.376973271571728 6
    endloop
  endfacet
  facet normal -0.1253332335643047 -0.9921147013144778 0
    outer loop
      vertex 0.06279051952931328 -6.376973271571728 -4.699999999999999
      vertex 0.18738131458572457 -6.392712749271311 -4.699999999999999
      vertex 0.18738131458572457 -6.392712749271311 6
    endloop
  endfacet
  facet normal -0.24868988716485532 -0.968583161128631 0
    outer loop
      vertex 0.18738131458572457 -6.392712749271311 -4.699999999999999
      vertex 0.3090169943749474 -6.423943483704846 -4.699999999999999
      vertex 0.3090169943749474 -6.423943483704846 6
    endloop
  endfacet
  facet normal -0.48175367410171127 -0.8763066800438658 0
    outer loop
      vertex 0.4257792915650727 -6.470172947533981 -4.699999999999999
      vertex 0.5358267949789968 -6.530672074497985 -4.699999999999999
      vertex 0.5358267949789968 -6.530672074497985 6
    endloop
  endfacet
  facet normal -0.5877852522924762 -0.8090169943749453 0
    outer loop
      vertex 0.6374239897486896 -6.604486757224211 -4.699999999999999
      vertex 0.6374239897486896 -6.604486757224211 6
      vertex 0.5358267949789968 -6.530672074497985 -4.699999999999999
    endloop
  endfacet
  facet normal -0.6845471059286886 -0.7289686274214116 0
    outer loop
      vertex 0.6374239897486896 -6.604486757224211 -4.699999999999999
      vertex 0.7289686274214117 -6.690452894071312 -4.699999999999999
      vertex 0.7289686274214117 -6.690452894071312 6
    endloop
  endfacet
  facet normal -0.36812455268468086 -0.9297764858882502 0
    outer loop
      vertex 0.4257792915650727 -6.470172947533981 -4.699999999999999
      vertex 0.4257792915650727 -6.470172947533981 6
      vertex 0.3090169943749474 -6.423943483704846 -4.699999999999999
    endloop
  endfacet
  facet normal -0.9822872507286885 0.18738131458572488 0
    outer loop
      vertex 0.9685831611286311 -7.623689887164855 -4.699999999999999
      vertex 0.9685831611286311 -7.623689887164855 6
      vertex 0.9921147013144779 -7.500333233564304 -4.699999999999999
    endloop
  endfacet
  facet normal -0.9980267284282716 0.06279051952931301 0
    outer loop
      vertex 0.9921147013144779 -7.500333233564304 -4.699999999999999
      vertex 0.9921147013144779 -7.500333233564304 6
      vertex 1 -7.375 -4.699999999999999
    endloop
  endfacet
  facet normal -0.9980267284282716 -0.06279051952931301 0
    outer loop
      vertex 1 -7.375 -4.699999999999999
      vertex 1 -7.375 6
      vertex 0.9921147013144779 -7.249666766435696 -4.699999999999999
    endloop
  endfacet
  facet normal -0.9510565162951532 -0.30901699437494856 0
    outer loop
      vertex 0.9685831611286311 -7.126310112835145 -4.699999999999999
      vertex 0.9685831611286311 -7.126310112835145 6
      vertex 0.9297764858882515 -7.0068754473153225 -4.699999999999999
    endloop
  endfacet
  facet normal -0.9048270524660196 -0.4257792915650725 0
    outer loop
      vertex 0.9297764858882515 -7.0068754473153225 -4.699999999999999
      vertex 0.9297764858882515 -7.0068754473153225 6
      vertex 0.8763066800438635 -6.893246325898285 -4.699999999999999
    endloop
  endfacet
  facet normal -0.9822872507286885 -0.18738131458572488 0
    outer loop
      vertex 0.9921147013144779 -7.249666766435696 -4.699999999999999
      vertex 0.9921147013144779 -7.249666766435696 6
      vertex 0.9685831611286311 -7.126310112835145 -4.699999999999999
    endloop
  endfacet
  facet normal -0.8443279255020162 -0.5358267949789948 0
    outer loop
      vertex 0.8763066800438635 -6.893246325898285 -4.699999999999999
      vertex 0.8763066800438635 -6.893246325898285 6
      vertex 0.8090169943749475 -6.787214747707527 -4.699999999999999
    endloop
  endfacet
  facet normal -0.7705132427757877 -0.6374239897486916 0
    outer loop
      vertex 0.8090169943749475 -6.787214747707527 -4.699999999999999
      vertex 0.8090169943749475 -6.787214747707527 6
      vertex 0.7289686274214117 -6.690452894071312 -4.699999999999999
    endloop
  endfacet
  facet normal 0 1 0
    outer loop
      vertex 0.06279051952931376 -8.373026728428272 -4.699999999999999
      vertex -0.06279051952931376 -8.373026728428272 6
      vertex 0.06279051952931376 -8.373026728428272 6
    endloop
  endfacet
  facet normal -0.12533323356430495 0.9921147013144778 0
    outer loop
      vertex 0.18738131458572482 -8.357287250728689 -4.699999999999999
      vertex 0.06279051952931376 -8.373026728428272 6
      vertex 0.18738131458572482 -8.357287250728689 6
    endloop
  endfacet
  facet normal -0.24868988716485582 0.968583161128631 0
    outer loop
      vertex 0.3090169943749474 -8.326056516295154 -4.699999999999999
      vertex 0.18738131458572482 -8.357287250728689 6
      vertex 0.3090169943749474 -8.326056516295154 6
    endloop
  endfacet
  facet normal -0.3681245526846756 0.9297764858882523 0
    outer loop
      vertex 0.42577929156507244 -8.27982705246602 -4.699999999999999
      vertex 0.3090169943749474 -8.326056516295154 6
      vertex 0.42577929156507244 -8.27982705246602 6
    endloop
  endfacet
  facet normal -0.48175367410172115 0.8763066800438604 0
    outer loop
      vertex 0.5358267949789968 -8.219327925502014 -4.699999999999999
      vertex 0.42577929156507244 -8.27982705246602 6
      vertex 0.5358267949789968 -8.219327925502014 6
    endloop
  endfacet
  facet normal -0.5877852522924669 0.8090169943749519 0
    outer loop
      vertex 0.6374239897486896 -8.14551324277579 -4.699999999999999
      vertex 0.5358267949789968 -8.219327925502014 6
      vertex 0.6374239897486896 -8.14551324277579 6
    endloop
  endfacet
  facet normal -0.6845471059286924 0.7289686274214081 0
    outer loop
      vertex 0.7289686274214117 -8.059547105928688 -4.699999999999999
      vertex 0.6374239897486896 -8.14551324277579 6
      vertex 0.7289686274214117 -8.059547105928688 6
    endloop
  endfacet
  facet normal -0.7705132427757877 0.6374239897486916 0
    outer loop
      vertex 0.8090169943749475 -7.962785252292473 -4.699999999999999
      vertex 0.7289686274214117 -8.059547105928688 6
      vertex 0.8090169943749475 -7.962785252292473 6
    endloop
  endfacet
  facet normal -0.8443279255020162 0.5358267949789948 0
    outer loop
      vertex 0.8763066800438635 -7.856753674101715 -4.699999999999999
      vertex 0.8090169943749475 -7.962785252292473 6
      vertex 0.8763066800438635 -7.856753674101715 6
    endloop
  endfacet
  facet normal -0.9048270524660196 0.4257792915650725 0
    outer loop
      vertex 0.9297764858882515 -7.7431245526846775 -4.699999999999999
      vertex 0.8763066800438635 -7.856753674101715 6
      vertex 0.9297764858882515 -7.7431245526846775 6
    endloop
  endfacet
  facet normal -0.9510565162951532 0.30901699437494856 0
    outer loop
      vertex 0.9685831611286311 -7.623689887164855 -4.699999999999999
      vertex 0.9297764858882515 -7.7431245526846775 6
      vertex 0.9685831611286311 -7.623689887164855 6
    endloop
  endfacet
  facet normal -0.1253332335643047 -0.9921147013144778 0
    outer loop
      vertex 0.06279051952931328 -6.376973271571728 -4.699999999999999
      vertex 0.18738131458572457 -6.392712749271311 6
      vertex 0.06279051952931328 -6.376973271571728 6
    endloop
  endfacet
  facet normal -0.24868988716485532 -0.968583161128631 0
    outer loop
      vertex 0.18738131458572457 -6.392712749271311 -4.699999999999999
      vertex 0.3090169943749474 -6.423943483704846 6
      vertex 0.18738131458572457 -6.392712749271311 6
    endloop
  endfacet
  facet normal -0.36812455268468086 -0.9297764858882502 0
    outer loop
      vertex 0.3090169943749474 -6.423943483704846 -4.699999999999999
      vertex 0.4257792915650727 -6.470172947533981 6
      vertex 0.3090169943749474 -6.423943483704846 6
    endloop
  endfacet
  facet normal -0.5877852522924762 -0.8090169943749453 0
    outer loop
      vertex 0.5358267949789968 -6.530672074497985 -4.699999999999999
      vertex 0.6374239897486896 -6.604486757224211 6
      vertex 0.5358267949789968 -6.530672074497985 6
    endloop
  endfacet
  facet normal -0.7705132427757877 -0.6374239897486916 0
    outer loop
      vertex 0.7289686274214117 -6.690452894071312 -4.699999999999999
      vertex 0.8090169943749475 -6.787214747707527 6
      vertex 0.7289686274214117 -6.690452894071312 6
    endloop
  endfacet
  facet normal -0.6845471059286886 -0.7289686274214116 0
    outer loop
      vertex 0.6374239897486896 -6.604486757224211 -4.699999999999999
      vertex 0.7289686274214117 -6.690452894071312 6
      vertex 0.6374239897486896 -6.604486757224211 6
    endloop
  endfacet
  facet normal -0.48175367410171127 -0.8763066800438658 0
    outer loop
      vertex 0.4257792915650727 -6.470172947533981 -4.699999999999999
      vertex 0.5358267949789968 -6.530672074497985 6
      vertex 0.4257792915650727 -6.470172947533981 6
    endloop
  endfacet
  facet normal -0.9822872507286885 0.18738131458572488 0
    outer loop
      vertex 0.9921147013144779 -7.500333233564304 -4.699999999999999
      vertex 0.9685831611286311 -7.623689887164855 6
      vertex 0.9921147013144779 -7.500333233564304 6
    endloop
  endfacet
  facet normal -0.9980267284282716 0.06279051952931301 0
    outer loop
      vertex 1 -7.375 -4.699999999999999
      vertex 0.9921147013144779 -7.500333233564304 6
      vertex 1 -7.375 6
    endloop
  endfacet
  facet normal -0.9980267284282716 -0.06279051952931301 0
    outer loop
      vertex 0.9921147013144779 -7.249666766435696 -4.699999999999999
      vertex 1 -7.375 6
      vertex 0.9921147013144779 -7.249666766435696 6
    endloop
  endfacet
  facet normal -0.9510565162951532 -0.30901699437494856 0
    outer loop
      vertex 0.9297764858882515 -7.0068754473153225 -4.699999999999999
      vertex 0.9685831611286311 -7.126310112835145 6
      vertex 0.9297764858882515 -7.0068754473153225 6
    endloop
  endfacet
  facet normal -0.9048270524660196 -0.4257792915650725 0
    outer loop
      vertex 0.8763066800438635 -6.893246325898285 -4.699999999999999
      vertex 0.9297764858882515 -7.0068754473153225 6
      vertex 0.8763066800438635 -6.893246325898285 6
    endloop
  endfacet
  facet normal -0.9822872507286885 -0.18738131458572488 0
    outer loop
      vertex 0.9685831611286311 -7.126310112835145 -4.699999999999999
      vertex 0.9921147013144779 -7.249666766435696 6
      vertex 0.9685831611286311 -7.126310112835145 6
    endloop
  endfacet
  facet normal -0.8443279255020162 -0.5358267949789948 0
    outer loop
      vertex 0.8090169943749475 -6.787214747707527 -4.699999999999999
      vertex 0.8763066800438635 -6.893246325898285 6
      vertex 0.8090169943749475 -6.787214747707527 6
    endloop
  endfacet
  facet normal 0.9048270524660197 0.4257792915650725 0
    outer loop
      vertex -9.452530620365328 -0.7730615606378235 0
      vertex -9.340244028092114 -1.0116827156136023 -6
      vertex -9.452530620365328 -0.7730615606378235 -6
    endloop
  endfacet
  facet normal 0.8443279255020157 0.5358267949789955 0
    outer loop
      vertex -9.340244028092114 -1.0116827156136023 0
      vertex -9.19893568818739 -1.2343490298141937 -6
      vertex -9.340244028092114 -1.0116827156136023 -6
    endloop
  endfacet
  facet normal 0.9980267284282717 0.06279051952931038 0
    outer loop
      vertex -9.6 0 0
      vertex -9.583440872760404 -0.26319979048503855 -6
      vertex -9.6 0 -6
    endloop
  endfacet
  facet normal 0.951056516295154 0.30901699437494623 0
    outer loop
      vertex -9.534024638370125 -0.5222487630461952 0
      vertex -9.452530620365328 -0.7730615606378235 -6
      vertex -9.534024638370125 -0.5222487630461952 -6
    endloop
  endfacet
  facet normal 0.9822872507286884 0.18738131458572635 0
    outer loop
      vertex -9.583440872760404 -0.26319979048503855 0
      vertex -9.534024638370125 -0.5222487630461952 -6
      vertex -9.583440872760404 -0.26319979048503855 -6
    endloop
  endfacet
  facet normal 0.6845471059286905 0.7289686274214098 0
    outer loop
      vertex -8.838590378472249 -1.6180778098291577 0
      vertex -8.838590378472249 -1.6180778098291577 -6
      vertex -9.030834117584964 -1.437548922450246 -6
    endloop
  endfacet
  facet normal 0.5877852522924712 0.8090169943749487 0
    outer loop
      vertex -8.625236269455893 -1.7730886435542315 0
      vertex -8.625236269455893 -1.7730886435542315 -6
      vertex -8.838590378472249 -1.6180778098291577 -6
    endloop
  endfacet
  facet normal 0.4817536741017144 0.8763066800438641 0
    outer loop
      vertex -8.394136512286652 -1.9001368101786411 0
      vertex -8.394136512286652 -1.9001368101786411 -6
      vertex -8.625236269455893 -1.7730886435542315 -6
    endloop
  endfacet
  facet normal 0.36812455268467864 0.9297764858882512 0
    outer loop
      vertex -8.14893568818739 -1.9972186842198225 0
      vertex -8.14893568818739 -1.9972186842198225 -6
      vertex -8.394136512286652 -1.9001368101786411 -6
    endloop
  endfacet
  facet normal 0.24868988716485568 0.9685831611286311 0
    outer loop
      vertex -7.8935007606300225 -2.0628032265302463 0
      vertex -7.8935007606300225 -2.0628032265302463 -6
      vertex -8.14893568818739 -1.9972186842198225 -6
    endloop
  endfacet
  facet normal 0.1253332335643041 0.9921147013144779 0
    outer loop
      vertex -7.631860091011559 -2.0958561296993703 0
      vertex -7.631860091011559 -2.0958561296993703 -6
      vertex -7.8935007606300225 -2.0628032265302463 -6
    endloop
  endfacet
  facet normal 0.7705132427757879 0.6374239897486912 0
    outer loop
      vertex -9.19893568818739 -1.2343490298141937 0
      vertex -9.030834117584964 -1.437548922450246 -6
      vertex -9.19893568818739 -1.2343490298141937 -6
    endloop
  endfacet
  facet normal 0 1 0
    outer loop
      vertex -7.368139908988441 -2.0958561296993703 0
      vertex -7.368139908988441 -2.0958561296993703 -6
      vertex -7.631860091011559 -2.0958561296993703 -6
    endloop
  endfacet
  facet normal -0.1253332335643041 0.9921147013144779 0
    outer loop
      vertex -7.1064992393699775 -2.0628032265302463 0
      vertex -7.1064992393699775 -2.0628032265302463 -6
      vertex -7.368139908988441 -2.0958561296993703 -6
    endloop
  endfacet
  facet normal -0.24868988716485568 0.9685831611286311 0
    outer loop
      vertex -6.85106431181261 -1.9972186842198225 0
      vertex -6.85106431181261 -1.9972186842198225 -6
      vertex -7.1064992393699775 -2.0628032265302463 -6
    endloop
  endfacet
  facet normal -0.36812455268467864 0.9297764858882512 0
    outer loop
      vertex -6.605863487713348 -1.9001368101786411 0
      vertex -6.605863487713348 -1.9001368101786411 -6
      vertex -6.85106431181261 -1.9972186842198225 -6
    endloop
  endfacet
  facet normal -0.4817536741017138 0.8763066800438644 0
    outer loop
      vertex -6.374763730544108 -1.7730886435542321 0
      vertex -6.374763730544108 -1.7730886435542321 -6
      vertex -6.605863487713348 -1.9001368101786411 -6
    endloop
  endfacet
  facet normal -0.587785252292473 0.8090169943749476 0
    outer loop
      vertex -6.161409621527751 -1.618077809829157 0
      vertex -6.161409621527751 -1.618077809829157 -6
      vertex -6.374763730544108 -1.7730886435542321 -6
    endloop
  endfacet
  facet normal -0.6845471059286892 0.7289686274214111 0
    outer loop
      vertex -5.9691658824150355 -1.437548922450246 0
      vertex -5.9691658824150355 -1.437548922450246 -6
      vertex -6.161409621527751 -1.618077809829157 -6
    endloop
  endfacet
  facet normal -0.7705132427757879 0.6374239897486912 0
    outer loop
      vertex -5.9691658824150355 -1.437548922450246 0
      vertex -5.80106431181261 -1.2343490298141937 -6
      vertex -5.9691658824150355 -1.437548922450246 -6
    endloop
  endfacet
  facet normal -0.8443279255020157 0.5358267949789955 0
    outer loop
      vertex -5.80106431181261 -1.2343490298141937 0
      vertex -5.659755971907886 -1.0116827156136023 -6
      vertex -5.80106431181261 -1.2343490298141937 -6
    endloop
  endfacet
  facet normal -0.9048270524660201 0.4257792915650713 0
    outer loop
      vertex -5.659755971907886 -1.0116827156136023 0
      vertex -5.547469379634673 -0.7730615606378246 -6
      vertex -5.659755971907886 -1.0116827156136023 -6
    endloop
  endfacet
  facet normal -0.9510565162951536 0.3090169943749472 0
    outer loop
      vertex -5.547469379634673 -0.7730615606378246 0
      vertex -5.465975361629875 -0.5222487630461944 -6
      vertex -5.547469379634673 -0.7730615606378246 -6
    endloop
  endfacet
  facet normal -0.9822872507286884 0.18738131458572688 0
    outer loop
      vertex -5.465975361629875 -0.5222487630461944 0
      vertex -5.416559127239596 -0.26319979048503855 -6
      vertex -5.465975361629875 -0.5222487630461944 -6
    endloop
  endfacet
  facet normal -0.9980267284282717 0.06279051952931038 0
    outer loop
      vertex -5.416559127239596 -0.26319979048503855 0
      vertex -5.4 0 -6
      vertex -5.416559127239596 -0.26319979048503855 -6
    endloop
  endfacet
  facet normal 0.8443279255020157 0.5358267949789955 0
    outer loop
      vertex -9.340244028092114 -1.0116827156136023 0
      vertex -9.19893568818739 -1.2343490298141937 0
      vertex -9.19893568818739 -1.2343490298141937 -6
    endloop
  endfacet
  facet normal 0.9048270524660197 0.4257792915650725 0
    outer loop
      vertex -9.340244028092114 -1.0116827156136023 0
      vertex -9.340244028092114 -1.0116827156136023 -6
      vertex -9.452530620365328 -0.7730615606378235 0
    endloop
  endfacet
  facet normal 0.9980267284282717 0.06279051952931038 0
    outer loop
      vertex -9.583440872760404 -0.26319979048503855 0
      vertex -9.583440872760404 -0.26319979048503855 -6
      vertex -9.6 0 0
    endloop
  endfacet
  facet normal 0.951056516295154 0.30901699437494623 0
    outer loop
      vertex -9.452530620365328 -0.7730615606378235 0
      vertex -9.452530620365328 -0.7730615606378235 -6
      vertex -9.534024638370125 -0.5222487630461952 0
    endloop
  endfacet
  facet normal 0.9822872507286884 0.18738131458572635 0
    outer loop
      vertex -9.534024638370125 -0.5222487630461952 0
      vertex -9.534024638370125 -0.5222487630461952 -6
      vertex -9.583440872760404 -0.26319979048503855 0
    endloop
  endfacet
  facet normal 0.5877852522924712 0.8090169943749487 0
    outer loop
      vertex -8.838590378472249 -1.6180778098291577 0
      vertex -8.625236269455893 -1.7730886435542315 0
      vertex -8.838590378472249 -1.6180778098291577 -6
    endloop
  endfacet
  facet normal 0.4817536741017144 0.8763066800438641 0
    outer loop
      vertex -8.625236269455893 -1.7730886435542315 0
      vertex -8.394136512286652 -1.9001368101786411 0
      vertex -8.625236269455893 -1.7730886435542315 -6
    endloop
  endfacet
  facet normal 0.36812455268467864 0.9297764858882512 0
    outer loop
      vertex -8.394136512286652 -1.9001368101786411 0
      vertex -8.14893568818739 -1.9972186842198225 0
      vertex -8.394136512286652 -1.9001368101786411 -6
    endloop
  endfacet
  facet normal 0.24868988716485568 0.9685831611286311 0
    outer loop
      vertex -7.8935007606300225 -2.0628032265302463 0
      vertex -8.14893568818739 -1.9972186842198225 -6
      vertex -8.14893568818739 -1.9972186842198225 0
    endloop
  endfacet
  facet normal 0.1253332335643041 0.9921147013144779 0
    outer loop
      vertex -7.8935007606300225 -2.0628032265302463 0
      vertex -7.631860091011559 -2.0958561296993703 0
      vertex -7.8935007606300225 -2.0628032265302463 -6
    endloop
  endfacet
  facet normal 0.7705132427757879 0.6374239897486912 0
    outer loop
      vertex -9.030834117584964 -1.437548922450246 0
      vertex -9.030834117584964 -1.437548922450246 -6
      vertex -9.19893568818739 -1.2343490298141937 0
    endloop
  endfacet
  facet normal 0.6845471059286905 0.7289686274214098 0
    outer loop
      vertex -8.838590378472249 -1.6180778098291577 0
      vertex -9.030834117584964 -1.437548922450246 -6
      vertex -9.030834117584964 -1.437548922450246 0
    endloop
  endfacet
  facet normal 0 1 0
    outer loop
      vertex -7.631860091011559 -2.0958561296993703 0
      vertex -7.368139908988441 -2.0958561296993703 0
      vertex -7.631860091011559 -2.0958561296993703 -6
    endloop
  endfacet
  facet normal -0.1253332335643041 0.9921147013144779 0
    outer loop
      vertex -7.368139908988441 -2.0958561296993703 0
      vertex -7.1064992393699775 -2.0628032265302463 0
      vertex -7.368139908988441 -2.0958561296993703 -6
    endloop
  endfacet
  facet normal -0.24868988716485568 0.9685831611286311 0
    outer loop
      vertex -7.1064992393699775 -2.0628032265302463 0
      vertex -6.85106431181261 -1.9972186842198225 0
      vertex -7.1064992393699775 -2.0628032265302463 -6
    endloop
  endfacet
  facet normal -0.36812455268467864 0.9297764858882512 0
    outer loop
      vertex -6.85106431181261 -1.9972186842198225 0
      vertex -6.605863487713348 -1.9001368101786411 0
      vertex -6.85106431181261 -1.9972186842198225 -6
    endloop
  endfacet
  facet normal -0.4817536741017138 0.8763066800438644 0
    outer loop
      vertex -6.605863487713348 -1.9001368101786411 0
      vertex -6.374763730544108 -1.7730886435542321 0
      vertex -6.605863487713348 -1.9001368101786411 -6
    endloop
  endfacet
  facet normal -0.587785252292473 0.8090169943749476 0
    outer loop
      vertex -6.374763730544108 -1.7730886435542321 0
      vertex -6.161409621527751 -1.618077809829157 0
      vertex -6.374763730544108 -1.7730886435542321 -6
    endloop
  endfacet
  facet normal -0.6845471059286892 0.7289686274214111 0
    outer loop
      vertex -6.161409621527751 -1.618077809829157 0
      vertex -5.9691658824150355 -1.437548922450246 0
      vertex -6.161409621527751 -1.618077809829157 -6
    endloop
  endfacet
  facet normal -0.7705132427757879 0.6374239897486912 0
    outer loop
      vertex -5.9691658824150355 -1.437548922450246 0
      vertex -5.80106431181261 -1.2343490298141937 0
      vertex -5.80106431181261 -1.2343490298141937 -6
    endloop
  endfacet
  facet normal -0.8443279255020157 0.5358267949789955 0
    outer loop
      vertex -5.80106431181261 -1.2343490298141937 0
      vertex -5.659755971907886 -1.0116827156136023 0
      vertex -5.659755971907886 -1.0116827156136023 -6
    endloop
  endfacet
  facet normal -0.9048270524660201 0.4257792915650713 0
    outer loop
      vertex -5.659755971907886 -1.0116827156136023 0
      vertex -5.547469379634673 -0.7730615606378246 0
      vertex -5.547469379634673 -0.7730615606378246 -6
    endloop
  endfacet
  facet normal -0.9510565162951536 0.3090169943749472 0
    outer loop
      vertex -5.547469379634673 -0.7730615606378246 0
      vertex -5.465975361629875 -0.5222487630461944 0
      vertex -5.465975361629875 -0.5222487630461944 -6
    endloop
  endfacet
  facet normal -0.9822872507286884 0.18738131458572688 0
    outer loop
      vertex -5.465975361629875 -0.5222487630461944 0
      vertex -5.416559127239596 -0.26319979048503855 0
      vertex -5.416559127239596 -0.26319979048503855 -6
    endloop
  endfacet
  facet normal -0.9980267284282717 0.06279051952931038 0
    outer loop
      vertex -5.416559127239596 -0.26319979048503855 0
      vertex -5.4 0 0
      vertex -5.4 0 -6
    endloop
  endfacet
  facet normal 0 0 -1
    outer loop
      vertex -9.340244028092114 -1.0116827156136023 0
      vertex -9.340244028092114 1.0116827156136023 0
      vertex -9.19893568818739 -1.2343490298141937 0
    endloop
  endfacet
  facet normal 0 0 -1
    outer loop
      vertex -9.452530620365328 -0.7730615606378235 0
      vertex -9.534024638370125 -0.5222487630461952 0
      vertex -9.534024638370125 0.5222487630461952 0
    endloop
  endfacet
  facet normal 0 0 -1
    outer loop
      vertex -9.340244028092114 -1.0116827156136023 0
      vertex -9.452530620365328 -0.7730615606378235 0
      vertex -9.452530620365328 0.7730615606378235 0
    endloop
  endfacet
  facet normal 0 0 -1
    outer loop
      vertex -9.534024638370125 -0.5222487630461952 0
      vertex -9.583440872760404 -0.26319979048503855 0
      vertex -9.583440872760404 0.26319979048503855 0
    endloop
  endfacet
  facet normal 0 0 -1
    outer loop
      vertex -8.625236269455893 -1.7730886435542315 0
      vertex -8.303740192468496 -1.2664918882530225 0
      vertex -8.394136512286652 -1.9001368101786411 0
    endloop
  endfacet
  facet normal 0 0 -1
    outer loop
      vertex -8.394136512286652 -1.9001368101786411 0
      vertex -8.138668937347608 -1.3572405786990294 0
      vertex -8.14893568818739 -1.9972186842198225 0
    endloop
  endfacet
  facet normal 0 0 -1
    outer loop
      vertex -8.14893568818739 -1.9972186842198225 0
      vertex -8.138668937347608 -1.3572405786990294 0
      vertex -7.963525491562421 -1.4265847744427302 0
    endloop
  endfacet
  facet normal 0 0 -1
    outer loop
      vertex -7.8935007606300225 -2.0628032265302463 0
      vertex -8.14893568818739 -1.9972186842198225 0
      vertex -7.781071971878587 -1.4734308760930328 0
    endloop
  endfacet
  facet normal 0 0 -1
    outer loop
      vertex -8.14893568818739 -1.9972186842198225 0
      vertex -7.963525491562421 -1.4265847744427302 0
      vertex -7.781071971878587 -1.4734308760930328 0
    endloop
  endfacet
  facet normal 0 0 -1
    outer loop
      vertex -7.8935007606300225 -2.0628032265302463 0
      vertex -7.594185779293971 -1.4970400926424072 0
      vertex -7.631860091011559 -2.0958561296993703 0
    endloop
  endfacet
  facet normal 0 0 -1
    outer loop
      vertex -7.8935007606300225 -2.0628032265302463 0
      vertex -7.781071971878587 -1.4734308760930328 0
      vertex -7.594185779293971 -1.4970400926424072 0
    endloop
  endfacet
  facet normal 0 0 -1
    outer loop
      vertex -8.838590378472249 -1.6180778098291577 0
      vertex -9.030834117584964 -1.437548922450246 0
      vertex -8.894664728832378 -0.5521868290270168 0
    endloop
  endfacet
  facet normal 0 0 -1
    outer loop
      vertex -8.838590378472249 -1.6180778098291577 0
      vertex -8.894664728832378 -0.5521868290270168 0
      vertex -8.814460020065795 -0.722630511152573 0
    endloop
  endfacet
  facet normal 0 0 -1
    outer loop
      vertex -9.030834117584964 -1.437548922450246 0
      vertex -8.952874741692947 -0.3730348307472823 0
      vertex -8.894664728832378 -0.5521868290270168 0
    endloop
  endfacet
  facet normal 0 0 -1
    outer loop
      vertex -8.838590378472249 -1.6180778098291577 0
      vertex -8.593452941132117 -1.0268206588930329 0
      vertex -8.625236269455893 -1.7730886435542315 0
    endloop
  endfacet
  facet normal 0 0 -1
    outer loop
      vertex -8.838590378472249 -1.6180778098291577 0
      vertex -8.713525491562422 -0.8816778784387097 0
      vertex -8.593452941132117 -1.0268206588930329 0
    endloop
  endfacet
  facet normal 0 0 -1
    outer loop
      vertex -8.625236269455893 -1.7730886435542315 0
      vertex -8.456135984623035 -1.155769864163684 0
      vertex -8.303740192468496 -1.2664918882530225 0
    endloop
  endfacet
  facet normal 0 0 -1
    outer loop
      vertex -8.625236269455893 -1.7730886435542315 0
      vertex -8.593452941132117 -1.0268206588930329 0
      vertex -8.456135984623035 -1.155769864163684 0
    endloop
  endfacet
  facet normal 0 0 -1
    outer loop
      vertex -8.838590378472249 -1.6180778098291577 0
      vertex -8.814460020065795 -0.722630511152573 0
      vertex -8.713525491562422 -0.8816778784387097 0
    endloop
  endfacet
  facet normal 0 0 -1
    outer loop
      vertex -9.030834117584964 -1.437548922450246 0
      vertex -9.19893568818739 -1.2343490298141937 0
      vertex -9.19893568818739 1.2343490298141937 0
    endloop
  endfacet
  facet normal 0 0 -1
    outer loop
      vertex -9.030834117584964 -1.437548922450246 0
      vertex -9 0 0
      vertex -8.988172051971716 -0.1879998503464561 0
    endloop
  endfacet
  facet normal 0 0 -1
    outer loop
      vertex -9.030834117584964 -1.437548922450246 0
      vertex -8.988172051971716 -0.1879998503464561 0
      vertex -8.952874741692947 -0.3730348307472823 0
    endloop
  endfacet
  facet normal 0 0 -1
    outer loop
      vertex -8.394136512286652 -1.9001368101786411 0
      vertex -8.303740192468496 -1.2664918882530225 0
      vertex -8.138668937347608 -1.3572405786990294 0
    endloop
  endfacet
  facet normal 0 0 -1
    outer loop
      vertex -7.631860091011559 -2.0958561296993703 0
      vertex -7.405814220706029 -1.4970400926424072 0
      vertex -7.368139908988441 -2.0958561296993703 0
    endloop
  endfacet
  facet normal 0 0 -1
    outer loop
      vertex -7.631860091011559 -2.0958561296993703 0
      vertex -7.594185779293971 -1.4970400926424072 0
      vertex -7.405814220706029 -1.4970400926424072 0
    endloop
  endfacet
  facet normal 0 0 -1
    outer loop
      vertex -7.368139908988441 -2.0958561296993703 0
      vertex -7.405814220706029 -1.4970400926424072 0
      vertex -7.218928028121413 -1.4734308760930328 0
    endloop
  endfacet
  facet normal 0 0 -1
    outer loop
      vertex -7.368139908988441 -2.0958561296993703 0
      vertex -7.218928028121413 -1.4734308760930328 0
      vertex -7.1064992393699775 -2.0628032265302463 0
    endloop
  endfacet
  facet normal 0 0 -1
    outer loop
      vertex -7.1064992393699775 -2.0628032265302463 0
      vertex -7.218928028121413 -1.4734308760930328 0
      vertex -7.036474508437579 -1.4265847744427302 0
    endloop
  endfacet
  facet normal 0 0 -1
    outer loop
      vertex -7.1064992393699775 -2.0628032265302463 0
      vertex -7.036474508437579 -1.4265847744427302 0
      vertex -6.85106431181261 -1.9972186842198225 0
    endloop
  endfacet
  facet normal 0 0 -1
    outer loop
      vertex -6.85106431181261 -1.9972186842198225 0
      vertex -7.036474508437579 -1.4265847744427302 0
      vertex -6.861331062652392 -1.3572405786990294 0
    endloop
  endfacet
  facet normal 0 0 -1
    outer loop
      vertex -6.85106431181261 -1.9972186842198225 0
      vertex -6.696259807531506 -1.266491888253023 0
      vertex -6.605863487713348 -1.9001368101786411 0
    endloop
  endfacet
  facet normal 0 0 -1
    outer loop
      vertex -6.85106431181261 -1.9972186842198225 0
      vertex -6.861331062652392 -1.3572405786990294 0
      vertex -6.696259807531506 -1.266491888253023 0
    endloop
  endfacet
  facet normal 0 0 -1
    outer loop
      vertex -6.605863487713348 -1.9001368101786411 0
      vertex -6.543864015376965 -1.1557698641636835 0
      vertex -6.374763730544108 -1.7730886435542321 0
    endloop
  endfacet
  facet normal 0 0 -1
    outer loop
      vertex -6.605863487713348 -1.9001368101786411 0
      vertex -6.696259807531506 -1.266491888253023 0
      vertex -6.543864015376965 -1.1557698641636835 0
    endloop
  endfacet
  facet normal 0 0 -1
    outer loop
      vertex -6.374763730544108 -1.7730886435542321 0
      vertex -6.543864015376965 -1.1557698641636835 0
      vertex -6.406547058867883 -1.0268206588930329 0
    endloop
  endfacet
  facet normal 0 0 -1
    outer loop
      vertex -6.374763730544108 -1.7730886435542321 0
      vertex -6.406547058867883 -1.0268206588930329 0
      vertex -6.286474508437578 -0.8816778784387097 0
    endloop
  endfacet
  facet normal 0 0 -1
    outer loop
      vertex -6.374763730544108 -1.7730886435542321 0
      vertex -6.286474508437578 -0.8816778784387097 0
      vertex -6.161409621527751 -1.618077809829157 0
    endloop
  endfacet
  facet normal 0 0 -1
    outer loop
      vertex -6.286474508437578 -0.8816778784387097 0
      vertex -6.185539979934205 -0.722630511152573 0
      vertex -6.161409621527751 -1.618077809829157 0
    endloop
  endfacet
  facet normal 0 0 -1
    outer loop
      vertex -6.161409621527751 -1.618077809829157 0
      vertex -6.185539979934205 -0.722630511152573 0
      vertex -6.105335271167624 -0.5521868290270175 0
    endloop
  endfacet
  facet normal 0 0 -1
    outer loop
      vertex -6.161409621527751 -1.618077809829157 0
      vertex -6.105335271167624 -0.5521868290270175 0
      vertex -5.9691658824150355 -1.437548922450246 0
    endloop
  endfacet
  facet normal 0 0 -1
    outer loop
      vertex -5.9691658824150355 -1.437548922450246 0
      vertex -6.105335271167624 -0.5521868290270175 0
      vertex -6.047125258307053 -0.37303483074728166 0
    endloop
  endfacet
  facet normal 0 0 -1
    outer loop
      vertex -5.9691658824150355 -1.437548922450246 0
      vertex -6.047125258307053 -0.37303483074728166 0
      vertex -6.011827948028284 -0.1879998503464561 0
    endloop
  endfacet
  facet normal 0 0 -1
    outer loop
      vertex -5.9691658824150355 -1.437548922450246 0
      vertex -6.011827948028284 -0.1879998503464561 0
      vertex -6 0 0
    endloop
  endfacet
  facet normal 0 0 -1
    outer loop
      vertex -5.9691658824150355 -1.437548922450246 0
      vertex -5.9691658824150355 1.4375489224502465 0
      vertex -5.80106431181261 -1.2343490298141937 0
    endloop
  endfacet
  facet normal 0 0 -1
    outer loop
      vertex -5.80106431181261 -1.2343490298141937 0
      vertex -5.80106431181261 1.2343490298141937 0
      vertex -5.659755971907886 -1.0116827156136023 0
    endloop
  endfacet
  facet normal 0 0 -1
    outer loop
      vertex -5.659755971907886 -1.0116827156136023 0
      vertex -5.659755971907886 1.0116827156136021 0
      vertex -5.547469379634673 -0.7730615606378246 0
    endloop
  endfacet
  facet normal 0 0 -1
    outer loop
      vertex -5.547469379634673 -0.7730615606378246 0
      vertex -5.547469379634672 0.7730615606378238 0
      vertex -5.465975361629875 -0.5222487630461944 0
    endloop
  endfacet
  facet normal 0 0 -1
    outer loop
      vertex -5.465975361629875 -0.5222487630461944 0
      vertex -5.465975361629875 0.522248763046195 0
      vertex -5.416559127239596 -0.26319979048503855 0
    endloop
  endfacet
  facet normal 0.9980267284282717 -0.06279051952931038 0
    outer loop
      vertex -9.583440872760404 0.26319979048503855 0
      vertex -9.6 0 -6
      vertex -9.583440872760404 0.26319979048503855 -6
    endloop
  endfacet
  facet normal 0.9822872507286884 -0.18738131458572635 0
    outer loop
      vertex -9.534024638370125 0.5222487630461952 0
      vertex -9.583440872760404 0.26319979048503855 -6
      vertex -9.534024638370125 0.5222487630461952 -6
    endloop
  endfacet
  facet normal 0.951056516295154 -0.30901699437494623 0
    outer loop
      vertex -9.452530620365328 0.7730615606378235 0
      vertex -9.534024638370125 0.5222487630461952 -6
      vertex -9.452530620365328 0.7730615606378235 -6
    endloop
  endfacet
  facet normal 0.9048270524660197 -0.4257792915650725 0
    outer loop
      vertex -9.340244028092114 1.0116827156136023 0
      vertex -9.452530620365328 0.7730615606378235 -6
      vertex -9.340244028092114 1.0116827156136023 -6
    endloop
  endfacet
  facet normal 0.8443279255020157 -0.5358267949789955 0
    outer loop
      vertex -9.19893568818739 1.2343490298141937 0
      vertex -9.340244028092114 1.0116827156136023 -6
      vertex -9.19893568818739 1.2343490298141937 -6
    endloop
  endfacet
  facet normal 0.7705132427757879 -0.6374239897486912 0
    outer loop
      vertex -9.030834117584964 1.437548922450246 0
      vertex -9.19893568818739 1.2343490298141937 -6
      vertex -9.030834117584964 1.437548922450246 -6
    endloop
  endfacet
  facet normal 0.6845471059286905 -0.7289686274214098 0
    outer loop
      vertex -9.030834117584964 1.437548922450246 0
      vertex -9.030834117584964 1.437548922450246 -6
      vertex -8.838590378472249 1.6180778098291577 -6
    endloop
  endfacet
  facet normal 0.5877852522924712 -0.8090169943749487 0
    outer loop
      vertex -8.838590378472249 1.6180778098291577 0
      vertex -8.838590378472249 1.6180778098291577 -6
      vertex -8.625236269455893 1.7730886435542315 -6
    endloop
  endfacet
  facet normal 0.4817536741017166 -0.8763066800438629 0
    outer loop
      vertex -8.625236269455893 1.7730886435542315 0
      vertex -8.625236269455893 1.7730886435542315 -6
      vertex -8.394136512286654 1.900136810178641 -6
    endloop
  endfacet
  facet normal 0.36812455268467703 -0.9297764858882518 0
    outer loop
      vertex -8.394136512286654 1.900136810178641 0
      vertex -8.394136512286654 1.900136810178641 -6
      vertex -8.14893568818739 1.9972186842198225 -6
    endloop
  endfacet
  facet normal 0.24868988716485485 -0.9685831611286312 0
    outer loop
      vertex -8.14893568818739 1.9972186842198225 0
      vertex -8.14893568818739 1.9972186842198225 -6
      vertex -7.893500760630022 2.0628032265302463 -6
    endloop
  endfacet
  facet normal 0.1253332335643041 -0.9921147013144779 0
    outer loop
      vertex -7.893500760630022 2.0628032265302463 0
      vertex -7.893500760630022 2.0628032265302463 -6
      vertex -7.631860091011558 2.0958561296993703 -6
    endloop
  endfacet
  facet normal 0 -1 0
    outer loop
      vertex -7.631860091011558 2.0958561296993703 0
      vertex -7.631860091011558 2.0958561296993703 -6
      vertex -7.368139908988442 2.0958561296993703 -6
    endloop
  endfacet
  facet normal -0.1253332335643041 -0.9921147013144779 0
    outer loop
      vertex -7.368139908988442 2.0958561296993703 0
      vertex -7.368139908988442 2.0958561296993703 -6
      vertex -7.106499239369978 2.0628032265302463 -6
    endloop
  endfacet
  facet normal -0.24868988716485485 -0.9685831611286312 0
    outer loop
      vertex -7.106499239369978 2.0628032265302463 0
      vertex -7.106499239369978 2.0628032265302463 -6
      vertex -6.85106431181261 1.9972186842198225 -6
    endloop
  endfacet
  facet normal -0.48175367410171444 -0.8763066800438639 0
    outer loop
      vertex -6.605863487713347 1.900136810178641 0
      vertex -6.605863487713347 1.900136810178641 -6
      vertex -6.374763730544107 1.7730886435542317 -6
    endloop
  endfacet
  facet normal -0.3681245526846782 -0.9297764858882513 0
    outer loop
      vertex -6.85106431181261 1.9972186842198225 0
      vertex -6.85106431181261 1.9972186842198225 -6
      vertex -6.605863487713347 1.900136810178641 -6
    endloop
  endfacet
  facet normal -0.587785252292473 -0.8090169943749476 0
    outer loop
      vertex -6.374763730544107 1.7730886435542317 0
      vertex -6.374763730544107 1.7730886435542317 -6
      vertex -6.161409621527751 1.6180778098291573 -6
    endloop
  endfacet
  facet normal -0.9980267284282717 -0.06279051952931029 0
    outer loop
      vertex -5.4 0 0
      vertex -5.416559127239596 0.26319979048503894 -6
      vertex -5.4 0 -6
    endloop
  endfacet
  facet normal -0.9822872507286884 -0.18738131458572668 0
    outer loop
      vertex -5.416559127239596 0.26319979048503894 0
      vertex -5.465975361629875 0.522248763046195 -6
      vertex -5.416559127239596 0.26319979048503894 -6
    endloop
  endfacet
  facet normal -0.9510565162951541 -0.3090169943749457 0
    outer loop
      vertex -5.465975361629875 0.522248763046195 0
      vertex -5.547469379634672 0.7730615606378238 -6
      vertex -5.465975361629875 0.522248763046195 -6
    endloop
  endfacet
  facet normal -0.7705132427757886 -0.6374239897486904 0
    outer loop
      vertex -5.80106431181261 1.2343490298141937 0
      vertex -5.9691658824150355 1.4375489224502465 -6
      vertex -5.80106431181261 1.2343490298141937 -6
    endloop
  endfacet
  facet normal -0.9048270524660194 -0.4257792915650733 0
    outer loop
      vertex -5.547469379634672 0.7730615606378238 0
      vertex -5.659755971907886 1.0116827156136021 -6
      vertex -5.547469379634672 0.7730615606378238 -6
    endloop
  endfacet
  facet normal -0.8443279255020161 -0.5358267949789952 0
    outer loop
      vertex -5.659755971907886 1.0116827156136021 0
      vertex -5.80106431181261 1.2343490298141937 -6
      vertex -5.659755971907886 1.0116827156136021 -6
    endloop
  endfacet
  facet normal -0.6845471059286887 -0.7289686274214116 0
    outer loop
      vertex -6.161409621527751 1.6180778098291573 0
      vertex -6.161409621527751 1.6180778098291573 -6
      vertex -5.9691658824150355 1.4375489224502465 -6
    endloop
  endfacet
  facet normal 0.9980267284282717 -0.06279051952931038 0
    outer loop
      vertex -9.6 0 0
      vertex -9.6 0 -6
      vertex -9.583440872760404 0.26319979048503855 0
    endloop
  endfacet
  facet normal 0.9822872507286884 -0.18738131458572635 0
    outer loop
      vertex -9.583440872760404 0.26319979048503855 0
      vertex -9.583440872760404 0.26319979048503855 -6
      vertex -9.534024638370125 0.5222487630461952 0
    endloop
  endfacet
  facet normal 0.951056516295154 -0.30901699437494623 0
    outer loop
      vertex -9.534024638370125 0.5222487630461952 0
      vertex -9.534024638370125 0.5222487630461952 -6
      vertex -9.452530620365328 0.7730615606378235 0
    endloop
  endfacet
  facet normal 0.9048270524660197 -0.4257792915650725 0
    outer loop
      vertex -9.452530620365328 0.7730615606378235 0
      vertex -9.452530620365328 0.7730615606378235 -6
      vertex -9.340244028092114 1.0116827156136023 0
    endloop
  endfacet
  facet normal 0.8443279255020157 -0.5358267949789955 0
    outer loop
      vertex -9.340244028092114 1.0116827156136023 0
      vertex -9.340244028092114 1.0116827156136023 -6
      vertex -9.19893568818739 1.2343490298141937 0
    endloop
  endfacet
  facet normal 0.7705132427757879 -0.6374239897486912 0
    outer loop
      vertex -9.19893568818739 1.2343490298141937 0
      vertex -9.19893568818739 1.2343490298141937 -6
      vertex -9.030834117584964 1.437548922450246 0
    endloop
  endfacet
  facet normal 0.6845471059286905 -0.7289686274214098 0
    outer loop
      vertex -9.030834117584964 1.437548922450246 0
      vertex -8.838590378472249 1.6180778098291577 -6
      vertex -8.838590378472249 1.6180778098291577 0
    endloop
  endfacet
  facet normal 0.5877852522924712 -0.8090169943749487 0
    outer loop
      vertex -8.838590378472249 1.6180778098291577 0
      vertex -8.625236269455893 1.7730886435542315 -6
      vertex -8.625236269455893 1.7730886435542315 0
    endloop
  endfacet
  facet normal 0.4817536741017166 -0.8763066800438629 0
    outer loop
      vertex -8.625236269455893 1.7730886435542315 0
      vertex -8.394136512286654 1.900136810178641 -6
      vertex -8.394136512286654 1.900136810178641 0
    endloop
  endfacet
  facet normal 0.36812455268467703 -0.9297764858882518 0
    outer loop
      vertex -8.394136512286654 1.900136810178641 0
      vertex -8.14893568818739 1.9972186842198225 -6
      vertex -8.14893568818739 1.9972186842198225 0
    endloop
  endfacet
  facet normal 0.24868988716485485 -0.9685831611286312 0
    outer loop
      vertex -8.14893568818739 1.9972186842198225 0
      vertex -7.893500760630022 2.0628032265302463 -6
      vertex -7.893500760630022 2.0628032265302463 0
    endloop
  endfacet
  facet normal 0.1253332335643041 -0.9921147013144779 0
    outer loop
      vertex -7.893500760630022 2.0628032265302463 0
      vertex -7.631860091011558 2.0958561296993703 -6
      vertex -7.631860091011558 2.0958561296993703 0
    endloop
  endfacet
  facet normal 0 -1 0
    outer loop
      vertex -7.631860091011558 2.0958561296993703 0
      vertex -7.368139908988442 2.0958561296993703 -6
      vertex -7.368139908988442 2.0958561296993703 0
    endloop
  endfacet
  facet normal -0.1253332335643041 -0.9921147013144779 0
    outer loop
      vertex -7.368139908988442 2.0958561296993703 0
      vertex -7.106499239369978 2.0628032265302463 -6
      vertex -7.106499239369978 2.0628032265302463 0
    endloop
  endfacet
  facet normal -0.24868988716485485 -0.9685831611286312 0
    outer loop
      vertex -6.85106431181261 1.9972186842198225 0
      vertex -7.106499239369978 2.0628032265302463 0
      vertex -6.85106431181261 1.9972186842198225 -6
    endloop
  endfacet
  facet normal -0.3681245526846782 -0.9297764858882513 0
    outer loop
      vertex -6.85106431181261 1.9972186842198225 0
      vertex -6.605863487713347 1.900136810178641 -6
      vertex -6.605863487713347 1.900136810178641 0
    endloop
  endfacet
  facet normal -0.48175367410171444 -0.8763066800438639 0
    outer loop
      vertex -6.605863487713347 1.900136810178641 0
      vertex -6.374763730544107 1.7730886435542317 -6
      vertex -6.374763730544107 1.7730886435542317 0
    endloop
  endfacet
  facet normal -0.587785252292473 -0.8090169943749476 0
    outer loop
      vertex -6.374763730544107 1.7730886435542317 0
      vertex -6.161409621527751 1.6180778098291573 -6
      vertex -6.161409621527751 1.6180778098291573 0
    endloop
  endfacet
  facet normal -0.9980267284282717 -0.06279051952931029 0
    outer loop
      vertex -5.416559127239596 0.26319979048503894 0
      vertex -5.416559127239596 0.26319979048503894 -6
      vertex -5.4 0 0
    endloop
  endfacet
  facet normal -0.9822872507286884 -0.18738131458572668 0
    outer loop
      vertex -5.416559127239596 0.26319979048503894 0
      vertex -5.465975361629875 0.522248763046195 0
      vertex -5.465975361629875 0.522248763046195 -6
    endloop
  endfacet
  facet normal -0.9510565162951541 -0.3090169943749457 0
    outer loop
      vertex -5.547469379634672 0.7730615606378238 0
      vertex -5.547469379634672 0.7730615606378238 -6
      vertex -5.465975361629875 0.522248763046195 0
    endloop
  endfacet
  facet normal -0.6845471059286887 -0.7289686274214116 0
    outer loop
      vertex -5.9691658824150355 1.4375489224502465 0
      vertex -6.161409621527751 1.6180778098291573 0
      vertex -5.9691658824150355 1.4375489224502465 -6
    endloop
  endfacet
  facet normal -0.8443279255020161 -0.5358267949789952 0
    outer loop
      vertex -5.659755971907886 1.0116827156136021 0
      vertex -5.80106431181261 1.2343490298141937 0
      vertex -5.80106431181261 1.2343490298141937 -6
    endloop
  endfacet
  facet normal -0.7705132427757886 -0.6374239897486904 0
    outer loop
      vertex -5.9691658824150355 1.4375489224502465 0
      vertex -5.9691658824150355 1.4375489224502465 -6
      vertex -5.80106431181261 1.2343490298141937 0
    endloop
  endfacet
  facet normal -0.9048270524660194 -0.4257792915650733 0
    outer loop
      vertex -5.547469379634672 0.7730615606378238 0
      vertex -5.659755971907886 1.0116827156136021 0
      vertex -5.659755971907886 1.0116827156136021 -6
    endloop
  endfacet
  facet normal 0 0 -1
    outer loop
      vertex -9.583440872760404 -0.26319979048503855 0
      vertex -9.6 0 0
      vertex -9.583440872760404 0.26319979048503855 0
    endloop
  endfacet
  facet normal 0 0 -1
    outer loop
      vertex -9.534024638370125 -0.5222487630461952 0
      vertex -9.583440872760404 0.26319979048503855 0
      vertex -9.534024638370125 0.5222487630461952 0
    endloop
  endfacet
  facet normal 0 0 -1
    outer loop
      vertex -9.452530620365328 -0.7730615606378235 0
      vertex -9.534024638370125 0.5222487630461952 0
      vertex -9.452530620365328 0.7730615606378235 0
    endloop
  endfacet
  facet normal 0 0 -1
    outer loop
      vertex -9.340244028092114 -1.0116827156136023 0
      vertex -9.452530620365328 0.7730615606378235 0
      vertex -9.340244028092114 1.0116827156136023 0
    endloop
  endfacet
  facet normal 0 0 -1
    outer loop
      vertex -9.19893568818739 -1.2343490298141937 0
      vertex -9.340244028092114 1.0116827156136023 0
      vertex -9.19893568818739 1.2343490298141937 0
    endloop
  endfacet
  facet normal 0 0 -1
    outer loop
      vertex -9.030834117584964 -1.437548922450246 0
      vertex -9.030834117584964 1.437548922450246 0
      vertex -9 0 0
    endloop
  endfacet
  facet normal 0 0 -1
    outer loop
      vertex -9.030834117584964 -1.437548922450246 0
      vertex -9.19893568818739 1.2343490298141937 0
      vertex -9.030834117584964 1.437548922450246 0
    endloop
  endfacet
  facet normal 0 0 -1
    outer loop
      vertex -9 0 0
      vertex -9.030834117584964 1.437548922450246 0
      vertex -8.988172051971716 0.1879998503464561 0
    endloop
  endfacet
  facet normal 0 0 -1
    outer loop
      vertex -8.988172051971716 0.1879998503464561 0
      vertex -9.030834117584964 1.437548922450246 0
      vertex -8.952874741692947 0.3730348307472823 0
    endloop
  endfacet
  facet normal 0 0 -1
    outer loop
      vertex -8.952874741692947 0.3730348307472823 0
      vertex -9.030834117584964 1.437548922450246 0
      vertex -8.894664728832378 0.5521868290270168 0
    endloop
  endfacet
  facet normal 0 0 -1
    outer loop
      vertex -8.894664728832378 0.5521868290270168 0
      vertex -8.838590378472249 1.6180778098291577 0
      vertex -8.814460020065795 0.722630511152573 0
    endloop
  endfacet
  facet normal 0 0 -1
    outer loop
      vertex -8.894664728832378 0.5521868290270168 0
      vertex -9.030834117584964 1.437548922450246 0
      vertex -8.838590378472249 1.6180778098291577 0
    endloop
  endfacet
  facet normal 0 0 -1
    outer loop
      vertex -8.814460020065795 0.722630511152573 0
      vertex -8.838590378472249 1.6180778098291577 0
      vertex -8.713525491562422 0.8816778784387097 0
    endloop
  endfacet
  facet normal 0 0 -1
    outer loop
      vertex -8.713525491562422 0.8816778784387097 0
      vertex -8.625236269455893 1.7730886435542315 0
      vertex -8.593452941132117 1.0268206588930329 0
    endloop
  endfacet
  facet normal 0 0 -1
    outer loop
      vertex -8.713525491562422 0.8816778784387097 0
      vertex -8.838590378472249 1.6180778098291577 0
      vertex -8.625236269455893 1.7730886435542315 0
    endloop
  endfacet
  facet normal 0 0 -1
    outer loop
      vertex -8.593452941132117 1.0268206588930329 0
      vertex -8.625236269455893 1.7730886435542315 0
      vertex -8.456135984623035 1.155769864163684 0
    endloop
  endfacet
  facet normal 0 0 -1
    outer loop
      vertex -8.456135984623035 1.155769864163684 0
      vertex -8.394136512286654 1.900136810178641 0
      vertex -8.303740192468496 1.2664918882530225 0
    endloop
  endfacet
  facet normal 0 0 -1
    outer loop
      vertex -8.456135984623035 1.155769864163684 0
      vertex -8.625236269455893 1.7730886435542315 0
      vertex -8.394136512286654 1.900136810178641 0
    endloop
  endfacet
  facet normal 0 0 -1
    outer loop
      vertex -8.303740192468496 1.2664918882530225 0
      vertex -8.394136512286654 1.900136810178641 0
      vertex -8.14893568818739 1.9972186842198225 0
    endloop
  endfacet
  facet normal 0 0 -1
    outer loop
      vertex -8.303740192468496 1.2664918882530225 0
      vertex -8.14893568818739 1.9972186842198225 0
      vertex -8.138668937347608 1.3572405786990291 0
    endloop
  endfacet
  facet normal 0 0 -1
    outer loop
      vertex -8.138668937347608 1.3572405786990291 0
      vertex -8.14893568818739 1.9972186842198225 0
      vertex -7.963525491562421 1.4265847744427302 0
    endloop
  endfacet
  facet normal 0 0 -1
    outer loop
      vertex -7.963525491562421 1.4265847744427302 0
      vertex -7.893500760630022 2.0628032265302463 0
      vertex -7.781071971878587 1.473430876093033 0
    endloop
  endfacet
  facet normal 0 0 -1
    outer loop
      vertex -7.963525491562421 1.4265847744427302 0
      vertex -8.14893568818739 1.9972186842198225 0
      vertex -7.893500760630022 2.0628032265302463 0
    endloop
  endfacet
  facet normal 0 0 -1
    outer loop
      vertex -7.781071971878587 1.473430876093033 0
      vertex -7.631860091011558 2.0958561296993703 0
      vertex -7.59418577929397 1.4970400926424072 0
    endloop
  endfacet
  facet normal 0 0 -1
    outer loop
      vertex -7.781071971878587 1.473430876093033 0
      vertex -7.893500760630022 2.0628032265302463 0
      vertex -7.631860091011558 2.0958561296993703 0
    endloop
  endfacet
  facet normal 0 0 -1
    outer loop
      vertex -6.861331062652391 1.3572405786990291 0
      vertex -6.605863487713347 1.900136810178641 0
      vertex -6.696259807531505 1.2664918882530225 0
    endloop
  endfacet
  facet normal 0 0 -1
    outer loop
      vertex -6.696259807531505 1.2664918882530225 0
      vertex -6.374763730544107 1.7730886435542317 0
      vertex -6.543864015376966 1.1557698641636838 0
    endloop
  endfacet
  facet normal 0 0 -1
    outer loop
      vertex -6.105335271167623 0.552186829027017 0
      vertex -6.185539979934204 0.722630511152573 0
      vertex -6.161409621527751 1.6180778098291573 0
    endloop
  endfacet
  facet normal 0 0 -1
    outer loop
      vertex -6.286474508437578 0.8816778784387097 0
      vertex -6.161409621527751 1.6180778098291573 0
      vertex -6.185539979934204 0.722630511152573 0
    endloop
  endfacet
  facet normal 0 0 -1
    outer loop
      vertex -6.406547058867883 1.026820658893033 0
      vertex -6.543864015376966 1.1557698641636838 0
      vertex -6.374763730544107 1.7730886435542317 0
    endloop
  endfacet
  facet normal 0 0 -1
    outer loop
      vertex -6.406547058867883 1.026820658893033 0
      vertex -6.161409621527751 1.6180778098291573 0
      vertex -6.286474508437578 0.8816778784387097 0
    endloop
  endfacet
  facet normal 0 0 -1
    outer loop
      vertex -6.406547058867883 1.026820658893033 0
      vertex -6.374763730544107 1.7730886435542317 0
      vertex -6.161409621527751 1.6180778098291573 0
    endloop
  endfacet
  facet normal 0 0 -1
    outer loop
      vertex -7.59418577929397 1.4970400926424072 0
      vertex -7.631860091011558 2.0958561296993703 0
      vertex -7.368139908988442 2.0958561296993703 0
    endloop
  endfacet
  facet normal 0 0 -1
    outer loop
      vertex -7.59418577929397 1.4970400926424072 0
      vertex -7.368139908988442 2.0958561296993703 0
      vertex -7.40581422070603 1.4970400926424072 0
    endloop
  endfacet
  facet normal 0 0 -1
    outer loop
      vertex -7.40581422070603 1.4970400926424072 0
      vertex -7.368139908988442 2.0958561296993703 0
      vertex -7.106499239369978 2.0628032265302463 0
    endloop
  endfacet
  facet normal 0 0 -1
    outer loop
      vertex -7.40581422070603 1.4970400926424072 0
      vertex -7.106499239369978 2.0628032265302463 0
      vertex -7.218928028121413 1.473430876093033 0
    endloop
  endfacet
  facet normal 0 0 -1
    outer loop
      vertex -7.218928028121413 1.473430876093033 0
      vertex -6.85106431181261 1.9972186842198225 0
      vertex -7.036474508437579 1.4265847744427302 0
    endloop
  endfacet
  facet normal 0 0 -1
    outer loop
      vertex -7.036474508437579 1.4265847744427302 0
      vertex -6.85106431181261 1.9972186842198225 0
      vertex -6.861331062652391 1.3572405786990291 0
    endloop
  endfacet
  facet normal 0 0 -1
    outer loop
      vertex -7.218928028121413 1.473430876093033 0
      vertex -7.106499239369978 2.0628032265302463 0
      vertex -6.85106431181261 1.9972186842198225 0
    endloop
  endfacet
  facet normal 0 0 -1
    outer loop
      vertex -6.861331062652391 1.3572405786990291 0
      vertex -6.85106431181261 1.9972186842198225 0
      vertex -6.605863487713347 1.900136810178641 0
    endloop
  endfacet
  facet normal 0 0 -1
    outer loop
      vertex -6.696259807531505 1.2664918882530225 0
      vertex -6.605863487713347 1.900136810178641 0
      vertex -6.374763730544107 1.7730886435542317 0
    endloop
  endfacet
  facet normal 0 0 -1
    outer loop
      vertex -5.9691658824150355 -1.437548922450246 0
      vertex -6 0 0
      vertex -5.9691658824150355 1.4375489224502465 0
    endloop
  endfacet
  facet normal 0 0 -1
    outer loop
      vertex -6 0 0
      vertex -6.011827948028284 0.1879998503464564 0
      vertex -5.9691658824150355 1.4375489224502465 0
    endloop
  endfacet
  facet normal 0 0 -1
    outer loop
      vertex -6.011827948028284 0.1879998503464564 0
      vertex -6.047125258307053 0.37303483074728216 0
      vertex -5.9691658824150355 1.4375489224502465 0
    endloop
  endfacet
  facet normal 0 0 -1
    outer loop
      vertex -5.80106431181261 -1.2343490298141937 0
      vertex -5.9691658824150355 1.4375489224502465 0
      vertex -5.80106431181261 1.2343490298141937 0
    endloop
  endfacet
  facet normal 0 0 -1
    outer loop
      vertex -5.547469379634673 -0.7730615606378246 0
      vertex -5.659755971907886 1.0116827156136021 0
      vertex -5.547469379634672 0.7730615606378238 0
    endloop
  endfacet
  facet normal 0 0 -1
    outer loop
      vertex -5.416559127239596 -0.26319979048503855 0
      vertex -5.416559127239596 0.26319979048503894 0
      vertex -5.4 0 0
    endloop
  endfacet
  facet normal 0 0 -1
    outer loop
      vertex -5.416559127239596 -0.26319979048503855 0
      vertex -5.465975361629875 0.522248763046195 0
      vertex -5.416559127239596 0.26319979048503894 0
    endloop
  endfacet
  facet normal 0 0 -1
    outer loop
      vertex -5.465975361629875 -0.5222487630461944 0
      vertex -5.547469379634672 0.7730615606378238 0
      vertex -5.465975361629875 0.522248763046195 0
    endloop
  endfacet
  facet normal 0 0 -1
    outer loop
      vertex -5.659755971907886 -1.0116827156136023 0
      vertex -5.80106431181261 1.2343490298141937 0
      vertex -5.659755971907886 1.0116827156136021 0
    endloop
  endfacet
  facet normal 0 0 -1
    outer loop
      vertex -6.047125258307053 0.37303483074728216 0
      vertex -6.105335271167623 0.552186829027017 0
      vertex -5.9691658824150355 1.4375489224502465 0
    endloop
  endfacet
  facet normal 0 0 -1
    outer loop
      vertex -6.105335271167623 0.552186829027017 0
      vertex -6.161409621527751 1.6180778098291573 0
      vertex -5.9691658824150355 1.4375489224502465 0
    endloop
  endfacet
  facet normal 0.8443279255020175 0.5358267949789927 0
    outer loop
      vertex -8.814460020065795 -0.722630511152573 0
      vertex -8.814460020065795 -0.722630511152573 6
      vertex -8.713525491562422 -0.8816778784387097 0
    endloop
  endfacet
  facet normal 0.7705132427757874 0.6374239897486919 0
    outer loop
      vertex -8.713525491562422 -0.8816778784387097 0
      vertex -8.713525491562422 -0.8816778784387097 6
      vertex -8.593452941132117 -1.0268206588930329 0
    endloop
  endfacet
  facet normal 0.6845471059286916 0.7289686274214088 0
    outer loop
      vertex -8.456135984623035 -1.155769864163684 0
      vertex -8.593452941132117 -1.0268206588930329 0
      vertex -8.593452941132117 -1.0268206588930329 6
    endloop
  endfacet
  facet normal 0.9048270524660164 0.42577929156507915 0
    outer loop
      vertex -8.894664728832378 -0.5521868290270168 0
      vertex -8.894664728832378 -0.5521868290270168 6
      vertex -8.814460020065795 -0.722630511152573 0
    endloop
  endfacet
  facet normal 0.9510565162951552 0.3090169943749426 0
    outer loop
      vertex -8.894664728832378 -0.5521868290270168 0
      vertex -8.952874741692947 -0.3730348307472823 0
      vertex -8.952874741692947 -0.3730348307472823 6
    endloop
  endfacet
  facet normal 0.9822872507286889 0.1873813145857224 0
    outer loop
      vertex -8.952874741692947 -0.3730348307472823 0
      vertex -8.988172051971716 -0.1879998503464561 0
      vertex -8.988172051971716 -0.1879998503464561 6
    endloop
  endfacet
  facet normal 0.9980267284282716 0.06279051952931576 0
    outer loop
      vertex -8.988172051971716 -0.1879998503464561 0
      vertex -9 0 0
      vertex -9 0 6
    endloop
  endfacet
  facet normal 0.5877852522924724 0.8090169943749479 0
    outer loop
      vertex -8.456135984623035 -1.155769864163684 0
      vertex -8.456135984623035 -1.155769864163684 6
      vertex -8.303740192468496 -1.2664918882530225 0
    endloop
  endfacet
  facet normal 0.4817536741017131 0.8763066800438648 0
    outer loop
      vertex -8.303740192468496 -1.2664918882530225 0
      vertex -8.303740192468496 -1.2664918882530225 6
      vertex -8.138668937347608 -1.3572405786990294 0
    endloop
  endfacet
  facet normal 0.3681245526846773 0.9297764858882517 0
    outer loop
      vertex -8.138668937347608 -1.3572405786990294 0
      vertex -8.138668937347608 -1.3572405786990294 6
      vertex -7.963525491562421 -1.4265847744427302 0
    endloop
  endfacet
  facet normal 0.2486898871648552 0.9685831611286311 0
    outer loop
      vertex -7.963525491562421 -1.4265847744427302 0
      vertex -7.963525491562421 -1.4265847744427302 6
      vertex -7.781071971878587 -1.4734308760930328 0
    endloop
  endfacet
  facet normal 0.12533323356430526 0.9921147013144777 0
    outer loop
      vertex -7.781071971878587 -1.4734308760930328 0
      vertex -7.781071971878587 -1.4734308760930328 6
      vertex -7.594185779293971 -1.4970400926424072 0
    endloop
  endfacet
  facet normal 0 1 0
    outer loop
      vertex -7.594185779293971 -1.4970400926424072 0
      vertex -7.594185779293971 -1.4970400926424072 6
      vertex -7.405814220706029 -1.4970400926424072 0
    endloop
  endfacet
  facet normal -0.12533323356430526 0.9921147013144777 0
    outer loop
      vertex -7.405814220706029 -1.4970400926424072 0
      vertex -7.405814220706029 -1.4970400926424072 6
      vertex -7.218928028121413 -1.4734308760930328 0
    endloop
  endfacet
  facet normal -0.2486898871648552 0.9685831611286311 0
    outer loop
      vertex -7.218928028121413 -1.4734308760930328 0
      vertex -7.218928028121413 -1.4734308760930328 6
      vertex -7.036474508437579 -1.4265847744427302 0
    endloop
  endfacet
  facet normal -0.3681245526846773 0.9297764858882517 0
    outer loop
      vertex -7.036474508437579 -1.4265847744427302 0
      vertex -7.036474508437579 -1.4265847744427302 6
      vertex -6.861331062652392 -1.3572405786990294 0
    endloop
  endfacet
  facet normal -0.48175367410171527 0.8763066800438636 0
    outer loop
      vertex -6.861331062652392 -1.3572405786990294 0
      vertex -6.861331062652392 -1.3572405786990294 6
      vertex -6.696259807531506 -1.266491888253023 0
    endloop
  endfacet
  facet normal -0.5877852522924709 0.809016994374949 0
    outer loop
      vertex -6.696259807531506 -1.266491888253023 0
      vertex -6.696259807531506 -1.266491888253023 6
      vertex -6.543864015376965 -1.1557698641636835 0
    endloop
  endfacet
  facet normal -0.6845471059286903 0.72896862742141 0
    outer loop
      vertex -6.543864015376965 -1.1557698641636835 0
      vertex -6.543864015376965 -1.1557698641636835 6
      vertex -6.406547058867883 -1.0268206588930329 0
    endloop
  endfacet
  facet normal -0.7705132427757874 0.6374239897486919 0
    outer loop
      vertex -6.406547058867883 -1.0268206588930329 0
      vertex -6.406547058867883 -1.0268206588930329 6
      vertex -6.286474508437578 -0.8816778784387097 0
    endloop
  endfacet
  facet normal -0.8443279255020175 0.5358267949789927 0
    outer loop
      vertex -6.286474508437578 -0.8816778784387097 0
      vertex -6.286474508437578 -0.8816778784387097 6
      vertex -6.185539979934205 -0.722630511152573 0
    endloop
  endfacet
  facet normal -0.9048270524660194 0.42577929156507305 0
    outer loop
      vertex -6.185539979934205 -0.722630511152573 0
      vertex -6.185539979934205 -0.722630511152573 6
      vertex -6.105335271167624 -0.5521868290270175 0
    endloop
  endfacet
  facet normal -0.9510565162951532 0.30901699437494895 0
    outer loop
      vertex -6.105335271167624 -0.5521868290270175 0
      vertex -6.105335271167624 -0.5521868290270175 6
      vertex -6.047125258307053 -0.37303483074728166 0
    endloop
  endfacet
  facet normal -0.9822872507286889 0.187381314585723 0
    outer loop
      vertex -6.047125258307053 -0.37303483074728166 0
      vertex -6.047125258307053 -0.37303483074728166 6
      vertex -6.011827948028284 -0.1879998503464561 0
    endloop
  endfacet
  facet normal -0.9980267284282716 0.06279051952931576 0
    outer loop
      vertex -6.011827948028284 -0.1879998503464561 0
      vertex -6.011827948028284 -0.1879998503464561 6
      vertex -6 0 0
    endloop
  endfacet
  facet normal 0.7705132427757874 0.6374239897486919 0
    outer loop
      vertex -8.593452941132117 -1.0268206588930329 0
      vertex -8.713525491562422 -0.8816778784387097 6
      vertex -8.593452941132117 -1.0268206588930329 6
    endloop
  endfacet
  facet normal 0.8443279255020175 0.5358267949789927 0
    outer loop
      vertex -8.713525491562422 -0.8816778784387097 0
      vertex -8.814460020065795 -0.722630511152573 6
      vertex -8.713525491562422 -0.8816778784387097 6
    endloop
  endfacet
  facet normal 0.6845471059286916 0.7289686274214088 0
    outer loop
      vertex -8.456135984623035 -1.155769864163684 0
      vertex -8.593452941132117 -1.0268206588930329 6
      vertex -8.456135984623035 -1.155769864163684 6
    endloop
  endfacet
  facet normal 0.9048270524660164 0.42577929156507915 0
    outer loop
      vertex -8.814460020065795 -0.722630511152573 0
      vertex -8.894664728832378 -0.5521868290270168 6
      vertex -8.814460020065795 -0.722630511152573 6
    endloop
  endfacet
  facet normal 0.9510565162951552 0.3090169943749426 0
    outer loop
      vertex -8.894664728832378 -0.5521868290270168 0
      vertex -8.952874741692947 -0.3730348307472823 6
      vertex -8.894664728832378 -0.5521868290270168 6
    endloop
  endfacet
  facet normal 0.9822872507286889 0.1873813145857224 0
    outer loop
      vertex -8.952874741692947 -0.3730348307472823 0
      vertex -8.988172051971716 -0.1879998503464561 6
      vertex -8.952874741692947 -0.3730348307472823 6
    endloop
  endfacet
  facet normal 0.9980267284282716 0.06279051952931576 0
    outer loop
      vertex -8.988172051971716 -0.1879998503464561 0
      vertex -9 0 6
      vertex -8.988172051971716 -0.1879998503464561 6
    endloop
  endfacet
  facet normal 0.5877852522924724 0.8090169943749479 0
    outer loop
      vertex -8.303740192468496 -1.2664918882530225 0
      vertex -8.456135984623035 -1.155769864163684 6
      vertex -8.303740192468496 -1.2664918882530225 6
    endloop
  endfacet
  facet normal 0.4817536741017131 0.8763066800438648 0
    outer loop
      vertex -8.138668937347608 -1.3572405786990294 0
      vertex -8.303740192468496 -1.2664918882530225 6
      vertex -8.138668937347608 -1.3572405786990294 6
    endloop
  endfacet
  facet normal 0.3681245526846773 0.9297764858882517 0
    outer loop
      vertex -7.963525491562421 -1.4265847744427302 0
      vertex -8.138668937347608 -1.3572405786990294 6
      vertex -7.963525491562421 -1.4265847744427302 6
    endloop
  endfacet
  facet normal 0.2486898871648552 0.9685831611286311 0
    outer loop
      vertex -7.781071971878587 -1.4734308760930328 0
      vertex -7.963525491562421 -1.4265847744427302 6
      vertex -7.781071971878587 -1.4734308760930328 6
    endloop
  endfacet
  facet normal 0.12533323356430526 0.9921147013144777 0
    outer loop
      vertex -7.594185779293971 -1.4970400926424072 0
      vertex -7.781071971878587 -1.4734308760930328 6
      vertex -7.594185779293971 -1.4970400926424072 6
    endloop
  endfacet
  facet normal 0 1 0
    outer loop
      vertex -7.405814220706029 -1.4970400926424072 0
      vertex -7.594185779293971 -1.4970400926424072 6
      vertex -7.405814220706029 -1.4970400926424072 6
    endloop
  endfacet
  facet normal -0.12533323356430526 0.9921147013144777 0
    outer loop
      vertex -7.218928028121413 -1.4734308760930328 0
      vertex -7.405814220706029 -1.4970400926424072 6
      vertex -7.218928028121413 -1.4734308760930328 6
    endloop
  endfacet
  facet normal -0.2486898871648552 0.9685831611286311 0
    outer loop
      vertex -7.036474508437579 -1.4265847744427302 0
      vertex -7.218928028121413 -1.4734308760930328 6
      vertex -7.036474508437579 -1.4265847744427302 6
    endloop
  endfacet
  facet normal -0.3681245526846773 0.9297764858882517 0
    outer loop
      vertex -6.861331062652392 -1.3572405786990294 0
      vertex -7.036474508437579 -1.4265847744427302 6
      vertex -6.861331062652392 -1.3572405786990294 6
    endloop
  endfacet
  facet normal -0.48175367410171527 0.8763066800438636 0
    outer loop
      vertex -6.696259807531506 -1.266491888253023 0
      vertex -6.861331062652392 -1.3572405786990294 6
      vertex -6.696259807531506 -1.266491888253023 6
    endloop
  endfacet
  facet normal -0.5877852522924709 0.809016994374949 0
    outer loop
      vertex -6.543864015376965 -1.1557698641636835 0
      vertex -6.696259807531506 -1.266491888253023 6
      vertex -6.543864015376965 -1.1557698641636835 6
    endloop
  endfacet
  facet normal -0.6845471059286903 0.72896862742141 0
    outer loop
      vertex -6.406547058867883 -1.0268206588930329 0
      vertex -6.543864015376965 -1.1557698641636835 6
      vertex -6.406547058867883 -1.0268206588930329 6
    endloop
  endfacet
  facet normal -0.7705132427757874 0.6374239897486919 0
    outer loop
      vertex -6.286474508437578 -0.8816778784387097 0
      vertex -6.406547058867883 -1.0268206588930329 6
      vertex -6.286474508437578 -0.8816778784387097 6
    endloop
  endfacet
  facet normal -0.8443279255020175 0.5358267949789927 0
    outer loop
      vertex -6.185539979934205 -0.722630511152573 0
      vertex -6.286474508437578 -0.8816778784387097 6
      vertex -6.185539979934205 -0.722630511152573 6
    endloop
  endfacet
  facet normal -0.9048270524660194 0.42577929156507305 0
    outer loop
      vertex -6.105335271167624 -0.5521868290270175 0
      vertex -6.185539979934205 -0.722630511152573 6
      vertex -6.105335271167624 -0.5521868290270175 6
    endloop
  endfacet
  facet normal -0.9510565162951532 0.30901699437494895 0
    outer loop
      vertex -6.047125258307053 -0.37303483074728166 0
      vertex -6.105335271167624 -0.5521868290270175 6
      vertex -6.047125258307053 -0.37303483074728166 6
    endloop
  endfacet
  facet normal -0.9822872507286889 0.187381314585723 0
    outer loop
      vertex -6.011827948028284 -0.1879998503464561 0
      vertex -6.047125258307053 -0.37303483074728166 6
      vertex -6.011827948028284 -0.1879998503464561 6
    endloop
  endfacet
  facet normal -0.9980267284282716 0.06279051952931576 0
    outer loop
      vertex -6 0 0
      vertex -6.011827948028284 -0.1879998503464561 6
      vertex -6 0 6
    endloop
  endfacet
  facet normal 0.9980267284282716 -0.06279051952931576 0
    outer loop
      vertex -9 0 0
      vertex -8.988172051971716 0.1879998503464561 0
      vertex -8.988172051971716 0.1879998503464561 6
    endloop
  endfacet
  facet normal 0.9822872507286889 -0.1873813145857224 0
    outer loop
      vertex -8.988172051971716 0.1879998503464561 0
      vertex -8.952874741692947 0.3730348307472823 0
      vertex -8.952874741692947 0.3730348307472823 6
    endloop
  endfacet
  facet normal 0.9510565162951552 -0.3090169943749426 0
    outer loop
      vertex -8.952874741692947 0.3730348307472823 0
      vertex -8.894664728832378 0.5521868290270168 0
      vertex -8.894664728832378 0.5521868290270168 6
    endloop
  endfacet
  facet normal 0.9048270524660164 -0.42577929156507915 0
    outer loop
      vertex -8.894664728832378 0.5521868290270168 0
      vertex -8.814460020065795 0.722630511152573 0
      vertex -8.814460020065795 0.722630511152573 6
    endloop
  endfacet
  facet normal 0.8443279255020175 -0.5358267949789927 0
    outer loop
      vertex -8.814460020065795 0.722630511152573 0
      vertex -8.713525491562422 0.8816778784387097 0
      vertex -8.713525491562422 0.8816778784387097 6
    endloop
  endfacet
  facet normal 0.7705132427757874 -0.6374239897486919 0
    outer loop
      vertex -8.713525491562422 0.8816778784387097 0
      vertex -8.593452941132117 1.0268206588930329 0
      vertex -8.593452941132117 1.0268206588930329 6
    endloop
  endfacet
  facet normal 0.6845471059286916 -0.7289686274214088 0
    outer loop
      vertex -8.593452941132117 1.0268206588930329 0
      vertex -8.456135984623035 1.155769864163684 0
      vertex -8.456135984623035 1.155769864163684 6
    endloop
  endfacet
  facet normal 0.5877852522924724 -0.8090169943749479 0
    outer loop
      vertex -8.456135984623035 1.155769864163684 0
      vertex -8.303740192468496 1.2664918882530225 0
      vertex -8.303740192468496 1.2664918882530225 6
    endloop
  endfacet
  facet normal 0.4817536741017122 -0.8763066800438652 0
    outer loop
      vertex -8.303740192468496 1.2664918882530225 0
      vertex -8.138668937347608 1.3572405786990291 0
      vertex -8.138668937347608 1.3572405786990291 6
    endloop
  endfacet
  facet normal 0.36812455268467836 -0.9297764858882512 0
    outer loop
      vertex -8.138668937347608 1.3572405786990291 0
      vertex -7.963525491562421 1.4265847744427302 0
      vertex -7.963525491562421 1.4265847744427302 6
    endloop
  endfacet
  facet normal 0.24868988716485627 -0.9685831611286307 0
    outer loop
      vertex -7.963525491562421 1.4265847744427302 0
      vertex -7.781071971878587 1.473430876093033 0
      vertex -7.781071971878587 1.473430876093033 6
    endloop
  endfacet
  facet normal 0.1253332335643035 -0.9921147013144779 0
    outer loop
      vertex -7.781071971878587 1.473430876093033 0
      vertex -7.59418577929397 1.4970400926424072 0
      vertex -7.59418577929397 1.4970400926424072 6
    endloop
  endfacet
  facet normal 0 -1 0
    outer loop
      vertex -7.59418577929397 1.4970400926424072 0
      vertex -7.40581422070603 1.4970400926424072 0
      vertex -7.40581422070603 1.4970400926424072 6
    endloop
  endfacet
  facet normal -0.1253332335643035 -0.9921147013144779 0
    outer loop
      vertex -7.40581422070603 1.4970400926424072 0
      vertex -7.218928028121413 1.473430876093033 0
      vertex -7.218928028121413 1.473430876093033 6
    endloop
  endfacet
  facet normal -0.24868988716485627 -0.9685831611286307 0
    outer loop
      vertex -7.218928028121413 1.473430876093033 0
      vertex -7.036474508437579 1.4265847744427302 0
      vertex -7.036474508437579 1.4265847744427302 6
    endloop
  endfacet
  facet normal -0.36812455268467675 -0.929776485888252 0
    outer loop
      vertex -7.036474508437579 1.4265847744427302 0
      vertex -6.861331062652391 1.3572405786990291 0
      vertex -6.861331062652391 1.3572405786990291 6
    endloop
  endfacet
  facet normal -0.9048270524660198 -0.4257792915650719 0
    outer loop
      vertex -6.105335271167623 0.552186829027017 0
      vertex -6.105335271167623 0.552186829027017 6
      vertex -6.185539979934204 0.722630511152573 0
    endloop
  endfacet
  facet normal -0.48175367410171616 -0.8763066800438631 0
    outer loop
      vertex -6.861331062652391 1.3572405786990291 0
      vertex -6.696259807531505 1.2664918882530225 0
      vertex -6.696259807531505 1.2664918882530225 6
    endloop
  endfacet
  facet normal -0.5877852522924731 -0.8090169943749475 0
    outer loop
      vertex -6.696259807531505 1.2664918882530225 0
      vertex -6.543864015376966 1.1557698641636838 0
      vertex -6.543864015376966 1.1557698641636838 6
    endloop
  endfacet
  facet normal -0.7705132427757879 -0.6374239897486913 0
    outer loop
      vertex -6.406547058867883 1.026820658893033 0
      vertex -6.286474508437578 0.8816778784387097 0
      vertex -6.286474508437578 0.8816778784387097 6
    endloop
  endfacet
  facet normal -0.6845471059286878 -0.7289686274214121 0
    outer loop
      vertex -6.406547058867883 1.026820658893033 0
      vertex -6.406547058867883 1.026820658893033 6
      vertex -6.543864015376966 1.1557698641636838 0
    endloop
  endfacet
  facet normal -0.8443279255020155 -0.5358267949789961 0
    outer loop
      vertex -6.286474508437578 0.8816778784387097 0
      vertex -6.185539979934204 0.722630511152573 0
      vertex -6.185539979934204 0.722630511152573 6
    endloop
  endfacet
  facet normal -0.9980267284282716 -0.06279051952931566 0
    outer loop
      vertex -6 0 0
      vertex -6 0 6
      vertex -6.011827948028284 0.1879998503464564 0
    endloop
  endfacet
  facet normal -0.9822872507286892 -0.1873813145857228 0
    outer loop
      vertex -6.011827948028284 0.1879998503464564 0
      vertex -6.011827948028284 0.1879998503464564 6
      vertex -6.047125258307053 0.37303483074728216 0
    endloop
  endfacet
  facet normal -0.951056516295154 -0.30901699437494634 0
    outer loop
      vertex -6.047125258307053 0.37303483074728216 0
      vertex -6.047125258307053 0.37303483074728216 6
      vertex -6.105335271167623 0.552186829027017 0
    endloop
  endfacet
  facet normal 0.9980267284282716 -0.06279051952931576 0
    outer loop
      vertex -9 0 0
      vertex -8.988172051971716 0.1879998503464561 6
      vertex -9 0 6
    endloop
  endfacet
  facet normal 0.9822872507286889 -0.1873813145857224 0
    outer loop
      vertex -8.988172051971716 0.1879998503464561 0
      vertex -8.952874741692947 0.3730348307472823 6
      vertex -8.988172051971716 0.1879998503464561 6
    endloop
  endfacet
  facet normal 0.9510565162951552 -0.3090169943749426 0
    outer loop
      vertex -8.952874741692947 0.3730348307472823 0
      vertex -8.894664728832378 0.5521868290270168 6
      vertex -8.952874741692947 0.3730348307472823 6
    endloop
  endfacet
  facet normal 0.9048270524660164 -0.42577929156507915 0
    outer loop
      vertex -8.894664728832378 0.5521868290270168 0
      vertex -8.814460020065795 0.722630511152573 6
      vertex -8.894664728832378 0.5521868290270168 6
    endloop
  endfacet
  facet normal 0.8443279255020175 -0.5358267949789927 0
    outer loop
      vertex -8.814460020065795 0.722630511152573 0
      vertex -8.713525491562422 0.8816778784387097 6
      vertex -8.814460020065795 0.722630511152573 6
    endloop
  endfacet
  facet normal 0.7705132427757874 -0.6374239897486919 0
    outer loop
      vertex -8.713525491562422 0.8816778784387097 0
      vertex -8.593452941132117 1.0268206588930329 6
      vertex -8.713525491562422 0.8816778784387097 6
    endloop
  endfacet
  facet normal 0.6845471059286916 -0.7289686274214088 0
    outer loop
      vertex -8.593452941132117 1.0268206588930329 0
      vertex -8.456135984623035 1.155769864163684 6
      vertex -8.593452941132117 1.0268206588930329 6
    endloop
  endfacet
  facet normal 0.5877852522924724 -0.8090169943749479 0
    outer loop
      vertex -8.456135984623035 1.155769864163684 0
      vertex -8.303740192468496 1.2664918882530225 6
      vertex -8.456135984623035 1.155769864163684 6
    endloop
  endfacet
  facet normal 0.4817536741017122 -0.8763066800438652 0
    outer loop
      vertex -8.303740192468496 1.2664918882530225 0
      vertex -8.138668937347608 1.3572405786990291 6
      vertex -8.303740192468496 1.2664918882530225 6
    endloop
  endfacet
  facet normal 0.36812455268467836 -0.9297764858882512 0
    outer loop
      vertex -8.138668937347608 1.3572405786990291 0
      vertex -7.963525491562421 1.4265847744427302 6
      vertex -8.138668937347608 1.3572405786990291 6
    endloop
  endfacet
  facet normal 0.24868988716485627 -0.9685831611286307 0
    outer loop
      vertex -7.963525491562421 1.4265847744427302 0
      vertex -7.781071971878587 1.473430876093033 6
      vertex -7.963525491562421 1.4265847744427302 6
    endloop
  endfacet
  facet normal 0.1253332335643035 -0.9921147013144779 0
    outer loop
      vertex -7.781071971878587 1.473430876093033 0
      vertex -7.59418577929397 1.4970400926424072 6
      vertex -7.781071971878587 1.473430876093033 6
    endloop
  endfacet
  facet normal 0 -1 0
    outer loop
      vertex -7.59418577929397 1.4970400926424072 0
      vertex -7.40581422070603 1.4970400926424072 6
      vertex -7.59418577929397 1.4970400926424072 6
    endloop
  endfacet
  facet normal -0.1253332335643035 -0.9921147013144779 0
    outer loop
      vertex -7.40581422070603 1.4970400926424072 0
      vertex -7.218928028121413 1.473430876093033 6
      vertex -7.40581422070603 1.4970400926424072 6
    endloop
  endfacet
  facet normal -0.24868988716485627 -0.9685831611286307 0
    outer loop
      vertex -7.218928028121413 1.473430876093033 0
      vertex -7.036474508437579 1.4265847744427302 6
      vertex -7.218928028121413 1.473430876093033 6
    endloop
  endfacet
  facet normal -0.36812455268467675 -0.929776485888252 0
    outer loop
      vertex -7.036474508437579 1.4265847744427302 0
      vertex -6.861331062652391 1.3572405786990291 6
      vertex -7.036474508437579 1.4265847744427302 6
    endloop
  endfacet
  facet normal -0.9048270524660198 -0.4257792915650719 0
    outer loop
      vertex -6.185539979934204 0.722630511152573 0
      vertex -6.105335271167623 0.552186829027017 6
      vertex -6.185539979934204 0.722630511152573 6
    endloop
  endfacet
  facet normal -0.48175367410171616 -0.8763066800438631 0
    outer loop
      vertex -6.861331062652391 1.3572405786990291 0
      vertex -6.696259807531505 1.2664918882530225 6
      vertex -6.861331062652391 1.3572405786990291 6
    endloop
  endfacet
  facet normal -0.5877852522924731 -0.8090169943749475 0
    outer loop
      vertex -6.696259807531505 1.2664918882530225 0
      vertex -6.543864015376966 1.1557698641636838 6
      vertex -6.696259807531505 1.2664918882530225 6
    endloop
  endfacet
  facet normal -0.6845471059286878 -0.7289686274214121 0
    outer loop
      vertex -6.543864015376966 1.1557698641636838 0
      vertex -6.406547058867883 1.026820658893033 6
      vertex -6.543864015376966 1.1557698641636838 6
    endloop
  endfacet
  facet normal -0.7705132427757879 -0.6374239897486913 0
    outer loop
      vertex -6.406547058867883 1.026820658893033 0
      vertex -6.286474508437578 0.8816778784387097 6
      vertex -6.406547058867883 1.026820658893033 6
    endloop
  endfacet
  facet normal -0.8443279255020155 -0.5358267949789961 0
    outer loop
      vertex -6.286474508437578 0.8816778784387097 0
      vertex -6.185539979934204 0.722630511152573 6
      vertex -6.286474508437578 0.8816778784387097 6
    endloop
  endfacet
  facet normal -0.9980267284282716 -0.06279051952931566 0
    outer loop
      vertex -6.011827948028284 0.1879998503464564 0
      vertex -6 0 6
      vertex -6.011827948028284 0.1879998503464564 6
    endloop
  endfacet
  facet normal -0.9822872507286892 -0.1873813145857228 0
    outer loop
      vertex -6.047125258307053 0.37303483074728216 0
      vertex -6.011827948028284 0.1879998503464564 6
      vertex -6.047125258307053 0.37303483074728216 6
    endloop
  endfacet
  facet normal -0.951056516295154 -0.30901699437494634 0
    outer loop
      vertex -6.105335271167623 0.552186829027017 0
      vertex -6.047125258307053 0.37303483074728216 6
      vertex -6.105335271167623 0.552186829027017 6
    endloop
  endfacet
  facet normal 0.6845471059286887 0.7289686274214113 0
    outer loop
      vertex 6.161409621527752 -1.6180778098291577 0
      vertex 6.161409621527752 -1.6180778098291577 -6
      vertex 5.9691658824150355 -1.437548922450246 -6
    endloop
  endfacet
  facet normal 0.8443279255020157 0.5358267949789955 0
    outer loop
      vertex 5.659755971907886 -1.0116827156136023 0
      vertex 5.80106431181261 -1.2343490298141937 -6
      vertex 5.659755971907886 -1.0116827156136023 -6
    endloop
  endfacet
  facet normal 0.9048270524660197 0.4257792915650725 0
    outer loop
      vertex 5.547469379634672 -0.7730615606378235 0
      vertex 5.659755971907886 -1.0116827156136023 -6
      vertex 5.547469379634672 -0.7730615606378235 -6
    endloop
  endfacet
  facet normal 0.7705132427757879 0.6374239897486912 0
    outer loop
      vertex 5.80106431181261 -1.2343490298141937 0
      vertex 5.9691658824150355 -1.437548922450246 -6
      vertex 5.80106431181261 -1.2343490298141937 -6
    endloop
  endfacet
  facet normal 0.951056516295154 0.30901699437494623 0
    outer loop
      vertex 5.465975361629875 -0.5222487630461952 0
      vertex 5.547469379634672 -0.7730615606378235 -6
      vertex 5.465975361629875 -0.5222487630461952 -6
    endloop
  endfacet
  facet normal 0.9822872507286884 0.18738131458572635 0
    outer loop
      vertex 5.416559127239596 -0.26319979048503855 0
      vertex 5.465975361629875 -0.5222487630461952 -6
      vertex 5.416559127239596 -0.26319979048503855 -6
    endloop
  endfacet
  facet normal 0.9980267284282717 0.06279051952931038 0
    outer loop
      vertex 5.4 0 0
      vertex 5.416559127239596 -0.26319979048503855 -6
      vertex 5.4 0 -6
    endloop
  endfacet
  facet normal 0.5877852522924729 0.8090169943749477 0
    outer loop
      vertex 6.374763730544107 -1.7730886435542315 0
      vertex 6.374763730544107 -1.7730886435542315 -6
      vertex 6.161409621527752 -1.6180778098291577 -6
    endloop
  endfacet
  facet normal 0.36812455268467864 0.9297764858882512 0
    outer loop
      vertex 6.85106431181261 -1.9972186842198225 0
      vertex 6.85106431181261 -1.9972186842198225 -6
      vertex 6.605863487713348 -1.9001368101786411 -6
    endloop
  endfacet
  facet normal 0.4817536741017144 0.8763066800438641 0
    outer loop
      vertex 6.605863487713348 -1.9001368101786411 0
      vertex 6.605863487713348 -1.9001368101786411 -6
      vertex 6.374763730544107 -1.7730886435542315 -6
    endloop
  endfacet
  facet normal 0.24868988716485568 0.9685831611286311 0
    outer loop
      vertex 7.1064992393699775 -2.0628032265302463 0
      vertex 7.1064992393699775 -2.0628032265302463 -6
      vertex 6.85106431181261 -1.9972186842198225 -6
    endloop
  endfacet
  facet normal 0.1253332335643041 0.9921147013144779 0
    outer loop
      vertex 7.368139908988441 -2.0958561296993703 0
      vertex 7.368139908988441 -2.0958561296993703 -6
      vertex 7.1064992393699775 -2.0628032265302463 -6
    endloop
  endfacet
  facet normal 0 1 0
    outer loop
      vertex 7.631860091011559 -2.0958561296993703 0
      vertex 7.631860091011559 -2.0958561296993703 -6
      vertex 7.368139908988441 -2.0958561296993703 -6
    endloop
  endfacet
  facet normal -0.1253332335643041 0.9921147013144779 0
    outer loop
      vertex 7.8935007606300225 -2.0628032265302463 0
      vertex 7.8935007606300225 -2.0628032265302463 -6
      vertex 7.631860091011559 -2.0958561296993703 -6
    endloop
  endfacet
  facet normal -0.24868988716485568 0.9685831611286311 0
    outer loop
      vertex 8.14893568818739 -1.9972186842198225 0
      vertex 8.14893568818739 -1.9972186842198225 -6
      vertex 7.8935007606300225 -2.0628032265302463 -6
    endloop
  endfacet
  facet normal -0.36812455268467864 0.9297764858882512 0
    outer loop
      vertex 8.394136512286652 -1.9001368101786411 0
      vertex 8.394136512286652 -1.9001368101786411 -6
      vertex 8.14893568818739 -1.9972186842198225 -6
    endloop
  endfacet
  facet normal -0.4817536741017152 0.8763066800438636 0
    outer loop
      vertex 8.625236269455892 -1.7730886435542321 0
      vertex 8.625236269455892 -1.7730886435542321 -6
      vertex 8.394136512286652 -1.9001368101786411 -6
    endloop
  endfacet
  facet normal -0.5877852522924714 0.8090169943749487 0
    outer loop
      vertex 8.838590378472249 -1.618077809829157 0
      vertex 8.838590378472249 -1.618077809829157 -6
      vertex 8.625236269455892 -1.7730886435542321 -6
    endloop
  endfacet
  facet normal -0.6845471059286892 0.7289686274214111 0
    outer loop
      vertex 9.030834117584964 -1.437548922450246 0
      vertex 9.030834117584964 -1.437548922450246 -6
      vertex 8.838590378472249 -1.618077809829157 -6
    endloop
  endfacet
  facet normal -0.7705132427757879 0.6374239897486912 0
    outer loop
      vertex 9.030834117584964 -1.437548922450246 0
      vertex 9.19893568818739 -1.2343490298141937 -6
      vertex 9.030834117584964 -1.437548922450246 -6
    endloop
  endfacet
  facet normal -0.8443279255020157 0.5358267949789955 0
    outer loop
      vertex 9.19893568818739 -1.2343490298141937 0
      vertex 9.340244028092114 -1.0116827156136023 -6
      vertex 9.19893568818739 -1.2343490298141937 -6
    endloop
  endfacet
  facet normal -0.9048270524660189 0.4257792915650741 0
    outer loop
      vertex 9.340244028092114 -1.0116827156136023 0
      vertex 9.452530620365328 -0.7730615606378246 -6
      vertex 9.340244028092114 -1.0116827156136023 -6
    endloop
  endfacet
  facet normal -0.9510565162951548 0.3090169943749441 0
    outer loop
      vertex 9.452530620365328 -0.7730615606378246 0
      vertex 9.534024638370125 -0.5222487630461944 -6
      vertex 9.452530620365328 -0.7730615606378246 -6
    endloop
  endfacet
  facet normal -0.9822872507286884 0.18738131458572688 0
    outer loop
      vertex 9.534024638370125 -0.5222487630461944 0
      vertex 9.583440872760404 -0.26319979048503855 -6
      vertex 9.534024638370125 -0.5222487630461944 -6
    endloop
  endfacet
  facet normal -0.9980267284282717 0.06279051952931038 0
    outer loop
      vertex 9.583440872760404 -0.26319979048503855 0
      vertex 9.6 0 -6
      vertex 9.583440872760404 -0.26319979048503855 -6
    endloop
  endfacet
  facet normal 0.9048270524660197 0.4257792915650725 0
    outer loop
      vertex 5.659755971907886 -1.0116827156136023 0
      vertex 5.659755971907886 -1.0116827156136023 -6
      vertex 5.547469379634672 -0.7730615606378235 0
    endloop
  endfacet
  facet normal 0.7705132427757879 0.6374239897486912 0
    outer loop
      vertex 5.80106431181261 -1.2343490298141937 0
      vertex 5.9691658824150355 -1.437548922450246 0
      vertex 5.9691658824150355 -1.437548922450246 -6
    endloop
  endfacet
  facet normal 0.8443279255020157 0.5358267949789955 0
    outer loop
      vertex 5.80106431181261 -1.2343490298141937 0
      vertex 5.80106431181261 -1.2343490298141937 -6
      vertex 5.659755971907886 -1.0116827156136023 0
    endloop
  endfacet
  facet normal 0.6845471059286887 0.7289686274214113 0
    outer loop
      vertex 6.161409621527752 -1.6180778098291577 0
      vertex 5.9691658824150355 -1.437548922450246 -6
      vertex 5.9691658824150355 -1.437548922450246 0
    endloop
  endfacet
  facet normal 0.951056516295154 0.30901699437494623 0
    outer loop
      vertex 5.465975361629875 -0.5222487630461952 0
      vertex 5.547469379634672 -0.7730615606378235 0
      vertex 5.547469379634672 -0.7730615606378235 -6
    endloop
  endfacet
  facet normal 0.9822872507286884 0.18738131458572635 0
    outer loop
      vertex 5.465975361629875 -0.5222487630461952 0
      vertex 5.465975361629875 -0.5222487630461952 -6
      vertex 5.416559127239596 -0.26319979048503855 0
    endloop
  endfacet
  facet normal 0.9980267284282717 0.06279051952931038 0
    outer loop
      vertex 5.416559127239596 -0.26319979048503855 0
      vertex 5.416559127239596 -0.26319979048503855 -6
      vertex 5.4 0 0
    endloop
  endfacet
  facet normal 0.5877852522924729 0.8090169943749477 0
    outer loop
      vertex 6.161409621527752 -1.6180778098291577 0
      vertex 6.374763730544107 -1.7730886435542315 0
      vertex 6.161409621527752 -1.6180778098291577 -6
    endloop
  endfacet
  facet normal 0.4817536741017144 0.8763066800438641 0
    outer loop
      vertex 6.374763730544107 -1.7730886435542315 0
      vertex 6.605863487713348 -1.9001368101786411 0
      vertex 6.374763730544107 -1.7730886435542315 -6
    endloop
  endfacet
  facet normal 0.36812455268467864 0.9297764858882512 0
    outer loop
      vertex 6.605863487713348 -1.9001368101786411 0
      vertex 6.85106431181261 -1.9972186842198225 0
      vertex 6.605863487713348 -1.9001368101786411 -6
    endloop
  endfacet
  facet normal 0.24868988716485568 0.9685831611286311 0
    outer loop
      vertex 7.1064992393699775 -2.0628032265302463 0
      vertex 6.85106431181261 -1.9972186842198225 -6
      vertex 6.85106431181261 -1.9972186842198225 0
    endloop
  endfacet
  facet normal 0.1253332335643041 0.9921147013144779 0
    outer loop
      vertex 7.1064992393699775 -2.0628032265302463 0
      vertex 7.368139908988441 -2.0958561296993703 0
      vertex 7.1064992393699775 -2.0628032265302463 -6
    endloop
  endfacet
  facet normal 0 1 0
    outer loop
      vertex 7.368139908988441 -2.0958561296993703 0
      vertex 7.631860091011559 -2.0958561296993703 0
      vertex 7.368139908988441 -2.0958561296993703 -6
    endloop
  endfacet
  facet normal -0.1253332335643041 0.9921147013144779 0
    outer loop
      vertex 7.631860091011559 -2.0958561296993703 0
      vertex 7.8935007606300225 -2.0628032265302463 0
      vertex 7.631860091011559 -2.0958561296993703 -6
    endloop
  endfacet
  facet normal -0.24868988716485568 0.9685831611286311 0
    outer loop
      vertex 7.8935007606300225 -2.0628032265302463 0
      vertex 8.14893568818739 -1.9972186842198225 0
      vertex 7.8935007606300225 -2.0628032265302463 -6
    endloop
  endfacet
  facet normal -0.36812455268467864 0.9297764858882512 0
    outer loop
      vertex 8.14893568818739 -1.9972186842198225 0
      vertex 8.394136512286652 -1.9001368101786411 0
      vertex 8.14893568818739 -1.9972186842198225 -6
    endloop
  endfacet
  facet normal -0.4817536741017152 0.8763066800438636 0
    outer loop
      vertex 8.394136512286652 -1.9001368101786411 0
      vertex 8.625236269455892 -1.7730886435542321 0
      vertex 8.394136512286652 -1.9001368101786411 -6
    endloop
  endfacet
  facet normal -0.5877852522924714 0.8090169943749487 0
    outer loop
      vertex 8.625236269455892 -1.7730886435542321 0
      vertex 8.838590378472249 -1.618077809829157 0
      vertex 8.625236269455892 -1.7730886435542321 -6
    endloop
  endfacet
  facet normal -0.6845471059286892 0.7289686274214111 0
    outer loop
      vertex 8.838590378472249 -1.618077809829157 0
      vertex 9.030834117584964 -1.437548922450246 0
      vertex 8.838590378472249 -1.618077809829157 -6
    endloop
  endfacet
  facet normal -0.7705132427757879 0.6374239897486912 0
    outer loop
      vertex 9.030834117584964 -1.437548922450246 0
      vertex 9.19893568818739 -1.2343490298141937 0
      vertex 9.19893568818739 -1.2343490298141937 -6
    endloop
  endfacet
  facet normal -0.8443279255020157 0.5358267949789955 0
    outer loop
      vertex 9.19893568818739 -1.2343490298141937 0
      vertex 9.340244028092114 -1.0116827156136023 0
      vertex 9.340244028092114 -1.0116827156136023 -6
    endloop
  endfacet
  facet normal -0.9048270524660189 0.4257792915650741 0
    outer loop
      vertex 9.340244028092114 -1.0116827156136023 0
      vertex 9.452530620365328 -0.7730615606378246 0
      vertex 9.452530620365328 -0.7730615606378246 -6
    endloop
  endfacet
  facet normal -0.9510565162951548 0.3090169943749441 0
    outer loop
      vertex 9.452530620365328 -0.7730615606378246 0
      vertex 9.534024638370125 -0.5222487630461944 0
      vertex 9.534024638370125 -0.5222487630461944 -6
    endloop
  endfacet
  facet normal -0.9822872507286884 0.18738131458572688 0
    outer loop
      vertex 9.534024638370125 -0.5222487630461944 0
      vertex 9.583440872760404 -0.26319979048503855 0
      vertex 9.583440872760404 -0.26319979048503855 -6
    endloop
  endfacet
  facet normal -0.9980267284282717 0.06279051952931038 0
    outer loop
      vertex 9.583440872760404 -0.26319979048503855 0
      vertex 9.6 0 0
      vertex 9.6 0 -6
    endloop
  endfacet
  facet normal 0 0 -1
    outer loop
      vertex 6.161409621527752 -1.6180778098291577 0
      vertex 5.9691658824150355 -1.437548922450246 0
      vertex 6.105335271167623 -0.5521868290270168 0
    endloop
  endfacet
  facet normal 0 0 -1
    outer loop
      vertex 5.9691658824150355 -1.437548922450246 0
      vertex 6.047125258307053 -0.3730348307472823 0
      vertex 6.105335271167623 -0.5521868290270168 0
    endloop
  endfacet
  facet normal 0 0 -1
    outer loop
      vertex 5.80106431181261 -1.2343490298141937 0
      vertex 5.659755971907886 -1.0116827156136023 0
      vertex 5.659755971907886 1.0116827156136023 0
    endloop
  endfacet
  facet normal 0 0 -1
    outer loop
      vertex 5.465975361629875 -0.5222487630461952 0
      vertex 5.465975361629875 0.5222487630461952 0
      vertex 5.547469379634672 -0.7730615606378235 0
    endloop
  endfacet
  facet normal 0 0 -1
    outer loop
      vertex 5.465975361629875 -0.5222487630461952 0
      vertex 5.416559127239596 -0.26319979048503855 0
      vertex 5.416559127239596 0.26319979048503855 0
    endloop
  endfacet
  facet normal 0 0 -1
    outer loop
      vertex 5.659755971907886 -1.0116827156136023 0
      vertex 5.547469379634672 -0.7730615606378235 0
      vertex 5.547469379634672 0.7730615606378235 0
    endloop
  endfacet
  facet normal 0 0 -1
    outer loop
      vertex 5.80106431181261 -1.2343490298141937 0
      vertex 5.80106431181261 1.2343490298141937 0
      vertex 5.9691658824150355 -1.437548922450246 0
    endloop
  endfacet
  facet normal 0 0 -1
    outer loop
      vertex 5.9691658824150355 -1.437548922450246 0
      vertex 6.011827948028284 -0.1879998503464561 0
      vertex 6.047125258307053 -0.3730348307472823 0
    endloop
  endfacet
  facet normal 0 0 -1
    outer loop
      vertex 5.9691658824150355 -1.437548922450246 0
      vertex 6 0 0
      vertex 6.011827948028284 -0.1879998503464561 0
    endloop
  endfacet
  facet normal 0 0 -1
    outer loop
      vertex 6.374763730544107 -1.7730886435542315 0
      vertex 6.696259807531505 -1.2664918882530225 0
      vertex 6.605863487713348 -1.9001368101786411 0
    endloop
  endfacet
  facet normal 0 0 -1
    outer loop
      vertex 6.605863487713348 -1.9001368101786411 0
      vertex 6.861331062652392 -1.3572405786990294 0
      vertex 6.85106431181261 -1.9972186842198225 0
    endloop
  endfacet
  facet normal 0 0 -1
    outer loop
      vertex 7.1064992393699775 -2.0628032265302463 0
      vertex 6.85106431181261 -1.9972186842198225 0
      vertex 7.218928028121413 -1.4734308760930328 0
    endloop
  endfacet
  facet normal 0 0 -1
    outer loop
      vertex 6.85106431181261 -1.9972186842198225 0
      vertex 6.861331062652392 -1.3572405786990294 0
      vertex 7.036474508437579 -1.4265847744427302 0
    endloop
  endfacet
  facet normal 0 0 -1
    outer loop
      vertex 6.85106431181261 -1.9972186842198225 0
      vertex 7.036474508437579 -1.4265847744427302 0
      vertex 7.218928028121413 -1.4734308760930328 0
    endloop
  endfacet
  facet normal 0 0 -1
    outer loop
      vertex 7.1064992393699775 -2.0628032265302463 0
      vertex 7.218928028121413 -1.4734308760930328 0
      vertex 7.405814220706029 -1.4970400926424072 0
    endloop
  endfacet
  facet normal 0 0 -1
    outer loop
      vertex 7.1064992393699775 -2.0628032265302463 0
      vertex 7.405814220706029 -1.4970400926424072 0
      vertex 7.368139908988441 -2.0958561296993703 0
    endloop
  endfacet
  facet normal 0 0 -1
    outer loop
      vertex 7.368139908988441 -2.0958561296993703 0
      vertex 7.405814220706029 -1.4970400926424072 0
      vertex 7.594185779293971 -1.4970400926424072 0
    endloop
  endfacet
  facet normal 0 0 -1
    outer loop
      vertex 7.368139908988441 -2.0958561296993703 0
      vertex 7.594185779293971 -1.4970400926424072 0
      vertex 7.631860091011559 -2.0958561296993703 0
    endloop
  endfacet
  facet normal 0 0 -1
    outer loop
      vertex 6.161409621527752 -1.6180778098291577 0
      vertex 6.406547058867883 -1.0268206588930329 0
      vertex 6.374763730544107 -1.7730886435542315 0
    endloop
  endfacet
  facet normal 0 0 -1
    outer loop
      vertex 6.161409621527752 -1.6180778098291577 0
      vertex 6.286474508437578 -0.8816778784387097 0
      vertex 6.406547058867883 -1.0268206588930329 0
    endloop
  endfacet
  facet normal 0 0 -1
    outer loop
      vertex 6.374763730544107 -1.7730886435542315 0
      vertex 6.406547058867883 -1.0268206588930329 0
      vertex 6.543864015376966 -1.155769864163684 0
    endloop
  endfacet
  facet normal 0 0 -1
    outer loop
      vertex 6.161409621527752 -1.6180778098291577 0
      vertex 6.185539979934205 -0.722630511152573 0
      vertex 6.286474508437578 -0.8816778784387097 0
    endloop
  endfacet
  facet normal 0 0 -1
    outer loop
      vertex 6.161409621527752 -1.6180778098291577 0
      vertex 6.105335271167623 -0.5521868290270168 0
      vertex 6.185539979934205 -0.722630511152573 0
    endloop
  endfacet
  facet normal 0 0 -1
    outer loop
      vertex 6.374763730544107 -1.7730886435542315 0
      vertex 6.543864015376966 -1.155769864163684 0
      vertex 6.696259807531505 -1.2664918882530225 0
    endloop
  endfacet
  facet normal 0 0 -1
    outer loop
      vertex 6.605863487713348 -1.9001368101786411 0
      vertex 6.696259807531505 -1.2664918882530225 0
      vertex 6.861331062652392 -1.3572405786990294 0
    endloop
  endfacet
  facet normal 0 0 -1
    outer loop
      vertex 7.631860091011559 -2.0958561296993703 0
      vertex 7.781071971878587 -1.4734308760930328 0
      vertex 7.8935007606300225 -2.0628032265302463 0
    endloop
  endfacet
  facet normal 0 0 -1
    outer loop
      vertex 7.631860091011559 -2.0958561296993703 0
      vertex 7.594185779293971 -1.4970400926424072 0
      vertex 7.781071971878587 -1.4734308760930328 0
    endloop
  endfacet
  facet normal 0 0 -1
    outer loop
      vertex 7.8935007606300225 -2.0628032265302463 0
      vertex 7.963525491562421 -1.4265847744427302 0
      vertex 8.14893568818739 -1.9972186842198225 0
    endloop
  endfacet
  facet normal 0 0 -1
    outer loop
      vertex 7.8935007606300225 -2.0628032265302463 0
      vertex 7.781071971878587 -1.4734308760930328 0
      vertex 7.963525491562421 -1.4265847744427302 0
    endloop
  endfacet
  facet normal 0 0 -1
    outer loop
      vertex 8.14893568818739 -1.9972186842198225 0
      vertex 7.963525491562421 -1.4265847744427302 0
      vertex 8.138668937347608 -1.3572405786990294 0
    endloop
  endfacet
  facet normal 0 0 -1
    outer loop
      vertex 8.14893568818739 -1.9972186842198225 0
      vertex 8.138668937347608 -1.3572405786990294 0
      vertex 8.303740192468494 -1.266491888253023 0
    endloop
  endfacet
  facet normal 0 0 -1
    outer loop
      vertex 8.14893568818739 -1.9972186842198225 0
      vertex 8.303740192468494 -1.266491888253023 0
      vertex 8.394136512286652 -1.9001368101786411 0
    endloop
  endfacet
  facet normal 0 0 -1
    outer loop
      vertex 8.394136512286652 -1.9001368101786411 0
      vertex 8.456135984623035 -1.1557698641636835 0
      vertex 8.625236269455892 -1.7730886435542321 0
    endloop
  endfacet
  facet normal 0 0 -1
    outer loop
      vertex 8.394136512286652 -1.9001368101786411 0
      vertex 8.303740192468494 -1.266491888253023 0
      vertex 8.456135984623035 -1.1557698641636835 0
    endloop
  endfacet
  facet normal 0 0 -1
    outer loop
      vertex 8.625236269455892 -1.7730886435542321 0
      vertex 8.456135984623035 -1.1557698641636835 0
      vertex 8.593452941132117 -1.0268206588930329 0
    endloop
  endfacet
  facet normal 0 0 -1
    outer loop
      vertex 8.625236269455892 -1.7730886435542321 0
      vertex 8.713525491562422 -0.8816778784387097 0
      vertex 8.838590378472249 -1.618077809829157 0
    endloop
  endfacet
  facet normal 0 0 -1
    outer loop
      vertex 8.625236269455892 -1.7730886435542321 0
      vertex 8.593452941132117 -1.0268206588930329 0
      vertex 8.713525491562422 -0.8816778784387097 0
    endloop
  endfacet
  facet normal 0 0 -1
    outer loop
      vertex 8.838590378472249 -1.618077809829157 0
      vertex 8.713525491562422 -0.8816778784387097 0
      vertex 8.814460020065795 -0.722630511152573 0
    endloop
  endfacet
  facet normal 0 0 -1
    outer loop
      vertex 8.838590378472249 -1.618077809829157 0
      vertex 8.894664728832376 -0.5521868290270175 0
      vertex 9.030834117584964 -1.437548922450246 0
    endloop
  endfacet
  facet normal 0 0 -1
    outer loop
      vertex 8.838590378472249 -1.618077809829157 0
      vertex 8.814460020065795 -0.722630511152573 0
      vertex 8.894664728832376 -0.5521868290270175 0
    endloop
  endfacet
  facet normal 0 0 -1
    outer loop
      vertex 9.030834117584964 -1.437548922450246 0
      vertex 8.894664728832376 -0.5521868290270175 0
      vertex 8.952874741692947 -0.37303483074728166 0
    endloop
  endfacet
  facet normal 0 0 -1
    outer loop
      vertex 9.030834117584964 -1.437548922450246 0
      vertex 8.952874741692947 -0.37303483074728166 0
      vertex 8.988172051971716 -0.1879998503464561 0
    endloop
  endfacet
  facet normal 0 0 -1
    outer loop
      vertex 9.030834117584964 -1.437548922450246 0
      vertex 8.988172051971716 -0.1879998503464561 0
      vertex 9 0 0
    endloop
  endfacet
  facet normal 0 0 -1
    outer loop
      vertex 9.030834117584964 -1.437548922450246 0
      vertex 9.030834117584964 1.4375489224502465 0
      vertex 9.19893568818739 -1.2343490298141937 0
    endloop
  endfacet
  facet normal 0 0 -1
    outer loop
      vertex 9.19893568818739 -1.2343490298141937 0
      vertex 9.19893568818739 1.2343490298141937 0
      vertex 9.340244028092114 -1.0116827156136023 0
    endloop
  endfacet
  facet normal 0 0 -1
    outer loop
      vertex 9.340244028092114 -1.0116827156136023 0
      vertex 9.340244028092114 1.0116827156136021 0
      vertex 9.452530620365328 -0.7730615606378246 0
    endloop
  endfacet
  facet normal 0 0 -1
    outer loop
      vertex 9.452530620365328 -0.7730615606378246 0
      vertex 9.452530620365328 0.7730615606378238 0
      vertex 9.534024638370125 -0.5222487630461944 0
    endloop
  endfacet
  facet normal 0 0 -1
    outer loop
      vertex 9.534024638370125 -0.5222487630461944 0
      vertex 9.534024638370125 0.522248763046195 0
      vertex 9.583440872760404 -0.26319979048503855 0
    endloop
  endfacet
  facet normal 0.9980267284282717 -0.06279051952931038 0
    outer loop
      vertex 5.416559127239596 0.26319979048503855 0
      vertex 5.4 0 -6
      vertex 5.416559127239596 0.26319979048503855 -6
    endloop
  endfacet
  facet normal 0.9822872507286884 -0.18738131458572635 0
    outer loop
      vertex 5.465975361629875 0.5222487630461952 0
      vertex 5.416559127239596 0.26319979048503855 -6
      vertex 5.465975361629875 0.5222487630461952 -6
    endloop
  endfacet
  facet normal 0.951056516295154 -0.30901699437494623 0
    outer loop
      vertex 5.547469379634672 0.7730615606378235 0
      vertex 5.465975361629875 0.5222487630461952 -6
      vertex 5.547469379634672 0.7730615606378235 -6
    endloop
  endfacet
  facet normal 0.9048270524660197 -0.4257792915650725 0
    outer loop
      vertex 5.659755971907886 1.0116827156136023 0
      vertex 5.547469379634672 0.7730615606378235 -6
      vertex 5.659755971907886 1.0116827156136023 -6
    endloop
  endfacet
  facet normal 0.8443279255020157 -0.5358267949789955 0
    outer loop
      vertex 5.80106431181261 1.2343490298141937 0
      vertex 5.659755971907886 1.0116827156136023 -6
      vertex 5.80106431181261 1.2343490298141937 -6
    endloop
  endfacet
  facet normal 0.7705132427757879 -0.6374239897486912 0
    outer loop
      vertex 5.9691658824150355 1.437548922450246 0
      vertex 5.80106431181261 1.2343490298141937 -6
      vertex 5.9691658824150355 1.437548922450246 -6
    endloop
  endfacet
  facet normal 0.6845471059286887 -0.7289686274214113 0
    outer loop
      vertex 5.9691658824150355 1.437548922450246 0
      vertex 5.9691658824150355 1.437548922450246 -6
      vertex 6.161409621527752 1.6180778098291577 -6
    endloop
  endfacet
  facet normal 0.5877852522924729 -0.8090169943749477 0
    outer loop
      vertex 6.161409621527752 1.6180778098291577 0
      vertex 6.161409621527752 1.6180778098291577 -6
      vertex 6.374763730544107 1.7730886435542315 -6
    endloop
  endfacet
  facet normal 0.48175367410171516 -0.8763066800438637 0
    outer loop
      vertex 6.374763730544107 1.7730886435542315 0
      vertex 6.374763730544107 1.7730886435542315 -6
      vertex 6.605863487713347 1.900136810178641 -6
    endloop
  endfacet
  facet normal 0.3681245526846782 -0.9297764858882513 0
    outer loop
      vertex 6.605863487713347 1.900136810178641 0
      vertex 6.605863487713347 1.900136810178641 -6
      vertex 6.85106431181261 1.9972186842198225 -6
    endloop
  endfacet
  facet normal 0.24868988716485485 -0.9685831611286312 0
    outer loop
      vertex 6.85106431181261 1.9972186842198225 0
      vertex 6.85106431181261 1.9972186842198225 -6
      vertex 7.106499239369978 2.0628032265302463 -6
    endloop
  endfacet
  facet normal 0.1253332335643041 -0.9921147013144779 0
    outer loop
      vertex 7.106499239369978 2.0628032265302463 0
      vertex 7.106499239369978 2.0628032265302463 -6
      vertex 7.368139908988442 2.0958561296993703 -6
    endloop
  endfacet
  facet normal 0 -1 0
    outer loop
      vertex 7.368139908988442 2.0958561296993703 0
      vertex 7.368139908988442 2.0958561296993703 -6
      vertex 7.631860091011558 2.0958561296993703 -6
    endloop
  endfacet
  facet normal -0.7705132427757886 -0.6374239897486904 0
    outer loop
      vertex 9.19893568818739 1.2343490298141937 0
      vertex 9.030834117584964 1.4375489224502465 -6
      vertex 9.19893568818739 1.2343490298141937 -6
    endloop
  endfacet
  facet normal -0.1253332335643041 -0.9921147013144779 0
    outer loop
      vertex 7.631860091011558 2.0958561296993703 0
      vertex 7.631860091011558 2.0958561296993703 -6
      vertex 7.893500760630022 2.0628032265302463 -6
    endloop
  endfacet
  facet normal -0.24868988716485485 -0.9685831611286312 0
    outer loop
      vertex 7.893500760630022 2.0628032265302463 0
      vertex 7.893500760630022 2.0628032265302463 -6
      vertex 8.14893568818739 1.9972186842198225 -6
    endloop
  endfacet
  facet normal -0.36812455268467703 -0.9297764858882518 0
    outer loop
      vertex 8.14893568818739 1.9972186842198225 0
      vertex 8.14893568818739 1.9972186842198225 -6
      vertex 8.394136512286654 1.900136810178641 -6
    endloop
  endfacet
  facet normal -0.48175367410171593 -0.8763066800438633 0
    outer loop
      vertex 8.394136512286654 1.900136810178641 0
      vertex 8.394136512286654 1.900136810178641 -6
      vertex 8.625236269455893 1.7730886435542317 -6
    endloop
  endfacet
  facet normal -0.587785252292473 -0.8090169943749476 0
    outer loop
      vertex 8.625236269455893 1.7730886435542317 0
      vertex 8.625236269455893 1.7730886435542317 -6
      vertex 8.838590378472249 1.6180778098291573 -6
    endloop
  endfacet
  facet normal -0.6845471059286887 -0.7289686274214116 0
    outer loop
      vertex 8.838590378472249 1.6180778098291573 0
      vertex 8.838590378472249 1.6180778098291573 -6
      vertex 9.030834117584964 1.4375489224502465 -6
    endloop
  endfacet
  facet normal -0.9822872507286884 -0.18738131458572668 0
    outer loop
      vertex 9.583440872760404 0.26319979048503894 0
      vertex 9.534024638370125 0.522248763046195 -6
      vertex 9.583440872760404 0.26319979048503894 -6
    endloop
  endfacet
  facet normal -0.9510565162951541 -0.3090169943749457 0
    outer loop
      vertex 9.534024638370125 0.522248763046195 0
      vertex 9.452530620365328 0.7730615606378238 -6
      vertex 9.534024638370125 0.522248763046195 -6
    endloop
  endfacet
  facet normal -0.9980267284282717 -0.06279051952931029 0
    outer loop
      vertex 9.6 0 0
      vertex 9.583440872760404 0.26319979048503894 -6
      vertex 9.6 0 -6
    endloop
  endfacet
  facet normal -0.8443279255020161 -0.5358267949789952 0
    outer loop
      vertex 9.340244028092114 1.0116827156136021 0
      vertex 9.19893568818739 1.2343490298141937 -6
      vertex 9.340244028092114 1.0116827156136021 -6
    endloop
  endfacet
  facet normal -0.9048270524660194 -0.4257792915650733 0
    outer loop
      vertex 9.452530620365328 0.7730615606378238 0
      vertex 9.340244028092114 1.0116827156136021 -6
      vertex 9.452530620365328 0.7730615606378238 -6
    endloop
  endfacet
  facet normal 0.9980267284282717 -0.06279051952931038 0
    outer loop
      vertex 5.4 0 0
      vertex 5.4 0 -6
      vertex 5.416559127239596 0.26319979048503855 0
    endloop
  endfacet
  facet normal 0.9822872507286884 -0.18738131458572635 0
    outer loop
      vertex 5.416559127239596 0.26319979048503855 0
      vertex 5.416559127239596 0.26319979048503855 -6
      vertex 5.465975361629875 0.5222487630461952 0
    endloop
  endfacet
  facet normal 0.951056516295154 -0.30901699437494623 0
    outer loop
      vertex 5.465975361629875 0.5222487630461952 0
      vertex 5.465975361629875 0.5222487630461952 -6
      vertex 5.547469379634672 0.7730615606378235 0
    endloop
  endfacet
  facet normal 0.9048270524660197 -0.4257792915650725 0
    outer loop
      vertex 5.547469379634672 0.7730615606378235 0
      vertex 5.547469379634672 0.7730615606378235 -6
      vertex 5.659755971907886 1.0116827156136023 0
    endloop
  endfacet
  facet normal 0.8443279255020157 -0.5358267949789955 0
    outer loop
      vertex 5.659755971907886 1.0116827156136023 0
      vertex 5.659755971907886 1.0116827156136023 -6
      vertex 5.80106431181261 1.2343490298141937 0
    endloop
  endfacet
  facet normal 0.7705132427757879 -0.6374239897486912 0
    outer loop
      vertex 5.80106431181261 1.2343490298141937 0
      vertex 5.80106431181261 1.2343490298141937 -6
      vertex 5.9691658824150355 1.437548922450246 0
    endloop
  endfacet
  facet normal 0.6845471059286887 -0.7289686274214113 0
    outer loop
      vertex 5.9691658824150355 1.437548922450246 0
      vertex 6.161409621527752 1.6180778098291577 -6
      vertex 6.161409621527752 1.6180778098291577 0
    endloop
  endfacet
  facet normal 0.5877852522924729 -0.8090169943749477 0
    outer loop
      vertex 6.161409621527752 1.6180778098291577 0
      vertex 6.374763730544107 1.7730886435542315 -6
      vertex 6.374763730544107 1.7730886435542315 0
    endloop
  endfacet
  facet normal 0.48175367410171516 -0.8763066800438637 0
    outer loop
      vertex 6.374763730544107 1.7730886435542315 0
      vertex 6.605863487713347 1.900136810178641 -6
      vertex 6.605863487713347 1.900136810178641 0
    endloop
  endfacet
  facet normal 0.3681245526846782 -0.9297764858882513 0
    outer loop
      vertex 6.605863487713347 1.900136810178641 0
      vertex 6.85106431181261 1.9972186842198225 -6
      vertex 6.85106431181261 1.9972186842198225 0
    endloop
  endfacet
  facet normal 0.24868988716485485 -0.9685831611286312 0
    outer loop
      vertex 6.85106431181261 1.9972186842198225 0
      vertex 7.106499239369978 2.0628032265302463 -6
      vertex 7.106499239369978 2.0628032265302463 0
    endloop
  endfacet
  facet normal 0.1253332335643041 -0.9921147013144779 0
    outer loop
      vertex 7.106499239369978 2.0628032265302463 0
      vertex 7.368139908988442 2.0958561296993703 -6
      vertex 7.368139908988442 2.0958561296993703 0
    endloop
  endfacet
  facet normal 0 -1 0
    outer loop
      vertex 7.368139908988442 2.0958561296993703 0
      vertex 7.631860091011558 2.0958561296993703 -6
      vertex 7.631860091011558 2.0958561296993703 0
    endloop
  endfacet
  facet normal -0.6845471059286887 -0.7289686274214116 0
    outer loop
      vertex 9.030834117584964 1.4375489224502465 0
      vertex 8.838590378472249 1.6180778098291573 0
      vertex 9.030834117584964 1.4375489224502465 -6
    endloop
  endfacet
  facet normal -0.7705132427757886 -0.6374239897486904 0
    outer loop
      vertex 9.19893568818739 1.2343490298141937 0
      vertex 9.030834117584964 1.4375489224502465 0
      vertex 9.030834117584964 1.4375489224502465 -6
    endloop
  endfacet
  facet normal -0.1253332335643041 -0.9921147013144779 0
    outer loop
      vertex 7.631860091011558 2.0958561296993703 0
      vertex 7.893500760630022 2.0628032265302463 -6
      vertex 7.893500760630022 2.0628032265302463 0
    endloop
  endfacet
  facet normal -0.24868988716485485 -0.9685831611286312 0
    outer loop
      vertex 8.14893568818739 1.9972186842198225 0
      vertex 7.893500760630022 2.0628032265302463 0
      vertex 8.14893568818739 1.9972186842198225 -6
    endloop
  endfacet
  facet normal -0.36812455268467703 -0.9297764858882518 0
    outer loop
      vertex 8.14893568818739 1.9972186842198225 0
      vertex 8.394136512286654 1.900136810178641 -6
      vertex 8.394136512286654 1.900136810178641 0
    endloop
  endfacet
  facet normal -0.48175367410171593 -0.8763066800438633 0
    outer loop
      vertex 8.394136512286654 1.900136810178641 0
      vertex 8.625236269455893 1.7730886435542317 -6
      vertex 8.625236269455893 1.7730886435542317 0
    endloop
  endfacet
  facet normal -0.587785252292473 -0.8090169943749476 0
    outer loop
      vertex 8.625236269455893 1.7730886435542317 0
      vertex 8.838590378472249 1.6180778098291573 -6
      vertex 8.838590378472249 1.6180778098291573 0
    endloop
  endfacet
  facet normal -0.9822872507286884 -0.18738131458572668 0
    outer loop
      vertex 9.583440872760404 0.26319979048503894 0
      vertex 9.534024638370125 0.522248763046195 0
      vertex 9.534024638370125 0.522248763046195 -6
    endloop
  endfacet
  facet normal -0.9510565162951541 -0.3090169943749457 0
    outer loop
      vertex 9.534024638370125 0.522248763046195 0
      vertex 9.452530620365328 0.7730615606378238 0
      vertex 9.452530620365328 0.7730615606378238 -6
    endloop
  endfacet
  facet normal -0.9980267284282717 -0.06279051952931029 0
    outer loop
      vertex 9.6 0 0
      vertex 9.583440872760404 0.26319979048503894 0
      vertex 9.583440872760404 0.26319979048503894 -6
    endloop
  endfacet
  facet normal -0.9048270524660194 -0.4257792915650733 0
    outer loop
      vertex 9.452530620365328 0.7730615606378238 0
      vertex 9.340244028092114 1.0116827156136021 0
      vertex 9.340244028092114 1.0116827156136021 -6
    endloop
  endfacet
  facet normal -0.8443279255020161 -0.5358267949789952 0
    outer loop
      vertex 9.19893568818739 1.2343490298141937 0
      vertex 9.19893568818739 1.2343490298141937 -6
      vertex 9.340244028092114 1.0116827156136021 0
    endloop
  endfacet
  facet normal 0 0 -1
    outer loop
      vertex 5.416559127239596 -0.26319979048503855 0
      vertex 5.4 0 0
      vertex 5.416559127239596 0.26319979048503855 0
    endloop
  endfacet
  facet normal 0 0 -1
    outer loop
      vertex 5.465975361629875 -0.5222487630461952 0
      vertex 5.416559127239596 0.26319979048503855 0
      vertex 5.465975361629875 0.5222487630461952 0
    endloop
  endfacet
  facet normal 0 0 -1
    outer loop
      vertex 5.547469379634672 -0.7730615606378235 0
      vertex 5.465975361629875 0.5222487630461952 0
      vertex 5.547469379634672 0.7730615606378235 0
    endloop
  endfacet
  facet normal 0 0 -1
    outer loop
      vertex 5.659755971907886 -1.0116827156136023 0
      vertex 5.547469379634672 0.7730615606378235 0
      vertex 5.659755971907886 1.0116827156136023 0
    endloop
  endfacet
  facet normal 0 0 -1
    outer loop
      vertex 5.80106431181261 -1.2343490298141937 0
      vertex 5.659755971907886 1.0116827156136023 0
      vertex 5.80106431181261 1.2343490298141937 0
    endloop
  endfacet
  facet normal 0 0 -1
    outer loop
      vertex 5.9691658824150355 -1.437548922450246 0
      vertex 5.9691658824150355 1.437548922450246 0
      vertex 6 0 0
    endloop
  endfacet
  facet normal 0 0 -1
    outer loop
      vertex 5.9691658824150355 -1.437548922450246 0
      vertex 5.80106431181261 1.2343490298141937 0
      vertex 5.9691658824150355 1.437548922450246 0
    endloop
  endfacet
  facet normal 0 0 -1
    outer loop
      vertex 6 0 0
      vertex 5.9691658824150355 1.437548922450246 0
      vertex 6.011827948028284 0.1879998503464561 0
    endloop
  endfacet
  facet normal 0 0 -1
    outer loop
      vertex 6.011827948028284 0.1879998503464561 0
      vertex 5.9691658824150355 1.437548922450246 0
      vertex 6.047125258307053 0.3730348307472823 0
    endloop
  endfacet
  facet normal 0 0 -1
    outer loop
      vertex 6.047125258307053 0.3730348307472823 0
      vertex 5.9691658824150355 1.437548922450246 0
      vertex 6.105335271167623 0.5521868290270168 0
    endloop
  endfacet
  facet normal 0 0 -1
    outer loop
      vertex 6.105335271167623 0.5521868290270168 0
      vertex 5.9691658824150355 1.437548922450246 0
      vertex 6.161409621527752 1.6180778098291577 0
    endloop
  endfacet
  facet normal 0 0 -1
    outer loop
      vertex 6.105335271167623 0.5521868290270168 0
      vertex 6.161409621527752 1.6180778098291577 0
      vertex 6.185539979934205 0.722630511152573 0
    endloop
  endfacet
  facet normal 0 0 -1
    outer loop
      vertex 6.185539979934205 0.722630511152573 0
      vertex 6.161409621527752 1.6180778098291577 0
      vertex 6.286474508437578 0.8816778784387097 0
    endloop
  endfacet
  facet normal 0 0 -1
    outer loop
      vertex 6.161409621527752 1.6180778098291577 0
      vertex 6.374763730544107 1.7730886435542315 0
      vertex 6.286474508437578 0.8816778784387097 0
    endloop
  endfacet
  facet normal 0 0 -1
    outer loop
      vertex 6.286474508437578 0.8816778784387097 0
      vertex 6.374763730544107 1.7730886435542315 0
      vertex 6.406547058867883 1.0268206588930329 0
    endloop
  endfacet
  facet normal 0 0 -1
    outer loop
      vertex 6.406547058867883 1.0268206588930329 0
      vertex 6.374763730544107 1.7730886435542315 0
      vertex 6.543864015376966 1.155769864163684 0
    endloop
  endfacet
  facet normal 0 0 -1
    outer loop
      vertex 6.543864015376966 1.155769864163684 0
      vertex 6.605863487713347 1.900136810178641 0
      vertex 6.696259807531505 1.2664918882530225 0
    endloop
  endfacet
  facet normal 0 0 -1
    outer loop
      vertex 6.543864015376966 1.155769864163684 0
      vertex 6.374763730544107 1.7730886435542315 0
      vertex 6.605863487713347 1.900136810178641 0
    endloop
  endfacet
  facet normal 0 0 -1
    outer loop
      vertex 6.696259807531505 1.2664918882530225 0
      vertex 6.85106431181261 1.9972186842198225 0
      vertex 6.861331062652391 1.3572405786990291 0
    endloop
  endfacet
  facet normal 0 0 -1
    outer loop
      vertex 6.696259807531505 1.2664918882530225 0
      vertex 6.605863487713347 1.900136810178641 0
      vertex 6.85106431181261 1.9972186842198225 0
    endloop
  endfacet
  facet normal 0 0 -1
    outer loop
      vertex 6.861331062652391 1.3572405786990291 0
      vertex 6.85106431181261 1.9972186842198225 0
      vertex 7.036474508437579 1.4265847744427302 0
    endloop
  endfacet
  facet normal 0 0 -1
    outer loop
      vertex 7.036474508437579 1.4265847744427302 0
      vertex 6.85106431181261 1.9972186842198225 0
      vertex 7.106499239369978 2.0628032265302463 0
    endloop
  endfacet
  facet normal 0 0 -1
    outer loop
      vertex 7.036474508437579 1.4265847744427302 0
      vertex 7.106499239369978 2.0628032265302463 0
      vertex 7.218928028121413 1.473430876093033 0
    endloop
  endfacet
  facet normal 0 0 -1
    outer loop
      vertex 7.218928028121413 1.473430876093033 0
      vertex 7.106499239369978 2.0628032265302463 0
      vertex 7.368139908988442 2.0958561296993703 0
    endloop
  endfacet
  facet normal 0 0 -1
    outer loop
      vertex 7.218928028121413 1.473430876093033 0
      vertex 7.368139908988442 2.0958561296993703 0
      vertex 7.40581422070603 1.4970400926424072 0
    endloop
  endfacet
  facet normal 0 0 -1
    outer loop
      vertex 7.40581422070603 1.4970400926424072 0
      vertex 7.631860091011558 2.0958561296993703 0
      vertex 7.59418577929397 1.4970400926424072 0
    endloop
  endfacet
  facet normal 0 0 -1
    outer loop
      vertex 7.40581422070603 1.4970400926424072 0
      vertex 7.368139908988442 2.0958561296993703 0
      vertex 7.631860091011558 2.0958561296993703 0
    endloop
  endfacet
  facet normal 0 0 -1
    outer loop
      vertex 8.138668937347608 1.3572405786990291 0
      vertex 8.394136512286654 1.900136810178641 0
      vertex 8.303740192468496 1.2664918882530225 0
    endloop
  endfacet
  facet normal 0 0 -1
    outer loop
      vertex 9.030834117584964 -1.437548922450246 0
      vertex 9 0 0
      vertex 9.030834117584964 1.4375489224502465 0
    endloop
  endfacet
  facet normal 0 0 -1
    outer loop
      vertex 8.988172051971716 0.1879998503464564 0
      vertex 8.952874741692947 0.37303483074728216 0
      vertex 9.030834117584964 1.4375489224502465 0
    endloop
  endfacet
  facet normal 0 0 -1
    outer loop
      vertex 9 0 0
      vertex 8.988172051971716 0.1879998503464564 0
      vertex 9.030834117584964 1.4375489224502465 0
    endloop
  endfacet
  facet normal 0 0 -1
    outer loop
      vertex 9.19893568818739 -1.2343490298141937 0
      vertex 9.030834117584964 1.4375489224502465 0
      vertex 9.19893568818739 1.2343490298141937 0
    endloop
  endfacet
  facet normal 0 0 -1
    outer loop
      vertex 8.713525491562422 0.8816778784387097 0
      vertex 8.838590378472249 1.6180778098291573 0
      vertex 8.814460020065795 0.722630511152573 0
    endloop
  endfacet
  facet normal 0 0 -1
    outer loop
      vertex 8.593452941132117 1.026820658893033 0
      vertex 8.456135984623035 1.1557698641636838 0
      vertex 8.625236269455893 1.7730886435542317 0
    endloop
  endfacet
  facet normal 0 0 -1
    outer loop
      vertex 8.303740192468496 1.2664918882530225 0
      vertex 8.625236269455893 1.7730886435542317 0
      vertex 8.456135984623035 1.1557698641636838 0
    endloop
  endfacet
  facet normal 0 0 -1
    outer loop
      vertex 8.593452941132117 1.026820658893033 0
      vertex 8.838590378472249 1.6180778098291573 0
      vertex 8.713525491562422 0.8816778784387097 0
    endloop
  endfacet
  facet normal 0 0 -1
    outer loop
      vertex 8.593452941132117 1.026820658893033 0
      vertex 8.625236269455893 1.7730886435542317 0
      vertex 8.838590378472249 1.6180778098291573 0
    endloop
  endfacet
  facet normal 0 0 -1
    outer loop
      vertex 8.952874741692947 0.37303483074728216 0
      vertex 8.894664728832376 0.552186829027017 0
      vertex 9.030834117584964 1.4375489224502465 0
    endloop
  endfacet
  facet normal 0 0 -1
    outer loop
      vertex 8.814460020065795 0.722630511152573 0
      vertex 8.838590378472249 1.6180778098291573 0
      vertex 8.894664728832376 0.552186829027017 0
    endloop
  endfacet
  facet normal 0 0 -1
    outer loop
      vertex 8.894664728832376 0.552186829027017 0
      vertex 8.838590378472249 1.6180778098291573 0
      vertex 9.030834117584964 1.4375489224502465 0
    endloop
  endfacet
  facet normal 0 0 -1
    outer loop
      vertex 7.59418577929397 1.4970400926424072 0
      vertex 7.893500760630022 2.0628032265302463 0
      vertex 7.781071971878587 1.473430876093033 0
    endloop
  endfacet
  facet normal 0 0 -1
    outer loop
      vertex 7.59418577929397 1.4970400926424072 0
      vertex 7.631860091011558 2.0958561296993703 0
      vertex 7.893500760630022 2.0628032265302463 0
    endloop
  endfacet
  facet normal 0 0 -1
    outer loop
      vertex 7.781071971878587 1.473430876093033 0
      vertex 8.14893568818739 1.9972186842198225 0
      vertex 7.963525491562421 1.4265847744427302 0
    endloop
  endfacet
  facet normal 0 0 -1
    outer loop
      vertex 7.781071971878587 1.473430876093033 0
      vertex 7.893500760630022 2.0628032265302463 0
      vertex 8.14893568818739 1.9972186842198225 0
    endloop
  endfacet
  facet normal 0 0 -1
    outer loop
      vertex 7.963525491562421 1.4265847744427302 0
      vertex 8.14893568818739 1.9972186842198225 0
      vertex 8.138668937347608 1.3572405786990291 0
    endloop
  endfacet
  facet normal 0 0 -1
    outer loop
      vertex 8.138668937347608 1.3572405786990291 0
      vertex 8.14893568818739 1.9972186842198225 0
      vertex 8.394136512286654 1.900136810178641 0
    endloop
  endfacet
  facet normal 0 0 -1
    outer loop
      vertex 8.303740192468496 1.2664918882530225 0
      vertex 8.394136512286654 1.900136810178641 0
      vertex 8.625236269455893 1.7730886435542317 0
    endloop
  endfacet
  facet normal 0 0 -1
    outer loop
      vertex 9.583440872760404 -0.26319979048503855 0
      vertex 9.534024638370125 0.522248763046195 0
      vertex 9.583440872760404 0.26319979048503894 0
    endloop
  endfacet
  facet normal 0 0 -1
    outer loop
      vertex 9.452530620365328 -0.7730615606378246 0
      vertex 9.340244028092114 1.0116827156136021 0
      vertex 9.452530620365328 0.7730615606378238 0
    endloop
  endfacet
  facet normal 0 0 -1
    outer loop
      vertex 9.534024638370125 -0.5222487630461944 0
      vertex 9.452530620365328 0.7730615606378238 0
      vertex 9.534024638370125 0.522248763046195 0
    endloop
  endfacet
  facet normal 0 0 -1
    outer loop
      vertex 9.340244028092114 -1.0116827156136023 0
      vertex 9.19893568818739 1.2343490298141937 0
      vertex 9.340244028092114 1.0116827156136021 0
    endloop
  endfacet
  facet normal 0 0 -1
    outer loop
      vertex 9.583440872760404 -0.26319979048503855 0
      vertex 9.583440872760404 0.26319979048503894 0
      vertex 9.6 0 0
    endloop
  endfacet
  facet normal 0.9510565162951538 0.30901699437494684 0
    outer loop
      vertex 6.105335271167623 -0.5521868290270168 0
      vertex 6.047125258307053 -0.3730348307472823 0
      vertex 6.047125258307053 -0.3730348307472823 6
    endloop
  endfacet
  facet normal 0.9822872507286889 0.1873813145857224 0
    outer loop
      vertex 6.047125258307053 -0.3730348307472823 0
      vertex 6.011827948028284 -0.1879998503464561 0
      vertex 6.011827948028284 -0.1879998503464561 6
    endloop
  endfacet
  facet normal 0.9980267284282716 0.06279051952931576 0
    outer loop
      vertex 6.011827948028284 -0.1879998503464561 0
      vertex 6 0 0
      vertex 6 0 6
    endloop
  endfacet
  facet normal 0.8443279255020175 0.5358267949789927 0
    outer loop
      vertex 6.185539979934205 -0.722630511152573 0
      vertex 6.185539979934205 -0.722630511152573 6
      vertex 6.286474508437578 -0.8816778784387097 0
    endloop
  endfacet
  facet normal 0.6845471059286892 0.728968627421411 0
    outer loop
      vertex 6.543864015376966 -1.155769864163684 0
      vertex 6.406547058867883 -1.0268206588930329 0
      vertex 6.406547058867883 -1.0268206588930329 6
    endloop
  endfacet
  facet normal 0.7705132427757874 0.6374239897486919 0
    outer loop
      vertex 6.286474508437578 -0.8816778784387097 0
      vertex 6.286474508437578 -0.8816778784387097 6
      vertex 6.406547058867883 -1.0268206588930329 0
    endloop
  endfacet
  facet normal 0.5877852522924724 0.8090169943749479 0
    outer loop
      vertex 6.543864015376966 -1.155769864163684 0
      vertex 6.543864015376966 -1.155769864163684 6
      vertex 6.696259807531505 -1.2664918882530225 0
    endloop
  endfacet
  facet normal 0.4817536741017151 0.8763066800438637 0
    outer loop
      vertex 6.696259807531505 -1.2664918882530225 0
      vertex 6.696259807531505 -1.2664918882530225 6
      vertex 6.861331062652392 -1.3572405786990294 0
    endloop
  endfacet
  facet normal 0.9048270524660184 0.4257792915650753 0
    outer loop
      vertex 6.185539979934205 -0.722630511152573 0
      vertex 6.105335271167623 -0.5521868290270168 0
      vertex 6.105335271167623 -0.5521868290270168 6
    endloop
  endfacet
  facet normal 0.3681245526846773 0.9297764858882517 0
    outer loop
      vertex 6.861331062652392 -1.3572405786990294 0
      vertex 6.861331062652392 -1.3572405786990294 6
      vertex 7.036474508437579 -1.4265847744427302 0
    endloop
  endfacet
  facet normal 0.2486898871648552 0.9685831611286311 0
    outer loop
      vertex 7.036474508437579 -1.4265847744427302 0
      vertex 7.036474508437579 -1.4265847744427302 6
      vertex 7.218928028121413 -1.4734308760930328 0
    endloop
  endfacet
  facet normal 0.12533323356430526 0.9921147013144777 0
    outer loop
      vertex 7.218928028121413 -1.4734308760930328 0
      vertex 7.218928028121413 -1.4734308760930328 6
      vertex 7.405814220706029 -1.4970400926424072 0
    endloop
  endfacet
  facet normal 0 1 0
    outer loop
      vertex 7.405814220706029 -1.4970400926424072 0
      vertex 7.405814220706029 -1.4970400926424072 6
      vertex 7.594185779293971 -1.4970400926424072 0
    endloop
  endfacet
  facet normal -0.12533323356430526 0.9921147013144777 0
    outer loop
      vertex 7.594185779293971 -1.4970400926424072 0
      vertex 7.594185779293971 -1.4970400926424072 6
      vertex 7.781071971878587 -1.4734308760930328 0
    endloop
  endfacet
  facet normal -0.2486898871648552 0.9685831611286311 0
    outer loop
      vertex 7.781071971878587 -1.4734308760930328 0
      vertex 7.781071971878587 -1.4734308760930328 6
      vertex 7.963525491562421 -1.4265847744427302 0
    endloop
  endfacet
  facet normal -0.3681245526846773 0.9297764858882517 0
    outer loop
      vertex 7.963525491562421 -1.4265847744427302 0
      vertex 7.963525491562421 -1.4265847744427302 6
      vertex 8.138668937347608 -1.3572405786990294 0
    endloop
  endfacet
  facet normal -0.48175367410171527 0.8763066800438636 0
    outer loop
      vertex 8.138668937347608 -1.3572405786990294 0
      vertex 8.138668937347608 -1.3572405786990294 6
      vertex 8.303740192468494 -1.266491888253023 0
    endloop
  endfacet
  facet normal -0.5877852522924709 0.809016994374949 0
    outer loop
      vertex 8.303740192468494 -1.266491888253023 0
      vertex 8.303740192468494 -1.266491888253023 6
      vertex 8.456135984623035 -1.1557698641636835 0
    endloop
  endfacet
  facet normal -0.6845471059286903 0.72896862742141 0
    outer loop
      vertex 8.456135984623035 -1.1557698641636835 0
      vertex 8.456135984623035 -1.1557698641636835 6
      vertex 8.593452941132117 -1.0268206588930329 0
    endloop
  endfacet
  facet normal -0.7705132427757874 0.6374239897486919 0
    outer loop
      vertex 8.593452941132117 -1.0268206588930329 0
      vertex 8.593452941132117 -1.0268206588930329 6
      vertex 8.713525491562422 -0.8816778784387097 0
    endloop
  endfacet
  facet normal -0.8443279255020175 0.5358267949789927 0
    outer loop
      vertex 8.713525491562422 -0.8816778784387097 0
      vertex 8.713525491562422 -0.8816778784387097 6
      vertex 8.814460020065795 -0.722630511152573 0
    endloop
  endfacet
  facet normal -0.9048270524660194 0.42577929156507305 0
    outer loop
      vertex 8.814460020065795 -0.722630511152573 0
      vertex 8.814460020065795 -0.722630511152573 6
      vertex 8.894664728832376 -0.5521868290270175 0
    endloop
  endfacet
  facet normal -0.9510565162951532 0.30901699437494895 0
    outer loop
      vertex 8.894664728832376 -0.5521868290270175 0
      vertex 8.894664728832376 -0.5521868290270175 6
      vertex 8.952874741692947 -0.37303483074728166 0
    endloop
  endfacet
  facet normal -0.9822872507286889 0.187381314585723 0
    outer loop
      vertex 8.952874741692947 -0.37303483074728166 0
      vertex 8.952874741692947 -0.37303483074728166 6
      vertex 8.988172051971716 -0.1879998503464561 0
    endloop
  endfacet
  facet normal -0.9980267284282716 0.06279051952931576 0
    outer loop
      vertex 8.988172051971716 -0.1879998503464561 0
      vertex 8.988172051971716 -0.1879998503464561 6
      vertex 9 0 0
    endloop
  endfacet
  facet normal 0.9510565162951538 0.30901699437494684 0
    outer loop
      vertex 6.105335271167623 -0.5521868290270168 0
      vertex 6.047125258307053 -0.3730348307472823 6
      vertex 6.105335271167623 -0.5521868290270168 6
    endloop
  endfacet
  facet normal 0.9822872507286889 0.1873813145857224 0
    outer loop
      vertex 6.047125258307053 -0.3730348307472823 0
      vertex 6.011827948028284 -0.1879998503464561 6
      vertex 6.047125258307053 -0.3730348307472823 6
    endloop
  endfacet
  facet normal 0.9980267284282716 0.06279051952931576 0
    outer loop
      vertex 6.011827948028284 -0.1879998503464561 0
      vertex 6 0 6
      vertex 6.011827948028284 -0.1879998503464561 6
    endloop
  endfacet
  facet normal 0.8443279255020175 0.5358267949789927 0
    outer loop
      vertex 6.286474508437578 -0.8816778784387097 0
      vertex 6.185539979934205 -0.722630511152573 6
      vertex 6.286474508437578 -0.8816778784387097 6
    endloop
  endfacet
  facet normal 0.7705132427757874 0.6374239897486919 0
    outer loop
      vertex 6.406547058867883 -1.0268206588930329 0
      vertex 6.286474508437578 -0.8816778784387097 6
      vertex 6.406547058867883 -1.0268206588930329 6
    endloop
  endfacet
  facet normal 0.6845471059286892 0.728968627421411 0
    outer loop
      vertex 6.543864015376966 -1.155769864163684 0
      vertex 6.406547058867883 -1.0268206588930329 6
      vertex 6.543864015376966 -1.155769864163684 6
    endloop
  endfacet
  facet normal 0.5877852522924724 0.8090169943749479 0
    outer loop
      vertex 6.696259807531505 -1.2664918882530225 0
      vertex 6.543864015376966 -1.155769864163684 6
      vertex 6.696259807531505 -1.2664918882530225 6
    endloop
  endfacet
  facet normal 0.4817536741017151 0.8763066800438637 0
    outer loop
      vertex 6.861331062652392 -1.3572405786990294 0
      vertex 6.696259807531505 -1.2664918882530225 6
      vertex 6.861331062652392 -1.3572405786990294 6
    endloop
  endfacet
  facet normal 0.9048270524660184 0.4257792915650753 0
    outer loop
      vertex 6.185539979934205 -0.722630511152573 0
      vertex 6.105335271167623 -0.5521868290270168 6
      vertex 6.185539979934205 -0.722630511152573 6
    endloop
  endfacet
  facet normal 0.3681245526846773 0.9297764858882517 0
    outer loop
      vertex 7.036474508437579 -1.4265847744427302 0
      vertex 6.861331062652392 -1.3572405786990294 6
      vertex 7.036474508437579 -1.4265847744427302 6
    endloop
  endfacet
  facet normal 0.2486898871648552 0.9685831611286311 0
    outer loop
      vertex 7.218928028121413 -1.4734308760930328 0
      vertex 7.036474508437579 -1.4265847744427302 6
      vertex 7.218928028121413 -1.4734308760930328 6
    endloop
  endfacet
  facet normal 0.12533323356430526 0.9921147013144777 0
    outer loop
      vertex 7.405814220706029 -1.4970400926424072 0
      vertex 7.218928028121413 -1.4734308760930328 6
      vertex 7.405814220706029 -1.4970400926424072 6
    endloop
  endfacet
  facet normal 0 1 0
    outer loop
      vertex 7.594185779293971 -1.4970400926424072 0
      vertex 7.405814220706029 -1.4970400926424072 6
      vertex 7.594185779293971 -1.4970400926424072 6
    endloop
  endfacet
  facet normal -0.12533323356430526 0.9921147013144777 0
    outer loop
      vertex 7.781071971878587 -1.4734308760930328 0
      vertex 7.594185779293971 -1.4970400926424072 6
      vertex 7.781071971878587 -1.4734308760930328 6
    endloop
  endfacet
  facet normal -0.2486898871648552 0.9685831611286311 0
    outer loop
      vertex 7.963525491562421 -1.4265847744427302 0
      vertex 7.781071971878587 -1.4734308760930328 6
      vertex 7.963525491562421 -1.4265847744427302 6
    endloop
  endfacet
  facet normal -0.3681245526846773 0.9297764858882517 0
    outer loop
      vertex 8.138668937347608 -1.3572405786990294 0
      vertex 7.963525491562421 -1.4265847744427302 6
      vertex 8.138668937347608 -1.3572405786990294 6
    endloop
  endfacet
  facet normal -0.48175367410171527 0.8763066800438636 0
    outer loop
      vertex 8.303740192468494 -1.266491888253023 0
      vertex 8.138668937347608 -1.3572405786990294 6
      vertex 8.303740192468494 -1.266491888253023 6
    endloop
  endfacet
  facet normal -0.5877852522924709 0.809016994374949 0
    outer loop
      vertex 8.456135984623035 -1.1557698641636835 0
      vertex 8.303740192468494 -1.266491888253023 6
      vertex 8.456135984623035 -1.1557698641636835 6
    endloop
  endfacet
  facet normal -0.6845471059286903 0.72896862742141 0
    outer loop
      vertex 8.593452941132117 -1.0268206588930329 0
      vertex 8.456135984623035 -1.1557698641636835 6
      vertex 8.593452941132117 -1.0268206588930329 6
    endloop
  endfacet
  facet normal -0.7705132427757874 0.6374239897486919 0
    outer loop
      vertex 8.713525491562422 -0.8816778784387097 0
      vertex 8.593452941132117 -1.0268206588930329 6
      vertex 8.713525491562422 -0.8816778784387097 6
    endloop
  endfacet
  facet normal -0.8443279255020175 0.5358267949789927 0
    outer loop
      vertex 8.814460020065795 -0.722630511152573 0
      vertex 8.713525491562422 -0.8816778784387097 6
      vertex 8.814460020065795 -0.722630511152573 6
    endloop
  endfacet
  facet normal -0.9048270524660194 0.42577929156507305 0
    outer loop
      vertex 8.894664728832376 -0.5521868290270175 0
      vertex 8.814460020065795 -0.722630511152573 6
      vertex 8.894664728832376 -0.5521868290270175 6
    endloop
  endfacet
  facet normal -0.9510565162951532 0.30901699437494895 0
    outer loop
      vertex 8.952874741692947 -0.37303483074728166 0
      vertex 8.894664728832376 -0.5521868290270175 6
      vertex 8.952874741692947 -0.37303483074728166 6
    endloop
  endfacet
  facet normal -0.9822872507286889 0.187381314585723 0
    outer loop
      vertex 8.988172051971716 -0.1879998503464561 0
      vertex 8.952874741692947 -0.37303483074728166 6
      vertex 8.988172051971716 -0.1879998503464561 6
    endloop
  endfacet
  facet normal -0.9980267284282716 0.06279051952931576 0
    outer loop
      vertex 9 0 0
      vertex 8.988172051971716 -0.1879998503464561 6
      vertex 9 0 6
    endloop
  endfacet
  facet normal 0.9980267284282716 -0.06279051952931576 0
    outer loop
      vertex 6 0 0
      vertex 6.011827948028284 0.1879998503464561 0
      vertex 6.011827948028284 0.1879998503464561 6
    endloop
  endfacet
  facet normal 0.9822872507286889 -0.1873813145857224 0
    outer loop
      vertex 6.011827948028284 0.1879998503464561 0
      vertex 6.047125258307053 0.3730348307472823 0
      vertex 6.047125258307053 0.3730348307472823 6
    endloop
  endfacet
  facet normal 0.9510565162951538 -0.30901699437494684 0
    outer loop
      vertex 6.047125258307053 0.3730348307472823 0
      vertex 6.105335271167623 0.5521868290270168 0
      vertex 6.105335271167623 0.5521868290270168 6
    endloop
  endfacet
  facet normal 0.9048270524660184 -0.4257792915650753 0
    outer loop
      vertex 6.105335271167623 0.5521868290270168 0
      vertex 6.185539979934205 0.722630511152573 0
      vertex 6.185539979934205 0.722630511152573 6
    endloop
  endfacet
  facet normal 0.8443279255020175 -0.5358267949789927 0
    outer loop
      vertex 6.185539979934205 0.722630511152573 0
      vertex 6.286474508437578 0.8816778784387097 0
      vertex 6.286474508437578 0.8816778784387097 6
    endloop
  endfacet
  facet normal 0.7705132427757874 -0.6374239897486919 0
    outer loop
      vertex 6.286474508437578 0.8816778784387097 0
      vertex 6.406547058867883 1.0268206588930329 0
      vertex 6.406547058867883 1.0268206588930329 6
    endloop
  endfacet
  facet normal 0.6845471059286892 -0.728968627421411 0
    outer loop
      vertex 6.406547058867883 1.0268206588930329 0
      vertex 6.543864015376966 1.155769864163684 0
      vertex 6.543864015376966 1.155769864163684 6
    endloop
  endfacet
  facet normal 0.5877852522924724 -0.8090169943749479 0
    outer loop
      vertex 6.543864015376966 1.155769864163684 0
      vertex 6.696259807531505 1.2664918882530225 0
      vertex 6.696259807531505 1.2664918882530225 6
    endloop
  endfacet
  facet normal 0.48175367410171616 -0.8763066800438631 0
    outer loop
      vertex 6.696259807531505 1.2664918882530225 0
      vertex 6.861331062652391 1.3572405786990291 0
      vertex 6.861331062652391 1.3572405786990291 6
    endloop
  endfacet
  facet normal 0.36812455268467675 -0.929776485888252 0
    outer loop
      vertex 6.861331062652391 1.3572405786990291 0
      vertex 7.036474508437579 1.4265847744427302 0
      vertex 7.036474508437579 1.4265847744427302 6
    endloop
  endfacet
  facet normal 0.24868988716485627 -0.9685831611286307 0
    outer loop
      vertex 7.036474508437579 1.4265847744427302 0
      vertex 7.218928028121413 1.473430876093033 0
      vertex 7.218928028121413 1.473430876093033 6
    endloop
  endfacet
  facet normal 0.1253332335643035 -0.9921147013144779 0
    outer loop
      vertex 7.218928028121413 1.473430876093033 0
      vertex 7.40581422070603 1.4970400926424072 0
      vertex 7.40581422070603 1.4970400926424072 6
    endloop
  endfacet
  facet normal 0 -1 0
    outer loop
      vertex 7.40581422070603 1.4970400926424072 0
      vertex 7.59418577929397 1.4970400926424072 0
      vertex 7.59418577929397 1.4970400926424072 6
    endloop
  endfacet
  facet normal -0.1253332335643035 -0.9921147013144779 0
    outer loop
      vertex 7.59418577929397 1.4970400926424072 0
      vertex 7.781071971878587 1.473430876093033 0
      vertex 7.781071971878587 1.473430876093033 6
    endloop
  endfacet
  facet normal -0.24868988716485627 -0.9685831611286307 0
    outer loop
      vertex 7.781071971878587 1.473430876093033 0
      vertex 7.963525491562421 1.4265847744427302 0
      vertex 7.963525491562421 1.4265847744427302 6
    endloop
  endfacet
  facet normal -0.36812455268467836 -0.9297764858882512 0
    outer loop
      vertex 7.963525491562421 1.4265847744427302 0
      vertex 8.138668937347608 1.3572405786990291 0
      vertex 8.138668937347608 1.3572405786990291 6
    endloop
  endfacet
  facet normal -0.4817536741017122 -0.8763066800438652 0
    outer loop
      vertex 8.138668937347608 1.3572405786990291 0
      vertex 8.303740192468496 1.2664918882530225 0
      vertex 8.303740192468496 1.2664918882530225 6
    endloop
  endfacet
  facet normal -0.5877852522924731 -0.8090169943749475 0
    outer loop
      vertex 8.303740192468496 1.2664918882530225 0
      vertex 8.456135984623035 1.1557698641636838 0
      vertex 8.456135984623035 1.1557698641636838 6
    endloop
  endfacet
  facet normal -0.9980267284282716 -0.06279051952931566 0
    outer loop
      vertex 9 0 0
      vertex 9 0 6
      vertex 8.988172051971716 0.1879998503464564 0
    endloop
  endfacet
  facet normal -0.9822872507286892 -0.1873813145857228 0
    outer loop
      vertex 8.988172051971716 0.1879998503464564 0
      vertex 8.988172051971716 0.1879998503464564 6
      vertex 8.952874741692947 0.37303483074728216 0
    endloop
  endfacet
  facet normal -0.9510565162951525 -0.3090169943749506 0
    outer loop
      vertex 8.952874741692947 0.37303483074728216 0
      vertex 8.952874741692947 0.37303483074728216 6
      vertex 8.894664728832376 0.552186829027017 0
    endloop
  endfacet
  facet normal -0.9048270524660198 -0.4257792915650719 0
    outer loop
      vertex 8.814460020065795 0.722630511152573 0
      vertex 8.894664728832376 0.552186829027017 0
      vertex 8.894664728832376 0.552186829027017 6
    endloop
  endfacet
  facet normal -0.6845471059286903 -0.72896862742141 0
    outer loop
      vertex 8.593452941132117 1.026820658893033 0
      vertex 8.593452941132117 1.026820658893033 6
      vertex 8.456135984623035 1.1557698641636838 0
    endloop
  endfacet
  facet normal -0.7705132427757879 -0.6374239897486913 0
    outer loop
      vertex 8.593452941132117 1.026820658893033 0
      vertex 8.713525491562422 0.8816778784387097 0
      vertex 8.713525491562422 0.8816778784387097 6
    endloop
  endfacet
  facet normal -0.8443279255020175 -0.5358267949789927 0
    outer loop
      vertex 8.713525491562422 0.8816778784387097 0
      vertex 8.814460020065795 0.722630511152573 0
      vertex 8.814460020065795 0.722630511152573 6
    endloop
  endfacet
  facet normal 0.9980267284282716 -0.06279051952931576 0
    outer loop
      vertex 6 0 0
      vertex 6.011827948028284 0.1879998503464561 6
      vertex 6 0 6
    endloop
  endfacet
  facet normal 0.9822872507286889 -0.1873813145857224 0
    outer loop
      vertex 6.011827948028284 0.1879998503464561 0
      vertex 6.047125258307053 0.3730348307472823 6
      vertex 6.011827948028284 0.1879998503464561 6
    endloop
  endfacet
  facet normal 0.9510565162951538 -0.30901699437494684 0
    outer loop
      vertex 6.047125258307053 0.3730348307472823 0
      vertex 6.105335271167623 0.5521868290270168 6
      vertex 6.047125258307053 0.3730348307472823 6
    endloop
  endfacet
  facet normal 0.9048270524660184 -0.4257792915650753 0
    outer loop
      vertex 6.105335271167623 0.5521868290270168 0
      vertex 6.185539979934205 0.722630511152573 6
      vertex 6.105335271167623 0.5521868290270168 6
    endloop
  endfacet
  facet normal 0.8443279255020175 -0.5358267949789927 0
    outer loop
      vertex 6.185539979934205 0.722630511152573 0
      vertex 6.286474508437578 0.8816778784387097 6
      vertex 6.185539979934205 0.722630511152573 6
    endloop
  endfacet
  facet normal 0.7705132427757874 -0.6374239897486919 0
    outer loop
      vertex 6.286474508437578 0.8816778784387097 0
      vertex 6.406547058867883 1.0268206588930329 6
      vertex 6.286474508437578 0.8816778784387097 6
    endloop
  endfacet
  facet normal 0.6845471059286892 -0.728968627421411 0
    outer loop
      vertex 6.406547058867883 1.0268206588930329 0
      vertex 6.543864015376966 1.155769864163684 6
      vertex 6.406547058867883 1.0268206588930329 6
    endloop
  endfacet
  facet normal 0.5877852522924724 -0.8090169943749479 0
    outer loop
      vertex 6.543864015376966 1.155769864163684 0
      vertex 6.696259807531505 1.2664918882530225 6
      vertex 6.543864015376966 1.155769864163684 6
    endloop
  endfacet
  facet normal 0.48175367410171616 -0.8763066800438631 0
    outer loop
      vertex 6.696259807531505 1.2664918882530225 0
      vertex 6.861331062652391 1.3572405786990291 6
      vertex 6.696259807531505 1.2664918882530225 6
    endloop
  endfacet
  facet normal 0.36812455268467675 -0.929776485888252 0
    outer loop
      vertex 6.861331062652391 1.3572405786990291 0
      vertex 7.036474508437579 1.4265847744427302 6
      vertex 6.861331062652391 1.3572405786990291 6
    endloop
  endfacet
  facet normal 0.24868988716485627 -0.9685831611286307 0
    outer loop
      vertex 7.036474508437579 1.4265847744427302 0
      vertex 7.218928028121413 1.473430876093033 6
      vertex 7.036474508437579 1.4265847744427302 6
    endloop
  endfacet
  facet normal 0.1253332335643035 -0.9921147013144779 0
    outer loop
      vertex 7.218928028121413 1.473430876093033 0
      vertex 7.40581422070603 1.4970400926424072 6
      vertex 7.218928028121413 1.473430876093033 6
    endloop
  endfacet
  facet normal 0 -1 0
    outer loop
      vertex 7.40581422070603 1.4970400926424072 0
      vertex 7.59418577929397 1.4970400926424072 6
      vertex 7.40581422070603 1.4970400926424072 6
    endloop
  endfacet
  facet normal -0.1253332335643035 -0.9921147013144779 0
    outer loop
      vertex 7.59418577929397 1.4970400926424072 0
      vertex 7.781071971878587 1.473430876093033 6
      vertex 7.59418577929397 1.4970400926424072 6
    endloop
  endfacet
  facet normal -0.24868988716485627 -0.9685831611286307 0
    outer loop
      vertex 7.781071971878587 1.473430876093033 0
      vertex 7.963525491562421 1.4265847744427302 6
      vertex 7.781071971878587 1.473430876093033 6
    endloop
  endfacet
  facet normal -0.36812455268467836 -0.9297764858882512 0
    outer loop
      vertex 7.963525491562421 1.4265847744427302 0
      vertex 8.138668937347608 1.3572405786990291 6
      vertex 7.963525491562421 1.4265847744427302 6
    endloop
  endfacet
  facet normal -0.4817536741017122 -0.8763066800438652 0
    outer loop
      vertex 8.138668937347608 1.3572405786990291 0
      vertex 8.303740192468496 1.2664918882530225 6
      vertex 8.138668937347608 1.3572405786990291 6
    endloop
  endfacet
  facet normal -0.5877852522924731 -0.8090169943749475 0
    outer loop
      vertex 8.303740192468496 1.2664918882530225 0
      vertex 8.456135984623035 1.1557698641636838 6
      vertex 8.303740192468496 1.2664918882530225 6
    endloop
  endfacet
  facet normal -0.9980267284282716 -0.06279051952931566 0
    outer loop
      vertex 8.988172051971716 0.1879998503464564 0
      vertex 9 0 6
      vertex 8.988172051971716 0.1879998503464564 6
    endloop
  endfacet
  facet normal -0.9822872507286892 -0.1873813145857228 0
    outer loop
      vertex 8.952874741692947 0.37303483074728216 0
      vertex 8.988172051971716 0.1879998503464564 6
      vertex 8.952874741692947 0.37303483074728216 6
    endloop
  endfacet
  facet normal -0.9510565162951525 -0.3090169943749506 0
    outer loop
      vertex 8.894664728832376 0.552186829027017 0
      vertex 8.952874741692947 0.37303483074728216 6
      vertex 8.894664728832376 0.552186829027017 6
    endloop
  endfacet
  facet normal -0.9048270524660198 -0.4257792915650719 0
    outer loop
      vertex 8.814460020065795 0.722630511152573 0
      vertex 8.894664728832376 0.552186829027017 6
      vertex 8.814460020065795 0.722630511152573 6
    endloop
  endfacet
  facet normal -0.6845471059286903 -0.72896862742141 0
    outer loop
      vertex 8.456135984623035 1.1557698641636838 0
      vertex 8.593452941132117 1.026820658893033 6
      vertex 8.456135984623035 1.1557698641636838 6
    endloop
  endfacet
  facet normal -0.8443279255020175 -0.5358267949789927 0
    outer loop
      vertex 8.713525491562422 0.8816778784387097 0
      vertex 8.814460020065795 0.722630511152573 6
      vertex 8.713525491562422 0.8816778784387097 6
    endloop
  endfacet
  facet normal -0.7705132427757879 -0.6374239897486913 0
    outer loop
      vertex 8.593452941132117 1.026820658893033 0
      vertex 8.713525491562422 0.8816778784387097 6
      vertex 8.593452941132117 1.026820658893033 6
    endloop
  endfacet
  facet normal 0.8440652359469767 0.535660087118106 -0.02494290549229822
    outer loop
      vertex -2.2652475842498525 -1.6457987064189248 -2
      vertex -2.3461492836873474 -1.704577231648172 -6
      vertex -2.541289372127204 -1.3970856548949746 -6
    endloop
  endfacet
  facet normal 0.6843341278081887 0.7287418287587231 -0.02494290549229822
    outer loop
      vertex -2.0411121567799526 -1.9167318966003277 -2
      vertex -1.8485295702712 -2.234488404049789 -6
      vertex -2.114009019522094 -1.9851866071931965 -6
    endloop
  endfacet
  facet normal 0.7702735186416203 0.6372256726977187 -0.024942905492298228
    outer loop
      vertex -2.0411121567799526 -1.9167318966003277 -2
      vertex -2.114009019522094 -1.9851866071931965 -6
      vertex -2.3461492836873474 -1.704577231648172 -6
    endloop
  endfacet
  facet normal 0.5876023789778293 0.8087652908509352 -0.02494290549229823
    outer loop
      vertex -1.7847871712963308 -2.15743707977221 -2
      vertex -1.5538977054390906 -2.4485509839558435 -6
      vertex -1.8485295702712 -2.234488404049789 -6
    endloop
  endfacet
  facet normal 0.9507606210564248 0.3089208521838623 -0.024942905492298217
    outer loop
      vertex -2.603374160487104 -1.030748747517098 -2
      vertex -2.6963518090759293 -1.0675612027855659 -6
      vertex -2.80889116727303 -0.7212006727780791 -6
    endloop
  endfacet
  facet normal 0.9045455402613178 0.4256468219768156 -0.024942905492298214
    outer loop
      vertex -2.4536587041228177 -1.348910287484803 -2
      vertex -2.541289372127204 -1.3970856548949746 -6
      vertex -2.6963518090759293 -1.0675612027855659 -6
    endloop
  endfacet
  facet normal 0.9819816389006062 0.18732301601159884 -0.024942905492298204
    outer loop
      vertex -2.712032851160167 -0.6963316840615935 -2
      vertex -2.80889116727303 -0.7212006727780791 -6
      vertex -2.8771326338119856 -0.3634663773364818 -6
    endloop
  endfacet
  facet normal 0.9977162196919279 0.06277098397548715 -0.024942905492298127
    outer loop
      vertex -2.777921163680538 -0.35093305398005137 -2
      vertex -2.8771326338119856 -0.3634663773364818 -6
      vertex -2.9 0 -6
    endloop
  endfacet
  facet normal 0.4816037896143422 0.876034041173462 -0.024942905492298214
    outer loop
      vertex -1.5003150259411908 -2.364118191405642 -2
      vertex -1.23475994553871 -2.6239984521514566 -6
      vertex -1.5538977054390906 -2.4485509839558435 -6
    endloop
  endfacet
  facet normal 0.24861251410418952 0.9682818129534378 -0.02494290549229822
    outer loop
      vertex -0.8652475842498527 -2.6629582456264296 -2
      vertex -0.543405812298602 -2.848633027113197 -6
      vertex -0.8961492836873475 -2.758063897255945 -6
    endloop
  endfacet
  facet normal 0.36801002079247996 0.9294872113493122 -0.024942905492298145
    outer loop
      vertex -1.1921820163822028 -2.533515746904855 -2
      vertex -0.8961492836873475 -2.758063897255945 -6
      vertex -1.23475994553871 -2.6239984521514566 -6
    endloop
  endfacet
  facet normal 0.12529423955455746 0.9918060319437705 -0.02494290549229821
    outer loop
      vertex -0.1758134546820785 -2.79447483959916 -2
      vertex -0.1820925066350099 -2.8942775124419873 -6
      vertex -0.543405812298602 -2.848633027113197 -6
    endloop
  endfacet
  facet normal 0.5876023789778295 0.8087652908509351 -0.024942905492298217
    outer loop
      vertex -1.7847871712963308 -2.15743707977221 -2
      vertex -1.5003150259411908 -2.364118191405642 -2
      vertex -1.5538977054390906 -2.4485509839558435 -6
    endloop
  endfacet
  facet normal 0.7702735186416201 0.6372256726977187 -0.024942905492298217
    outer loop
      vertex -2.2652475842498525 -1.6457987064189248 -2
      vertex -2.0411121567799526 -1.9167318966003277 -2
      vertex -2.3461492836873474 -1.704577231648172 -6
    endloop
  endfacet
  facet normal 0.6843341278081886 0.7287418287587232 -0.024942905492298235
    outer loop
      vertex -1.7847871712963308 -2.15743707977221 -2
      vertex -1.8485295702712 -2.234488404049789 -6
      vertex -2.0411121567799526 -1.9167318966003277 -2
    endloop
  endfacet
  facet normal 0.9507606210564248 0.30892085218386234 -0.024942905492298207
    outer loop
      vertex -2.603374160487104 -1.030748747517098 -2
      vertex -2.80889116727303 -0.7212006727780791 -6
      vertex -2.712032851160167 -0.6963316840615935 -2
    endloop
  endfacet
  facet normal 0.9045455402613178 0.42564682197681564 -0.024942905492298214
    outer loop
      vertex -2.4536587041228177 -1.348910287484803 -2
      vertex -2.6963518090759293 -1.0675612027855659 -6
      vertex -2.603374160487104 -1.030748747517098 -2
    endloop
  endfacet
  facet normal 0.8440652359469767 0.5356600871181061 -0.024942905492298224
    outer loop
      vertex -2.2652475842498525 -1.6457987064189248 -2
      vertex -2.541289372127204 -1.3970856548949746 -6
      vertex -2.4536587041228177 -1.348910287484803 -2
    endloop
  endfacet
  facet normal 0.981981638900606 0.18732301601159967 -0.02494290549229812
    outer loop
      vertex -2.712032851160167 -0.6963316840615935 -2
      vertex -2.8771326338119856 -0.3634663773364818 -6
      vertex -2.777921163680538 -0.35093305398005137 -2
    endloop
  endfacet
  facet normal 0.997716219691928 0.06277098397548607 -0.02494290549229822
    outer loop
      vertex -2.777921163680538 -0.35093305398005137 -2
      vertex -2.9 0 -6
      vertex -2.8 0 -2
    endloop
  endfacet
  facet normal 0.48160378961434286 0.8760340411734615 -0.024942905492298138
    outer loop
      vertex -1.5003150259411908 -2.364118191405642 -2
      vertex -1.1921820163822028 -2.533515746904855 -2
      vertex -1.23475994553871 -2.6239984521514566 -6
    endloop
  endfacet
  facet normal 0.368010020792479 0.9294872113493126 -0.024942905492298228
    outer loop
      vertex -1.1921820163822028 -2.533515746904855 -2
      vertex -0.8652475842498527 -2.6629582456264296 -2
      vertex -0.8961492836873475 -2.758063897255945 -6
    endloop
  endfacet
  facet normal 0.24861251410418927 0.9682818129534378 -0.024942905492298245
    outer loop
      vertex -0.8652475842498527 -2.6629582456264296 -2
      vertex -0.5246676808400295 -2.750404302040328 -2
      vertex -0.543405812298602 -2.848633027113197 -6
    endloop
  endfacet
  facet normal 0.12529423955455793 0.9918060319437705 -0.024942905492298252
    outer loop
      vertex -0.5246676808400295 -2.750404302040328 -2
      vertex -0.1758134546820785 -2.79447483959916 -2
      vertex -0.543405812298602 -2.848633027113197 -6
    endloop
  endfacet
  facet normal 0 0.9996888773341445 -0.0249429054922982
    outer loop
      vertex -0.1758134546820785 -2.79447483959916 -2
      vertex 0.1758134546820785 -2.79447483959916 -2
      vertex -0.1820925066350099 -2.8942775124419873 -6
    endloop
  endfacet
  facet normal 0 0 -1
    outer loop
      vertex -2.712032851160167 -0.6963316840615935 -2
      vertex -2.777921163680538 -0.35093305398005137 -2
      vertex -2.777921163680538 0.35093305398005137 -2
    endloop
  endfacet
  facet normal 0 0 -1
    outer loop
      vertex -2.4536587041228177 -1.348910287484803 -2
      vertex -2.603374160487104 -1.030748747517098 -2
      vertex -2.603374160487104 1.030748747517098 -2
    endloop
  endfacet
  facet normal 0 0 -1
    outer loop
      vertex -2.2652475842498525 -1.6457987064189248 -2
      vertex -2.4536587041228177 -1.348910287484803 -2
      vertex -2.4536587041228177 1.348910287484803 -2
    endloop
  endfacet
  facet normal 0 0 -1
    outer loop
      vertex -2.603374160487104 -1.030748747517098 -2
      vertex -2.712032851160167 -0.6963316840615935 -2
      vertex -2.712032851160167 0.6963316840615935 -2
    endloop
  endfacet
  facet normal 0 0 -1
    outer loop
      vertex -1.7847871712963308 -2.15743707977221 -2
      vertex -1.7847871712963308 2.15743707977221 -2
      vertex -1.5003150259411908 -2.364118191405642 -2
    endloop
  endfacet
  facet normal 0 0 -1
    outer loop
      vertex -2.2652475842498525 -1.6457987064189248 -2
      vertex -2.2652475842498525 1.6457987064189248 -2
      vertex -2.0411121567799526 -1.9167318966003277 -2
    endloop
  endfacet
  facet normal 0 0 -1
    outer loop
      vertex -1.7847871712963308 -2.15743707977221 -2
      vertex -2.0411121567799526 -1.9167318966003277 -2
      vertex -2.0411121567799526 1.9167318966003277 -2
    endloop
  endfacet
  facet normal 0 0 -1
    outer loop
      vertex -1.1921820163822028 -2.533515746904855 -2
      vertex -0.9112107842767646 -0.8556838824108606 -2
      vertex -0.8652475842498527 -2.6629582456264296 -2
    endloop
  endfacet
  facet normal 0 0 -1
    outer loop
      vertex -0.8652475842498527 -2.6629582456264296 -2
      vertex -0.7967799871858621 -0.9631415534697367 -2
      vertex -0.6697834937237459 -1.0554099068775187 -2
    endloop
  endfacet
  facet normal 0 0 -1
    outer loop
      vertex -0.8652475842498527 -2.6629582456264296 -2
      vertex -0.5322241144563405 -1.1310338155825246 -2
      vertex -0.5246676808400295 -2.750404302040328 -2
    endloop
  endfacet
  facet normal 0 0 -1
    outer loop
      vertex -0.8652475842498527 -2.6629582456264296 -2
      vertex -0.6697834937237459 -1.0554099068775187 -2
      vertex -0.5322241144563405 -1.1310338155825246 -2
    endloop
  endfacet
  facet normal 0 0 -1
    outer loop
      vertex -0.5246676808400295 -2.750404302040328 -2
      vertex -0.5322241144563405 -1.1310338155825246 -2
      vertex -0.38627124296868426 -1.1888206453689418 -2
    endloop
  endfacet
  facet normal 0 0 -1
    outer loop
      vertex -0.5246676808400295 -2.750404302040328 -2
      vertex -0.23422664323215603 -1.2278590634108608 -2
      vertex -0.1758134546820785 -2.79447483959916 -2
    endloop
  endfacet
  facet normal 0 0 -1
    outer loop
      vertex -0.1758134546820785 -2.79447483959916 -2
      vertex -0.0784881494116422 -1.2475334105353395 -2
      vertex 0.1758134546820785 -2.79447483959916 -2
    endloop
  endfacet
  facet normal 0 0 -1
    outer loop
      vertex -0.5246676808400295 -2.750404302040328 -2
      vertex -0.38627124296868426 -1.1888206453689418 -2
      vertex -0.23422664323215603 -1.2278590634108608 -2
    endloop
  endfacet
  facet normal 0 0 -1
    outer loop
      vertex -0.1758134546820785 -2.79447483959916 -2
      vertex -0.23422664323215603 -1.2278590634108608 -2
      vertex -0.0784881494116422 -1.2475334105353395 -2
    endloop
  endfacet
  facet normal 0 0 -1
    outer loop
      vertex -1.1921820163822028 -2.533515746904855 -2
      vertex -1.1622206073603143 -0.46015569085584734 -2
      vertex -1.0953833500548293 -0.6021920926271442 -2
    endloop
  endfacet
  facet normal 0 0 -1
    outer loop
      vertex -1.5003150259411908 -2.364118191405642 -2
      vertex -1.5003150259411908 2.364118191405642 -2
      vertex -1.1921820163822028 -2.533515746904855 -2
    endloop
  endfacet
  facet normal 0 0 -1
    outer loop
      vertex -1.1921820163822028 -2.533515746904855 -2
      vertex -1.2107289514107888 -0.31086235895606856 -2
      vertex -1.1622206073603143 -0.46015569085584734 -2
    endloop
  endfacet
  facet normal 0 0 -1
    outer loop
      vertex -1.1921820163822028 -2.533515746904855 -2
      vertex -1.2401433766430974 -0.15666654195538007 -2
      vertex -1.2107289514107888 -0.31086235895606856 -2
    endloop
  endfacet
  facet normal 0 0 -1
    outer loop
      vertex -1.1921820163822028 -2.533515746904855 -2
      vertex -1.0112712429686843 -0.7347315653655915 -2
      vertex -0.9112107842767646 -0.8556838824108606 -2
    endloop
  endfacet
  facet normal 0 0 -1
    outer loop
      vertex -1.1921820163822028 -2.533515746904855 -2
      vertex -1.0953833500548293 -0.6021920926271442 -2
      vertex -1.0112712429686843 -0.7347315653655915 -2
    endloop
  endfacet
  facet normal 0 0 -1
    outer loop
      vertex -0.8652475842498527 -2.6629582456264296 -2
      vertex -0.9112107842767646 -0.8556838824108606 -2
      vertex -0.7967799871858621 -0.9631415534697367 -2
    endloop
  endfacet
  facet normal 0 0 -1
    outer loop
      vertex -1.1921820163822028 -2.533515746904855 -2
      vertex -1.5003150259411908 2.364118191405642 -2
      vertex -1.2401433766430974 -0.15666654195538007 -2
    endloop
  endfacet
  facet normal 0.9977162196919279 -0.06277098397548715 -0.024942905492298127
    outer loop
      vertex -2.777921163680538 0.35093305398005137 -2
      vertex -2.9 0 -6
      vertex -2.8771326338119856 0.3634663773364818 -6
    endloop
  endfacet
  facet normal 0.9819816389006062 -0.18732301601159884 -0.024942905492298204
    outer loop
      vertex -2.712032851160167 0.6963316840615935 -2
      vertex -2.8771326338119856 0.3634663773364818 -6
      vertex -2.80889116727303 0.7212006727780791 -6
    endloop
  endfacet
  facet normal 0.9507606210564248 -0.3089208521838623 -0.024942905492298217
    outer loop
      vertex -2.603374160487104 1.030748747517098 -2
      vertex -2.80889116727303 0.7212006727780791 -6
      vertex -2.6963518090759293 1.0675612027855659 -6
    endloop
  endfacet
  facet normal 0.9045455402613178 -0.4256468219768156 -0.024942905492298214
    outer loop
      vertex -2.4536587041228177 1.348910287484803 -2
      vertex -2.6963518090759293 1.0675612027855659 -6
      vertex -2.541289372127204 1.3970856548949746 -6
    endloop
  endfacet
  facet normal 0.8440652359469767 -0.535660087118106 -0.02494290549229822
    outer loop
      vertex -2.2652475842498525 1.6457987064189248 -2
      vertex -2.541289372127204 1.3970856548949746 -6
      vertex -2.3461492836873474 1.704577231648172 -6
    endloop
  endfacet
  facet normal 0.7702735186416203 -0.6372256726977187 -0.024942905492298228
    outer loop
      vertex -2.0411121567799526 1.9167318966003277 -2
      vertex -2.3461492836873474 1.704577231648172 -6
      vertex -2.114009019522094 1.9851866071931965 -6
    endloop
  endfacet
  facet normal 0.6843341278081887 -0.7287418287587231 -0.02494290549229822
    outer loop
      vertex -2.0411121567799526 1.9167318966003277 -2
      vertex -2.114009019522094 1.9851866071931965 -6
      vertex -1.8485295702712 2.234488404049789 -6
    endloop
  endfacet
  facet normal 0.5876023789778293 -0.8087652908509352 -0.02494290549229823
    outer loop
      vertex -1.7847871712963308 2.15743707977221 -2
      vertex -1.8485295702712 2.234488404049789 -6
      vertex -1.5538977054390906 2.4485509839558435 -6
    endloop
  endfacet
  facet normal 0.4816037896143432 -0.8760340411734614 -0.024942905492298214
    outer loop
      vertex -1.5003150259411908 2.364118191405642 -2
      vertex -1.5538977054390906 2.4485509839558435 -6
      vertex -1.2347599455387108 2.6239984521514566 -6
    endloop
  endfacet
  facet normal 0.3680100207924791 -0.9294872113493124 -0.02494290549229826
    outer loop
      vertex -1.1921820163822034 2.5335157469048544 -2
      vertex -1.2347599455387108 2.6239984521514566 -6
      vertex -0.8961492836873475 2.758063897255945 -6
    endloop
  endfacet
  facet normal 0.2486125141041891 -0.968281812953438 -0.02494290549229822
    outer loop
      vertex -0.8652475842498527 2.6629582456264296 -2
      vertex -0.8961492836873475 2.758063897255945 -6
      vertex -0.5434058122986013 2.848633027113197 -6
    endloop
  endfacet
  facet normal 0.1252942395545572 -0.9918060319437706 -0.02494290549229814
    outer loop
      vertex -0.5246676808400288 2.7504043020403284 -2
      vertex -0.5434058122986013 2.848633027113197 -6
      vertex -0.1820925066350085 2.8942775124419873 -6
    endloop
  endfacet
  facet normal 0 -0.9996888773341445 -0.024942905492298204
    outer loop
      vertex -0.17581345468207715 2.79447483959916 -2
      vertex -0.1820925066350085 2.8942775124419873 -6
      vertex 0.18209250663500332 2.8942775124419873 -6
    endloop
  endfacet
  facet normal 0.997716219691928 -0.06277098397548607 -0.02494290549229822
    outer loop
      vertex -2.8 0 -2
      vertex -2.9 0 -6
      vertex -2.777921163680538 0.35093305398005137 -2
    endloop
  endfacet
  facet normal 0.981981638900606 -0.18732301601159967 -0.024942905492298127
    outer loop
      vertex -2.777921163680538 0.35093305398005137 -2
      vertex -2.8771326338119856 0.3634663773364818 -6
      vertex -2.712032851160167 0.6963316840615935 -2
    endloop
  endfacet
  facet normal 0.9507606210564248 -0.30892085218386234 -0.024942905492298204
    outer loop
      vertex -2.712032851160167 0.6963316840615935 -2
      vertex -2.80889116727303 0.7212006727780791 -6
      vertex -2.603374160487104 1.030748747517098 -2
    endloop
  endfacet
  facet normal 0.9045455402613178 -0.42564682197681564 -0.024942905492298217
    outer loop
      vertex -2.603374160487104 1.030748747517098 -2
      vertex -2.6963518090759293 1.0675612027855659 -6
      vertex -2.4536587041228177 1.348910287484803 -2
    endloop
  endfacet
  facet normal 0.8440652359469767 -0.5356600871181061 -0.02494290549229822
    outer loop
      vertex -2.4536587041228177 1.348910287484803 -2
      vertex -2.541289372127204 1.3970856548949746 -6
      vertex -2.2652475842498525 1.6457987064189248 -2
    endloop
  endfacet
  facet normal 0.7702735186416201 -0.6372256726977187 -0.024942905492298217
    outer loop
      vertex -2.2652475842498525 1.6457987064189248 -2
      vertex -2.3461492836873474 1.704577231648172 -6
      vertex -2.0411121567799526 1.9167318966003277 -2
    endloop
  endfacet
  facet normal 0.6843341278081886 -0.7287418287587232 -0.024942905492298235
    outer loop
      vertex -2.0411121567799526 1.9167318966003277 -2
      vertex -1.8485295702712 2.234488404049789 -6
      vertex -1.7847871712963308 2.15743707977221 -2
    endloop
  endfacet
  facet normal 0.5876023789778295 -0.8087652908509351 -0.024942905492298217
    outer loop
      vertex -1.7847871712963308 2.15743707977221 -2
      vertex -1.5538977054390906 2.4485509839558435 -6
      vertex -1.5003150259411908 2.364118191405642 -2
    endloop
  endfacet
  facet normal 0.48160378961434275 -0.8760340411734616 -0.02494290549229827
    outer loop
      vertex -1.5003150259411908 2.364118191405642 -2
      vertex -1.2347599455387108 2.6239984521514566 -6
      vertex -1.1921820163822034 2.5335157469048544 -2
    endloop
  endfacet
  facet normal 0.3680100207924794 -0.9294872113493122 -0.024942905492298224
    outer loop
      vertex -1.1921820163822034 2.5335157469048544 -2
      vertex -0.8961492836873475 2.758063897255945 -6
      vertex -0.8652475842498527 2.6629582456264296 -2
    endloop
  endfacet
  facet normal 0.24861251410419 -0.9682818129534376 -0.024942905492298138
    outer loop
      vertex -0.8652475842498527 2.6629582456264296 -2
      vertex -0.5434058122986013 2.848633027113197 -6
      vertex -0.5246676808400288 2.7504043020403284 -2
    endloop
  endfacet
  facet normal 0.12529423955455643 -0.9918060319437706 -0.024942905492298204
    outer loop
      vertex -0.5246676808400288 2.7504043020403284 -2
      vertex -0.1820925066350085 2.8942775124419873 -6
      vertex -0.17581345468207715 2.79447483959916 -2
    endloop
  endfacet
  facet normal 0 0 -1
    outer loop
      vertex -2.777921163680538 -0.35093305398005137 -2
      vertex -2.8 0 -2
      vertex -2.777921163680538 0.35093305398005137 -2
    endloop
  endfacet
  facet normal 0 0 -1
    outer loop
      vertex -2.712032851160167 -0.6963316840615935 -2
      vertex -2.777921163680538 0.35093305398005137 -2
      vertex -2.712032851160167 0.6963316840615935 -2
    endloop
  endfacet
  facet normal 0 0 -1
    outer loop
      vertex -2.603374160487104 -1.030748747517098 -2
      vertex -2.712032851160167 0.6963316840615935 -2
      vertex -2.603374160487104 1.030748747517098 -2
    endloop
  endfacet
  facet normal 0 0 -1
    outer loop
      vertex -2.4536587041228177 -1.348910287484803 -2
      vertex -2.603374160487104 1.030748747517098 -2
      vertex -2.4536587041228177 1.348910287484803 -2
    endloop
  endfacet
  facet normal 0 0 -1
    outer loop
      vertex -2.2652475842498525 -1.6457987064189248 -2
      vertex -2.4536587041228177 1.348910287484803 -2
      vertex -2.2652475842498525 1.6457987064189248 -2
    endloop
  endfacet
  facet normal 0 0 -1
    outer loop
      vertex -2.0411121567799526 -1.9167318966003277 -2
      vertex -2.2652475842498525 1.6457987064189248 -2
      vertex -2.0411121567799526 1.9167318966003277 -2
    endloop
  endfacet
  facet normal 0 0 -1
    outer loop
      vertex -1.7847871712963308 -2.15743707977221 -2
      vertex -2.0411121567799526 1.9167318966003277 -2
      vertex -1.7847871712963308 2.15743707977221 -2
    endloop
  endfacet
  facet normal 0 0 -1
    outer loop
      vertex -1.5003150259411908 -2.364118191405642 -2
      vertex -1.7847871712963308 2.15743707977221 -2
      vertex -1.5003150259411908 2.364118191405642 -2
    endloop
  endfacet
  facet normal 0 0 -1
    outer loop
      vertex -1.2401433766430974 -0.15666654195538007 -2
      vertex -1.5003150259411908 2.364118191405642 -2
      vertex -1.25 0 -2
    endloop
  endfacet
  facet normal 0 0 -1
    outer loop
      vertex -1.25 0 -2
      vertex -1.5003150259411908 2.364118191405642 -2
      vertex -1.2401433766430974 0.15666654195538007 -2
    endloop
  endfacet
  facet normal 0 0 -1
    outer loop
      vertex -1.2401433766430974 0.15666654195538007 -2
      vertex -1.5003150259411908 2.364118191405642 -2
      vertex -1.2107289514107888 0.31086235895606856 -2
    endloop
  endfacet
  facet normal 0 0 -1
    outer loop
      vertex -1.2107289514107888 0.31086235895606856 -2
      vertex -1.1921820163822034 2.5335157469048544 -2
      vertex -1.1622206073603143 0.46015569085584734 -2
    endloop
  endfacet
  facet normal 0 0 -1
    outer loop
      vertex -1.1622206073603143 0.46015569085584734 -2
      vertex -1.1921820163822034 2.5335157469048544 -2
      vertex -1.0953833500548293 0.6021920926271442 -2
    endloop
  endfacet
  facet normal 0 0 -1
    outer loop
      vertex -1.0953833500548293 0.6021920926271442 -2
      vertex -1.1921820163822034 2.5335157469048544 -2
      vertex -1.0112712429686843 0.7347315653655915 -2
    endloop
  endfacet
  facet normal 0 0 -1
    outer loop
      vertex -1.0112712429686843 0.7347315653655915 -2
      vertex -1.1921820163822034 2.5335157469048544 -2
      vertex -0.9112107842767646 0.8556838824108606 -2
    endloop
  endfacet
  facet normal 0 0 -1
    outer loop
      vertex -0.9112107842767646 0.8556838824108606 -2
      vertex -0.8652475842498527 2.6629582456264296 -2
      vertex -0.7967799871858621 0.9631415534697367 -2
    endloop
  endfacet
  facet normal 0 0 -1
    outer loop
      vertex -1.2107289514107888 0.31086235895606856 -2
      vertex -1.5003150259411908 2.364118191405642 -2
      vertex -1.1921820163822034 2.5335157469048544 -2
    endloop
  endfacet
  facet normal 0 0 -1
    outer loop
      vertex -0.7967799871858621 0.9631415534697367 -2
      vertex -0.8652475842498527 2.6629582456264296 -2
      vertex -0.6697834937237459 1.0554099068775187 -2
    endloop
  endfacet
  facet normal 0 0 -1
    outer loop
      vertex -0.9112107842767646 0.8556838824108606 -2
      vertex -1.1921820163822034 2.5335157469048544 -2
      vertex -0.8652475842498527 2.6629582456264296 -2
    endloop
  endfacet
  facet normal 0 0 -1
    outer loop
      vertex -0.6697834937237459 1.0554099068775187 -2
      vertex -0.8652475842498527 2.6629582456264296 -2
      vertex -0.5322241144563409 1.1310338155825244 -2
    endloop
  endfacet
  facet normal 0 0 -1
    outer loop
      vertex -0.5322241144563409 1.1310338155825244 -2
      vertex -0.5246676808400288 2.7504043020403284 -2
      vertex -0.38627124296868426 1.1888206453689418 -2
    endloop
  endfacet
  facet normal 0 0 -1
    outer loop
      vertex -0.5322241144563409 1.1310338155825244 -2
      vertex -0.8652475842498527 2.6629582456264296 -2
      vertex -0.5246676808400288 2.7504043020403284 -2
    endloop
  endfacet
  facet normal 0 0 -1
    outer loop
      vertex -0.38627124296868426 1.1888206453689418 -2
      vertex -0.5246676808400288 2.7504043020403284 -2
      vertex -0.23422664323215572 1.2278590634108608 -2
    endloop
  endfacet
  facet normal 0 0 -1
    outer loop
      vertex -0.23422664323215572 1.2278590634108608 -2
      vertex -0.17581345468207715 2.79447483959916 -2
      vertex -0.07848814941164159 1.2475334105353395 -2
    endloop
  endfacet
  facet normal 0 0 -1
    outer loop
      vertex -0.07848814941164159 1.2475334105353395 -2
      vertex -0.17581345468207715 2.79447483959916 -2
      vertex 0.07848814941164159 1.2475334105353395 -2
    endloop
  endfacet
  facet normal 0 0 -1
    outer loop
      vertex -0.23422664323215572 1.2278590634108608 -2
      vertex -0.5246676808400288 2.7504043020403284 -2
      vertex -0.17581345468207715 2.79447483959916 -2
    endloop
  endfacet
  facet normal 0 0.9996888773341446 -0.0249429054922982
    outer loop
      vertex 0.1758134546820785 -2.79447483959916 -2
      vertex 0.1820925066350099 -2.8942775124419873 -6
      vertex -0.1820925066350099 -2.8942775124419873 -6
    endloop
  endfacet
  facet normal -0.12529423955455743 0.9918060319437704 -0.024942905492298245
    outer loop
      vertex 0.5246676808400295 -2.750404302040328 -2
      vertex 0.543405812298602 -2.848633027113197 -6
      vertex 0.1820925066350099 -2.8942775124419873 -6
    endloop
  endfacet
  facet normal -0.24861251410418952 0.9682818129534378 -0.02494290549229822
    outer loop
      vertex 0.8652475842498527 -2.6629582456264296 -2
      vertex 0.8961492836873475 -2.758063897255945 -6
      vertex 0.543405812298602 -2.848633027113197 -6
    endloop
  endfacet
  facet normal -0.36801002079247996 0.9294872113493122 -0.024942905492298145
    outer loop
      vertex 1.1921820163822028 -2.533515746904855 -2
      vertex 1.23475994553871 -2.6239984521514566 -6
      vertex 0.8961492836873475 -2.758063897255945 -6
    endloop
  endfacet
  facet normal -0.4816037896143421 0.876034041173462 -0.024942905492298214
    outer loop
      vertex 1.5003150259411893 -2.364118191405643 -2
      vertex 1.553897705439089 -2.4485509839558444 -6
      vertex 1.23475994553871 -2.6239984521514566 -6
    endloop
  endfacet
  facet normal -0.5876023789778294 0.8087652908509352 -0.024942905492298235
    outer loop
      vertex 1.7847871712963317 -2.157437079772209 -2
      vertex 1.8485295702712008 -2.234488404049788 -6
      vertex 1.553897705439089 -2.4485509839558444 -6
    endloop
  endfacet
  facet normal -0.6843341278081886 0.7287418287587231 -0.02494290549229822
    outer loop
      vertex 2.0411121567799526 -1.9167318966003277 -2
      vertex 2.114009019522094 -1.9851866071931965 -6
      vertex 1.8485295702712008 -2.234488404049788 -6
    endloop
  endfacet
  facet normal -0.7702735186416203 0.6372256726977187 -0.024942905492298228
    outer loop
      vertex 2.0411121567799526 -1.9167318966003277 -2
      vertex 2.3461492836873474 -1.704577231648172 -6
      vertex 2.114009019522094 -1.9851866071931965 -6
    endloop
  endfacet
  facet normal -0.8440652359469767 0.535660087118106 -0.02494290549229822
    outer loop
      vertex 2.2652475842498525 -1.6457987064189248 -2
      vertex 2.541289372127204 -1.3970856548949746 -6
      vertex 2.3461492836873474 -1.704577231648172 -6
    endloop
  endfacet
  facet normal -0.9045455402613182 0.425646821976815 -0.024942905492298214
    outer loop
      vertex 2.4536587041228177 -1.348910287484803 -2
      vertex 2.6963518090759284 -1.0675612027855672 -6
      vertex 2.541289372127204 -1.3970856548949746 -6
    endloop
  endfacet
  facet normal -0.9507606210564244 0.30892085218386356 -0.024942905492298217
    outer loop
      vertex 2.6033741604871032 -1.0307487475170993 -2
      vertex 2.8088911672730306 -0.7212006727780779 -6
      vertex 2.6963518090759284 -1.0675612027855672 -6
    endloop
  endfacet
  facet normal -0.9819816389006063 0.1873230160115983 -0.024942905492298304
    outer loop
      vertex 2.712032851160167 -0.6963316840615924 -2
      vertex 2.8771326338119856 -0.3634663773364818 -6
      vertex 2.8088911672730306 -0.7212006727780779 -6
    endloop
  endfacet
  facet normal -0.9977162196919279 0.06277098397548715 -0.024942905492298127
    outer loop
      vertex 2.777921163680538 -0.35093305398005137 -2
      vertex 2.9 0 -6
      vertex 2.8771326338119856 -0.3634663773364818 -6
    endloop
  endfacet
  facet normal -0.12529423955455793 0.9918060319437705 -0.024942905492298207
    outer loop
      vertex 0.1758134546820785 -2.79447483959916 -2
      vertex 0.5246676808400295 -2.750404302040328 -2
      vertex 0.1820925066350099 -2.8942775124419873 -6
    endloop
  endfacet
  facet normal -0.24861251410418927 0.9682818129534378 -0.024942905492298245
    outer loop
      vertex 0.5246676808400295 -2.750404302040328 -2
      vertex 0.8652475842498527 -2.6629582456264296 -2
      vertex 0.543405812298602 -2.848633027113197 -6
    endloop
  endfacet
  facet normal -0.368010020792479 0.9294872113493126 -0.024942905492298228
    outer loop
      vertex 0.8652475842498527 -2.6629582456264296 -2
      vertex 1.1921820163822028 -2.533515746904855 -2
      vertex 0.8961492836873475 -2.758063897255945 -6
    endloop
  endfacet
  facet normal -0.48160378961434275 0.8760340411734615 -0.024942905492298134
    outer loop
      vertex 1.1921820163822028 -2.533515746904855 -2
      vertex 1.5003150259411893 -2.364118191405643 -2
      vertex 1.23475994553871 -2.6239984521514566 -6
    endloop
  endfacet
  facet normal -0.5876023789778294 0.808765290850935 -0.024942905492298214
    outer loop
      vertex 1.5003150259411893 -2.364118191405643 -2
      vertex 1.7847871712963317 -2.157437079772209 -2
      vertex 1.553897705439089 -2.4485509839558444 -6
    endloop
  endfacet
  facet normal -0.6843341278081884 0.7287418287587232 -0.024942905492298235
    outer loop
      vertex 1.7847871712963317 -2.157437079772209 -2
      vertex 2.0411121567799526 -1.9167318966003277 -2
      vertex 1.8485295702712008 -2.234488404049788 -6
    endloop
  endfacet
  facet normal -0.7702735186416201 0.6372256726977187 -0.02494290549229822
    outer loop
      vertex 2.0411121567799526 -1.9167318966003277 -2
      vertex 2.2652475842498525 -1.6457987064189248 -2
      vertex 2.3461492836873474 -1.704577231648172 -6
    endloop
  endfacet
  facet normal -0.8440652359469767 0.5356600871181061 -0.024942905492298224
    outer loop
      vertex 2.2652475842498525 -1.6457987064189248 -2
      vertex 2.4536587041228177 -1.348910287484803 -2
      vertex 2.541289372127204 -1.3970856548949746 -6
    endloop
  endfacet
  facet normal -0.9045455402613181 0.42564682197681497 -0.024942905492298217
    outer loop
      vertex 2.4536587041228177 -1.348910287484803 -2
      vertex 2.6033741604871032 -1.0307487475170993 -2
      vertex 2.6963518090759284 -1.0675612027855672 -6
    endloop
  endfacet
  facet normal -0.9507606210564247 0.3089208521838626 -0.024942905492298304
    outer loop
      vertex 2.6033741604871032 -1.0307487475170993 -2
      vertex 2.712032851160167 -0.6963316840615924 -2
      vertex 2.8088911672730306 -0.7212006727780779 -6
    endloop
  endfacet
  facet normal -0.981981638900606 0.18732301601160026 -0.024942905492298127
    outer loop
      vertex 2.712032851160167 -0.6963316840615924 -2
      vertex 2.777921163680538 -0.35093305398005137 -2
      vertex 2.8771326338119856 -0.3634663773364818 -6
    endloop
  endfacet
  facet normal -0.997716219691928 0.06277098397548607 -0.02494290549229822
    outer loop
      vertex 2.777921163680538 -0.35093305398005137 -2
      vertex 2.8 0 -2
      vertex 2.9 0 -6
    endloop
  endfacet
  facet normal 0 0 -1
    outer loop
      vertex 0.1758134546820785 -2.79447483959916 -2
      vertex 0.23422664323215603 -1.2278590634108608 -2
      vertex 0.5246676808400295 -2.750404302040328 -2
    endloop
  endfacet
  facet normal 0 0 -1
    outer loop
      vertex -0.0784881494116422 -1.2475334105353395 -2
      vertex 0.07848814941164259 -1.2475334105353395 -2
      vertex 0.1758134546820785 -2.79447483959916 -2
    endloop
  endfacet
  facet normal 0 0 -1
    outer loop
      vertex 0.1758134546820785 -2.79447483959916 -2
      vertex 0.07848814941164259 -1.2475334105353395 -2
      vertex 0.23422664323215603 -1.2278590634108608 -2
    endloop
  endfacet
  facet normal 0 0 -1
    outer loop
      vertex 0.5246676808400295 -2.750404302040328 -2
      vertex 0.23422664323215603 -1.2278590634108608 -2
      vertex 0.38627124296868426 -1.1888206453689418 -2
    endloop
  endfacet
  facet normal 0 0 -1
    outer loop
      vertex 0.5246676808400295 -2.750404302040328 -2
      vertex 0.5322241144563405 -1.1310338155825246 -2
      vertex 0.8652475842498527 -2.6629582456264296 -2
    endloop
  endfacet
  facet normal 0 0 -1
    outer loop
      vertex 0.5246676808400295 -2.750404302040328 -2
      vertex 0.38627124296868426 -1.1888206453689418 -2
      vertex 0.5322241144563405 -1.1310338155825246 -2
    endloop
  endfacet
  facet normal 0 0 -1
    outer loop
      vertex 0.8652475842498527 -2.6629582456264296 -2
      vertex 0.5322241144563405 -1.1310338155825246 -2
      vertex 0.6697834937237452 -1.0554099068775191 -2
    endloop
  endfacet
  facet normal 0 0 -1
    outer loop
      vertex 0.8652475842498527 -2.6629582456264296 -2
      vertex 0.9112107842767646 -0.8556838824108606 -2
      vertex 1.1921820163822028 -2.533515746904855 -2
    endloop
  endfacet
  facet normal 0 0 -1
    outer loop
      vertex 0.8652475842498527 -2.6629582456264296 -2
      vertex 0.6697834937237452 -1.0554099068775191 -2
      vertex 0.7967799871858625 -0.9631415534697363 -2
    endloop
  endfacet
  facet normal 0 0 -1
    outer loop
      vertex 1.1921820163822028 -2.533515746904855 -2
      vertex 1.210728951410789 -0.31086235895606806 -2
      vertex 1.5003150259411893 -2.364118191405643 -2
    endloop
  endfacet
  facet normal 0 0 -1
    outer loop
      vertex 0.8652475842498527 -2.6629582456264296 -2
      vertex 0.7967799871858625 -0.9631415534697363 -2
      vertex 0.9112107842767646 -0.8556838824108606 -2
    endloop
  endfacet
  facet normal 0 0 -1
    outer loop
      vertex 1.1921820163822028 -2.533515746904855 -2
      vertex 0.9112107842767646 -0.8556838824108606 -2
      vertex 1.0112712429686843 -0.7347315653655915 -2
    endloop
  endfacet
  facet normal 0 0 -1
    outer loop
      vertex 1.1921820163822028 -2.533515746904855 -2
      vertex 1.0112712429686843 -0.7347315653655915 -2
      vertex 1.0953833500548293 -0.6021920926271442 -2
    endloop
  endfacet
  facet normal 0 0 -1
    outer loop
      vertex 1.1921820163822028 -2.533515746904855 -2
      vertex 1.0953833500548293 -0.6021920926271442 -2
      vertex 1.162220607360314 -0.46015569085584795 -2
    endloop
  endfacet
  facet normal 0 0 -1
    outer loop
      vertex 1.1921820163822028 -2.533515746904855 -2
      vertex 1.162220607360314 -0.46015569085584795 -2
      vertex 1.210728951410789 -0.31086235895606806 -2
    endloop
  endfacet
  facet normal 0 0 -1
    outer loop
      vertex 1.5003150259411893 -2.364118191405643 -2
      vertex 1.210728951410789 -0.31086235895606806 -2
      vertex 1.2401433766430974 -0.15666654195538007 -2
    endloop
  endfacet
  facet normal 0 0 -1
    outer loop
      vertex 1.5003150259411893 -2.364118191405643 -2
      vertex 1.2401433766430974 -0.15666654195538007 -2
      vertex 1.25 0 -2
    endloop
  endfacet
  facet normal 0 0 -1
    outer loop
      vertex 1.5003150259411893 -2.364118191405643 -2
      vertex 1.25 0 -2
      vertex 1.2401433766430974 0.15666654195538032 -2
    endloop
  endfacet
  facet normal 0 0 -1
    outer loop
      vertex 1.5003150259411893 -2.364118191405643 -2
      vertex 1.5003150259411906 2.364118191405642 -2
      vertex 1.7847871712963317 -2.157437079772209 -2
    endloop
  endfacet
  facet normal 0 0 -1
    outer loop
      vertex 1.7847871712963317 -2.157437079772209 -2
      vertex 1.7847871712963312 2.1574370797722096 -2
      vertex 2.0411121567799526 -1.9167318966003277 -2
    endloop
  endfacet
  facet normal 0 0 -1
    outer loop
      vertex 2.0411121567799526 -1.9167318966003277 -2
      vertex 2.041112156779952 1.9167318966003284 -2
      vertex 2.2652475842498525 -1.6457987064189248 -2
    endloop
  endfacet
  facet normal 0 0 -1
    outer loop
      vertex 2.2652475842498525 -1.6457987064189248 -2
      vertex 2.2652475842498525 1.6457987064189248 -2
      vertex 2.4536587041228177 -1.348910287484803 -2
    endloop
  endfacet
  facet normal 0 0 -1
    outer loop
      vertex 2.4536587041228177 -1.348910287484803 -2
      vertex 2.4536587041228177 1.348910287484803 -2
      vertex 2.6033741604871032 -1.0307487475170993 -2
    endloop
  endfacet
  facet normal 0 0 -1
    outer loop
      vertex 2.6033741604871032 -1.0307487475170993 -2
      vertex 2.6033741604871037 1.0307487475170982 -2
      vertex 2.712032851160167 -0.6963316840615924 -2
    endloop
  endfacet
  facet normal 0 0 -1
    outer loop
      vertex 2.712032851160167 -0.6963316840615924 -2
      vertex 2.712032851160167 0.6963316840615934 -2
      vertex 2.777921163680538 -0.35093305398005137 -2
    endloop
  endfacet
  facet normal -0.1252942395545554 -0.9918060319437707 -0.02494290549229804
    outer loop
      vertex 0.17581345468207715 2.79447483959916 -2
      vertex 0.18209250663500332 2.8942775124419873 -6
      vertex 0.5434058122986013 2.848633027113197 -6
    endloop
  endfacet
  facet normal -0.3680100207924791 -0.9294872113493124 -0.02494290549229826
    outer loop
      vertex 1.1921820163822034 2.5335157469048544 -2
      vertex 0.8961492836873475 2.758063897255945 -6
      vertex 1.2347599455387108 2.6239984521514566 -6
    endloop
  endfacet
  facet normal -0.2486125141041891 -0.968281812953438 -0.02494290549229822
    outer loop
      vertex 0.8652475842498527 2.6629582456264296 -2
      vertex 0.5434058122986013 2.848633027113197 -6
      vertex 0.8961492836873475 2.758063897255945 -6
    endloop
  endfacet
  facet normal -0.4816037896143434 -0.8760340411734612 -0.024942905492298214
    outer loop
      vertex 1.5003150259411906 2.364118191405642 -2
      vertex 1.2347599455387108 2.6239984521514566 -6
      vertex 1.5538977054390903 2.4485509839558435 -6
    endloop
  endfacet
  facet normal -0.9977162196919279 -0.06277098397548705 -0.02494290549229822
    outer loop
      vertex 2.8 0 -2
      vertex 2.8771326338119856 0.36346637733648235 -6
      vertex 2.9 0 -6
    endloop
  endfacet
  facet normal -0.981981638900606 -0.18732301601159923 -0.024942905492298193
    outer loop
      vertex 2.712032851160167 0.6963316840615934 -2
      vertex 2.80889116727303 0.7212006727780789 -6
      vertex 2.8771326338119856 0.36346637733648235 -6
    endloop
  endfacet
  facet normal -0.9045455402613185 -0.4256468219768141 -0.02494290549229829
    outer loop
      vertex 2.4536587041228177 1.348910287484803 -2
      vertex 2.5412893721272045 1.3970856548949744 -6
      vertex 2.696351809075929 1.067561202785566 -6
    endloop
  endfacet
  facet normal -0.9507606210564246 -0.30892085218386306 -0.024942905492298217
    outer loop
      vertex 2.6033741604871037 1.0307487475170982 -2
      vertex 2.696351809075929 1.067561202785566 -6
      vertex 2.80889116727303 0.7212006727780789 -6
    endloop
  endfacet
  facet normal -0.5876023789778295 -0.8087652908509351 -0.024942905492298204
    outer loop
      vertex 1.7847871712963312 2.1574370797722096 -2
      vertex 1.5538977054390903 2.4485509839558435 -6
      vertex 1.8485295702712001 2.2344884040497885 -6
    endloop
  endfacet
  facet normal -0.7702735186416202 -0.6372256726977183 -0.024942905492298224
    outer loop
      vertex 2.041112156779952 1.9167318966003284 -2
      vertex 2.1140090195220935 1.9851866071931972 -6
      vertex 2.3461492836873474 1.704577231648172 -6
    endloop
  endfacet
  facet normal -0.6843341278081879 -0.7287418287587237 -0.02494290549229822
    outer loop
      vertex 2.041112156779952 1.9167318966003284 -2
      vertex 1.8485295702712001 2.2344884040497885 -6
      vertex 2.1140090195220935 1.9851866071931972 -6
    endloop
  endfacet
  facet normal -0.8440652359469762 -0.5356600871181065 -0.024942905492298224
    outer loop
      vertex 2.2652475842498525 1.6457987064189248 -2
      vertex 2.3461492836873474 1.704577231648172 -6
      vertex 2.5412893721272045 1.3970856548949744 -6
    endloop
  endfacet
  facet normal 0 -0.9996888773341445 -0.0249429054922982
    outer loop
      vertex -0.17581345468207715 2.79447483959916 -2
      vertex 0.18209250663500332 2.8942775124419873 -6
      vertex 0.17581345468207715 2.79447483959916 -2
    endloop
  endfacet
  facet normal -0.12529423955455643 -0.9918060319437706 -0.024942905492298134
    outer loop
      vertex 0.17581345468207715 2.79447483959916 -2
      vertex 0.5434058122986013 2.848633027113197 -6
      vertex 0.5246676808400288 2.7504043020403284 -2
    endloop
  endfacet
  facet normal -0.24861251410419 -0.9682818129534376 -0.024942905492298134
    outer loop
      vertex 0.5246676808400288 2.7504043020403284 -2
      vertex 0.5434058122986013 2.848633027113197 -6
      vertex 0.8652475842498527 2.6629582456264296 -2
    endloop
  endfacet
  facet normal -0.3680100207924794 -0.9294872113493122 -0.024942905492298224
    outer loop
      vertex 0.8652475842498527 2.6629582456264296 -2
      vertex 0.8961492836873475 2.758063897255945 -6
      vertex 1.1921820163822034 2.5335157469048544 -2
    endloop
  endfacet
  facet normal -0.48160378961434297 -0.8760340411734614 -0.024942905492298263
    outer loop
      vertex 1.1921820163822034 2.5335157469048544 -2
      vertex 1.2347599455387108 2.6239984521514566 -6
      vertex 1.5003150259411906 2.364118191405642 -2
    endloop
  endfacet
  facet normal -0.997716219691928 -0.06277098397548597 -0.024942905492298124
    outer loop
      vertex 2.8 0 -2
      vertex 2.777921163680538 0.3509330539800519 -2
      vertex 2.8771326338119856 0.36346637733648235 -6
    endloop
  endfacet
  facet normal -0.981981638900606 -0.18732301601160004 -0.024942905492298124
    outer loop
      vertex 2.777921163680538 0.3509330539800519 -2
      vertex 2.712032851160167 0.6963316840615934 -2
      vertex 2.8771326338119856 0.36346637733648235 -6
    endloop
  endfacet
  facet normal -0.8440652359469767 -0.5356600871181061 -0.024942905492298287
    outer loop
      vertex 2.4536587041228177 1.348910287484803 -2
      vertex 2.2652475842498525 1.6457987064189248 -2
      vertex 2.5412893721272045 1.3970856548949744 -6
    endloop
  endfacet
  facet normal -0.9045455402613183 -0.42564682197681486 -0.02494290549229822
    outer loop
      vertex 2.6033741604871037 1.0307487475170982 -2
      vertex 2.4536587041228177 1.348910287484803 -2
      vertex 2.696351809075929 1.067561202785566 -6
    endloop
  endfacet
  facet normal -0.9507606210564246 -0.3089208521838632 -0.024942905492298197
    outer loop
      vertex 2.712032851160167 0.6963316840615934 -2
      vertex 2.6033741604871037 1.0307487475170982 -2
      vertex 2.80889116727303 0.7212006727780789 -6
    endloop
  endfacet
  facet normal -0.684334127808188 -0.7287418287587235 -0.024942905492298197
    outer loop
      vertex 2.041112156779952 1.9167318966003284 -2
      vertex 1.7847871712963312 2.1574370797722096 -2
      vertex 1.8485295702712001 2.2344884040497885 -6
    endloop
  endfacet
  facet normal -0.7702735186416203 -0.6372256726977185 -0.02494290549229822
    outer loop
      vertex 2.041112156779952 1.9167318966003284 -2
      vertex 2.3461492836873474 1.704577231648172 -6
      vertex 2.2652475842498525 1.6457987064189248 -2
    endloop
  endfacet
  facet normal -0.5876023789778294 -0.8087652908509351 -0.024942905492298217
    outer loop
      vertex 1.5003150259411906 2.364118191405642 -2
      vertex 1.5538977054390903 2.4485509839558435 -6
      vertex 1.7847871712963312 2.1574370797722096 -2
    endloop
  endfacet
  facet normal 0 0 -1
    outer loop
      vertex 1.5003150259411893 -2.364118191405643 -2
      vertex 1.2401433766430974 0.15666654195538032 -2
      vertex 1.1921820163822034 2.5335157469048544 -2
    endloop
  endfacet
  facet normal 0 0 -1
    outer loop
      vertex 0.7967799871858622 0.9631415534697364 -2
      vertex 0.8652475842498527 2.6629582456264296 -2
      vertex 0.9112107842767645 0.8556838824108609 -2
    endloop
  endfacet
  facet normal 0 0 -1
    outer loop
      vertex 1.0112712429686843 0.7347315653655915 -2
      vertex 1.1921820163822034 2.5335157469048544 -2
      vertex 1.0953833500548296 0.6021920926271441 -2
    endloop
  endfacet
  facet normal 0 0 -1
    outer loop
      vertex 1.0112712429686843 0.7347315653655915 -2
      vertex 0.9112107842767645 0.8556838824108609 -2
      vertex 1.1921820163822034 2.5335157469048544 -2
    endloop
  endfacet
  facet normal 0 0 -1
    outer loop
      vertex 1.2401433766430974 0.15666654195538032 -2
      vertex 1.2107289514107888 0.3108623589560685 -2
      vertex 1.1921820163822034 2.5335157469048544 -2
    endloop
  endfacet
  facet normal 0 0 -1
    outer loop
      vertex 1.2107289514107888 0.3108623589560685 -2
      vertex 1.162220607360314 0.46015569085584745 -2
      vertex 1.1921820163822034 2.5335157469048544 -2
    endloop
  endfacet
  facet normal 0 0 -1
    outer loop
      vertex 1.5003150259411893 -2.364118191405643 -2
      vertex 1.1921820163822034 2.5335157469048544 -2
      vertex 1.5003150259411906 2.364118191405642 -2
    endloop
  endfacet
  facet normal 0 0 -1
    outer loop
      vertex 1.162220607360314 0.46015569085584745 -2
      vertex 1.0953833500548296 0.6021920926271441 -2
      vertex 1.1921820163822034 2.5335157469048544 -2
    endloop
  endfacet
  facet normal 0 0 -1
    outer loop
      vertex 0.07848814941164159 1.2475334105353395 -2
      vertex 0.17581345468207715 2.79447483959916 -2
      vertex 0.23422664323215572 1.2278590634108608 -2
    endloop
  endfacet
  facet normal 0 0 -1
    outer loop
      vertex 0.23422664323215572 1.2278590634108608 -2
      vertex 0.5246676808400288 2.7504043020403284 -2
      vertex 0.38627124296868426 1.1888206453689418 -2
    endloop
  endfacet
  facet normal 0 0 -1
    outer loop
      vertex -0.17581345468207715 2.79447483959916 -2
      vertex 0.17581345468207715 2.79447483959916 -2
      vertex 0.07848814941164159 1.2475334105353395 -2
    endloop
  endfacet
  facet normal 0 0 -1
    outer loop
      vertex 0.23422664323215572 1.2278590634108608 -2
      vertex 0.17581345468207715 2.79447483959916 -2
      vertex 0.5246676808400288 2.7504043020403284 -2
    endloop
  endfacet
  facet normal 0 0 -1
    outer loop
      vertex 0.38627124296868426 1.1888206453689418 -2
      vertex 0.5246676808400288 2.7504043020403284 -2
      vertex 0.5322241144563409 1.1310338155825244 -2
    endloop
  endfacet
  facet normal 0 0 -1
    outer loop
      vertex 0.5322241144563409 1.1310338155825244 -2
      vertex 0.8652475842498527 2.6629582456264296 -2
      vertex 0.6697834937237458 1.055409906877519 -2
    endloop
  endfacet
  facet normal 0 0 -1
    outer loop
      vertex 0.5322241144563409 1.1310338155825244 -2
      vertex 0.5246676808400288 2.7504043020403284 -2
      vertex 0.8652475842498527 2.6629582456264296 -2
    endloop
  endfacet
  facet normal 0 0 -1
    outer loop
      vertex 0.7967799871858622 0.9631415534697364 -2
      vertex 0.6697834937237458 1.055409906877519 -2
      vertex 0.8652475842498527 2.6629582456264296 -2
    endloop
  endfacet
  facet normal 0 0 -1
    outer loop
      vertex 0.9112107842767645 0.8556838824108609 -2
      vertex 0.8652475842498527 2.6629582456264296 -2
      vertex 1.1921820163822034 2.5335157469048544 -2
    endloop
  endfacet
  facet normal 0 0 -1
    outer loop
      vertex 2.0411121567799526 -1.9167318966003277 -2
      vertex 1.7847871712963312 2.1574370797722096 -2
      vertex 2.041112156779952 1.9167318966003284 -2
    endloop
  endfacet
  facet normal 0 0 -1
    outer loop
      vertex 2.2652475842498525 -1.6457987064189248 -2
      vertex 2.041112156779952 1.9167318966003284 -2
      vertex 2.2652475842498525 1.6457987064189248 -2
    endloop
  endfacet
  facet normal 0 0 -1
    outer loop
      vertex 1.7847871712963317 -2.157437079772209 -2
      vertex 1.5003150259411906 2.364118191405642 -2
      vertex 1.7847871712963312 2.1574370797722096 -2
    endloop
  endfacet
  facet normal 0 0 -1
    outer loop
      vertex 2.712032851160167 -0.6963316840615924 -2
      vertex 2.6033741604871037 1.0307487475170982 -2
      vertex 2.712032851160167 0.6963316840615934 -2
    endloop
  endfacet
  facet normal 0 0 -1
    outer loop
      vertex 2.4536587041228177 -1.348910287484803 -2
      vertex 2.2652475842498525 1.6457987064189248 -2
      vertex 2.4536587041228177 1.348910287484803 -2
    endloop
  endfacet
  facet normal 0 0 -1
    outer loop
      vertex 2.6033741604871032 -1.0307487475170993 -2
      vertex 2.4536587041228177 1.348910287484803 -2
      vertex 2.6033741604871037 1.0307487475170982 -2
    endloop
  endfacet
  facet normal 0 0 -1
    outer loop
      vertex 2.777921163680538 -0.35093305398005137 -2
      vertex 2.777921163680538 0.3509330539800519 -2
      vertex 2.8 0 -2
    endloop
  endfacet
  facet normal 0 0 -1
    outer loop
      vertex 2.777921163680538 -0.35093305398005137 -2
      vertex 2.712032851160167 0.6963316840615934 -2
      vertex 2.777921163680538 0.3509330539800519 -2
    endloop
  endfacet
  facet normal 0.7705132427757888 0.6374239897486901 0
    outer loop
      vertex -0.9112107842767646 -0.8556838824108606 -2
      vertex -1.0112712429686843 -0.7347315653655915 -2
      vertex -1.0112712429686843 -0.7347315653655915 6
    endloop
  endfacet
  facet normal 0.6845471059286894 0.7289686274214109 0
    outer loop
      vertex -0.9112107842767646 -0.8556838824108606 -2
      vertex -0.9112107842767646 -0.8556838824108606 6
      vertex -0.7967799871858621 -0.9631415534697367 -2
    endloop
  endfacet
  facet normal 0.9510565162951536 0.30901699437494723 0
    outer loop
      vertex -1.1622206073603143 -0.46015569085584734 -2
      vertex -1.2107289514107888 -0.31086235895606856 -2
      vertex -1.2107289514107888 -0.31086235895606856 6
    endloop
  endfacet
  facet normal 0.9822872507286885 0.1873813145857251 0
    outer loop
      vertex -1.2107289514107888 -0.31086235895606856 -2
      vertex -1.2401433766430974 -0.15666654195538007 -2
      vertex -1.2401433766430974 -0.15666654195538007 6
    endloop
  endfacet
  facet normal 0.9980267284282716 0.06279051952931293 0
    outer loop
      vertex -1.2401433766430974 -0.15666654195538007 -2
      vertex -1.25 0 -2
      vertex -1.25 0 6
    endloop
  endfacet
  facet normal 0.8443279255020154 0.535826794978996 0
    outer loop
      vertex -1.0953833500548293 -0.6021920926271442 -2
      vertex -1.0953833500548293 -0.6021920926271442 6
      vertex -1.0112712429686843 -0.7347315653655915 -2
    endloop
  endfacet
  facet normal 0.9048270524660195 0.42577929156507305 0
    outer loop
      vertex -1.0953833500548293 -0.6021920926271442 -2
      vertex -1.1622206073603143 -0.46015569085584734 -2
      vertex -1.1622206073603143 -0.46015569085584734 6
    endloop
  endfacet
  facet normal 0.3681245526846768 0.9297764858882519 0
    outer loop
      vertex -0.5322241144563405 -1.1310338155825246 -2
      vertex -0.5322241144563405 -1.1310338155825246 6
      vertex -0.38627124296868426 -1.1888206453689418 -2
    endloop
  endfacet
  facet normal 0.5877852522924722 0.8090169943749481 0
    outer loop
      vertex -0.6697834937237459 -1.0554099068775187 -2
      vertex -0.7967799871858621 -0.9631415534697367 -2
      vertex -0.7967799871858621 -0.9631415534697367 6
    endloop
  endfacet
  facet normal 0.4817536741017159 0.8763066800438633 0
    outer loop
      vertex -0.6697834937237459 -1.0554099068775187 -2
      vertex -0.6697834937237459 -1.0554099068775187 6
      vertex -0.5322241144563405 -1.1310338155825246 -2
    endloop
  endfacet
  facet normal 0.2486898871648558 0.9685831611286309 0
    outer loop
      vertex -0.38627124296868426 -1.1888206453689418 -2
      vertex -0.38627124296868426 -1.1888206453689418 6
      vertex -0.23422664323215603 -1.2278590634108608 -2
    endloop
  endfacet
  facet normal 0.12533323356430498 0.9921147013144778 0
    outer loop
      vertex -0.23422664323215603 -1.2278590634108608 -2
      vertex -0.23422664323215603 -1.2278590634108608 6
      vertex -0.0784881494116422 -1.2475334105353395 -2
    endloop
  endfacet
  facet normal 0 1 0
    outer loop
      vertex -0.0784881494116422 -1.2475334105353395 -2
      vertex -0.0784881494116422 -1.2475334105353395 6
      vertex 0.07848814941164259 -1.2475334105353395 -2
    endloop
  endfacet
  facet normal 0.7705132427757888 0.6374239897486901 0
    outer loop
      vertex -0.9112107842767646 -0.8556838824108606 -2
      vertex -1.0112712429686843 -0.7347315653655915 6
      vertex -0.9112107842767646 -0.8556838824108606 6
    endloop
  endfacet
  facet normal 0.6845471059286894 0.7289686274214109 0
    outer loop
      vertex -0.7967799871858621 -0.9631415534697367 -2
      vertex -0.9112107842767646 -0.8556838824108606 6
      vertex -0.7967799871858621 -0.9631415534697367 6
    endloop
  endfacet
  facet normal 0.9510565162951536 0.30901699437494723 0
    outer loop
      vertex -1.1622206073603143 -0.46015569085584734 -2
      vertex -1.2107289514107888 -0.31086235895606856 6
      vertex -1.1622206073603143 -0.46015569085584734 6
    endloop
  endfacet
  facet normal 0.9822872507286885 0.1873813145857251 0
    outer loop
      vertex -1.2107289514107888 -0.31086235895606856 -2
      vertex -1.2401433766430974 -0.15666654195538007 6
      vertex -1.2107289514107888 -0.31086235895606856 6
    endloop
  endfacet
  facet normal 0.9980267284282716 0.06279051952931293 0
    outer loop
      vertex -1.2401433766430974 -0.15666654195538007 -2
      vertex -1.25 0 6
      vertex -1.2401433766430974 -0.15666654195538007 6
    endloop
  endfacet
  facet normal 0.8443279255020154 0.535826794978996 0
    outer loop
      vertex -1.0112712429686843 -0.7347315653655915 -2
      vertex -1.0953833500548293 -0.6021920926271442 6
      vertex -1.0112712429686843 -0.7347315653655915 6
    endloop
  endfacet
  facet normal 0.9048270524660195 0.42577929156507305 0
    outer loop
      vertex -1.0953833500548293 -0.6021920926271442 -2
      vertex -1.1622206073603143 -0.46015569085584734 6
      vertex -1.0953833500548293 -0.6021920926271442 6
    endloop
  endfacet
  facet normal 0.3681245526846768 0.9297764858882519 0
    outer loop
      vertex -0.38627124296868426 -1.1888206453689418 -2
      vertex -0.5322241144563405 -1.1310338155825246 6
      vertex -0.38627124296868426 -1.1888206453689418 6
    endloop
  endfacet
  facet normal 0.5877852522924722 0.8090169943749481 0
    outer loop
      vertex -0.6697834937237459 -1.0554099068775187 -2
      vertex -0.7967799871858621 -0.9631415534697367 6
      vertex -0.6697834937237459 -1.0554099068775187 6
    endloop
  endfacet
  facet normal 0.4817536741017159 0.8763066800438633 0
    outer loop
      vertex -0.5322241144563405 -1.1310338155825246 -2
      vertex -0.6697834937237459 -1.0554099068775187 6
      vertex -0.5322241144563405 -1.1310338155825246 6
    endloop
  endfacet
  facet normal 0.2486898871648558 0.9685831611286309 0
    outer loop
      vertex -0.23422664323215603 -1.2278590634108608 -2
      vertex -0.38627124296868426 -1.1888206453689418 6
      vertex -0.23422664323215603 -1.2278590634108608 6
    endloop
  endfacet
  facet normal 0.12533323356430498 0.9921147013144778 0
    outer loop
      vertex -0.0784881494116422 -1.2475334105353395 -2
      vertex -0.23422664323215603 -1.2278590634108608 6
      vertex -0.0784881494116422 -1.2475334105353395 6
    endloop
  endfacet
  facet normal 0.9980267284282716 -0.06279051952931293 0
    outer loop
      vertex -1.25 0 -2
      vertex -1.2401433766430974 0.15666654195538007 -2
      vertex -1.2401433766430974 0.15666654195538007 6
    endloop
  endfacet
  facet normal 0.9822872507286885 -0.1873813145857251 0
    outer loop
      vertex -1.2401433766430974 0.15666654195538007 -2
      vertex -1.2107289514107888 0.31086235895606856 -2
      vertex -1.2107289514107888 0.31086235895606856 6
    endloop
  endfacet
  facet normal 0.9510565162951536 -0.30901699437494723 0
    outer loop
      vertex -1.2107289514107888 0.31086235895606856 -2
      vertex -1.1622206073603143 0.46015569085584734 -2
      vertex -1.1622206073603143 0.46015569085584734 6
    endloop
  endfacet
  facet normal 0.9048270524660195 -0.42577929156507305 0
    outer loop
      vertex -1.1622206073603143 0.46015569085584734 -2
      vertex -1.0953833500548293 0.6021920926271442 -2
      vertex -1.0953833500548293 0.6021920926271442 6
    endloop
  endfacet
  facet normal 0.8443279255020154 -0.535826794978996 0
    outer loop
      vertex -1.0953833500548293 0.6021920926271442 -2
      vertex -1.0112712429686843 0.7347315653655915 -2
      vertex -1.0112712429686843 0.7347315653655915 6
    endloop
  endfacet
  facet normal 0.7705132427757888 -0.6374239897486901 0
    outer loop
      vertex -1.0112712429686843 0.7347315653655915 -2
      vertex -0.9112107842767646 0.8556838824108606 -2
      vertex -0.9112107842767646 0.8556838824108606 6
    endloop
  endfacet
  facet normal 0.6845471059286894 -0.7289686274214109 0
    outer loop
      vertex -0.9112107842767646 0.8556838824108606 -2
      vertex -0.7967799871858621 0.9631415534697367 -2
      vertex -0.7967799871858621 0.9631415534697367 6
    endloop
  endfacet
  facet normal 0.5877852522924722 -0.8090169943749481 0
    outer loop
      vertex -0.7967799871858621 0.9631415534697367 -2
      vertex -0.6697834937237459 1.0554099068775187 -2
      vertex -0.6697834937237459 1.0554099068775187 6
    endloop
  endfacet
  facet normal 0.48175367410171577 -0.8763066800438635 0
    outer loop
      vertex -0.6697834937237459 1.0554099068775187 -2
      vertex -0.5322241144563409 1.1310338155825244 -2
      vertex -0.5322241144563409 1.1310338155825244 6
    endloop
  endfacet
  facet normal 0.36812455268467725 -0.9297764858882516 0
    outer loop
      vertex -0.5322241144563409 1.1310338155825244 -2
      vertex -0.38627124296868426 1.1888206453689418 -2
      vertex -0.38627124296868426 1.1888206453689418 6
    endloop
  endfacet
  facet normal 0.24868988716485532 -0.968583161128631 0
    outer loop
      vertex -0.38627124296868426 1.1888206453689418 -2
      vertex -0.23422664323215572 1.2278590634108608 -2
      vertex -0.23422664323215572 1.2278590634108608 6
    endloop
  endfacet
  facet normal 0.12533323356430473 -0.9921147013144778 -9.151495412441297e-17
    outer loop
      vertex -0.23422664323215572 1.2278590634108608 -2
      vertex -0.07848814941164159 1.2475334105353395 -2
      vertex -0.07848814941163576 1.2475334105353395 6
    endloop
  endfacet
  facet normal 0.9980267284282716 -0.06279051952931293 0
    outer loop
      vertex -1.25 0 -2
      vertex -1.2401433766430974 0.15666654195538007 6
      vertex -1.25 0 6
    endloop
  endfacet
  facet normal 0.9822872507286885 -0.1873813145857251 0
    outer loop
      vertex -1.2401433766430974 0.15666654195538007 -2
      vertex -1.2107289514107888 0.31086235895606856 6
      vertex -1.2401433766430974 0.15666654195538007 6
    endloop
  endfacet
  facet normal 0.9510565162951536 -0.30901699437494723 0
    outer loop
      vertex -1.2107289514107888 0.31086235895606856 -2
      vertex -1.1622206073603143 0.46015569085584734 6
      vertex -1.2107289514107888 0.31086235895606856 6
    endloop
  endfacet
  facet normal 0.9048270524660195 -0.42577929156507305 0
    outer loop
      vertex -1.1622206073603143 0.46015569085584734 -2
      vertex -1.0953833500548293 0.6021920926271442 6
      vertex -1.1622206073603143 0.46015569085584734 6
    endloop
  endfacet
  facet normal 0.8443279255020154 -0.535826794978996 0
    outer loop
      vertex -1.0953833500548293 0.6021920926271442 -2
      vertex -1.0112712429686843 0.7347315653655915 6
      vertex -1.0953833500548293 0.6021920926271442 6
    endloop
  endfacet
  facet normal 0.7705132427757888 -0.6374239897486901 0
    outer loop
      vertex -1.0112712429686843 0.7347315653655915 -2
      vertex -0.9112107842767646 0.8556838824108606 6
      vertex -1.0112712429686843 0.7347315653655915 6
    endloop
  endfacet
  facet normal 0.6845471059286894 -0.7289686274214109 0
    outer loop
      vertex -0.9112107842767646 0.8556838824108606 -2
      vertex -0.7967799871858621 0.9631415534697367 6
      vertex -0.9112107842767646 0.8556838824108606 6
    endloop
  endfacet
  facet normal 0.5877852522924722 -0.8090169943749481 0
    outer loop
      vertex -0.7967799871858621 0.9631415534697367 -2
      vertex -0.6697834937237459 1.0554099068775187 6
      vertex -0.7967799871858621 0.9631415534697367 6
    endloop
  endfacet
  facet normal 0.48175367410171577 -0.8763066800438635 0
    outer loop
      vertex -0.6697834937237459 1.0554099068775187 -2
      vertex -0.5322241144563409 1.1310338155825244 6
      vertex -0.6697834937237459 1.0554099068775187 6
    endloop
  endfacet
  facet normal 0.36812455268467725 -0.9297764858882516 0
    outer loop
      vertex -0.5322241144563409 1.1310338155825244 -2
      vertex -0.38627124296868426 1.1888206453689418 6
      vertex -0.5322241144563409 1.1310338155825244 6
    endloop
  endfacet
  facet normal 0.24868988716485532 -0.968583161128631 0
    outer loop
      vertex -0.38627124296868426 1.1888206453689418 -2
      vertex -0.23422664323215572 1.2278590634108608 6
      vertex -0.38627124296868426 1.1888206453689418 6
    endloop
  endfacet
  facet normal 0.12533323356430012 -0.9921147013144784 0
    outer loop
      vertex -0.23422664323215572 1.2278590634108608 -2
      vertex -0.07848814941163576 1.2475334105353395 6
      vertex -0.23422664323215572 1.2278590634108608 6
    endloop
  endfacet
  facet normal 0 -1 0
    outer loop
      vertex -0.07848814941164159 1.2475334105353395 -2
      vertex 0.07848814941164159 1.2475334105353395 6
      vertex -0.07848814941163576 1.2475334105353395 6
    endloop
  endfacet
  facet normal -0.12533323356430529 0.9921147013144778 -5.4354625646021174e-18
    outer loop
      vertex 0.07848814941164259 -1.2475334105353395 -2
      vertex 0.07848814941164224 -1.2475334105353395 6
      vertex 0.23422664323215603 -1.2278590634108608 -2
    endloop
  endfacet
  facet normal -0.2486898871648558 0.9685831611286309 0
    outer loop
      vertex 0.23422664323215603 -1.2278590634108608 -2
      vertex 0.23422664323215603 -1.2278590634108608 6
      vertex 0.38627124296868426 -1.1888206453689418 -2
    endloop
  endfacet
  facet normal -0.3681245526846768 0.9297764858882519 0
    outer loop
      vertex 0.38627124296868426 -1.1888206453689418 -2
      vertex 0.38627124296868426 -1.1888206453689418 6
      vertex 0.5322241144563405 -1.1310338155825246 -2
    endloop
  endfacet
  facet normal -0.48175367410171555 0.8763066800438635 0
    outer loop
      vertex 0.5322241144563405 -1.1310338155825246 -2
      vertex 0.5322241144563405 -1.1310338155825246 6
      vertex 0.6697834937237452 -1.0554099068775191 -2
    endloop
  endfacet
  facet normal -0.5877852522924726 0.8090169943749479 0
    outer loop
      vertex 0.6697834937237452 -1.0554099068775191 -2
      vertex 0.6697834937237452 -1.0554099068775191 6
      vertex 0.7967799871858625 -0.9631415534697363 -2
    endloop
  endfacet
  facet normal -0.6845471059286893 0.728968627421411 0
    outer loop
      vertex 0.7967799871858625 -0.9631415534697363 -2
      vertex 0.7967799871858625 -0.9631415534697363 6
      vertex 0.9112107842767646 -0.8556838824108606 -2
    endloop
  endfacet
  facet normal -0.7705132427757888 0.6374239897486901 0
    outer loop
      vertex 0.9112107842767646 -0.8556838824108606 -2
      vertex 0.9112107842767646 -0.8556838824108606 6
      vertex 1.0112712429686843 -0.7347315653655915 -2
    endloop
  endfacet
  facet normal -0.8443279255020154 0.535826794978996 0
    outer loop
      vertex 1.0112712429686843 -0.7347315653655915 -2
      vertex 1.0112712429686843 -0.7347315653655915 6
      vertex 1.0953833500548293 -0.6021920926271442 -2
    endloop
  endfacet
  facet normal -0.9048270524660192 0.4257792915650733 0
    outer loop
      vertex 1.0953833500548293 -0.6021920926271442 -2
      vertex 1.0953833500548293 -0.6021920926271442 6
      vertex 1.162220607360314 -0.46015569085584795 -2
    endloop
  endfacet
  facet normal -0.9510565162951535 0.30901699437494773 0
    outer loop
      vertex 1.162220607360314 -0.46015569085584795 -2
      vertex 1.162220607360314 -0.46015569085584795 6
      vertex 1.210728951410789 -0.31086235895606806 -2
    endloop
  endfacet
  facet normal -0.9822872507286887 0.18738131458572435 0
    outer loop
      vertex 1.210728951410789 -0.31086235895606806 -2
      vertex 1.210728951410789 -0.31086235895606806 6
      vertex 1.2401433766430974 -0.15666654195538007 -2
    endloop
  endfacet
  facet normal -0.9980267284282716 0.06279051952931293 0
    outer loop
      vertex 1.2401433766430974 -0.15666654195538007 -2
      vertex 1.2401433766430974 -0.15666654195538007 6
      vertex 1.25 0 -2
    endloop
  endfacet
  facet normal 0 1 0
    outer loop
      vertex 0.07848814941164259 -1.2475334105353395 -2
      vertex -0.0784881494116422 -1.2475334105353395 6
      vertex 0.07848814941164224 -1.2475334105353395 6
    endloop
  endfacet
  facet normal -0.125333233564305 0.9921147013144778 0
    outer loop
      vertex 0.23422664323215603 -1.2278590634108608 -2
      vertex 0.07848814941164224 -1.2475334105353395 6
      vertex 0.23422664323215603 -1.2278590634108608 6
    endloop
  endfacet
  facet normal -0.2486898871648558 0.9685831611286309 0
    outer loop
      vertex 0.38627124296868426 -1.1888206453689418 -2
      vertex 0.23422664323215603 -1.2278590634108608 6
      vertex 0.38627124296868426 -1.1888206453689418 6
    endloop
  endfacet
  facet normal -0.3681245526846768 0.9297764858882519 0
    outer loop
      vertex 0.5322241144563405 -1.1310338155825246 -2
      vertex 0.38627124296868426 -1.1888206453689418 6
      vertex 0.5322241144563405 -1.1310338155825246 6
    endloop
  endfacet
  facet normal -0.48175367410171555 0.8763066800438635 0
    outer loop
      vertex 0.6697834937237452 -1.0554099068775191 -2
      vertex 0.5322241144563405 -1.1310338155825246 6
      vertex 0.6697834937237452 -1.0554099068775191 6
    endloop
  endfacet
  facet normal -0.5877852522924726 0.8090169943749479 0
    outer loop
      vertex 0.7967799871858625 -0.9631415534697363 -2
      vertex 0.6697834937237452 -1.0554099068775191 6
      vertex 0.7967799871858625 -0.9631415534697363 6
    endloop
  endfacet
  facet normal -0.6845471059286893 0.728968627421411 0
    outer loop
      vertex 0.9112107842767646 -0.8556838824108606 -2
      vertex 0.7967799871858625 -0.9631415534697363 6
      vertex 0.9112107842767646 -0.8556838824108606 6
    endloop
  endfacet
  facet normal -0.7705132427757888 0.6374239897486901 0
    outer loop
      vertex 1.0112712429686843 -0.7347315653655915 -2
      vertex 0.9112107842767646 -0.8556838824108606 6
      vertex 1.0112712429686843 -0.7347315653655915 6
    endloop
  endfacet
  facet normal -0.8443279255020154 0.535826794978996 0
    outer loop
      vertex 1.0953833500548293 -0.6021920926271442 -2
      vertex 1.0112712429686843 -0.7347315653655915 6
      vertex 1.0953833500548293 -0.6021920926271442 6
    endloop
  endfacet
  facet normal -0.9048270524660192 0.4257792915650733 0
    outer loop
      vertex 1.162220607360314 -0.46015569085584795 -2
      vertex 1.0953833500548293 -0.6021920926271442 6
      vertex 1.162220607360314 -0.46015569085584795 6
    endloop
  endfacet
  facet normal -0.9510565162951535 0.30901699437494773 0
    outer loop
      vertex 1.210728951410789 -0.31086235895606806 -2
      vertex 1.162220607360314 -0.46015569085584795 6
      vertex 1.210728951410789 -0.31086235895606806 6
    endloop
  endfacet
  facet normal -0.9822872507286887 0.18738131458572435 0
    outer loop
      vertex 1.2401433766430974 -0.15666654195538007 -2
      vertex 1.210728951410789 -0.31086235895606806 6
      vertex 1.2401433766430974 -0.15666654195538007 6
    endloop
  endfacet
  facet normal -0.9980267284282716 0.06279051952931293 0
    outer loop
      vertex 1.25 0 -2
      vertex 1.2401433766430974 -0.15666654195538007 6
      vertex 1.25 0 6
    endloop
  endfacet
  facet normal 0 -1 0
    outer loop
      vertex -0.07848814941164159 1.2475334105353395 -2
      vertex 0.07848814941164159 1.2475334105353395 -2
      vertex 0.07848814941164159 1.2475334105353395 6
    endloop
  endfacet
  facet normal -0.12533323356430473 -0.9921147013144778 0
    outer loop
      vertex 0.07848814941164159 1.2475334105353395 -2
      vertex 0.23422664323215572 1.2278590634108608 -2
      vertex 0.23422664323215572 1.2278590634108608 6
    endloop
  endfacet
  facet normal -0.24868988716485532 -0.968583161128631 0
    outer loop
      vertex 0.23422664323215572 1.2278590634108608 -2
      vertex 0.38627124296868426 1.1888206453689418 -2
      vertex 0.38627124296868426 1.1888206453689418 6
    endloop
  endfacet
  facet normal -0.48175367410171493 -0.8763066800438638 0
    outer loop
      vertex 0.5322241144563409 1.1310338155825244 -2
      vertex 0.6697834937237458 1.055409906877519 -2
      vertex 0.6697834937237458 1.055409906877519 6
    endloop
  endfacet
  facet normal -0.5877852522924739 -0.8090169943749469 0
    outer loop
      vertex 0.7967799871858622 0.9631415534697364 -2
      vertex 0.7967799871858622 0.9631415534697364 6
      vertex 0.6697834937237458 1.055409906877519 -2
    endloop
  endfacet
  facet normal -0.36812455268467725 -0.9297764858882516 0
    outer loop
      vertex 0.38627124296868426 1.1888206453689418 -2
      vertex 0.5322241144563409 1.1310338155825244 -2
      vertex 0.5322241144563409 1.1310338155825244 6
    endloop
  endfacet
  facet normal -0.9048270524660201 -0.42577929156507116 0
    outer loop
      vertex 1.162220607360314 0.46015569085584745 -2
      vertex 1.162220607360314 0.46015569085584745 6
      vertex 1.0953833500548296 0.6021920926271441 -2
    endloop
  endfacet
  facet normal -0.8443279255020149 -0.5358267949789967 0
    outer loop
      vertex 1.0112712429686843 0.7347315653655915 -2
      vertex 1.0953833500548296 0.6021920926271441 -2
      vertex 1.0953833500548296 0.6021920926271441 6
    endloop
  endfacet
  facet normal -0.9980267284282716 -0.06279051952931283 0
    outer loop
      vertex 1.25 0 -2
      vertex 1.25 0 6
      vertex 1.2401433766430974 0.15666654195538032 -2
    endloop
  endfacet
  facet normal -0.9822872507286885 -0.18738131458572546 0
    outer loop
      vertex 1.2401433766430974 0.15666654195538032 -2
      vertex 1.2401433766430974 0.15666654195538032 6
      vertex 1.2107289514107888 0.3108623589560685 -2
    endloop
  endfacet
  facet normal -0.9510565162951534 -0.30901699437494823 0
    outer loop
      vertex 1.2107289514107888 0.3108623589560685 -2
      vertex 1.2107289514107888 0.3108623589560685 6
      vertex 1.162220607360314 0.46015569085584745 -2
    endloop
  endfacet
  facet normal -0.6845471059286878 -0.7289686274214122 0
    outer loop
      vertex 0.7967799871858622 0.9631415534697364 -2
      vertex 0.9112107842767645 0.8556838824108609 -2
      vertex 0.9112107842767645 0.8556838824108609 6
    endloop
  endfacet
  facet normal -0.7705132427757895 -0.6374239897486895 0
    outer loop
      vertex 1.0112712429686843 0.7347315653655915 -2
      vertex 1.0112712429686843 0.7347315653655915 6
      vertex 0.9112107842767645 0.8556838824108609 -2
    endloop
  endfacet
  facet normal -0.12533323356430473 -0.9921147013144778 0
    outer loop
      vertex 0.07848814941164159 1.2475334105353395 -2
      vertex 0.23422664323215572 1.2278590634108608 6
      vertex 0.07848814941164159 1.2475334105353395 6
    endloop
  endfacet
  facet normal -0.24868988716485532 -0.968583161128631 0
    outer loop
      vertex 0.23422664323215572 1.2278590634108608 -2
      vertex 0.38627124296868426 1.1888206453689418 6
      vertex 0.23422664323215572 1.2278590634108608 6
    endloop
  endfacet
  facet normal -0.48175367410171493 -0.8763066800438638 0
    outer loop
      vertex 0.5322241144563409 1.1310338155825244 -2
      vertex 0.6697834937237458 1.055409906877519 6
      vertex 0.5322241144563409 1.1310338155825244 6
    endloop
  endfacet
  facet normal -0.5877852522924739 -0.8090169943749469 0
    outer loop
      vertex 0.6697834937237458 1.055409906877519 -2
      vertex 0.7967799871858622 0.9631415534697364 6
      vertex 0.6697834937237458 1.055409906877519 6
    endloop
  endfacet
  facet normal -0.36812455268467725 -0.9297764858882516 0
    outer loop
      vertex 0.38627124296868426 1.1888206453689418 -2
      vertex 0.5322241144563409 1.1310338155825244 6
      vertex 0.38627124296868426 1.1888206453689418 6
    endloop
  endfacet
  facet normal -0.9048270524660201 -0.42577929156507116 0
    outer loop
      vertex 1.0953833500548296 0.6021920926271441 -2
      vertex 1.162220607360314 0.46015569085584745 6
      vertex 1.0953833500548296 0.6021920926271441 6
    endloop
  endfacet
  facet normal -0.8443279255020149 -0.5358267949789967 0
    outer loop
      vertex 1.0112712429686843 0.7347315653655915 -2
      vertex 1.0953833500548296 0.6021920926271441 6
      vertex 1.0112712429686843 0.7347315653655915 6
    endloop
  endfacet
  facet normal -0.9980267284282716 -0.06279051952931283 0
    outer loop
      vertex 1.2401433766430974 0.15666654195538032 -2
      vertex 1.25 0 6
      vertex 1.2401433766430974 0.15666654195538032 6
    endloop
  endfacet
  facet normal -0.9822872507286885 -0.18738131458572546 0
    outer loop
      vertex 1.2107289514107888 0.3108623589560685 -2
      vertex 1.2401433766430974 0.15666654195538032 6
      vertex 1.2107289514107888 0.3108623589560685 6
    endloop
  endfacet
  facet normal -0.9510565162951534 -0.30901699437494823 0
    outer loop
      vertex 1.162220607360314 0.46015569085584745 -2
      vertex 1.2107289514107888 0.3108623589560685 6
      vertex 1.162220607360314 0.46015569085584745 6
    endloop
  endfacet
  facet normal -0.6845471059286878 -0.7289686274214122 0
    outer loop
      vertex 0.7967799871858622 0.9631415534697364 -2
      vertex 0.9112107842767645 0.8556838824108609 6
      vertex 0.7967799871858622 0.9631415534697364 6
    endloop
  endfacet
  facet normal -0.7705132427757895 -0.6374239897486895 0
    outer loop
      vertex 0.9112107842767645 0.8556838824108609 -2
      vertex 1.0112712429686843 0.7347315653655915 6
      vertex 0.9112107842767645 0.8556838824108609 6
    endloop
  endfacet
  facet normal 0 0 -1
    outer loop
      vertex -24.306810182204707 -3.0706642223254494 -6
      vertex -24.339008485170588 -2.5588868519378747 -6
      vertex -24.46780169703412 0.5117773703875749 -6
    endloop
  endfacet
  facet normal 0 0 -1
    outer loop
      vertex -22.77952390426216 -9.019051540774608 -6
      vertex -23.730287447651463 -6.0929022355389435 -6
      vertex -22.77952390426216 9.019051540774608 -6
    endloop
  endfacet
  facet normal 0 0 -1
    outer loop
      vertex -23.730287447651463 -6.0929022355389435 -6
      vertex -24.306810182204707 -3.0706642223254494 -6
      vertex -23.730287447651463 6.0929022355389435 -6
    endloop
  endfacet
  facet normal 0 0 -1
    outer loop
      vertex -24.339008485170588 -2.5588868519378747 -6
      vertex -24.5 0 -6
      vertex -24.46780169703412 0.5117773703875749 -6
    endloop
  endfacet
  facet normal 0 0 -1
    outer loop
      vertex -21.469513661074654 -11.802965015492028 -6
      vertex -22.77952390426216 -9.019051540774608 -6
      vertex -21.469513661074654 11.802965015492028 -6
    endloop
  endfacet
  facet normal -0.9980267284282716 -0.06279051952931392 -4.690978318460485e-16
    outer loop
      vertex -24.306810182204707 -3.0706642223254494 -3
      vertex -24.5 0 -6
      vertex -24.339008485170588 -2.5588868519378747 -6
    endloop
  endfacet
  facet normal 0 0 -1
    outer loop
      vertex -19.820916362186214 -14.400738681165592 -6
      vertex -21.469513661074654 -11.802965015492028 -6
      vertex -19.820916362186214 14.400738681165592 -6
    endloop
  endfacet
  facet normal 0 0 -1
    outer loop
      vertex -17.859731371824587 -16.77140409525287 -6
      vertex -19.820916362186214 -14.400738681165592 -6
      vertex -17.859731371824587 16.77140409525287 -6
    endloop
  endfacet
  facet normal -0.9980267284282714 -0.06279051952931344 0
    outer loop
      vertex -24.5 0 -3
      vertex -24.5 0 -6
      vertex -24.306810182204707 -3.0706642223254494 -3
    endloop
  endfacet
  facet normal 0 0 -1
    outer loop
      vertex -13.127756476985422 -20.686034174799367 -6
      vertex -15.616887748842895 -18.87757444800684 -6
      vertex -13.127756476985422 20.686034174799367 -6
    endloop
  endfacet
  facet normal 0 0 -1
    outer loop
      vertex -15.616887748842895 -18.87757444800684 -6
      vertex -17.859731371824587 -16.77140409525287 -6
      vertex -15.616887748842895 18.87757444800684 -6
    endloop
  endfacet
  facet normal 0 0 -1
    outer loop
      vertex -7.368139908988441 -2.0958561296993703 -6
      vertex -7.570916362186211 -23.30088464923126 -6
      vertex -10.431592643344274 -22.16826278541748 -6
    endloop
  endfacet
  facet normal 0 0 -1
    outer loop
      vertex -1.3395669874474905 -9.485819813755038 -6
      vertex -1.5383677284681871 -24.45165484649265 -6
      vertex -4.590842207350258 -24.06603764285287 -6
    endloop
  endfacet
  facet normal 0 0 -1
    outer loop
      vertex -6.161409621527751 -1.618077809829157 -6
      vertex -4.590842207350258 -24.06603764285287 -6
      vertex -7.570916362186211 -23.30088464923126 -6
    endloop
  endfacet
  facet normal 0 0 -1
    outer loop
      vertex -4.590842207350258 -24.06603764285287 -6
      vertex -2.421457902821578 -7.996724717912136 -6
      vertex -2.324441214720628 -8.295311381711695 -6
    endloop
  endfacet
  facet normal 0 0 -1
    outer loop
      vertex -4.590842207350258 -24.06603764285287 -6
      vertex -2.4802867532861947 -7.68833308391076 -6
      vertex -2.421457902821578 -7.996724717912136 -6
    endloop
  endfacet
  facet normal 0 0 -1
    outer loop
      vertex -4.590842207350258 -24.06603764285287 -6
      vertex -2.5 -7.375 -6
      vertex -2.4802867532861947 -7.68833308391076 -6
    endloop
  endfacet
  facet normal 0 0 -1
    outer loop
      vertex -4.590842207350258 -24.06603764285287 -6
      vertex -2.1907667001096587 -8.579384185254288 -6
      vertex -2.0225424859373686 -8.844463130731183 -6
    endloop
  endfacet
  facet normal 0 0 -1
    outer loop
      vertex -4.590842207350258 -24.06603764285287 -6
      vertex -2.0225424859373686 -8.844463130731183 -6
      vertex -1.8224215685535292 -9.086367764821722 -6
    endloop
  endfacet
  facet normal 0 0 -1
    outer loop
      vertex -4.590842207350258 -24.06603764285287 -6
      vertex -1.8224215685535292 -9.086367764821722 -6
      vertex -1.593559974371725 -9.301283106939472 -6
    endloop
  endfacet
  facet normal 0 0 -1
    outer loop
      vertex -1.3395669874474905 -9.485819813755038 -6
      vertex -4.590842207350258 -24.06603764285287 -6
      vertex -1.593559974371725 -9.301283106939472 -6
    endloop
  endfacet
  facet normal 0 0 -1
    outer loop
      vertex -4.590842207350258 -24.06603764285287 -6
      vertex -2.324441214720628 -8.295311381711695 -6
      vertex -2.1907667001096587 -8.579384185254288 -6
    endloop
  endfacet
  facet normal 0 0 -1
    outer loop
      vertex -1.5383677284681871 -24.45165484649265 -6
      vertex -1.3395669874474905 -9.485819813755038 -6
      vertex -1.064448228912681 -9.63706763116505 -6
    endloop
  endfacet
  facet normal 0 0 -1
    outer loop
      vertex -1.5383677284681871 -24.45165484649265 -6
      vertex -1.064448228912681 -9.63706763116505 -6
      vertex -0.7725424859373685 -9.752641290737884 -6
    endloop
  endfacet
  facet normal 0 0 -1
    outer loop
      vertex -1.5383677284681871 -24.45165484649265 -6
      vertex -0.7725424859373685 -9.752641290737884 -6
      vertex -0.46845328646431206 -9.830718126821722 -6
    endloop
  endfacet
  facet normal 0 0 -1
    outer loop
      vertex -1.5383677284681871 -24.45165484649265 -6
      vertex -0.46845328646431206 -9.830718126821722 -6
      vertex -0.1569762988232844 -9.87006682107068 -6
    endloop
  endfacet
  facet normal 0 0 -1
    outer loop
      vertex -0.1569762988232844 -9.87006682107068 -6
      vertex 0.1569762988232844 -9.87006682107068 -6
      vertex -1.5383677284681871 -24.45165484649265 -6
    endloop
  endfacet
  facet normal 0 0 -1
    outer loop
      vertex -10.431592643344274 -22.16826278541748 -6
      vertex -13.127756476985422 -20.686034174799367 -6
      vertex -10.431592643344281 22.168262785417475 -6
    endloop
  endfacet
  facet normal 0 0 -1
    outer loop
      vertex -10.431592643344274 -22.16826278541748 -6
      vertex -9.030834117584964 -1.437548922450246 -6
      vertex -8.838590378472249 -1.6180778098291577 -6
    endloop
  endfacet
  facet normal 0 0 -1
    outer loop
      vertex -10.431592643344274 -22.16826278541748 -6
      vertex -8.838590378472249 -1.6180778098291577 -6
      vertex -8.625236269455893 -1.7730886435542315 -6
    endloop
  endfacet
  facet normal 0 0 -1
    outer loop
      vertex -10.431592643344274 -22.16826278541748 -6
      vertex -9.340244028092114 -1.0116827156136023 -6
      vertex -9.19893568818739 -1.2343490298141937 -6
    endloop
  endfacet
  facet normal 0 0 -1
    outer loop
      vertex -10.431592643344274 -22.16826278541748 -6
      vertex -9.534024638370125 -0.5222487630461952 -6
      vertex -9.452530620365328 -0.7730615606378235 -6
    endloop
  endfacet
  facet normal 0 0 -1
    outer loop
      vertex -10.431592643344274 -22.16826278541748 -6
      vertex -9.583440872760404 -0.26319979048503855 -6
      vertex -9.534024638370125 -0.5222487630461952 -6
    endloop
  endfacet
  facet normal 0 0 -1
    outer loop
      vertex -10.431592643344274 -22.16826278541748 -6
      vertex -9.452530620365328 -0.7730615606378235 -6
      vertex -9.340244028092114 -1.0116827156136023 -6
    endloop
  endfacet
  facet normal 0 0 -1
    outer loop
      vertex -9.030834117584964 -1.437548922450246 -6
      vertex -10.431592643344274 -22.16826278541748 -6
      vertex -9.19893568818739 -1.2343490298141937 -6
    endloop
  endfacet
  facet normal 0 0 -1
    outer loop
      vertex -10.431592643344274 -22.16826278541748 -6
      vertex -9.6 0 -6
      vertex -9.583440872760404 -0.26319979048503855 -6
    endloop
  endfacet
  facet normal 0 0 -1
    outer loop
      vertex -10.431592643344274 -22.16826278541748 -6
      vertex -8.625236269455893 -1.7730886435542315 -6
      vertex -8.394136512286652 -1.9001368101786411 -6
    endloop
  endfacet
  facet normal 0 0 -1
    outer loop
      vertex -10.431592643344274 -22.16826278541748 -6
      vertex -8.394136512286652 -1.9001368101786411 -6
      vertex -8.14893568818739 -1.9972186842198225 -6
    endloop
  endfacet
  facet normal 0 0 -1
    outer loop
      vertex -10.431592643344274 -22.16826278541748 -6
      vertex -8.14893568818739 -1.9972186842198225 -6
      vertex -7.8935007606300225 -2.0628032265302463 -6
    endloop
  endfacet
  facet normal 0 0 -1
    outer loop
      vertex -10.431592643344274 -22.16826278541748 -6
      vertex -7.8935007606300225 -2.0628032265302463 -6
      vertex -7.631860091011559 -2.0958561296993703 -6
    endloop
  endfacet
  facet normal 0 0 -1
    outer loop
      vertex -10.431592643344274 -22.16826278541748 -6
      vertex -7.631860091011559 -2.0958561296993703 -6
      vertex -7.368139908988441 -2.0958561296993703 -6
    endloop
  endfacet
  facet normal 0 0 -1
    outer loop
      vertex -7.570916362186211 -23.30088464923126 -6
      vertex -7.368139908988441 -2.0958561296993703 -6
      vertex -7.1064992393699775 -2.0628032265302463 -6
    endloop
  endfacet
  facet normal 0 0 -1
    outer loop
      vertex -7.570916362186211 -23.30088464923126 -6
      vertex -7.1064992393699775 -2.0628032265302463 -6
      vertex -6.85106431181261 -1.9972186842198225 -6
    endloop
  endfacet
  facet normal 0 0 -1
    outer loop
      vertex -7.570916362186211 -23.30088464923126 -6
      vertex -6.85106431181261 -1.9972186842198225 -6
      vertex -6.605863487713348 -1.9001368101786411 -6
    endloop
  endfacet
  facet normal 0 0 -1
    outer loop
      vertex -7.570916362186211 -23.30088464923126 -6
      vertex -6.605863487713348 -1.9001368101786411 -6
      vertex -6.374763730544108 -1.7730886435542321 -6
    endloop
  endfacet
  facet normal 0 0 -1
    outer loop
      vertex -6.161409621527751 -1.618077809829157 -6
      vertex -7.570916362186211 -23.30088464923126 -6
      vertex -6.374763730544108 -1.7730886435542321 -6
    endloop
  endfacet
  facet normal 0 0 -1
    outer loop
      vertex -4.590842207350258 -24.06603764285287 -6
      vertex -2.8771326338119856 -0.3634663773364818 -6
      vertex -2.5 -7.375 -6
    endloop
  endfacet
  facet normal 0 0 -1
    outer loop
      vertex -4.590842207350258 -24.06603764285287 -6
      vertex -6.161409621527751 -1.618077809829157 -6
      vertex -5.9691658824150355 -1.437548922450246 -6
    endloop
  endfacet
  facet normal 0 0 -1
    outer loop
      vertex -4.590842207350258 -24.06603764285287 -6
      vertex -5.9691658824150355 -1.437548922450246 -6
      vertex -5.80106431181261 -1.2343490298141937 -6
    endloop
  endfacet
  facet normal 0 0 -1
    outer loop
      vertex -4.590842207350258 -24.06603764285287 -6
      vertex -5.80106431181261 -1.2343490298141937 -6
      vertex -5.659755971907886 -1.0116827156136023 -6
    endloop
  endfacet
  facet normal 0 0 -1
    outer loop
      vertex -4.590842207350258 -24.06603764285287 -6
      vertex -5.659755971907886 -1.0116827156136023 -6
      vertex -5.547469379634673 -0.7730615606378246 -6
    endloop
  endfacet
  facet normal 0 0 -1
    outer loop
      vertex -4.590842207350258 -24.06603764285287 -6
      vertex -5.547469379634673 -0.7730615606378246 -6
      vertex -5.465975361629875 -0.5222487630461944 -6
    endloop
  endfacet
  facet normal 0 0 -1
    outer loop
      vertex -4.590842207350258 -24.06603764285287 -6
      vertex -5.465975361629875 -0.5222487630461944 -6
      vertex -5.416559127239596 -0.26319979048503855 -6
    endloop
  endfacet
  facet normal 0 0 -1
    outer loop
      vertex -4.590842207350258 -24.06603764285287 -6
      vertex -5.416559127239596 -0.26319979048503855 -6
      vertex -5.4 0 -6
    endloop
  endfacet
  facet normal 0 0 -1
    outer loop
      vertex -4.590842207350258 -24.06603764285287 -6
      vertex -2.9 0 -6
      vertex -2.8771326338119856 -0.3634663773364818 -6
    endloop
  endfacet
  facet normal 0 0 -1
    outer loop
      vertex -4.590842207350258 -24.06603764285287 -6
      vertex -2.8771326338119856 0.3634663773364818 -6
      vertex -2.9 0 -6
    endloop
  endfacet
  facet normal 0 0 -1
    outer loop
      vertex -4.590842207350258 -24.06603764285287 -6
      vertex -2.5 7.375 -6
      vertex -2.8771326338119856 0.3634663773364818 -6
    endloop
  endfacet
  facet normal 0 0 -1
    outer loop
      vertex -4.590842207350258 -24.06603764285287 -6
      vertex -2.4802867532861947 7.688333083910761 -6
      vertex -2.5 7.375 -6
    endloop
  endfacet
  facet normal 0 0 -1
    outer loop
      vertex -2.5 -7.375 -6
      vertex -2.8771326338119856 -0.3634663773364818 -6
      vertex -2.4802867532861947 -7.061666916089239 -6
    endloop
  endfacet
  facet normal 0 0 -1
    outer loop
      vertex -2.4802867532861947 -7.061666916089239 -6
      vertex -2.80889116727303 -0.7212006727780791 -6
      vertex -2.4214579028215777 -6.753275282087863 -6
    endloop
  endfacet
  facet normal 0 0 -1
    outer loop
      vertex -2.4214579028215777 -6.753275282087863 -6
      vertex -2.6963518090759293 -1.0675612027855659 -6
      vertex -2.324441214720628 -6.454688618288305 -6
    endloop
  endfacet
  facet normal 0 0 -1
    outer loop
      vertex -2.324441214720628 -6.454688618288305 -6
      vertex -2.541289372127204 -1.3970856548949746 -6
      vertex -2.190766700109659 -6.1706158147457115 -6
    endloop
  endfacet
  facet normal 0 0 -1
    outer loop
      vertex -2.190766700109659 -6.1706158147457115 -6
      vertex -2.3461492836873474 -1.704577231648172 -6
      vertex -2.0225424859373686 -5.905536869268817 -6
    endloop
  endfacet
  facet normal 0 0 -1
    outer loop
      vertex -2.190766700109659 -6.1706158147457115 -6
      vertex -2.541289372127204 -1.3970856548949746 -6
      vertex -2.3461492836873474 -1.704577231648172 -6
    endloop
  endfacet
  facet normal 0 0 -1
    outer loop
      vertex -2.0225424859373686 -5.905536869268817 -6
      vertex -2.114009019522094 -1.9851866071931965 -6
      vertex -1.822421568553529 -5.663632235178278 -6
    endloop
  endfacet
  facet normal 0 0 -1
    outer loop
      vertex -1.822421568553529 -5.663632235178278 -6
      vertex -1.8485295702712 -2.234488404049789 -6
      vertex -1.5935599743717244 -5.448716893060527 -6
    endloop
  endfacet
  facet normal 0 0 -1
    outer loop
      vertex -2.0225424859373686 -5.905536869268817 -6
      vertex -2.3461492836873474 -1.704577231648172 -6
      vertex -2.114009019522094 -1.9851866071931965 -6
    endloop
  endfacet
  facet normal 0 0 -1
    outer loop
      vertex -1.822421568553529 -5.663632235178278 -6
      vertex -2.114009019522094 -1.9851866071931965 -6
      vertex -1.8485295702712 -2.234488404049789 -6
    endloop
  endfacet
  facet normal 0 0 -1
    outer loop
      vertex -1.5935599743717244 -5.448716893060527 -6
      vertex -1.8485295702712 -2.234488404049789 -6
      vertex -1.5538977054390906 -2.4485509839558435 -6
    endloop
  endfacet
  facet normal 0 0 -1
    outer loop
      vertex -1.5935599743717244 -5.448716893060527 -6
      vertex -1.23475994553871 -2.6239984521514566 -6
      vertex -1.3395669874474916 -5.264180186244962 -6
    endloop
  endfacet
  facet normal 0 0 -1
    outer loop
      vertex -1.3395669874474916 -5.264180186244962 -6
      vertex -1.23475994553871 -2.6239984521514566 -6
      vertex -1.0644482289126818 -5.112932368834951 -6
    endloop
  endfacet
  facet normal 0 0 -1
    outer loop
      vertex -1.0644482289126818 -5.112932368834951 -6
      vertex -0.8961492836873475 -2.758063897255945 -6
      vertex -0.7725424859373685 -4.997358709262116 -6
    endloop
  endfacet
  facet normal 0 0 -1
    outer loop
      vertex -1.5935599743717244 -5.448716893060527 -6
      vertex -1.5538977054390906 -2.4485509839558435 -6
      vertex -1.23475994553871 -2.6239984521514566 -6
    endloop
  endfacet
  facet normal 0 0 -1
    outer loop
      vertex -1.0644482289126818 -5.112932368834951 -6
      vertex -1.23475994553871 -2.6239984521514566 -6
      vertex -0.8961492836873475 -2.758063897255945 -6
    endloop
  endfacet
  facet normal 0 0 -1
    outer loop
      vertex -0.7725424859373685 -4.997358709262116 -6
      vertex -0.543405812298602 -2.848633027113197 -6
      vertex -0.46845328646431145 -4.919281873178278 -6
    endloop
  endfacet
  facet normal 0 0 -1
    outer loop
      vertex -0.46845328646431145 -4.919281873178278 -6
      vertex -0.1820925066350099 -2.8942775124419873 -6
      vertex -0.15697629882328318 -4.8799331789293205 -6
    endloop
  endfacet
  facet normal 0 0 -1
    outer loop
      vertex -0.7725424859373685 -4.997358709262116 -6
      vertex -0.8961492836873475 -2.758063897255945 -6
      vertex -0.543405812298602 -2.848633027113197 -6
    endloop
  endfacet
  facet normal 0 0 -1
    outer loop
      vertex -0.46845328646431145 -4.919281873178278 -6
      vertex -0.543405812298602 -2.848633027113197 -6
      vertex -0.1820925066350099 -2.8942775124419873 -6
    endloop
  endfacet
  facet normal 0 0 -1
    outer loop
      vertex -0.15697629882328318 -4.8799331789293205 -6
      vertex -0.1820925066350099 -2.8942775124419873 -6
      vertex 0.1820925066350099 -2.8942775124419873 -6
    endloop
  endfacet
  facet normal 0 0 -1
    outer loop
      vertex -2.4802867532861947 -7.061666916089239 -6
      vertex -2.8771326338119856 -0.3634663773364818 -6
      vertex -2.80889116727303 -0.7212006727780791 -6
    endloop
  endfacet
  facet normal 0 0 -1
    outer loop
      vertex -2.324441214720628 -6.454688618288305 -6
      vertex -2.6963518090759293 -1.0675612027855659 -6
      vertex -2.541289372127204 -1.3970856548949746 -6
    endloop
  endfacet
  facet normal 0 0 -1
    outer loop
      vertex -2.4214579028215777 -6.753275282087863 -6
      vertex -2.80889116727303 -0.7212006727780791 -6
      vertex -2.6963518090759293 -1.0675612027855659 -6
    endloop
  endfacet
  facet normal -0.8443279255020157 -0.5358267949789957 0
    outer loop
      vertex -21.469513661074654 -11.802965015492028 3
      vertex -19.820916362186214 -14.400738681165592 3
      vertex -19.820916362186214 -14.400738681165592 6
    endloop
  endfacet
  facet normal -0.8443279255020157 -0.5358267949789955 1.2990401497275192e-16
    outer loop
      vertex -21.469513661074654 -11.802965015492028 3
      vertex -19.820916362186214 -14.400738681165592 6
      vertex -21.194747444593247 -12.235927293104288 6
    endloop
  endfacet
  facet normal -0.48175367410171466 -0.8763066800438639 -4.8112598138056e-17
    outer loop
      vertex -12.67839583804523 -20.933072276569053 6
      vertex -13.127756476985422 -20.686034174799367 3
      vertex -11.10563360175456 -21.797705632762952 3
    endloop
  endfacet
  facet normal -0.9048270524660196 -0.42577929156507277 1.6839409348319614e-16
    outer loop
      vertex -22.77952390426216 -9.019051540774608 3
      vertex -22.452021343465283 -9.715029909453964 3
      vertex -22.56118886373091 -9.483037119894178 6
    endloop
  endfacet
  facet normal -0.9822872507286887 -0.18738131458572405 0
    outer loop
      vertex -23.730287447651463 -6.0929022355389435 3
      vertex -23.730287447651463 -6.0929022355389435 6
      vertex -24.306810182204707 -3.0706642223254494 3
    endloop
  endfacet
  facet normal -0.9980267284282717 -0.06279051952931115 1.5035186918142581e-18
    outer loop
      vertex -24.5 0 3
      vertex -24.45170254555118 -0.7676660555813624 3
      vertex -24.46780169703412 -0.5117773703875749 6
    endloop
  endfacet
  facet normal -0.9822872507286888 -0.18738131458572407 1.443377944141683e-17
    outer loop
      vertex -24.306810182204707 -3.0706642223254494 3
      vertex -23.730287447651463 -6.0929022355389435 6
      vertex -24.210723059779166 -3.5743705578610316 6
    endloop
  endfacet
  facet normal 0 0 1
    outer loop
      vertex -22.56118886373091 -9.483037119894178 6
      vertex -21.469513661074654 -11.802965015492028 6
      vertex -22.77952390426216 9.019051540774608 6
    endloop
  endfacet
  facet normal 0 0 1
    outer loop
      vertex -22.56118886373091 -9.483037119894178 6
      vertex -22.77952390426216 9.019051540774608 6
      vertex -22.77952390426216 -9.019051540774608 6
    endloop
  endfacet
  facet normal 0 0 1
    outer loop
      vertex -24.210723059779166 -3.5743705578610316 6
      vertex -23.730287447651463 -6.0929022355389435 6
      vertex -24.306810182204707 3.0706642223254494 6
    endloop
  endfacet
  facet normal 0 0 1
    outer loop
      vertex -23.730287447651463 -6.0929022355389435 6
      vertex -22.77952390426216 -9.019051540774608 6
      vertex -23.730287447651463 6.0929022355389435 6
    endloop
  endfacet
  facet normal 0 0 1
    outer loop
      vertex -24.210723059779166 -3.5743705578610316 6
      vertex -24.306810182204707 3.0706642223254494 6
      vertex -24.306810182204707 -3.0706642223254494 6
    endloop
  endfacet
  facet normal 0 0 1
    outer loop
      vertex -24.46780169703412 -0.5117773703875749 6
      vertex -24.306810182204707 -3.0706642223254494 6
      vertex -24.306810182204707 3.0706642223254494 6
    endloop
  endfacet
  facet normal 0 0 1
    outer loop
      vertex -21.194747444593247 -12.235927293104288 6
      vertex -19.820916362186214 -14.400738681165592 6
      vertex -21.469513661074654 11.802965015492028 6
    endloop
  endfacet
  facet normal 0 0 1
    outer loop
      vertex -21.194747444593247 -12.235927293104288 6
      vertex -21.469513661074654 11.802965015492028 6
      vertex -21.469513661074654 -11.802965015492028 6
    endloop
  endfacet
  facet normal 0 0 1
    outer loop
      vertex -19.820916362186214 -14.400738681165592 6
      vertex -17.859731371824587 -16.77140409525287 6
      vertex -19.820916362186214 14.400738681165592 6
    endloop
  endfacet
  facet normal 0 0 1
    outer loop
      vertex -15.616887748842895 -18.87757444800684 6
      vertex -17.859731371824587 16.77140409525287 6
      vertex -17.859731371824587 -16.77140409525287 6
    endloop
  endfacet
  facet normal 0 0 1
    outer loop
      vertex -13.127756476985422 -20.686034174799367 6
      vertex -15.616887748842895 18.87757444800684 6
      vertex -15.616887748842895 -18.87757444800684 6
    endloop
  endfacet
  facet normal 0 0 1
    outer loop
      vertex -12.67839583804523 -20.933072276569053 6
      vertex -13.127756476985422 20.686034174799367 6
      vertex -13.127756476985422 -20.686034174799367 6
    endloop
  endfacet
  facet normal -0.4817536741017145 -0.876306680043864 1.154702355313345e-16
    outer loop
      vertex -12.67839583804523 -20.933072276569053 6
      vertex -11.10563360175456 -21.797705632762952 3
      vertex -10.431592643344274 -22.16826278541748 6
    endloop
  endfacet
  facet normal 0 0 1
    outer loop
      vertex -7.570916362186211 -23.30088464923126 6
      vertex -4.590842207350258 -24.06603764285287 6
      vertex -7.036474508437579 -1.4265847744427302 6
    endloop
  endfacet
  facet normal -0.12533323356430498 -0.9921147013144778 0
    outer loop
      vertex -1.5383677284681871 -24.45165484649265 3
      vertex -4.082096460869913 -24.130307176792833 6
      vertex -4.590842207350258 -24.06603764285287 3
    endloop
  endfacet
  facet normal -0.12533323356430498 -0.9921147013144778 0
    outer loop
      vertex -1.5383677284681871 -24.45165484649265 3
      vertex -1.5383677284681871 -24.45165484649265 6
      vertex -4.082096460869913 -24.130307176792833 6
    endloop
  endfacet
  facet normal 0 0 1
    outer loop
      vertex -1.5383677284681871 -24.45165484649265 6
      vertex 1.5383677284681871 -24.45165484649265 6
      vertex -0.06279051952931376 -8.373026728428272 6
    endloop
  endfacet
  facet normal 0 0 1
    outer loop
      vertex -1.5383677284681871 -24.45165484649265 6
      vertex -0.9685831611286312 -7.623689887164854 6
      vertex -0.9921147013144779 -7.500333233564304 6
    endloop
  endfacet
  facet normal 0 0 1
    outer loop
      vertex -1.5383677284681871 -24.45165484649265 6
      vertex -0.9921147013144779 -7.500333233564304 6
      vertex -1 -7.375 6
    endloop
  endfacet
  facet normal 0 0 1
    outer loop
      vertex -1.5383677284681871 -24.45165484649265 6
      vertex -0.8090169943749475 -7.962785252292473 6
      vertex -0.8763066800438635 -7.856753674101715 6
    endloop
  endfacet
  facet normal 0 0 1
    outer loop
      vertex -1.5383677284681871 -24.45165484649265 6
      vertex -0.7289686274214117 -8.059547105928688 6
      vertex -0.8090169943749475 -7.962785252292473 6
    endloop
  endfacet
  facet normal 0 0 1
    outer loop
      vertex -1.5383677284681871 -24.45165484649265 6
      vertex -0.63742398974869 -8.145513242775788 6
      vertex -0.7289686274214117 -8.059547105928688 6
    endloop
  endfacet
  facet normal 0 0 1
    outer loop
      vertex -1.5383677284681871 -24.45165484649265 6
      vertex -0.5358267949789962 -8.219327925502014 6
      vertex -0.63742398974869 -8.145513242775788 6
    endloop
  endfacet
  facet normal 0 0 1
    outer loop
      vertex -1.5383677284681871 -24.45165484649265 6
      vertex -0.42577929156507244 -8.27982705246602 6
      vertex -0.5358267949789962 -8.219327925502014 6
    endloop
  endfacet
  facet normal 0 0 1
    outer loop
      vertex -1.5383677284681871 -24.45165484649265 6
      vertex -0.8763066800438635 -7.856753674101715 6
      vertex -0.9297764858882512 -7.743124552684678 6
    endloop
  endfacet
  facet normal 0 0 1
    outer loop
      vertex -1.5383677284681871 -24.45165484649265 6
      vertex -0.9297764858882512 -7.743124552684678 6
      vertex -0.9685831611286312 -7.623689887164854 6
    endloop
  endfacet
  facet normal 0 0 1
    outer loop
      vertex -1.5383677284681871 -24.45165484649265 6
      vertex -0.3090169943749474 -8.326056516295154 6
      vertex -0.42577929156507244 -8.27982705246602 6
    endloop
  endfacet
  facet normal 0 0 1
    outer loop
      vertex -1.5383677284681871 -24.45165484649265 6
      vertex -0.18738131458572482 -8.357287250728689 6
      vertex -0.3090169943749474 -8.326056516295154 6
    endloop
  endfacet
  facet normal 0 0 1
    outer loop
      vertex -1.5383677284681871 -24.45165484649265 6
      vertex -0.06279051952931376 -8.373026728428272 6
      vertex -0.18738131458572482 -8.357287250728689 6
    endloop
  endfacet
  facet normal 0 0 1
    outer loop
      vertex -12.67839583804523 -20.933072276569053 6
      vertex -10.431592643344274 -22.16826278541748 6
      vertex -13.127756476985422 20.686034174799367 6
    endloop
  endfacet
  facet normal 0 0 1
    outer loop
      vertex -10.431592643344274 -22.16826278541748 6
      vertex -7.570916362186211 -23.30088464923126 6
      vertex -10.431592643344281 22.168262785417475 6
    endloop
  endfacet
  facet normal 0 0 1
    outer loop
      vertex -7.570916362186211 -23.30088464923126 6
      vertex -8.814460020065795 -0.722630511152573 6
      vertex -8.894664728832378 -0.5521868290270168 6
    endloop
  endfacet
  facet normal 0 0 1
    outer loop
      vertex -7.570916362186211 -23.30088464923126 6
      vertex -8.894664728832378 -0.5521868290270168 6
      vertex -8.952874741692947 -0.3730348307472823 6
    endloop
  endfacet
  facet normal 0 0 1
    outer loop
      vertex -7.570916362186211 -23.30088464923126 6
      vertex -8.952874741692947 -0.3730348307472823 6
      vertex -8.988172051971716 -0.1879998503464561 6
    endloop
  endfacet
  facet normal 0 0 1
    outer loop
      vertex -7.570916362186211 -23.30088464923126 6
      vertex -8.988172051971716 -0.1879998503464561 6
      vertex -9 0 6
    endloop
  endfacet
  facet normal 0 0 1
    outer loop
      vertex -7.570916362186211 -23.30088464923126 6
      vertex -8.456135984623035 -1.155769864163684 6
      vertex -8.593452941132117 -1.0268206588930329 6
    endloop
  endfacet
  facet normal 0 0 1
    outer loop
      vertex -7.570916362186211 -23.30088464923126 6
      vertex -8.303740192468496 -1.2664918882530225 6
      vertex -8.456135984623035 -1.155769864163684 6
    endloop
  endfacet
  facet normal 0 0 1
    outer loop
      vertex -7.570916362186211 -23.30088464923126 6
      vertex -8.138668937347608 -1.3572405786990294 6
      vertex -8.303740192468496 -1.2664918882530225 6
    endloop
  endfacet
  facet normal 0 0 1
    outer loop
      vertex -7.570916362186211 -23.30088464923126 6
      vertex -7.963525491562421 -1.4265847744427302 6
      vertex -8.138668937347608 -1.3572405786990294 6
    endloop
  endfacet
  facet normal 0 0 1
    outer loop
      vertex -7.570916362186211 -23.30088464923126 6
      vertex -7.781071971878587 -1.4734308760930328 6
      vertex -7.963525491562421 -1.4265847744427302 6
    endloop
  endfacet
  facet normal 0 0 1
    outer loop
      vertex -7.570916362186211 -23.30088464923126 6
      vertex -8.713525491562422 -0.8816778784387097 6
      vertex -8.814460020065795 -0.722630511152573 6
    endloop
  endfacet
  facet normal 0 0 1
    outer loop
      vertex -7.570916362186211 -23.30088464923126 6
      vertex -8.593452941132117 -1.0268206588930329 6
      vertex -8.713525491562422 -0.8816778784387097 6
    endloop
  endfacet
  facet normal 0 0 1
    outer loop
      vertex -7.570916362186211 -23.30088464923126 6
      vertex -7.594185779293971 -1.4970400926424072 6
      vertex -7.781071971878587 -1.4734308760930328 6
    endloop
  endfacet
  facet normal 0 0 1
    outer loop
      vertex -7.570916362186211 -23.30088464923126 6
      vertex -7.405814220706029 -1.4970400926424072 6
      vertex -7.594185779293971 -1.4970400926424072 6
    endloop
  endfacet
  facet normal 0 0 1
    outer loop
      vertex -7.570916362186211 -23.30088464923126 6
      vertex -7.218928028121413 -1.4734308760930328 6
      vertex -7.405814220706029 -1.4970400926424072 6
    endloop
  endfacet
  facet normal 0 0 1
    outer loop
      vertex -7.570916362186211 -23.30088464923126 6
      vertex -7.036474508437579 -1.4265847744427302 6
      vertex -7.218928028121413 -1.4734308760930328 6
    endloop
  endfacet
  facet normal 0 0 1
    outer loop
      vertex -4.590842207350258 -24.06603764285287 6
      vertex -6.861331062652392 -1.3572405786990294 6
      vertex -7.036474508437579 -1.4265847744427302 6
    endloop
  endfacet
  facet normal 0 0 1
    outer loop
      vertex -10.431592643344281 22.168262785417475 6
      vertex -7.570916362186211 -23.30088464923126 6
      vertex -9 0 6
    endloop
  endfacet
  facet normal 0 0 1
    outer loop
      vertex -4.590842207350258 -24.06603764285287 6
      vertex -6.696259807531506 -1.266491888253023 6
      vertex -6.861331062652392 -1.3572405786990294 6
    endloop
  endfacet
  facet normal 0 0 1
    outer loop
      vertex -4.590842207350258 -24.06603764285287 6
      vertex -6.543864015376965 -1.1557698641636835 6
      vertex -6.696259807531506 -1.266491888253023 6
    endloop
  endfacet
  facet normal 0 0 1
    outer loop
      vertex -4.590842207350258 -24.06603764285287 6
      vertex -6.406547058867883 -1.0268206588930329 6
      vertex -6.543864015376965 -1.1557698641636835 6
    endloop
  endfacet
  facet normal 0 0 1
    outer loop
      vertex -4.590842207350258 -24.06603764285287 6
      vertex -6.286474508437578 -0.8816778784387097 6
      vertex -6.406547058867883 -1.0268206588930329 6
    endloop
  endfacet
  facet normal 0 0 1
    outer loop
      vertex -4.590842207350258 -24.06603764285287 6
      vertex -6.185539979934205 -0.722630511152573 6
      vertex -6.286474508437578 -0.8816778784387097 6
    endloop
  endfacet
  facet normal 0 0 1
    outer loop
      vertex -4.590842207350258 -24.06603764285287 6
      vertex -6.105335271167624 -0.5521868290270175 6
      vertex -6.185539979934205 -0.722630511152573 6
    endloop
  endfacet
  facet normal 0 0 1
    outer loop
      vertex -6.105335271167624 -0.5521868290270175 6
      vertex -4.590842207350258 -24.06603764285287 6
      vertex -6.047125258307053 -0.37303483074728166 6
    endloop
  endfacet
  facet normal 0 0 1
    outer loop
      vertex -4.590842207350258 -24.06603764285287 6
      vertex -6.011827948028284 -0.1879998503464561 6
      vertex -6.047125258307053 -0.37303483074728166 6
    endloop
  endfacet
  facet normal 0 0 1
    outer loop
      vertex -4.590842207350258 -24.06603764285287 6
      vertex -6 0 6
      vertex -6.011827948028284 -0.1879998503464561 6
    endloop
  endfacet
  facet normal 0 0 1
    outer loop
      vertex -4.082096460869913 -24.130307176792833 6
      vertex -4.590842207350252 24.066037642852873 6
      vertex -4.590842207350258 -24.06603764285287 6
    endloop
  endfacet
  facet normal 0 0 1
    outer loop
      vertex -4.082096460869913 -24.130307176792833 6
      vertex -1.5383677284681871 -24.45165484649265 6
      vertex -4.590842207350252 24.066037642852873 6
    endloop
  endfacet
  facet normal 0 0 1
    outer loop
      vertex -1.5383677284681871 -24.45165484649265 6
      vertex -1 -7.375 6
      vertex -1.25 0 6
    endloop
  endfacet
  facet normal 0 0 1
    outer loop
      vertex -0.9921147013144779 -7.249666766435696 6
      vertex -1.2401433766430974 -0.15666654195538007 6
      vertex -1 -7.375 6
    endloop
  endfacet
  facet normal 0 0 1
    outer loop
      vertex -0.9685831611286311 -7.126310112835145 6
      vertex -1.2107289514107888 -0.31086235895606856 6
      vertex -0.9921147013144779 -7.249666766435696 6
    endloop
  endfacet
  facet normal 0 0 1
    outer loop
      vertex -0.9297764858882513 -7.006875447315322 6
      vertex -1.1622206073603143 -0.46015569085584734 6
      vertex -0.9685831611286311 -7.126310112835145 6
    endloop
  endfacet
  facet normal 0 0 1
    outer loop
      vertex -0.8763066800438636 -6.893246325898285 6
      vertex -1.0953833500548293 -0.6021920926271442 6
      vertex -0.9297764858882513 -7.006875447315322 6
    endloop
  endfacet
  facet normal 0 0 1
    outer loop
      vertex -0.8090169943749475 -6.787214747707527 6
      vertex -1.0112712429686843 -0.7347315653655915 6
      vertex -0.8763066800438636 -6.893246325898285 6
    endloop
  endfacet
  facet normal 0 0 1
    outer loop
      vertex -0.7289686274214116 -6.690452894071312 6
      vertex -0.9112107842767646 -0.8556838824108606 6
      vertex -0.8090169943749475 -6.787214747707527 6
    endloop
  endfacet
  facet normal 0 0 1
    outer loop
      vertex -0.7289686274214116 -6.690452894071312 6
      vertex -0.6374239897486897 -6.604486757224211 6
      vertex -0.7967799871858621 -0.9631415534697367 6
    endloop
  endfacet
  facet normal 0 0 1
    outer loop
      vertex -0.6374239897486897 -6.604486757224211 6
      vertex -0.5358267949789967 -6.530672074497985 6
      vertex -0.6697834937237459 -1.0554099068775187 6
    endloop
  endfacet
  facet normal 0 0 1
    outer loop
      vertex -0.5358267949789967 -6.530672074497985 6
      vertex -0.4257792915650727 -6.470172947533981 6
      vertex -0.5322241144563405 -1.1310338155825246 6
    endloop
  endfacet
  facet normal 0 0 1
    outer loop
      vertex -0.4257792915650727 -6.470172947533981 6
      vertex -0.3090169943749474 -6.423943483704846 6
      vertex -0.5322241144563405 -1.1310338155825246 6
    endloop
  endfacet
  facet normal 0 0 1
    outer loop
      vertex -0.3090169943749474 -6.423943483704846 6
      vertex -0.18738131458572457 -6.392712749271311 6
      vertex -0.38627124296868426 -1.1888206453689418 6
    endloop
  endfacet
  facet normal 0 0 1
    outer loop
      vertex -0.18738131458572457 -6.392712749271311 6
      vertex -0.06279051952931328 -6.376973271571728 6
      vertex -0.23422664323215603 -1.2278590634108608 6
    endloop
  endfacet
  facet normal 0 0 1
    outer loop
      vertex -0.06279051952931328 -6.376973271571728 6
      vertex 0.06279051952931328 -6.376973271571728 6
      vertex -0.0784881494116422 -1.2475334105353395 6
    endloop
  endfacet
  facet normal 0 0 1
    outer loop
      vertex -1 -7.375 6
      vertex -1.2401433766430974 -0.15666654195538007 6
      vertex -1.25 0 6
    endloop
  endfacet
  facet normal 0 0 1
    outer loop
      vertex -0.9297764858882513 -7.006875447315322 6
      vertex -1.0953833500548293 -0.6021920926271442 6
      vertex -1.1622206073603143 -0.46015569085584734 6
    endloop
  endfacet
  facet normal 0 0 1
    outer loop
      vertex -0.8763066800438636 -6.893246325898285 6
      vertex -1.0112712429686843 -0.7347315653655915 6
      vertex -1.0953833500548293 -0.6021920926271442 6
    endloop
  endfacet
  facet normal 0 0 1
    outer loop
      vertex -0.8090169943749475 -6.787214747707527 6
      vertex -0.9112107842767646 -0.8556838824108606 6
      vertex -1.0112712429686843 -0.7347315653655915 6
    endloop
  endfacet
  facet normal 0 0 1
    outer loop
      vertex -0.7289686274214116 -6.690452894071312 6
      vertex -0.7967799871858621 -0.9631415534697367 6
      vertex -0.9112107842767646 -0.8556838824108606 6
    endloop
  endfacet
  facet normal 0 0 1
    outer loop
      vertex -0.9685831611286311 -7.126310112835145 6
      vertex -1.1622206073603143 -0.46015569085584734 6
      vertex -1.2107289514107888 -0.31086235895606856 6
    endloop
  endfacet
  facet normal 0 0 1
    outer loop
      vertex -0.9921147013144779 -7.249666766435696 6
      vertex -1.2107289514107888 -0.31086235895606856 6
      vertex -1.2401433766430974 -0.15666654195538007 6
    endloop
  endfacet
  facet normal 0 0 1
    outer loop
      vertex -0.6374239897486897 -6.604486757224211 6
      vertex -0.6697834937237459 -1.0554099068775187 6
      vertex -0.7967799871858621 -0.9631415534697367 6
    endloop
  endfacet
  facet normal 0 0 1
    outer loop
      vertex -0.5358267949789967 -6.530672074497985 6
      vertex -0.5322241144563405 -1.1310338155825246 6
      vertex -0.6697834937237459 -1.0554099068775187 6
    endloop
  endfacet
  facet normal 0 0 1
    outer loop
      vertex -0.3090169943749474 -6.423943483704846 6
      vertex -0.38627124296868426 -1.1888206453689418 6
      vertex -0.5322241144563405 -1.1310338155825246 6
    endloop
  endfacet
  facet normal 0 0 1
    outer loop
      vertex -0.18738131458572457 -6.392712749271311 6
      vertex -0.23422664323215603 -1.2278590634108608 6
      vertex -0.38627124296868426 -1.1888206453689418 6
    endloop
  endfacet
  facet normal 0 0 1
    outer loop
      vertex -0.06279051952931328 -6.376973271571728 6
      vertex -0.0784881494116422 -1.2475334105353395 6
      vertex -0.23422664323215603 -1.2278590634108608 6
    endloop
  endfacet
  facet normal 0 0 -1
    outer loop
      vertex -24.306810182204707 -3.0706642223254494 -6
      vertex -24.46780169703412 0.5117773703875749 -6
      vertex -24.306810182204707 3.0706642223254494 -6
    endloop
  endfacet
  facet normal 0 0 -1
    outer loop
      vertex -24.306810182204707 -3.0706642223254494 -6
      vertex -24.306810182204707 3.0706642223254494 -6
      vertex -24.210723059779166 3.5743705578610316 -6
    endloop
  endfacet
  facet normal 0 0 -1
    outer loop
      vertex -23.730287447651463 6.0929022355389435 -6
      vertex -24.306810182204707 -3.0706642223254494 -6
      vertex -24.210723059779166 3.5743705578610316 -6
    endloop
  endfacet
  facet normal 0 0 -1
    outer loop
      vertex -23.730287447651463 -6.0929022355389435 -6
      vertex -23.730287447651463 6.0929022355389435 -6
      vertex -22.77952390426216 9.019051540774608 -6
    endloop
  endfacet
  facet normal -0.9980267284282716 0.06279051952931392 4.709020542762256e-16
    outer loop
      vertex -24.46780169703412 0.5117773703875749 -6
      vertex -24.5 0 -3
      vertex -24.306810182204707 3.0706642223254494 -6
    endloop
  endfacet
  facet normal -0.9822872507286888 0.18738131458572407 5.593089533549021e-16
    outer loop
      vertex -24.210723059779166 3.5743705578610316 -6
      vertex -24.249157908749382 3.372888023646799 -4.8
      vertex -23.730287447651463 6.0929022355389435 -6
    endloop
  endfacet
  facet normal 0 0 -1
    outer loop
      vertex -22.77952390426216 -9.019051540774608 -6
      vertex -22.77952390426216 9.019051540774608 -6
      vertex -22.56118886373091 9.483037119894178 -6
    endloop
  endfacet
  facet normal 0 0 -1
    outer loop
      vertex -21.469513661074654 11.802965015492028 -6
      vertex -22.77952390426216 -9.019051540774608 -6
      vertex -22.56118886373091 9.483037119894178 -6
    endloop
  endfacet
  facet normal -0.9822872507286888 0.18738131458572338 -1.1627211216696895e-15
    outer loop
      vertex -23.730287447651463 6.0929022355389435 -6
      vertex -24.249157908749382 3.372888023646799 -4.8
      vertex -24.162679498566398 3.826223725628823 -3
    endloop
  endfacet
  facet normal 0 0 -1
    outer loop
      vertex -21.469513661074654 -11.802965015492028 -6
      vertex -21.469513661074654 11.802965015492028 -6
      vertex -19.820916362186214 14.400738681165592 -6
    endloop
  endfacet
  facet normal 0 0 -1
    outer loop
      vertex -19.820916362186214 -14.400738681165592 -6
      vertex -19.820916362186214 14.400738681165592 -6
      vertex -17.859731371824587 16.77140409525287 -6
    endloop
  endfacet
  facet normal -0.9980267284282714 0.06279051952931344 0
    outer loop
      vertex -24.306810182204707 3.0706642223254494 -3
      vertex -24.306810182204707 3.0706642223254494 -6
      vertex -24.5 0 -3
    endloop
  endfacet
  facet normal -0.9822872507286886 0.1873813145857248 0
    outer loop
      vertex -23.730287447651463 6.0929022355389435 -6
      vertex -24.162679498566398 3.826223725628823 -3
      vertex -23.730287447651463 6.0929022355389435 -3
    endloop
  endfacet
  facet normal -0.9048270524660192 0.42577929156507305 -1.0103645608991776e-16
    outer loop
      vertex -22.56118886373091 9.483037119894178 -6
      vertex -22.77952390426216 9.019051540774608 -3
      vertex -21.469513661074654 11.802965015492028 -6
    endloop
  endfacet
  facet normal -0.9048270524660192 0.42577929156507316 0
    outer loop
      vertex -21.469513661074654 11.802965015492028 -6
      vertex -22.77952390426216 9.019051540774608 -3
      vertex -21.469513661074654 11.802965015492028 -3
    endloop
  endfacet
  facet normal 0 0 -1
    outer loop
      vertex -17.859731371824587 -16.77140409525287 -6
      vertex -17.859731371824587 16.77140409525287 -6
      vertex -15.616887748842895 18.87757444800684 -6
    endloop
  endfacet
  facet normal 0 0 -1
    outer loop
      vertex -15.616887748842895 -18.87757444800684 -6
      vertex -15.616887748842895 18.87757444800684 -6
      vertex -13.127756476985422 20.686034174799367 -6
    endloop
  endfacet
  facet normal -0.5877852522924745 0.8090169943749465 0
    outer loop
      vertex -13.127756476985422 20.686034174799367 -6
      vertex -13.75003929494979 20.233919243101234 -3
      vertex -13.127756476985422 20.686034174799367 -3
    endloop
  endfacet
  facet normal 0 0 -1
    outer loop
      vertex -10.431592643344274 -22.16826278541748 -6
      vertex -10.431592643344281 22.168262785417475 -6
      vertex -9.6 0 -6
    endloop
  endfacet
  facet normal 0 0 -1
    outer loop
      vertex -13.127756476985422 -20.686034174799367 -6
      vertex -13.127756476985422 20.686034174799367 -6
      vertex -10.431592643344281 22.168262785417475 -6
    endloop
  endfacet
  facet normal 0 0 -1
    outer loop
      vertex -10.431592643344281 22.168262785417475 -6
      vertex -9.583440872760404 0.26319979048503855 -6
      vertex -9.6 0 -6
    endloop
  endfacet
  facet normal 0 0 -1
    outer loop
      vertex -10.431592643344281 22.168262785417475 -6
      vertex -9.534024638370125 0.5222487630461952 -6
      vertex -9.583440872760404 0.26319979048503855 -6
    endloop
  endfacet
  facet normal 0 0 -1
    outer loop
      vertex -10.431592643344281 22.168262785417475 -6
      vertex -9.452530620365328 0.7730615606378235 -6
      vertex -9.534024638370125 0.5222487630461952 -6
    endloop
  endfacet
  facet normal 0 0 -1
    outer loop
      vertex -10.431592643344281 22.168262785417475 -6
      vertex -9.340244028092114 1.0116827156136023 -6
      vertex -9.452530620365328 0.7730615606378235 -6
    endloop
  endfacet
  facet normal 0 0 -1
    outer loop
      vertex -10.431592643344281 22.168262785417475 -6
      vertex -9.19893568818739 1.2343490298141937 -6
      vertex -9.340244028092114 1.0116827156136023 -6
    endloop
  endfacet
  facet normal 0 0 -1
    outer loop
      vertex -10.431592643344281 22.168262785417475 -6
      vertex -9.030834117584964 1.437548922450246 -6
      vertex -9.19893568818739 1.2343490298141937 -6
    endloop
  endfacet
  facet normal 0 0 -1
    outer loop
      vertex -9.030834117584964 1.437548922450246 -6
      vertex -7.570916362186211 23.30088464923126 -6
      vertex -8.838590378472249 1.6180778098291577 -6
    endloop
  endfacet
  facet normal 0 0 -1
    outer loop
      vertex -7.570916362186211 23.30088464923126 -6
      vertex -8.625236269455893 1.7730886435542315 -6
      vertex -8.838590378472249 1.6180778098291577 -6
    endloop
  endfacet
  facet normal 0 0 -1
    outer loop
      vertex -7.570916362186211 23.30088464923126 -6
      vertex -8.394136512286654 1.900136810178641 -6
      vertex -8.625236269455893 1.7730886435542315 -6
    endloop
  endfacet
  facet normal 0 0 -1
    outer loop
      vertex -7.570916362186211 23.30088464923126 -6
      vertex -8.14893568818739 1.9972186842198225 -6
      vertex -8.394136512286654 1.900136810178641 -6
    endloop
  endfacet
  facet normal 0 0 -1
    outer loop
      vertex -7.570916362186211 23.30088464923126 -6
      vertex -7.893500760630022 2.0628032265302463 -6
      vertex -8.14893568818739 1.9972186842198225 -6
    endloop
  endfacet
  facet normal 0 0 -1
    outer loop
      vertex -7.570916362186211 23.30088464923126 -6
      vertex -7.631860091011558 2.0958561296993703 -6
      vertex -7.893500760630022 2.0628032265302463 -6
    endloop
  endfacet
  facet normal 0 0 -1
    outer loop
      vertex -7.631860091011558 2.0958561296993703 -6
      vertex -7.570916362186211 23.30088464923126 -6
      vertex -7.368139908988442 2.0958561296993703 -6
    endloop
  endfacet
  facet normal 0 0 -1
    outer loop
      vertex -7.570916362186211 23.30088464923126 -6
      vertex -7.106499239369978 2.0628032265302463 -6
      vertex -7.368139908988442 2.0958561296993703 -6
    endloop
  endfacet
  facet normal 0 0 -1
    outer loop
      vertex -7.570916362186211 23.30088464923126 -6
      vertex -6.85106431181261 1.9972186842198225 -6
      vertex -7.106499239369978 2.0628032265302463 -6
    endloop
  endfacet
  facet normal 0 0 -1
    outer loop
      vertex -6.85106431181261 1.9972186842198225 -6
      vertex -7.074237336380218 23.428410148168197 -6
      vertex -6.605863487713347 1.900136810178641 -6
    endloop
  endfacet
  facet normal 0 0 -1
    outer loop
      vertex -6.374763730544107 1.7730886435542317 -6
      vertex -7.074237336380218 23.428410148168197 -6
      vertex -6.161409621527751 1.6180778098291573 -6
    endloop
  endfacet
  facet normal 0 0 -1
    outer loop
      vertex -6.605863487713347 1.900136810178641 -6
      vertex -7.074237336380218 23.428410148168197 -6
      vertex -6.374763730544107 1.7730886435542317 -6
    endloop
  endfacet
  facet normal 0 0 -1
    outer loop
      vertex -4.590842207350258 -24.06603764285287 -6
      vertex -5.4 0 -6
      vertex -4.590842207350252 24.066037642852873 -6
    endloop
  endfacet
  facet normal 0 0 -1
    outer loop
      vertex -1.5383677284681754 24.45165484649265 -6
      vertex -2.4802867532861947 7.688333083910761 -6
      vertex -4.590842207350258 -24.06603764285287 -6
    endloop
  endfacet
  facet normal 0 0 -1
    outer loop
      vertex -2.8771326338119856 0.3634663773364818 -6
      vertex -2.4802867532861947 7.06166691608924 -6
      vertex -2.80889116727303 0.7212006727780791 -6
    endloop
  endfacet
  facet normal 0 0 -1
    outer loop
      vertex -2.6963518090759293 1.0675612027855659 -6
      vertex -2.80889116727303 0.7212006727780791 -6
      vertex -2.421457902821578 6.753275282087864 -6
    endloop
  endfacet
  facet normal 0 0 -1
    outer loop
      vertex -2.6963518090759293 1.0675612027855659 -6
      vertex -2.324441214720628 6.454688618288304 -6
      vertex -2.541289372127204 1.3970856548949746 -6
    endloop
  endfacet
  facet normal 0 0 -1
    outer loop
      vertex -2.541289372127204 1.3970856548949746 -6
      vertex -2.1907667001096587 6.1706158147457115 -6
      vertex -2.3461492836873474 1.704577231648172 -6
    endloop
  endfacet
  facet normal 0 0 -1
    outer loop
      vertex -2.3461492836873474 1.704577231648172 -6
      vertex -2.0225424859373686 5.905536869268817 -6
      vertex -2.114009019522094 1.9851866071931965 -6
    endloop
  endfacet
  facet normal 0 0 -1
    outer loop
      vertex -2.114009019522094 1.9851866071931965 -6
      vertex -1.8224215685535292 5.663632235178278 -6
      vertex -1.8485295702712 2.234488404049789 -6
    endloop
  endfacet
  facet normal 0 0 -1
    outer loop
      vertex -1.8485295702712 2.234488404049789 -6
      vertex -1.593559974371725 5.448716893060528 -6
      vertex -1.5538977054390906 2.4485509839558435 -6
    endloop
  endfacet
  facet normal 0 0 -1
    outer loop
      vertex -2.114009019522094 1.9851866071931965 -6
      vertex -2.0225424859373686 5.905536869268817 -6
      vertex -1.8224215685535292 5.663632235178278 -6
    endloop
  endfacet
  facet normal 0 0 -1
    outer loop
      vertex -1.8485295702712 2.234488404049789 -6
      vertex -1.8224215685535292 5.663632235178278 -6
      vertex -1.593559974371725 5.448716893060528 -6
    endloop
  endfacet
  facet normal 0 0 -1
    outer loop
      vertex -2.8771326338119856 0.3634663773364818 -6
      vertex -2.5 7.375 -6
      vertex -2.4802867532861947 7.06166691608924 -6
    endloop
  endfacet
  facet normal 0 0 -1
    outer loop
      vertex -2.80889116727303 0.7212006727780791 -6
      vertex -2.4802867532861947 7.06166691608924 -6
      vertex -2.421457902821578 6.753275282087864 -6
    endloop
  endfacet
  facet normal 0 0 -1
    outer loop
      vertex -2.6963518090759293 1.0675612027855659 -6
      vertex -2.421457902821578 6.753275282087864 -6
      vertex -2.324441214720628 6.454688618288304 -6
    endloop
  endfacet
  facet normal 0 0 -1
    outer loop
      vertex -2.541289372127204 1.3970856548949746 -6
      vertex -2.324441214720628 6.454688618288304 -6
      vertex -2.1907667001096587 6.1706158147457115 -6
    endloop
  endfacet
  facet normal 0 0 -1
    outer loop
      vertex -2.3461492836873474 1.704577231648172 -6
      vertex -2.1907667001096587 6.1706158147457115 -6
      vertex -2.0225424859373686 5.905536869268817 -6
    endloop
  endfacet
  facet normal 0 0 -1
    outer loop
      vertex -1.5538977054390906 2.4485509839558435 -6
      vertex -1.3395669874474905 5.264180186244962 -6
      vertex -1.2347599455387108 2.6239984521514566 -6
    endloop
  endfacet
  facet normal 0 0 -1
    outer loop
      vertex -1.2347599455387108 2.6239984521514566 -6
      vertex -1.064448228912681 5.112932368834951 -6
      vertex -0.8961492836873475 2.758063897255945 -6
    endloop
  endfacet
  facet normal 0 0 -1
    outer loop
      vertex -1.3395669874474905 5.264180186244962 -6
      vertex -1.5538977054390906 2.4485509839558435 -6
      vertex -1.593559974371725 5.448716893060528 -6
    endloop
  endfacet
  facet normal 0 0 -1
    outer loop
      vertex -1.2347599455387108 2.6239984521514566 -6
      vertex -1.3395669874474905 5.264180186244962 -6
      vertex -1.064448228912681 5.112932368834951 -6
    endloop
  endfacet
  facet normal 0 0 -1
    outer loop
      vertex -0.8961492836873475 2.758063897255945 -6
      vertex -1.064448228912681 5.112932368834951 -6
      vertex -0.7725424859373685 4.997358709262116 -6
    endloop
  endfacet
  facet normal 0 0 -1
    outer loop
      vertex -0.8961492836873475 2.758063897255945 -6
      vertex -0.7725424859373685 4.997358709262116 -6
      vertex -0.5434058122986013 2.848633027113197 -6
    endloop
  endfacet
  facet normal 0 0 -1
    outer loop
      vertex -0.5434058122986013 2.848633027113197 -6
      vertex -0.46845328646431206 4.919281873178278 -6
      vertex -0.1820925066350085 2.8942775124419873 -6
    endloop
  endfacet
  facet normal 0 0 -1
    outer loop
      vertex -0.5434058122986013 2.848633027113197 -6
      vertex -0.7725424859373685 4.997358709262116 -6
      vertex -0.46845328646431206 4.919281873178278 -6
    endloop
  endfacet
  facet normal 0 0 -1
    outer loop
      vertex -0.1820925066350085 2.8942775124419873 -6
      vertex -0.46845328646431206 4.919281873178278 -6
      vertex -0.1569762988232844 4.8799331789293205 -6
    endloop
  endfacet
  facet normal 0 0 -1
    outer loop
      vertex -0.1820925066350085 2.8942775124419873 -6
      vertex -0.1569762988232844 4.8799331789293205 -6
      vertex 0.1569762988232844 4.8799331789293205 -6
    endloop
  endfacet
  facet normal 0 0 -1
    outer loop
      vertex -6.161409621527751 1.6180778098291573 -6
      vertex -4.590842207350252 24.066037642852873 -6
      vertex -5.9691658824150355 1.4375489224502465 -6
    endloop
  endfacet
  facet normal 0 0 -1
    outer loop
      vertex -4.590842207350252 24.066037642852873 -6
      vertex -5.80106431181261 1.2343490298141937 -6
      vertex -5.9691658824150355 1.4375489224502465 -6
    endloop
  endfacet
  facet normal 0 0 -1
    outer loop
      vertex -4.590842207350252 24.066037642852873 -6
      vertex -5.4 0 -6
      vertex -5.416559127239596 0.26319979048503894 -6
    endloop
  endfacet
  facet normal 0 0 -1
    outer loop
      vertex -4.590842207350252 24.066037642852873 -6
      vertex -5.416559127239596 0.26319979048503894 -6
      vertex -5.465975361629875 0.522248763046195 -6
    endloop
  endfacet
  facet normal 0 0 -1
    outer loop
      vertex -4.590842207350252 24.066037642852873 -6
      vertex -5.465975361629875 0.522248763046195 -6
      vertex -5.547469379634672 0.7730615606378238 -6
    endloop
  endfacet
  facet normal 0 0 -1
    outer loop
      vertex -4.590842207350252 24.066037642852873 -6
      vertex -5.547469379634672 0.7730615606378238 -6
      vertex -5.659755971907886 1.0116827156136021 -6
    endloop
  endfacet
  facet normal 0 0 -1
    outer loop
      vertex -4.590842207350252 24.066037642852873 -6
      vertex -5.659755971907886 1.0116827156136021 -6
      vertex -5.80106431181261 1.2343490298141937 -6
    endloop
  endfacet
  facet normal 0 0 -1
    outer loop
      vertex -4.590842207350258 -24.06603764285287 -6
      vertex -4.590842207350252 24.066037642852873 -6
      vertex -1.5383677284681754 24.45165484649265 -6
    endloop
  endfacet
  facet normal 0 0 -1
    outer loop
      vertex -9.030834117584964 1.437548922450246 -6
      vertex -10.431592643344281 22.168262785417475 -6
      vertex -7.570916362186211 23.30088464923126 -6
    endloop
  endfacet
  facet normal 0 0 -1
    outer loop
      vertex -7.570916362186211 23.30088464923126 -6
      vertex -7.074237336380218 23.428410148168197 -6
      vertex -6.85106431181261 1.9972186842198225 -6
    endloop
  endfacet
  facet normal -0.24868988716485535 0.9685831611286311 3.8490078510444933e-16
    outer loop
      vertex -4.590842207350252 24.066037642852873 -3
      vertex -7.074237336380218 23.428410148168197 -6
      vertex -7.570916362186211 23.30088464923126 -3
    endloop
  endfacet
  facet normal 0 0 -1
    outer loop
      vertex -4.590842207350252 24.066037642852873 -6
      vertex -6.161409621527751 1.6180778098291573 -6
      vertex -7.074237336380218 23.428410148168197 -6
    endloop
  endfacet
  facet normal 0 0 -1
    outer loop
      vertex -1.5383677284681754 24.45165484649265 -6
      vertex -2.4214579028215777 7.996724717912137 -6
      vertex -2.4802867532861947 7.688333083910761 -6
    endloop
  endfacet
  facet normal 0 0 -1
    outer loop
      vertex -1.5383677284681754 24.45165484649265 -6
      vertex -2.324441214720628 8.295311381711695 -6
      vertex -2.4214579028215777 7.996724717912137 -6
    endloop
  endfacet
  facet normal 0 0 -1
    outer loop
      vertex -1.5383677284681754 24.45165484649265 -6
      vertex -2.190766700109659 8.579384185254288 -6
      vertex -2.324441214720628 8.295311381711695 -6
    endloop
  endfacet
  facet normal 0 0 -1
    outer loop
      vertex -1.5383677284681754 24.45165484649265 -6
      vertex -2.0225424859373686 8.844463130731183 -6
      vertex -2.190766700109659 8.579384185254288 -6
    endloop
  endfacet
  facet normal 0 0 -1
    outer loop
      vertex -1.5383677284681754 24.45165484649265 -6
      vertex -1.822421568553529 9.086367764821722 -6
      vertex -2.0225424859373686 8.844463130731183 -6
    endloop
  endfacet
  facet normal 0 0 -1
    outer loop
      vertex -1.5383677284681754 24.45165484649265 -6
      vertex -1.5935599743717244 9.301283106939472 -6
      vertex -1.822421568553529 9.086367764821722 -6
    endloop
  endfacet
  facet normal 0 0 -1
    outer loop
      vertex -1.5935599743717244 9.301283106939472 -6
      vertex -1.5383677284681754 24.45165484649265 -6
      vertex -1.3395669874474916 9.485819813755038 -6
    endloop
  endfacet
  facet normal 0 0 -1
    outer loop
      vertex -1.3395669874474916 9.485819813755038 -6
      vertex -1.5383677284681754 24.45165484649265 -6
      vertex -1.0644482289126818 9.63706763116505 -6
    endloop
  endfacet
  facet normal 0 0 -1
    outer loop
      vertex -1.0644482289126818 9.63706763116505 -6
      vertex -1.5383677284681754 24.45165484649265 -6
      vertex -0.7725424859373685 9.752641290737884 -6
    endloop
  endfacet
  facet normal 0 0 -1
    outer loop
      vertex -0.7725424859373685 9.752641290737884 -6
      vertex -1.5383677284681754 24.45165484649265 -6
      vertex -0.46845328646431145 9.830718126821722 -6
    endloop
  endfacet
  facet normal 0 0 -1
    outer loop
      vertex -0.46845328646431145 9.830718126821722 -6
      vertex -1.5383677284681754 24.45165484649265 -6
      vertex -0.15697629882328318 9.87006682107068 -6
    endloop
  endfacet
  facet normal 0 0 -1
    outer loop
      vertex -1.0255784856454504 24.45165484649265 -6
      vertex 0.15697629882328318 9.87006682107068 -6
      vertex -0.15697629882328318 9.87006682107068 -6
    endloop
  endfacet
  facet normal -0.2486898871648549 0.9685831611286312 0
    outer loop
      vertex -4.590842207350252 24.066037642852873 -6
      vertex -7.074237336380218 23.428410148168197 -6
      vertex -4.590842207350252 24.066037642852873 -3
    endloop
  endfacet
  facet normal 0 0 -1
    outer loop
      vertex -1.0255784856454504 24.45165484649265 -6
      vertex -0.15697629882328318 9.87006682107068 -6
      vertex -1.5383677284681754 24.45165484649265 -6
    endloop
  endfacet
  facet normal 0 1 0
    outer loop
      vertex -1.0255784856454504 24.45165484649265 -6
      vertex -1.5383677284681754 24.45165484649265 -3
      vertex 1.5383677284681745 24.45165484649265 -3
    endloop
  endfacet
  facet normal 0 0 1
    outer loop
      vertex -24.46780169703412 -0.5117773703875749 6
      vertex -24.306810182204707 3.0706642223254494 6
      vertex -24.5 0 6
    endloop
  endfacet
  facet normal 0 0 1
    outer loop
      vertex -23.730287447651463 -6.0929022355389435 6
      vertex -23.730287447651463 6.0929022355389435 6
      vertex -24.306810182204707 3.0706642223254494 6
    endloop
  endfacet
  facet normal 0 0 1
    outer loop
      vertex -22.77952390426216 9.019051540774608 6
      vertex -23.730287447651463 6.0929022355389435 6
      vertex -22.77952390426216 -9.019051540774608 6
    endloop
  endfacet
  facet normal 0 0 1
    outer loop
      vertex -21.469513661074654 11.802965015492028 6
      vertex -22.77952390426216 9.019051540774608 6
      vertex -21.469513661074654 -11.802965015492028 6
    endloop
  endfacet
  facet normal 0 0 1
    outer loop
      vertex -19.820916362186214 -14.400738681165592 6
      vertex -19.820916362186214 14.400738681165592 6
      vertex -21.469513661074654 11.802965015492028 6
    endloop
  endfacet
  facet normal 0 0 1
    outer loop
      vertex -17.859731371824587 -16.77140409525287 6
      vertex -17.859731371824587 16.77140409525287 6
      vertex -19.820916362186214 14.400738681165592 6
    endloop
  endfacet
  facet normal 0 0 1
    outer loop
      vertex -15.616887748842895 -18.87757444800684 6
      vertex -15.616887748842895 18.87757444800684 6
      vertex -17.859731371824587 16.77140409525287 6
    endloop
  endfacet
  facet normal 0 0 1
    outer loop
      vertex -13.127756476985422 -20.686034174799367 6
      vertex -13.127756476985422 20.686034174799367 6
      vertex -15.616887748842895 18.87757444800684 6
    endloop
  endfacet
  facet normal 0 0 1
    outer loop
      vertex -10.431592643344274 -22.16826278541748 6
      vertex -10.431592643344281 22.168262785417475 6
      vertex -13.127756476985422 20.686034174799367 6
    endloop
  endfacet
  facet normal 0 0 1
    outer loop
      vertex -10.431592643344281 22.168262785417475 6
      vertex -9 0 6
      vertex -8.988172051971716 0.1879998503464561 6
    endloop
  endfacet
  facet normal 0 0 1
    outer loop
      vertex -10.431592643344281 22.168262785417475 6
      vertex -8.988172051971716 0.1879998503464561 6
      vertex -8.952874741692947 0.3730348307472823 6
    endloop
  endfacet
  facet normal 0 0 1
    outer loop
      vertex -10.431592643344281 22.168262785417475 6
      vertex -8.952874741692947 0.3730348307472823 6
      vertex -8.894664728832378 0.5521868290270168 6
    endloop
  endfacet
  facet normal 0 0 1
    outer loop
      vertex -10.431592643344281 22.168262785417475 6
      vertex -8.894664728832378 0.5521868290270168 6
      vertex -8.814460020065795 0.722630511152573 6
    endloop
  endfacet
  facet normal 0 0 1
    outer loop
      vertex -10.431592643344281 22.168262785417475 6
      vertex -8.814460020065795 0.722630511152573 6
      vertex -8.713525491562422 0.8816778784387097 6
    endloop
  endfacet
  facet normal 0 0 1
    outer loop
      vertex -10.431592643344281 22.168262785417475 6
      vertex -8.713525491562422 0.8816778784387097 6
      vertex -8.593452941132117 1.0268206588930329 6
    endloop
  endfacet
  facet normal 0 0 1
    outer loop
      vertex -10.431592643344281 22.168262785417475 6
      vertex -8.593452941132117 1.0268206588930329 6
      vertex -8.456135984623035 1.155769864163684 6
    endloop
  endfacet
  facet normal 0 0 1
    outer loop
      vertex -10.431592643344281 22.168262785417475 6
      vertex -8.456135984623035 1.155769864163684 6
      vertex -8.303740192468496 1.2664918882530225 6
    endloop
  endfacet
  facet normal 0 0 1
    outer loop
      vertex -10.431592643344281 22.168262785417475 6
      vertex -8.303740192468496 1.2664918882530225 6
      vertex -8.138668937347608 1.3572405786990291 6
    endloop
  endfacet
  facet normal 0 0 1
    outer loop
      vertex -10.431592643344281 22.168262785417475 6
      vertex -8.138668937347608 1.3572405786990291 6
      vertex -7.963525491562421 1.4265847744427302 6
    endloop
  endfacet
  facet normal 0 0 1
    outer loop
      vertex -10.431592643344281 22.168262785417475 6
      vertex -7.963525491562421 1.4265847744427302 6
      vertex -7.781071971878587 1.473430876093033 6
    endloop
  endfacet
  facet normal 0 0 1
    outer loop
      vertex -10.431592643344281 22.168262785417475 6
      vertex -7.781071971878587 1.473430876093033 6
      vertex -7.59418577929397 1.4970400926424072 6
    endloop
  endfacet
  facet normal 0 0 1
    outer loop
      vertex -10.431592643344281 22.168262785417475 6
      vertex -7.59418577929397 1.4970400926424072 6
      vertex -7.40581422070603 1.4970400926424072 6
    endloop
  endfacet
  facet normal 0 0 1
    outer loop
      vertex -7.570916362186211 23.30088464923126 6
      vertex -7.40581422070603 1.4970400926424072 6
      vertex -7.218928028121413 1.473430876093033 6
    endloop
  endfacet
  facet normal 0 0 1
    outer loop
      vertex -7.570916362186211 23.30088464923126 6
      vertex -7.218928028121413 1.473430876093033 6
      vertex -7.036474508437579 1.4265847744427302 6
    endloop
  endfacet
  facet normal 0 0 1
    outer loop
      vertex -7.570916362186211 23.30088464923126 6
      vertex -7.036474508437579 1.4265847744427302 6
      vertex -6.861331062652391 1.3572405786990291 6
    endloop
  endfacet
  facet normal 0 0 1
    outer loop
      vertex -7.570916362186211 23.30088464923126 6
      vertex -6.696259807531505 1.2664918882530225 6
      vertex -6.543864015376966 1.1557698641636838 6
    endloop
  endfacet
  facet normal 0 0 1
    outer loop
      vertex -7.570916362186211 23.30088464923126 6
      vertex -6.861331062652391 1.3572405786990291 6
      vertex -6.696259807531505 1.2664918882530225 6
    endloop
  endfacet
  facet normal 0 0 1
    outer loop
      vertex -7.570916362186211 23.30088464923126 6
      vertex -6.406547058867883 1.026820658893033 6
      vertex -6.286474508437578 0.8816778784387097 6
    endloop
  endfacet
  facet normal 0 0 1
    outer loop
      vertex -6.105335271167623 0.552186829027017 6
      vertex -7.570916362186211 23.30088464923126 6
      vertex -6.185539979934204 0.722630511152573 6
    endloop
  endfacet
  facet normal 0 0 1
    outer loop
      vertex -7.570916362186211 23.30088464923126 6
      vertex -6.286474508437578 0.8816778784387097 6
      vertex -6.185539979934204 0.722630511152573 6
    endloop
  endfacet
  facet normal 0 0 1
    outer loop
      vertex -7.570916362186211 23.30088464923126 6
      vertex -6.543864015376966 1.1557698641636838 6
      vertex -6.406547058867883 1.026820658893033 6
    endloop
  endfacet
  facet normal 0 0 1
    outer loop
      vertex -4.590842207350258 -24.06603764285287 6
      vertex -4.590842207350252 24.066037642852873 6
      vertex -6 0 6
    endloop
  endfacet
  facet normal 0 0 1
    outer loop
      vertex -1.5383677284681871 -24.45165484649265 6
      vertex -1.25 0 6
      vertex -1.5383677284681754 24.45165484649265 6
    endloop
  endfacet
  facet normal 0 0 1
    outer loop
      vertex -1.2107289514107888 0.31086235895606856 6
      vertex -0.9921147013144779 7.249666766435696 6
      vertex -1.2401433766430974 0.15666654195538007 6
    endloop
  endfacet
  facet normal 0 0 1
    outer loop
      vertex -1.1622206073603143 0.46015569085584734 6
      vertex -0.9685831611286312 7.126310112835146 6
      vertex -1.2107289514107888 0.31086235895606856 6
    endloop
  endfacet
  facet normal 0 0 1
    outer loop
      vertex -1.0953833500548293 0.6021920926271442 6
      vertex -0.9297764858882512 7.006875447315322 6
      vertex -1.1622206073603143 0.46015569085584734 6
    endloop
  endfacet
  facet normal 0 0 1
    outer loop
      vertex -1.0112712429686843 0.7347315653655915 6
      vertex -0.8763066800438635 6.893246325898285 6
      vertex -1.0953833500548293 0.6021920926271442 6
    endloop
  endfacet
  facet normal 0 0 1
    outer loop
      vertex -0.9112107842767646 0.8556838824108606 6
      vertex -0.8090169943749475 6.787214747707527 6
      vertex -1.0112712429686843 0.7347315653655915 6
    endloop
  endfacet
  facet normal 0 0 1
    outer loop
      vertex -0.7967799871858621 0.9631415534697367 6
      vertex -0.7289686274214117 6.690452894071312 6
      vertex -0.9112107842767646 0.8556838824108606 6
    endloop
  endfacet
  facet normal 0 0 1
    outer loop
      vertex -0.63742398974869 6.604486757224211 6
      vertex -0.7967799871858621 0.9631415534697367 6
      vertex -0.6697834937237459 1.0554099068775187 6
    endloop
  endfacet
  facet normal 0 0 1
    outer loop
      vertex -0.5358267949789962 6.530672074497985 6
      vertex -0.6697834937237459 1.0554099068775187 6
      vertex -0.5322241144563409 1.1310338155825244 6
    endloop
  endfacet
  facet normal 0 0 1
    outer loop
      vertex -0.42577929156507244 6.47017294753398 6
      vertex -0.5322241144563409 1.1310338155825244 6
      vertex -0.38627124296868426 1.1888206453689418 6
    endloop
  endfacet
  facet normal 0 0 1
    outer loop
      vertex -0.42577929156507244 6.47017294753398 6
      vertex -0.38627124296868426 1.1888206453689418 6
      vertex -0.23422664323215572 1.2278590634108608 6
    endloop
  endfacet
  facet normal 0 0 1
    outer loop
      vertex -0.42577929156507244 6.47017294753398 6
      vertex -0.23422664323215572 1.2278590634108608 6
      vertex -0.07848814941163576 1.2475334105353395 6
    endloop
  endfacet
  facet normal 0 0 1
    outer loop
      vertex -0.07848814941163576 1.2475334105353395 6
      vertex 0.07848814941164159 1.2475334105353395 6
      vertex -0.06279051952931376 6.376973271571728 6
    endloop
  endfacet
  facet normal 0 0 1
    outer loop
      vertex -0.9921147013144779 7.249666766435696 6
      vertex -1.2107289514107888 0.31086235895606856 6
      vertex -0.9685831611286312 7.126310112835146 6
    endloop
  endfacet
  facet normal 0 0 1
    outer loop
      vertex -1 7.375 6
      vertex -1.2401433766430974 0.15666654195538007 6
      vertex -0.9921147013144779 7.249666766435696 6
    endloop
  endfacet
  facet normal 0 0 1
    outer loop
      vertex -0.9685831611286312 7.126310112835146 6
      vertex -1.1622206073603143 0.46015569085584734 6
      vertex -0.9297764858882512 7.006875447315322 6
    endloop
  endfacet
  facet normal 0 0 1
    outer loop
      vertex -0.9297764858882512 7.006875447315322 6
      vertex -1.0953833500548293 0.6021920926271442 6
      vertex -0.8763066800438635 6.893246325898285 6
    endloop
  endfacet
  facet normal 0 0 1
    outer loop
      vertex -0.8763066800438635 6.893246325898285 6
      vertex -1.0112712429686843 0.7347315653655915 6
      vertex -0.8090169943749475 6.787214747707527 6
    endloop
  endfacet
  facet normal 0 0 1
    outer loop
      vertex -0.8090169943749475 6.787214747707527 6
      vertex -0.9112107842767646 0.8556838824108606 6
      vertex -0.7289686274214117 6.690452894071312 6
    endloop
  endfacet
  facet normal 0 0 1
    outer loop
      vertex -0.63742398974869 6.604486757224211 6
      vertex -0.7289686274214117 6.690452894071312 6
      vertex -0.7967799871858621 0.9631415534697367 6
    endloop
  endfacet
  facet normal 0 0 1
    outer loop
      vertex -0.5358267949789962 6.530672074497985 6
      vertex -0.63742398974869 6.604486757224211 6
      vertex -0.6697834937237459 1.0554099068775187 6
    endloop
  endfacet
  facet normal 0 0 1
    outer loop
      vertex -0.42577929156507244 6.47017294753398 6
      vertex -0.5358267949789962 6.530672074497985 6
      vertex -0.5322241144563409 1.1310338155825244 6
    endloop
  endfacet
  facet normal 0 0 1
    outer loop
      vertex -0.07848814941163576 1.2475334105353395 6
      vertex -0.3090169943749474 6.423943483704846 6
      vertex -0.42577929156507244 6.47017294753398 6
    endloop
  endfacet
  facet normal 0 0 1
    outer loop
      vertex -0.07848814941163576 1.2475334105353395 6
      vertex -0.18738131458572482 6.392712749271311 6
      vertex -0.3090169943749474 6.423943483704846 6
    endloop
  endfacet
  facet normal 0 0 1
    outer loop
      vertex -0.07848814941163576 1.2475334105353395 6
      vertex -0.06279051952931376 6.376973271571728 6
      vertex -0.18738131458572482 6.392712749271311 6
    endloop
  endfacet
  facet normal 0 0 1
    outer loop
      vertex -4.590842207350252 24.066037642852873 6
      vertex -6.105335271167623 0.552186829027017 6
      vertex -6.047125258307053 0.37303483074728216 6
    endloop
  endfacet
  facet normal 0 0 1
    outer loop
      vertex -4.590842207350252 24.066037642852873 6
      vertex -6.011827948028284 0.1879998503464564 6
      vertex -6 0 6
    endloop
  endfacet
  facet normal 0 0 1
    outer loop
      vertex -4.590842207350252 24.066037642852873 6
      vertex -6.047125258307053 0.37303483074728216 6
      vertex -6.011827948028284 0.1879998503464564 6
    endloop
  endfacet
  facet normal 0 0 1
    outer loop
      vertex -1.5383677284681871 -24.45165484649265 6
      vertex -1.5383677284681754 24.45165484649265 6
      vertex -4.590842207350252 24.066037642852873 6
    endloop
  endfacet
  facet normal 0 0 1
    outer loop
      vertex -1.5383677284681754 24.45165484649265 6
      vertex -1.25 0 6
      vertex -1.2401433766430974 0.15666654195538007 6
    endloop
  endfacet
  facet normal 0 0 1
    outer loop
      vertex -1.5383677284681754 24.45165484649265 6
      vertex -1.2401433766430974 0.15666654195538007 6
      vertex -1 7.375 6
    endloop
  endfacet
  facet normal 0 0 1
    outer loop
      vertex -7.40581422070603 1.4970400926424072 6
      vertex -7.570916362186211 23.30088464923126 6
      vertex -10.431592643344281 22.168262785417475 6
    endloop
  endfacet
  facet normal 0 0 1
    outer loop
      vertex -6.105335271167623 0.552186829027017 6
      vertex -4.590842207350252 24.066037642852873 6
      vertex -7.570916362186211 23.30088464923126 6
    endloop
  endfacet
  facet normal 0 0 1
    outer loop
      vertex -1.5383677284681754 24.45165484649265 6
      vertex -1 7.375 6
      vertex -0.9921147013144779 7.500333233564304 6
    endloop
  endfacet
  facet normal 0 0 1
    outer loop
      vertex -1.5383677284681754 24.45165484649265 6
      vertex -0.9921147013144779 7.500333233564304 6
      vertex -0.9685831611286311 7.623689887164855 6
    endloop
  endfacet
  facet normal 0 0 1
    outer loop
      vertex -1.5383677284681754 24.45165484649265 6
      vertex -0.9685831611286311 7.623689887164855 6
      vertex -0.9297764858882513 7.743124552684678 6
    endloop
  endfacet
  facet normal 0 0 1
    outer loop
      vertex -1.5383677284681754 24.45165484649265 6
      vertex -0.9297764858882513 7.743124552684678 6
      vertex -0.8763066800438636 7.856753674101715 6
    endloop
  endfacet
  facet normal 0 0 1
    outer loop
      vertex -1.5383677284681754 24.45165484649265 6
      vertex -0.8763066800438636 7.856753674101715 6
      vertex -0.8090169943749475 7.962785252292473 6
    endloop
  endfacet
  facet normal 0 0 1
    outer loop
      vertex -1.5383677284681754 24.45165484649265 6
      vertex -0.8090169943749475 7.962785252292473 6
      vertex -0.7289686274214116 8.059547105928688 6
    endloop
  endfacet
  facet normal 0 0 1
    outer loop
      vertex -1.5383677284681754 24.45165484649265 6
      vertex -0.7289686274214116 8.059547105928688 6
      vertex -0.6374239897486897 8.14551324277579 6
    endloop
  endfacet
  facet normal 0 0 1
    outer loop
      vertex -1.5383677284681754 24.45165484649265 6
      vertex -0.6374239897486897 8.14551324277579 6
      vertex -0.5358267949789967 8.219327925502014 6
    endloop
  endfacet
  facet normal 0 0 1
    outer loop
      vertex -1.5383677284681754 24.45165484649265 6
      vertex -0.5358267949789967 8.219327925502014 6
      vertex -0.4257792915650727 8.27982705246602 6
    endloop
  endfacet
  facet normal 0 0 1
    outer loop
      vertex -1.5383677284681754 24.45165484649265 6
      vertex -0.4257792915650727 8.27982705246602 6
      vertex -0.3090169943749474 8.326056516295154 6
    endloop
  endfacet
  facet normal 0 0 1
    outer loop
      vertex -1.5383677284681754 24.45165484649265 6
      vertex -0.3090169943749474 8.326056516295154 6
      vertex -0.18738131458572457 8.357287250728689 6
    endloop
  endfacet
  facet normal 0 0 1
    outer loop
      vertex -1.5383677284681754 24.45165484649265 6
      vertex -0.18738131458572457 8.357287250728689 6
      vertex -0.06279051952931328 8.373026728428272 6
    endloop
  endfacet
  facet normal 0 0 1
    outer loop
      vertex -1.5383677284681754 24.45165484649265 6
      vertex -0.06279051952931328 8.373026728428272 6
      vertex 1.0255784856454504 24.45165484649265 6
    endloop
  endfacet
  facet normal 0 1 0
    outer loop
      vertex -1.5383677284681745 24.45165484649265 3
      vertex -1.5383677284681754 24.45165484649265 6
      vertex 1.0255784856454504 24.45165484649265 6
    endloop
  endfacet
  facet normal 0.12533323356430498 -0.9921147013144778 -1.0825334581062658e-17
    outer loop
      vertex 1.5383677284681871 -24.45165484649265 -6
      vertex 4.082096460869913 -24.130307176792833 -6
      vertex 2.301486348188705 -24.355250545582706 -3
    endloop
  endfacet
  facet normal 0.12533323356430492 -0.9921147013144778 0
    outer loop
      vertex 1.5383677284681871 -24.45165484649265 -6
      vertex 2.301486348188705 -24.355250545582706 -3
      vertex 1.5383677284681871 -24.45165484649265 -4.8
    endloop
  endfacet
  facet normal 0 0 -1
    outer loop
      vertex 1.5383677284681871 -24.45165484649265 -6
      vertex -1.5383677284681871 -24.45165484649265 -6
      vertex 0.1569762988232844 -9.87006682107068 -6
    endloop
  endfacet
  facet normal 0.12533323356430498 -0.9921147013144777 -8.01876635634271e-18
    outer loop
      vertex 4.082096460869913 -24.130307176792833 -6
      vertex 4.590842207350258 -24.06603764285287 -3
      vertex 2.301486348188705 -24.355250545582706 -3
    endloop
  endfacet
  facet normal 0 0 -1
    outer loop
      vertex 1.5383677284681871 -24.45165484649265 -6
      vertex 0.1569762988232844 -9.87006682107068 -6
      vertex 0.46845328646431206 -9.830718126821722 -6
    endloop
  endfacet
  facet normal 0 0 -1
    outer loop
      vertex 1.5383677284681871 -24.45165484649265 -6
      vertex 0.46845328646431206 -9.830718126821722 -6
      vertex 0.7725424859373685 -9.752641290737884 -6
    endloop
  endfacet
  facet normal 0 0 -1
    outer loop
      vertex 1.5383677284681871 -24.45165484649265 -6
      vertex 0.7725424859373685 -9.752641290737884 -6
      vertex 1.064448228912681 -9.63706763116505 -6
    endloop
  endfacet
  facet normal 0 0 -1
    outer loop
      vertex 1.5383677284681871 -24.45165484649265 -6
      vertex 1.064448228912681 -9.63706763116505 -6
      vertex 1.3395669874474918 -9.485819813755038 -6
    endloop
  endfacet
  facet normal 0 0 -1
    outer loop
      vertex 1.5383677284681871 -24.45165484649265 -6
      vertex 1.3395669874474918 -9.485819813755038 -6
      vertex 1.5935599743717241 -9.301283106939474 -6
    endloop
  endfacet
  facet normal 0 0 -1
    outer loop
      vertex 1.5383677284681871 -24.45165484649265 -6
      vertex 1.5935599743717241 -9.301283106939474 -6
      vertex 1.8224215685535292 -9.086367764821722 -6
    endloop
  endfacet
  facet normal 0 0 -1
    outer loop
      vertex 1.5383677284681871 -24.45165484649265 -6
      vertex 1.8224215685535292 -9.086367764821722 -6
      vertex 2.0225424859373686 -8.844463130731183 -6
    endloop
  endfacet
  facet normal 0 0 -1
    outer loop
      vertex 1.5383677284681871 -24.45165484649265 -6
      vertex 2.0225424859373686 -8.844463130731183 -6
      vertex 2.1907667001096587 -8.579384185254288 -6
    endloop
  endfacet
  facet normal 0 0 -1
    outer loop
      vertex 1.5383677284681871 -24.45165484649265 -6
      vertex 2.1907667001096587 -8.579384185254288 -6
      vertex 2.3244412147206286 -8.295311381711695 -6
    endloop
  endfacet
  facet normal 0 0 -1
    outer loop
      vertex 1.5383677284681871 -24.45165484649265 -6
      vertex 2.3244412147206286 -8.295311381711695 -6
      vertex 2.4214579028215777 -7.996724717912137 -6
    endloop
  endfacet
  facet normal 0 0 -1
    outer loop
      vertex 1.5383677284681871 -24.45165484649265 -6
      vertex 2.4214579028215777 -7.996724717912137 -6
      vertex 2.4802867532861947 -7.68833308391076 -6
    endloop
  endfacet
  facet normal 0 0 -1
    outer loop
      vertex 7.570916362186211 -23.30088464923126 -6
      vertex 4.590842207350258 -24.06603764285287 -6
      vertex 6.85106431181261 -1.9972186842198225 -6
    endloop
  endfacet
  facet normal 0 0 -1
    outer loop
      vertex 9.030834117584964 -1.437548922450246 -6
      vertex 10.431592643344274 -22.16826278541748 -6
      vertex 7.570916362186211 -23.30088464923126 -6
    endloop
  endfacet
  facet normal 0 0 -1
    outer loop
      vertex 4.590842207350258 -24.06603764285287 -6
      vertex 6.374763730544107 -1.7730886435542315 -6
      vertex 6.605863487713348 -1.9001368101786411 -6
    endloop
  endfacet
  facet normal 0 0 -1
    outer loop
      vertex 4.590842207350258 -24.06603764285287 -6
      vertex 6.605863487713348 -1.9001368101786411 -6
      vertex 6.85106431181261 -1.9972186842198225 -6
    endloop
  endfacet
  facet normal 0 0 -1
    outer loop
      vertex 4.082096460869913 -24.130307176792833 -6
      vertex 1.5383677284681871 -24.45165484649265 -6
      vertex 4.590842207350252 24.066037642852873 -6
    endloop
  endfacet
  facet normal 0 0 -1
    outer loop
      vertex 4.082096460869913 -24.130307176792833 -6
      vertex 4.590842207350252 24.066037642852873 -6
      vertex 4.590842207350258 -24.06603764285287 -6
    endloop
  endfacet
  facet normal 0 0 -1
    outer loop
      vertex 4.590842207350258 -24.06603764285287 -6
      vertex 5.659755971907886 -1.0116827156136023 -6
      vertex 5.80106431181261 -1.2343490298141937 -6
    endloop
  endfacet
  facet normal 0 0 -1
    outer loop
      vertex 4.590842207350258 -24.06603764285287 -6
      vertex 5.547469379634672 -0.7730615606378235 -6
      vertex 5.659755971907886 -1.0116827156136023 -6
    endloop
  endfacet
  facet normal 0 0 -1
    outer loop
      vertex 4.590842207350258 -24.06603764285287 -6
      vertex 5.465975361629875 -0.5222487630461952 -6
      vertex 5.547469379634672 -0.7730615606378235 -6
    endloop
  endfacet
  facet normal 0 0 -1
    outer loop
      vertex 4.590842207350258 -24.06603764285287 -6
      vertex 5.416559127239596 -0.26319979048503855 -6
      vertex 5.465975361629875 -0.5222487630461952 -6
    endloop
  endfacet
  facet normal 0 0 -1
    outer loop
      vertex 4.590842207350258 -24.06603764285287 -6
      vertex 5.4 0 -6
      vertex 5.416559127239596 -0.26319979048503855 -6
    endloop
  endfacet
  facet normal 0 0 -1
    outer loop
      vertex 4.590842207350258 -24.06603764285287 -6
      vertex 5.80106431181261 -1.2343490298141937 -6
      vertex 5.9691658824150355 -1.437548922450246 -6
    endloop
  endfacet
  facet normal 0 0 -1
    outer loop
      vertex 6.161409621527752 -1.6180778098291577 -6
      vertex 4.590842207350258 -24.06603764285287 -6
      vertex 5.9691658824150355 -1.437548922450246 -6
    endloop
  endfacet
  facet normal 0 0 -1
    outer loop
      vertex 4.590842207350258 -24.06603764285287 -6
      vertex 6.161409621527752 -1.6180778098291577 -6
      vertex 6.374763730544107 -1.7730886435542315 -6
    endloop
  endfacet
  facet normal 0 0 -1
    outer loop
      vertex -0.15697629882328318 -4.8799331789293205 -6
      vertex 0.1820925066350099 -2.8942775124419873 -6
      vertex 0.15697629882328318 -4.8799331789293205 -6
    endloop
  endfacet
  facet normal 0 0 -1
    outer loop
      vertex 0.15697629882328318 -4.8799331789293205 -6
      vertex 0.1820925066350099 -2.8942775124419873 -6
      vertex 0.46845328646431145 -4.919281873178278 -6
    endloop
  endfacet
  facet normal 0 0 -1
    outer loop
      vertex 0.46845328646431145 -4.919281873178278 -6
      vertex 0.543405812298602 -2.848633027113197 -6
      vertex 0.7725424859373685 -4.997358709262116 -6
    endloop
  endfacet
  facet normal 0 0 -1
    outer loop
      vertex 0.46845328646431145 -4.919281873178278 -6
      vertex 0.1820925066350099 -2.8942775124419873 -6
      vertex 0.543405812298602 -2.848633027113197 -6
    endloop
  endfacet
  facet normal 0 0 -1
    outer loop
      vertex 0.7725424859373685 -4.997358709262116 -6
      vertex 0.543405812298602 -2.848633027113197 -6
      vertex 0.8961492836873475 -2.758063897255945 -6
    endloop
  endfacet
  facet normal 0 0 -1
    outer loop
      vertex 0.7725424859373685 -4.997358709262116 -6
      vertex 0.8961492836873475 -2.758063897255945 -6
      vertex 1.0644482289126818 -5.112932368834951 -6
    endloop
  endfacet
  facet normal 0 0 -1
    outer loop
      vertex 1.0644482289126818 -5.112932368834951 -6
      vertex 1.23475994553871 -2.6239984521514566 -6
      vertex 1.3395669874474918 -5.264180186244962 -6
    endloop
  endfacet
  facet normal 0 0 -1
    outer loop
      vertex 1.3395669874474918 -5.264180186244962 -6
      vertex 1.553897705439089 -2.4485509839558444 -6
      vertex 1.5935599743717241 -5.448716893060526 -6
    endloop
  endfacet
  facet normal 0 0 -1
    outer loop
      vertex 1.0644482289126818 -5.112932368834951 -6
      vertex 0.8961492836873475 -2.758063897255945 -6
      vertex 1.23475994553871 -2.6239984521514566 -6
    endloop
  endfacet
  facet normal 0 0 -1
    outer loop
      vertex 1.553897705439089 -2.4485509839558444 -6
      vertex 1.3395669874474918 -5.264180186244962 -6
      vertex 1.23475994553871 -2.6239984521514566 -6
    endloop
  endfacet
  facet normal 0 0 -1
    outer loop
      vertex 2.1907667001096587 -6.1706158147457115 -6
      vertex 2.0225424859373686 -5.905536869268817 -6
      vertex 2.3461492836873474 -1.704577231648172 -6
    endloop
  endfacet
  facet normal 0 0 -1
    outer loop
      vertex 2.1907667001096587 -6.1706158147457115 -6
      vertex 2.541289372127204 -1.3970856548949746 -6
      vertex 2.3244412147206286 -6.454688618288305 -6
    endloop
  endfacet
  facet normal 0 0 -1
    outer loop
      vertex 2.4214579028215777 -6.753275282087863 -6
      vertex 2.3244412147206286 -6.454688618288305 -6
      vertex 2.6963518090759284 -1.0675612027855672 -6
    endloop
  endfacet
  facet normal 0 0 -1
    outer loop
      vertex 2.4802867532861947 -7.06166691608924 -6
      vertex 2.4214579028215777 -6.753275282087863 -6
      vertex 2.8088911672730306 -0.7212006727780779 -6
    endloop
  endfacet
  facet normal 0 0 -1
    outer loop
      vertex 2.5 -7.375 -6
      vertex 2.4802867532861947 -7.06166691608924 -6
      vertex 2.8771326338119856 -0.3634663773364818 -6
    endloop
  endfacet
  facet normal 0 0 -1
    outer loop
      vertex 1.5935599743717241 -5.448716893060526 -6
      vertex 1.8485295702712008 -2.234488404049788 -6
      vertex 1.8224215685535292 -5.663632235178278 -6
    endloop
  endfacet
  facet normal 0 0 -1
    outer loop
      vertex 1.8224215685535292 -5.663632235178278 -6
      vertex 2.114009019522094 -1.9851866071931965 -6
      vertex 2.0225424859373686 -5.905536869268817 -6
    endloop
  endfacet
  facet normal 0 0 -1
    outer loop
      vertex 1.5935599743717241 -5.448716893060526 -6
      vertex 1.553897705439089 -2.4485509839558444 -6
      vertex 1.8485295702712008 -2.234488404049788 -6
    endloop
  endfacet
  facet normal 0 0 -1
    outer loop
      vertex 1.8224215685535292 -5.663632235178278 -6
      vertex 1.8485295702712008 -2.234488404049788 -6
      vertex 2.114009019522094 -1.9851866071931965 -6
    endloop
  endfacet
  facet normal 0 0 -1
    outer loop
      vertex 2.0225424859373686 -5.905536869268817 -6
      vertex 2.114009019522094 -1.9851866071931965 -6
      vertex 2.3461492836873474 -1.704577231648172 -6
    endloop
  endfacet
  facet normal 0 0 -1
    outer loop
      vertex 2.1907667001096587 -6.1706158147457115 -6
      vertex 2.3461492836873474 -1.704577231648172 -6
      vertex 2.541289372127204 -1.3970856548949746 -6
    endloop
  endfacet
  facet normal 0 0 -1
    outer loop
      vertex 2.3244412147206286 -6.454688618288305 -6
      vertex 2.541289372127204 -1.3970856548949746 -6
      vertex 2.6963518090759284 -1.0675612027855672 -6
    endloop
  endfacet
  facet normal 0 0 -1
    outer loop
      vertex 2.4214579028215777 -6.753275282087863 -6
      vertex 2.6963518090759284 -1.0675612027855672 -6
      vertex 2.8088911672730306 -0.7212006727780779 -6
    endloop
  endfacet
  facet normal 0 0 -1
    outer loop
      vertex 2.4802867532861947 -7.06166691608924 -6
      vertex 2.8088911672730306 -0.7212006727780779 -6
      vertex 2.8771326338119856 -0.3634663773364818 -6
    endloop
  endfacet
  facet normal 0 0 -1
    outer loop
      vertex 4.590842207350252 24.066037642852873 -6
      vertex 1.5383677284681871 -24.45165484649265 -6
      vertex 2.4802867532861947 -7.68833308391076 -6
    endloop
  endfacet
  facet normal 0 0 -1
    outer loop
      vertex 7.570916362186211 -23.30088464923126 -6
      vertex 6.85106431181261 -1.9972186842198225 -6
      vertex 7.1064992393699775 -2.0628032265302463 -6
    endloop
  endfacet
  facet normal 0 0 -1
    outer loop
      vertex 7.570916362186211 -23.30088464923126 -6
      vertex 7.1064992393699775 -2.0628032265302463 -6
      vertex 7.368139908988441 -2.0958561296993703 -6
    endloop
  endfacet
  facet normal 0 0 -1
    outer loop
      vertex 7.570916362186211 -23.30088464923126 -6
      vertex 7.368139908988441 -2.0958561296993703 -6
      vertex 7.631860091011559 -2.0958561296993703 -6
    endloop
  endfacet
  facet normal 0 0 -1
    outer loop
      vertex 7.570916362186211 -23.30088464923126 -6
      vertex 7.631860091011559 -2.0958561296993703 -6
      vertex 7.8935007606300225 -2.0628032265302463 -6
    endloop
  endfacet
  facet normal 0 0 -1
    outer loop
      vertex 7.570916362186211 -23.30088464923126 -6
      vertex 7.8935007606300225 -2.0628032265302463 -6
      vertex 8.14893568818739 -1.9972186842198225 -6
    endloop
  endfacet
  facet normal 0 0 -1
    outer loop
      vertex 7.570916362186211 -23.30088464923126 -6
      vertex 8.14893568818739 -1.9972186842198225 -6
      vertex 8.394136512286652 -1.9001368101786411 -6
    endloop
  endfacet
  facet normal 0 0 -1
    outer loop
      vertex 7.570916362186211 -23.30088464923126 -6
      vertex 8.394136512286652 -1.9001368101786411 -6
      vertex 8.625236269455892 -1.7730886435542321 -6
    endloop
  endfacet
  facet normal 0 0 -1
    outer loop
      vertex 7.570916362186211 -23.30088464923126 -6
      vertex 8.625236269455892 -1.7730886435542321 -6
      vertex 8.838590378472249 -1.618077809829157 -6
    endloop
  endfacet
  facet normal 0 0 -1
    outer loop
      vertex 9.030834117584964 -1.437548922450246 -6
      vertex 7.570916362186211 -23.30088464923126 -6
      vertex 8.838590378472249 -1.618077809829157 -6
    endloop
  endfacet
  facet normal 0 0 -1
    outer loop
      vertex 10.431592643344274 -22.16826278541748 -6
      vertex 9.030834117584964 -1.437548922450246 -6
      vertex 9.19893568818739 -1.2343490298141937 -6
    endloop
  endfacet
  facet normal 0 0 -1
    outer loop
      vertex 10.431592643344274 -22.16826278541748 -6
      vertex 9.19893568818739 -1.2343490298141937 -6
      vertex 9.340244028092114 -1.0116827156136023 -6
    endloop
  endfacet
  facet normal 0 0 -1
    outer loop
      vertex 10.431592643344274 -22.16826278541748 -6
      vertex 9.340244028092114 -1.0116827156136023 -6
      vertex 9.452530620365328 -0.7730615606378246 -6
    endloop
  endfacet
  facet normal 0 0 -1
    outer loop
      vertex 10.431592643344274 -22.16826278541748 -6
      vertex 9.452530620365328 -0.7730615606378246 -6
      vertex 9.534024638370125 -0.5222487630461944 -6
    endloop
  endfacet
  facet normal 0 0 -1
    outer loop
      vertex 10.431592643344274 -22.16826278541748 -6
      vertex 9.534024638370125 -0.5222487630461944 -6
      vertex 9.583440872760404 -0.26319979048503855 -6
    endloop
  endfacet
  facet normal 0 0 -1
    outer loop
      vertex 10.431592643344274 -22.16826278541748 -6
      vertex 9.583440872760404 -0.26319979048503855 -6
      vertex 9.6 0 -6
    endloop
  endfacet
  facet normal 0 0 -1
    outer loop
      vertex 10.431592643344274 -22.16826278541748 -6
      vertex 13.127756476985418 20.68603417479937 -6
      vertex 13.127756476985407 -20.686034174799374 -6
    endloop
  endfacet
  facet normal 0.5877852522924712 -0.8090169943749489 0
    outer loop
      vertex 13.127756476985407 -20.686034174799374 -3
      vertex 13.127756476985407 -20.686034174799374 -6
      vertex 13.750039294949781 -20.23391924310124 -3
    endloop
  endfacet
  facet normal 0 0 -1
    outer loop
      vertex 13.127756476985407 -20.686034174799374 -6
      vertex 15.616887748842899 18.877574448006833 -6
      vertex 15.616887748842904 -18.877574448006833 -6
    endloop
  endfacet
  facet normal 0 0 -1
    outer loop
      vertex 17.859731371824587 -16.77140409525287 -6
      vertex 15.616887748842904 -18.877574448006833 -6
      vertex 17.859731371824584 16.77140409525287 -6
    endloop
  endfacet
  facet normal 0.9510565162951539 -0.3090169943749465 0
    outer loop
      vertex 22.779523904262156 -9.019051540774619 -6
      vertex 23.571826857086577 -6.580593786411548 -6
      vertex 22.779523904262156 -9.019051540774619 -4.8
    endloop
  endfacet
  facet normal 0.9510565162951539 -0.3090169943749465 0
    outer loop
      vertex 23.63521109331253 -6.3855171660625025 -4.8
      vertex 22.779523904262156 -9.019051540774619 -4.8
      vertex 23.571826857086577 -6.580593786411548 -6
    endloop
  endfacet
  facet normal 0.9048270524660186 -0.4257792915650745 8.018766356342707e-16
    outer loop
      vertex 22.648522879943407 -9.29744288824636 -4.8
      vertex 22.779523904262156 -9.019051540774619 -3
      vertex 22.45202134346528 -9.715029909453971 -3
    endloop
  endfacet
  facet normal 0 0 -1
    outer loop
      vertex 19.820916362186214 -14.400738681165592 -6
      vertex 17.859731371824587 -16.77140409525287 -6
      vertex 19.820916362186214 14.400738681165592 -6
    endloop
  endfacet
  facet normal 0 0 -1
    outer loop
      vertex 21.469513661074654 -11.802965015492028 -6
      vertex 19.820916362186214 -14.400738681165592 -6
      vertex 21.469513661074657 11.802965015492026 -6
    endloop
  endfacet
  facet normal 0 0 -1
    outer loop
      vertex 22.779523904262156 -9.019051540774619 -6
      vertex 21.469513661074654 -11.802965015492028 -6
      vertex 22.77952390426216 9.01905154077461 -6
    endloop
  endfacet
  facet normal 0 0 -1
    outer loop
      vertex 22.779523904262156 -9.019051540774619 -6
      vertex 23.730287447651463 6.092902235538943 -6
      vertex 23.571826857086577 -6.580593786411548 -6
    endloop
  endfacet
  facet normal 0 0 -1
    outer loop
      vertex 23.571826857086577 -6.580593786411548 -6
      vertex 23.730287447651463 6.092902235538943 -6
      vertex 23.730287447651463 -6.092902235538934 -6
    endloop
  endfacet
  facet normal 0 0 -1
    outer loop
      vertex 24.306810182204707 -3.0706642223254494 -6
      vertex 23.730287447651463 -6.092902235538934 -6
      vertex 24.306810182204707 3.0706642223254543 -6
    endloop
  endfacet
  facet normal 0.9980267284282714 -0.0627905195293139 0
    outer loop
      vertex 24.306810182204707 -3.0706642223254494 -6
      vertex 24.46780169703412 -0.5117773703875749 -6
      vertex 24.306810182204707 -3.0706642223254494 -4.8
    endloop
  endfacet
  facet normal 0 0 -1
    outer loop
      vertex 24.46780169703412 -0.5117773703875749 -6
      vertex 24.306810182204707 -3.0706642223254494 -6
      vertex 24.306810182204707 3.0706642223254543 -6
    endloop
  endfacet
  facet normal 0.9980267284282717 -0.06279051952931294 2.0736028624604973e-15
    outer loop
      vertex 24.46780169703412 -0.5117773703875749 -6
      vertex 24.48068101822047 -0.307066422232545 -4.8
      vertex 24.306810182204707 -3.0706642223254494 -4.8
    endloop
  endfacet
  facet normal 0 0 1
    outer loop
      vertex -0.06279051952931376 -8.373026728428272 6
      vertex 1.5383677284681871 -24.45165484649265 6
      vertex 0.06279051952931376 -8.373026728428272 6
    endloop
  endfacet
  facet normal 0 0 1
    outer loop
      vertex 1.5383677284681871 -24.45165484649265 6
      vertex 0.18738131458572482 -8.357287250728689 6
      vertex 0.06279051952931376 -8.373026728428272 6
    endloop
  endfacet
  facet normal 0 0 1
    outer loop
      vertex 1.5383677284681871 -24.45165484649265 6
      vertex 0.3090169943749474 -8.326056516295154 6
      vertex 0.18738131458572482 -8.357287250728689 6
    endloop
  endfacet
  facet normal 0 0 1
    outer loop
      vertex 1.5383677284681871 -24.45165484649265 6
      vertex 0.42577929156507244 -8.27982705246602 6
      vertex 0.3090169943749474 -8.326056516295154 6
    endloop
  endfacet
  facet normal 0 0 1
    outer loop
      vertex 1.5383677284681871 -24.45165484649265 6
      vertex 0.5358267949789968 -8.219327925502014 6
      vertex 0.42577929156507244 -8.27982705246602 6
    endloop
  endfacet
  facet normal 0 0 1
    outer loop
      vertex 1.5383677284681871 -24.45165484649265 6
      vertex 0.6374239897486896 -8.14551324277579 6
      vertex 0.5358267949789968 -8.219327925502014 6
    endloop
  endfacet
  facet normal 0 0 1
    outer loop
      vertex 1.5383677284681871 -24.45165484649265 6
      vertex 0.7289686274214117 -8.059547105928688 6
      vertex 0.6374239897486896 -8.14551324277579 6
    endloop
  endfacet
  facet normal 0 0 1
    outer loop
      vertex 1.5383677284681871 -24.45165484649265 6
      vertex 0.8090169943749475 -7.962785252292473 6
      vertex 0.7289686274214117 -8.059547105928688 6
    endloop
  endfacet
  facet normal 0 0 1
    outer loop
      vertex 1.5383677284681871 -24.45165484649265 6
      vertex 0.8763066800438635 -7.856753674101715 6
      vertex 0.8090169943749475 -7.962785252292473 6
    endloop
  endfacet
  facet normal 0 0 1
    outer loop
      vertex 1.5383677284681871 -24.45165484649265 6
      vertex 0.9297764858882515 -7.7431245526846775 6
      vertex 0.8763066800438635 -7.856753674101715 6
    endloop
  endfacet
  facet normal 0 0 1
    outer loop
      vertex 1.5383677284681871 -24.45165484649265 6
      vertex 0.9685831611286311 -7.623689887164855 6
      vertex 0.9297764858882515 -7.7431245526846775 6
    endloop
  endfacet
  facet normal 0 0 1
    outer loop
      vertex 1.5383677284681871 -24.45165484649265 6
      vertex 0.9921147013144779 -7.500333233564304 6
      vertex 0.9685831611286311 -7.623689887164855 6
    endloop
  endfacet
  facet normal 0 0 1
    outer loop
      vertex 1.5383677284681871 -24.45165484649265 6
      vertex 1 -7.375 6
      vertex 0.9921147013144779 -7.500333233564304 6
    endloop
  endfacet
  facet normal 0 0 1
    outer loop
      vertex 6.105335271167623 -0.5521868290270168 6
      vertex 4.590842207350258 -24.06603764285287 6
      vertex 7.570916362186211 -23.30088464923126 6
    endloop
  endfacet
  facet normal 0 0 1
    outer loop
      vertex 7.405814220706029 -1.4970400926424072 6
      vertex 7.570916362186211 -23.30088464923126 6
      vertex 10.431592643344274 -22.16826278541748 6
    endloop
  endfacet
  facet normal 0 0 1
    outer loop
      vertex 1.5383677284681871 -24.45165484649265 6
      vertex 1.2401433766430974 -0.15666654195538007 6
      vertex 1 -7.375 6
    endloop
  endfacet
  facet normal 0 0 1
    outer loop
      vertex 1.5383677284681871 -24.45165484649265 6
      vertex 1.25 0 6
      vertex 1.2401433766430974 -0.15666654195538007 6
    endloop
  endfacet
  facet normal 0 0 1
    outer loop
      vertex 1.5383677284681754 24.45165484649265 6
      vertex 1.5383677284681871 -24.45165484649265 6
      vertex 4.590842207350258 -24.06603764285287 6
    endloop
  endfacet
  facet normal 0 0 1
    outer loop
      vertex 4.590842207350258 -24.06603764285287 6
      vertex 6.047125258307053 -0.3730348307472823 6
      vertex 6.011827948028284 -0.1879998503464561 6
    endloop
  endfacet
  facet normal 0 0 1
    outer loop
      vertex 4.590842207350258 -24.06603764285287 6
      vertex 6.011827948028284 -0.1879998503464561 6
      vertex 6 0 6
    endloop
  endfacet
  facet normal 0 0 1
    outer loop
      vertex 4.590842207350258 -24.06603764285287 6
      vertex 6.105335271167623 -0.5521868290270168 6
      vertex 6.047125258307053 -0.3730348307472823 6
    endloop
  endfacet
  facet normal 0 0 1
    outer loop
      vertex 0.06279051952931328 -6.376973271571728 6
      vertex 0.18738131458572457 -6.392712749271311 6
      vertex 0.07848814941164224 -1.2475334105353395 6
    endloop
  endfacet
  facet normal 0 0 1
    outer loop
      vertex 0.18738131458572457 -6.392712749271311 6
      vertex 0.3090169943749474 -6.423943483704846 6
      vertex 0.07848814941164224 -1.2475334105353395 6
    endloop
  endfacet
  facet normal 0 0 1
    outer loop
      vertex 0.3090169943749474 -6.423943483704846 6
      vertex 0.4257792915650727 -6.470172947533981 6
      vertex 0.07848814941164224 -1.2475334105353395 6
    endloop
  endfacet
  facet normal 0 0 1
    outer loop
      vertex 0.4257792915650727 -6.470172947533981 6
      vertex 0.5358267949789968 -6.530672074497985 6
      vertex 0.5322241144563405 -1.1310338155825246 6
    endloop
  endfacet
  facet normal 0 0 1
    outer loop
      vertex 0.5358267949789968 -6.530672074497985 6
      vertex 0.6374239897486896 -6.604486757224211 6
      vertex 0.6697834937237452 -1.0554099068775191 6
    endloop
  endfacet
  facet normal 0 0 1
    outer loop
      vertex 0.6374239897486896 -6.604486757224211 6
      vertex 0.7289686274214117 -6.690452894071312 6
      vertex 0.7967799871858625 -0.9631415534697363 6
    endloop
  endfacet
  facet normal 0 0 1
    outer loop
      vertex 0.8090169943749475 -6.787214747707527 6
      vertex 0.9112107842767646 -0.8556838824108606 6
      vertex 0.7289686274214117 -6.690452894071312 6
    endloop
  endfacet
  facet normal 0 0 1
    outer loop
      vertex 0.8763066800438635 -6.893246325898285 6
      vertex 1.0112712429686843 -0.7347315653655915 6
      vertex 0.8090169943749475 -6.787214747707527 6
    endloop
  endfacet
  facet normal 0 0 1
    outer loop
      vertex 0.9297764858882515 -7.0068754473153225 6
      vertex 1.0953833500548293 -0.6021920926271442 6
      vertex 0.8763066800438635 -6.893246325898285 6
    endloop
  endfacet
  facet normal 0 0 1
    outer loop
      vertex 0.9685831611286311 -7.126310112835145 6
      vertex 1.162220607360314 -0.46015569085584795 6
      vertex 0.9297764858882515 -7.0068754473153225 6
    endloop
  endfacet
  facet normal 0 0 1
    outer loop
      vertex 1 -7.375 6
      vertex 1.2401433766430974 -0.15666654195538007 6
      vertex 0.9921147013144779 -7.249666766435696 6
    endloop
  endfacet
  facet normal 0 0 1
    outer loop
      vertex 0.9921147013144779 -7.249666766435696 6
      vertex 1.210728951410789 -0.31086235895606806 6
      vertex 0.9685831611286311 -7.126310112835145 6
    endloop
  endfacet
  facet normal 0 0 1
    outer loop
      vertex 0.06279051952931328 -6.376973271571728 6
      vertex 0.07848814941164224 -1.2475334105353395 6
      vertex -0.0784881494116422 -1.2475334105353395 6
    endloop
  endfacet
  facet normal 0 0 1
    outer loop
      vertex 0.4257792915650727 -6.470172947533981 6
      vertex 0.23422664323215603 -1.2278590634108608 6
      vertex 0.07848814941164224 -1.2475334105353395 6
    endloop
  endfacet
  facet normal 0 0 1
    outer loop
      vertex 0.4257792915650727 -6.470172947533981 6
      vertex 0.38627124296868426 -1.1888206453689418 6
      vertex 0.23422664323215603 -1.2278590634108608 6
    endloop
  endfacet
  facet normal 0 0 1
    outer loop
      vertex 0.4257792915650727 -6.470172947533981 6
      vertex 0.5322241144563405 -1.1310338155825246 6
      vertex 0.38627124296868426 -1.1888206453689418 6
    endloop
  endfacet
  facet normal 0 0 1
    outer loop
      vertex 0.5358267949789968 -6.530672074497985 6
      vertex 0.6697834937237452 -1.0554099068775191 6
      vertex 0.5322241144563405 -1.1310338155825246 6
    endloop
  endfacet
  facet normal 0 0 1
    outer loop
      vertex 0.6374239897486896 -6.604486757224211 6
      vertex 0.7967799871858625 -0.9631415534697363 6
      vertex 0.6697834937237452 -1.0554099068775191 6
    endloop
  endfacet
  facet normal 0 0 1
    outer loop
      vertex 0.7289686274214117 -6.690452894071312 6
      vertex 0.9112107842767646 -0.8556838824108606 6
      vertex 0.7967799871858625 -0.9631415534697363 6
    endloop
  endfacet
  facet normal 0 0 1
    outer loop
      vertex 0.8090169943749475 -6.787214747707527 6
      vertex 1.0112712429686843 -0.7347315653655915 6
      vertex 0.9112107842767646 -0.8556838824108606 6
    endloop
  endfacet
  facet normal 0 0 1
    outer loop
      vertex 0.8763066800438635 -6.893246325898285 6
      vertex 1.0953833500548293 -0.6021920926271442 6
      vertex 1.0112712429686843 -0.7347315653655915 6
    endloop
  endfacet
  facet normal 0 0 1
    outer loop
      vertex 0.9297764858882515 -7.0068754473153225 6
      vertex 1.162220607360314 -0.46015569085584795 6
      vertex 1.0953833500548293 -0.6021920926271442 6
    endloop
  endfacet
  facet normal 0 0 1
    outer loop
      vertex 0.9685831611286311 -7.126310112835145 6
      vertex 1.210728951410789 -0.31086235895606806 6
      vertex 1.162220607360314 -0.46015569085584795 6
    endloop
  endfacet
  facet normal 0 0 1
    outer loop
      vertex 0.9921147013144779 -7.249666766435696 6
      vertex 1.2401433766430974 -0.15666654195538007 6
      vertex 1.210728951410789 -0.31086235895606806 6
    endloop
  endfacet
  facet normal 0 0 1
    outer loop
      vertex 7.570916362186211 -23.30088464923126 6
      vertex 6.543864015376966 -1.155769864163684 6
      vertex 6.406547058867883 -1.0268206588930329 6
    endloop
  endfacet
  facet normal 0 0 1
    outer loop
      vertex 7.570916362186211 -23.30088464923126 6
      vertex 6.286474508437578 -0.8816778784387097 6
      vertex 6.185539979934205 -0.722630511152573 6
    endloop
  endfacet
  facet normal 0 0 1
    outer loop
      vertex 6.105335271167623 -0.5521868290270168 6
      vertex 7.570916362186211 -23.30088464923126 6
      vertex 6.185539979934205 -0.722630511152573 6
    endloop
  endfacet
  facet normal 0 0 1
    outer loop
      vertex 7.570916362186211 -23.30088464923126 6
      vertex 6.406547058867883 -1.0268206588930329 6
      vertex 6.286474508437578 -0.8816778784387097 6
    endloop
  endfacet
  facet normal 0 0 1
    outer loop
      vertex 7.570916362186211 -23.30088464923126 6
      vertex 6.861331062652392 -1.3572405786990294 6
      vertex 6.696259807531505 -1.2664918882530225 6
    endloop
  endfacet
  facet normal 0 0 1
    outer loop
      vertex 7.570916362186211 -23.30088464923126 6
      vertex 6.696259807531505 -1.2664918882530225 6
      vertex 6.543864015376966 -1.155769864163684 6
    endloop
  endfacet
  facet normal 0 0 1
    outer loop
      vertex 7.570916362186211 -23.30088464923126 6
      vertex 7.036474508437579 -1.4265847744427302 6
      vertex 6.861331062652392 -1.3572405786990294 6
    endloop
  endfacet
  facet normal 0 0 1
    outer loop
      vertex 7.570916362186211 -23.30088464923126 6
      vertex 7.218928028121413 -1.4734308760930328 6
      vertex 7.036474508437579 -1.4265847744427302 6
    endloop
  endfacet
  facet normal 0 0 1
    outer loop
      vertex 7.570916362186211 -23.30088464923126 6
      vertex 7.405814220706029 -1.4970400926424072 6
      vertex 7.218928028121413 -1.4734308760930328 6
    endloop
  endfacet
  facet normal 0 0 1
    outer loop
      vertex 10.431592643344274 -22.16826278541748 6
      vertex 7.594185779293971 -1.4970400926424072 6
      vertex 7.405814220706029 -1.4970400926424072 6
    endloop
  endfacet
  facet normal 0 0 1
    outer loop
      vertex 10.431592643344274 -22.16826278541748 6
      vertex 7.781071971878587 -1.4734308760930328 6
      vertex 7.594185779293971 -1.4970400926424072 6
    endloop
  endfacet
  facet normal 0 0 1
    outer loop
      vertex 10.431592643344274 -22.16826278541748 6
      vertex 7.963525491562421 -1.4265847744427302 6
      vertex 7.781071971878587 -1.4734308760930328 6
    endloop
  endfacet
  facet normal 0 0 1
    outer loop
      vertex 10.431592643344274 -22.16826278541748 6
      vertex 8.138668937347608 -1.3572405786990294 6
      vertex 7.963525491562421 -1.4265847744427302 6
    endloop
  endfacet
  facet normal 0 0 1
    outer loop
      vertex 10.431592643344274 -22.16826278541748 6
      vertex 8.303740192468494 -1.266491888253023 6
      vertex 8.138668937347608 -1.3572405786990294 6
    endloop
  endfacet
  facet normal 0 0 1
    outer loop
      vertex 10.431592643344274 -22.16826278541748 6
      vertex 8.456135984623035 -1.1557698641636835 6
      vertex 8.303740192468494 -1.266491888253023 6
    endloop
  endfacet
  facet normal 0 0 1
    outer loop
      vertex 10.431592643344274 -22.16826278541748 6
      vertex 8.593452941132117 -1.0268206588930329 6
      vertex 8.456135984623035 -1.1557698641636835 6
    endloop
  endfacet
  facet normal 0 0 1
    outer loop
      vertex 10.431592643344274 -22.16826278541748 6
      vertex 8.713525491562422 -0.8816778784387097 6
      vertex 8.593452941132117 -1.0268206588930329 6
    endloop
  endfacet
  facet normal 0 0 1
    outer loop
      vertex 10.431592643344274 -22.16826278541748 6
      vertex 8.814460020065795 -0.722630511152573 6
      vertex 8.713525491562422 -0.8816778784387097 6
    endloop
  endfacet
  facet normal 0 0 1
    outer loop
      vertex 10.431592643344274 -22.16826278541748 6
      vertex 8.894664728832376 -0.5521868290270175 6
      vertex 8.814460020065795 -0.722630511152573 6
    endloop
  endfacet
  facet normal 0 0 1
    outer loop
      vertex 10.431592643344274 -22.16826278541748 6
      vertex 8.952874741692947 -0.37303483074728166 6
      vertex 8.894664728832376 -0.5521868290270175 6
    endloop
  endfacet
  facet normal 0 0 1
    outer loop
      vertex 10.431592643344274 -22.16826278541748 6
      vertex 8.988172051971716 -0.1879998503464561 6
      vertex 8.952874741692947 -0.37303483074728166 6
    endloop
  endfacet
  facet normal 0 0 1
    outer loop
      vertex 10.431592643344274 -22.16826278541748 6
      vertex 9 0 6
      vertex 8.988172051971716 -0.1879998503464561 6
    endloop
  endfacet
  facet normal 0 0 1
    outer loop
      vertex 10.431592643344274 -22.16826278541748 6
      vertex 13.127756476985407 -20.686034174799374 6
      vertex 10.431592643344281 22.168262785417475 6
    endloop
  endfacet
  facet normal 0 0 1
    outer loop
      vertex 13.127756476985407 -20.686034174799374 6
      vertex 15.616887748842904 -18.877574448006833 6
      vertex 13.127756476985418 20.68603417479937 6
    endloop
  endfacet
  facet normal 0 0 1
    outer loop
      vertex 15.616887748842899 18.877574448006833 6
      vertex 15.616887748842904 -18.877574448006833 6
      vertex 17.859731371824587 -16.77140409525287 6
    endloop
  endfacet
  facet normal 0 0 1
    outer loop
      vertex 17.859731371824584 16.771404095252873 6
      vertex 17.859731371824587 -16.77140409525287 6
      vertex 19.820916362186214 -14.400738681165592 6
    endloop
  endfacet
  facet normal 0 0 1
    outer loop
      vertex 19.820916362186214 -14.400738681165592 6
      vertex 21.469513661074654 -11.802965015492028 6
      vertex 19.820916362186214 14.400738681165592 6
    endloop
  endfacet
  facet normal 0 0 1
    outer loop
      vertex 21.469513661074654 -11.802965015492028 6
      vertex 22.779523904262156 -9.019051540774619 6
      vertex 21.469513661074657 11.802965015492026 6
    endloop
  endfacet
  facet normal 0 0 1
    outer loop
      vertex 22.779523904262156 -9.019051540774619 6
      vertex 23.730287447651463 -6.092902235538934 6
      vertex 22.77952390426216 9.01905154077461 6
    endloop
  endfacet
  facet normal 0 0 1
    outer loop
      vertex 23.730287447651463 -6.092902235538934 6
      vertex 24.306810182204707 -3.0706642223254494 6
      vertex 23.730287447651463 6.092902235538943 6
    endloop
  endfacet
  facet normal 0 0 -1
    outer loop
      vertex 2.80889116727303 0.7212006727780789 -6
      vertex 2.696351809075929 1.067561202785566 -6
      vertex 2.4214579028215777 6.753275282087863 -6
    endloop
  endfacet
  facet normal 0 0 -1
    outer loop
      vertex 2.5412893721272045 1.3970856548949744 -6
      vertex 2.3244412147206286 6.454688618288305 -6
      vertex 2.696351809075929 1.067561202785566 -6
    endloop
  endfacet
  facet normal 0 0 -1
    outer loop
      vertex 2.8771326338119856 0.36346637733648235 -6
      vertex 2.80889116727303 0.7212006727780789 -6
      vertex 2.4802867532861947 7.06166691608924 -6
    endloop
  endfacet
  facet normal 0 0 -1
    outer loop
      vertex 0.18209250663500332 2.8942775124419873 -6
      vertex -0.1820925066350085 2.8942775124419873 -6
      vertex 0.1569762988232844 4.8799331789293205 -6
    endloop
  endfacet
  facet normal 0 0 -1
    outer loop
      vertex 0.46845328646431206 4.919281873178278 -6
      vertex 0.5434058122986013 2.848633027113197 -6
      vertex 0.18209250663500332 2.8942775124419873 -6
    endloop
  endfacet
  facet normal 0 0 -1
    outer loop
      vertex 0.5434058122986013 2.848633027113197 -6
      vertex 0.7725424859373685 4.997358709262116 -6
      vertex 0.8961492836873475 2.758063897255945 -6
    endloop
  endfacet
  facet normal 0 0 -1
    outer loop
      vertex 0.18209250663500332 2.8942775124419873 -6
      vertex 0.1569762988232844 4.8799331789293205 -6
      vertex 0.46845328646431206 4.919281873178278 -6
    endloop
  endfacet
  facet normal 0 0 -1
    outer loop
      vertex 0.5434058122986013 2.848633027113197 -6
      vertex 0.46845328646431206 4.919281873178278 -6
      vertex 0.7725424859373685 4.997358709262116 -6
    endloop
  endfacet
  facet normal 0 0 -1
    outer loop
      vertex 0.8961492836873475 2.758063897255945 -6
      vertex 1.064448228912681 5.112932368834951 -6
      vertex 1.2347599455387108 2.6239984521514566 -6
    endloop
  endfacet
  facet normal 0 0 -1
    outer loop
      vertex 1.2347599455387108 2.6239984521514566 -6
      vertex 1.5935599743717241 5.448716893060526 -6
      vertex 1.5538977054390903 2.4485509839558435 -6
    endloop
  endfacet
  facet normal 0 0 -1
    outer loop
      vertex 0.8961492836873475 2.758063897255945 -6
      vertex 0.7725424859373685 4.997358709262116 -6
      vertex 1.064448228912681 5.112932368834951 -6
    endloop
  endfacet
  facet normal 0 0 -1
    outer loop
      vertex 1.2347599455387108 2.6239984521514566 -6
      vertex 1.064448228912681 5.112932368834951 -6
      vertex 1.3395669874474918 5.264180186244962 -6
    endloop
  endfacet
  facet normal 0 0 -1
    outer loop
      vertex 1.2347599455387108 2.6239984521514566 -6
      vertex 1.3395669874474918 5.264180186244962 -6
      vertex 1.5935599743717241 5.448716893060526 -6
    endloop
  endfacet
  facet normal 0 0 -1
    outer loop
      vertex 1.5538977054390903 2.4485509839558435 -6
      vertex 1.5935599743717241 5.448716893060526 -6
      vertex 1.8485295702712001 2.2344884040497885 -6
    endloop
  endfacet
  facet normal 0 0 -1
    outer loop
      vertex 2.1140090195220935 1.9851866071931972 -6
      vertex 1.8485295702712001 2.2344884040497885 -6
      vertex 1.8224215685535292 5.663632235178278 -6
    endloop
  endfacet
  facet normal 0 0 -1
    outer loop
      vertex 2.1140090195220935 1.9851866071931972 -6
      vertex 2.0225424859373686 5.905536869268817 -6
      vertex 2.3461492836873474 1.704577231648172 -6
    endloop
  endfacet
  facet normal 0 0 -1
    outer loop
      vertex 1.8485295702712001 2.2344884040497885 -6
      vertex 1.5935599743717241 5.448716893060526 -6
      vertex 1.8224215685535292 5.663632235178278 -6
    endloop
  endfacet
  facet normal 0 0 -1
    outer loop
      vertex 2.1140090195220935 1.9851866071931972 -6
      vertex 1.8224215685535292 5.663632235178278 -6
      vertex 2.0225424859373686 5.905536869268817 -6
    endloop
  endfacet
  facet normal 0 0 -1
    outer loop
      vertex 2.5412893721272045 1.3970856548949744 -6
      vertex 2.3461492836873474 1.704577231648172 -6
      vertex 2.1907667001096587 6.1706158147457115 -6
    endloop
  endfacet
  facet normal 0 0 -1
    outer loop
      vertex 2.3461492836873474 1.704577231648172 -6
      vertex 2.0225424859373686 5.905536869268817 -6
      vertex 2.1907667001096587 6.1706158147457115 -6
    endloop
  endfacet
  facet normal 0 0 -1
    outer loop
      vertex 2.5412893721272045 1.3970856548949744 -6
      vertex 2.1907667001096587 6.1706158147457115 -6
      vertex 2.3244412147206286 6.454688618288305 -6
    endloop
  endfacet
  facet normal 0 0 -1
    outer loop
      vertex 2.696351809075929 1.067561202785566 -6
      vertex 2.3244412147206286 6.454688618288305 -6
      vertex 2.4214579028215777 6.753275282087863 -6
    endloop
  endfacet
  facet normal 0 0 -1
    outer loop
      vertex 2.80889116727303 0.7212006727780789 -6
      vertex 2.4214579028215777 6.753275282087863 -6
      vertex 2.4802867532861947 7.06166691608924 -6
    endloop
  endfacet
  facet normal 0 0 -1
    outer loop
      vertex 2.8771326338119856 0.36346637733648235 -6
      vertex 2.4802867532861947 7.06166691608924 -6
      vertex 2.5 7.375 -6
    endloop
  endfacet
  facet normal 0 0 -1
    outer loop
      vertex 4.590842207350252 24.066037642852873 -6
      vertex 2.4802867532861947 -7.68833308391076 -6
      vertex 2.5 -7.375 -6
    endloop
  endfacet
  facet normal 0 0 -1
    outer loop
      vertex 4.590842207350258 -24.06603764285287 -6
      vertex 4.590842207350252 24.066037642852873 -6
      vertex 5.4 0 -6
    endloop
  endfacet
  facet normal 0 0 -1
    outer loop
      vertex 4.590842207350252 24.066037642852873 -6
      vertex 2.5 -7.375 -6
      vertex 2.8771326338119856 -0.3634663773364818 -6
    endloop
  endfacet
  facet normal 0 0 -1
    outer loop
      vertex 4.590842207350252 24.066037642852873 -6
      vertex 2.8771326338119856 -0.3634663773364818 -6
      vertex 2.9 0 -6
    endloop
  endfacet
  facet normal 0 0 -1
    outer loop
      vertex 4.590842207350252 24.066037642852873 -6
      vertex 2.9 0 -6
      vertex 2.8771326338119856 0.36346637733648235 -6
    endloop
  endfacet
  facet normal 0 0 -1
    outer loop
      vertex 4.590842207350252 24.066037642852873 -6
      vertex 5.416559127239596 0.26319979048503855 -6
      vertex 5.4 0 -6
    endloop
  endfacet
  facet normal 0 0 -1
    outer loop
      vertex 4.590842207350252 24.066037642852873 -6
      vertex 5.465975361629875 0.5222487630461952 -6
      vertex 5.416559127239596 0.26319979048503855 -6
    endloop
  endfacet
  facet normal 0 0 -1
    outer loop
      vertex 4.590842207350252 24.066037642852873 -6
      vertex 5.547469379634672 0.7730615606378235 -6
      vertex 5.465975361629875 0.5222487630461952 -6
    endloop
  endfacet
  facet normal 0 0 -1
    outer loop
      vertex 4.590842207350252 24.066037642852873 -6
      vertex 5.659755971907886 1.0116827156136023 -6
      vertex 5.547469379634672 0.7730615606378235 -6
    endloop
  endfacet
  facet normal 0 0 -1
    outer loop
      vertex 4.590842207350252 24.066037642852873 -6
      vertex 5.80106431181261 1.2343490298141937 -6
      vertex 5.659755971907886 1.0116827156136023 -6
    endloop
  endfacet
  facet normal 0 0 -1
    outer loop
      vertex 4.590842207350252 24.066037642852873 -6
      vertex 5.9691658824150355 1.437548922450246 -6
      vertex 5.80106431181261 1.2343490298141937 -6
    endloop
  endfacet
  facet normal 0 0 -1
    outer loop
      vertex 4.590842207350252 24.066037642852873 -6
      vertex 6.161409621527752 1.6180778098291577 -6
      vertex 5.9691658824150355 1.437548922450246 -6
    endloop
  endfacet
  facet normal 0 0 -1
    outer loop
      vertex 4.590842207350252 24.066037642852873 -6
      vertex 2.8771326338119856 0.36346637733648235 -6
      vertex 2.5 7.375 -6
    endloop
  endfacet
  facet normal 0 0 -1
    outer loop
      vertex 10.431592643344274 -22.16826278541748 -6
      vertex 9.6 0 -6
      vertex 10.431592643344281 22.168262785417475 -6
    endloop
  endfacet
  facet normal 0 0 -1
    outer loop
      vertex 6.161409621527752 1.6180778098291577 -6
      vertex 7.570916362186211 23.30088464923126 -6
      vertex 6.374763730544107 1.7730886435542315 -6
    endloop
  endfacet
  facet normal 0 0 -1
    outer loop
      vertex 7.570916362186211 23.30088464923126 -6
      vertex 6.605863487713347 1.900136810178641 -6
      vertex 6.374763730544107 1.7730886435542315 -6
    endloop
  endfacet
  facet normal 0 0 -1
    outer loop
      vertex 7.570916362186211 23.30088464923126 -6
      vertex 6.85106431181261 1.9972186842198225 -6
      vertex 6.605863487713347 1.900136810178641 -6
    endloop
  endfacet
  facet normal 0 0 -1
    outer loop
      vertex 7.570916362186211 23.30088464923126 -6
      vertex 7.106499239369978 2.0628032265302463 -6
      vertex 6.85106431181261 1.9972186842198225 -6
    endloop
  endfacet
  facet normal 0 0 -1
    outer loop
      vertex 7.570916362186211 23.30088464923126 -6
      vertex 7.368139908988442 2.0958561296993703 -6
      vertex 7.106499239369978 2.0628032265302463 -6
    endloop
  endfacet
  facet normal 0 0 -1
    outer loop
      vertex 10.431592643344281 22.168262785417475 -6
      vertex 7.631860091011558 2.0958561296993703 -6
      vertex 7.368139908988442 2.0958561296993703 -6
    endloop
  endfacet
  facet normal 0 0 -1
    outer loop
      vertex 10.431592643344281 22.168262785417475 -6
      vertex 7.893500760630022 2.0628032265302463 -6
      vertex 7.631860091011558 2.0958561296993703 -6
    endloop
  endfacet
  facet normal 0 0 -1
    outer loop
      vertex 10.431592643344281 22.168262785417475 -6
      vertex 8.14893568818739 1.9972186842198225 -6
      vertex 7.893500760630022 2.0628032265302463 -6
    endloop
  endfacet
  facet normal 0 0 -1
    outer loop
      vertex 10.431592643344281 22.168262785417475 -6
      vertex 8.394136512286654 1.900136810178641 -6
      vertex 8.14893568818739 1.9972186842198225 -6
    endloop
  endfacet
  facet normal 0 0 -1
    outer loop
      vertex 10.431592643344281 22.168262785417475 -6
      vertex 8.625236269455893 1.7730886435542317 -6
      vertex 8.394136512286654 1.900136810178641 -6
    endloop
  endfacet
  facet normal 0 0 -1
    outer loop
      vertex 10.431592643344281 22.168262785417475 -6
      vertex 9.6 0 -6
      vertex 9.583440872760404 0.26319979048503894 -6
    endloop
  endfacet
  facet normal 0 0 -1
    outer loop
      vertex 9.030834117584964 1.4375489224502465 -6
      vertex 10.431592643344281 22.168262785417475 -6
      vertex 9.19893568818739 1.2343490298141937 -6
    endloop
  endfacet
  facet normal 0 0 -1
    outer loop
      vertex 10.431592643344281 22.168262785417475 -6
      vertex 9.452530620365328 0.7730615606378238 -6
      vertex 9.340244028092114 1.0116827156136021 -6
    endloop
  endfacet
  facet normal 0 0 -1
    outer loop
      vertex 10.431592643344281 22.168262785417475 -6
      vertex 9.583440872760404 0.26319979048503894 -6
      vertex 9.534024638370125 0.522248763046195 -6
    endloop
  endfacet
  facet normal 0 0 -1
    outer loop
      vertex 10.431592643344281 22.168262785417475 -6
      vertex 9.534024638370125 0.522248763046195 -6
      vertex 9.452530620365328 0.7730615606378238 -6
    endloop
  endfacet
  facet normal 0 0 -1
    outer loop
      vertex 10.431592643344281 22.168262785417475 -6
      vertex 9.340244028092114 1.0116827156136021 -6
      vertex 9.19893568818739 1.2343490298141937 -6
    endloop
  endfacet
  facet normal 0 0 -1
    outer loop
      vertex 10.431592643344281 22.168262785417475 -6
      vertex 8.838590378472249 1.6180778098291573 -6
      vertex 8.625236269455893 1.7730886435542317 -6
    endloop
  endfacet
  facet normal 0 0 -1
    outer loop
      vertex 10.431592643344281 22.168262785417475 -6
      vertex 9.030834117584964 1.4375489224502465 -6
      vertex 8.838590378472249 1.6180778098291573 -6
    endloop
  endfacet
  facet normal 0 0 -1
    outer loop
      vertex 10.431592643344274 -22.16826278541748 -6
      vertex 10.431592643344281 22.168262785417475 -6
      vertex 13.127756476985418 20.68603417479937 -6
    endloop
  endfacet
  facet normal 0 0 -1
    outer loop
      vertex 1.5383677284681754 24.45165484649265 -6
      vertex 0.46845328646431145 9.830718126821722 -6
      vertex 0.15697629882328318 9.87006682107068 -6
    endloop
  endfacet
  facet normal 0 0 -1
    outer loop
      vertex 0.46845328646431145 9.830718126821722 -6
      vertex 1.5383677284681754 24.45165484649265 -6
      vertex 0.7725424859373685 9.752641290737884 -6
    endloop
  endfacet
  facet normal 0 0 -1
    outer loop
      vertex 1.5383677284681754 24.45165484649265 -6
      vertex 1.0644482289126818 9.63706763116505 -6
      vertex 0.7725424859373685 9.752641290737884 -6
    endloop
  endfacet
  facet normal 0 0 -1
    outer loop
      vertex 1.5383677284681754 24.45165484649265 -6
      vertex 1.3395669874474918 9.485819813755038 -6
      vertex 1.0644482289126818 9.63706763116505 -6
    endloop
  endfacet
  facet normal 0 0 -1
    outer loop
      vertex 4.590842207350252 24.066037642852873 -6
      vertex 2.3244412147206286 8.295311381711695 -6
      vertex 2.1907667001096587 8.579384185254288 -6
    endloop
  endfacet
  facet normal 0 0 -1
    outer loop
      vertex 4.590842207350252 24.066037642852873 -6
      vertex 1.5935599743717241 9.301283106939474 -6
      vertex 1.3395669874474918 9.485819813755038 -6
    endloop
  endfacet
  facet normal 0 0 -1
    outer loop
      vertex 4.590842207350252 24.066037642852873 -6
      vertex 1.8224215685535292 9.086367764821722 -6
      vertex 1.5935599743717241 9.301283106939474 -6
    endloop
  endfacet
  facet normal 0 0 -1
    outer loop
      vertex 4.590842207350252 24.066037642852873 -6
      vertex 2.0225424859373686 8.844463130731183 -6
      vertex 1.8224215685535292 9.086367764821722 -6
    endloop
  endfacet
  facet normal 0 0 -1
    outer loop
      vertex 4.590842207350252 24.066037642852873 -6
      vertex 2.1907667001096587 8.579384185254288 -6
      vertex 2.0225424859373686 8.844463130731183 -6
    endloop
  endfacet
  facet normal 0 0 -1
    outer loop
      vertex 4.590842207350252 24.066037642852873 -6
      vertex 2.5 7.375 -6
      vertex 2.4802867532861947 7.68833308391076 -6
    endloop
  endfacet
  facet normal 0 0 -1
    outer loop
      vertex 4.590842207350252 24.066037642852873 -6
      vertex 2.4802867532861947 7.68833308391076 -6
      vertex 2.4214579028215777 7.996724717912137 -6
    endloop
  endfacet
  facet normal 0 0 -1
    outer loop
      vertex 4.590842207350252 24.066037642852873 -6
      vertex 2.4214579028215777 7.996724717912137 -6
      vertex 2.3244412147206286 8.295311381711695 -6
    endloop
  endfacet
  facet normal 0 0 -1
    outer loop
      vertex 6.161409621527752 1.6180778098291577 -6
      vertex 4.590842207350252 24.066037642852873 -6
      vertex 7.570916362186211 23.30088464923126 -6
    endloop
  endfacet
  facet normal 0 0 -1
    outer loop
      vertex -1.0255784856454504 24.45165484649265 -6
      vertex 1.5383677284681754 24.45165484649265 -6
      vertex 0.15697629882328318 9.87006682107068 -6
    endloop
  endfacet
  facet normal 0 0 -1
    outer loop
      vertex 1.3395669874474918 9.485819813755038 -6
      vertex 1.5383677284681754 24.45165484649265 -6
      vertex 4.590842207350252 24.066037642852873 -6
    endloop
  endfacet
  facet normal 0 1 0
    outer loop
      vertex -1.0255784856454504 24.45165484649265 -6
      vertex 1.5383677284681745 24.45165484649265 -3
      vertex 1.5383677284681754 24.45165484649265 -6
    endloop
  endfacet
  facet normal 0 0 -1
    outer loop
      vertex 7.368139908988442 2.0958561296993703 -6
      vertex 7.570916362186211 23.30088464923126 -6
      vertex 10.431592643344281 22.168262785417475 -6
    endloop
  endfacet
  facet normal 0 0 -1
    outer loop
      vertex 15.616887748842904 -18.877574448006833 -6
      vertex 15.616887748842899 18.877574448006833 -6
      vertex 17.859731371824584 16.77140409525287 -6
    endloop
  endfacet
  facet normal 0 0 -1
    outer loop
      vertex 13.127756476985407 -20.686034174799374 -6
      vertex 13.127756476985418 20.68603417479937 -6
      vertex 15.616887748842899 18.877574448006833 -6
    endloop
  endfacet
  facet normal 0 0 -1
    outer loop
      vertex 17.859731371824587 -16.77140409525287 -6
      vertex 17.859731371824584 16.77140409525287 -6
      vertex 19.820916362186214 14.400738681165592 -6
    endloop
  endfacet
  facet normal 0 0 -1
    outer loop
      vertex 19.820916362186214 -14.400738681165592 -6
      vertex 19.820916362186214 14.400738681165592 -6
      vertex 21.469513661074657 11.802965015492026 -6
    endloop
  endfacet
  facet normal 0 0 -1
    outer loop
      vertex 21.469513661074654 -11.802965015492028 -6
      vertex 21.469513661074657 11.802965015492026 -6
      vertex 22.77952390426216 9.01905154077461 -6
    endloop
  endfacet
  facet normal 0 0 -1
    outer loop
      vertex 23.730287447651463 -6.092902235538934 -6
      vertex 23.730287447651463 6.092902235538943 -6
      vertex 24.306810182204707 3.0706642223254543 -6
    endloop
  endfacet
  facet normal 0 0 -1
    outer loop
      vertex 24.46780169703412 -0.5117773703875749 -6
      vertex 24.306810182204707 3.0706642223254543 -6
      vertex 24.5 0 -6
    endloop
  endfacet
  facet normal 0 0 -1
    outer loop
      vertex 22.779523904262156 -9.019051540774619 -6
      vertex 22.77952390426216 9.01905154077461 -6
      vertex 23.730287447651463 6.092902235538943 -6
    endloop
  endfacet
  facet normal 0 0 1
    outer loop
      vertex 1.5383677284681871 -24.45165484649265 6
      vertex 1.5383677284681754 24.45165484649265 6
      vertex 1.25 0 6
    endloop
  endfacet
  facet normal 0 0 1
    outer loop
      vertex 0.23422664323215572 1.2278590634108608 6
      vertex 0.06279051952931376 6.376973271571728 6
      vertex 0.07848814941164159 1.2475334105353395 6
    endloop
  endfacet
  facet normal 0 0 1
    outer loop
      vertex 0.38627124296868426 1.1888206453689418 6
      vertex 0.18738131458572482 6.392712749271311 6
      vertex 0.23422664323215572 1.2278590634108608 6
    endloop
  endfacet
  facet normal 0 0 1
    outer loop
      vertex 0.5322241144563409 1.1310338155825244 6
      vertex 0.3090169943749474 6.423943483704846 6
      vertex 0.38627124296868426 1.1888206453689418 6
    endloop
  endfacet
  facet normal 0 0 1
    outer loop
      vertex 0.5358267949789968 6.530672074497985 6
      vertex 0.5322241144563409 1.1310338155825244 6
      vertex 0.6697834937237458 1.055409906877519 6
    endloop
  endfacet
  facet normal 0 0 1
    outer loop
      vertex 0.6374239897486896 6.604486757224211 6
      vertex 0.6697834937237458 1.055409906877519 6
      vertex 0.7967799871858622 0.9631415534697364 6
    endloop
  endfacet
  facet normal 0 0 1
    outer loop
      vertex 1.2401433766430974 0.15666654195538032 6
      vertex 0.9921147013144779 7.249666766435696 6
      vertex 1.2107289514107888 0.3108623589560685 6
    endloop
  endfacet
  facet normal 0 0 1
    outer loop
      vertex 1.2107289514107888 0.3108623589560685 6
      vertex 0.9685831611286311 7.126310112835145 6
      vertex 1.162220607360314 0.46015569085584745 6
    endloop
  endfacet
  facet normal 0 0 1
    outer loop
      vertex 0.7289686274214117 6.690452894071312 6
      vertex 0.7967799871858622 0.9631415534697364 6
      vertex 0.9112107842767645 0.8556838824108609 6
    endloop
  endfacet
  facet normal 0 0 1
    outer loop
      vertex 1.0112712429686843 0.7347315653655915 6
      vertex 0.8090169943749475 6.787214747707527 6
      vertex 0.9112107842767645 0.8556838824108609 6
    endloop
  endfacet
  facet normal 0 0 1
    outer loop
      vertex 1.0953833500548296 0.6021920926271441 6
      vertex 0.8763066800438635 6.893246325898285 6
      vertex 1.0112712429686843 0.7347315653655915 6
    endloop
  endfacet
  facet normal 0 0 1
    outer loop
      vertex 1.162220607360314 0.46015569085584745 6
      vertex 0.9297764858882515 7.0068754473153225 6
      vertex 1.0953833500548296 0.6021920926271441 6
    endloop
  endfacet
  facet normal 0 0 1
    outer loop
      vertex 1.25 0 6
      vertex 1 7.375 6
      vertex 1.2401433766430974 0.15666654195538032 6
    endloop
  endfacet
  facet normal 0 0 1
    outer loop
      vertex -0.06279051952931376 6.376973271571728 6
      vertex 0.07848814941164159 1.2475334105353395 6
      vertex 0.06279051952931376 6.376973271571728 6
    endloop
  endfacet
  facet normal 0 0 1
    outer loop
      vertex 0.18738131458572482 6.392712749271311 6
      vertex 0.06279051952931376 6.376973271571728 6
      vertex 0.23422664323215572 1.2278590634108608 6
    endloop
  endfacet
  facet normal 0 0 1
    outer loop
      vertex 0.3090169943749474 6.423943483704846 6
      vertex 0.18738131458572482 6.392712749271311 6
      vertex 0.38627124296868426 1.1888206453689418 6
    endloop
  endfacet
  facet normal 0 0 1
    outer loop
      vertex 0.42577929156507244 6.47017294753398 6
      vertex 0.3090169943749474 6.423943483704846 6
      vertex 0.5322241144563409 1.1310338155825244 6
    endloop
  endfacet
  facet normal 0 0 1
    outer loop
      vertex 0.5358267949789968 6.530672074497985 6
      vertex 0.42577929156507244 6.47017294753398 6
      vertex 0.5322241144563409 1.1310338155825244 6
    endloop
  endfacet
  facet normal 0 0 1
    outer loop
      vertex 0.6374239897486896 6.604486757224211 6
      vertex 0.5358267949789968 6.530672074497985 6
      vertex 0.6697834937237458 1.055409906877519 6
    endloop
  endfacet
  facet normal 0 0 1
    outer loop
      vertex 0.7289686274214117 6.690452894071312 6
      vertex 0.6374239897486896 6.604486757224211 6
      vertex 0.7967799871858622 0.9631415534697364 6
    endloop
  endfacet
  facet normal 0 0 1
    outer loop
      vertex 0.7289686274214117 6.690452894071312 6
      vertex 0.9112107842767645 0.8556838824108609 6
      vertex 0.8090169943749475 6.787214747707527 6
    endloop
  endfacet
  facet normal 0 0 1
    outer loop
      vertex 0.8090169943749475 6.787214747707527 6
      vertex 1.0112712429686843 0.7347315653655915 6
      vertex 0.8763066800438635 6.893246325898285 6
    endloop
  endfacet
  facet normal 0 0 1
    outer loop
      vertex 0.8763066800438635 6.893246325898285 6
      vertex 1.0953833500548296 0.6021920926271441 6
      vertex 0.9297764858882515 7.0068754473153225 6
    endloop
  endfacet
  facet normal 0 0 1
    outer loop
      vertex 0.9297764858882515 7.0068754473153225 6
      vertex 1.162220607360314 0.46015569085584745 6
      vertex 0.9685831611286311 7.126310112835145 6
    endloop
  endfacet
  facet normal 0 0 1
    outer loop
      vertex 0.9685831611286311 7.126310112835145 6
      vertex 1.2107289514107888 0.3108623589560685 6
      vertex 0.9921147013144779 7.249666766435696 6
    endloop
  endfacet
  facet normal 0 0 1
    outer loop
      vertex 0.9921147013144779 7.249666766435696 6
      vertex 1.2401433766430974 0.15666654195538032 6
      vertex 1 7.375 6
    endloop
  endfacet
  facet normal 0 0 1
    outer loop
      vertex 4.590842207350258 -24.06603764285287 6
      vertex 6 0 6
      vertex 4.590842207350252 24.066037642852873 6
    endloop
  endfacet
  facet normal 0 0 1
    outer loop
      vertex 1.25 0 6
      vertex 1.5383677284681754 24.45165484649265 6
      vertex 1 7.375 6
    endloop
  endfacet
  facet normal 0 0 1
    outer loop
      vertex 4.590842207350258 -24.06603764285287 6
      vertex 4.590842207350252 24.066037642852873 6
      vertex 1.5383677284681754 24.45165484649265 6
    endloop
  endfacet
  facet normal 0 0 1
    outer loop
      vertex 4.590842207350252 24.066037642852873 6
      vertex 6 0 6
      vertex 6.011827948028284 0.1879998503464561 6
    endloop
  endfacet
  facet normal 0 0 1
    outer loop
      vertex 4.590842207350252 24.066037642852873 6
      vertex 6.011827948028284 0.1879998503464561 6
      vertex 6.047125258307053 0.3730348307472823 6
    endloop
  endfacet
  facet normal 0 0 1
    outer loop
      vertex 6.105335271167623 0.5521868290270168 6
      vertex 4.590842207350252 24.066037642852873 6
      vertex 6.047125258307053 0.3730348307472823 6
    endloop
  endfacet
  facet normal 0 0 1
    outer loop
      vertex 4.590842207350252 24.066037642852873 6
      vertex 6.105335271167623 0.5521868290270168 6
      vertex 6.185539979934205 0.722630511152573 6
    endloop
  endfacet
  facet normal 0 0 1
    outer loop
      vertex 4.590842207350252 24.066037642852873 6
      vertex 6.185539979934205 0.722630511152573 6
      vertex 6.286474508437578 0.8816778784387097 6
    endloop
  endfacet
  facet normal 0 0 1
    outer loop
      vertex 4.590842207350252 24.066037642852873 6
      vertex 6.286474508437578 0.8816778784387097 6
      vertex 6.406547058867883 1.0268206588930329 6
    endloop
  endfacet
  facet normal 0 0 1
    outer loop
      vertex 6.543864015376966 1.155769864163684 6
      vertex 4.590842207350252 24.066037642852873 6
      vertex 6.406547058867883 1.0268206588930329 6
    endloop
  endfacet
  facet normal 0 0 1
    outer loop
      vertex 6.696259807531505 1.2664918882530225 6
      vertex 4.590842207350252 24.066037642852873 6
      vertex 6.543864015376966 1.155769864163684 6
    endloop
  endfacet
  facet normal 0 0 1
    outer loop
      vertex 6.861331062652391 1.3572405786990291 6
      vertex 4.590842207350252 24.066037642852873 6
      vertex 6.696259807531505 1.2664918882530225 6
    endloop
  endfacet
  facet normal 0 0 1
    outer loop
      vertex 10.431592643344274 -22.16826278541748 6
      vertex 7.570916362186211 23.30088464923126 6
      vertex 9 0 6
    endloop
  endfacet
  facet normal 0 0 1
    outer loop
      vertex 7.036474508437579 1.4265847744427302 6
      vertex 4.590842207350252 24.066037642852873 6
      vertex 6.861331062652391 1.3572405786990291 6
    endloop
  endfacet
  facet normal 0 0 1
    outer loop
      vertex 7.570916362186211 23.30088464923126 6
      vertex 7.036474508437579 1.4265847744427302 6
      vertex 7.218928028121413 1.473430876093033 6
    endloop
  endfacet
  facet normal 0 0 1
    outer loop
      vertex 7.570916362186211 23.30088464923126 6
      vertex 7.218928028121413 1.473430876093033 6
      vertex 7.40581422070603 1.4970400926424072 6
    endloop
  endfacet
  facet normal 0 0 1
    outer loop
      vertex 7.570916362186211 23.30088464923126 6
      vertex 7.40581422070603 1.4970400926424072 6
      vertex 7.59418577929397 1.4970400926424072 6
    endloop
  endfacet
  facet normal 0 0 1
    outer loop
      vertex 7.570916362186211 23.30088464923126 6
      vertex 7.59418577929397 1.4970400926424072 6
      vertex 7.781071971878587 1.473430876093033 6
    endloop
  endfacet
  facet normal 0 0 1
    outer loop
      vertex 7.570916362186211 23.30088464923126 6
      vertex 8.593452941132117 1.026820658893033 6
      vertex 8.713525491562422 0.8816778784387097 6
    endloop
  endfacet
  facet normal 0 0 1
    outer loop
      vertex 7.570916362186211 23.30088464923126 6
      vertex 8.713525491562422 0.8816778784387097 6
      vertex 8.814460020065795 0.722630511152573 6
    endloop
  endfacet
  facet normal 0 0 1
    outer loop
      vertex 7.570916362186211 23.30088464923126 6
      vertex 7.781071971878587 1.473430876093033 6
      vertex 7.963525491562421 1.4265847744427302 6
    endloop
  endfacet
  facet normal 0 0 1
    outer loop
      vertex 7.570916362186211 23.30088464923126 6
      vertex 7.963525491562421 1.4265847744427302 6
      vertex 8.138668937347608 1.3572405786990291 6
    endloop
  endfacet
  facet normal 0 0 1
    outer loop
      vertex 7.570916362186211 23.30088464923126 6
      vertex 8.138668937347608 1.3572405786990291 6
      vertex 8.303740192468496 1.2664918882530225 6
    endloop
  endfacet
  facet normal 0 0 1
    outer loop
      vertex 7.570916362186211 23.30088464923126 6
      vertex 8.303740192468496 1.2664918882530225 6
      vertex 8.456135984623035 1.1557698641636838 6
    endloop
  endfacet
  facet normal 0 0 1
    outer loop
      vertex 7.570916362186211 23.30088464923126 6
      vertex 8.456135984623035 1.1557698641636838 6
      vertex 8.593452941132117 1.026820658893033 6
    endloop
  endfacet
  facet normal 0 0 1
    outer loop
      vertex 7.570916362186211 23.30088464923126 6
      vertex 8.988172051971716 0.1879998503464564 6
      vertex 9 0 6
    endloop
  endfacet
  facet normal 0 0 1
    outer loop
      vertex 7.570916362186211 23.30088464923126 6
      vertex 8.952874741692947 0.37303483074728216 6
      vertex 8.988172051971716 0.1879998503464564 6
    endloop
  endfacet
  facet normal 0 0 1
    outer loop
      vertex 7.570916362186211 23.30088464923126 6
      vertex 8.894664728832376 0.552186829027017 6
      vertex 8.952874741692947 0.37303483074728216 6
    endloop
  endfacet
  facet normal 0 0 1
    outer loop
      vertex 7.570916362186211 23.30088464923126 6
      vertex 8.814460020065795 0.722630511152573 6
      vertex 8.894664728832376 0.552186829027017 6
    endloop
  endfacet
  facet normal 0 0 1
    outer loop
      vertex 10.431592643344274 -22.16826278541748 6
      vertex 10.431592643344281 22.168262785417475 6
      vertex 7.570916362186211 23.30088464923126 6
    endloop
  endfacet
  facet normal 0 0 1
    outer loop
      vertex 10.431592643344281 22.168262785417475 6
      vertex 13.127756476985407 -20.686034174799374 6
      vertex 12.678395838045228 20.933072276569057 6
    endloop
  endfacet
  facet normal 0 0 1
    outer loop
      vertex 1.0255784856454504 24.45165484649265 6
      vertex -0.06279051952931328 8.373026728428272 6
      vertex 0.06279051952931328 8.373026728428272 6
    endloop
  endfacet
  facet normal 0 0 1
    outer loop
      vertex 0.06279051952931328 8.373026728428272 6
      vertex 0.18738131458572457 8.357287250728689 6
      vertex 1.5383677284681754 24.45165484649265 6
    endloop
  endfacet
  facet normal 0 0 1
    outer loop
      vertex 0.18738131458572457 8.357287250728689 6
      vertex 0.3090169943749474 8.326056516295154 6
      vertex 1.5383677284681754 24.45165484649265 6
    endloop
  endfacet
  facet normal 0 0 1
    outer loop
      vertex 0.3090169943749474 8.326056516295154 6
      vertex 0.4257792915650727 8.27982705246602 6
      vertex 1.5383677284681754 24.45165484649265 6
    endloop
  endfacet
  facet normal 0 0 1
    outer loop
      vertex 0.9685831611286311 7.623689887164855 6
      vertex 1.5383677284681754 24.45165484649265 6
      vertex 0.9297764858882515 7.7431245526846775 6
    endloop
  endfacet
  facet normal 0 0 1
    outer loop
      vertex 0.9297764858882515 7.7431245526846775 6
      vertex 1.5383677284681754 24.45165484649265 6
      vertex 0.8763066800438635 7.856753674101715 6
    endloop
  endfacet
  facet normal 0 0 1
    outer loop
      vertex 0.4257792915650727 8.27982705246602 6
      vertex 0.5358267949789968 8.219327925502014 6
      vertex 1.5383677284681754 24.45165484649265 6
    endloop
  endfacet
  facet normal 0 0 1
    outer loop
      vertex 0.5358267949789968 8.219327925502014 6
      vertex 0.6374239897486896 8.14551324277579 6
      vertex 1.5383677284681754 24.45165484649265 6
    endloop
  endfacet
  facet normal 0 0 1
    outer loop
      vertex 0.6374239897486896 8.14551324277579 6
      vertex 0.7289686274214117 8.059547105928688 6
      vertex 1.5383677284681754 24.45165484649265 6
    endloop
  endfacet
  facet normal 0 0 1
    outer loop
      vertex 0.8090169943749475 7.962785252292473 6
      vertex 1.5383677284681754 24.45165484649265 6
      vertex 0.7289686274214117 8.059547105928688 6
    endloop
  endfacet
  facet normal 0 0 1
    outer loop
      vertex 0.8763066800438635 7.856753674101715 6
      vertex 1.5383677284681754 24.45165484649265 6
      vertex 0.8090169943749475 7.962785252292473 6
    endloop
  endfacet
  facet normal 0 0 1
    outer loop
      vertex 1 7.375 6
      vertex 1.5383677284681754 24.45165484649265 6
      vertex 0.9921147013144779 7.500333233564304 6
    endloop
  endfacet
  facet normal 0 0 1
    outer loop
      vertex 0.9921147013144779 7.500333233564304 6
      vertex 1.5383677284681754 24.45165484649265 6
      vertex 0.9685831611286311 7.623689887164855 6
    endloop
  endfacet
  facet normal 0 1 0
    outer loop
      vertex -1.5383677284681745 24.45165484649265 3
      vertex 1.0255784856454504 24.45165484649265 6
      vertex 1.5383677284681754 24.45165484649265 3
    endloop
  endfacet
  facet normal 0 0 1
    outer loop
      vertex 1.0255784856454504 24.45165484649265 6
      vertex 0.06279051952931328 8.373026728428272 6
      vertex 1.5383677284681754 24.45165484649265 6
    endloop
  endfacet
  facet normal 0 0 1
    outer loop
      vertex 7.570916362186211 23.30088464923126 6
      vertex 4.590842207350252 24.066037642852873 6
      vertex 7.036474508437579 1.4265847744427302 6
    endloop
  endfacet
  facet normal 0.36812455268467736 0.9297764858882516 0
    outer loop
      vertex 7.570916362186211 23.30088464923126 6
      vertex 8.286085432475728 23.017729183277815 3
      vertex 7.570916362186211 23.30088464923126 3
    endloop
  endfacet
  facet normal 0.4817536741017138 0.8763066800438645 -3.752782654768388e-16
    outer loop
      vertex 10.431592643344281 22.168262785417475 6
      vertex 12.678395838045228 20.933072276569057 6
      vertex 11.105633601754565 21.79770563276295 3
    endloop
  endfacet
  facet normal 0 0 1
    outer loop
      vertex 13.127756476985407 -20.686034174799374 6
      vertex 13.127756476985418 20.68603417479937 6
      vertex 12.678395838045228 20.933072276569057 6
    endloop
  endfacet
  facet normal 0 0 1
    outer loop
      vertex 15.616887748842904 -18.877574448006833 6
      vertex 15.616887748842899 18.877574448006833 6
      vertex 13.127756476985418 20.68603417479937 6
    endloop
  endfacet
  facet normal 0 0 1
    outer loop
      vertex 17.859731371824587 -16.77140409525287 6
      vertex 17.859731371824584 16.771404095252873 6
      vertex 15.616887748842899 18.877574448006833 6
    endloop
  endfacet
  facet normal 0 0 1
    outer loop
      vertex 19.820916362186214 -14.400738681165592 6
      vertex 19.820916362186214 14.400738681165592 6
      vertex 17.859731371824584 16.771404095252873 6
    endloop
  endfacet
  facet normal 0 0 1
    outer loop
      vertex 21.469513661074654 -11.802965015492028 6
      vertex 21.469513661074657 11.802965015492026 6
      vertex 19.820916362186214 14.400738681165592 6
    endloop
  endfacet
  facet normal 0 0 1
    outer loop
      vertex 24.306810182204707 3.0706642223254543 6
      vertex 24.306810182204707 -3.0706642223254494 6
      vertex 24.5 0 6
    endloop
  endfacet
  facet normal 0 0 1
    outer loop
      vertex 23.730287447651463 -6.092902235538934 6
      vertex 23.730287447651463 6.092902235538943 6
      vertex 23.571826857086577 6.580593786411554 6
    endloop
  endfacet
  facet normal 0 0 1
    outer loop
      vertex 24.306810182204707 -3.0706642223254494 6
      vertex 24.306810182204707 3.0706642223254543 6
      vertex 23.730287447651463 6.092902235538943 6
    endloop
  endfacet
  facet normal 0 0 1
    outer loop
      vertex 22.779523904262156 -9.019051540774619 6
      vertex 22.77952390426216 9.01905154077461 6
      vertex 21.469513661074657 11.802965015492026 6
    endloop
  endfacet
  facet normal 0 0 1
    outer loop
      vertex 22.77952390426216 9.01905154077461 6
      vertex 23.730287447651463 -6.092902235538934 6
      vertex 23.571826857086577 6.580593786411554 6
    endloop
  endfacet
  facet normal 0.9510565162951534 0.30901699437494795 0
    outer loop
      vertex 22.77952390426216 9.01905154077461 6
      vertex 23.492596561804138 6.82443956184786 3
      vertex 22.77952390426216 9.01905154077461 3
    endloop
  endfacet
  facet normal 0.9510565162951533 0.3090169943749483 -2.806568224719944e-16
    outer loop
      vertex 23.635211093312535 6.38551716606251 4.8
      vertex 23.492596561804138 6.82443956184786 3
      vertex 22.77952390426216 9.01905154077461 6
    endloop
  endfacet
  facet normal 0.9510565162951538 0.30901699437494695 2.94990367333957e-15
    outer loop
      vertex 23.635211093312535 6.38551716606251 4.8
      vertex 22.77952390426216 9.01905154077461 6
      vertex 23.571826857086577 6.580593786411554 6
    endloop
  endfacet
  facet normal 0.4817536741017139 0.8763066800438643 -4.811259813805622e-16
    outer loop
      vertex 12.678395838045228 20.933072276569057 6
      vertex 13.127756476985418 20.68603417479937 3
      vertex 11.105633601754565 21.79770563276295 3
    endloop
  endfacet
endsolid OpenSCAD_Model
